Step,dice,loss,fp,fn,tn,tp,fp_rate,fn_rate,fp_ratio,gv_ratio,epoch
0,0.6603010892868042,0.3396989107131958,3647.0,103635.0,16667808.0,2126.0,0.0002187571517424658,0.9798980951309204,0.009709513746201992,0.015369624830782413,1
1,0.6603771448135376,0.3396228551864624,5287.0,133126.0,16635147.0,3656.0,0.0003177200851496309,0.9732713103294373,0.010263588279485703,0.017360934987664223,1
2,0.6336318850517273,0.3663681149482727,4336.0,85083.0,16686447.0,1350.0,0.0002597841084934771,0.9843809604644775,0.011218571104109287,0.014711437746882439,1
3,0.6641622185707092,0.33583778142929077,4087.0,125380.0,16645654.0,2095.0,0.0002454692730680108,0.9835653901100159,0.00921608041971922,0.013940252363681793,1
4,0.658849835395813,0.341150164604187,3560.0,102589.0,16669094.0,1973.0,0.00021352329349610955,0.981130838394165,0.009535416029393673,0.014820072799921036,1
5,0.6545736789703369,0.3454263210296631,5405.0,127543.0,16639301.0,4967.0,0.000324727880069986,0.9625160098075867,0.010170748457312584,0.01951729878783226,1
6,0.6615809202194214,0.3384190797805786,5206.0,137983.0,16630408.0,3619.0,0.000312943069729954,0.9744424223899841,0.009951104409992695,0.01686870865523815,1
7,0.652520477771759,0.34747952222824097,5814.0,119212.0,16646933.0,5257.0,0.0003491315874271095,0.9577645659446716,0.01156377512961626,0.022019702941179276,1
