frame,fvdb_per_percent,fvdb_ssim,fvdb_error_pixels,spconv_per_percent,spconv_ssim,spconv_error_pixels,per_delta_fvdb_minus_spconv,ssim_delta_fvdb_minus_spconv,combined_per_percent,max_per_percent
0,1.06925964,0.99619253,11212,0.79154968,0.99710899,8300,0.27770996,-0.00091645,0.93040466,1.06925964
1,1.05972290,0.99616717,11112,0.77390671,0.99715779,8115,0.28581619,-0.00099062,0.91681480,1.05972290
2,1.07488632,0.99599652,11271,0.77848434,0.99716965,8163,0.29640198,-0.00117313,0.92668533,1.07488632
3,1.08671188,0.99586767,11395,0.78344345,0.99708371,8215,0.30326843,-0.00121604,0.93507767,1.08671188
4,1.08575821,0.99579825,11385,0.77190399,0.99717189,8094,0.31385422,-0.00137364,0.92883110,1.08575821
5,1.10273361,0.99560912,11563,0.77400208,0.99710445,8116,0.32873154,-0.00149533,0.93836784,1.10273361
6,1.11284256,0.99550904,11669,0.75473785,0.99718993,7914,0.35810471,-0.00168090,0.93379021,1.11284256
7,1.12066269,0.99531672,11751,0.75645447,0.99708366,7932,0.36420822,-0.00176694,0.93855858,1.12066269
8,1.13792419,0.99443751,11932,0.86269379,0.99627100,9046,0.27523041,-0.00183349,1.00030899,1.13792419
9,1.13067627,0.99447569,11856,0.85506439,0.99636045,8966,0.27561188,-0.00188476,0.99287033,1.13067627
10,1.13277435,0.99436359,11878,0.83312988,0.99641591,8736,0.29964447,-0.00205232,0.98295212,1.13277435
11,1.13096237,0.99426915,11859,0.82731247,0.99637911,8675,0.30364990,-0.00210996,0.97913742,1.13096237
12,1.12457275,0.99411860,11792,0.80442429,0.99643806,8435,0.32014847,-0.00231946,0.96449852,1.12457275
13,1.13210678,0.99391145,11871,0.78783035,0.99635742,8261,0.34427643,-0.00244597,0.95996857,1.13210678
14,1.14183426,0.99374533,11973,0.78506470,0.99637832,8232,0.35676956,-0.00263299,0.96344948,1.14183426
15,1.13887787,0.99358496,11942,0.76313019,0.99639455,8002,0.37574768,-0.00280960,0.95100403,1.13887787
16,0.85277557,0.99565691,8942,0.90703964,0.99583818,9511,-0.05426407,-0.00018127,0.87990761,0.90703964
17,0.83475113,0.99564513,8753,0.87814331,0.99579569,9208,-0.04339218,-0.00015056,0.85644722,0.87814331
18,0.85086823,0.99543091,8922,0.87394714,0.99575840,9164,-0.02307892,-0.00032749,0.86240768,0.87394714
19,0.83656311,0.99541522,8772,0.85430145,0.99562499,8958,-0.01773834,-0.00020976,0.84543228,0.85430145
20,0.83770752,0.99533703,8784,0.83894730,0.99569569,8797,-0.00123978,-0.00035866,0.83832741,0.83894730
21,0.85258484,0.99512303,8940,0.83742142,0.99546499,8781,0.01516342,-0.00034196,0.84500313,0.85258484
22,0.85830688,0.99494255,9000,0.81720352,0.99546331,8569,0.04110336,-0.00052075,0.83775520,0.85830688
23,0.86050034,0.99477816,9023,0.81090927,0.99531640,8503,0.04959106,-0.00053824,0.83570480,0.86050034
24,0.81634521,0.99513134,8560,1.17187500,0.99244642,12288,-0.35552979,0.00268493,0.99411011,1.17187500
25,0.79517365,0.99514504,8338,1.13573074,0.99257818,11909,-0.34055710,0.00256687,0.96545219,1.13573074
26,0.81453323,0.99487854,8541,1.14879608,0.99226997,12046,-0.33426285,0.00260857,0.98166466,1.14879608
27,0.79669952,0.99489891,8354,1.11103058,0.99253841,11650,-0.31433105,0.00236050,0.95386505,1.11103058
28,0.79011917,0.99465327,8285,1.09777451,0.99234632,11511,-0.30765533,0.00230695,0.94394684,1.09777451
29,0.79393387,0.99452532,8325,1.09910965,0.99242258,11525,-0.30517578,0.00210274,0.94652176,1.09910965
30,0.80490112,0.99437581,8440,1.09004974,0.99238254,11430,-0.28514862,0.00199327,0.94747543,1.09004974
31,0.79383850,0.99429438,8324,1.06182098,0.99235184,11134,-0.26798248,0.00194254,0.92782974,1.06182098
32,0.82654953,0.99409752,8667,0.84447861,0.99278739,8855,-0.01792908,0.00131012,0.83551407,0.84447861
33,0.80900192,0.99416517,8483,0.82111359,0.99288820,8610,-0.01211166,0.00127697,0.81505775,0.82111359
34,0.82101822,0.99387441,8609,0.82015991,0.99281200,8600,0.00085831,0.00106241,0.82058907,0.82101822
35,0.81348419,0.99382634,8530,0.79088211,0.99293916,8293,0.02260208,0.00088718,0.80218315,0.81348419
36,0.83322525,0.99362659,8737,0.80432892,0.99279102,8434,0.02889633,0.00083557,0.81877708,0.83322525
37,0.83179474,0.99353171,8722,0.77819824,0.99290220,8160,0.05359650,0.00062951,0.80499649,0.83179474
38,0.82101822,0.99361340,8609,0.75311661,0.99288992,7897,0.06790161,0.00072347,0.78706741,0.82101822
39,0.82283020,0.99350484,8628,0.74377060,0.99307983,7799,0.07905960,0.00042501,0.78330040,0.82283020
40,2.53438950,0.96971400,26575,1.08175278,0.98557686,11343,1.45263672,-0.01586286,1.80807114,2.53438950
41,2.31561661,0.97114367,24281,1.06983185,0.98569918,11218,1.24578476,-0.01455551,1.69272423,2.31561661
42,2.06375122,0.97276802,21640,1.05037689,0.98574719,11014,1.01337433,-0.01297917,1.55706406,2.06375122
43,1.86100006,0.97447830,19514,1.02348328,0.98575638,10732,0.83751678,-0.01127808,1.44224167,1.86100006
44,1.70354843,0.97595734,17863,1.00803375,0.98575535,10570,0.69551468,-0.00979801,1.35579109,1.70354843
45,1.77612305,0.97551638,18624,1.08118057,0.98476841,11337,0.69494247,-0.00925203,1.42865181,1.77612305
46,1.68447495,0.97647652,17663,0.98199844,0.98544029,10297,0.70247650,-0.00896377,1.33323669,1.68447495
47,1.64976120,0.97684406,17299,0.94938278,0.98542094,9955,0.70037842,-0.00857688,1.29957199,1.64976120
48,1.80797577,0.97919419,18958,0.92248917,0.98480280,9673,0.88548660,-0.00560861,1.36523247,1.80797577
49,1.55830383,0.98186579,16340,0.90913773,0.98506433,9533,0.64916611,-0.00319854,1.23372078,1.55830383
50,1.35421753,0.98385562,14200,0.88109970,0.98549523,9239,0.47311783,-0.00163960,1.11765862,1.35421753
51,1.27620697,0.98497748,13382,0.85067749,0.98619214,8920,0.42552948,-0.00121466,1.06344223,1.27620697
52,1.24254227,0.98533171,13029,0.81882477,0.98675464,8586,0.42371750,-0.00142293,1.03068352,1.24254227
53,1.24750137,0.98538281,13081,0.80547333,0.98700541,8446,0.44202805,-0.00162260,1.02648735,1.24750137
54,1.22661591,0.98589940,12862,0.78334808,0.98741416,8214,0.44326782,-0.00151476,1.00498199,1.22661591
55,1.30252838,0.99084489,13658,0.77829361,0.98355832,8161,0.52423477,0.00728656,1.04041100,1.30252838
56,1.30910873,0.99081835,13727,0.77657700,0.98362029,8143,0.53253174,0.00719806,1.04284286,1.30910873
57,1.30882263,0.99101655,13724,0.75969696,0.98403406,7966,0.54912567,0.00698249,1.03425980,1.30882263
58,1.29709244,0.99082144,13601,0.74634552,0.98392299,7826,0.55074692,0.00689845,1.02171898,1.29709244
59,1.30491257,0.99080765,13683,0.73366165,0.98432175,7693,0.57125092,0.00648590,1.01928711,1.30491257
60,1.28431320,0.99105356,13467,0.73652267,0.98451904,7723,0.54779053,0.00653453,1.01041794,1.28431320
61,1.26762390,0.99097817,13292,0.71439743,0.98472543,7491,0.55322647,0.00625274,0.99101067,1.26762390
62,0.87509155,0.99328179,9176,0.53586960,0.99196705,5619,0.33922195,0.00131474,0.70548058,0.87509155
63,0.86088181,0.99343486,9027,0.50020218,0.99285044,5245,0.36067963,0.00058441,0.68054199,0.86088181
64,0.86307526,0.99317475,9050,0.48446655,0.99313806,5080,0.37860870,0.00003670,0.67377090,0.86307526
65,0.83951950,0.99337144,8803,0.44937134,0.99366879,4712,0.39014816,-0.00029735,0.64444542,0.83951950
66,0.84190369,0.99327499,8828,0.43201447,0.99391265,4530,0.40988922,-0.00063767,0.63695908,0.84190369
67,0.84142685,0.99314740,8823,0.41303635,0.99387100,4331,0.42839050,-0.00072360,0.62723160,0.84142685
68,0.82597733,0.99355135,8661,0.40092468,0.99413714,4204,0.42505264,-0.00058580,0.61345100,0.82597733
69,0.99411011,0.99082290,10424,0.40464401,0.99360297,4243,0.58946609,-0.00278006,0.69937706,0.99411011
70,0.99630356,0.99068611,10447,0.40197372,0.99352923,4215,0.59432983,-0.00284312,0.69913864,0.99630356
71,0.97541809,0.99122662,10228,0.40664673,0.99321876,4264,0.56877136,-0.00199214,0.69103241,0.97541809
72,0.97646713,0.99148960,10239,0.43535233,0.99274245,4565,0.54111481,-0.00125285,0.70590973,0.97646713
73,0.95653534,0.99119068,10030,0.43716431,0.99279248,4584,0.51937103,-0.00160180,0.69684982,0.95653534
74,1.01671219,0.98972030,10661,0.47187805,0.99217135,4948,0.54483414,-0.00245105,0.74429512,1.01671219
75,1.08251572,0.98865277,11351,0.49371719,0.99171358,5177,0.58879852,-0.00306081,0.78811646,1.08251572
76,1.30567551,0.98430405,13691,0.46291351,0.99222371,4854,0.84276199,-0.00791966,0.88429451,1.30567551
77,1.35307312,0.98316160,14188,0.47922134,0.99221847,5025,0.87385178,-0.00905686,0.91614723,1.35307312
78,1.36671066,0.98291820,14331,0.48761368,0.99214901,5113,0.87909698,-0.00923082,0.92716217,1.36671066
79,1.37271881,0.98321574,14394,0.50277710,0.99226306,5272,0.86994171,-0.00904732,0.93774796,1.37271881
80,1.37205124,0.98319619,14387,0.51193237,0.99222904,5368,0.86011887,-0.00903285,0.94199181,1.37205124
81,1.40075684,0.98303331,14688,0.52080154,0.99236484,5461,0.87995529,-0.00933154,0.96077919,1.40075684
82,1.37605667,0.98367491,14429,0.50458908,0.99281383,5291,0.87146759,-0.00913892,0.94032288,1.37605667
83,1.40981674,0.98314909,14783,0.61073303,0.99262764,6404,0.79908371,-0.00947855,1.01027489,1.40981674
84,1.38692856,0.98370151,14543,0.61740875,0.99294519,6474,0.76951981,-0.00924368,1.00216866,1.38692856
85,1.39322281,0.98388627,14609,0.62131882,0.99310234,6515,0.77190399,-0.00921607,1.00727081,1.39322281
86,1.38692856,0.98410279,14543,0.61149597,0.99334923,6412,0.77543259,-0.00924644,0.99921227,1.38692856
87,1.39617920,0.98398129,14640,0.62313080,0.99335802,6534,0.77304840,-0.00937673,1.00965500,1.39617920
88,1.39369965,0.98404359,14614,0.65021515,0.99292746,6818,0.74348450,-0.00888388,1.02195740,1.39369965
89,1.37109756,0.98447986,14377,0.69084167,0.99238604,7244,0.68025589,-0.00790618,1.03096962,1.37109756
90,1.63583755,0.98127693,17153,0.73585510,0.99238559,7716,0.89998245,-0.01110866,1.18584633,1.63583755
91,1.66015625,0.98105273,17408,0.77371597,0.99162019,8113,0.88644028,-0.01056746,1.21693611,1.66015625
92,1.69286728,0.98049535,17751,0.82588196,0.99047476,8660,0.86698532,-0.00997941,1.25937462,1.69286728
93,1.71089172,0.98056654,17940,0.85067749,0.99052655,8920,0.86021423,-0.00996001,1.28078461,1.71089172
94,1.76725388,0.97960427,18531,0.88005066,0.98950450,9228,0.88720322,-0.00990023,1.32365227,1.76725388
95,1.78098679,0.97986805,18675,0.90913773,0.98952012,9533,0.87184906,-0.00965207,1.34506226,1.78098679
96,1.84068680,0.97905811,19301,0.94947815,0.98859905,9956,0.89120865,-0.00954094,1.39508247,1.84068680
97,2.29558945,0.97000141,24071,0.71506500,0.99256120,7498,1.58052444,-0.02255978,1.50532722,2.29558945
98,2.30436325,0.97015817,24163,0.74586868,0.99207472,7821,1.55849457,-0.02191655,1.52511597,2.30436325
99,2.34012604,0.97002917,24538,0.75836182,0.99205389,7952,1.58176422,-0.02202472,1.54924393,2.34012604
100,2.35137939,0.97002678,24656,0.76532364,0.99194184,8025,1.58605576,-0.02191506,1.55835152,2.35137939
101,2.33736038,0.97030952,24509,0.77152252,0.99162018,8090,1.56583786,-0.02131066,1.55444145,2.33736038
102,2.33287811,0.97060559,24462,0.80041885,0.99133137,8393,1.53245926,-0.02072578,1.56664848,2.33287811
103,2.29797363,0.97109695,24096,0.77676773,0.99155408,8145,1.52120590,-0.02045713,1.53737068,2.29797363
104,2.05631256,0.96979982,21562,0.55875778,0.99574950,5859,1.49755478,-0.02594968,1.30753517,2.05631256
105,2.07862854,0.97007208,21796,0.58574677,0.99562342,6142,1.49288177,-0.02555134,1.33218765,2.07862854
106,2.09026337,0.97067891,21918,0.57868958,0.99560225,6068,1.51157379,-0.02492333,1.33447647,2.09026337
107,2.06632614,0.97159592,21667,0.57573318,0.99561965,6037,1.49059296,-0.02402374,1.32102966,2.06632614
108,2.06336975,0.97217678,21636,0.59137344,0.99568130,6201,1.47199631,-0.02350452,1.32737160,2.06336975
109,2.12192535,0.97205189,22250,0.63171387,0.99512949,6624,1.49021149,-0.02307760,1.37681961,2.12192535
110,2.11753845,0.97254433,22204,0.65441132,0.99465876,6862,1.46312714,-0.02211443,1.38597488,2.11753845
111,1.23481750,0.98701092,12948,0.56810379,0.99574755,5957,0.66671371,-0.00873662,0.90146065,1.23481750
112,1.21421814,0.98752802,12732,0.61340332,0.99457121,6432,0.60081482,-0.00704318,0.91381073,1.21421814
113,1.22776031,0.98761506,12874,0.68988800,0.99334056,7234,0.53787231,-0.00572550,0.95882416,1.22776031
114,1.22776031,0.98791957,12874,0.70629120,0.99285743,7406,0.52146912,-0.00493786,0.96702576,1.22776031
115,1.24750137,0.98808324,13081,0.72050095,0.99324078,7555,0.52700043,-0.00515754,0.98400116,1.24750137
116,1.24263763,0.98835932,13030,0.73003769,0.99341901,7655,0.51259995,-0.00505968,0.98633766,1.24263763
117,1.24454498,0.98844178,13050,0.72841644,0.99321497,7638,0.51612854,-0.00477319,0.98648071,1.24454498
118,0.86746216,0.99250453,9096,0.76198578,0.99342037,7990,0.10547638,-0.00091584,0.81472397,0.86746216
119,0.88376999,0.99235061,9267,0.75740814,0.99396068,7942,0.12636185,-0.00161007,0.82058907,0.88376999
120,0.91018677,0.99204532,9544,0.76284409,0.99426029,7999,0.14734268,-0.00221497,0.83651543,0.91018677
121,0.94718933,0.99180194,9932,0.77810287,0.99429627,8159,0.16908646,-0.00249433,0.86264610,0.94718933
122,0.91400146,0.99198436,9584,0.78506470,0.99423726,8232,0.12893677,-0.00225290,0.84953308,0.91400146
123,0.93641281,0.99176317,9819,0.78868866,0.99421471,8270,0.14772415,-0.00245155,0.86255074,0.93641281
124,0.96721649,0.99149703,10142,0.85105896,0.99368599,8924,0.11615753,-0.00218896,0.90913773,0.96721649
125,1.01861954,0.98999869,10681,0.84638596,0.99356151,8875,0.17223358,-0.00356282,0.93250275,1.01861954
126,1.03702545,0.98952392,10874,0.88329315,0.99281140,9262,0.15373230,-0.00328747,0.96015930,1.03702545
127,1.07660294,0.98865980,11289,0.97322464,0.99112173,10205,0.10337830,-0.00246193,1.02491379,1.07660294
128,1.18370056,0.98668946,12412,1.08900070,0.98842974,11419,0.09469986,-0.00174028,1.13635063,1.18370056
129,1.35421753,0.98411960,14200,1.31492615,0.98452955,13788,0.03929138,-0.00040995,1.33457184,1.35421753
130,1.59339905,0.98005432,16708,1.55858994,0.97964382,16343,0.03480911,0.00041050,1.57599449,1.59339905
131,1.86653137,0.97514312,19572,1.81694031,0.97455358,19052,0.04959106,0.00058954,1.84173584,1.86653137
132,1.69019699,0.98091674,17723,1.73406601,0.97403632,18183,-0.04386902,0.00688042,1.71213150,1.73406601
133,1.70631409,0.98079882,17892,2.06680298,0.96758672,21672,-0.36048889,0.01321211,1.88655853,2.06680298
134,1.74980164,0.98083820,18348,2.44531631,0.96076986,25641,-0.69551468,0.02006833,2.09755898,2.44531631
135,1.81283951,0.98050539,19009,2.78625488,0.95484255,29216,-0.97341537,0.02566284,2.29954720,2.78625488
136,1.99174881,0.97849719,20885,3.32660675,0.94792154,34882,-1.33485794,0.03057565,2.65917778,3.32660675
137,2.26640701,0.97529447,23765,3.63483429,0.94155078,38114,-1.36842728,0.03374368,2.95062065,3.63483429
138,2.54631042,0.97229321,26700,3.83996964,0.93487534,40265,-1.29365921,0.03741787,3.19314003,3.83996964
139,1.19924545,0.98646487,12575,2.36597061,0.97065360,24809,-1.16672516,0.01581127,1.78260803,2.36597061
140,1.22661591,0.98607270,12862,2.40373611,0.97068319,25205,-1.17712021,0.01538951,1.81517601,2.40373611
141,1.26590729,0.98589420,13274,2.42557526,0.97073049,25434,-1.15966797,0.01516372,1.84574127,2.42557526
142,1.25341415,0.98598344,13143,2.47640610,0.97053144,25967,-1.22299194,0.01545200,1.86491013,2.47640610
143,1.27716064,0.98567586,13392,2.47173309,0.97109576,25918,-1.19457245,0.01458010,1.87444687,2.47173309
144,1.30939484,0.98514454,13730,2.44731903,0.97144323,25662,-1.13792419,0.01370131,1.87835693,2.44731903
145,1.31998062,0.98508383,13841,2.48775482,0.97107705,26086,-1.16777420,0.01400677,1.90386772,2.48775482
146,1.13725662,0.99100432,11925,3.68204117,0.95207374,38609,-2.54478455,0.03893058,2.40964890,3.68204117
147,1.20706558,0.99040011,12657,3.66401672,0.95250062,38420,-2.45695114,0.03789950,2.43554115,3.66401672
148,1.22423172,0.99024936,12837,3.71913910,0.95098279,38998,-2.49490738,0.03926657,2.47168541,3.71913910
149,1.19009018,0.99072779,12479,3.71417999,0.95027242,38946,-2.52408981,0.04045536,2.45213509,3.71417999
150,1.22375488,0.99059008,12832,3.77092361,0.94926328,39541,-2.54716873,0.04132681,2.49733925,3.77092361
151,1.23043060,0.99035370,12902,3.78084183,0.94918949,39645,-2.55041122,0.04116422,2.50563622,3.78084183
152,0.86250305,0.99237054,9044,1.54047012,0.98387954,16153,-0.67796707,0.00849100,1.20148659,1.54047012
153,0.90494156,0.99186581,9489,1.53951645,0.98400016,16143,-0.63457489,0.00786564,1.22222900,1.53951645
154,0.87356567,0.99197916,9160,1.38959885,0.98489422,14571,-0.51603317,0.00708494,1.13158226,1.38959885
155,0.86793900,0.99211599,9101,1.44290924,0.98452454,15130,-0.57497025,0.00759145,1.15542412,1.44290924
156,0.88834763,0.99175605,9315,1.38311386,0.98518184,14503,-0.49476624,0.00657421,1.13573074,1.38311386
157,0.91257095,0.99159000,9569,1.36585236,0.98525940,14322,-0.45328140,0.00633060,1.13921165,1.36585236
158,0.81129074,0.99393245,8507,2.38218307,0.97779460,24979,-1.57089233,0.01613784,1.59673691,2.38218307
159,0.82817078,0.99380376,8684,2.25791931,0.97905857,23676,-1.42974854,0.01474519,1.54304504,2.25791931
160,0.82712173,0.99376764,8673,2.15768814,0.98035921,22625,-1.33056641,0.01340843,1.49240494,2.15768814
161,0.83541870,0.99380320,8760,2.03018188,0.98189601,21288,-1.19476318,0.01190719,1.43280029,2.03018188
162,0.82607269,0.99372182,8662,1.88179016,0.98364063,19732,-1.05571747,0.01008118,1.35393143,1.88179016
163,0.85382462,0.99371812,8953,1.71070099,0.98553153,17938,-0.85687637,0.00818659,1.28226280,1.71070099
164,0.49343109,0.99765531,5174,1.97362900,0.98396366,20695,-1.48019791,0.01369166,1.23353004,1.97362900
165,0.50678253,0.99753578,5314,1.67207718,0.98689816,17533,-1.16529465,0.01063763,1.08942986,1.67207718
166,0.51202774,0.99762056,5369,1.40628815,0.98975074,14746,-0.89426041,0.00786982,0.95915794,1.40628815
167,0.51841736,0.99750785,5436,1.19543076,0.99175459,12535,-0.67701340,0.00575326,0.85692406,1.19543076
168,0.53176880,0.99754074,5576,1.05390549,0.99363354,11051,-0.52213669,0.00390720,0.79283714,1.05390549
169,0.51946640,0.99769647,5447,0.91323853,0.99508487,9576,-0.39377213,0.00261160,0.71635246,0.91323853
170,0.51774979,0.99822015,5429,0.84199905,0.99553176,8829,-0.32424927,0.00268839,0.67987442,0.84199905
171,0.52165985,0.99833462,5470,0.69952011,0.99684158,7335,-0.17786026,0.00149304,0.61058998,0.69952011
172,0.50563812,0.99848832,5302,0.59671402,0.99714889,6257,-0.09107590,0.00133943,0.55117607,0.59671402
173,0.49371719,0.99848245,5177,0.57458878,0.99699372,6025,-0.08087158,0.00148873,0.53415298,0.57458878
174,0.50182343,0.99852761,5262,0.58631897,0.99696591,6148,-0.08449554,0.00156171,0.54407120,0.58631897
175,0.49781799,0.99855097,5220,0.57945251,0.99704604,6076,-0.08163452,0.00150493,0.53863525,0.57945251
176,0.36840439,0.99911960,3863,0.52804947,0.99780729,5537,-0.15964508,0.00131231,0.44822693,0.52804947
177,0.35629272,0.99912437,3736,0.50783157,0.99804055,5325,-0.15153885,0.00108382,0.43206215,0.50783157
178,0.36287308,0.99913275,3805,0.48799515,0.99823684,5117,-0.12512207,0.00089591,0.42543411,0.48799515
179,0.36449432,0.99912560,3822,0.46100616,0.99836681,4834,-0.09651184,0.00075879,0.41275024,0.46100616
180,0.36888123,0.99915253,3868,0.45900345,0.99839814,4813,-0.09012222,0.00075439,0.41394234,0.45900345
181,0.37584305,0.99909115,3941,0.44841766,0.99849834,4702,-0.07257462,0.00059280,0.41213036,0.44841766
182,0.41723251,0.99888162,4375,0.56104660,0.99663381,5883,-0.14381409,0.00224781,0.48913956,0.56104660
183,0.39815903,0.99894177,4175,0.55217743,0.99673928,5790,-0.15401840,0.00220249,0.47516823,0.55217743
184,0.37927628,0.99901864,3977,0.53758621,0.99722323,5637,-0.15830994,0.00179541,0.45843124,0.53758621
185,0.38957596,0.99901656,4085,0.53768158,0.99754874,5638,-0.14810562,0.00146781,0.46362877,0.53768158
186,0.39291382,0.99906254,4120,0.54340363,0.99765218,5698,-0.15048981,0.00141036,0.46815872,0.54340363
187,0.37670135,0.99912080,3950,0.51031113,0.99793633,5351,-0.13360977,0.00118447,0.44350624,0.51031113
188,0.46834946,0.99822815,4911,0.65460205,0.99603707,6864,-0.18625259,0.00219108,0.56147575,0.65460205
189,0.48122406,0.99816441,5046,0.65412521,0.99618709,6859,-0.17290115,0.00197731,0.56767464,0.65412521
190,0.46319962,0.99825323,4857,0.62799454,0.99639211,6585,-0.16479492,0.00186112,0.54559708,0.62799454
191,0.47035217,0.99832915,4932,0.63142776,0.99650235,6621,-0.16107559,0.00182680,0.55088997,0.63142776
192,0.46224594,0.99829837,4847,0.63619614,0.99641973,6671,-0.17395020,0.00187864,0.54922104,0.63619614
193,0.44670105,0.99834690,4684,0.60176849,0.99675558,6310,-0.15506744,0.00159132,0.52423477,0.60176849
194,0.50840378,0.99819727,5331,0.85763931,0.99411397,8993,-0.34923553,0.00408329,0.68302155,0.85763931
195,0.48084259,0.99832358,5042,0.81539154,0.99465994,8550,-0.33454895,0.00366365,0.64811707,0.81539154
196,0.50258636,0.99837917,5270,0.79927444,0.99510879,8381,-0.29668808,0.00327038,0.65093040,0.79927444
197,0.46901703,0.99850304,4918,0.74901581,0.99571013,7854,-0.27999878,0.00279292,0.60901642,0.74901581
198,0.44775009,0.99866822,4695,0.70838928,0.99623555,7428,-0.26063919,0.00243267,0.57806969,0.70838928
199,0.42762756,0.99866103,4484,0.69303513,0.99643604,7267,-0.26540756,0.00222499,0.56033134,0.69303513
200,1.06201172,0.99274451,11136,1.29919052,0.99016984,13623,-0.23717880,0.00257467,1.18060112,1.29919052
201,0.91705322,0.99513666,9616,1.39675140,0.99010283,14646,-0.47969818,0.00503382,1.15690231,1.39675140
202,0.83503723,0.99660621,8756,1.41506195,0.98980014,14838,-0.58002472,0.00680608,1.12504959,1.41506195
203,0.76913834,0.99842168,8065,1.37929916,0.98969509,14463,-0.61016083,0.00872659,1.07421875,1.37929916
204,0.70915222,0.99904090,7436,1.30147934,0.99101709,13647,-0.59232712,0.00802381,1.00531578,1.30147934
205,0.71306229,0.99898088,7477,1.16338730,0.99357038,12199,-0.45032501,0.00541050,0.93822479,1.16338730
206,0.35352707,0.99835954,3707,0.57296753,0.99619699,6008,-0.21944046,0.00216255,0.46324730,0.57296753
207,0.32529831,0.99852795,3411,0.47292709,0.99706791,4959,-0.14762878,0.00146003,0.39911270,0.47292709
208,0.31986237,0.99855690,3354,0.43821335,0.99704914,4595,-0.11835098,0.00150777,0.37903786,0.43821335
209,0.31147003,0.99845898,3266,0.38299561,0.99707318,4016,-0.07152557,0.00138580,0.34723282,0.38299561
210,0.27999878,0.99833168,2936,0.33330917,0.99709903,3495,-0.05331039,0.00123265,0.30665398,0.33330917
211,0.30374527,0.99822523,3185,0.35219193,0.99704819,3693,-0.04844666,0.00117705,0.32796860,0.35219193
212,0.50439835,0.99678449,5289,0.86574554,0.99147212,9078,-0.36134720,0.00531237,0.68507195,0.86574554
213,0.60396194,0.99640860,6333,0.99744797,0.99077647,10459,-0.39348602,0.00563213,0.80070496,0.99744797
214,0.71649551,0.99624918,7513,1.27391815,0.98983883,13358,-0.55742264,0.00641034,0.99520683,1.27391815
215,0.83007812,0.99515535,8704,1.34630203,0.98955807,14117,-0.51622391,0.00559729,1.08819008,1.34630203
216,0.99821091,0.99490420,10467,1.42765045,0.98927017,14970,-0.42943954,0.00563403,1.21293068,1.42765045
217,1.22518539,0.99304186,12847,1.79738998,0.98674337,18847,-0.57220459,0.00629849,1.51128769,1.79738998
218,0.46339035,0.99805734,4859,0.54664612,0.99734233,5732,-0.08325577,0.00071501,0.50501823,0.54664612
219,0.51012039,0.99817795,5349,0.59137344,0.99748373,6201,-0.08125305,0.00069422,0.55074692,0.59137344
220,0.57859421,0.99819669,6067,0.66566467,0.99746600,6980,-0.08707047,0.00073069,0.62212944,0.66566467
221,0.64983368,0.99821454,6814,0.73642731,0.99743814,7722,-0.08659363,0.00077640,0.69313049,0.73642731
222,0.78210831,0.99811096,8201,0.92964172,0.99710102,9748,-0.14753342,0.00100994,0.85587502,0.92964172
223,0.82340240,0.99807545,8634,1.14316940,0.99590382,11987,-0.31976700,0.00217163,0.98328590,1.14316940
224,0.90141296,0.99785391,9452,1.10197067,0.99652783,11555,-0.20055771,0.00132608,1.00169182,1.10197067
225,0.91743469,0.99785103,9620,1.12295151,0.99654680,11775,-0.20551682,0.00130423,1.02019310,1.12295151
226,0.90808868,0.99789558,9522,1.12771988,0.99649473,11825,-0.21963120,0.00140085,1.01790428,1.12771988
227,0.93908310,0.99783392,9847,1.15070343,0.99644269,12066,-0.21162033,0.00139123,1.04489326,1.15070343
228,0.94671249,0.99778432,9927,1.16481781,0.99643377,12214,-0.21810532,0.00135056,1.05576515,1.16481781
229,0.95119476,0.99772130,9974,1.17197037,0.99633066,12289,-0.22077560,0.00139064,1.06158257,1.17197037
230,0.84018707,0.99715338,8810,1.14774704,0.99597102,12035,-0.30755997,0.00118236,0.99396706,1.14774704
231,0.82950592,0.99727711,8698,1.14898682,0.99594654,12048,-0.31948090,0.00133056,0.98924637,1.14898682
232,0.83360672,0.99741310,8741,1.15785599,0.99591113,12141,-0.32424927,0.00150197,0.99573135,1.15785599
233,0.84152222,0.99745128,8824,1.15432739,0.99594747,12104,-0.31280518,0.00150381,0.99792480,1.15432739
234,0.82988739,0.99749142,8702,1.15995407,0.99583557,12163,-0.33006668,0.00165585,0.99492073,1.15995407
235,0.83065033,0.99755080,8710,1.16062164,0.99592922,12170,-0.32997131,0.00162158,0.99563599,1.16062164
236,0.78077316,0.99646332,8187,0.92887878,0.99708900,9740,-0.14810562,-0.00062567,0.85482597,0.92887878
237,0.77018738,0.99656578,8076,0.92887878,0.99703451,9740,-0.15869141,-0.00046873,0.84953308,0.92887878
238,0.77943802,0.99657636,8173,0.92782974,0.99702323,9729,-0.14839172,-0.00044687,0.85363388,0.92782974
239,0.77838898,0.99665578,8162,0.93097687,0.99696003,9762,-0.15258789,-0.00030425,0.85468292,0.93097687
240,0.78001022,0.99672569,8179,0.91886520,0.99698503,9635,-0.13885498,-0.00025935,0.84943771,0.91886520
241,0.78201294,0.99683806,8200,0.90904236,0.99697826,9532,-0.12702942,-0.00014020,0.84552765,0.90904236
242,1.03292465,0.99523757,10831,0.85020065,0.99704098,8915,0.18272400,-0.00180341,0.94156265,1.03292465
243,1.00374222,0.99488657,10525,0.83608627,0.99690861,8767,0.16765594,-0.00202204,0.91991425,1.00374222
244,0.99811554,0.99508236,10466,0.86917877,0.99666994,9114,0.12893677,-0.00158758,0.93364716,0.99811554
245,0.98304749,0.99536174,10308,0.88672638,0.99649928,9298,0.09632111,-0.00113753,0.93488693,0.98304749
246,1.00364685,0.99545034,10524,0.91209412,0.99623104,9564,0.09155273,-0.00078070,0.95787048,1.00364685
247,1.02014542,0.99558019,10697,0.96502304,0.99572441,10119,0.05512238,-0.00014422,0.99258423,1.02014542
248,1.29537582,0.99340931,13583,1.37577057,0.99280721,14426,-0.08039474,0.00060210,1.33557320,1.37577057
249,1.50060654,0.99294429,15735,1.60074234,0.99224193,16785,-0.10013580,0.00070236,1.55067444,1.60074234
250,1.97019577,0.99211015,20659,2.10838318,0.99125099,22108,-0.13818741,0.00085916,2.03928947,2.10838318
251,2.75001526,0.99064110,28836,2.89678574,0.98964341,30375,-0.14677048,0.00099769,2.82340050,2.89678574
252,5.81312180,0.98727327,60955,5.99536896,0.98627341,62866,-0.18224716,0.00099987,5.90424538,5.99536896
253,10.05582809,0.97879331,105443,10.15510559,0.97753008,106484,-0.09927750,0.00126323,10.10546684,10.15510559
254,13.97657394,0.95543190,146555,14.29309845,0.95427765,149874,-0.31652451,0.00115425,14.13483620,14.29309845
255,17.62628555,0.89959110,184825,17.86231995,0.89873050,187300,-0.23603439,0.00086060,17.74430275,17.86231995
256,19.42033768,0.84341540,203637,19.70577240,0.84276276,206630,-0.28543472,0.00065264,19.56305504,19.70577240
257,17.78926849,0.88711208,186534,18.11351776,0.88565170,189934,-0.32424927,0.00146038,17.95139313,18.11351776
258,12.51010895,0.96350887,131178,13.21392059,0.95901499,138558,-0.70381165,0.00449389,12.86201477,13.21392059
259,5.46188354,0.99031395,57272,7.31372833,0.98450479,76690,-1.85184479,0.00580916,6.38780594,7.31372833
260,1.06506348,0.99479680,11168,2.74372101,0.99057184,28770,-1.67865753,0.00422497,1.90439224,2.74372101
261,1.42202377,0.99370654,14911,2.26459503,0.99134161,23746,-0.84257126,0.00236493,1.84330940,2.26459503
262,2.48651505,0.99208622,26073,3.14912796,0.99033701,33021,-0.66261292,0.00174921,2.81782150,3.14912796
263,4.75463867,0.98968976,49856,5.16958237,0.98807745,54207,-0.41494370,0.00161232,4.96211052,5.16958237
264,8.98942947,0.98425069,94261,9.33208466,0.98262753,97854,-0.34265518,0.00162317,9.16075706,9.33208466
265,13.05313110,0.96922192,136872,13.36069107,0.96755388,140097,-0.30755997,0.00166804,13.20691109,13.36069107
266,15.46716690,0.94730718,162185,16.87641144,0.92514761,176962,-1.40924454,0.02215957,16.17178917,16.87641144
267,18.93548965,0.87368718,198553,20.16592026,0.83926361,211455,-1.23043060,0.03442358,19.55070496,20.16592026
268,22.15194702,0.75767870,232280,22.78623581,0.73636029,238931,-0.63428879,0.02131841,22.46909142,22.78623581
269,23.36263657,0.69926401,244975,23.84090424,0.68415455,249990,-0.47826767,0.01510946,23.60177040,23.84090424
270,21.62904739,0.76334153,226797,22.66416550,0.72442990,237651,-1.03511810,0.03891163,22.14660645,22.66416550
271,17.17281342,0.90492255,180070,18.07689667,0.88104779,189550,-0.90408325,0.02387475,17.62485504,18.07689667
272,0.56610107,0.99865630,5936,10.12182236,0.98036673,106135,-9.55572128,0.01828957,5.34396172,10.12182236
273,0.56209564,0.99866876,5894,4.88262177,0.99158617,51198,-4.32052612,0.00708259,2.72235870,4.88262177
274,0.56953430,0.99858740,5972,1.84869766,0.99466315,19385,-1.27916336,0.00392425,1.20911598,1.84869766
275,0.55704117,0.99868256,5841,1.22795105,0.99580404,12876,-0.67090988,0.00287852,0.89249611,1.22795105
276,0.55856705,0.99862117,5857,1.08633041,0.99627846,11391,-0.52776337,0.00234272,0.82244873,1.08633041
277,0.54903030,0.99868126,5757,1.03502274,0.99651994,10853,-0.48599243,0.00216132,0.79202652,1.03502274
278,0.62417984,0.99880744,6545,0.98772049,0.99714899,10357,-0.36354065,0.00165846,0.80595016,0.98772049
279,0.60729980,0.99874321,6368,0.96998215,0.99715727,10171,-0.36268234,0.00158595,0.78864098,0.96998215
280,0.57926178,0.99888577,6074,0.95109940,0.99728464,9973,-0.37183762,0.00160113,0.76518059,0.95109940
281,0.57811737,0.99900655,6062,0.95281601,0.99734542,9991,-0.37469864,0.00166113,0.76546669,0.95281601
282,0.56228638,0.99907125,5896,0.93336105,0.99742667,9787,-0.37107468,0.00164459,0.74782372,0.93336105
283,0.54483414,0.99918772,5713,0.94280243,0.99734767,9886,-0.39796829,0.00184005,0.74381828,0.94280243
284,0.49343109,0.99944052,5174,0.66881180,0.99883575,7013,-0.17538071,0.00060477,0.58112144,0.66881180
285,0.48742294,0.99944411,5111,0.66032410,0.99883456,6924,-0.17290115,0.00060954,0.57387352,0.66032410
286,0.48294067,0.99947571,5064,0.67434311,0.99882227,7071,-0.19140244,0.00065344,0.57864189,0.67434311
287,0.49314499,0.99945656,5171,0.68969727,0.99878162,7232,-0.19655228,0.00067494,0.59142113,0.68969727
288,0.48255920,0.99947472,5060,0.66928864,0.99879195,7018,-0.18672943,0.00068277,0.57592392,0.66928864
289,0.48608780,0.99949238,5097,0.70066452,0.99876610,7347,-0.21457672,0.00072628,0.59337616,0.70066452
290,0.49800873,0.99928967,5222,1.23090744,0.99638761,12907,-0.73289871,0.00290206,0.86445808,1.23090744
291,0.47779083,0.99937730,5010,1.31664276,0.99619377,13806,-0.83885193,0.00318353,0.89721680,1.31664276
292,0.46472549,0.99938610,4873,1.33981705,0.99605521,14049,-0.87509155,0.00333089,0.90227127,1.33981705
293,0.47130585,0.99940298,4942,1.37624741,0.99594491,14431,-0.90494156,0.00345807,0.92377663,1.37624741
294,0.45375824,0.99943884,4758,1.38568878,0.99591632,14530,-0.93193054,0.00352251,0.91972351,1.38568878
295,0.44813156,0.99945471,4699,1.33218765,0.99606711,13969,-0.88405609,0.00338760,0.89015961,1.33218765
296,0.47683716,0.99925005,5000,1.35335922,0.99539462,14191,-0.87652206,0.00385543,0.91509819,1.35335922
297,0.46005249,0.99932478,4824,1.37653351,0.99534999,14434,-0.91648102,0.00397479,0.91829300,1.37653351
298,0.47483444,0.99923015,4979,1.41201019,0.99511830,14806,-0.93717575,0.00411184,0.94342232,1.41201019
299,0.44946671,0.99930189,4713,1.43642426,0.99505077,15062,-0.98695755,0.00425111,0.94294548,1.43642426
300,0.47302246,0.99921982,4960,1.45883560,0.99497253,15297,-0.98581314,0.00424729,0.96592903,1.45883560
301,0.44069290,0.99928296,4621,1.43318176,0.99504789,15028,-0.99248886,0.00423507,0.93693733,1.43318176
302,0.30002594,0.99886204,3146,1.68132782,0.99403369,17630,-1.38130188,0.00482835,0.99067688,1.68132782
303,0.28915405,0.99893268,3032,1.65405273,0.99414544,17344,-1.36489868,0.00478725,0.97160339,1.65405273
304,0.30927658,0.99880520,3243,1.76753998,0.99362714,18534,-1.45826340,0.00517806,1.03840828,1.76753998
305,0.30555725,0.99882646,3204,1.73902512,0.99373982,18235,-1.43346786,0.00508664,1.02229118,1.73902512
306,0.32196045,0.99875651,3376,1.82399750,0.99337884,19126,-1.50203705,0.00537768,1.07297897,1.82399750
307,0.31633377,0.99875616,3317,1.72929764,0.99370627,18133,-1.41296387,0.00504989,1.02281570,1.72929764
308,0.81119537,0.99535928,8506,1.02596283,0.99615853,10758,-0.21476746,-0.00079925,0.91857910,1.02596283
309,0.83160400,0.99523762,8720,1.01776123,0.99625646,10672,-0.18615723,-0.00101884,0.92468262,1.01776123
310,0.85687637,0.99510371,8985,1.03225708,0.99611806,10824,-0.17538071,-0.00101435,0.94456673,1.03225708
311,0.86030960,0.99512868,9021,1.00259781,0.99624506,10513,-0.14228821,-0.00111638,0.93145370,1.00259781
312,0.88367462,0.99506960,9266,1.01661682,0.99616888,10660,-0.13294220,-0.00109928,0.95014572,1.01661682
313,0.37469864,0.99868183,3929,1.17654800,0.99603448,12337,-0.80184937,0.00264735,0.77562332,1.17654800
314,0.34723282,0.99883915,3641,1.18598938,0.99598150,12436,-0.83875656,0.00285764,0.76661110,1.18598938
315,0.36487579,0.99873004,3826,1.19819641,0.99589603,12564,-0.83332062,0.00283401,0.78153610,1.19819641
316,0.35743713,0.99881053,3748,1.23224258,0.99579631,12921,-0.87480545,0.00301422,0.79483986,1.23224258
317,0.37002563,0.99875435,3880,1.20544434,0.99578030,12640,-0.83541870,0.00297406,0.78773499,1.20544434
318,0.50058365,0.99822886,5249,0.91266632,0.99696786,9570,-0.41208267,0.00126100,0.70662498,0.91266632
319,0.50125122,0.99824166,5256,0.92945099,0.99689067,9746,-0.42819977,0.00135099,0.71535110,0.92945099
320,0.50525665,0.99820506,5298,0.91323853,0.99685167,9576,-0.40798187,0.00135339,0.70924759,0.91323853
321,0.50334930,0.99817423,5278,0.86174011,0.99700574,9036,-0.35839081,0.00116849,0.68254471,0.86174011
322,0.52127838,0.99809543,5466,0.89626312,0.99679694,9398,-0.37498474,0.00129849,0.70877075,0.89626312
323,0.37345886,0.99874231,3916,0.82483292,0.99670251,8649,-0.45137405,0.00203980,0.59914589,0.82483292
324,0.37698746,0.99878729,3953,0.83103180,0.99662683,8714,-0.45404434,0.00216046,0.60400963,0.83103180
325,0.36869049,0.99876160,3866,0.79927444,0.99665607,8381,-0.43058395,0.00210553,0.58398247,0.79927444
326,0.37946701,0.99867835,3979,0.79717636,0.99667900,8359,-0.41770935,0.00199935,0.58832169,0.79717636
327,0.38452148,0.99868359,4032,0.78363419,0.99664801,8217,-0.39911270,0.00203558,0.58407784,0.78363419
328,0.36869049,0.99869734,3866,0.56896210,0.99798866,5966,-0.20027161,0.00070869,0.46882629,0.56896210
329,0.37899017,0.99869019,3974,0.58231354,0.99797265,6106,-0.20332336,0.00071754,0.48065186,0.58231354
330,0.36191940,0.99869000,3795,0.57554245,0.99805428,6035,-0.21362305,0.00063572,0.46873093,0.57554245
331,0.37498474,0.99866343,3932,0.57687759,0.99802581,6049,-0.20189285,0.00063762,0.47593117,0.57687759
332,0.37088394,0.99865987,3889,0.58736801,0.99795170,6159,-0.21648407,0.00070816,0.47912598,0.58736801
333,0.60682297,0.99745225,6363,0.93803406,0.99672992,9836,-0.33121109,0.00072233,0.77242851,0.93803406
334,0.58517456,0.99754013,6136,0.90990067,0.99682560,9541,-0.32472610,0.00071453,0.74753761,0.90990067
335,0.60958862,0.99742896,6392,0.85678101,0.99703992,8984,-0.24719238,0.00038904,0.73318481,0.85678101
336,0.60205460,0.99745359,6313,0.86212158,0.99697049,9040,-0.26006699,0.00048310,0.73208809,0.86212158
337,0.63819885,0.99733402,6692,0.86736679,0.99692778,9095,-0.22916794,0.00040623,0.75278282,0.86736679
338,0.61254501,0.99851321,6423,0.77962875,0.99799556,8175,-0.16708374,0.00051765,0.69608688,0.77962875
339,0.60596466,0.99844835,6354,0.77848434,0.99793655,8163,-0.17251968,0.00051180,0.69222450,0.77848434
340,0.57926178,0.99860871,6074,0.76913834,0.99799402,8065,-0.18987656,0.00061469,0.67420006,0.76913834
341,0.58355331,0.99857736,6119,0.73118210,0.99811824,7667,-0.14762878,0.00045912,0.65736771,0.73118210
342,0.58355331,0.99854991,6119,0.73299408,0.99810623,7686,-0.14944077,0.00044368,0.65827370,0.73299408
343,1.34201050,0.99464365,14072,1.14603043,0.99609573,12017,0.19598007,-0.00145208,1.24402046,1.34201050
344,1.34038925,0.99461867,14055,1.09348297,0.99619983,11466,0.24690628,-0.00158116,1.21693611,1.34038925
345,1.36346817,0.99458372,14297,1.04160309,0.99642847,10922,0.32186508,-0.00184475,1.20253563,1.36346817
346,1.32207870,0.99467821,13863,0.97656250,0.99663500,10240,0.34551620,-0.00195679,1.14932060,1.32207870
347,1.29909515,0.99480443,13622,0.94146729,0.99679908,9872,0.35762787,-0.00199465,1.12028122,1.29909515
348,1.12705231,0.99510098,11818,1.17044449,0.99498570,12273,-0.04339218,0.00011528,1.14874840,1.17044449
349,1.13582611,0.99508891,11910,1.13573074,0.99504237,11909,0.00009537,0.00004654,1.13577843,1.13582611
350,1.13525391,0.99507813,11904,1.16453171,0.99502206,12211,-0.02927780,0.00005607,1.14989281,1.16453171
351,1.12838745,0.99516499,11832,1.13115311,0.99513245,11861,-0.00276566,0.00003254,1.12977028,1.13115311
352,1.10721588,0.99519635,11610,1.06544495,0.99533216,11172,0.04177094,-0.00013581,1.08633041,1.10721588
353,1.73215866,0.99180750,18163,0.88052750,0.99525370,9233,0.85163116,-0.00344620,1.30634308,1.73215866
354,1.74407959,0.99172052,18288,0.90732574,0.99518897,9514,0.83675385,-0.00346845,1.32570267,1.74407959
355,1.72996521,0.99179645,18140,0.93984604,0.99510009,9855,0.79011917,-0.00330364,1.33490562,1.72996521
356,1.72405243,0.99181469,18078,1.00946426,0.99494088,10585,0.71458817,-0.00312619,1.36675835,1.72405243
357,1.68418884,0.99189398,17660,1.00831985,0.99485988,10573,0.67586899,-0.00296590,1.34625435,1.68418884
358,1.00927353,0.99581751,10583,0.42333603,0.99851294,4439,0.58593750,-0.00269542,0.71630478,1.00927353
359,1.01623535,0.99578959,10656,0.41370392,0.99854578,4338,0.60253143,-0.00275619,0.71496964,1.01623535
360,1.00564957,0.99575619,10545,0.42543411,0.99847633,4461,0.58021545,-0.00272014,0.71554184,1.00564957
361,0.96483231,0.99599038,10117,0.44412613,0.99841748,4657,0.52070618,-0.00242710,0.70447922,0.96483231
362,0.97494125,0.99595595,10223,0.46300888,0.99836459,4855,0.51193237,-0.00240864,0.71897507,0.97494125
363,0.86011887,0.99779758,9019,0.43849945,0.99933355,4598,0.42161942,-0.00153597,0.64930916,0.86011887
364,0.87680817,0.99777974,9194,0.43296814,0.99938158,4540,0.44384003,-0.00160184,0.65488815,0.87680817
365,0.88500977,0.99770295,9280,0.43811798,0.99936276,4594,0.44689178,-0.00165981,0.66156387,0.88500977
366,0.83618164,0.99791547,8768,0.40740967,0.99948609,4272,0.42877197,-0.00157062,0.62179565,0.83618164
367,0.86717606,0.99782766,9093,0.41761398,0.99944870,4379,0.44956207,-0.00162105,0.64239502,0.86717606
368,1.05028152,0.99673149,11013,1.03797913,0.99500760,10884,0.01230240,0.00172388,1.04413033,1.05028152
369,1.05466843,0.99673055,11059,1.02796555,0.99501123,10779,0.02670288,0.00171931,1.04131699,1.05466843
370,1.04675293,0.99673144,10976,1.02453232,0.99501643,10743,0.02222061,0.00171501,1.03564262,1.04675293
371,1.01938248,0.99683075,10689,1.00908279,0.99510021,10581,0.01029968,0.00173055,1.01423264,1.01938248
372,1.01461411,0.99685072,10639,1.00421906,0.99509446,10530,0.01039505,0.00175626,1.00941658,1.01461411
373,0.55704117,0.99900010,5841,0.52251816,0.99903575,5479,0.03452301,-0.00003566,0.53977966,0.55704117
374,0.54025650,0.99902624,5665,0.51517487,0.99904946,5402,0.02508163,-0.00002322,0.52771568,0.54025650
375,0.55017471,0.99901975,5769,0.52137375,0.99903338,5467,0.02880096,-0.00001363,0.53577423,0.55017471
376,0.54512024,0.99901682,5716,0.51097870,0.99910228,5358,0.03414154,-0.00008546,0.52804947,0.54512024
377,0.55084229,0.99903178,5776,0.51002502,0.99905924,5348,0.04081726,-0.00002746,0.53043365,0.55084229
378,0.43973923,0.99899003,4611,0.50020218,0.99945015,5245,-0.06046295,-0.00046012,0.46997070,0.50020218
379,0.43487549,0.99899971,4560,0.49247742,0.99945455,5164,-0.05760193,-0.00045484,0.46367645,0.49247742
380,0.44479370,0.99901271,4664,0.48398972,0.99945612,5075,-0.03919601,-0.00044341,0.46439171,0.48398972
381,0.44727325,0.99900858,4690,0.48370361,0.99949931,5072,-0.03643036,-0.00049073,0.46548843,0.48370361
382,0.44412613,0.99902665,4657,0.46892166,0.99952689,4917,-0.02479553,-0.00050023,0.45652390,0.46892166
383,0.49695969,0.99920707,5211,0.36430359,0.99977645,3820,0.13265610,-0.00056938,0.43063164,0.49695969
384,0.49934387,0.99919976,5236,0.35123825,0.99978558,3683,0.14810562,-0.00058582,0.42529106,0.49934387
385,0.50392151,0.99918621,5284,0.33845901,0.99978894,3549,0.16546249,-0.00060273,0.42119026,0.50392151
386,0.52509308,0.99913931,5506,0.35352707,0.99973637,3707,0.17156601,-0.00059706,0.43931007,0.52509308
387,0.50592422,0.99916642,5305,0.33454895,0.99978512,3508,0.17137527,-0.00061870,0.42023659,0.50592422
388,0.36535263,0.99922537,3831,0.38480759,0.99977663,4035,-0.01945496,-0.00055127,0.37508011,0.38480759
389,0.35028458,0.99923995,3673,0.37527084,0.99979150,3935,-0.02498627,-0.00055154,0.36277771,0.37527084
390,0.34742355,0.99923262,3643,0.37498474,0.99979041,3932,-0.02756119,-0.00055779,0.36120415,0.37498474
391,0.34103394,0.99921325,3576,0.36144257,0.99979106,3790,-0.02040863,-0.00057781,0.35123825,0.36144257
392,0.34723282,0.99920475,3641,0.35343170,0.99979848,3706,-0.00619888,-0.00059373,0.35033226,0.35343170
393,0.33502579,0.99955427,3513,0.32339096,0.99981641,3391,0.01163483,-0.00026214,0.32920837,0.33502579
394,0.33216476,0.99955363,3483,0.32510757,0.99981894,3409,0.00705719,-0.00026531,0.32863617,0.33216476
395,0.33807755,0.99952787,3545,0.32072067,0.99982142,3363,0.01735687,-0.00029355,0.32939911,0.33807755
396,0.34599304,0.99952005,3628,0.32844543,0.99981818,3444,0.01754761,-0.00029813,0.33721924,0.34599304
397,0.34790039,0.99950838,3648,0.32997131,0.99982084,3460,0.01792908,-0.00031247,0.33893585,0.34790039
398,0.35362244,0.99950496,3708,0.33426285,0.99981101,3505,0.01935959,-0.00030604,0.34394264,0.35362244
399,0.44660568,0.99966340,4683,0.41809082,0.99972411,4384,0.02851486,-0.00006071,0.43234825,0.44660568
400,0.44975281,0.99966903,4716,0.42495728,0.99973045,4456,0.02479553,-0.00006142,0.43735504,0.44975281
401,0.45757294,0.99965958,4798,0.42791367,0.99973195,4487,0.02965927,-0.00007237,0.44274330,0.45757294
402,0.46281815,0.99965131,4853,0.42943954,0.99972156,4503,0.03337860,-0.00007025,0.44612885,0.46281815
403,0.45318604,0.99965709,4752,0.43048859,0.99972332,4514,0.02269745,-0.00006623,0.44183731,0.45318604
404,0.46262741,0.99965458,4851,0.43230057,0.99972499,4533,0.03032684,-0.00007041,0.44746399,0.46262741
405,0.38986206,0.99960835,4088,0.23603439,0.99991378,2475,0.15382767,-0.00030543,0.31294823,0.38986206
406,0.39367676,0.99959767,4128,0.24070740,0.99991260,2524,0.15296936,-0.00031493,0.31719208,0.39367676
407,0.38547516,0.99959541,4042,0.23069382,0.99990983,2419,0.15478134,-0.00031443,0.30808449,0.38547516
408,0.38890839,0.99959706,4078,0.24404526,0.99991000,2559,0.14486313,-0.00031294,0.31647682,0.38890839
409,0.39720535,0.99959455,4165,0.24108887,0.99991275,2528,0.15611649,-0.00031820,0.31914711,0.39720535
410,0.40006638,0.99958748,4195,0.24099350,0.99990805,2527,0.15907288,-0.00032058,0.32052994,0.40006638
411,0.60520172,0.99933317,6346,0.21438599,0.99985335,2248,0.39081573,-0.00052018,0.40979385,0.60520172
412,0.60949326,0.99932428,6391,0.21934509,0.99985105,2300,0.39014816,-0.00052677,0.41441917,0.60949326
413,0.59623718,0.99934242,6252,0.21638870,0.99984645,2269,0.37984848,-0.00050404,0.40631294,0.59623718
414,0.60272217,0.99935124,6320,0.21467209,0.99985552,2251,0.38805008,-0.00050428,0.40869713,0.60272217
415,0.61435699,0.99934541,6442,0.22134781,0.99984926,2321,0.39300919,-0.00050385,0.41785240,0.61435699
416,0.61912537,0.99930732,6492,0.22344589,0.99983795,2343,0.39567947,-0.00053064,0.42128563,0.61912537
417,0.63600540,0.99934740,6669,0.40550232,0.99911558,4252,0.23050308,0.00023183,0.52075386,0.63600540
418,0.63133240,0.99935706,6620,0.40311813,0.99913408,4227,0.22821426,0.00022298,0.51722527,0.63133240
419,0.62856674,0.99937467,6591,0.40712357,0.99916537,4269,0.22144318,0.00020930,0.51784515,0.62856674
420,0.62122345,0.99934927,6514,0.39205551,0.99920174,4111,0.22916794,0.00014754,0.50663948,0.62122345
421,0.60558319,0.99936297,6350,0.37317276,0.99925112,3913,0.23241043,0.00011185,0.48937798,0.60558319
422,0.59871674,0.99937472,6278,0.37260056,0.99931603,3907,0.22611618,0.00005869,0.48565865,0.59871674
423,0.61330795,0.99920350,6431,0.23946762,0.99955855,2511,0.37384033,-0.00035504,0.42638779,0.61330795
424,0.61645508,0.99918315,6464,0.23412704,0.99960248,2455,0.38232803,-0.00041933,0.42529106,0.61645508
425,0.61969757,0.99917334,6498,0.22573471,0.99962936,2367,0.39396286,-0.00045602,0.42271614,0.61969757
426,0.63629150,0.99916596,6672,0.22792816,0.99961879,2390,0.40836334,-0.00045283,0.43210983,0.63629150
427,0.64344406,0.99917275,6747,0.22907257,0.99965188,2402,0.41437149,-0.00047912,0.43625832,0.64344406
428,0.64535141,0.99914729,6767,0.22382736,0.99968378,2347,0.42152405,-0.00053649,0.43458939,0.64535141
429,0.60520172,0.99921213,6346,0.22563934,0.99984358,2366,0.37956238,-0.00063145,0.41542053,0.60520172
430,0.60625076,0.99918414,6357,0.23584366,0.99981042,2473,0.37040710,-0.00062628,0.42104721,0.60625076
431,0.60834885,0.99915866,6379,0.25196075,0.99976604,2642,0.35638809,-0.00060738,0.43015480,0.60834885
432,0.61311722,0.99916699,6429,0.25463104,0.99974296,2670,0.35848618,-0.00057596,0.43387413,0.61311722
433,0.61016083,0.99914615,6398,0.25482178,0.99972788,2672,0.35533905,-0.00058172,0.43249130,0.61016083
434,0.61683655,0.99913460,6468,0.25711060,0.99972358,2696,0.35972595,-0.00058898,0.43697357,0.61683655
435,1.01690292,0.99866579,10663,0.51641464,0.99932028,5415,0.50048828,-0.00065449,0.76665878,1.01690292
436,1.02567673,0.99865834,10755,0.55332184,0.99918043,5802,0.47235489,-0.00052209,0.78949928,1.02567673
437,1.04598999,0.99860783,10968,0.57935715,0.99914100,6075,0.46663284,-0.00053318,0.81267357,1.04598999
438,1.05552673,0.99858413,11068,0.59156418,0.99907009,6203,0.46396255,-0.00048596,0.82354546,1.05552673
439,1.04789734,0.99857867,10988,0.57516098,0.99910616,6031,0.47273636,-0.00052749,0.81152916,1.04789734
440,1.03282928,0.99855965,10830,0.56524277,0.99911524,5927,0.46758652,-0.00055559,0.79903603,1.03282928
441,0.88415146,0.99852561,9271,0.63591003,0.99880550,6668,0.24824142,-0.00027988,0.76003075,0.88415146
442,0.85420609,0.99863669,8957,0.63190460,0.99887300,6626,0.22230148,-0.00023631,0.74305534,0.85420609
443,0.82073212,0.99875481,8606,0.60520172,0.99894258,6346,0.21553040,-0.00018777,0.71296692,0.82073212
444,0.80547333,0.99883841,8446,0.60338974,0.99898810,6327,0.20208359,-0.00014969,0.70443153,0.80547333
445,0.80289841,0.99882752,8419,0.58469772,0.99904398,6131,0.21820068,-0.00021646,0.69379807,0.80289841
446,0.79412460,0.99882680,8327,0.58145523,0.99897851,6097,0.21266937,-0.00015171,0.68778992,0.79412460
447,0.63085556,0.99918515,6615,0.38051605,0.99962183,3990,0.25033951,-0.00043668,0.50568581,0.63085556
448,0.62694550,0.99921198,6574,0.38900375,0.99960567,4079,0.23794174,-0.00039369,0.50797462,0.62694550
449,0.63562393,0.99914533,6665,0.40206909,0.99958864,4216,0.23355484,-0.00044331,0.51884651,0.63562393
450,0.64191818,0.99913576,6731,0.40321350,0.99959550,4228,0.23870468,-0.00045975,0.52256584,0.64191818
451,0.64811707,0.99913290,6796,0.41265488,0.99958449,4327,0.23546219,-0.00045159,0.53038597,0.64811707
452,0.65870285,0.99912542,6907,0.41770935,0.99956223,4380,0.24099350,-0.00043681,0.53820610,0.65870285
453,1.33066177,0.99398498,13953,0.62112808,0.99880007,6513,0.70953369,-0.00481509,0.97589493,1.33066177
454,1.35431290,0.99379640,14201,0.62189102,0.99877292,6521,0.73242188,-0.00497652,0.98810196,1.35431290
455,1.36775970,0.99362102,14342,0.63514709,0.99874332,6660,0.73261261,-0.00512229,1.00145340,1.36775970
456,1.43480301,0.99328136,15045,0.63972473,0.99874411,6708,0.79507828,-0.00546274,1.03726387,1.43480301
457,1.45149231,0.99305419,15220,0.63676834,0.99873895,6677,0.81472397,-0.00568476,1.04413033,1.45149231
458,1.47581100,0.99288850,15475,0.63133240,0.99884171,6620,0.84447861,-0.00595321,1.05357170,1.47581100
459,1.23329163,0.99644512,12932,0.76351166,0.99788978,8006,0.46977997,-0.00144466,0.99840164,1.23329163
460,1.24807358,0.99641227,13087,0.75759888,0.99800407,7944,0.49047470,-0.00159180,1.00283623,1.24807358
461,1.25799179,0.99627303,13191,0.75607300,0.99809611,7928,0.50191879,-0.00182308,1.00703239,1.25799179
462,1.27286911,0.99623255,13347,0.75359344,0.99820216,7902,0.51927567,-0.00196961,1.01323128,1.27286911
463,1.28736496,0.99618521,13499,0.74539185,0.99833397,7816,0.54197311,-0.00214876,1.01637840,1.28736496
464,1.30338669,0.99616349,13667,0.75359344,0.99842026,7902,0.54979324,-0.00225676,1.02849007,1.30338669
465,0.87137222,0.99900684,9137,0.52061081,0.99908899,5459,0.35076141,-0.00008215,0.69599152,0.87137222
466,0.87795258,0.99901790,9206,0.49552917,0.99928846,5196,0.38242340,-0.00027057,0.68674088,0.87795258
467,0.88062286,0.99904622,9234,0.48465729,0.99939298,5082,0.39596558,-0.00034676,0.68264008,0.88062286
468,0.89855194,0.99898862,9422,0.48084259,0.99949239,5042,0.41770935,-0.00050376,0.68969727,0.89855194
469,0.90799332,0.99896379,9521,0.45595169,0.99954134,4781,0.45204163,-0.00057755,0.68197250,0.90799332
470,0.91896057,0.99897372,9636,0.47016144,0.99953650,4930,0.44879913,-0.00056277,0.69456100,0.91896057
471,0.89149475,0.99857988,9348,0.52614212,0.99937777,5517,0.36535263,-0.00079790,0.70881844,0.89149475
472,0.89406967,0.99858736,9375,0.53749084,0.99936924,5636,0.35657883,-0.00078188,0.71578026,0.89406967
473,0.89645386,0.99862203,9400,0.53520203,0.99936251,5612,0.36125183,-0.00074048,0.71582794,0.89645386
474,0.93116760,0.99856752,9764,0.55561066,0.99933853,5826,0.37555695,-0.00077102,0.74338913,0.93116760
475,0.94003677,0.99854086,9857,0.55799484,0.99932006,5851,0.38204193,-0.00077920,0.74901581,0.94003677
476,0.95148087,0.99850010,9977,0.57373047,0.99930527,6016,0.37775040,-0.00080517,0.76260567,0.95148087
477,0.89216232,0.99850135,9355,0.83551407,0.99904015,8761,0.05664825,-0.00053881,0.86383820,0.89216232
478,0.92115402,0.99844085,9659,0.85697174,0.99901133,8986,0.06418228,-0.00057049,0.88906288,0.92115402
479,0.93164444,0.99841127,9769,0.87003708,0.99895493,9123,0.06160736,-0.00054366,0.90084076,0.93164444
480,0.94785690,0.99840445,9939,0.88558197,0.99896151,9286,0.06227493,-0.00055706,0.91671944,0.94785690
481,0.95958710,0.99838161,10062,0.88672638,0.99894447,9298,0.07286072,-0.00056286,0.92315674,0.95958710
482,0.99000931,0.99838524,10381,0.91342926,0.99891582,9578,0.07658005,-0.00053058,0.95171928,0.99000931
483,1.60903931,0.99530529,16872,0.77447891,0.99906857,8121,0.83456039,-0.00376328,1.19175911,1.60903931
484,1.59902573,0.99531377,16767,0.79050064,0.99904073,8289,0.80852509,-0.00372696,1.19476318,1.59902573
485,1.61924362,0.99526749,16979,0.80537796,0.99898891,8445,0.81386566,-0.00372142,1.21231079,1.61924362
486,1.62868500,0.99520761,17078,0.81338882,0.99899159,8529,0.81529617,-0.00378398,1.22103691,1.62868500
487,1.62935257,0.99522871,17085,0.82626343,0.99897716,8664,0.80308914,-0.00374844,1.22780800,1.62935257
488,1.64213181,0.99522409,17219,0.83723068,0.99895756,8779,0.80490112,-0.00373347,1.23968124,1.64213181
489,2.01606750,0.99340107,21140,1.13153458,0.99791526,11865,0.88453293,-0.00451419,1.57380104,2.01606750
490,2.03008652,0.99344457,21287,1.14736557,0.99788296,12031,0.88272095,-0.00443839,1.58872604,2.03008652
491,2.06499100,0.99332683,21653,1.17435455,0.99782894,12314,0.89063644,-0.00450210,1.61967278,2.06499100
492,2.06766129,0.99334173,21681,1.18627548,0.99780326,12439,0.88138580,-0.00446153,1.62696838,2.06766129
493,2.06937790,0.99338329,21699,1.21793747,0.99776085,12771,0.85144043,-0.00437757,1.64365768,2.06937790
494,2.06890106,0.99331482,21694,1.24158859,0.99771298,13019,0.82731247,-0.00439816,1.65524483,2.06890106
495,0.63753128,0.99819767,6685,0.76808929,0.99885061,8054,-0.13055801,-0.00065295,0.70281029,0.76808929
496,0.62808990,0.99817239,6586,0.78735352,0.99877800,8256,-0.15926361,-0.00060561,0.70772171,0.78735352
497,0.63009262,0.99819279,6607,0.80871582,0.99868452,8480,-0.17862320,-0.00049173,0.71940422,0.80871582
498,0.63772202,0.99817955,6687,0.85334778,0.99853448,8948,-0.21562576,-0.00035493,0.74553490,0.85334778
499,0.62828064,0.99818760,6588,0.88348389,0.99838696,9264,-0.25520325,-0.00019936,0.75588226,0.88348389
500,0.63629150,0.99819483,6672,0.93030930,0.99822834,9755,-0.29401779,-0.00003351,0.78330040,0.93030930
501,0.73804855,0.99802530,7739,1.63516998,0.99638194,17146,-0.89712143,0.00164336,1.18660927,1.63516998
502,0.73137283,0.99806605,7669,1.68190002,0.99612482,17636,-0.95052719,0.00194123,1.20663643,1.68190002
503,0.73852539,0.99802062,7744,1.74894333,0.99584069,18339,-1.01041794,0.00217993,1.24373436,1.74894333
504,0.74281693,0.99802245,7789,1.81636810,0.99549559,19046,-1.07355118,0.00252686,1.27959251,1.81636810
505,0.74691772,0.99801674,7832,1.88417435,0.99504161,19757,-1.13725662,0.00297514,1.31554604,1.88417435
506,0.75521469,0.99796784,7919,1.94902420,0.99455945,20437,-1.19380951,0.00340840,1.35211945,1.94902420
507,2.37064362,0.99239250,24858,2.24714279,0.99175653,23563,0.12350082,0.00063597,2.30889320,2.37064362
508,2.36930847,0.99242063,24844,2.31142044,0.99132926,24237,0.05788803,0.00109137,2.34036446,2.36930847
509,2.37550735,0.99239878,24909,2.36587524,0.99094812,24808,0.00963211,0.00145067,2.37069130,2.37550735
510,2.41537094,0.99231634,25327,2.46152878,0.99041484,25811,-0.04615784,0.00190150,2.43844986,2.46152878
511,2.41470337,0.99234491,25320,2.54831314,0.98973033,26721,-0.13360977,0.00261458,2.48150826,2.54831314
512,2.41947174,0.99234119,25370,2.65607834,0.98913329,27851,-0.23660660,0.00320790,2.53777504,2.65607834
513,1.98717117,0.99369233,20837,2.34680176,0.99279210,24608,-0.35963058,0.00090023,2.16698647,2.34680176
514,1.99270248,0.99370281,20895,2.45275497,0.99233500,25719,-0.46005249,0.00136782,2.22272873,2.45275497
515,1.99146271,0.99367116,20882,2.55842209,0.99186359,26827,-0.56695938,0.00180758,2.27494240,2.55842209
516,2.01311111,0.99362816,21109,2.68526077,0.99131114,28157,-0.67214966,0.00231702,2.34918594,2.68526077
517,2.02465057,0.99362618,21230,2.81925201,0.99079602,29562,-0.79460144,0.00283016,2.42195129,2.81925201
518,2.04534531,0.99355058,21447,2.93483734,0.99034304,30774,-0.88949203,0.00320753,2.49009132,2.93483734
519,3.13034058,0.99029254,32824,2.14242935,0.99323115,22465,0.98791122,-0.00293861,2.63638496,3.13034058
520,3.12709808,0.99029957,32790,2.23245621,0.99284735,23409,0.89464188,-0.00254778,2.67977715,3.12709808
521,3.15151215,0.99020275,33046,2.32524872,0.99251696,24382,0.82626343,-0.00231421,2.73838043,3.15151215
522,3.15179825,0.99015237,33049,2.39744186,0.99219492,25139,0.75435638,-0.00204255,2.77462006,3.15179825
523,3.14826965,0.99004624,33012,2.46582031,0.99186455,25856,0.68244934,-0.00181830,2.80704498,3.14826965
524,3.16972733,0.98995593,33237,2.51445770,0.99163086,26366,0.65526962,-0.00167493,2.84209251,3.16972733
525,1.83086395,0.99485907,19198,0.59461594,0.99846672,6235,1.23624802,-0.00360765,1.21273994,1.83086395
526,1.83839798,0.99483678,19277,0.61092377,0.99843458,6406,1.22747421,-0.00359780,1.22466087,1.83839798
527,1.84068680,0.99481250,19301,0.61779022,0.99840405,6478,1.22289658,-0.00359155,1.22923851,1.84068680
528,1.84392929,0.99480590,19335,0.63457489,0.99836899,6654,1.20935440,-0.00356309,1.23925209,1.84392929
529,1.85565948,0.99474701,19458,0.65555573,0.99830521,6874,1.20010376,-0.00355820,1.25560760,1.85565948
530,1.83725357,0.99477789,19265,0.64716339,0.99830582,6786,1.19009018,-0.00352794,1.24220848,1.83725357
531,2.80485153,0.99123793,29411,0.79326630,0.99786962,8318,2.01158524,-0.00663169,1.79905891,2.80485153
532,2.92615891,0.99088112,30683,0.84409714,0.99772592,8851,2.08206177,-0.00684481,1.88512802,2.92615891
533,3.03688049,0.99038601,31844,0.87270737,0.99754148,9151,2.16417313,-0.00715547,1.95479393,3.03688049
534,3.11136246,0.99000929,32625,0.93021393,0.99728652,9754,2.18114853,-0.00727723,2.02078819,3.11136246
535,3.17697525,0.98969796,33313,0.98857880,0.99704638,10366,2.18839645,-0.00734842,2.08277702,3.17697525
536,3.23343277,0.98928750,33905,1.03855133,0.99675385,10890,2.19488144,-0.00746635,2.13599205,3.23343277
537,4.13036346,0.98552473,43310,2.29597092,0.99163551,24075,1.83439255,-0.00611078,3.21316719,4.13036346
538,4.20169830,0.98498703,44058,2.41956711,0.99100212,25371,1.78213120,-0.00601509,3.31063271,4.20169830
539,4.29058075,0.98424882,44990,2.50034332,0.99043576,26218,1.79023743,-0.00618694,3.39546204,4.29058075
540,4.38003540,0.98358625,45928,2.66637802,0.98964689,27959,1.71365738,-0.00606064,3.52320671,4.38003540
541,4.48608398,0.98278711,47040,2.79350281,0.98894692,29292,1.69258118,-0.00615981,3.63979340,4.48608398
542,4.68273163,0.98185791,49102,2.94456482,0.98825947,30876,1.73816681,-0.00640157,3.81364822,4.68273163
543,4.72745895,0.98128608,49571,2.05907822,0.99071763,21591,2.66838074,-0.00943155,3.39326859,4.72745895
544,4.81042862,0.98040146,50441,2.09426880,0.99027544,21960,2.71615982,-0.00987398,3.45234871,4.81042862
545,4.90274429,0.97931673,51409,2.10571289,0.98986043,22080,2.79703140,-0.01054371,3.50422859,4.90274429
546,5.01585007,0.97839431,52595,2.15940475,0.98937806,22643,2.85644531,-0.01098375,3.58762741,5.01585007
547,5.10072708,0.97703368,53485,2.18372345,0.98881352,22898,2.91700363,-0.01177985,3.64222527,5.10072708
548,5.18064499,0.97615562,54323,2.20727921,0.98836690,23145,2.97336578,-0.01221128,3.69396210,5.18064499
549,3.20358276,0.98444327,33592,2.02770233,0.98774958,21262,1.17588043,-0.00330631,2.61564255,3.20358276
550,3.33757401,0.98345997,34997,2.04839706,0.98717877,21479,1.28917694,-0.00371880,2.69298553,3.33757401
551,3.49473953,0.98234808,36645,2.08244324,0.98668419,21836,1.41229630,-0.00433612,2.78859138,3.49473953
552,3.60670090,0.98145431,37819,2.11305618,0.98611899,22157,1.49364471,-0.00466469,2.85987854,3.60670090
553,3.70340347,0.98027662,38833,2.13785172,0.98552099,22417,1.56555176,-0.00524437,2.92062759,3.70340347
554,3.85704041,0.97912210,40444,2.17552185,0.98497921,22812,1.68151855,-0.00585711,3.01628113,3.85704041
555,2.29701996,0.99304161,24086,1.59893036,0.98933551,16766,0.69808960,0.00370610,1.94797516,2.29701996
556,2.34651566,0.99290691,24605,1.61199570,0.98915074,16903,0.73451996,0.00375617,1.97925568,2.34651566
557,2.40707397,0.99263158,25240,1.62220001,0.98909734,17010,0.78487396,0.00353424,2.01463699,2.40707397
558,2.42309570,0.99258386,25408,1.61571503,0.98912107,16942,0.80738068,0.00346279,2.01940536,2.42309570
559,2.47430801,0.99241144,25945,1.62591934,0.98916767,17049,0.84838867,0.00324377,2.05011368,2.47430801
560,2.48680115,0.99246062,26076,1.61590576,0.98924173,16944,0.87089539,0.00321889,2.05135345,2.48680115
561,2.93970108,0.98803190,30825,2.36635208,0.98210131,24813,0.57334900,0.00593059,2.65302658,2.93970108
562,2.95000076,0.98818163,30933,2.38389969,0.98187033,24997,0.56610107,0.00631130,2.66695023,2.95000076
563,2.98147202,0.98799870,31263,2.38733292,0.98164417,25033,0.59413910,0.00635453,2.68440247,2.98147202
564,2.99329758,0.98815624,31387,2.41012573,0.98156534,25272,0.58317184,0.00659090,2.70171165,2.99329758
565,3.01761627,0.98815509,31642,2.42767334,0.98144834,25456,0.58994293,0.00670675,2.72264481,3.01761627
566,3.01933289,0.98831408,31660,2.42042542,0.98139060,25380,0.59890747,0.00692349,2.71987915,3.01933289
567,3.04279327,0.98832443,31906,2.44884491,0.98135322,25678,0.59394836,0.00697121,2.74581909,3.04279327
568,1.99594498,0.99624126,20929,0.85525513,0.99833799,8968,1.14068985,-0.00209673,1.42560005,1.99594498
569,1.99546814,0.99630536,20924,0.86755753,0.99823407,9097,1.12791061,-0.00192872,1.43151283,1.99546814
570,2.02035904,0.99616671,21185,0.90599060,0.99806555,9500,1.11436844,-0.00189884,1.46317482,2.02035904
571,2.00986862,0.99622521,21075,0.93698502,0.99786879,9825,1.07288361,-0.00164359,1.47342682,2.00986862
572,2.03218460,0.99615571,21309,0.97579956,0.99770193,10232,1.05638504,-0.00154622,1.50399208,2.03218460
573,2.02655792,0.99620761,21250,1.00975037,0.99758449,10588,1.01680756,-0.00137688,1.51815414,2.02655792
574,2.05106735,0.99609741,21507,1.04408264,0.99730138,10948,1.00698471,-0.00120396,1.54757500,2.05106735
575,1.39112473,0.99714496,14587,0.73432922,0.99826393,7700,0.65679550,-0.00111897,1.06272697,1.39112473
576,1.36976242,0.99718871,14363,0.76017380,0.99812819,7971,0.60958862,-0.00093948,1.06496811,1.36976242
577,1.37920380,0.99715974,14462,0.76828003,0.99810314,8056,0.61092377,-0.00094341,1.07374191,1.37920380
578,1.38463974,0.99729140,14519,0.79107285,0.99794668,8295,0.59356689,-0.00065528,1.08785629,1.38463974
579,1.42660141,0.99708519,14959,0.81119537,0.99787979,8506,0.61540604,-0.00079460,1.11889839,1.42660141
580,1.44281387,0.99695955,15129,0.82015991,0.99788085,8600,0.62265396,-0.00092129,1.13148689,1.44281387
581,1.46207809,0.99681108,15331,0.83160400,0.99779466,8720,0.63047409,-0.00098359,1.14684105,1.46207809
582,1.74293518,0.99474337,18276,1.26905441,0.99508116,13307,0.47388077,-0.00033780,1.50599480,1.74293518
583,1.75418854,0.99475376,18394,1.27067566,0.99487430,13324,0.48351288,-0.00012054,1.51243210,1.75418854
584,1.82867050,0.99447140,19175,1.29756927,0.99461653,13606,0.53110123,-0.00014513,1.56311989,1.82867050
585,1.89838409,0.99399133,19906,1.32417679,0.99432827,13885,0.57420731,-0.00033694,1.61128044,1.89838409
586,1.91049576,0.99376822,20033,1.32589340,0.99424176,13903,0.58460236,-0.00047354,1.61819458,1.91049576
587,1.94683075,0.99352100,20414,1.36175156,0.99399963,14279,0.58507919,-0.00047863,1.65429115,1.94683075
588,1.99108124,0.99317015,20878,1.39827728,0.99371648,14662,0.59280396,-0.00054633,1.69467926,1.99108124
589,1.70202255,0.99471589,17847,1.18045807,0.99720798,12378,0.52156448,-0.00249209,1.44124031,1.70202255
590,1.74026489,0.99472814,18248,1.19438171,0.99723028,12524,0.54588318,-0.00250214,1.46732330,1.74026489
591,1.74198151,0.99458786,18266,1.18112564,0.99715123,12385,0.56085587,-0.00256336,1.46155357,1.74198151
592,1.74131393,0.99455015,18259,1.16930008,0.99707072,12261,0.57201385,-0.00252057,1.45530701,1.74131393
593,1.75065994,0.99440419,18357,1.14746094,0.99709112,12032,0.60319901,-0.00268693,1.44906044,1.75065994
594,1.72472000,0.99437906,18085,1.11417770,0.99708425,11683,0.61054230,-0.00270519,1.41944885,1.72472000
595,1.76038742,0.99424381,18459,1.13477707,0.99712946,11899,0.62561035,-0.00288565,1.44758224,1.76038742
596,2.21366882,0.99200946,23212,0.88014603,0.99812304,9229,1.33352280,-0.00611358,1.54690742,2.21366882
597,2.18563080,0.99205602,22918,0.85573196,0.99825723,8973,1.32989883,-0.00620121,1.52068138,2.18563080
598,2.21738815,0.99200948,23251,0.87995529,0.99826988,9227,1.33743286,-0.00626039,1.54867172,2.21738815
599,2.22024918,0.99220385,23281,0.87289810,0.99820075,9153,1.34735107,-0.00599690,1.54657364,2.22024918
600,2.18925476,0.99261148,22956,0.87413788,0.99826915,9166,1.31511688,-0.00565767,1.53169632,2.18925476
601,2.19182968,0.99289035,22983,0.88033676,0.99816310,9231,1.31149292,-0.00527275,1.53608322,2.19182968
602,2.17943192,0.99320477,22853,0.89340210,0.99816099,9368,1.28602982,-0.00495622,1.53641701,2.17943192
603,2.74505615,0.98854910,28784,1.56040192,0.99815318,16362,1.18465424,-0.00960408,2.15272903,2.74505615
604,2.73323059,0.98925605,28660,1.56908035,0.99820311,16453,1.16415024,-0.00894706,2.15115547,2.73323059
605,2.72731781,0.98966950,28598,1.60799026,0.99806669,16861,1.11932755,-0.00839719,2.16765404,2.72731781
606,2.68468857,0.99022534,28151,1.59006119,0.99805938,16673,1.09462738,-0.00783404,2.13737488,2.68468857
607,2.65035629,0.99072360,27791,1.62897110,0.99803006,17081,1.02138519,-0.00730646,2.13966370,2.65035629
608,2.65693665,0.99093389,27860,1.60150528,0.99805686,16793,1.05543137,-0.00712296,2.12922096,2.65693665
609,2.66742706,0.99127074,27970,1.63516998,0.99798622,17146,1.03225708,-0.00671548,2.15129852,2.66742706
610,2.43024826,0.99088648,25483,1.21631622,0.99791268,12754,1.21393204,-0.00702620,1.82328224,2.43024826
611,2.40850449,0.99142887,25255,1.18713379,0.99808603,12448,1.22137070,-0.00665716,1.79781914,2.40850449
612,2.42729187,0.99180398,25452,1.18045807,0.99815678,12378,1.24683380,-0.00635279,1.80387497,2.42729187
613,2.42118835,0.99211786,25388,1.17292404,0.99813933,12299,1.24826431,-0.00602146,1.79705620,2.42118835
614,2.40592957,0.99231342,25228,1.13391876,0.99826679,11890,1.27201080,-0.00595337,1.76992416,2.40592957
615,2.45504379,0.99227469,25743,1.12094879,0.99830051,11754,1.33409500,-0.00602582,1.78799629,2.45504379
616,2.42366791,0.99241537,25414,1.12352371,0.99832826,11781,1.30014420,-0.00591289,1.77359581,2.42366791
617,2.11601257,0.99256512,22188,0.78907013,0.99901081,8274,1.32694244,-0.00644569,1.45254135,2.11601257
618,2.08969116,0.99251434,21912,0.78744888,0.99893589,8257,1.30224228,-0.00642154,1.43857002,2.08969116
619,2.13184357,0.99245251,22354,0.78325272,0.99901342,8213,1.34859085,-0.00656091,1.45754814,2.13184357
620,2.16073990,0.99229597,22657,0.80327988,0.99899678,8423,1.35746002,-0.00670082,1.48200989,2.16073990
621,2.19440460,0.99207875,23010,0.80614090,0.99897528,8453,1.38826370,-0.00689653,1.50027275,2.19440460
622,2.23140717,0.99180375,23398,0.82130432,0.99898676,8612,1.41010284,-0.00718301,1.52635574,2.23140717
623,2.29501724,0.99149833,24065,0.86088181,0.99886826,9027,1.43413544,-0.00736994,1.57794952,2.29501724
624,3.15103531,0.98783403,33041,1.61895752,0.99701979,16976,1.53207779,-0.00918576,2.38499641,3.15103531
625,3.20405960,0.98731250,33597,1.66034698,0.99673537,17410,1.54371262,-0.00942287,2.43220329,3.20405960
626,3.29008102,0.98685883,34499,1.68504715,0.99654434,17669,1.60503387,-0.00968551,2.48756409,3.29008102
627,3.32593918,0.98640039,34875,1.65500641,0.99658114,17354,1.67093277,-0.01018075,2.49047279,3.32593918
628,3.40642929,0.98602711,35719,1.69801712,0.99649467,17805,1.70841217,-0.01046756,2.55222321,3.40642929
629,3.43837738,0.98562141,36054,1.69563293,0.99644502,17780,1.74274445,-0.01082361,2.56700516,3.43837738
630,3.46908569,0.98538438,36376,1.67446136,0.99653221,17558,1.79462433,-0.01114784,2.57177353,3.46908569
631,4.76484299,0.98203271,49963,1.80997849,0.99526009,18979,2.95486450,-0.01322738,3.28741074,4.76484299
632,4.70991135,0.98232108,49387,1.79700851,0.99536417,18843,2.91290283,-0.01304309,3.25345993,4.70991135
633,4.69665527,0.98255057,49248,1.77774429,0.99533940,18641,2.91891098,-0.01278884,3.23719978,4.69665527
634,4.63943481,0.98281062,48648,1.77278519,0.99537884,18589,2.86664963,-0.01256823,3.20611000,4.63943481
635,4.60681915,0.98308373,48306,1.75991058,0.99533217,18454,2.84690857,-0.01224844,3.18336487,4.60681915
636,4.56686020,0.98328415,47887,1.74522400,0.99536305,18300,2.82163620,-0.01207890,3.15604210,4.56686020
637,4.52747345,0.98368893,47474,1.72023773,0.99542037,18038,2.80723572,-0.01173144,3.12385559,4.52747345
638,3.22713852,0.99064223,33839,1.81140900,0.99447735,18994,1.41572952,-0.00383512,2.51927376,3.22713852
639,3.23047638,0.99061376,33874,1.81322098,0.99443423,19013,1.41725540,-0.00382046,2.52184868,3.23047638
640,3.20053101,0.99060231,33560,1.78117752,0.99441946,18677,1.41935349,-0.00381716,2.49085426,3.20053101
641,3.19881439,0.99059658,33542,1.81026459,0.99434940,18982,1.38854980,-0.00375282,2.50453949,3.19881439
642,3.20539474,0.99060541,33611,1.78747177,0.99431279,18743,1.41792297,-0.00370739,2.49643326,3.20539474
643,3.20367813,0.99047832,33593,1.77764893,0.99423678,18640,1.42602921,-0.00375845,2.49066353,3.20367813
644,3.19004059,0.99051506,33450,1.76305771,0.99423363,18487,1.42698288,-0.00371856,2.47654915,3.19004059
645,3.71026993,0.99023662,38905,1.53703690,0.99584378,16117,2.17323303,-0.00560716,2.62365341,3.71026993
646,3.68461609,0.99035980,38636,1.53865814,0.99584071,16134,2.14595795,-0.00548091,2.61163712,3.68461609
647,3.70140076,0.99024159,38812,1.50289536,0.99603397,15759,2.19850540,-0.00579237,2.60214806,3.70140076
648,3.67660522,0.99019766,38552,1.51968002,0.99603020,15935,2.15692520,-0.00583255,2.59814262,3.67660522
649,3.65953445,0.99030057,38373,1.49135590,0.99613346,15638,2.16817856,-0.00583289,2.57544518,3.65953445
650,3.62844467,0.99032579,38047,1.50613785,0.99606082,15793,2.12230682,-0.00573503,2.56729126,3.62844467
651,3.59325409,0.99047061,37678,1.48954391,0.99604855,15619,2.10371017,-0.00557794,2.54139900,3.59325409
652,3.34749222,0.99091943,35101,0.87490082,0.99831817,9174,2.47259140,-0.00739874,2.11119652,3.34749222
653,3.30553055,0.99103040,34661,0.87127686,0.99829309,9136,2.43425369,-0.00726269,2.08840370,3.30553055
654,3.29208374,0.99113530,34520,0.87127686,0.99831189,9136,2.42080688,-0.00717659,2.08168030,3.29208374
655,3.26652527,0.99122446,34252,0.86231232,0.99827792,9042,2.40421295,-0.00705346,2.06441879,3.26652527
656,3.26938629,0.99130912,34282,0.87699890,0.99830543,9196,2.39238739,-0.00699631,2.07319260,3.26938629
657,3.22923660,0.99120798,33861,0.86526871,0.99826484,9073,2.36396790,-0.00705686,2.04725266,3.22923660
658,3.21674347,0.99128642,33730,0.87299347,0.99830777,9154,2.34375000,-0.00702135,2.04486847,3.21674347
659,2.01931000,0.99345916,21174,0.77610016,0.99896684,8138,1.24320984,-0.00550768,1.39770508,2.01931000
660,2.00376511,0.99349207,21011,0.75988770,0.99898582,7968,1.24387741,-0.00549375,1.38182640,2.00376511
661,2.03351974,0.99337510,21323,0.75273514,0.99901904,7893,1.28078461,-0.00564394,1.39312744,2.03351974
662,2.03819275,0.99348582,21372,0.75149536,0.99899041,7880,1.28669739,-0.00550459,1.39484406,2.03819275
663,2.05030441,0.99344658,21499,0.75912476,0.99901904,7960,1.29117966,-0.00557247,1.40471458,2.05030441
664,2.06975937,0.99335921,21703,0.76360703,0.99898482,8007,1.30615234,-0.00562560,1.41668320,2.06975937
665,2.07185745,0.99324565,21725,0.76427460,0.99898429,8014,1.30758286,-0.00573865,1.41806602,2.07185745
666,1.53293610,0.99525541,16074,0.49705505,0.99933331,5212,1.03588104,-0.00407790,1.01499557,1.53293610
667,1.53255463,0.99528459,16070,0.50725937,0.99932787,5319,1.02529526,-0.00404329,1.01990700,1.53255463
668,1.57804489,0.99504849,16547,0.51708221,0.99930068,5422,1.06096268,-0.00425219,1.04756355,1.57804489
669,1.57737732,0.99506097,16540,0.51727295,0.99927983,5424,1.06010437,-0.00421886,1.04732513,1.57737732
670,1.59683228,0.99500730,16744,0.52347183,0.99930823,5489,1.07336044,-0.00430093,1.06015205,1.59683228
671,1.59120560,0.99499463,16685,0.50239563,0.99931462,5268,1.08880997,-0.00431998,1.04680061,1.59120560
672,1.60608292,0.99491226,16841,0.50058365,0.99932993,5249,1.10549927,-0.00441767,1.05333328,1.60608292
673,1.63946152,0.99479928,17191,0.53129196,0.99916614,5571,1.10816956,-0.00436686,1.08537674,1.63946152
674,1.64012909,0.99461684,17198,0.50954819,0.99916840,5343,1.13058090,-0.00455156,1.07483864,1.64012909
675,1.67665482,0.99466685,17581,0.53224564,0.99917449,5581,1.14440918,-0.00450764,1.10445023,1.67665482
676,1.67608261,0.99458795,17575,0.54540634,0.99916975,5719,1.13067627,-0.00458180,1.11074448,1.67608261
677,1.69267654,0.99452084,17749,0.55456161,0.99916997,5815,1.13811493,-0.00464913,1.12361908,1.69267654
678,1.68132782,0.99453341,17630,0.56591034,0.99916296,5934,1.11541748,-0.00462954,1.12361908,1.68132782
679,1.72119141,0.99450122,18048,0.59490204,0.99916091,6238,1.12628937,-0.00465969,1.15804672,1.72119141
680,1.55067444,0.99436726,16260,0.65898895,0.99861099,6910,0.89168549,-0.00424373,1.10483170,1.55067444
681,1.52864456,0.99439870,16029,0.66165924,0.99861480,6938,0.86698532,-0.00421610,1.09515190,1.52864456
682,1.55239105,0.99427178,16278,0.66270828,0.99865367,6949,0.88968277,-0.00438190,1.10754967,1.55239105
683,1.55267715,0.99433666,16281,0.67071915,0.99859750,7033,0.88195801,-0.00426085,1.11169815,1.55267715
684,1.57842636,0.99415886,16551,0.69103241,0.99863636,7246,0.88739395,-0.00447751,1.13472939,1.57842636
685,1.59807205,0.99420036,16757,0.72507858,0.99856203,7603,0.87299347,-0.00436168,1.16157532,1.59807205
686,1.59626007,0.99420253,16738,0.73356628,0.99859905,7692,0.86269379,-0.00439652,1.16491318,1.59626007
687,1.38196945,0.99664774,14491,0.65212250,0.99888379,6838,0.72984695,-0.00223605,1.01704597,1.38196945
688,1.36718750,0.99665946,14336,0.66356659,0.99880246,6958,0.70362091,-0.00214300,1.01537704,1.36718750
689,1.38769150,0.99667719,14551,0.67129135,0.99874628,7039,0.71640015,-0.00206909,1.02949142,1.38769150
690,1.37481689,0.99665020,14416,0.66509247,0.99871611,6974,0.70972443,-0.00206591,1.01995468,1.37481689
691,1.42402649,0.99655234,14932,0.70075989,0.99863492,7348,0.72326660,-0.00208258,1.06239319,1.42402649
692,1.41582489,0.99656607,14846,0.68883896,0.99859517,7223,0.72698593,-0.00202910,1.05233192,1.41582489
693,1.41439438,0.99650389,14831,0.69637299,0.99858466,7302,0.71802139,-0.00208077,1.05538368,1.41439438
694,1.64566040,0.99531831,17256,0.54178238,0.99914425,5681,1.10387802,-0.00382593,1.09372139,1.64566040
695,1.66406631,0.99526731,17449,0.55255890,0.99914769,5794,1.11150742,-0.00388038,1.10831261,1.66406631
696,1.70993805,0.99513777,17930,0.58412552,0.99907595,6125,1.12581253,-0.00393818,1.14703178,1.70993805
697,1.72195435,0.99507227,18056,0.60729980,0.99898517,6368,1.11465454,-0.00391290,1.16462708,1.72195435
698,1.76048279,0.99489034,18460,0.64201355,0.99880578,6732,1.11846924,-0.00391544,1.20124817,1.76048279
699,1.79634094,0.99463583,18836,0.67548752,0.99866364,7083,1.12085342,-0.00402780,1.23591423,1.79634094
700,1.81980133,0.99453081,19082,0.71086884,0.99853559,7454,1.10893250,-0.00400478,1.26533508,1.81980133
701,2.15845108,0.99295417,22633,0.81853867,0.99833753,8583,1.33991241,-0.00538336,1.48849487,2.15845108
702,2.20384598,0.99285295,23109,0.86832047,0.99813875,9105,1.33552551,-0.00528579,1.53608322,2.20384598
703,2.24294662,0.99272539,23519,0.88958740,0.99808395,9328,1.35335922,-0.00535857,1.56626701,2.24294662
704,2.22158432,0.99277227,23295,0.88634491,0.99809557,9294,1.33523941,-0.00532331,1.55396461,2.22158432
705,2.29253769,0.99266150,24039,0.93755722,0.99800860,9831,1.35498047,-0.00534710,1.61504745,2.29253769
706,2.27689743,0.99269396,23875,0.92945099,0.99802629,9746,1.34744644,-0.00533233,1.60317421,2.27689743
707,2.28948593,0.99269443,24007,0.94833374,0.99796135,9944,1.34115219,-0.00526691,1.61890984,2.28948593
708,2.46658325,0.99171433,25864,1.01118088,0.99794377,10603,1.45540237,-0.00622944,1.73888206,2.46658325
709,2.44054794,0.99176621,25591,1.00593567,0.99793486,10548,1.43461227,-0.00616865,1.72324181,2.44054794
710,2.43988037,0.99171882,25584,1.00822449,0.99792736,10572,1.43165588,-0.00620854,1.72405243,2.43988037
711,2.42891312,0.99176116,25469,1.02119446,0.99791148,10708,1.40771866,-0.00615032,1.72505379,2.42891312
712,2.42815018,0.99172776,25461,1.01785660,0.99791421,10673,1.41029358,-0.00618645,1.72300339,2.42815018
713,2.41909027,0.99163613,25366,1.01509094,0.99791322,10644,1.40399933,-0.00627709,1.71709061,2.41909027
714,2.39810944,0.99168411,25146,1.01814270,0.99786195,10676,1.37996674,-0.00617784,1.70812607,2.39810944
715,1.70955658,0.99398761,17926,0.86889267,0.99794480,9111,0.84066391,-0.00395719,1.28922462,1.70955658
716,1.71422958,0.99395101,17975,0.87528229,0.99787118,9178,0.83894730,-0.00392017,1.29475594,1.71422958
717,1.69782639,0.99386879,17803,0.86736679,0.99783556,9095,0.83045959,-0.00396677,1.28259659,1.69782639
718,1.71451569,0.99383531,17978,0.88977814,0.99782830,9330,0.82473755,-0.00399298,1.30214691,1.71451569
719,1.72328949,0.99379486,18070,0.89702606,0.99774187,9406,0.82626343,-0.00394701,1.31015778,1.72328949
720,1.71995163,0.99372558,18035,0.91218948,0.99775438,9565,0.80776215,-0.00402880,1.31607056,1.71995163
721,1.71499252,0.99376032,17983,0.92401505,0.99774515,9689,0.79097748,-0.00398483,1.31950378,1.71499252
722,1.80635452,0.99424476,18941,0.84762573,0.99890042,8888,0.95872879,-0.00465566,1.32699013,1.80635452
723,1.80492401,0.99417977,18926,0.84238052,0.99890192,8833,0.96254349,-0.00472215,1.32365227,1.80492401
724,1.81245804,0.99426855,19005,0.86593628,0.99888694,9080,0.94652176,-0.00461839,1.33919716,1.81245804
725,1.81045532,0.99429458,18984,0.86011887,0.99890069,9019,0.95033646,-0.00460611,1.33528709,1.81045532
726,1.82313919,0.99429814,19117,0.86174011,0.99886788,9036,0.96139908,-0.00456974,1.34243965,1.82313919
727,1.83677673,0.99427266,19260,0.87804794,0.99885899,9207,0.95872879,-0.00458633,1.35741234,1.83677673
728,1.81531906,0.99433592,19035,0.88176727,0.99885214,9246,0.93355179,-0.00451622,1.34854317,1.81531906
729,1.96428299,0.99369618,20597,0.96054077,0.99846281,10072,1.00374222,-0.00476662,1.46241188,1.96428299
730,1.94625854,0.99381012,20408,0.97360611,0.99843480,10209,0.97265244,-0.00462468,1.45993233,1.94625854
731,1.97916031,0.99380453,20753,0.97484589,0.99847733,10222,1.00431442,-0.00467280,1.47700310,1.97916031
732,1.97544098,0.99384662,20714,0.98953247,0.99849172,10376,0.98590851,-0.00464510,1.48248672,1.97544098
733,1.97601318,0.99398923,20720,1.00727081,0.99843820,10562,0.96874237,-0.00444897,1.49164200,1.97601318
734,2.00042725,0.99393354,20976,1.00955963,0.99844733,10586,0.99086761,-0.00451379,1.50499344,2.00042725
735,2.00901031,0.99398179,21066,1.01957321,0.99844779,10691,0.98943710,-0.00446600,1.51429176,2.00901031
736,1.63822174,0.99549331,17178,1.17883682,0.99724364,12361,0.45938492,-0.00175033,1.40852928,1.63822174
737,1.64833069,0.99548531,17284,1.19056702,0.99725249,12484,0.45776367,-0.00176719,1.41944885,1.64833069
738,1.65205002,0.99562058,17323,1.19819641,0.99724884,12564,0.45385361,-0.00162826,1.42512321,1.65205002
739,1.65243149,0.99576714,17327,1.19915009,0.99733166,12574,0.45328140,-0.00156452,1.42579079,1.65243149
740,1.66130066,0.99583533,17420,1.21288300,0.99740052,12718,0.44841766,-0.00156520,1.43709183,1.66130066
741,1.65338516,0.99602168,17337,1.22013092,0.99740271,12794,0.43325424,-0.00138103,1.43675804,1.65338516
742,1.65472031,0.99630870,17351,1.21707916,0.99764482,12762,0.43764114,-0.00133612,1.43589973,1.65472031
743,2.16608047,0.99544759,22713,1.23243332,0.99799997,12923,0.93364716,-0.00255238,1.69925690,2.16608047
744,2.18992233,0.99536775,22963,1.24311447,0.99800456,13035,0.94680786,-0.00263681,1.71651840,2.18992233
745,2.18858719,0.99520639,22949,1.24177933,0.99791794,13021,0.94680786,-0.00271155,1.71518326,2.18858719
746,2.20031738,0.99503535,23072,1.24273300,0.99782452,13031,0.95758438,-0.00278917,1.72152519,2.20031738
747,2.20060349,0.99483750,23075,1.24540329,0.99774292,13059,0.95520020,-0.00290542,1.72300339,2.20060349
748,2.19869614,0.99465781,23055,1.24464035,0.99767446,13051,0.95405579,-0.00301666,1.72166824,2.19869614
749,2.20413208,0.99456633,23112,1.26352310,0.99767080,13249,0.94060898,-0.00310447,1.73382759,2.20413208
750,1.93281174,0.99548625,20267,1.25064850,0.99773803,13114,0.68216324,-0.00225178,1.59173012,1.93281174
751,1.92565918,0.99537841,20192,1.24855042,0.99771491,13092,0.67710876,-0.00233649,1.58710480,1.92565918
752,1.95093155,0.99527178,20457,1.26409531,0.99768201,13255,0.68683624,-0.00241024,1.60751343,1.95093155
753,1.95674896,0.99513717,20518,1.27048492,0.99765255,13322,0.68626404,-0.00251538,1.61361694,1.95674896
754,1.95178986,0.99503310,20466,1.27353668,0.99755904,13354,0.67825317,-0.00252594,1.61266327,1.95178986
755,1.96580887,0.99487539,20613,1.27477646,0.99753842,13367,0.69103241,-0.00266303,1.62029266,1.96580887
756,1.97000504,0.99477841,20657,1.27086639,0.99751139,13326,0.69913864,-0.00273298,1.62043571,1.97000504
757,2.12574005,0.99322230,22290,1.28126144,0.99755254,13435,0.84447861,-0.00433024,1.70350075,2.12574005
758,2.12879181,0.99297832,22322,1.28164291,0.99747239,13439,0.84714890,-0.00449406,1.70521736,2.12879181
759,2.12411880,0.99294275,22273,1.29594803,0.99747640,13589,0.82817078,-0.00453365,1.71003342,2.12411880
760,2.15158463,0.99259052,22561,1.31034851,0.99732859,13740,0.84123611,-0.00473808,1.73096657,2.15158463
761,2.14757919,0.99248074,22519,1.30319595,0.99739026,13665,0.84438324,-0.00490952,1.72538757,2.14757919
762,2.16093063,0.99214108,22659,1.32884979,0.99725983,13934,0.83208084,-0.00511875,1.74489021,2.16093063
763,2.17647552,0.99189825,22822,1.33142471,0.99723697,13961,0.84505081,-0.00533872,1.75395012,2.17647552
764,2.60448456,0.98997841,27310,1.48105621,0.99630619,15530,1.12342834,-0.00632778,2.04277039,2.60448456
765,2.60105133,0.98972689,27274,1.48477554,0.99628122,15569,1.11627579,-0.00655433,2.04291344,2.60105133
766,2.61850357,0.98946080,27457,1.51033401,0.99618121,15837,1.10816956,-0.00672041,2.06441879,2.61850357
767,2.65274048,0.98910851,27816,1.52387619,0.99613154,15979,1.12886429,-0.00702303,2.08830833,2.65274048
768,2.66113281,0.98883151,27904,1.54123306,0.99601674,16161,1.11989975,-0.00718522,2.10118294,2.66113281
769,2.67314911,0.98871701,28030,1.54981613,0.99603835,16251,1.12333298,-0.00732134,2.11148262,2.67314911
770,2.70147324,0.98837286,28327,1.56402588,0.99602088,16400,1.13744736,-0.00764801,2.13274956,2.70147324
771,2.40726471,0.98994464,25242,1.42202377,0.99651850,14911,0.98524094,-0.00657386,1.91464424,2.40726471
772,2.40182877,0.98967728,25185,1.41038895,0.99646931,14789,0.99143982,-0.00679203,1.90610886,2.40182877
773,2.39906311,0.98943714,25156,1.40838623,0.99642235,14768,0.99067688,-0.00698521,1.90372467,2.39906311
774,2.40812302,0.98926364,25251,1.42192841,0.99643702,14910,0.98619461,-0.00717338,1.91502571,2.40812302
775,2.41270065,0.98893142,25299,1.42164230,0.99640141,14907,0.99105835,-0.00746999,1.91717148,2.41270065
776,2.44607925,0.98867424,25649,1.43146515,0.99635888,15010,1.01461411,-0.00768464,1.93877220,2.44607925
777,2.44483948,0.98838464,25636,1.43184662,0.99628955,15014,1.01299286,-0.00790491,1.93834305,2.44483948
778,1.65786743,0.99393965,17384,1.30100250,0.99676060,13642,0.35686493,-0.00282095,1.47943497,1.65786743
779,1.67913437,0.99373790,17607,1.30681992,0.99677612,13703,0.37231445,-0.00303822,1.49297714,1.67913437
780,1.70955658,0.99350975,17926,1.32884979,0.99667607,13934,0.38070679,-0.00316632,1.51920319,1.70955658
781,1.71175003,0.99337811,17949,1.34019852,0.99659844,14053,0.37155151,-0.00322034,1.52597427,1.71175003
782,1.72538757,0.99325762,18092,1.34906769,0.99664046,14146,0.37631989,-0.00338284,1.53722763,1.72538757
783,1.72891617,0.99308446,18129,1.36747360,0.99654067,14339,0.36144257,-0.00345621,1.54819489,1.72891617
784,1.72891617,0.99284019,18129,1.37453079,0.99638829,14413,0.35438538,-0.00354810,1.55172348,1.72891617
785,1.56192780,0.99322474,16378,1.17769241,0.99639065,12349,0.38423538,-0.00316591,1.36981010,1.56192780
786,1.57966614,0.99289011,16564,1.18589401,0.99628176,12435,0.39377213,-0.00339165,1.38278008,1.57966614
787,1.59435272,0.99253864,16718,1.18551254,0.99625589,12431,0.40884018,-0.00371725,1.38993263,1.59435272
788,1.61800385,0.99225184,16966,1.20143890,0.99615634,12598,0.41656494,-0.00390450,1.40972137,1.61800385
789,1.62677765,0.99195565,17058,1.20019913,0.99613431,12585,0.42657852,-0.00417867,1.41348839,1.62677765
790,1.63526535,0.99182201,17147,1.22756958,0.99603358,12872,0.40769577,-0.00421158,1.43141747,1.63526535
791,1.66826248,0.99153752,17493,1.25093460,0.99593042,13117,0.41732788,-0.00439290,1.45959854,1.66826248
792,1.26647949,0.99613083,13280,1.00049973,0.99688301,10491,0.26597977,-0.00075218,1.13348961,1.26647949
793,1.25284195,0.99608670,13137,1.00879669,0.99677332,10578,0.24404526,-0.00068662,1.13081932,1.25284195
794,1.26733780,0.99592316,13289,1.01547241,0.99670272,10648,0.25186539,-0.00077956,1.14140511,1.26733780
795,1.25780106,0.99595978,13189,1.05037689,0.99650964,11014,0.20742416,-0.00054986,1.15408897,1.25780106
796,1.27868652,0.99576610,13408,1.05390549,0.99645213,11051,0.22478104,-0.00068603,1.16629601,1.27868652
797,1.29575729,0.99575410,13587,1.09386444,0.99628703,11470,0.20189285,-0.00053293,1.19481087,1.29575729
798,1.28250122,0.99573208,13448,1.11122131,0.99612412,11652,0.17127991,-0.00039204,1.19686127,1.28250122
799,1.36451721,0.99383654,14308,1.02987289,0.99685370,10799,0.33464432,-0.00301716,1.19719505,1.36451721
800,1.36327744,0.99387648,14295,1.02863312,0.99684581,10786,0.33464432,-0.00296933,1.19595528,1.36327744
801,1.36518478,0.99371585,14315,1.02577209,0.99672588,10756,0.33941269,-0.00301003,1.19547844,1.36518478
802,1.35936737,0.99387853,14254,1.05075836,0.99662182,11018,0.30860901,-0.00274329,1.20506287,1.35936737
803,1.38750076,0.99375566,14549,1.04560852,0.99666977,10964,0.34189224,-0.00291411,1.21655464,1.38750076
804,1.39656067,0.99371431,14644,1.08356476,0.99643926,11362,0.31299591,-0.00272495,1.24006271,1.39656067
805,1.39322281,0.99362154,14609,1.07059479,0.99656526,11226,0.32262802,-0.00294373,1.23190880,1.39322281
806,1.33981705,0.99300113,14049,0.99315643,0.99709069,10414,0.34666061,-0.00408956,1.16648674,1.33981705
807,1.33905411,0.99288967,14041,0.98628998,0.99700254,10342,0.35276413,-0.00411287,1.16267204,1.33905411
808,1.36756897,0.99283328,14340,0.99792480,0.99695067,10464,0.36964417,-0.00411739,1.18274689,1.36756897
809,1.38368607,0.99269580,14509,1.00412369,0.99678665,10529,0.37956238,-0.00409084,1.19390488,1.38368607
810,1.40275955,0.99254794,14709,1.02863312,0.99653265,10786,0.37412643,-0.00398471,1.21569633,1.40275955
811,1.43451691,0.99225653,15042,1.01137161,0.99641731,10605,0.42314529,-0.00416078,1.22294426,1.43451691
812,1.45301819,0.99211946,15236,1.04007721,0.99619677,10906,0.41294098,-0.00407731,1.24654770,1.45301819
813,1.53694153,0.99177522,16116,1.13134384,0.99539822,11863,0.40559769,-0.00362300,1.33414268,1.53694153
814,1.49679184,0.99177317,15695,1.13029480,0.99541576,11852,0.36649704,-0.00364259,1.31354332,1.49679184
815,1.52626038,0.99116244,16004,1.13916397,0.99525931,11945,0.38709641,-0.00409686,1.33271217,1.52626038
816,1.59244537,0.99052655,16698,1.15661621,0.99499012,12128,0.43582916,-0.00446357,1.37453079,1.59244537
817,1.58586502,0.99003615,16629,1.17044449,0.99474832,12273,0.41542053,-0.00471217,1.37815475,1.58586502
818,1.60188675,0.98958981,16797,1.15499496,0.99459664,12111,0.44689178,-0.00500682,1.37844086,1.60188675
819,1.61428452,0.98931243,16927,1.18436813,0.99428266,12419,0.42991638,-0.00497023,1.39932632,1.61428452
820,1.57699585,0.98897790,16536,1.12733841,0.99479763,11821,0.44965744,-0.00581973,1.35216713,1.57699585
821,1.63192749,0.98851259,17112,1.13906860,0.99477898,11944,0.49285889,-0.00626639,1.38549805,1.63192749
822,1.67274475,0.98796277,17540,1.15213394,0.99456022,12081,0.52061081,-0.00659744,1.41243935,1.67274475
823,1.75294876,0.98727841,18381,1.17511749,0.99430951,12322,0.57783127,-0.00703110,1.46403313,1.75294876
824,1.76477432,0.98705811,18505,1.22308731,0.99391030,12825,0.54168701,-0.00685219,1.49393082,1.76477432
825,1.80482864,0.98672208,18925,1.26209259,0.99357353,13234,0.54273605,-0.00685145,1.53346062,1.80482864
826,1.86061859,0.98603745,19510,1.31254196,0.99327958,13763,0.54807663,-0.00724213,1.58658028,1.86061859
827,1.58138275,0.98896062,16582,1.02090836,0.99540089,10705,0.56047440,-0.00644027,1.30114555,1.58138275
828,1.57032013,0.98889713,16466,1.04246140,0.99522843,10931,0.52785873,-0.00633130,1.30639076,1.57032013
829,1.58100128,0.98861208,16578,1.05800629,0.99515804,11094,0.52299500,-0.00654596,1.31950378,1.58100128
830,1.60436630,0.98823320,16823,1.10692978,0.99481311,11607,0.49743652,-0.00657991,1.35564804,1.60436630
831,1.64422989,0.98775421,17241,1.13945007,0.99445535,11948,0.50477982,-0.00670114,1.39183998,1.64422989
832,1.67360306,0.98738794,17549,1.13582611,0.99438646,11910,0.53777695,-0.00699852,1.40471458,1.67360306
833,1.72319412,0.98682030,18069,1.22098923,0.99358286,12803,0.50220490,-0.00676257,1.47209167,1.72319412
834,2.59351730,0.97601253,27195,0.92058182,0.99616412,9653,1.67293549,-0.02015159,1.75704956,2.59351730
835,2.53410339,0.97592521,26572,0.94518661,0.99603978,9911,1.58891678,-0.02011457,1.73964500,2.53410339
836,2.61363983,0.97529806,27406,0.98199844,0.99568648,10297,1.63164139,-0.02038843,1.79781914,2.61363983
837,2.60429382,0.97471609,27308,1.02195740,0.99552795,10716,1.58233643,-0.02081186,1.81312561,2.60429382
838,2.65550613,0.97423426,27845,1.05104446,0.99530489,11021,1.60446167,-0.02107063,1.85327530,2.65550613
839,2.66227722,0.97407167,27916,1.09653473,0.99476208,11498,1.56574249,-0.02069041,1.87940598,2.66227722
840,2.67238617,0.97383744,28022,1.11265182,0.99463285,11667,1.55973434,-0.02079540,1.89251900,2.67238617
841,2.54554749,0.97750039,26692,0.90332031,0.99735722,9472,1.64222717,-0.01985683,1.72443390,2.54554749
842,2.45952606,0.97770265,25790,0.93784332,0.99714482,9834,1.52168274,-0.01944217,1.69868469,2.45952606
843,2.50186920,0.97762795,26234,0.98819733,0.99685803,10362,1.51367188,-0.01923008,1.74503326,2.50186920
844,2.44493484,0.97777534,25637,1.02691650,0.99647666,10768,1.41801834,-0.01870132,1.73592567,2.44493484
845,2.42357254,0.97763018,25413,1.01842880,0.99642837,10679,1.40514374,-0.01879819,1.72100067,2.42357254
846,2.41260529,0.97745661,25298,1.05171204,0.99620143,11028,1.36089325,-0.01874482,1.73215866,2.41260529
847,2.40993500,0.97730481,25270,1.09958649,0.99581902,11530,1.31034851,-0.01851421,1.75476074,2.40993500
848,2.42748260,0.98012517,25454,1.01890564,0.99579244,10684,1.40857697,-0.01566727,1.72319412,2.42748260
849,2.35977173,0.98037705,24744,1.02491379,0.99574003,10747,1.33485794,-0.01536298,1.69234276,2.35977173
850,2.33221054,0.98072730,24455,1.01642609,0.99553483,10658,1.31578445,-0.01480752,1.67431831,2.33221054
851,2.31590271,0.98058127,24284,1.09481812,0.99480901,11480,1.22108459,-0.01422775,1.70536041,2.31590271
852,2.32963562,0.98029679,24428,1.06163025,0.99487709,11132,1.26800537,-0.01458030,1.69563293,2.32963562
853,2.32048035,0.98035887,24332,1.09663010,0.99457359,11499,1.22385025,-0.01421472,1.70855522,2.32048035
854,2.31666565,0.98017645,24292,1.13134384,0.99414062,11863,1.18532181,-0.01396417,1.72400475,2.31666565
855,3.17544937,0.97449315,33297,1.26581192,0.99476969,13273,1.90963745,-0.02027654,2.22063065,3.17544937
856,3.70168686,0.97189178,38815,1.86491013,0.99180406,19555,1.83677673,-0.01991228,2.78329849,3.70168686
857,2.70204544,0.97686022,28333,0.87451935,0.99660033,9170,1.82752609,-0.01974011,1.78828239,2.70204544
858,7.08980560,0.96152326,74342,5.35764694,0.98112679,56179,1.73215866,-0.01960354,6.22372627,7.08980560
859,9.85975266,0.94886573,103387,8.15143585,0.96840030,85474,1.70831680,-0.01953457,9.00559425,9.85975266
860,3.78360748,0.97125385,39674,2.06050873,0.99062622,21606,1.72309875,-0.01937237,2.92205811,3.78360748
861,2.81114578,0.97621640,29477,1.11665726,0.99542911,11709,1.69448853,-0.01921272,1.96390152,2.81114578
862,3.34663391,0.96271268,35092,0.97656250,0.99558681,10240,2.37007141,-0.03287413,2.16159821,3.34663391
863,3.32002640,0.96282985,34813,0.98714828,0.99554513,10351,2.33287811,-0.03271528,2.15358734,3.32002640
864,3.30276489,0.96259284,34632,0.97894669,0.99568975,10265,2.32381821,-0.03309691,2.14085579,3.30276489
865,3.22980881,0.96291488,33867,0.95663071,0.99579723,10031,2.27317810,-0.03288235,2.09321976,3.22980881
866,3.24363708,0.96266438,34012,0.96902847,0.99571106,10161,2.27460861,-0.03304668,2.10633278,3.24363708
867,3.21474075,0.96252517,33709,0.97284317,0.99576878,10201,2.24189758,-0.03324361,2.09379196,3.21474075
868,3.20091248,0.96220260,33564,0.97303391,0.99576104,10203,2.22787857,-0.03355844,2.08697319,3.20091248
869,3.30114365,0.96476486,34615,0.90847015,0.99538249,9526,2.39267349,-0.03061763,2.10480690,3.30114365
870,3.24525833,0.96526016,34029,0.92954636,0.99531603,9747,2.31571198,-0.03005587,2.08740234,3.24525833
871,3.28950882,0.96478342,34493,1.01089478,0.99486498,10600,2.27861404,-0.03008156,2.15020180,3.28950882
872,3.15170288,0.96525357,33048,0.97961426,0.99508250,10272,2.17208862,-0.02982893,2.06565857,3.15170288
873,3.13539505,0.96548600,32877,1.00479126,0.99489881,10536,2.13060379,-0.02941281,2.07009315,3.13539505
874,3.37400436,0.96417777,35379,1.23224258,0.99371052,12921,2.14176178,-0.02953276,2.30312347,3.37400436
875,3.22895050,0.96467195,33858,1.08337402,0.99424782,11360,2.14557648,-0.02957587,2.15616226,3.22895050
876,3.23810577,0.96433050,33954,0.86679459,0.99624226,9089,2.37131119,-0.03191176,2.05245018,3.23810577
877,3.20158005,0.96445381,33571,0.83475113,0.99653054,8753,2.36682892,-0.03207673,2.01816559,3.20158005
878,3.10783386,0.96477114,32588,0.72278976,0.99707944,7579,2.38504410,-0.03230831,1.91531181,3.10783386
879,3.19061279,0.96428922,33456,0.81520081,0.99645045,8548,2.37541199,-0.03216122,2.00290680,3.19061279
880,3.19404602,0.96418900,33492,0.78554153,0.99653996,8237,2.40850449,-0.03235096,1.98979378,3.19404602
881,3.38268280,0.96324787,35470,0.95891953,0.99566443,10055,2.42376328,-0.03241656,2.17080116,3.38268280
882,3.14397812,0.96442147,32967,0.75168610,0.99656961,7882,2.39229202,-0.03214815,1.94783211,3.14397812
883,2.36825943,0.98184134,24833,1.57718658,0.98564458,16538,0.79107285,-0.00380325,1.97272301,2.36825943
884,2.37455368,0.98153811,24899,1.55134201,0.98600989,16267,0.82321167,-0.00447178,1.96294785,2.37455368
885,2.33640671,0.98158415,24499,1.53789520,0.98596583,16126,0.79851151,-0.00438167,1.93715096,2.33640671
886,2.33697891,0.98159226,24505,1.54542923,0.98576921,16205,0.79154968,-0.00417695,1.94120407,2.33697891
887,2.29911804,0.98157721,24108,1.54314041,0.98566177,16181,0.75597763,-0.00408456,1.92112923,2.29911804
888,2.34231949,0.98142071,24561,1.58367157,0.98542361,16606,0.75864792,-0.00400291,1.96299553,2.34231949
889,2.31752396,0.98146680,24301,1.58691406,0.98516949,16640,0.73060989,-0.00370269,1.95221901,2.31752396
890,2.23903656,0.98477067,23478,2.37207413,0.98024376,24873,-0.13303757,0.00452691,2.30555534,2.37207413
891,2.24456787,0.98489527,23536,2.25086212,0.98119174,23602,-0.00629425,0.00370353,2.24771500,2.25086212
892,2.20785141,0.98504049,23151,2.13403702,0.98189226,22377,0.07381439,0.00314823,2.17094421,2.20785141
893,2.19211578,0.98517749,22986,2.07376480,0.98227283,21745,0.11835098,0.00290466,2.13294029,2.19211578
894,2.20603943,0.98508771,23132,2.02999115,0.98246657,21286,0.17604828,0.00262114,2.11801529,2.20603943
895,2.25296021,0.98499503,23624,1.99680328,0.98252875,20938,0.25615692,0.00246628,2.12488174,2.25296021
896,2.28967667,0.98492685,24009,1.94568634,0.98295166,20402,0.34399033,0.00197519,2.11768150,2.28967667
897,2.33850479,0.98482870,24521,1.95989609,0.98294579,20551,0.37860870,0.00188290,2.14920044,2.33850479
898,2.19516754,0.98621710,23018,1.18618011,0.99185507,12438,1.00898743,-0.00563797,1.69067383,2.19516754
899,2.16970444,0.98611101,22751,1.17683411,0.99179686,12340,0.99287033,-0.00568585,1.67326927,2.16970444
900,2.15454102,0.98608224,22592,1.16024017,0.99173683,12166,0.99430084,-0.00565459,1.65739059,2.15454102
901,2.12888718,0.98613613,22323,1.15509033,0.99174339,12112,0.97379684,-0.00560726,1.64198875,2.12888718
902,2.11343765,0.98623134,22161,1.15337372,0.99168776,12094,0.96006393,-0.00545641,1.63340569,2.11343765
903,2.09283829,0.98633911,21945,1.15470886,0.99186136,12108,0.93812943,-0.00552225,1.62377357,2.09283829
904,2.11315155,0.98613458,22158,1.19009018,0.99175930,12479,0.92306137,-0.00562472,1.65162086,2.11315155
905,2.09712982,0.98634100,21990,1.18026733,0.99168769,12376,0.91686249,-0.00534669,1.63869858,2.09712982
906,2.04973221,0.98829698,21493,1.27696991,0.98076330,13390,0.77276230,0.00753368,1.66335106,2.04973221
907,2.02713013,0.98838123,21256,1.28488541,0.98048468,13473,0.74224472,0.00789655,1.65600777,2.02713013
908,2.04582214,0.98831243,21452,1.32522583,0.98020357,13896,0.72059631,0.00810886,1.68552399,2.04582214
909,2.03981400,0.98840421,21389,1.36976242,0.97935565,14363,0.67005157,0.00904856,1.70478821,2.03981400
910,2.03790665,0.98849865,21369,1.39617920,0.97870689,14640,0.64172745,0.00979176,1.71704292,2.03790665
911,2.05230713,0.98849954,21520,1.42841339,0.97854153,14978,0.62389374,0.00995801,1.74036026,2.05230713
912,2.04515457,0.98867864,21445,1.48658752,0.97775884,15588,0.55856705,0.01091980,1.76587105,2.04515457
913,2.04381943,0.98871338,21431,1.51014328,0.97728489,15835,0.53367615,0.01142849,1.77698135,2.04381943
914,1.59339905,0.99152962,16708,0.73566437,0.99635218,7714,0.85773468,-0.00482256,1.16453171,1.59339905
915,1.60322189,0.99161078,16811,0.73614120,0.99633298,7719,0.86708069,-0.00472221,1.16968155,1.60322189
916,1.61762238,0.99169654,16962,0.74729919,0.99616911,7836,0.87032318,-0.00447257,1.18246078,1.61762238
917,1.61542892,0.99181460,16939,0.73633194,0.99619178,7721,0.87909698,-0.00437718,1.17588043,1.61542892
918,1.62258148,0.99189238,17014,0.75683594,0.99590526,7936,0.86574554,-0.00401288,1.18970871,1.62258148
919,1.62181854,0.99204494,17006,0.75855255,0.99596091,7954,0.86326599,-0.00391597,1.19018555,1.62181854
920,1.63669586,0.99212956,17162,0.80013275,0.99559974,8390,0.83656311,-0.00347018,1.21841431,1.63669586
921,1.63040161,0.99210349,17096,0.78544617,0.99567144,8236,0.84495544,-0.00356795,1.20792389,1.63040161
922,2.23369598,0.99191677,23422,1.09415054,0.99330085,11473,1.13954544,-0.00138408,1.66392326,2.23369598
923,2.31113434,0.99166617,24234,1.17731094,0.99295241,12345,1.13382339,-0.00128623,1.74422264,2.31113434
924,2.26993561,0.99183885,23802,1.16128922,0.99281603,12177,1.10864639,-0.00097718,1.71561241,2.26993561
925,2.31218338,0.99168264,24245,1.20725632,0.99265428,12659,1.10492706,-0.00097164,1.75971985,2.31218338
926,2.34394073,0.99162891,24578,1.27811432,0.99216882,13402,1.06582642,-0.00053992,1.81102753,2.34394073
927,2.52895355,0.99076438,26518,1.46493912,0.99153182,15361,1.06401443,-0.00076743,1.99694633,2.52895355
928,2.40678787,0.99157228,25237,1.35898590,0.99151906,14250,1.04780197,0.00005322,1.88288689,2.40678787
929,2.66304016,0.99056594,27924,1.56621933,0.99083146,16423,1.09682083,-0.00026552,2.11462975,2.66304016
930,1.55763626,0.99547081,16333,0.48313141,0.99909611,5066,1.07450485,-0.00362530,1.02038383,1.55763626
931,1.60245895,0.99526510,16803,0.52862167,0.99887458,5543,1.07383728,-0.00360948,1.06554031,1.60245895
932,1.61981583,0.99544562,16985,0.53529739,0.99894754,5613,1.08451843,-0.00350192,1.07755661,1.61981583
933,1.66797638,0.99516894,17490,0.59528351,0.99871766,6242,1.07269287,-0.00354871,1.13162994,1.66797638
934,1.65662766,0.99531867,17371,0.59356689,0.99871554,6224,1.06306076,-0.00339687,1.12509727,1.65662766
935,2.11200714,0.99348829,22146,1.05190277,0.99690432,11030,1.06010437,-0.00341603,1.58195496,2.11200714
936,3.08923721,0.98998608,32393,2.20842361,0.99338145,23157,0.88081360,-0.00339537,2.64883041,3.08923721
937,2.76231766,0.99073729,28965,1.96437836,0.99414657,20598,0.79793930,-0.00340928,2.36334801,2.76231766
938,1.47819519,0.99542497,15500,1.64384842,0.99020457,17237,-0.16565323,0.00522040,1.56102180,1.64384842
939,1.11274719,0.99666820,11668,1.30586624,0.99130880,13693,-0.19311905,0.00535940,1.20930672,1.30586624
940,1.09033585,0.99669706,11433,1.33008957,0.99112561,13947,-0.23975372,0.00557145,1.21021271,1.33008957
941,1.10197067,0.99660809,11555,1.35898590,0.99102149,14250,-0.25701523,0.00558660,1.23047829,1.35898590
942,1.04398727,0.99687002,10947,1.35097504,0.99096097,14166,-0.30698776,0.00590905,1.19748116,1.35097504
943,1.03044510,0.99696311,10805,1.36003494,0.99086536,14261,-0.32958984,0.00609775,1.19524002,1.36003494
944,1.07641220,0.99676988,11287,1.43404007,0.99051883,15037,-0.35762787,0.00625105,1.25522614,1.43404007
945,1.07622147,0.99684507,11285,1.47495270,0.99047231,15466,-0.39873123,0.00637276,1.27558708,1.47495270
946,0.89807510,0.99692115,9417,2.66447067,0.97782675,27939,-1.76639557,0.01909439,1.78127289,2.66447067
947,1.02100372,0.99648127,10706,2.73418427,0.97794939,28670,-1.71318054,0.01853188,1.87759399,2.73418427
948,0.94594955,0.99676752,9919,2.58522034,0.97895998,27108,-1.63927078,0.01780754,1.76558495,2.58522034
949,0.93870163,0.99675327,9843,2.45685577,0.97964159,25762,-1.51815414,0.01711167,1.69777870,2.45685577
950,0.90456009,0.99696780,9485,2.36387253,0.98053190,24787,-1.45931244,0.01643590,1.63421631,2.36387253
951,0.97560883,0.99664863,10230,2.41661072,0.98028618,25340,-1.44100189,0.01636245,1.69610977,2.41661072
952,1.64117813,0.99471809,17209,3.09438705,0.97846602,32447,-1.45320892,0.01625208,2.36778259,3.09438705
953,6.08043671,0.98217617,63758,7.56273270,0.96557862,79301,-1.48229599,0.01659755,6.82158470,7.56273270
954,1.05514526,0.99757572,11064,3.14950943,0.96814418,33025,-2.09436417,0.02943154,2.10232735,3.14950943
955,1.05657578,0.99766826,11079,3.34272385,0.96757330,35051,-2.28614807,0.03009497,2.19964981,3.34272385
956,1.05543137,0.99766398,11067,3.56636047,0.96674643,37396,-2.51092911,0.03091755,2.31089592,3.56636047
957,1.08337402,0.99757761,11360,3.65495682,0.96622925,38325,-2.57158279,0.03134836,2.36916542,3.65495682
958,1.06754303,0.99767052,11194,3.61890793,0.96587230,37947,-2.55136490,0.03179822,2.34322548,3.61890793
959,1.07460022,0.99767930,11268,3.58695984,0.96561800,37612,-2.51235962,0.03206130,2.33078003,3.58695984
960,1.08556747,0.99765527,11383,3.58829498,0.96512993,37626,-2.50272751,0.03252534,2.33693123,3.58829498
961,0.94499588,0.99811893,9909,2.34203339,0.98101891,24558,-1.39703751,0.01710001,1.64351463,2.34203339
962,0.81377029,0.99850661,8533,2.17418671,0.98158936,22798,-1.36041641,0.01691725,1.49397850,2.17418671
963,0.80919266,0.99853337,8485,2.19650269,0.98101914,23032,-1.38731003,0.01751423,1.50284767,2.19650269
964,0.81701279,0.99851918,8567,2.27565765,0.98054666,23862,-1.45864487,0.01797252,1.54633522,2.27565765
965,0.81186295,0.99852157,8513,2.33316422,0.97993261,24465,-1.52130127,0.01858896,1.57251358,2.33316422
966,0.81882477,0.99853910,8586,2.34098434,0.97962304,24547,-1.52215958,0.01891606,1.57990456,2.34098434
967,0.81205368,0.99855059,8515,2.31981277,0.97912241,24325,-1.50775909,0.01942818,1.56593323,2.31981277
968,0.84142685,0.99806601,8823,1.23558044,0.99370914,12956,-0.39415359,0.00435687,1.03850365,1.23558044
969,0.81148148,0.99818067,8509,1.25713348,0.99306730,13182,-0.44565201,0.00511337,1.03430748,1.25713348
970,0.81510544,0.99826051,8547,1.30023956,0.99253842,13634,-0.48513412,0.00572209,1.05767250,1.30023956
971,0.80232620,0.99836557,8413,1.38378143,0.99152101,14510,-0.58145523,0.00684456,1.09305382,1.38378143
972,1.00107193,0.99784993,10497,1.59101486,0.99051541,16683,-0.58994293,0.00733451,1.29604340,1.59101486
973,1.26638412,0.99693902,13279,1.87406540,0.98890475,19651,-0.60768127,0.00803427,1.57022476,1.87406540
974,0.78554153,0.99844980,8237,1.42259598,0.98993791,14917,-0.63705444,0.00851189,1.10406876,1.42259598
975,0.68645477,0.99829729,7198,1.02634430,0.99616132,10762,-0.33988953,0.00213597,0.85639954,1.02634430
976,0.68712234,0.99833338,7205,1.04894638,0.99589020,10999,-0.36182404,0.00244318,0.86803436,1.04894638
977,0.65832138,0.99849083,6903,1.05113983,0.99551145,11022,-0.39281845,0.00297938,0.85473061,1.05113983
978,0.65727234,0.99855009,6892,1.06916428,0.99519428,11211,-0.41189194,0.00335581,0.86321831,1.06916428
979,0.66928864,0.99854542,7018,1.11846924,0.99458738,11728,-0.44918060,0.00395805,0.89387894,1.11846924
980,0.63924789,0.99868304,6703,1.10530853,0.99436001,11590,-0.46606064,0.00432303,0.87227821,1.10530853
981,0.63495636,0.99868975,6658,1.14326477,0.99379446,11988,-0.50830841,0.00489529,0.88911057,1.14326477
982,0.53911209,0.99915245,5653,0.65269470,0.99845260,6844,-0.11358261,0.00069985,0.59590340,0.65269470
983,0.53625107,0.99916290,5623,0.65784454,0.99837984,6898,-0.12159348,0.00078307,0.59704781,0.65784454
984,0.53892136,0.99915763,5651,0.65584183,0.99829585,6877,-0.11692047,0.00086178,0.59738159,0.65584183
985,0.53720474,0.99914689,5633,0.66251755,0.99816669,6947,-0.12531281,0.00098020,0.59986115,0.66251755
986,0.54779053,0.99911063,5744,0.65784454,0.99814295,6898,-0.11005402,0.00096768,0.60281754,0.65784454
987,0.54931641,0.99909485,5760,0.66642761,0.99798045,6988,-0.11711121,0.00111440,0.60787201,0.66642761
988,0.54836273,0.99912435,5750,0.68225861,0.99750255,7154,-0.13389587,0.00162180,0.61531067,0.68225861
989,0.63524246,0.99845377,6661,1.27601624,0.99142138,13380,-0.64077377,0.00703239,0.95562935,1.27601624
990,0.65879822,0.99864241,6908,1.29518509,0.99143409,13581,-0.63638687,0.00720831,0.97699165,1.29518509
991,0.64811707,0.99877745,6796,1.29146576,0.99136037,13542,-0.64334869,0.00741709,0.96979141,1.29146576
992,0.64287186,0.99890497,6741,1.29070282,0.99132953,13534,-0.64783096,0.00757544,0.96678734,1.29070282
993,0.64277649,0.99900676,6740,1.29985809,0.99117557,13630,-0.65708160,0.00783119,0.97131729,1.29985809
994,0.64516068,0.99906741,6765,1.32026672,0.99090777,13844,-0.67510605,0.00815964,0.98271370,1.32026672
995,0.65059662,0.99908413,6822,1.32989883,0.99066279,13945,-0.67930222,0.00842134,0.99024773,1.32989883
996,0.79126358,0.99709182,8297,1.41916275,0.98675136,14881,-0.62789917,0.01034046,1.10521317,1.41916275
997,0.78973770,0.99726218,8281,1.40180588,0.98689047,14699,-0.61206818,0.01037170,1.09577179,1.40180588
998,0.77800751,0.99737198,8158,1.38473511,0.98687945,14520,-0.60672760,0.01049253,1.08137131,1.38473511
999,0.78248978,0.99742126,8205,1.37100220,0.98689474,14376,-0.58851242,0.01052651,1.07674599,1.37100220
1000,0.77638626,0.99739242,8141,1.37119293,0.98662242,14378,-0.59480667,0.01077001,1.07378960,1.37119293
1001,0.76999664,0.99739258,8074,1.36823654,0.98640526,14347,-0.59823990,0.01098732,1.06911659,1.36823654
1002,0.76446533,0.99732883,8016,1.36137009,0.98643261,14275,-0.59690475,0.01089622,1.06291771,1.36137009
1003,0.94051361,0.99449160,9862,1.64222717,0.98203478,17220,-0.70171356,0.01245683,1.29137039,1.64222717
1004,0.96902847,0.99439328,10161,1.61943436,0.98282009,16981,-0.65040588,0.01157318,1.29423141,1.61943436
1005,0.94423294,0.99450474,9901,1.58376694,0.98340046,16607,-0.63953400,0.01110428,1.26399994,1.58376694
1006,0.94156265,0.99460921,9873,1.54008865,0.98436279,16149,-0.59852600,0.01024642,1.24082565,1.54008865
1007,0.95920563,0.99461282,10058,1.52759552,0.98498978,16018,-0.56838989,0.00962304,1.24340057,1.52759552
1008,0.95500946,0.99481506,10014,1.50384903,0.98577316,15769,-0.54883957,0.00904189,1.22942924,1.50384903
1009,0.95243454,0.99491250,9987,1.48077011,0.98623968,15527,-0.52833557,0.00867283,1.21660233,1.48077011
1010,0.84505081,0.99531170,8861,1.40790939,0.98792835,14763,-0.56285858,0.00738336,1.12648010,1.40790939
1011,0.82807541,0.99544696,8683,1.36489868,0.98852558,14312,-0.53682327,0.00692139,1.09648705,1.36489868
1012,0.83541870,0.99551246,8760,1.34754181,0.98890944,14130,-0.51212311,0.00660302,1.09148026,1.34754181
1013,0.83208084,0.99555374,8725,1.31988525,0.98924825,13840,-0.48780441,0.00630550,1.07598305,1.31988525
1014,0.81949234,0.99566359,8593,1.29041672,0.98962473,13531,-0.47092438,0.00603886,1.05495453,1.29041672
1015,0.81729889,0.99569376,8570,1.27029419,0.98990694,13320,-0.45299530,0.00578682,1.04379654,1.27029419
1016,0.82683563,0.99582512,8670,1.27954483,0.99016461,13417,-0.45270920,0.00566052,1.05319023,1.27954483
1017,1.15280151,0.99399734,12088,1.19524002,0.99107032,12533,-0.04243851,0.00292702,1.17402077,1.19524002
1018,1.14507675,0.99421258,12007,1.19304657,0.99137918,12510,-0.04796982,0.00283340,1.16906166,1.19304657
1019,1.13830566,0.99434882,11936,1.17902756,0.99154341,12363,-0.04072189,0.00280541,1.15866661,1.17902756
1020,1.13620758,0.99444003,11914,1.18532181,0.99164528,12429,-0.04911423,0.00279475,1.16076469,1.18532181
1021,1.12657547,0.99456844,11813,1.18303299,0.99180051,12405,-0.05645752,0.00276793,1.15480423,1.18303299
1022,1.11799240,0.99465366,11723,1.16729736,0.99197308,12240,-0.04930496,0.00268057,1.14264488,1.16729736
1023,1.11379623,0.99472564,11679,1.16634369,0.99210570,12230,-0.05254745,0.00261994,1.14006996,1.16634369
1024,0.83389282,0.99498920,8744,1.02195740,0.99365244,10716,-0.18806458,0.00133676,0.92792511,1.02195740
1025,0.83055496,0.99495833,8709,1.00345612,0.99367499,10522,-0.17290115,0.00128334,0.91700554,1.00345612
1026,0.83980560,0.99500710,8806,1.00984573,0.99372785,10589,-0.17004013,0.00127925,0.92482567,1.00984573
1027,0.85878372,0.99511684,9005,1.01289749,0.99381068,10621,-0.15411377,0.00130617,0.93584061,1.01289749
1028,0.87022781,0.99523855,9125,1.01327896,0.99391582,10625,-0.14305115,0.00132274,0.94175339,1.01327896
1029,0.88529587,0.99539635,9283,1.01690292,0.99403847,10663,-0.13160706,0.00135789,0.95109940,1.01690292
1030,0.88815689,0.99560995,9313,1.01642609,0.99423751,10658,-0.12826920,0.00137244,0.95229149,1.01642609
1031,0.42905807,0.99916755,4499,0.71907043,0.99778388,7540,-0.29001236,0.00138367,0.57406425,0.71907043
1032,0.42839050,0.99920316,4492,0.71554184,0.99775707,7503,-0.28715134,0.00144609,0.57196617,0.71554184
1033,0.42648315,0.99923473,4472,0.72145462,0.99780466,7565,-0.29497147,0.00143007,0.57396889,0.72145462
1034,0.42762756,0.99925877,4484,0.72631836,0.99775890,7616,-0.29869080,0.00149987,0.57697296,0.72631836
1035,0.42562485,0.99928877,4463,0.73614120,0.99772830,7719,-0.31051636,0.00156046,0.58088303,0.73614120
1036,0.42762756,0.99932043,4484,0.73051453,0.99775502,7660,-0.30288696,0.00156541,0.57907104,0.73051453
1037,0.42810440,0.99934992,4489,0.73204041,0.99778801,7676,-0.30393600,0.00156191,0.58007240,0.73204041
1038,0.47025681,0.99925534,4931,0.95863342,0.99711342,10052,-0.48837662,0.00214192,0.71444511,0.95863342
1039,0.46691895,0.99925483,4896,0.94804764,0.99716248,9941,-0.48112869,0.00209235,0.70748329,0.94804764
1040,0.48246384,0.99925238,5059,0.95977783,0.99723194,10064,-0.47731400,0.00202044,0.72112083,0.95977783
1041,0.47082901,0.99926675,4937,0.96044540,0.99723446,10071,-0.48961639,0.00203228,0.71563721,0.96044540
1042,0.47664642,0.99926932,4998,0.95195770,0.99732116,9982,-0.47531128,0.00194816,0.71430206,0.95195770
1043,0.47941208,0.99928197,5027,0.95767975,0.99734427,10042,-0.47826767,0.00193770,0.71854591,0.95767975
1044,0.47311783,0.99929479,4961,0.97332001,0.99730981,10206,-0.50020218,0.00198498,0.72321892,0.97332001
1045,0.69551468,0.99907918,7293,0.93698502,0.99630567,9825,-0.24147034,0.00277351,0.81624985,0.93698502
1046,0.68674088,0.99908707,7201,0.95357895,0.99629293,9999,-0.26683807,0.00279414,0.82015991,0.95357895
1047,0.67262650,0.99912225,7053,0.94480515,0.99633684,9907,-0.27217865,0.00278541,0.80871582,0.94480515
1048,0.67234039,0.99910387,7050,0.95901489,0.99630770,10056,-0.28667450,0.00279617,0.81567764,0.95901489
1049,0.66137314,0.99913441,6935,0.95853806,0.99637066,10051,-0.29716492,0.00276375,0.80995560,0.95853806
1050,0.65431595,0.99913931,6861,0.96263885,0.99640830,10094,-0.30832291,0.00273101,0.80847740,0.96263885
1051,0.65202713,0.99916740,6837,0.96893311,0.99647516,10160,-0.31690598,0.00269223,0.81048012,0.96893311
1052,0.75130463,0.99886936,7878,0.91285706,0.99636747,9572,-0.16155243,0.00250189,0.83208084,0.91285706
1053,0.72822571,0.99887856,7636,0.95682144,0.99621324,10033,-0.22859573,0.00266532,0.84252357,0.95682144
1054,0.70075989,0.99893863,7348,0.98447800,0.99602500,10323,-0.28371811,0.00291363,0.84261894,0.98447800
1055,0.67319870,0.99896452,7059,0.99277496,0.99590616,10410,-0.31957626,0.00305836,0.83298683,0.99277496
1056,0.65174103,0.99900658,6834,0.99573135,0.99596648,10441,-0.34399033,0.00304010,0.82373619,0.99573135
1057,0.63781738,0.99900763,6688,0.98609924,0.99619468,10340,-0.34828186,0.00281295,0.81195831,0.98609924
1058,0.61721802,0.99902543,6472,0.98104477,0.99644551,10287,-0.36382675,0.00257992,0.79913139,0.98104477
1059,0.48570633,0.99926492,5093,0.42304993,0.99941491,4436,0.06265640,-0.00014999,0.45437813,0.48570633
1060,0.47025681,0.99928887,4931,0.42085648,0.99941076,4413,0.04940033,-0.00012188,0.44555664,0.47025681
1061,0.45442581,0.99929579,4765,0.40607452,0.99944186,4258,0.04835129,-0.00014608,0.43025017,0.45442581
1062,0.44155121,0.99931233,4630,0.41446686,0.99941946,4346,0.02708435,-0.00010712,0.42800903,0.44155121
1063,0.42047501,0.99932521,4409,0.40626526,0.99944500,4260,0.01420975,-0.00011979,0.41337013,0.42047501
1064,0.40369034,0.99934939,4233,0.40578842,0.99945656,4255,-0.00209808,-0.00010717,0.40473938,0.40578842
1065,0.37879944,0.99939549,3972,0.39405823,0.99946377,4132,-0.01525879,-0.00006828,0.38642883,0.39405823
1066,0.51355362,0.99954323,5385,0.83656311,0.99899636,8772,-0.32300949,0.00054687,0.67505836,0.83656311
1067,0.49133301,0.99956678,5152,0.81548691,0.99900899,8551,-0.32415390,0.00055779,0.65340996,0.81548691
1068,0.47416687,0.99960138,4972,0.80289841,0.99902846,8419,-0.32873154,0.00057292,0.63853264,0.80289841
1069,0.45833588,0.99961428,4806,0.79202652,0.99904225,8305,-0.33369064,0.00057203,0.62518120,0.79202652
1070,0.43735504,0.99961816,4586,0.77495575,0.99904284,8126,-0.33760071,0.00057532,0.60615540,0.77495575
1071,0.42705536,0.99963807,4478,0.76675415,0.99905852,8040,-0.33969879,0.00057955,0.59690475,0.76675415
1072,0.41608810,0.99965578,4363,0.75674057,0.99906128,7935,-0.34065247,0.00059450,0.58641434,0.75674057
1073,0.41484833,0.99956426,4350,1.20058060,0.99889743,12589,-0.78573227,0.00066683,0.80771446,1.20058060
1074,0.41236877,0.99957608,4324,1.20191574,0.99888696,12603,-0.78954697,0.00068911,0.80714226,1.20191574
1075,0.39606094,0.99958119,4153,1.21212006,0.99882228,12710,-0.81605911,0.00075891,0.80409050,1.21212006
1076,0.39482117,0.99959803,4140,1.21803284,0.99874129,12772,-0.82321167,0.00085673,0.80642700,1.21803284
1077,0.39167404,0.99960396,4107,1.21297836,0.99870477,12719,-0.82130432,0.00089919,0.80232620,1.21297836
1078,0.38909912,0.99960458,4080,1.21469498,0.99867397,12737,-0.82559586,0.00093061,0.80189705,1.21469498
1079,0.38900375,0.99960632,4079,1.20744705,0.99869306,12661,-0.81844330,0.00091326,0.79822540,1.20744705
1080,0.41694641,0.99846115,4372,0.98791122,0.99882352,10359,-0.57096481,-0.00036237,0.70242882,0.98791122
1081,0.41866302,0.99838961,4390,0.97999573,0.99884130,10276,-0.56133270,-0.00045169,0.69932938,0.97999573
1082,0.42800903,0.99821134,4488,0.97742081,0.99885052,10249,-0.54941177,-0.00063918,0.70271492,0.97742081
1083,0.43516159,0.99813396,4563,0.97112656,0.99883170,10183,-0.53596497,-0.00069775,0.70314407,0.97112656
1084,0.43592453,0.99820237,4571,0.96359253,0.99880857,10104,-0.52766800,-0.00060619,0.69975853,0.96359253
1085,0.43659210,0.99829399,4578,0.96063614,0.99876902,10073,-0.52404404,-0.00047503,0.69861412,0.96063614
1086,0.45566559,0.99824089,4778,0.96702576,0.99870305,10140,-0.51136017,-0.00046216,0.71134567,0.96702576
1087,0.48923492,0.99897032,5130,0.93564987,0.99823941,9811,-0.44641495,0.00073090,0.71244240,0.93564987
1088,0.48170090,0.99903354,5051,0.90751648,0.99832569,9516,-0.42581558,0.00070785,0.69460869,0.90751648
1089,0.42171478,0.99916407,4422,0.83036423,0.99850097,8707,-0.40864944,0.00066310,0.62603951,0.83036423
1090,0.39157867,0.99922964,4106,0.76684952,0.99862458,8041,-0.37527084,0.00060506,0.57921410,0.76684952
1091,0.38757324,0.99925546,4064,0.73890686,0.99868116,7748,-0.35133362,0.00057430,0.56324005,0.73890686
1092,0.37956238,0.99936412,3980,0.70257187,0.99882985,7367,-0.32300949,0.00053427,0.54106712,0.70257187
1093,0.37536621,0.99940776,3936,0.67815781,0.99895813,7111,-0.30279160,0.00044963,0.52676201,0.67815781
1094,0.15716553,0.99988020,1648,0.31805038,0.99975637,3335,-0.16088486,0.00012383,0.23760796,0.31805038
1095,0.15010834,0.99988675,1574,0.30088425,0.99977538,3155,-0.15077591,0.00011138,0.22549629,0.30088425
1096,0.14762878,0.99988715,1548,0.28753281,0.99978408,3015,-0.13990402,0.00010306,0.21758080,0.28753281
1097,0.14705658,0.99988007,1542,0.27608871,0.99979532,2895,-0.12903214,0.00008475,0.21157265,0.27608871
1098,0.14228821,0.99988073,1492,0.26597977,0.99980871,2789,-0.12369156,0.00007203,0.20413399,0.26597977
1099,0.13465881,0.99988227,1412,0.24261475,0.99982307,2544,-0.10795593,0.00005920,0.18863678,0.24261475
1100,0.13322830,0.99988308,1397,0.23221970,0.99983646,2435,-0.09899139,0.00004662,0.18272400,0.23221970
1101,0.10843277,0.99985876,1137,0.17585754,0.99987479,1844,-0.06742477,-0.00001603,0.14214516,0.17585754
1102,0.11014938,0.99985312,1155,0.15563965,0.99990468,1632,-0.04549026,-0.00005156,0.13289452,0.15563965
1103,0.10824203,0.99982585,1135,0.14095306,0.99992625,1478,-0.03271103,-0.00010039,0.12459755,0.14095306
1104,0.11930466,0.99983405,1251,0.13198853,0.99994304,1384,-0.01268387,-0.00010899,0.12564659,0.13198853
1105,0.12512207,0.99982282,1312,0.11968613,0.99994685,1255,0.00543594,-0.00012403,0.12240410,0.12512207
1106,0.12598038,0.99982162,1321,0.10986328,0.99995041,1152,0.01611710,-0.00012879,0.11792183,0.12598038
1107,0.12226105,0.99983560,1282,0.09632111,0.99995590,1010,0.02593994,-0.00012030,0.10929108,0.12226105
1108,0.14963150,0.99955635,1569,0.08201599,0.99995798,860,0.06761551,-0.00040162,0.11582375,0.14963150
1109,0.14791489,0.99955653,1551,0.07896423,0.99995400,828,0.06895065,-0.00039747,0.11343956,0.14791489
1110,0.15020370,0.99954044,1575,0.07972717,0.99995883,836,0.07047653,-0.00041840,0.11496544,0.15020370
1111,0.15382767,0.99953146,1613,0.08096695,0.99995285,849,0.07286072,-0.00042139,0.11739731,0.15382767
1112,0.15058517,0.99953589,1579,0.07371902,0.99995980,773,0.07686615,-0.00042391,0.11215210,0.15058517
1113,0.14152527,0.99955434,1484,0.06856918,0.99996201,719,0.07295609,-0.00040767,0.10504723,0.14152527
1114,0.14848709,0.99952950,1557,0.07438660,0.99996017,780,0.07410049,-0.00043067,0.11143684,0.14848709
1115,0.09613037,0.99981752,1008,0.12998581,0.99979201,1363,-0.03385544,0.00002551,0.11305809,0.12998581
1116,0.09880066,0.99980629,1036,0.12950897,0.99978456,1358,-0.03070831,0.00002173,0.11415482,0.12950897
1117,0.09012222,0.99982742,945,0.12607574,0.99980758,1322,-0.03595352,0.00001984,0.10809898,0.12607574
1118,0.09603500,0.99981909,1007,0.12712479,0.99980196,1333,-0.03108978,0.00001713,0.11157990,0.12712479
1119,0.08802414,0.99983215,923,0.11768341,0.99981365,1234,-0.02965927,0.00001850,0.10285378,0.11768341
1120,0.09479523,0.99982412,994,0.12474060,0.99980639,1308,-0.02994537,0.00001773,0.10976791,0.12474060
1121,0.09450912,0.99983012,991,0.11930466,0.99981721,1251,-0.02479553,0.00001292,0.10690689,0.11930466
1122,0.15859604,0.99979347,1663,0.15544891,0.99980145,1630,0.00314713,-0.00000798,0.15702248,0.15859604
1123,0.15544891,0.99979914,1630,0.15239716,0.99979706,1598,0.00305176,0.00000208,0.15392303,0.15544891
1124,0.15439987,0.99979605,1619,0.15010834,0.99980669,1574,0.00429153,-0.00001064,0.15225410,0.15439987
1125,0.15487671,0.99980828,1624,0.14085770,0.99983318,1477,0.01401901,-0.00002490,0.14786720,0.15487671
1126,0.15268326,0.99981736,1601,0.13618469,0.99985502,1428,0.01649857,-0.00003767,0.14443398,0.15268326
1127,0.14696121,0.99983366,1541,0.12788773,0.99986567,1341,0.01907349,-0.00003201,0.13742447,0.14696121
1128,0.15888214,0.99979816,1666,0.13751984,0.99982428,1442,0.02136230,-0.00002612,0.14820099,0.15888214
1129,0.24051666,0.99961547,2522,0.12054443,0.99988084,1264,0.11997223,-0.00026538,0.18053055,0.24051666
1130,0.22735596,0.99961552,2384,0.11157990,0.99988965,1170,0.11577606,-0.00027413,0.16946793,0.22735596
1131,0.22583008,0.99963058,2368,0.10614395,0.99991550,1113,0.11968613,-0.00028492,0.16598701,0.22583008
1132,0.21018982,0.99966837,2204,0.10099411,0.99991834,1059,0.10919571,-0.00024997,0.15559196,0.21018982
1133,0.20437241,0.99965312,2143,0.09784698,0.99992057,1026,0.10652542,-0.00026745,0.15110970,0.20437241
1134,0.19550323,0.99966154,2050,0.09412766,0.99991862,987,0.10137558,-0.00025707,0.14481544,0.19550323
1135,0.18577576,0.99969666,1948,0.09784698,0.99990800,1026,0.08792877,-0.00021133,0.14181137,0.18577576
1136,0.15659332,0.99971737,1642,0.12588501,0.99989899,1320,0.03070831,-0.00018162,0.14123917,0.15659332
1137,0.14572144,0.99974377,1528,0.11005402,0.99990843,1154,0.03566742,-0.00016467,0.12788773,0.14572144
1138,0.14381409,0.99976776,1508,0.10128021,0.99990772,1062,0.04253387,-0.00013996,0.12254715,0.14381409
1139,0.13628006,0.99977622,1429,0.09174347,0.99990673,962,0.04453659,-0.00013051,0.11401176,0.13628006
1140,0.12865067,0.99980072,1349,0.08344650,0.99990942,875,0.04520416,-0.00010870,0.10604858,0.12865067
1141,0.11949539,0.99981377,1253,0.07839203,0.99990782,822,0.04110336,-0.00009405,0.09894371,0.11949539
1142,0.12187958,0.99981021,1278,0.07867813,0.99992297,825,0.04320145,-0.00011276,0.10027885,0.12187958
1143,0.18415451,0.99964131,1931,0.16136169,0.99970304,1692,0.02279282,-0.00006173,0.17275810,0.18415451
1144,0.18272400,0.99964644,1916,0.16384125,0.99970373,1718,0.01888275,-0.00005729,0.17328262,0.18272400
1145,0.17786026,0.99965080,1865,0.16250610,0.99970694,1704,0.01535416,-0.00005614,0.17018318,0.17786026
1146,0.17652512,0.99964349,1851,0.16088486,0.99969529,1687,0.01564026,-0.00005180,0.16870499,0.17652512
1147,0.17986298,0.99965563,1886,0.15792847,0.99971376,1656,0.02193451,-0.00005813,0.16889572,0.17986298
1148,0.17499924,0.99964789,1835,0.15544891,0.99971953,1630,0.01955032,-0.00007163,0.16522408,0.17499924
1149,0.18692017,0.99962180,1960,0.16231537,0.99970863,1702,0.02460480,-0.00008683,0.17461777,0.18692017
1150,0.09193420,0.99986695,964,0.13675690,0.99980205,1434,-0.04482269,0.00006490,0.11434555,0.13675690
1151,0.09346008,0.99985651,980,0.13465881,0.99980572,1412,-0.04119873,0.00005079,0.11405945,0.13465881
1152,0.09241104,0.99985433,969,0.13456345,0.99980095,1411,-0.04215240,0.00005338,0.11348724,0.13456345
1153,0.09555817,0.99985321,1002,0.13580322,0.99980112,1424,-0.04024506,0.00005210,0.11568069,0.13580322
1154,0.09632111,0.99984476,1010,0.13494492,0.99980149,1415,-0.03862381,0.00004328,0.11563301,0.13494492
1155,0.09775162,0.99984562,1025,0.13685226,0.99979737,1435,-0.03910065,0.00004825,0.11730194,0.13685226
1156,0.10805130,0.99983340,1133,0.14839172,0.99978198,1556,-0.04034042,0.00005142,0.12822151,0.14839172
1157,0.34151077,0.99929106,3581,0.05331039,0.99997894,559,0.28820038,-0.00068788,0.19741058,0.34151077
1158,0.33998489,0.99930880,3565,0.05455017,0.99997752,572,0.28543472,-0.00066871,0.19726753,0.33998489
1159,0.34351349,0.99932517,3602,0.05702972,0.99997309,598,0.28648376,-0.00064793,0.20027161,0.34351349
1160,0.34809113,0.99930361,3650,0.05483627,0.99997003,575,0.29325485,-0.00066642,0.20146370,0.34809113
1161,0.35209656,0.99928862,3692,0.05359650,0.99997553,562,0.29850006,-0.00068691,0.20284653,0.35209656
1162,0.34780502,0.99930963,3647,0.05292892,0.99997066,555,0.29487610,-0.00066103,0.20036697,0.34780502
1163,0.35400391,0.99922667,3712,0.05626678,0.99996457,590,0.29773712,-0.00073790,0.20513535,0.35400391
1164,0.12035370,0.99983098,1262,0.04758835,0.99998011,499,0.07276535,-0.00014912,0.08397102,0.12035370
1165,0.11034012,0.99986306,1157,0.04796982,0.99997622,503,0.06237030,-0.00011316,0.07915497,0.11034012
1166,0.11062622,0.99985488,1160,0.04911423,0.99996796,515,0.06151199,-0.00011309,0.07987022,0.11062622
1167,0.11339188,0.99985795,1189,0.05531311,0.99996016,580,0.05807877,-0.00010221,0.08435249,0.11339188
1168,0.10280609,0.99987672,1078,0.05664825,0.99995433,594,0.04615784,-0.00007761,0.07972717,0.10280609
1169,0.10547638,0.99988147,1106,0.06179810,0.99994050,648,0.04367828,-0.00005903,0.08363724,0.10547638
1170,0.10728836,0.99986860,1125,0.06942749,0.99991339,728,0.03786087,-0.00004479,0.08835793,0.10728836
1171,0.17681122,0.99977056,1854,0.03376007,0.99998612,354,0.14305115,-0.00021556,0.10528564,0.17681122
1172,0.17957687,0.99975105,1883,0.03328323,0.99998467,349,0.14629364,-0.00023361,0.10643005,0.17957687
1173,0.19378662,0.99967043,2032,0.03709793,0.99998655,389,0.15668869,-0.00031612,0.11544228,0.19378662
1174,0.19216537,0.99965670,2015,0.03633499,0.99998479,381,0.15583038,-0.00032809,0.11425018,0.19216537
1175,0.18587112,0.99970649,1949,0.03204346,0.99998740,336,0.15382767,-0.00028090,0.10895729,0.18587112
1176,0.19006729,0.99974372,1993,0.03833771,0.99998426,402,0.15172958,-0.00024054,0.11420250,0.19006729
1177,0.19197464,0.99975078,2013,0.04014969,0.99998334,421,0.15182495,-0.00023256,0.11606216,0.19197464
1178,0.08563995,0.99984547,898,0.04100800,0.99990975,430,0.04463196,-0.00006427,0.06332397,0.08563995
1179,0.09031296,0.99987047,947,0.04644394,0.99992359,487,0.04386902,-0.00005312,0.06837845,0.09031296
1180,0.08840561,0.99984619,927,0.04911423,0.99989557,515,0.03929138,-0.00004938,0.06875992,0.08840561
1181,0.08678436,0.99987156,910,0.04825592,0.99991282,506,0.03852844,-0.00004126,0.06752014,0.08678436
1182,0.09393692,0.99985092,985,0.05445480,0.99989074,571,0.03948212,-0.00003982,0.07419586,0.09393692
1183,0.09679794,0.99986503,1015,0.05741119,0.99990264,602,0.03938675,-0.00003760,0.07710457,0.09679794
1184,0.17433167,0.99971701,1828,0.04434586,0.99996812,465,0.12998581,-0.00025111,0.10933876,0.17433167
1185,0.17671585,0.99968861,1853,0.04482269,0.99996075,470,0.13189316,-0.00027213,0.11076927,0.17671585
1186,0.17747879,0.99969752,1861,0.04634857,0.99996164,486,0.13113022,-0.00026412,0.11191368,0.17747879
1187,0.18787384,0.99970006,1970,0.04997253,0.99995302,524,0.13790131,-0.00025296,0.11892319,0.18787384
1188,0.19598007,0.99967350,2055,0.05283356,0.99994585,554,0.14314651,-0.00027235,0.12440681,0.19598007
1189,0.20360947,0.99967412,2135,0.06084442,0.99993884,638,0.14276505,-0.00026471,0.13222694,0.20360947
1190,0.12321472,0.99988430,1292,0.07343292,0.99994713,770,0.04978180,-0.00006283,0.09832382,0.12321472
1191,0.12950897,0.99987957,1358,0.08106232,0.99994427,850,0.04844666,-0.00006470,0.10528564,0.12950897
1192,0.12626648,0.99987716,1324,0.07305145,0.99995235,766,0.05321503,-0.00007519,0.09965897,0.12626648
1193,0.13122559,0.99987393,1376,0.07514954,0.99995414,788,0.05607605,-0.00008021,0.10318756,0.13122559
1194,0.13208389,0.99987298,1385,0.07743835,0.99995102,812,0.05464554,-0.00007804,0.10476112,0.13208389
1195,0.12979507,0.99987364,1361,0.07505417,0.99995238,787,0.05474091,-0.00007874,0.10242462,0.12979507
1196,0.18444061,0.99985252,1934,0.12149811,0.99983984,1274,0.06294250,0.00001268,0.15296936,0.18444061
1197,0.18510818,0.99984745,1941,0.11816025,0.99985442,1239,0.06694794,-0.00000697,0.15163422,0.18510818
1198,0.18758774,0.99983876,1967,0.12025833,0.99985538,1261,0.06732941,-0.00001662,0.15392303,0.18758774
1199,0.18587112,0.99982417,1949,0.11711121,0.99984375,1228,0.06875992,-0.00001958,0.15149117,0.18587112
1200,0.18482208,0.99982568,1938,0.11529922,0.99984465,1209,0.06952286,-0.00001897,0.15006065,0.18482208
1201,0.18320084,0.99982522,1921,0.10957718,0.99983992,1149,0.07362366,-0.00001471,0.14638901,0.18320084
1202,0.17213821,0.99944638,1805,0.11806488,0.99983438,1238,0.05407333,-0.00038801,0.14510155,0.17213821
1203,0.17528534,0.99941738,1838,0.11596680,0.99982856,1216,0.05931854,-0.00041119,0.14562607,0.17528534
1204,0.16613007,0.99942522,1742,0.11014938,0.99984389,1155,0.05598068,-0.00041867,0.13813972,0.16613007
1205,0.16565323,0.99942906,1737,0.11167526,0.99984211,1171,0.05397797,-0.00041305,0.13866425,0.16565323
1206,0.16746521,0.99939048,1756,0.10757446,0.99984140,1128,0.05989075,-0.00045092,0.13751984,0.16746521
1207,0.16651154,0.99941210,1746,0.10700226,0.99983457,1122,0.05950928,-0.00042247,0.13675690,0.16651154
1208,0.25453568,0.99892459,2669,0.04186630,0.99996830,439,0.21266937,-0.00104371,0.14820099,0.25453568
1209,0.24528503,0.99898252,2572,0.03223419,0.99997377,338,0.21305084,-0.00099125,0.13875961,0.24528503
1210,0.23794174,0.99905915,2495,0.03118515,0.99997572,327,0.20675659,-0.00091658,0.13456345,0.23794174
1211,0.24223328,0.99911053,2540,0.03242493,0.99997256,340,0.20980835,-0.00086203,0.13732910,0.24223328
1212,0.24662018,0.99911387,2586,0.03290176,0.99997212,345,0.21371841,-0.00085824,0.13976097,0.24662018
1213,0.16326904,0.99976356,1712,0.14524460,0.99994505,1523,0.01802444,-0.00018149,0.15425682,0.16326904
1214,0.16584396,0.99973557,1739,0.14533997,0.99994381,1524,0.02050400,-0.00020825,0.15559196,0.16584396
1215,0.16946793,0.99973017,1777,0.14820099,0.99993710,1554,0.02126694,-0.00020693,0.15883446,0.16946793
1216,0.17547607,0.99970762,1840,0.14314651,0.99993804,1501,0.03232956,-0.00023042,0.15931129,0.17547607
1217,0.17356873,0.99972493,1820,0.14324188,0.99993912,1502,0.03032684,-0.00021420,0.15840530,0.17356873
1218,0.08172989,0.99991279,857,0.09899139,0.99992342,1038,-0.01726151,-0.00001064,0.09036064,0.09899139
1219,0.08020401,0.99992520,841,0.08401871,0.99993725,881,-0.00381470,-0.00001205,0.08211136,0.08401871
1220,0.08363724,0.99990986,877,0.07429123,0.99994331,779,0.00934601,-0.00003345,0.07896423,0.08363724
1221,0.08792877,0.99988588,922,0.07276535,0.99994438,763,0.01516342,-0.00005851,0.08034706,0.08792877
1222,0.08096695,0.99990347,849,0.07534027,0.99993404,790,0.00562668,-0.00003057,0.07815361,0.08096695
1223,0.17070770,0.99988685,1790,0.07505417,0.99987487,787,0.09565353,0.00001198,0.12288094,0.17070770
1224,0.17137527,0.99988999,1797,0.07371902,0.99986086,773,0.09765625,0.00002913,0.12254715,0.17137527
1225,0.17242432,0.99989410,1808,0.07266998,0.99985572,762,0.09975433,0.00003839,0.12254715,0.17242432
1226,0.17528534,0.99989235,1838,0.07467270,0.99984497,783,0.10061264,0.00004738,0.12497902,0.17528534
1227,0.17719269,0.99989336,1858,0.07543564,0.99981175,791,0.10175705,0.00008161,0.12631416,0.17719269
1228,0.41179657,0.99926497,4318,0.05245209,0.99990886,550,0.35934448,-0.00064389,0.23212433,0.41179657
1229,0.40111542,0.99937613,4206,0.05426407,0.99990297,569,0.34685135,-0.00052684,0.22768974,0.40111542
1230,0.40884018,0.99949595,4287,0.05254745,0.99990986,551,0.35629272,-0.00041391,0.23069382,0.40884018
1231,0.41332245,0.99955174,4334,0.05550385,0.99989729,582,0.35781860,-0.00034554,0.23441315,0.41332245
1232,0.40903091,0.99954987,4289,0.05617142,0.99990410,589,0.35285950,-0.00035423,0.23260117,0.40903091
1233,0.14553070,0.99987353,1526,0.03461838,0.99994316,363,0.11091232,-0.00006963,0.09007454,0.14553070
1234,0.14801025,0.99986549,1552,0.02946854,0.99995166,309,0.11854172,-0.00008617,0.08873940,0.14801025
1235,0.14648438,0.99986813,1536,0.02946854,0.99994579,309,0.11701584,-0.00007766,0.08797646,0.14648438
1236,0.15392303,0.99984708,1614,0.03137589,0.99994780,329,0.12254715,-0.00010072,0.09264946,0.15392303
1237,0.15344620,0.99983669,1609,0.02803802,0.99994595,294,0.12540817,-0.00010926,0.09074211,0.15344620
1238,0.10299683,0.99983390,1080,0.05559921,0.99984755,583,0.04739761,-0.00001365,0.07929802,0.10299683
1239,0.10633469,0.99982104,1115,0.05693436,0.99983733,597,0.04940033,-0.00001628,0.08163452,0.10633469
1240,0.10614395,0.99982596,1113,0.05702972,0.99983647,598,0.04911423,-0.00001051,0.08158684,0.10614395
1241,0.10623932,0.99982974,1114,0.05426407,0.99984845,569,0.05197525,-0.00001871,0.08025169,0.10623932
1242,0.10557175,0.99983423,1107,0.05197525,0.99985715,545,0.05359650,-0.00002292,0.07877350,0.10557175
1243,0.24757385,0.99965270,2596,0.16145706,0.99977186,1693,0.08611679,-0.00011917,0.20451546,0.24757385
1244,0.24337769,0.99966337,2552,0.15459061,0.99977691,1621,0.08878708,-0.00011353,0.19898415,0.24337769
1245,0.22363663,0.99968789,2345,0.14657974,0.99977760,1537,0.07705688,-0.00008972,0.18510818,0.22363663
1246,0.21352768,0.99967134,2239,0.13704300,0.99977614,1437,0.07648468,-0.00010480,0.17528534,0.21352768
1247,0.21600723,0.99963377,2265,0.12702942,0.99975615,1332,0.08897781,-0.00012237,0.17151833,0.21600723
1248,0.01764297,0.99998401,185,0.05884171,0.99979579,617,-0.04119873,0.00018822,0.03824234,0.05884171
1249,0.01792908,0.99998368,188,0.06446838,0.99978375,676,-0.04653931,0.00019993,0.04119873,0.06446838
1250,0.01564026,0.99998808,164,0.06732941,0.99978393,706,-0.05168915,0.00020416,0.04148483,0.06732941
1251,0.01783371,0.99998031,187,0.07200241,0.99977512,755,-0.05416870,0.00020519,0.04491806,0.07200241
1252,0.01745224,0.99998577,183,0.07181168,0.99978040,753,-0.05435944,0.00020537,0.04463196,0.07181168
1253,0.35781860,0.99908485,3752,0.11510849,0.99983100,1207,0.24271011,-0.00074615,0.23646355,0.35781860
1254,0.33731461,0.99908695,3537,0.09937286,0.99980585,1042,0.23794174,-0.00071890,0.21834373,0.33731461
1255,0.31785965,0.99909552,3333,0.09841919,0.99978972,1032,0.21944046,-0.00069420,0.20813942,0.31785965
1256,0.31681061,0.99912252,3322,0.09651184,0.99980731,1012,0.22029877,-0.00068479,0.20666122,0.31681061
1257,0.29726028,0.99923194,3117,0.08964539,0.99983891,940,0.20761490,-0.00060697,0.19345284,0.29726028
1258,0.04568100,0.99994248,479,0.05769730,0.99988998,605,-0.01201630,0.00005250,0.05168915,0.05769730
1259,0.04138947,0.99993174,434,0.06151199,0.99986750,645,-0.02012253,0.00006424,0.05145073,0.06151199
1260,0.04577637,0.99993122,480,0.07495880,0.99983688,786,-0.02918243,0.00009434,0.06036758,0.07495880
1261,0.04634857,0.99993195,486,0.08125305,0.99981702,852,-0.03490448,0.00011492,0.06380081,0.08125305
1262,0.04425049,0.99993195,464,0.09021759,0.99978534,946,-0.04596710,0.00014661,0.06723404,0.09021759
1263,0.04158020,0.99995136,436,0.00343323,0.99999742,36,0.03814697,-0.00004605,0.02250671,0.04158020
1264,0.04186630,0.99995357,439,0.00467300,0.99999603,49,0.03719330,-0.00004246,0.02326965,0.04186630
1265,0.05016327,0.99993564,526,0.00791550,0.99999438,83,0.04224777,-0.00005874,0.02903938,0.05016327
1266,0.05521774,0.99992435,579,0.01258850,0.99998477,132,0.04262924,-0.00006042,0.03390312,0.05521774
1267,0.14410019,0.99977503,1511,0.04940033,0.99991613,518,0.09469986,-0.00014110,0.09675026,0.14410019
1268,0.15869141,0.99971739,1664,0.05750656,0.99989313,603,0.10118484,-0.00017574,0.10809898,0.15869141
1269,0.17051697,0.99968625,1788,0.06713867,0.99987472,704,0.10337830,-0.00018847,0.11882782,0.17051697
1270,0.18501282,0.99966597,1940,0.07686615,0.99986476,806,0.10814667,-0.00019879,0.13093948,0.18501282
1271,0.20122528,0.99969876,2110,0.05445480,0.99988878,571,0.14677048,-0.00019002,0.12784004,0.20122528
1272,0.21123886,0.99967130,2215,0.05493164,0.99988112,576,0.15630722,-0.00020983,0.13308525,0.21123886
1273,0.22010803,0.99965127,2308,0.05397797,0.99988782,566,0.16613007,-0.00023656,0.13704300,0.22010803
1274,0.22935867,0.99963418,2405,0.05731583,0.99988013,601,0.17204285,-0.00024595,0.14333725,0.22935867
1275,0.23565292,0.99958997,2471,0.11386871,0.99977528,1194,0.12178421,-0.00018531,0.17476082,0.23565292
1276,0.24747849,0.99957239,2595,0.11425018,0.99976386,1198,0.13322830,-0.00019147,0.18086433,0.24747849
1277,0.26149750,0.99955853,2742,0.11949539,0.99974856,1253,0.14200211,-0.00019002,0.19049644,0.26149750
1278,0.27389526,0.99956055,2872,0.12063980,0.99974716,1265,0.15325546,-0.00018661,0.19726753,0.27389526
1279,0.36401749,0.99916998,3817,0.12922287,0.99965070,1355,0.23479462,-0.00048073,0.24662018,0.36401749
1280,0.36582947,0.99915638,3836,0.13217926,0.99963314,1386,0.23365021,-0.00047676,0.24900436,0.36582947
1281,0.37775040,0.99914926,3961,0.14390945,0.99960899,1509,0.23384094,-0.00045973,0.26082993,0.37775040
1282,0.38957596,0.99913168,4085,0.15583038,0.99958179,1634,0.23374557,-0.00045010,0.27270317,0.38957596
1283,0.38547516,0.99921936,4042,0.08516312,0.99991323,893,0.30031204,-0.00069387,0.23531914,0.38547516
1284,0.40216446,0.99921915,4217,0.09107590,0.99991690,955,0.31108856,-0.00069775,0.24662018,0.40216446
1285,0.40969849,0.99921670,4296,0.09927750,0.99991951,1041,0.31042099,-0.00070281,0.25448799,0.40969849
1286,0.42285919,0.99920040,4434,0.11234283,0.99990729,1178,0.31051636,-0.00070689,0.26760101,0.42285919
1287,0.51259995,0.99923587,5375,0.41742325,0.99940632,4377,0.09517670,-0.00017045,0.46501160,0.51259995
1288,0.52232742,0.99924517,5477,0.43220520,0.99940849,4532,0.09012222,-0.00016332,0.47726631,0.52232742
1289,0.53653717,0.99922174,5626,0.44679642,0.99937055,4685,0.08974075,-0.00014881,0.49166679,0.53653717
1290,0.54702759,0.99921383,5736,0.45480728,0.99936160,4769,0.09222031,-0.00014778,0.50091743,0.54702759
1291,0.53195953,0.99919472,5578,0.25444031,0.99969763,2668,0.27751923,-0.00050290,0.39319992,0.53195953
1292,0.53434372,0.99918716,5603,0.26006699,0.99968282,2727,0.27427673,-0.00049566,0.39720535,0.53434372
1293,0.54788589,0.99914256,5745,0.27103424,0.99965038,2842,0.27685165,-0.00050782,0.40946007,0.54788589
1294,0.55055618,0.99913220,5773,0.27875900,0.99963440,2923,0.27179718,-0.00050219,0.41465759,0.55055618
1295,0.22401810,0.99972951,2349,0.20179749,0.99974020,2116,0.02222061,-0.00001069,0.21290779,0.22401810
1296,0.22945404,0.99971888,2406,0.20227432,0.99973771,2121,0.02717972,-0.00001883,0.21586418,0.22945404
1297,0.23498535,0.99970675,2464,0.20666122,0.99973089,2167,0.02832413,-0.00002414,0.22082329,0.23498535
1298,0.23860931,0.99970313,2502,0.21095276,0.99972756,2212,0.02765656,-0.00002442,0.22478104,0.23860931
1299,0.17557144,0.99976482,1841,0.24385452,0.99968158,2557,-0.06828308,0.00008324,0.20971298,0.24385452
1300,0.18138885,0.99975693,1902,0.25491714,0.99966914,2673,-0.07352829,0.00008779,0.21815300,0.25491714
1301,0.19311905,0.99975725,2025,0.27208328,0.99965926,2853,-0.07896423,0.00009799,0.23260117,0.27208328
1302,0.19378662,0.99975181,2032,0.27713776,0.99963792,2906,-0.08335114,0.00011389,0.23546219,0.27713776
1303,0.31280518,0.99944302,3280,0.24423599,0.99969462,2561,0.06856918,-0.00025160,0.27852058,0.31280518
1304,0.33025742,0.99942452,3463,0.25396347,0.99968727,2663,0.07629395,-0.00026275,0.29211044,0.33025742
1305,0.33702850,0.99939792,3534,0.25758743,0.99966860,2701,0.07944107,-0.00027069,0.29730797,0.33702850
1306,0.35114288,0.99937410,3682,0.27294159,0.99965000,2862,0.07820129,-0.00027591,0.31204224,0.35114288
1307,0.52490234,0.99924658,5504,0.22592545,0.99972361,2369,0.29897690,-0.00047703,0.37541389,0.52490234
1308,0.54473877,0.99922736,5712,0.22697449,0.99972540,2380,0.31776428,-0.00049804,0.38585663,0.54473877
1309,0.54655075,0.99921075,5731,0.22506714,0.99972461,2360,0.32148361,-0.00051386,0.38580894,0.54655075
1310,0.56896210,0.99918821,5966,0.23136139,0.99972389,2426,0.33760071,-0.00053568,0.40016174,0.56896210
1311,0.56819916,0.99932402,5958,0.27971268,0.99967379,2933,0.28848648,-0.00034978,0.42395592,0.56819916
1312,0.58832169,0.99929123,6169,0.28667450,0.99967420,3006,0.30164719,-0.00038297,0.43749809,0.58832169
1313,0.58870316,0.99930009,6173,0.28562546,0.99967353,2995,0.30307770,-0.00037345,0.43716431,0.58870316
1314,0.60815811,0.99927492,6377,0.28810501,0.99967802,3021,0.32005310,-0.00040311,0.44813156,0.60815811
1315,0.66480637,0.99916423,6971,0.41475296,0.99948470,4349,0.25005341,-0.00032046,0.53977966,0.66480637
1316,0.66509247,0.99915409,6974,0.40922165,0.99950809,4291,0.25587082,-0.00035400,0.53715706,0.66509247
1317,0.65698624,0.99917346,6889,0.40769577,0.99948774,4275,0.24929047,-0.00031429,0.53234100,0.65698624
1318,0.66270828,0.99915972,6949,0.40807724,0.99948912,4279,0.25463104,-0.00032940,0.53539276,0.66270828
1319,0.73461533,0.99902033,7703,0.58040619,0.99918621,6086,0.15420914,-0.00016587,0.65751076,0.73461533
1320,0.74090958,0.99901325,7769,0.58460236,0.99918344,6130,0.15630722,-0.00017020,0.66275597,0.74090958
1321,0.74157715,0.99903726,7776,0.58460236,0.99920148,6130,0.15697479,-0.00016422,0.66308975,0.74157715
1322,0.75244904,0.99899962,7890,0.59280396,0.99919662,6216,0.15964508,-0.00019700,0.67262650,0.75244904
1323,0.53062439,0.99938015,5564,0.22048950,0.99963277,2312,0.31013489,-0.00025263,0.37555695,0.53062439
1324,0.53663254,0.99937301,5627,0.21963120,0.99964351,2303,0.31700134,-0.00027050,0.37813187,0.53663254
1325,0.54025650,0.99937214,5665,0.21953583,0.99963751,2302,0.32072067,-0.00026537,0.37989616,0.54025650
1326,0.54550171,0.99936208,5720,0.22087097,0.99964369,2316,0.32463074,-0.00028162,0.38318634,0.54550171
1327,0.31108856,0.99966349,3262,0.15964508,0.99980419,1674,0.15144348,-0.00014069,0.23536682,0.31108856
1328,0.31347275,0.99966796,3287,0.15878677,0.99981160,1665,0.15468597,-0.00014364,0.23612976,0.31347275
1329,0.32215118,0.99966177,3378,0.15745163,0.99980878,1651,0.16469955,-0.00014701,0.23980141,0.32215118
1330,0.32444000,0.99967826,3402,0.15840530,0.99982139,1661,0.16603470,-0.00014313,0.24142265,0.32444000
1331,0.31566620,0.99893526,3310,0.33607483,0.99922187,3524,-0.02040863,-0.00028661,0.32587051,0.33607483
1332,0.31328201,0.99894554,3285,0.34961700,0.99916442,3666,-0.03633499,-0.00021888,0.33144951,0.34961700
1333,0.31852722,0.99894358,3340,0.36134720,0.99912836,3789,-0.04281998,-0.00018478,0.33993721,0.36134720
1334,0.32072067,0.99891996,3363,0.37469864,0.99909789,3929,-0.05397797,-0.00017793,0.34770966,0.37469864
1335,0.16460419,0.99981356,1726,0.31700134,0.99947716,3324,-0.15239716,0.00033640,0.24080276,0.31700134
1336,0.16746521,0.99979320,1756,0.32386780,0.99946099,3396,-0.15640259,0.00033221,0.24566650,0.32386780
1337,0.17175674,0.99979300,1801,0.33121109,0.99945937,3473,-0.15945435,0.00033363,0.25148392,0.33121109
1338,0.17280579,0.99977885,1812,0.32663345,0.99946975,3425,-0.15382767,0.00030911,0.24971962,0.32663345
1339,0.22792816,0.99974982,2390,0.35591125,0.99948285,3732,-0.12798309,0.00026696,0.29191971,0.35591125
1340,0.23193359,0.99976938,2432,0.35037994,0.99949329,3674,-0.11844635,0.00027609,0.29115677,0.35037994
1341,0.24433136,0.99976598,2562,0.35343170,0.99950291,3706,-0.10910034,0.00026307,0.29888153,0.35343170
1342,0.24833679,0.99975388,2604,0.35791397,0.99948984,3753,-0.10957718,0.00026404,0.30312538,0.35791397
1343,0.37794113,0.99953001,3963,0.23908615,0.99965242,2507,0.13885498,-0.00012241,0.30851364,0.37794113
1344,0.38795471,0.99953316,4068,0.23765564,0.99968268,2492,0.15029907,-0.00014952,0.31280518,0.38795471
1345,0.39558411,0.99952654,4148,0.23937225,0.99969899,2510,0.15621185,-0.00017245,0.31747818,0.39558411
1346,0.39987564,0.99953783,4193,0.24604797,0.99968594,2580,0.15382767,-0.00014810,0.32296181,0.39987564
1347,0.92716217,0.99862002,9722,0.34551620,0.99966721,3623,0.58164597,-0.00104720,0.63633919,0.92716217
1348,0.92496872,0.99867054,9699,0.34494400,0.99968011,3617,0.58002472,-0.00100958,0.63495636,0.92496872
1349,0.92887878,0.99868786,9740,0.35142899,0.99967795,3685,0.57744980,-0.00099008,0.64015388,0.92887878
1350,0.92983246,0.99871111,9750,0.35877228,0.99967781,3762,0.57106018,-0.00096669,0.64430237,0.92983246
1351,0.68387985,0.99905506,7171,0.83684921,0.99802591,8775,-0.15296936,0.00102916,0.76036453,0.83684921
1352,0.67873001,0.99907997,7117,0.83160400,0.99803332,8720,-0.15287399,0.00104664,0.75516701,0.83160400
1353,0.68187714,0.99911700,7150,0.85182190,0.99801085,8932,-0.16994476,0.00110615,0.76684952,0.85182190
1354,0.69007874,0.99911459,7236,0.85744858,0.99811443,8991,-0.16736984,0.00100016,0.77376366,0.85744858
1355,0.39339066,0.99969604,4125,0.34790039,0.99969052,3648,0.04549026,0.00000551,0.37064552,0.39339066
1356,0.39100647,0.99970786,4100,0.33578873,0.99970023,3521,0.05521774,0.00000763,0.36339760,0.39100647
1357,0.39539337,0.99969790,4146,0.34389496,0.99968154,3606,0.05149841,0.00001636,0.36964417,0.39539337
1358,0.40616989,0.99969703,4259,0.36211014,0.99967004,3797,0.04405975,0.00002699,0.38414001,0.40616989
1359,0.38318634,0.99965822,4018,0.58088303,0.99929966,6091,-0.19769669,0.00035855,0.48203468,0.58088303
1360,0.37479401,0.99967751,3930,0.59337616,0.99929834,6222,-0.21858215,0.00037917,0.48408508,0.59337616
1361,0.37479401,0.99967320,3930,0.60157776,0.99928702,6308,-0.22678375,0.00038618,0.48818588,0.60157776
1362,0.37746429,0.99966563,3958,0.62284470,0.99926995,6531,-0.24538040,0.00039568,0.50015450,0.62284470
1363,0.67033768,0.99915320,7029,0.76847076,0.99876859,8058,-0.09813309,0.00038461,0.71940422,0.76847076
1364,0.67758560,0.99913313,7105,0.77409744,0.99875250,8117,-0.09651184,0.00038063,0.72584152,0.77409744
1365,0.68264008,0.99910539,7158,0.77304840,0.99875096,8106,-0.09040833,0.00035443,0.72784424,0.77304840
1366,0.68397522,0.99910533,7172,0.77867508,0.99873633,8165,-0.09469986,0.00036900,0.73132515,0.77867508
1367,1.02910995,0.99841437,10791,0.70161819,0.99871151,7357,0.32749176,-0.00029713,0.86536407,1.02910995
1368,1.02405548,0.99839679,10738,0.69932938,0.99871067,7333,0.32472610,-0.00031388,0.86169243,1.02405548
1369,1.02672577,0.99842531,10766,0.69208145,0.99875349,7257,0.33464432,-0.00032818,0.85940361,1.02672577
1370,1.04246140,0.99840300,10931,0.70199966,0.99876507,7361,0.34046173,-0.00036207,0.87223053,1.04246140
1371,0.98686218,0.99872149,10348,0.26617050,0.99973387,2791,0.72069168,-0.00101238,0.62651634,0.98686218
1372,0.98304749,0.99875392,10308,0.25701523,0.99974483,2695,0.72603226,-0.00099091,0.62003136,0.98304749
1373,0.97742081,0.99874998,10249,0.25482178,0.99974876,2672,0.72259903,-0.00099879,0.61612129,0.97742081
1374,0.98829269,0.99876909,10363,0.25272369,0.99976725,2650,0.73556900,-0.00099816,0.62050819,0.98829269
1375,0.58631897,0.99934683,6148,0.13198853,0.99984623,1384,0.45433044,-0.00049939,0.35915375,0.58631897
1376,0.60415268,0.99930118,6335,0.13351440,0.99984000,1400,0.47063828,-0.00053882,0.36883354,0.60415268
1377,0.59213638,0.99932403,6209,0.12168884,0.99986008,1276,0.47044754,-0.00053605,0.35691261,0.59213638
1378,0.60529709,0.99933554,6347,0.13389587,0.99985788,1404,0.47140121,-0.00052234,0.36959648,0.60529709
1379,0.48608780,0.99935133,5097,0.10395050,0.99994733,1090,0.38213730,-0.00059600,0.29501915,0.48608780
1380,0.47483444,0.99938002,4979,0.09689331,0.99995036,1016,0.37794113,-0.00057034,0.28586388,0.47483444
1381,0.46968460,0.99937911,4925,0.09889603,0.99994662,1037,0.37078857,-0.00056751,0.28429031,0.46968460
1382,0.46958923,0.99940265,4924,0.10309219,0.99994625,1081,0.36649704,-0.00054360,0.28634071,0.46958923
1383,0.40483475,0.99956467,4245,0.23813248,0.99975277,2497,0.16670227,-0.00018810,0.32148361,0.40483475
1384,0.39377213,0.99959696,4129,0.23527145,0.99974456,2467,0.15850067,-0.00014760,0.31452179,0.39377213
1385,0.39854050,0.99959687,4179,0.24080276,0.99975378,2525,0.15773773,-0.00015691,0.31967163,0.39854050
1386,0.38232803,0.99961976,4009,0.24948120,0.99972940,2616,0.13284683,-0.00010964,0.31590462,0.38232803
1387,0.65240860,0.99924032,6841,0.29964447,0.99972901,3142,0.35276413,-0.00048869,0.47602654,0.65240860
1388,0.63457489,0.99925835,6654,0.29230118,0.99973285,3065,0.34227371,-0.00047450,0.46343803,0.63457489
1389,0.62980652,0.99926965,6604,0.28629303,0.99974157,3002,0.34351349,-0.00047192,0.45804977,0.62980652
1390,0.62770844,0.99928229,6582,0.29134750,0.99974102,3055,0.33636093,-0.00045873,0.45952797,0.62770844
1391,0.52738190,0.99942469,5530,0.17843246,0.99987052,1871,0.34894943,-0.00044583,0.35290718,0.52738190
1392,0.52375793,0.99943005,5492,0.17795563,0.99987377,1866,0.34580231,-0.00044372,0.35085678,0.52375793
1393,0.52413940,0.99943876,5496,0.18062592,0.99986517,1894,0.34351349,-0.00042641,0.35238266,0.52413940
1394,0.52289963,0.99944722,5483,0.18138885,0.99986715,1902,0.34151077,-0.00041994,0.35214424,0.52289963
1395,0.43888092,0.99955164,4602,0.32596588,0.99945661,3418,0.11291504,0.00009503,0.38242340,0.43888092
1396,0.44240952,0.99954961,4639,0.32634735,0.99946350,3422,0.11606216,0.00008610,0.38437843,0.44240952
1397,0.45099258,0.99953882,4729,0.33798218,0.99945443,3544,0.11301041,0.00008439,0.39448738,0.45099258
1398,0.45824051,0.99951298,4805,0.34780502,0.99943002,3647,0.11043549,0.00008296,0.40302277,0.45824051
1399,0.41809082,0.99964262,4384,0.30078888,0.99971226,3154,0.11730194,-0.00006964,0.35943985,0.41809082
1400,0.42295456,0.99963706,4435,0.31051636,0.99970450,3256,0.11243820,-0.00006744,0.36673546,0.42295456
1401,0.41751862,0.99964588,4378,0.30088425,0.99971236,3155,0.11663437,-0.00006648,0.35920143,0.41751862
1402,0.42743683,0.99962648,4482,0.30670166,0.99969669,3216,0.12073517,-0.00007021,0.36706924,0.42743683
1403,0.74129105,0.99893362,7773,0.46310425,0.99936879,4856,0.27818680,-0.00043517,0.60219765,0.74129105
1404,0.73108673,0.99894760,7666,0.46730042,0.99936563,4900,0.26378632,-0.00041803,0.59919357,0.73108673
1405,0.72441101,0.99895669,7596,0.47521591,0.99934916,4983,0.24919510,-0.00039247,0.59981346,0.72441101
1406,0.72774887,0.99897373,7631,0.48313141,0.99931699,5066,0.24461746,-0.00034325,0.60544014,0.72774887
1407,0.55341721,0.99944556,5803,0.39911270,0.99940054,4185,0.15430450,0.00004502,0.47626495,0.55341721
1408,0.56095123,0.99945524,5882,0.40884018,0.99937101,4287,0.15211105,0.00008423,0.48489571,0.56095123
1409,0.56247711,0.99944144,5898,0.41456223,0.99934886,4347,0.14791489,0.00009258,0.48851967,0.56247711
1410,0.56114197,0.99945394,5884,0.41904449,0.99933026,4394,0.14209747,0.00012368,0.49009323,0.56114197
1411,0.25014877,0.99981499,2623,0.39482117,0.99949023,4140,-0.14467239,0.00032476,0.32248497,0.39482117
1412,0.25119781,0.99981488,2634,0.40159225,0.99948761,4211,-0.15039444,0.00032727,0.32639503,0.40159225
1413,0.25186539,0.99981721,2641,0.40245056,0.99948675,4220,-0.15058517,0.00033046,0.32715797,0.40245056
1414,0.25653839,0.99981828,2690,0.40674210,0.99946102,4265,-0.15020370,0.00035725,0.33164024,0.40674210
1415,0.25615692,0.99978407,2686,0.24652481,0.99973458,2585,0.00963211,0.00004949,0.25134087,0.25615692
1416,0.26016235,0.99976377,2728,0.25215149,0.99971875,2644,0.00801086,0.00004502,0.25615692,0.26016235
1417,0.26350021,0.99975527,2763,0.25653839,0.99972434,2690,0.00696182,0.00003094,0.26001930,0.26350021
1418,0.25930405,0.99974192,2719,0.24833679,0.99970142,2604,0.01096725,0.00004050,0.25382042,0.25930405
1419,0.55980682,0.99924940,5870,0.26931763,0.99968668,2824,0.29048920,-0.00043728,0.41456223,0.55980682
1420,0.56581497,0.99923930,5933,0.26121140,0.99967422,2739,0.30460358,-0.00043492,0.41351318,0.56581497
1421,0.57811737,0.99917545,6062,0.26664734,0.99966646,2796,0.31147003,-0.00049101,0.42238235,0.57811737
1422,0.57821274,0.99914931,6063,0.27360916,0.99966739,2869,0.30460358,-0.00051808,0.42591095,0.57821274
1423,0.51126480,0.99905626,5361,0.72908401,0.99853562,7645,-0.21781921,0.00052065,0.62017441,0.72908401
1424,0.52175522,0.99903030,5471,0.74682236,0.99850631,7831,-0.22506714,0.00052399,0.63428879,0.74682236
1425,0.53043365,0.99903380,5562,0.77018738,0.99844720,8076,-0.23975372,0.00058660,0.65031052,0.77018738
1426,0.53920746,0.99893819,5654,0.79517365,0.99836713,8338,-0.25596619,0.00057106,0.66719055,0.79517365
1427,0.44775009,0.99938562,4695,0.67462921,0.99871155,7074,-0.22687912,0.00067406,0.56118965,0.67462921
1428,0.45413971,0.99936546,4762,0.68454742,0.99867256,7178,-0.23040771,0.00069289,0.56934357,0.68454742
1429,0.45318604,0.99936263,4752,0.70095062,0.99867150,7350,-0.24776459,0.00069114,0.57706833,0.70095062
1430,0.46472549,0.99932984,4873,0.71754456,0.99863343,7524,-0.25281906,0.00069641,0.59113503,0.71754456
1431,0.48904419,0.99931786,5128,0.55236816,0.99911128,5792,-0.06332397,0.00020658,0.52070618,0.55236816
1432,0.48208237,0.99931649,5055,0.55046082,0.99913033,5772,-0.06837845,0.00018616,0.51627159,0.55046082
1433,0.45785904,0.99934020,4801,0.54979324,0.99912685,5765,-0.09193420,0.00021335,0.50382614,0.54979324
1434,0.44012070,0.99934106,4615,0.55160522,0.99912566,5784,-0.11148453,0.00021539,0.49586296,0.55160522
1435,0.64153671,0.99904769,6727,0.84981918,0.99880898,8911,-0.20828247,0.00023872,0.74567795,0.84981918
1436,0.62904358,0.99908063,6596,0.85353851,0.99881305,8950,-0.22449493,0.00026758,0.74129105,0.85353851
1437,0.60958862,0.99907867,6392,0.86793900,0.99881795,9101,-0.25835037,0.00026072,0.73876381,0.86793900
1438,0.59881210,0.99911868,6279,0.87566376,0.99880837,9182,-0.27685165,0.00031031,0.73723793,0.87566376
1439,0.59394836,0.99914946,6228,0.57563782,0.99821509,6036,0.01831055,0.00093437,0.58479309,0.59394836
1440,0.59118271,0.99918514,6199,0.58174133,0.99819847,6100,0.00944138,0.00098667,0.58646202,0.59118271
1441,0.58317184,0.99919096,6115,0.58174133,0.99819077,6100,0.00143051,0.00100019,0.58245659,0.58317184
1442,0.57840347,0.99921739,6065,0.57458878,0.99818004,6025,0.00381470,0.00103734,0.57649612,0.57840347
1443,0.31261444,0.99958570,3278,0.35266876,0.99928677,3698,-0.04005432,0.00029893,0.33264160,0.35266876
1444,0.31709671,0.99958211,3325,0.35705566,0.99927386,3744,-0.03995895,0.00030825,0.33707619,0.35705566
1445,0.30221939,0.99959591,3169,0.34093857,0.99929182,3575,-0.03871918,0.00030409,0.32157898,0.34093857
1446,0.27971268,0.99960200,2933,0.32176971,0.99930978,3374,-0.04205704,0.00029222,0.30074120,0.32176971
1447,0.37126541,0.99939034,3893,0.34770966,0.99941537,3646,0.02355576,-0.00002503,0.35948753,0.37126541
1448,0.36582947,0.99935093,3836,0.34656525,0.99943308,3634,0.01926422,-0.00008216,0.35619736,0.36582947
1449,0.34189224,0.99936772,3585,0.33731461,0.99941049,3537,0.00457764,-0.00004278,0.33960342,0.34189224
1450,0.33044815,0.99941498,3465,0.32491684,0.99942510,3407,0.00553131,-0.00001012,0.32768250,0.33044815
1451,0.32939911,0.99940463,3454,0.25367737,0.99968617,2660,0.07572174,-0.00028154,0.29153824,0.32939911
1452,0.30784607,0.99942568,3228,0.23975372,0.99969081,2514,0.06809235,-0.00026513,0.27379990,0.30784607
1453,0.29764175,0.99942589,3121,0.23221970,0.99970719,2435,0.06542206,-0.00028130,0.26493073,0.29764175
1454,0.28009415,0.99944317,2937,0.22954941,0.99971107,2407,0.05054474,-0.00026790,0.25482178,0.28009415
1455,0.28219223,0.99938793,2959,0.29430389,0.99918831,3086,-0.01211166,0.00019962,0.28824806,0.29430389
1456,0.28009415,0.99942195,2937,0.29773712,0.99920809,3122,-0.01764297,0.00021385,0.28891563,0.29773712
1457,0.28123856,0.99941500,2949,0.29067993,0.99922992,3048,-0.00944138,0.00018508,0.28595924,0.29067993
1458,0.28095245,0.99941438,2946,0.29258728,0.99923748,3068,-0.01163483,0.00017690,0.28676987,0.29258728
1459,0.20475388,0.99956146,2147,0.41418076,0.99788165,4343,-0.20942688,0.00167981,0.30946732,0.41418076
1460,0.20055771,0.99959435,2103,0.40769577,0.99789010,4275,-0.20713806,0.00170425,0.30412674,0.40769577
1461,0.19626617,0.99961251,2058,0.39691925,0.99788269,4162,-0.20065308,0.00172982,0.29659271,0.39691925
1462,0.20065308,0.99963996,2104,0.39730072,0.99788350,4166,-0.19664764,0.00175647,0.29897690,0.39730072
1463,0.16098022,0.99970325,1688,0.50697327,0.99630444,5316,-0.34599304,0.00339880,0.33397675,0.50697327
1464,0.17013550,0.99969568,1784,0.51326752,0.99632452,5382,-0.34313202,0.00337116,0.34170151,0.51326752
1465,0.17223358,0.99969265,1806,0.51698685,0.99629561,5421,-0.34475327,0.00339704,0.34461021,0.51698685
1466,0.16794205,0.99967350,1761,0.52242279,0.99631636,5478,-0.35448074,0.00335714,0.34518242,0.52242279
1467,0.19454956,0.99969885,2040,0.53987503,0.99589003,5661,-0.34532547,0.00380882,0.36721230,0.53987503
1468,0.20313263,0.99968597,2130,0.55160522,0.99588011,5784,-0.34847260,0.00380586,0.37736893,0.55160522
1469,0.20761490,0.99965289,2177,0.56085587,0.99584222,5881,-0.35324097,0.00381067,0.38423538,0.56085587
1470,0.20751953,0.99966324,2176,0.57411194,0.99577914,6020,-0.36659241,0.00388410,0.39081573,0.57411194
1471,0.27484894,0.99927410,2882,0.44021606,0.99760089,4616,-0.16536713,0.00167320,0.35753250,0.44021606
1472,0.26845932,0.99929973,2815,0.44431686,0.99756698,4659,-0.17585754,0.00173275,0.35638809,0.44431686
1473,0.27704239,0.99930986,2905,0.44469833,0.99756677,4663,-0.16765594,0.00174309,0.36087036,0.44469833
1474,0.26979446,0.99933722,2829,0.44908524,0.99757336,4709,-0.17929077,0.00176386,0.35943985,0.44908524
1475,0.92439651,0.99498931,9693,0.33817291,0.99894602,3546,0.58622360,-0.00395671,0.63128471,0.92439651
1476,0.94366074,0.99496118,9895,0.35352707,0.99895866,3707,0.59013367,-0.00399748,0.64859390,0.94366074
1477,0.94413757,0.99501584,9900,0.34608841,0.99894915,3629,0.59804916,-0.00393331,0.64511299,0.94413757
1478,0.94490051,0.99504376,9908,0.34971237,0.99894177,3667,0.59518814,-0.00389801,0.64730644,0.94490051
1479,0.44956207,0.99908391,4714,0.16613007,0.99947220,1742,0.28343201,-0.00038830,0.30784607,0.44956207
1480,0.44546127,0.99906402,4671,0.16098022,0.99950504,1688,0.28448105,-0.00044102,0.30322075,0.44546127
1481,0.44126511,0.99908790,4627,0.15974045,0.99950877,1675,0.28152466,-0.00042087,0.30050278,0.44126511
1482,0.43954849,0.99908457,4609,0.16527176,0.99946550,1733,0.27427673,-0.00038093,0.30241013,0.43954849
1483,1.42068863,0.99389014,14897,0.21657944,0.99942949,2271,1.20410919,-0.00553934,0.81863403,1.42068863
1484,1.41658783,0.99390527,14854,0.21018982,0.99944555,2204,1.20639801,-0.00554029,0.81338882,1.41658783
1485,1.41639709,0.99395788,14852,0.20923615,0.99946984,2194,1.20716095,-0.00551196,0.81281662,1.41639709
1486,1.41067505,0.99408236,14792,0.20074844,0.99948141,2105,1.20992661,-0.00539905,0.80571175,1.41067505
1487,1.23100281,0.99481615,12908,0.37727356,0.99929819,3956,0.85372925,-0.00448204,0.80413818,1.23100281
1488,1.22003555,0.99487391,12793,0.38423538,0.99928003,4029,0.83580017,-0.00440612,0.80213547,1.22003555
1489,1.21927261,0.99493771,12785,0.38518906,0.99926952,4039,0.83408356,-0.00433181,0.80223083,1.21927261
1490,1.21097565,0.99498616,12698,0.38585663,0.99926551,4046,0.82511902,-0.00427935,0.79841614,1.21097565
1491,0.84581375,0.99718549,8869,0.50878525,0.99866404,5335,0.33702850,-0.00147855,0.67729950,0.84581375
1492,0.82712173,0.99726691,8673,0.50563812,0.99867304,5302,0.32148361,-0.00140612,0.66637993,0.82712173
1493,0.82921982,0.99727515,8695,0.51631927,0.99866546,5414,0.31290054,-0.00139032,0.67276955,0.82921982
1494,0.83227158,0.99729758,8727,0.52394867,0.99868951,5494,0.30832291,-0.00139193,0.67811012,0.83227158
1495,0.52452087,0.99910356,5500,0.62017441,0.99811262,6503,-0.09565353,0.00099095,0.57234764,0.62017441
1496,0.51946640,0.99914317,5447,0.61807632,0.99814268,6481,-0.09860992,0.00100050,0.56877136,0.61807632
1497,0.51832199,0.99913741,5435,0.62370300,0.99815034,6540,-0.10538101,0.00098708,0.57101250,0.62370300
1498,0.51469803,0.99914008,5397,0.63438416,0.99812676,6652,-0.11968613,0.00101332,0.57454109,0.63438416
1499,0.48322678,0.99908490,5067,0.88462830,0.99800749,9276,-0.40140152,0.00107741,0.68392754,0.88462830
1500,0.48351288,0.99911307,5070,0.88539124,0.99800835,9284,-0.40187836,0.00110472,0.68445206,0.88539124
1501,0.47607422,0.99913685,4992,0.87718964,0.99808523,9198,-0.40111542,0.00105162,0.67663193,0.87718964
1502,0.47197342,0.99916917,4949,0.87909698,0.99811346,9218,-0.40712357,0.00105571,0.67553520,0.87909698
1503,0.28839111,0.99942109,3024,0.68674088,0.99857455,7201,-0.39834976,0.00084654,0.48756599,0.68674088
1504,0.28276443,0.99945222,2965,0.67739487,0.99858167,7103,-0.39463043,0.00087055,0.48007965,0.67739487
1505,0.28409958,0.99947402,2979,0.67672729,0.99860367,7096,-0.39262772,0.00087035,0.48041344,0.67672729
1506,0.28343201,0.99947117,2972,0.67615509,0.99861910,7090,-0.39272308,0.00085207,0.47979355,0.67615509
1507,0.16174316,0.99986612,1696,0.87041855,0.99671167,9127,-0.70867538,0.00315445,0.51608086,0.87041855
1508,0.15029907,0.99987718,1576,0.86698532,0.99675088,9091,-0.71668625,0.00312630,0.50864220,0.86698532
1509,0.15878677,0.99987497,1665,0.88987350,0.99677370,9331,-0.73108673,0.00310127,0.52433014,0.88987350
1510,0.15401840,0.99987460,1615,0.89502335,0.99680962,9385,-0.74100494,0.00306498,0.52452087,0.89502335
1511,0.34265518,0.99954078,3593,1.10769272,0.99558830,11615,-0.76503754,0.00395248,0.72517395,1.10769272
1512,0.35047531,0.99953753,3675,1.09672546,0.99570044,11500,-0.74625015,0.00383708,0.72360039,1.09672546
1513,0.34904480,0.99955311,3660,1.09786987,0.99574376,11512,-0.74882507,0.00380935,0.72345734,1.09786987
1514,0.35390854,0.99954718,3711,1.09119415,0.99580677,11442,-0.73728561,0.00374040,0.72255135,1.09119415
1515,0.28381348,0.99968568,2976,0.85964203,0.99710053,9014,-0.57582855,0.00258515,0.57172775,0.85964203
1516,0.28676987,0.99966455,3007,0.84447861,0.99709723,8855,-0.55770874,0.00256732,0.56562424,0.84447861
1517,0.27513504,0.99970274,2885,0.82807541,0.99712356,8683,-0.55294037,0.00257917,0.55160522,0.82807541
1518,0.27999878,0.99966939,2936,0.81634521,0.99713171,8560,-0.53634644,0.00253768,0.54817200,0.81634521
1519,0.37822723,0.99918087,3966,0.69217682,0.99758686,7258,-0.31394958,0.00159402,0.53520203,0.69217682
1520,0.37708282,0.99916794,3954,0.70800781,0.99757074,7424,-0.33092499,0.00159720,0.54254532,0.70800781
1521,0.35753250,0.99920217,3749,0.70095062,0.99759134,7350,-0.34341812,0.00161083,0.52924156,0.70095062
1522,0.36430359,0.99922625,3820,0.71811676,0.99763834,7530,-0.35381317,0.00158791,0.54121017,0.71811676
1523,0.38270950,0.99911930,4013,0.37145615,0.99876939,3895,0.01125336,0.00034990,0.37708282,0.38270950
1524,0.38166046,0.99911789,4002,0.37813187,0.99877870,3965,0.00352859,0.00033919,0.37989616,0.38166046
1525,0.37374496,0.99914928,3919,0.37927628,0.99878175,3977,-0.00553131,0.00036753,0.37651062,0.37927628
1526,0.36773682,0.99915480,3856,0.37736893,0.99881162,3957,-0.00963211,0.00034318,0.37255287,0.37736893
1527,0.22878647,0.99972342,2399,0.13628006,0.99979185,1429,0.09250641,-0.00006843,0.18253326,0.22878647
1528,0.22039413,0.99971974,2311,0.13837814,0.99977783,1451,0.08201599,-0.00005810,0.17938614,0.22039413
1529,0.21648407,0.99973922,2270,0.14209747,0.99979468,1490,0.07438660,-0.00005546,0.17929077,0.21648407
1530,0.21438599,0.99973173,2248,0.14524460,0.99976737,1523,0.06914139,-0.00003564,0.17981529,0.21438599
1531,0.24242401,0.99931634,2542,0.07028580,0.99986784,737,0.17213821,-0.00055150,0.15635490,0.24242401
1532,0.24156570,0.99932824,2533,0.06952286,0.99987368,729,0.17204285,-0.00054544,0.15554428,0.24156570
1533,0.23908615,0.99931925,2507,0.07247925,0.99986809,760,0.16660690,-0.00054884,0.15578270,0.23908615
1534,0.24452209,0.99931229,2564,0.07419586,0.99986665,778,0.17032623,-0.00055436,0.15935898,0.24452209
1535,0.16679764,0.99986026,1749,0.36077499,0.99909598,3783,-0.19397736,0.00076428,0.26378632,0.36077499
1536,0.16622543,0.99985836,1743,0.36392212,0.99910842,3816,-0.19769669,0.00074994,0.26507378,0.36392212
1537,0.16269684,0.99985485,1706,0.36497116,0.99913069,3827,-0.20227432,0.00072416,0.26383400,0.36497116
1538,0.16994476,0.99985397,1782,0.37088394,0.99912947,3889,-0.20093918,0.00072450,0.27041435,0.37088394
1539,0.38414001,0.99963552,4028,0.34465790,0.99964868,3614,0.03948212,-0.00001315,0.36439896,0.38414001
1540,0.38557053,0.99962883,4043,0.34732819,0.99964299,3642,0.03824234,-0.00001416,0.36644936,0.38557053
1541,0.39606094,0.99963376,4153,0.35791397,0.99964135,3753,0.03814697,-0.00000759,0.37698746,0.39606094
1542,0.39424896,0.99962251,4134,0.36745071,0.99963203,3853,0.02679825,-0.00000952,0.38084984,0.39424896
1543,0.22258759,0.99983639,2334,0.16946793,0.99981742,1777,0.05311966,0.00001897,0.19602776,0.22258759
1544,0.21581650,0.99983998,2263,0.16679764,0.99981716,1749,0.04901886,0.00002281,0.19130707,0.21581650
1545,0.20961761,0.99983851,2198,0.17480850,0.99980915,1833,0.03480911,0.00002935,0.19221306,0.20961761
1546,0.20370483,0.99984887,2136,0.17528534,0.99981191,1838,0.02841949,0.00003695,0.18949509,0.20370483
1547,0.26245117,0.99971086,2752,0.50849915,0.99890160,5332,-0.24604797,0.00080926,0.38547516,0.50849915
1548,0.27055740,0.99971042,2837,0.51517487,0.99891007,5402,-0.24461746,0.00080034,0.39286613,0.51517487
1549,0.26845932,0.99971494,2815,0.52232742,0.99892165,5477,-0.25386810,0.00079329,0.39539337,0.52232742
1550,0.27217865,0.99971162,2854,0.52747726,0.99892762,5531,-0.25529861,0.00078400,0.39982796,0.52747726
1551,0.13046265,0.99976019,1368,0.18329620,0.99980600,1922,-0.05283356,-0.00004581,0.15687943,0.18329620
1552,0.12540817,0.99976433,1315,0.17766953,0.99981142,1863,-0.05226135,-0.00004710,0.15153885,0.17766953
1553,0.12445450,0.99975320,1305,0.17766953,0.99980549,1863,-0.05321503,-0.00005229,0.15106201,0.17766953
1554,0.11234283,0.99976191,1178,0.18119812,0.99980782,1900,-0.06885529,-0.00004591,0.14677048,0.18119812
1555,0.15048981,0.99964655,1578,0.27618408,0.99948262,2896,-0.12569427,0.00016392,0.21333694,0.27618408
1556,0.15439987,0.99963124,1619,0.28047562,0.99949926,2941,-0.12607574,0.00013198,0.21743774,0.28047562
1557,0.14982224,0.99963071,1571,0.28381348,0.99950594,2976,-0.13399124,0.00012477,0.21681786,0.28381348
1558,0.14972687,0.99963408,1570,0.28162003,0.99953487,2953,-0.13189316,0.00009921,0.21567345,0.28162003
1559,0.46663284,0.99898405,4893,0.17709732,0.99988168,1857,0.28953552,-0.00089763,0.32186508,0.46663284
1560,0.47779083,0.99895466,5010,0.16441345,0.99988086,1724,0.31337738,-0.00092621,0.32110214,0.47779083
1561,0.47788620,0.99898843,5011,0.15344620,0.99991126,1609,0.32444000,-0.00092283,0.31566620,0.47788620
1562,0.47760010,0.99894898,5008,0.14638901,0.99990347,1535,0.33121109,-0.00095450,0.31199455,0.47760010
1563,0.38661957,0.99936060,4054,0.26445389,0.99986248,2773,0.12216568,-0.00050188,0.32553673,0.38661957
1564,0.37879944,0.99934307,3972,0.25529861,0.99986134,2677,0.12350082,-0.00051828,0.31704903,0.37879944
1565,0.36478043,0.99940953,3825,0.24642944,0.99985661,2584,0.11835098,-0.00044708,0.30560493,0.36478043
1566,0.80480576,0.99731831,8439,0.34980774,0.99951217,3668,0.45499802,-0.00219386,0.57730675,0.80480576
1567,0.81844330,0.99727153,8582,0.35839081,0.99944341,3758,0.46005249,-0.00217188,0.58841705,0.81844330
1568,0.82197189,0.99723369,8619,0.33912659,0.99949843,3556,0.48284531,-0.00226473,0.58054924,0.82197189
1569,0.42467117,0.99920021,4453,0.45337677,0.99939107,4754,-0.02870560,-0.00019086,0.43902397,0.45337677
1570,0.42705536,0.99920890,4478,0.45738220,0.99937327,4796,-0.03032684,-0.00016437,0.44221878,0.45738220
1571,0.42686462,0.99918532,4476,0.44736862,0.99941390,4691,-0.02050400,-0.00022858,0.43711662,0.44736862
1572,0.33054352,0.99974979,3466,0.63953400,0.99954981,6706,-0.30899048,0.00019998,0.48503876,0.63953400
1573,0.33264160,0.99976116,3488,0.62427521,0.99956908,6546,-0.29163361,0.00019208,0.47845840,0.62427521
1574,0.34093857,0.99975210,3575,0.63610077,0.99956614,6670,-0.29516220,0.00018596,0.48851967,0.63610077
1575,0.26826859,0.99979906,2813,0.25930405,0.99987972,2719,0.00896454,-0.00008066,0.26378632,0.26826859
1576,0.26388168,0.99980168,2767,0.26149750,0.99988004,2742,0.00238419,-0.00007836,0.26268959,0.26388168
1577,0.26006699,0.99979855,2727,0.25405884,0.99987248,2664,0.00600815,-0.00007393,0.25706291,0.26006699
1578,0.62246323,0.99880206,6527,0.32749176,0.99928637,3434,0.29497147,-0.00048431,0.47497749,0.62246323
1579,0.61779022,0.99882685,6478,0.31404495,0.99930348,3293,0.30374527,-0.00047663,0.46591759,0.61779022
1580,0.62084198,0.99875744,6510,0.30803680,0.99927863,3230,0.31280518,-0.00052119,0.46443939,0.62084198
1581,0.48532486,0.99943552,5089,0.39415359,0.99903932,4133,0.09117126,0.00039620,0.43973923,0.48532486
1582,0.48294067,0.99944171,5064,0.40187836,0.99903727,4214,0.08106232,0.00040444,0.44240952,0.48294067
1583,0.47731400,0.99944633,5005,0.40445328,0.99900998,4241,0.07286072,0.00043635,0.44088364,0.47731400
1584,0.50554276,0.99937056,5301,0.22954941,0.99957968,2407,0.27599335,-0.00020912,0.36754608,0.50554276
1585,0.50592422,0.99938264,5305,0.22439957,0.99959396,2353,0.28152466,-0.00021132,0.36516190,0.50592422
1586,0.50926208,0.99938537,5340,0.22954941,0.99957533,2407,0.27971268,-0.00018995,0.36940575,0.50926208
1587,0.61092377,0.99930884,6406,0.23822784,0.99964208,2498,0.37269592,-0.00033324,0.42457581,0.61092377
1588,0.61445236,0.99928801,6443,0.23918152,0.99964617,2508,0.37527084,-0.00035816,0.42681694,0.61445236
1589,0.62417984,0.99927796,6545,0.24061203,0.99962523,2523,0.38356781,-0.00034727,0.43239594,0.62417984
1590,0.68578720,0.99905526,7191,0.36964417,0.99949669,3876,0.31614304,-0.00044143,0.52771568,0.68578720
1591,0.68483353,0.99908060,7181,0.34275055,0.99949732,3594,0.34208298,-0.00041671,0.51379204,0.68483353
1592,0.69360733,0.99908628,7273,0.32739639,0.99949981,3433,0.36621094,-0.00041353,0.51050186,0.69360733
1593,0.70514679,0.99895115,7394,0.42238235,0.99946414,4429,0.28276443,-0.00051299,0.56376457,0.70514679
1594,0.70981979,0.99894376,7443,0.41542053,0.99945967,4356,0.29439926,-0.00051592,0.56262016,0.70981979
1595,0.72488785,0.99892124,7601,0.42982101,0.99943968,4507,0.29506683,-0.00051844,0.57735443,0.72488785
1596,0.78554153,0.99886858,8237,0.27933121,0.99954488,2929,0.50621033,-0.00067630,0.53243637,0.78554153
1597,0.79183578,0.99886140,8303,0.26226044,0.99954824,2750,0.52957535,-0.00068685,0.52704811,0.79183578
1598,0.79593658,0.99884624,8346,0.27008057,0.99951098,2832,0.52585602,-0.00066475,0.53300858,0.79593658
1599,0.83408356,0.99893453,8746,0.42905807,0.99958882,4499,0.40502548,-0.00065429,0.63157082,0.83408356
1600,0.84781647,0.99893131,8890,0.43315887,0.99958307,4542,0.41465759,-0.00065176,0.64048767,0.84781647
1601,0.85449219,0.99892083,8960,0.43840408,0.99958119,4597,0.41608810,-0.00066035,0.64644814,0.85449219
1602,0.75206757,0.99907203,7886,0.14657974,0.99984543,1537,0.60548782,-0.00077341,0.44932365,0.75206757
1603,0.76732635,0.99907152,8046,0.15048981,0.99984111,1578,0.61683655,-0.00076959,0.45890808,0.76732635
1604,0.78353882,0.99904871,8216,0.15611649,0.99983793,1637,0.62742233,-0.00078922,0.46982765,0.78353882
1605,0.63257217,0.99931888,6633,0.12769699,0.99989659,1339,0.50487518,-0.00057771,0.38013458,0.63257217
1606,0.64878464,0.99930730,6803,0.12731552,0.99989453,1335,0.52146912,-0.00058724,0.38805008,0.64878464
1607,0.66509247,0.99929480,6974,0.12941360,0.99988477,1357,0.53567886,-0.00058997,0.39725304,0.66509247
1608,0.24747849,0.99972641,2595,0.11711121,0.99988154,1228,0.13036728,-0.00015513,0.18229485,0.24747849
1609,0.25577545,0.99971069,2682,0.12426376,0.99979963,1303,0.13151169,-0.00008893,0.19001961,0.25577545
1610,0.25644302,0.99968584,2689,0.13132095,0.99971843,1377,0.12512207,-0.00003259,0.19388199,0.25644302
1611,0.18234253,0.99975619,1912,0.14028549,0.99983373,1471,0.04205704,-0.00007754,0.16131401,0.18234253
1612,0.18424988,0.99975687,1932,0.14200211,0.99984019,1489,0.04224777,-0.00008331,0.16312599,0.18424988
1613,0.18882751,0.99975613,1980,0.14562607,0.99981884,1527,0.04320145,-0.00006271,0.16722679,0.18882751
1614,0.51479340,0.99936405,5398,0.16374588,0.99944306,1717,0.35104752,-0.00007902,0.33926964,0.51479340
1615,0.53997040,0.99928376,5662,0.17871857,0.99926057,1874,0.36125183,0.00002319,0.35934448,0.53997040
1616,0.56343079,0.99921369,5908,0.20360947,0.99909858,2135,0.35982132,0.00011511,0.38352013,0.56343079
1617,0.93173981,0.99897351,9770,0.14162064,0.99980684,1485,0.79011917,-0.00083333,0.53668022,0.93173981
1618,0.93450546,0.99896959,9799,0.14142990,0.99981127,1483,0.79307556,-0.00084168,0.53796768,0.93450546
1619,0.94318390,0.99891634,9890,0.14410019,0.99982493,1511,0.79908371,-0.00090858,0.54364204,0.94318390
1620,0.67920685,0.99912752,7122,0.15077591,0.99975306,1581,0.52843094,-0.00062555,0.41499138,0.67920685
1621,0.69999695,0.99909441,7340,0.16250610,0.99975085,1704,0.53749084,-0.00065644,0.43125153,0.69999695
1622,0.71105957,0.99907170,7456,0.15764236,0.99975154,1653,0.55341721,-0.00067984,0.43435097,0.71105957
1623,0.94509125,0.99848080,9910,0.21352768,0.99949923,2239,0.73156357,-0.00101843,0.57930946,0.94509125
1624,0.95548630,0.99852620,10019,0.23260117,0.99941976,2439,0.72288513,-0.00089356,0.59404373,0.95548630
1625,0.96921921,0.99852219,10163,0.22802353,0.99940059,2391,0.74119568,-0.00087840,0.59862137,0.96921921
1626,0.38623810,0.99953626,4050,0.51822662,0.99816907,5434,-0.13198853,0.00136719,0.45223236,0.51822662
1627,0.39501190,0.99953195,4142,0.52833557,0.99810205,5540,-0.13332367,0.00142990,0.46167374,0.52833557
1628,0.40035248,0.99952336,4198,0.54769516,0.99794753,5743,-0.14734268,0.00157584,0.47402382,0.54769516
1629,0.48904419,0.99909176,5128,0.42934418,0.99832358,4502,0.05970001,0.00076818,0.45919418,0.48904419
1630,0.50563812,0.99904422,5302,0.44593811,0.99825159,4676,0.05970001,0.00079263,0.47578812,0.50563812
1631,0.51536560,0.99897568,5404,0.45194626,0.99810555,4739,0.06341934,0.00087013,0.48365593,0.51536560
1632,0.81281662,0.99804073,8523,0.48303604,0.99760650,5065,0.32978058,0.00043423,0.64792633,0.81281662
1633,0.82950592,0.99797412,8698,0.49343109,0.99748140,5174,0.33607483,0.00049272,0.66146851,0.82950592
1634,0.83589554,0.99787249,8765,0.50373077,0.99732538,5282,0.33216476,0.00054711,0.66981316,0.83589554
1635,1.34963989,0.99745223,14152,0.51507950,0.99883059,5401,0.83456039,-0.00137835,0.93235970,1.34963989
1636,1.37147903,0.99737790,14381,0.51059723,0.99878592,5354,0.86088181,-0.00140802,0.94103813,1.37147903
1637,1.39360428,0.99737235,14613,0.52814484,0.99878558,5538,0.86545944,-0.00141323,0.96087456,1.39360428
1638,1.47428513,0.99687539,15459,0.35972595,0.99914030,3772,1.11455917,-0.00226491,0.91700554,1.47428513
1639,1.49269104,0.99674309,15652,0.36211014,0.99914215,3797,1.13058090,-0.00239906,0.92740059,1.49269104
1640,1.52187347,0.99660754,15958,0.37603378,0.99909250,3943,1.14583969,-0.00248495,0.94895363,1.52187347
1641,1.37653351,0.99571838,14434,0.37212372,0.99874164,3902,1.00440979,-0.00302326,0.87432861,1.37653351
1642,1.42679214,0.99514480,14961,0.38337708,0.99863723,4020,1.04341507,-0.00349243,0.90508461,1.42679214
1643,1.49631500,0.99444205,15690,0.42428970,0.99843329,4449,1.07202530,-0.00399124,0.96030235,1.49631500
1644,0.63171387,0.99846004,6624,0.42171478,0.99842951,4422,0.20999908,0.00003052,0.52671432,0.63171387
1645,0.67090988,0.99832021,7035,0.43239594,0.99831397,4534,0.23851395,0.00000624,0.55165291,0.67090988
1646,0.68626404,0.99821181,7196,0.45070648,0.99824558,4726,0.23555756,-0.00003377,0.56848526,0.68626404
1647,0.59309006,0.99871392,6219,0.56200027,0.99791553,5893,0.03108978,0.00079839,0.57754517,0.59309006
1648,0.59947968,0.99865215,6286,0.56934357,0.99783063,5970,0.03013611,0.00082152,0.58441162,0.59947968
1649,0.59061050,0.99860128,6193,0.56610107,0.99775136,5936,0.02450943,0.00084992,0.57835579,0.59061050
1650,0.63867569,0.99841803,6697,0.57153702,0.99798948,5993,0.06713867,0.00042855,0.60510635,0.63867569
1651,0.61578751,0.99844889,6457,0.56667328,0.99799547,5942,0.04911423,0.00045342,0.59123039,0.61578751
1652,0.64334869,0.99832193,6746,0.58822632,0.99792445,6168,0.05512238,0.00039748,0.61578751,0.64334869
1653,0.72450638,0.99753024,7597,0.57868958,0.99755654,6068,0.14581680,-0.00002630,0.65159798,0.72450638
1654,0.73099136,0.99744825,7665,0.57764053,0.99754554,6057,0.15335083,-0.00009729,0.65431595,0.73099136
1655,0.72669983,0.99732780,7620,0.59509277,0.99729448,6240,0.13160706,0.00003332,0.66089630,0.72669983
1656,0.91295242,0.99714715,9573,0.48942566,0.99817003,5132,0.42352676,-0.00102288,0.70118904,0.91295242
1657,0.91886520,0.99704580,9635,0.48694611,0.99816063,5106,0.43191910,-0.00111482,0.70290565,0.91886520
1658,0.95224380,0.99687297,9985,0.51679611,0.99795064,5419,0.43544769,-0.00107767,0.73451996,0.95224380
1659,0.63629150,0.99833450,6672,0.41942596,0.99840633,4398,0.21686554,-0.00007183,0.52785873,0.63629150
1660,0.64706802,0.99830608,6785,0.42619705,0.99829139,4469,0.22087097,0.00001469,0.53663254,0.64706802
1661,0.67081451,0.99822618,7034,0.43773651,0.99822261,4590,0.23307800,0.00000358,0.55427551,0.67081451
1662,0.66776276,0.99536741,7002,0.49400330,0.99861248,5180,0.17375946,-0.00324507,0.58088303,0.66776276
1663,0.66938400,0.99511453,7019,0.49009323,0.99861528,5139,0.17929077,-0.00350075,0.57973862,0.66938400
1664,0.69313049,0.99488294,7268,0.48780441,0.99862785,5115,0.20532608,-0.00374492,0.59046745,0.69313049
1665,0.58412552,0.99504132,6125,0.37775040,0.99902879,3961,0.20637512,-0.00398747,0.48093796,0.58412552
1666,0.57477951,0.99511295,6027,0.39224625,0.99896014,4113,0.18253326,-0.00384718,0.48351288,0.57477951
1667,0.60462952,0.99495929,6340,0.42638779,0.99885333,4471,0.17824173,-0.00389404,0.51550865,0.60462952
1668,0.93698502,0.99321694,9825,0.69532394,0.99432868,7291,0.24166107,-0.00111174,0.81615448,0.93698502
1669,1.02052689,0.99241688,10701,0.74176788,0.99380389,7778,0.27875900,-0.00138701,0.88114738,1.02052689
1670,1.06458664,0.99188991,11163,0.78468323,0.99318958,8228,0.27990341,-0.00129966,0.92463493,1.06458664
1671,0.87814331,0.99659692,9208,0.89101791,0.99181360,9343,-0.01287460,0.00478332,0.88458061,0.89101791
1672,0.93727112,0.99629550,9828,0.91600418,0.99132855,9605,0.02126694,0.00496695,0.92663765,0.93727112
1673,0.92468262,0.99636381,9696,0.95748901,0.99063843,10040,-0.03280640,0.00572538,0.94108582,0.95748901
1674,0.80194473,0.99695335,8409,0.75159073,0.99030589,7881,0.05035400,0.00664746,0.77676773,0.80194473
1675,0.83360672,0.99689012,8741,0.77466965,0.98999110,8123,0.05893707,0.00689902,0.80413818,0.83360672
1676,0.86221695,0.99655911,9041,0.81577301,0.98926557,8554,0.04644394,0.00729354,0.83899498,0.86221695
1677,0.67863464,0.99803566,7116,1.06372833,0.98837945,11154,-0.38509369,0.00965622,0.87118149,1.06372833
1678,0.68788528,0.99798346,7213,1.12333298,0.98789865,11779,-0.43544769,0.01008480,0.90560913,1.12333298
1679,0.70056915,0.99781629,7346,1.16691589,0.98737138,12236,-0.46634674,0.01044492,0.93374252,1.16691589
1680,0.53215027,0.99836113,5580,0.62999725,0.99538833,6606,-0.09784698,0.00297280,0.58107376,0.62999725
1681,0.55017471,0.99811231,5769,0.66194534,0.99507147,6941,-0.11177063,0.00304084,0.60606003,0.66194534
1682,0.56571960,0.99790303,5932,0.70981979,0.99474678,7443,-0.14410019,0.00315625,0.63776970,0.70981979
1683,0.75998306,0.99787412,7969,0.29096603,0.99957485,3051,0.46901703,-0.00170073,0.52547455,0.75998306
1684,0.75492859,0.99804616,7916,0.29945374,0.99959351,3140,0.45547485,-0.00154735,0.52719116,0.75492859
1685,0.71372986,0.99837301,7484,0.30174255,0.99958305,3164,0.41198730,-0.00121004,0.50773621,0.71372986
1686,0.69799423,0.99817685,7319,0.74148178,0.99213864,7775,-0.04348755,0.00603821,0.71973801,0.74148178
1687,0.70133209,0.99812897,7354,0.76103210,0.99211923,7980,-0.05970001,0.00600974,0.73118210,0.76103210
1688,0.70247650,0.99818078,7366,0.78277588,0.99215604,8208,-0.08029938,0.00602474,0.74262619,0.78277588
1689,0.88586807,0.99760404,9289,0.92668533,0.99389904,9717,-0.04081726,0.00370501,0.90627670,0.92668533
1690,0.89912415,0.99761205,9428,0.96521378,0.99398744,10121,-0.06608963,0.00362461,0.93216896,0.96521378
1691,0.89416504,0.99764920,9376,0.99258423,0.99386057,10408,-0.09841919,0.00378864,0.94337463,0.99258423
1692,0.77905655,0.99810077,8169,1.91860199,0.98496995,20118,-1.13954544,0.01313082,1.34882927,1.91860199
1693,0.77390671,0.99812963,8115,1.97162628,0.98510966,20674,-1.19771957,0.01301997,1.37276649,1.97162628
1694,0.75540543,0.99809097,7921,1.99851990,0.98518359,20956,-1.24311447,0.01290739,1.37696266,1.99851990
1695,0.69246292,0.99845223,7261,2.01606750,0.98480299,21140,-1.32360458,0.01364925,1.35426521,2.01606750
1696,0.71554184,0.99845455,7503,2.07796097,0.98489030,21789,-1.36241913,0.01356426,1.39675140,2.07796097
1697,0.71001053,0.99846826,7445,2.11515427,0.98492461,22179,-1.40514374,0.01354365,1.41258240,2.11515427
1698,0.55208206,0.99845687,5789,1.68409348,0.98532675,17659,-1.13201141,0.01313012,1.11808777,1.68409348
1699,0.55446625,0.99844821,5814,1.74455643,0.98515020,18293,-1.19009018,0.01329801,1.14951134,1.74455643
1700,0.57754517,0.99842204,6056,1.79576874,0.98496090,18830,-1.21822357,0.01346115,1.18665695,1.79576874
1701,0.58250427,0.99841389,6108,1.86052322,0.98475483,19509,-1.27801895,0.01365907,1.22151375,1.86052322
1702,0.37813187,0.99907146,3965,1.59263611,0.98731793,16700,-1.21450424,0.01175353,0.98538399,1.59263611
1703,0.37784576,0.99913880,3962,1.62973404,0.98706347,17089,-1.25188828,0.01207533,1.00378990,1.62973404
1704,0.36115646,0.99922231,3787,1.65958405,0.98686097,17402,-1.29842758,0.01236134,1.01037025,1.65958405
1705,0.34446716,0.99933832,3612,1.69324875,0.98654142,17755,-1.34878159,0.01279690,1.01885796,1.69324875
1706,0.73556900,0.99750072,7713,1.58853531,0.98544267,16657,-0.85296631,0.01205806,1.16205215,1.58853531
1707,0.75826645,0.99743876,7951,1.65891647,0.98489392,17395,-0.90065002,0.01254484,1.20859146,1.65891647
1708,0.78611374,0.99737721,8243,1.73044205,0.98422691,18145,-0.94432831,0.01315029,1.25827789,1.73044205
1709,0.80118179,0.99729227,8401,1.78918839,0.98364205,18761,-0.98800659,0.01365023,1.29518509,1.78918839
1710,0.68521500,0.99710260,7185,0.61292648,0.99524417,6427,0.07228851,0.00185843,0.64907074,0.68521500
1711,0.70409775,0.99706021,7383,0.64935684,0.99497509,6809,0.05474091,0.00208512,0.67672729,0.70409775
1712,0.71268082,0.99702043,7473,0.68817139,0.99467017,7216,0.02450943,0.00235026,0.70042610,0.71268082
1713,0.71287155,0.99700688,7475,0.72374344,0.99435469,7589,-0.01087189,0.00265219,0.71830750,0.72374344
1714,0.56695938,0.99788514,5945,0.24242401,0.99966280,2542,0.32453537,-0.00177766,0.40469170,0.56695938
1715,0.60424805,0.99772636,6336,0.25539398,0.99962583,2678,0.34885406,-0.00189947,0.42982101,0.60424805
1716,0.63238144,0.99750282,6631,0.26397705,0.99948239,2768,0.36840439,-0.00197958,0.44817924,0.63238144
1717,0.65507889,0.99719849,6869,0.27494431,0.99929576,2883,0.38013458,-0.00209726,0.46501160,0.65507889
1718,1.27687454,0.98973271,13389,0.28572083,0.99819142,2996,0.99115372,-0.00845871,0.78129768,1.27687454
1719,1.37538910,0.98862905,14422,0.32653809,0.99789948,3424,1.04885101,-0.00927043,0.85096359,1.37538910
1720,1.53121948,0.98728001,16056,0.37498474,0.99742328,3932,1.15623474,-0.01014327,0.95310211,1.53121948
1721,1.61361694,0.98721062,16920,0.42505264,0.99697984,4457,1.18856430,-0.00976922,1.01933479,1.61361694
1722,0.60205460,0.99682843,6313,0.75855255,0.99351703,7954,-0.15649796,0.00331140,0.68030357,0.75855255
1723,0.65279007,0.99620690,6845,0.84676743,0.99249472,8879,-0.19397736,0.00371217,0.74977875,0.84676743
1724,0.74310303,0.99516332,7792,0.95968246,0.99115885,10063,-0.21657944,0.00400448,0.85139275,0.95968246
1725,0.87509155,0.99417368,9176,1.08337402,0.98979749,11360,-0.20828247,0.00437619,0.97923279,1.08337402
1726,0.24633408,0.99908486,2583,2.11076736,0.98132513,22133,-1.86443329,0.01775973,1.17855072,2.11076736
1727,0.25978088,0.99903722,2724,2.18381882,0.97985658,22899,-1.92403793,0.01918064,1.22179985,2.18381882
1728,0.29363632,0.99885469,3079,2.23236084,0.97857952,23408,-1.93872452,0.02027518,1.26299858,2.23236084
1729,0.30851364,0.99873552,3235,2.24313736,0.97725504,23521,-1.93462372,0.02148048,1.27582550,2.24313736
1730,0.39005280,0.99843930,4090,1.92222595,0.97920561,20156,-1.53217316,0.01923369,1.15613937,1.92222595
1731,0.40197372,0.99841148,4215,2.06356049,0.97806144,21638,-1.66158676,0.02035004,1.23276711,2.06356049
1732,0.43325424,0.99820040,4543,2.15711594,0.97742724,22619,-1.72386169,0.02077315,1.29518509,2.15711594
1733,0.44078827,0.99811849,4622,2.22444534,0.97691536,23325,-1.78365707,0.02120314,1.33261681,2.22444534
1734,0.75101852,0.99532341,7875,2.30960846,0.97986476,24218,-1.55858994,0.01545865,1.53031349,2.30960846
1735,0.76160431,0.99518398,7986,2.38952637,0.97968080,25056,-1.62792206,0.01550318,1.57556534,2.38952637
1736,0.79460144,0.99484722,8332,2.42719650,0.97927815,25451,-1.63259506,0.01556906,1.61089897,2.42719650
1737,0.82998276,0.99470604,8703,2.45933533,0.97906719,25788,-1.62935257,0.01563885,1.64465904,2.45933533
1738,0.75845718,0.99515787,7953,1.19791031,0.98890851,12561,-0.43945312,0.00624936,0.97818375,1.19791031
1739,0.77896118,0.99496222,8168,1.18818283,0.98908816,12459,-0.40922165,0.00587407,0.98357201,1.18818283
1740,0.78458786,0.99490423,8227,1.20420456,0.98895457,12627,-0.41961670,0.00594967,0.99439621,1.20420456
1741,0.81605911,0.99459937,8557,1.21927261,0.98915746,12785,-0.40321350,0.00544191,1.01766586,1.21927261
1742,0.61140060,0.99642232,6411,0.47483444,0.99367478,4979,0.13656616,0.00274754,0.54311752,0.61140060
1743,0.64287186,0.99616901,6741,0.50144196,0.99330757,5258,0.14142990,0.00286144,0.57215691,0.64287186
1744,0.67348480,0.99579908,7062,0.52394867,0.99288625,5494,0.14953613,0.00291283,0.59871674,0.67348480
1745,0.69618225,0.99546674,7300,0.54578781,0.99255133,5723,0.15039444,0.00291541,0.62098503,0.69618225
1746,1.03673935,0.99267767,10871,0.67033768,0.99266951,7029,0.36640167,0.00000816,0.85353851,1.03673935
1747,1.05304718,0.99257447,11042,0.68998337,0.99247364,7235,0.36306381,0.00010083,0.87151527,1.05304718
1748,1.05886459,0.99247242,11103,0.73709488,0.99203794,7729,0.32176971,0.00043448,0.89797974,1.05886459
1749,1.06620789,0.99244909,11180,0.78115463,0.99176735,8191,0.28505325,0.00068174,0.92368126,1.06620789
1750,0.56610107,0.99736593,5936,0.52957535,0.99487305,5553,0.03652573,0.00249288,0.54783821,0.56610107
1751,0.57353973,0.99736379,6014,0.58889389,0.99429931,6175,-0.01535416,0.00306447,0.58121681,0.58889389
1752,0.57697296,0.99717784,6050,0.66032410,0.99360238,6924,-0.08335114,0.00357546,0.61864853,0.66032410
1753,0.59423447,0.99708658,6231,0.74062347,0.99277625,7766,-0.14638901,0.00431034,0.66742897,0.74062347
1754,0.70085526,0.99474841,7349,1.10960007,0.99113281,11635,-0.40874481,0.00361560,0.90522766,1.10960007
1755,0.75082779,0.99436077,7873,1.20983124,0.99006428,12686,-0.45900345,0.00429649,0.98032951,1.20983124
1756,0.78582764,0.99396761,8240,1.30748749,0.98890212,13710,-0.52165985,0.00506548,1.04665756,1.30748749
1757,0.82969666,0.99322634,8700,1.41868591,0.98760572,14876,-0.58898926,0.00562062,1.12419128,1.41868591
1758,0.95653534,0.99003285,10030,0.41389465,0.99760300,4340,0.54264069,-0.00757015,0.68521500,0.95653534
1759,1.02348328,0.98926455,10732,0.44384003,0.99729682,4654,0.57964325,-0.00803227,0.73366165,1.02348328
1760,1.08222961,0.98842984,11348,0.55007935,0.99628904,5768,0.53215027,-0.00785920,0.81615448,1.08222961
1761,1.17435455,0.98740244,12314,0.71420670,0.99514895,7489,0.46014786,-0.00774651,0.94428062,1.17435455
1762,1.21278763,0.99108851,12717,4.12015915,0.95855659,43203,-2.90737152,0.03253193,2.66647339,4.12015915
1763,1.56164169,0.98914129,16375,4.73728180,0.95459352,49674,-3.17564011,0.03454776,3.14946175,4.73728180
1764,1.91459656,0.98721015,20076,5.38444519,0.95101310,56460,-3.46984863,0.03619705,3.64952087,5.38444519
1765,2.27003098,0.98465734,23803,5.95178604,0.94764653,62409,-3.68175507,0.03701081,4.11090851,5.95178604
1766,1.48916245,0.98938293,15615,4.71487045,0.96000586,49439,-3.22570801,0.02937707,3.10201645,4.71487045
1767,1.63192749,0.98823979,17112,5.18112183,0.95679081,54328,-3.54919434,0.03144898,3.40652466,5.18112183
1768,1.71556473,0.98763167,17989,5.48229218,0.95400218,57486,-3.76672745,0.03362949,3.59892845,5.48229218
1769,1.78308487,0.98692268,18697,5.73463440,0.95226362,60132,-3.95154953,0.03465906,3.75885963,5.73463440
1770,0.99143982,0.99562064,10396,2.54468918,0.98544673,26683,-1.55324936,0.01017391,1.76806450,2.54468918
1771,1.05514526,0.99524555,11064,2.70509720,0.98507170,28365,-1.64995193,0.01017385,1.88012123,2.70509720
1772,1.03416443,0.99513948,10844,2.79932022,0.98453875,29353,-1.76515579,0.01060073,1.91674232,2.79932022
1773,1.03588104,0.99532867,10862,2.70843506,0.98504352,28400,-1.67255402,0.01028515,1.87215805,2.70843506
1774,0.92811584,0.99428566,9732,1.93805695,0.99140937,20322,-1.00994110,0.00287629,1.43308640,1.93805695
1775,1.01928711,0.99375325,10688,1.47533417,0.99332033,15470,-0.45604706,0.00043292,1.24731064,1.47533417
1776,1.09586716,0.99320915,11491,1.16653442,0.99503579,12232,-0.07066727,-0.00182664,1.13120079,1.16653442
1777,1.42936707,0.99034732,14988,1.89590454,0.99190463,19880,-0.46653748,-0.00155731,1.66263580,1.89590454
1778,1.46245956,0.98976064,15335,2.33297348,0.99051750,24463,-0.87051392,-0.00075686,1.89771652,2.33297348
1779,1.45196915,0.98924307,15225,1.95455551,0.99148504,20495,-0.50258636,-0.00224198,1.70326233,1.95455551
1780,1.18217468,0.99194752,12396,0.74625015,0.99727375,7825,0.43592453,-0.00532623,0.96421242,1.18217468
1781,1.18532181,0.99172518,12429,0.60014725,0.99776144,6293,0.58517456,-0.00603626,0.89273453,1.18532181
1782,1.19485855,0.99134084,12529,0.81472397,0.99658899,8543,0.38013458,-0.00524815,1.00479126,1.19485855
1783,1.00288391,0.99637423,10516,0.59232712,0.99667511,6211,0.41055679,-0.00030088,0.79760551,1.00288391
1784,1.02977753,0.99621647,10798,0.60663223,0.99659697,6361,0.42314529,-0.00038050,0.81820488,1.02977753
1785,1.05772018,0.99599256,11091,0.60129166,0.99656368,6305,0.45642853,-0.00057112,0.82950592,1.05772018
1786,1.30014420,0.99395445,13633,0.54922104,0.99887900,5759,0.75092316,-0.00492455,0.92468262,1.30014420
1787,1.39436722,0.99276935,14621,0.57229996,0.99879098,6001,0.82206726,-0.00602163,0.98333359,1.39436722
1788,1.42688751,0.99185767,14962,0.58841705,0.99871355,6170,0.83847046,-0.00685588,1.00765228,1.42688751
1789,4.69360352,0.96124213,49216,2.56652832,0.97757567,26912,2.12707520,-0.01633354,3.63006592,4.69360352
1790,4.21962738,0.96266736,44246,2.79445648,0.97516431,29302,1.42517090,-0.01249695,3.50704193,4.21962738
1791,3.80039215,0.96428661,39850,2.80485153,0.97426951,29411,0.99554062,-0.00998290,3.30262184,3.80039215
1792,1.87187195,0.98461044,19628,1.70469284,0.98193889,17875,0.16717911,0.00267155,1.78828239,1.87187195
1793,1.80826187,0.98441105,18961,1.52444839,0.98293932,15985,0.28381348,0.00147173,1.66635513,1.80826187
1794,1.82094574,0.98400625,19094,1.42774582,0.98362974,14971,0.39319992,0.00037651,1.62434578,1.82094574
1795,1.73492432,0.98650783,18192,1.87788010,0.97495780,19691,-0.14295578,0.01155003,1.80640221,1.87788010
1796,1.78232193,0.98593544,18689,1.84478760,0.97475770,19344,-0.06246567,0.01117773,1.81355476,1.84478760
1797,1.77402496,0.98586615,18602,1.90582275,0.97396023,19984,-0.13179779,0.01190591,1.83992386,1.90582275
1798,1.39131546,0.98963375,14589,1.77717209,0.96866916,18635,-0.38585663,0.02096459,1.58424377,1.77717209
1799,1.41391754,0.98907019,14826,1.82533264,0.96775721,19140,-0.41141510,0.02131298,1.61962509,1.82533264
1800,1.47190094,0.98828882,15434,1.89170837,0.96650396,19836,-0.41980743,0.02178486,1.68180466,1.89170837
1801,1.39884949,0.99012643,14668,0.82311630,0.99447265,8631,0.57573318,-0.00434622,1.11098289,1.39884949
1802,1.43699646,0.98958158,15068,0.82559586,0.99439323,8657,0.61140060,-0.00481165,1.13129616,1.43699646
1803,1.45339966,0.98947403,15240,0.83293915,0.99443435,8734,0.62046051,-0.00496031,1.14316940,1.45339966
1804,0.92477798,0.99543304,9697,0.51851273,0.99854951,5437,0.40626526,-0.00311647,0.72164536,0.92477798
1805,0.96940994,0.99516392,10165,0.54531097,0.99837518,5718,0.42409897,-0.00321126,0.75736046,0.96940994
1806,1.00049973,0.99476674,10491,0.57315826,0.99831155,6010,0.42734146,-0.00354481,0.78682899,1.00049973
1807,0.92878342,0.99676783,9739,0.98619461,0.99360685,10341,-0.05741119,0.00316098,0.95748901,0.98619461
1808,0.86326599,0.99705583,9052,0.95891953,0.99389567,10055,-0.09565353,0.00316016,0.91109276,0.95891953
1809,0.91161728,0.99674970,9559,0.96111298,0.99371282,10078,-0.04949570,0.00303689,0.93636513,0.96111298
1810,1.76439285,0.98893524,18501,1.33285522,0.99052881,13976,0.43153763,-0.00159356,1.54862404,1.76439285
1811,1.86214447,0.98732850,19526,1.32684708,0.99126049,13913,0.53529739,-0.00393199,1.59449577,1.86214447
1812,1.85422897,0.98738058,19443,1.23558044,0.99362991,12956,0.61864853,-0.00624932,1.54490471,1.85422897
1813,1.92050934,0.98783182,20138,0.92020035,0.99568071,9649,1.00030899,-0.00784888,1.42035484,1.92050934
1814,1.97649002,0.98745184,20725,0.89378357,0.99586457,9372,1.08270645,-0.00841273,1.43513680,1.97649002
1815,2.01873779,0.98678124,21168,0.87366104,0.99586041,9161,1.14507675,-0.00907917,1.44619942,2.01873779
1816,0.96483231,0.99710667,10117,0.47273636,0.99943713,4957,0.49209595,-0.00233046,0.71878433,0.96483231
1817,0.99258423,0.99689732,10408,0.46596527,0.99947691,4886,0.52661896,-0.00257959,0.72927475,0.99258423
1818,1.02605820,0.99663746,10759,0.47235489,0.99946591,4953,0.55370331,-0.00282845,0.74920654,1.02605820
1819,1.13534927,0.99722386,11905,0.71697235,0.99898519,7518,0.41837692,-0.00176133,0.92616081,1.13534927
1820,1.14278793,0.99720758,11983,0.71573257,0.99906840,7505,0.42705536,-0.00186083,0.92926025,1.14278793
1821,1.12991333,0.99719087,11848,0.69894791,0.99911162,7329,0.43096542,-0.00192074,0.91443062,1.12991333
1822,1.25665665,0.99578995,13177,0.50868988,0.99917537,5334,0.74796677,-0.00338543,0.88267326,1.25665665
1823,1.27468109,0.99569468,13366,0.51536560,0.99915945,5404,0.75931549,-0.00346477,0.89502335,1.27468109
1824,1.27677917,0.99571474,13388,0.50897598,0.99919430,5337,0.76780319,-0.00347955,0.89287758,1.27677917
1825,1.51214600,0.99476720,15856,0.56905746,0.99869871,5967,0.94308853,-0.00393151,1.04060173,1.51214600
1826,1.54781342,0.99452416,16230,0.57525635,0.99865495,6032,0.97255707,-0.00413079,1.06153488,1.54781342
1827,1.53551102,0.99481804,16101,0.58259964,0.99867911,6109,0.95291138,-0.00386108,1.05905533,1.53551102
1828,0.96292496,0.99719903,10097,0.49133301,0.99934734,5152,0.47159195,-0.00214831,0.72712898,0.96292496
1829,1.00870132,0.99686160,10577,0.50888062,0.99934770,5336,0.49982071,-0.00248610,0.75879097,1.00870132
1830,1.00126266,0.99706441,10499,0.49772263,0.99936460,5219,0.50354004,-0.00230019,0.74949265,1.00126266
1831,1.22547150,0.99712673,12850,1.05476379,0.99747289,11060,0.17070770,-0.00034615,1.14011765,1.22547150
1832,1.22652054,0.99713393,12861,1.05581284,0.99734250,11071,0.17070770,-0.00020857,1.14116669,1.22652054
1833,1.25427246,0.99704913,13152,1.07870102,0.99715886,11311,0.17557144,-0.00010973,1.16648674,1.25427246
1834,0.97045898,0.99760701,10176,0.79660416,0.99660702,8353,0.17385483,0.00099999,0.88353157,0.97045898
1835,0.96254349,0.99758930,10093,0.81043243,0.99627461,8498,0.15211105,0.00131469,0.88648796,0.96254349
1836,0.96683502,0.99759106,10138,0.84476471,0.99584715,8858,0.12207031,0.00174391,0.90579987,0.96683502
1837,0.97074509,0.99762251,10179,1.02901459,0.99672499,10790,-0.05826950,0.00089752,0.99987984,1.02901459
1838,0.99430084,0.99756908,10426,1.05714798,0.99652452,11085,-0.06284714,0.00104455,1.02572441,1.05714798
1839,1.00069046,0.99758964,10493,1.06592178,0.99649536,11177,-0.06523132,0.00109429,1.03330612,1.06592178
1840,1.67436600,0.99474484,17557,1.20105743,0.99726569,12594,0.47330856,-0.00252085,1.43771172,1.67436600
1841,1.69563293,0.99468114,17780,1.21641159,0.99728617,12755,0.47922134,-0.00260504,1.45602226,1.69563293
1842,1.72462463,0.99450038,18084,1.26037598,0.99673476,13216,0.46424866,-0.00223439,1.49250031,1.72462463
1843,2.04124451,0.99129217,21404,1.12333298,0.99696011,11779,0.91791153,-0.00566795,1.58228874,2.04124451
1844,2.10447311,0.99098715,22067,1.18284225,0.99648218,12403,0.92163086,-0.00549503,1.64365768,2.10447311
1845,2.23674774,0.98983741,23454,1.23577118,0.99587230,12958,1.00097656,-0.00603488,1.73625946,2.23674774
1846,2.48327255,0.98799798,26039,0.94881058,0.99749671,9949,1.53446198,-0.00949873,1.71604156,2.48327255
1847,2.58989334,0.98680561,27157,0.95376968,0.99754836,10001,1.63612366,-0.01074276,1.77183151,2.58989334
1848,2.66561508,0.98559869,27951,0.96712112,0.99743741,10141,1.69849396,-0.01183872,1.81636810,2.66561508
1849,1.39656067,0.99571557,14644,1.14049911,0.99743145,11959,0.25606155,-0.00171589,1.26852989,1.39656067
1850,1.38816833,0.99577634,14556,1.13172531,0.99741962,11867,0.25644302,-0.00164329,1.25994682,1.38816833
1851,1.40895844,0.99571960,14774,1.14145279,0.99740200,11969,0.26750565,-0.00168240,1.27520561,1.40895844
1852,1.74007416,0.99287196,18246,1.37977600,0.99698858,14468,0.36029816,-0.00411662,1.55992508,1.74007416
1853,1.76715851,0.99238074,18530,1.39122009,0.99697317,14588,0.37593842,-0.00459243,1.57918930,1.76715851
1854,1.82352066,0.99197082,19121,1.36489868,0.99695920,14312,0.45862198,-0.00498838,1.59420967,1.82352066
1855,2.09293365,0.98734542,21946,1.10998154,0.99802759,11639,0.98295212,-0.01068218,1.60145760,2.09293365
1856,2.07509995,0.98696400,21759,1.07746124,0.99806067,11298,0.99763870,-0.01109667,1.57628059,2.07509995
1857,2.09474564,0.98705176,21965,1.08089447,0.99809649,11334,1.01385117,-0.01104474,1.58782005,2.09474564
1858,1.49736404,0.99313075,15701,1.47933960,0.99514929,15512,0.01802444,-0.00201854,1.48835182,1.49736404
1859,1.51014328,0.99289736,15835,1.55277252,0.99476825,16282,-0.04262924,-0.00187089,1.53145790,1.55277252
1860,1.51414871,0.99284131,15877,1.60465240,0.99476008,16826,-0.09050369,-0.00191877,1.55940056,1.60465240
1861,1.03807449,0.99734411,10885,2.13489532,0.98487682,22386,-1.09682083,0.01246729,1.58648491,2.13489532
1862,1.01966858,0.99731215,10692,2.20956802,0.98396640,23169,-1.18989944,0.01334575,1.61461830,2.20956802
1863,1.02481842,0.99743102,10746,2.42090225,0.98220046,25385,-1.39608383,0.01523057,1.72286034,2.42090225
1864,1.09586716,0.99709743,11491,1.55954361,0.99510298,16353,-0.46367645,0.00199445,1.32770538,1.55954361
1865,1.09033585,0.99721777,11433,1.57718658,0.99526432,16538,-0.48685074,0.00195346,1.33376122,1.57718658
1866,1.11904144,0.99709749,11734,1.63612366,0.99497537,17156,-0.51708221,0.00212212,1.37758255,1.63612366
1867,1.52797699,0.99501298,16022,1.43613815,0.99748218,15059,0.09183884,-0.00246920,1.48205757,1.52797699
1868,1.68828964,0.99423945,17703,1.45111084,0.99757033,15216,0.23717880,-0.00333088,1.56970024,1.68828964
1869,1.78966522,0.99412961,18766,1.48620605,0.99758910,15584,0.30345917,-0.00345949,1.63793564,1.78966522
1870,1.18885040,0.99700980,12466,0.85144043,0.99858880,8928,0.33740997,-0.00157900,1.02014542,1.18885040
1871,1.21049881,0.99696234,12693,0.86011887,0.99860383,9019,0.35037994,-0.00164149,1.03530884,1.21049881
1872,1.22623444,0.99687586,12858,0.89006424,0.99855614,9333,0.33617020,-0.00168028,1.05814934,1.22623444
1873,1.31292343,0.99660976,13767,1.30844116,0.99593176,13720,0.00448227,0.00067800,1.31068230,1.31292343
1874,1.40914917,0.99639353,14776,1.21955872,0.99723397,12788,0.18959045,-0.00084044,1.31435394,1.40914917
1875,1.47914886,0.99624055,15510,1.24082565,0.99747502,13011,0.23832321,-0.00123447,1.35998726,1.47914886
1876,1.19323730,0.99796543,12512,1.02481842,0.99772479,10746,0.16841888,0.00024064,1.10902786,1.19323730
1877,1.29270554,0.99767296,13555,1.03931427,0.99765138,10898,0.25339127,0.00002158,1.16600990,1.29270554
1878,1.38120651,0.99732408,14483,1.12485886,0.99724294,11795,0.25634766,0.00008114,1.25303268,1.38120651
1879,1.44739151,0.99594811,15177,0.79326630,0.99734149,8318,0.65412521,-0.00139337,1.12032890,1.44739151
1880,1.54638290,0.99543216,16215,0.92716217,0.99634924,9722,0.61922073,-0.00091708,1.23677254,1.54638290
1881,1.64432526,0.99485999,17242,1.00717545,0.99604754,10561,0.63714981,-0.00118755,1.32575035,1.64432526
1882,1.25789642,0.99686246,13190,0.47187805,0.99838501,4948,0.78601837,-0.00152255,0.86488724,1.25789642
1883,1.30643845,0.99676558,13699,0.49505234,0.99832100,5191,0.81138611,-0.00155542,0.90074539,1.30643845
1884,1.35660172,0.99653534,14225,0.53749084,0.99813625,5636,0.81911087,-0.00160091,0.94704628,1.35660172
1885,1.85165405,0.99645627,19416,0.98218918,0.99513536,10299,0.86946487,0.00132091,1.41692162,1.85165405
1886,1.82046890,0.99591171,19089,1.12771988,0.99391960,11825,0.69274902,0.00199212,1.47409439,1.82046890
1887,1.78365707,0.99552135,18703,1.16748810,0.99378169,12242,0.61616898,0.00173966,1.47557259,1.78365707
1888,2.06794739,0.99413729,21684,0.90074539,0.99846754,9445,1.16720200,-0.00433025,1.48434639,2.06794739
1889,2.15635300,0.99363278,22611,0.94213486,0.99829209,9879,1.21421814,-0.00465931,1.54924393,2.15635300
1890,2.25572586,0.99344367,23653,0.95148087,0.99825059,9977,1.30424500,-0.00480692,1.60360336,2.25572586
1891,2.05831528,0.99351420,21583,1.28822327,0.99263745,13508,0.77009201,0.00087675,1.67326927,2.05831528
1892,2.12259293,0.99339744,22257,1.30224228,0.99233102,13655,0.82035065,0.00106643,1.71241760,2.12259293
1893,2.10533142,0.99341610,22076,1.25675201,0.99367826,13178,0.84857941,-0.00026215,1.68104172,2.10533142
1894,2.37636566,0.99247987,24918,1.95970535,0.98643547,20549,0.41666031,0.00604441,2.16803551,2.37636566
1895,2.55088806,0.99135129,26748,2.09074020,0.98686895,21923,0.46014786,0.00448233,2.32081413,2.55088806
1896,2.46944427,0.99017635,25894,1.98059082,0.99068196,20768,0.48885345,-0.00050561,2.22501755,2.46944427
1897,3.30953598,0.98878472,34703,1.10158920,0.99767225,11551,2.20794678,-0.00888753,2.20556259,3.30953598
1898,3.19280624,0.98846877,33479,1.09157562,0.99768995,11446,2.10123062,-0.00922118,2.14219093,3.19280624
1899,3.07626724,0.98836862,32257,1.06983185,0.99784296,11218,2.00643539,-0.00947434,2.07304955,3.07626724
1900,4.38728333,0.97785609,46004,1.74140930,0.99366265,18260,2.64587402,-0.01580655,3.06434631,4.38728333
1901,4.33464050,0.97757310,45452,1.68180466,0.99442291,17635,2.65283585,-0.01684981,3.00822258,4.33464050
1902,4.27694321,0.97764730,44847,1.59797668,0.99463010,16756,2.67896652,-0.01698280,2.93745995,4.27694321
1903,3.05881500,0.98550777,32074,1.19104385,0.99401338,12489,1.86777115,-0.00850561,2.12492943,3.05881500
1904,3.13358307,0.98485327,32858,1.17263794,0.99391401,12296,1.96094513,-0.00906074,2.15311050,3.13358307
1905,3.16667557,0.98419593,33205,1.15089417,0.99393402,12068,2.01578140,-0.00973809,2.15878487,3.16667557
1906,2.92024612,0.98695910,30621,1.15957260,0.99557904,12159,1.76067352,-0.00861994,2.03990936,2.92024612
1907,2.92434692,0.98652244,30664,1.12333298,0.99573971,11779,1.80101395,-0.00921727,2.02383995,2.92434692
1908,2.83670425,0.98723714,29745,1.10740662,0.99590743,11612,1.72929764,-0.00867029,1.97205544,2.83670425
1909,2.11877823,0.99244047,22217,1.03034973,0.99707985,10804,1.08842850,-0.00463938,1.57456398,2.11877823
1910,2.03905106,0.99274338,21381,1.01337433,0.99726570,10626,1.02567673,-0.00452232,1.52621269,2.03905106
1911,1.85270309,0.99300674,19427,0.97227097,0.99750365,10195,0.88043213,-0.00449691,1.41248703,1.85270309
1912,1.88665390,0.99291793,19783,1.09043121,0.99637285,11434,0.79622269,-0.00345492,1.48854256,1.88665390
1913,1.95674896,0.99268649,20518,1.07679367,0.99654123,11291,0.87995529,-0.00385474,1.51677132,1.95674896
1914,1.91974640,0.99239902,20130,1.03702545,0.99676923,10874,0.88272095,-0.00437021,1.47838593,1.91974640
1915,1.85022354,0.99203371,19401,1.36451721,0.99514403,14308,0.48570633,-0.00311033,1.60737038,1.85022354
1916,1.91154480,0.99188791,20044,1.31397247,0.99522072,13778,0.59757233,-0.00333281,1.61275864,1.91154480
1917,1.91631317,0.99209433,20094,1.29852295,0.99505501,13616,0.61779022,-0.00296068,1.60741806,1.91631317
1918,1.68752670,0.99059604,17695,1.24883652,0.99409261,13095,0.43869019,-0.00349657,1.46818161,1.68752670
1919,1.65052414,0.99045709,17307,1.22737885,0.99384534,12870,0.42314529,-0.00338825,1.43895149,1.65052414
1920,1.63326263,0.98997593,17126,1.18370056,0.99383547,12412,0.44956207,-0.00385954,1.40848160,1.63326263
1921,2.18391418,0.98629614,22900,1.10483170,0.99376472,11585,1.07908249,-0.00746858,1.64437294,2.18391418
1922,2.19898224,0.98642291,23058,1.02872849,0.99388525,10787,1.17025375,-0.00746234,1.61385536,2.19898224
1923,2.30007172,0.98658494,24118,0.91772079,0.99432928,9623,1.38235092,-0.00774434,1.60889626,2.30007172
1924,2.43291855,0.98784046,25511,1.06487274,0.99557896,11166,1.36804581,-0.00773850,1.74889565,2.43291855
1925,2.24056244,0.98743515,23494,1.02787018,0.99554422,10778,1.21269226,-0.00810907,1.63421631,2.24056244
1926,1.80740356,0.98944152,18952,0.84295273,0.99609084,8839,0.96445084,-0.00664932,1.32517815,1.80740356
1927,1.53970718,0.99282857,16145,0.68426132,0.99539466,7175,0.85544586,-0.00256609,1.11198425,1.53970718
1928,1.20658875,0.99248157,12652,0.61864853,0.99549847,6487,0.58794022,-0.00301690,0.91261864,1.20658875
1929,1.14631653,0.99183575,12020,0.62828064,0.99547228,6588,0.51803589,-0.00363653,0.88729858,1.14631653
1930,1.17378235,0.98944661,12308,0.36516190,0.99910248,3829,0.80862045,-0.00965586,0.76947212,1.17378235
1931,1.23271942,0.98914783,12926,0.45642853,0.99898209,4786,0.77629089,-0.00983426,0.84457397,1.23271942
1932,1.36232376,0.98747079,14285,0.59833527,0.99813736,6274,0.76398849,-0.01066656,0.98032951,1.36232376
1933,1.49517059,0.98601978,15678,0.90503693,0.99398769,9490,0.59013367,-0.00796790,1.20010376,1.49517059
1934,1.52959824,0.98500299,16039,1.08489990,0.99288960,11376,0.44469833,-0.00788660,1.30724907,1.52959824
1935,1.59015656,0.98404888,16674,1.08194351,0.99246925,11345,0.50821304,-0.00842037,1.33605003,1.59015656
1936,2.26011276,0.97304089,23699,1.18627548,0.98908311,12439,1.07383728,-0.01604222,1.72319412,2.26011276
1937,2.44073868,0.97114357,25593,1.53732300,0.98677663,16120,0.90341568,-0.01563307,1.98903084,2.44073868
1938,2.70929337,0.96877223,28409,1.83897018,0.98414720,19283,0.87032318,-0.01537497,2.27413177,2.70929337
1939,1.42364502,0.98661770,14928,0.93555450,0.98763003,9810,0.48809052,-0.00101234,1.17959976,1.42364502
1940,1.50394440,0.98580250,15770,0.99544525,0.98657368,10438,0.50849915,-0.00077118,1.24969482,1.50394440
1941,1.61657333,0.98476581,16951,1.05352402,0.98574677,11047,0.56304932,-0.00098096,1.33504868,1.61657333
1942,1.39074326,0.99013608,14583,1.75371170,0.97635943,18389,-0.36296844,0.01377665,1.57222748,1.75371170
1943,1.46837234,0.98893438,15397,1.86367035,0.97406501,19542,-0.39529800,0.01486938,1.66602135,1.86367035
1944,1.52120590,0.98782618,15951,1.94845200,0.97208897,20431,-0.42724609,0.01573722,1.73482895,1.94845200
1945,1.23548508,0.99020764,12955,2.12564468,0.96834440,22289,-0.89015961,0.02186324,1.68056488,2.12564468
1946,1.30233765,0.98903819,13656,2.23693848,0.96577419,23456,-0.93460083,0.02326401,1.76963806,2.23693848
1947,1.30987167,0.98874836,13735,2.31351852,0.96375623,24259,-1.00364685,0.02499213,1.81169510,2.31351852
1948,2.26373672,0.97219987,23737,2.01759338,0.97178575,21156,0.24614334,0.00041412,2.14066505,2.26373672
1949,2.30140686,0.97097090,24132,2.08454132,0.97044737,21858,0.21686554,0.00052353,2.19297409,2.30140686
1950,2.31180191,0.96867532,24241,2.19907761,0.96746289,23059,0.11272430,0.00121242,2.25543976,2.31180191
1951,3.50151062,0.94045049,36716,1.36613846,0.98115531,14325,2.13537216,-0.04070482,2.43382454,3.50151062
1952,3.42035294,0.93530182,35865,1.27449036,0.98024505,13364,2.14586258,-0.04494323,2.34742165,3.42035294
1953,3.21855545,0.93049933,33749,1.16615295,0.97888102,12228,2.05240250,-0.04838169,2.19235420,3.21855545
1954,4.97007370,0.88280185,52115,2.26421356,0.93916621,23742,2.70586014,-0.05636436,3.61714363,4.97007370
1955,5.07736206,0.87251506,53240,2.24666595,0.93401987,23558,2.83069611,-0.06150481,3.66201401,5.07736206
1956,5.17206192,0.86683186,54233,2.28691101,0.93096054,23980,2.88515091,-0.06412868,3.72948647,5.17206192
1957,4.07781601,0.88836506,42759,2.10752487,0.93101797,22099,1.97029114,-0.04265291,3.09267044,4.07781601
1958,4.09803391,0.88824835,42971,2.11410522,0.93158543,22168,1.98392868,-0.04333709,3.10606956,4.09803391
1959,4.17995453,0.88766968,43830,2.05059052,0.93463114,21502,2.12936401,-0.04696146,3.11527252,4.17995453
1960,3.81832123,0.91059663,40038,1.48582458,0.96119226,15580,2.33249664,-0.05059563,2.65207291,3.81832123
1961,3.93590927,0.90992093,41271,1.45120621,0.96248687,15217,2.48470306,-0.05256593,2.69355774,3.93590927
1962,4.00505066,0.90766434,41996,1.51157379,0.96215112,15850,2.49347687,-0.05448678,2.75831223,4.00505066
1963,1.27258301,0.95836269,13344,1.25350952,0.97566721,13144,0.01907349,-0.01730452,1.26304626,1.27258301
1964,1.23395920,0.96021777,12939,1.24244690,0.97751189,13028,-0.00848770,-0.01729413,1.23820305,1.24244690
1965,1.21622086,0.96148318,12753,1.27410889,0.97789444,13360,-0.05788803,-0.01641126,1.24516487,1.27410889
1966,3.78522873,0.91999220,39691,1.10025406,0.98549172,11537,2.68497467,-0.06549952,2.44274139,3.78522873
1967,3.72066498,0.92325942,39014,0.98686218,0.98841209,10348,2.73380280,-0.06515267,2.35376358,3.72066498
1968,3.68947983,0.92665394,38687,0.95844269,0.98955317,10050,2.73103714,-0.06289924,2.32396126,3.68947983
1969,3.25651169,0.92409348,34147,0.85449219,0.99037622,8960,2.40201950,-0.06628274,2.05550194,3.25651169
1970,3.39727402,0.92387107,35623,0.88119507,0.99059402,9240,2.51607895,-0.06672295,2.13923454,3.39727402
1971,3.47833633,0.92292528,36473,0.97122192,0.98948832,10184,2.50711441,-0.06656304,2.22477913,3.47833633
1972,2.92797089,0.94004753,30702,0.89044571,0.98925007,9337,2.03752518,-0.04920254,1.90920830,2.92797089
1973,3.05614471,0.93734223,32046,0.83456039,0.99032732,8751,2.22158432,-0.05298510,1.94535255,3.05614471
1974,3.08523178,0.93767969,32351,0.81558228,0.99086578,8552,2.26964951,-0.05318610,1.95040703,3.08523178
1975,3.14226151,0.94189467,32949,2.48098373,0.94500187,26015,0.66127777,-0.00310719,2.81162262,3.14226151
1976,3.17277908,0.94223125,33269,2.60648727,0.94376435,27331,0.56629181,-0.00153309,2.88963318,3.17277908
1977,3.25927734,0.94104784,34176,2.90584564,0.94025088,30470,0.35343170,0.00079697,3.08256149,3.25927734
1978,4.40111160,0.92217153,46149,3.83443832,0.91444580,40207,0.56667328,0.00772573,4.11777496,4.40111160
1979,4.46043015,0.92224412,46771,3.97672653,0.91322210,41699,0.48370361,0.00902202,4.21857834,4.46043015
1980,4.33673859,0.92444222,45474,4.13045883,0.91187600,43311,0.20627975,0.01256622,4.23359871,4.33673859
1981,2.36263275,0.96055624,24774,2.38142014,0.95086016,24971,-0.01878738,0.00969608,2.37202644,2.38142014
1982,2.29578018,0.96144140,24073,2.48832703,0.95066433,26092,-0.19254684,0.01077706,2.39205360,2.48832703
1983,2.19497681,0.96146107,23016,2.66704559,0.94925127,27966,-0.47206879,0.01220980,2.43101120,2.66704559
1984,0.81777573,0.98544237,8575,4.50763702,0.91049010,47266,-3.68986130,0.07495228,2.66270638,4.50763702
1985,0.56371689,0.99180483,5911,3.99837494,0.92366983,41926,-3.43465805,0.06813500,2.28104591,3.99837494
1986,0.54330826,0.99370813,5697,3.74765396,0.93644588,39297,-3.20434570,0.05726224,2.14548111,3.74765396
1987,0.76532364,0.99052286,8025,1.23472214,0.98028553,12947,-0.46939850,0.01023733,1.00002289,1.23472214
1988,0.70476532,0.99247699,7390,0.33464432,0.99432547,3509,0.37012100,-0.00184848,0.51970482,0.70476532
1989,0.64325333,0.99467515,6745,0.30355453,0.99599929,3183,0.33969879,-0.00132414,0.47340393,0.64325333
1990,0.78887939,0.99163493,8272,0.46100616,0.99569724,4834,0.32787323,-0.00406231,0.62494278,0.78887939
1991,0.82025528,0.99040251,8601,0.49276352,0.99535421,5167,0.32749176,-0.00495169,0.65650940,0.82025528
1992,0.85058212,0.98861683,8919,0.55198669,0.99405731,5788,0.29859543,-0.00544048,0.70128441,0.85058212
1993,0.80566406,0.99436665,8448,2.46143341,0.95887652,25810,-1.65576935,0.03549013,1.63354874,2.46143341
1994,0.78668594,0.99425733,8249,1.12094879,0.98498020,11754,-0.33426285,0.00927713,0.95381737,1.12094879
1995,0.80709457,0.99362566,8463,0.45557022,0.99649399,4777,0.35152435,-0.00286833,0.63133240,0.80709457
1996,1.26218796,0.98299139,13235,0.89569092,0.98596550,9392,0.36649704,-0.00297412,1.07893944,1.26218796
1997,1.32675171,0.98186403,13912,0.93441010,0.98561635,9798,0.39234161,-0.00375232,1.13058090,1.32675171
1998,1.34382248,0.98161147,14091,0.90713501,0.98668888,9512,0.43668747,-0.00507742,1.12547874,1.34382248
1999,0.93803406,0.98739037,9836,0.88748932,0.99058558,9306,0.05054474,-0.00319521,0.91276169,0.93803406
2000,1.00669861,0.98536736,10556,0.98114014,0.98863773,10288,0.02555847,-0.00327037,0.99391937,1.00669861
2001,1.00631714,0.98585476,10552,1.12810135,0.98501571,11829,-0.12178421,0.00083905,1.06720924,1.12810135
2002,1.20677948,0.98810025,12654,0.69303513,0.99295465,7267,0.51374435,-0.00485439,0.94990730,1.20677948
2003,1.12895966,0.99035402,11838,0.63743591,0.99392373,6684,0.49152374,-0.00356971,0.88319778,1.12895966
2004,1.10406876,0.99095273,11577,0.59986115,0.99459265,6290,0.50420761,-0.00363992,0.85196495,1.10406876
2005,1.49545670,0.98316486,15681,0.58097839,0.99417824,6092,0.91447830,-0.01101338,1.03821754,1.49545670
2006,0.81644058,0.99528708,8561,0.33340454,0.99762305,3496,0.48303604,-0.00233598,0.57492256,0.81644058
2007,0.84972382,0.99510379,8910,0.34532547,0.99753308,3621,0.50439835,-0.00242929,0.59752464,0.84972382
2008,0.84733963,0.99449369,8885,0.35762787,0.99743817,3750,0.48971176,-0.00294449,0.60248375,0.84733963
2009,0.91648102,0.99329049,9610,0.37841797,0.99727888,3968,0.53806305,-0.00398839,0.64744949,0.91648102
2010,0.74939728,0.98849308,7858,0.53052902,0.98845411,5563,0.21886826,0.00003897,0.63996315,0.74939728
2011,0.60882568,0.99271065,6384,0.46339035,0.98892379,4859,0.14543533,0.00378686,0.53610802,0.60882568
2012,0.51174164,0.99396611,5366,0.48408508,0.98849116,5076,0.02765656,0.00547496,0.49791336,0.51174164
2013,0.52633286,0.99388787,5519,0.49810410,0.98803676,5223,0.02822876,0.00585111,0.51221848,0.52633286
2014,0.73823929,0.99313619,7741,0.59137344,0.99086093,6201,0.14686584,0.00227526,0.66480637,0.73823929
2015,0.51031113,0.99406250,5351,0.60586929,0.99062006,6353,-0.09555817,0.00344244,0.55809021,0.60586929
2016,0.60701370,0.99295858,6365,0.61550140,0.99049424,6454,-0.00848770,0.00246434,0.61125755,0.61550140
2017,0.67539215,0.99237815,7082,0.62561035,0.99030327,6560,0.04978180,0.00207488,0.65050125,0.67539215
2018,1.41611099,0.98901693,14849,0.48103333,0.99573503,5044,0.93507767,-0.00671809,0.94857216,1.41611099
2019,1.44634247,0.98901517,15166,0.46606064,0.99589159,4887,0.98028183,-0.00687642,0.95620155,1.44634247
2020,1.54695511,0.98913086,16221,0.48646927,0.99581088,5101,1.06048584,-0.00668002,1.01671219,1.54695511
2021,1.58176422,0.98886599,16586,0.48217773,0.99581293,5056,1.09958649,-0.00694694,1.03197098,1.58176422
2022,0.78010559,0.99100102,8180,0.22211075,0.99784803,2329,0.55799484,-0.00684702,0.50110817,0.78010559
2023,0.79669952,0.99085960,8354,0.23527145,0.99764289,2467,0.56142807,-0.00678329,0.51598549,0.79669952
2024,0.82902908,0.99082096,8693,0.24728775,0.99760328,2593,0.58174133,-0.00678232,0.53815842,0.82902908
2025,0.89073181,0.99036394,9340,0.27685165,0.99728707,2903,0.61388016,-0.00692314,0.58379173,0.89073181
2026,0.99935532,0.99338133,10479,0.91390610,0.98748970,9583,0.08544922,0.00589163,0.95663071,0.99935532
2027,0.96340179,0.99388713,10102,0.82902908,0.98799444,8693,0.13437271,0.00589269,0.89621544,0.96340179
2028,0.92363358,0.99464987,9685,0.74720383,0.98905271,7835,0.17642975,0.00559716,0.83541870,0.92363358
2029,0.91438293,0.99463919,9588,0.71763992,0.98885341,7525,0.19674301,0.00578578,0.81601143,0.91438293
2030,0.81529617,0.99240285,8549,0.60901642,0.99358197,6386,0.20627975,-0.00117912,0.71215630,0.81529617
2031,0.82597733,0.99242077,8661,0.62608719,0.99340853,6565,0.19989014,-0.00098776,0.72603226,0.82597733
2032,0.85811615,0.99190153,8998,0.65698624,0.99298731,6889,0.20112991,-0.00108578,0.75755119,0.85811615
2033,0.90408325,0.99149952,9480,0.69465637,0.99265683,7284,0.20942688,-0.00115731,0.79936981,0.90408325
2034,0.52013397,0.99657484,5454,1.23796463,0.98646432,12981,-0.71783066,0.01011052,0.87904930,1.23796463
2035,0.51889420,0.99653911,5441,1.12724304,0.98923726,11820,-0.60834885,0.00730185,0.82306862,1.12724304
2036,0.52442551,0.99648380,5499,1.00994110,0.99148577,10590,-0.48551559,0.00499804,0.76718330,1.00994110
2037,0.53520203,0.99649122,5612,0.89254379,0.99311382,9359,-0.35734177,0.00337740,0.71387291,0.89254379
2038,1.11360550,0.98685633,11677,0.41542053,0.99703840,4356,0.69818497,-0.01018207,0.76451302,1.11360550
2039,1.17397308,0.98584982,12310,0.42457581,0.99700004,4452,0.74939728,-0.01115021,0.79927444,1.17397308
2040,1.20201111,0.98578206,12604,0.42791367,0.99707123,4487,0.77409744,-0.01128917,0.81496239,1.20201111
2041,1.19695663,0.98520789,12551,0.44069290,0.99699759,4621,0.75626373,-0.01178970,0.81882477,1.19695663
2042,0.35572052,0.99822224,3730,0.67892075,0.99551912,7119,-0.32320023,0.00270312,0.51732063,0.67892075
2043,0.35676956,0.99821567,3741,0.69169998,0.99542551,7253,-0.33493042,0.00279016,0.52423477,0.69169998
2044,0.35924911,0.99819102,3767,0.68559647,0.99548040,7189,-0.32634735,0.00271062,0.52242279,0.68559647
2045,0.37212372,0.99818921,3902,0.71363449,0.99539473,7483,-0.34151077,0.00279448,0.54287910,0.71363449
2046,0.40388107,0.99715471,4235,0.58269501,0.99568339,6110,-0.17881393,0.00147132,0.49328804,0.58269501
2047,0.41275024,0.99719516,4328,0.60434341,0.99554489,6337,-0.19159317,0.00165027,0.50854683,0.60434341
2048,0.43125153,0.99707334,4522,0.61254501,0.99545563,6423,-0.18129349,0.00161771,0.52189827,0.61254501
2049,0.44593811,0.99718660,4676,0.63142776,0.99543639,6621,-0.18548965,0.00175022,0.53868294,0.63142776
2050,1.11961365,0.99461651,11740,0.82817078,0.99223315,8684,0.29144287,0.00238336,0.97389221,1.11961365
2051,1.12628937,0.99457271,11810,0.79545975,0.99336963,8341,0.33082962,0.00120308,0.96087456,1.12628937
2052,1.12552643,0.99443823,11802,0.74691772,0.99423387,7832,0.37860870,0.00020436,0.93622208,1.12552643
2053,1.11522675,0.99435172,11694,0.73738098,0.99473411,7732,0.37784576,-0.00038238,0.92630386,1.11522675
2054,0.47454834,0.99805437,4976,0.59232712,0.99759484,6211,-0.11777878,0.00045953,0.53343773,0.59232712
2055,0.48389435,0.99800475,5074,0.60415268,0.99758504,6335,-0.12025833,0.00041971,0.54402351,0.60415268
2056,0.48904419,0.99794430,5128,0.61368942,0.99760289,6435,-0.12464523,0.00034141,0.55136681,0.61368942
2057,0.50783157,0.99788355,5325,0.63314438,0.99757150,6639,-0.12531281,0.00031204,0.57048798,0.63314438
2058,0.35467148,0.99848779,3719,0.41790009,0.99610487,4382,-0.06322861,0.00238292,0.38628578,0.41790009
2059,0.33912659,0.99845034,3556,0.41675568,0.99605787,4370,-0.07762909,0.00239247,0.37794113,0.41675568
2060,0.31871796,0.99834825,3342,0.41980743,0.99600879,4402,-0.10108948,0.00233946,0.36926270,0.41980743
2061,0.32386780,0.99826547,3396,0.42276382,0.99604314,4433,-0.09889603,0.00222233,0.37331581,0.42276382
2062,0.52967072,0.99759948,5554,0.97866058,0.99118956,10262,-0.44898987,0.00640992,0.75416565,0.97866058
2063,0.53882599,0.99752337,5650,1.00841522,0.99086508,10574,-0.46958923,0.00665830,0.77362061,1.00841522
2064,0.53653717,0.99737700,5626,1.01575851,0.99076646,10651,-0.47922134,0.00661054,0.77614784,1.01575851
2065,0.53615570,0.99728571,5622,1.03635788,0.99048564,10867,-0.50020218,0.00680007,0.78625679,1.03635788
2066,0.93564987,0.99285847,9811,1.28946304,0.99378439,13521,-0.35381317,-0.00092592,1.11255646,1.28946304
2067,0.95033646,0.99280507,9965,1.26495361,0.99379383,13264,-0.31461716,-0.00098876,1.10764503,1.26495361
2068,0.94413757,0.99265320,9900,1.22766495,0.99382571,12873,-0.28352737,-0.00117251,1.08590126,1.22766495
2069,0.92840195,0.99259690,9735,1.18751526,0.99391263,12452,-0.25911331,-0.00131573,1.05795860,1.18751526
2070,1.19104385,0.98899486,12489,0.73575974,0.99557084,7715,0.45528412,-0.00657598,0.96340179,1.19104385
2071,1.17292404,0.98922415,12299,0.73728561,0.99553103,7731,0.43563843,-0.00630688,0.95510483,1.17292404
2072,1.16939545,0.98929783,12262,0.73947906,0.99549829,7754,0.42991638,-0.00620046,0.95443726,1.16939545
2073,1.16472244,0.98962500,12213,0.73585510,0.99557289,7716,0.42886734,-0.00594789,0.95028877,1.16472244
2074,0.60653687,0.99576060,6360,0.21095276,0.99973934,2212,0.39558411,-0.00397874,0.40874481,0.60653687
2075,0.60548782,0.99581559,6349,0.21514893,0.99967854,2256,0.39033890,-0.00386295,0.41031837,0.60548782
2076,0.62532425,0.99582618,6557,0.22687912,0.99971593,2379,0.39844513,-0.00388975,0.42610168,0.62532425
2077,0.61321259,0.99594231,6430,0.22335052,0.99971326,2342,0.38986206,-0.00377096,0.41828156,0.61321259
2078,0.44069290,0.99829701,4621,0.54769516,0.99729024,5743,-0.10700226,0.00100677,0.49419403,0.54769516
2079,0.44670105,0.99825811,4684,0.55980682,0.99713181,5870,-0.11310577,0.00112629,0.50325394,0.55980682
2080,0.46567917,0.99822567,4883,0.58355331,0.99690647,6119,-0.11787415,0.00131920,0.52461624,0.58355331
2081,0.44012070,0.99817943,4615,0.60129166,0.99687709,6305,-0.16117096,0.00130234,0.52070618,0.60129166
2082,0.59585571,0.99794809,6248,0.45690536,0.99550160,4791,0.13895035,0.00244649,0.52638054,0.59585571
2083,0.60815811,0.99786063,6377,0.46396255,0.99533863,4865,0.14419556,0.00252200,0.53606033,0.60815811
2084,0.61054230,0.99782763,6402,0.47931671,0.99534368,5026,0.13122559,0.00248395,0.54492950,0.61054230
2085,0.63896179,0.99775868,6700,0.50296783,0.99522429,5274,0.13599396,0.00253439,0.57096481,0.63896179
2086,1.00755692,0.99182666,10565,0.51240921,0.99613459,5373,0.49514771,-0.00430793,0.75998306,1.00755692
2087,0.98924637,0.99249700,10373,0.49858093,0.99650290,5228,0.49066544,-0.00400590,0.74391365,0.98924637
2088,0.99029541,0.99249054,10384,0.50334930,0.99659349,5278,0.48694611,-0.00410296,0.74682236,0.99029541
2089,0.99668503,0.99252277,10451,0.51269531,0.99655640,5376,0.48398972,-0.00403364,0.75469017,0.99668503
2090,1.18408203,0.98730448,12416,0.68292618,0.99275829,7161,0.50115585,-0.00545381,0.93350410,1.18408203
2091,1.19123459,0.98749125,12491,0.69828033,0.99267124,7322,0.49295425,-0.00517999,0.94475746,1.19123459
2092,1.19256973,0.98788198,12505,0.70037842,0.99277008,7344,0.49219131,-0.00488810,0.94647408,1.19256973
2093,1.20992661,0.98795149,12687,0.74396133,0.99260775,7801,0.46596527,-0.00465625,0.97694397,1.20992661
2094,0.92191696,0.99138076,9667,0.89635849,0.98988699,9399,0.02555847,0.00149377,0.90913773,0.92191696
2095,0.91381073,0.99171537,9582,0.91085434,0.98981409,9551,0.00295639,0.00190127,0.91233253,0.91381073
2096,0.93269348,0.99157661,9780,0.90179443,0.98988242,9456,0.03089905,0.00169418,0.91724396,0.93269348
2097,0.90856552,0.99158447,9527,0.84543228,0.99043798,8865,0.06313324,0.00114649,0.87699890,0.90856552
2098,0.74186325,0.99031478,7779,1.10111237,0.98557738,11546,-0.35924911,0.00473740,0.92148781,1.10111237
2099,0.69856644,0.99067241,7325,1.03607178,0.98576935,10864,-0.33750534,0.00490306,0.86731911,1.03607178
2100,0.66223145,0.99216596,6944,0.94251633,0.98709483,9883,-0.28028488,0.00507113,0.80237389,0.94251633
2101,0.61006546,0.99433295,6397,0.83551407,0.98929928,8761,-0.22544861,0.00503367,0.72278976,0.83551407
2102,0.73804855,0.99541667,7739,0.57468414,0.99256507,6026,0.16336441,0.00285160,0.65636635,0.73804855
2103,0.63562393,0.99715672,6665,0.54636002,0.99388966,5729,0.08926392,0.00326705,0.59099197,0.63562393
2104,0.58355331,0.99727079,6119,0.54607391,0.99401303,5726,0.03747940,0.00325776,0.56481361,0.58355331
2105,0.54388046,0.99729520,5703,0.56247711,0.99393872,5898,-0.01859665,0.00335647,0.55317879,0.56247711
2106,0.74071884,0.99661749,7767,0.58126450,0.99653248,6095,0.15945435,0.00008501,0.66099167,0.74071884
2107,0.69646835,0.99664641,7303,0.56028366,0.99653557,5875,0.13618469,0.00011084,0.62837601,0.69646835
2108,0.64554214,0.99672601,6769,0.52957535,0.99660367,5553,0.11596680,0.00012234,0.58755875,0.64554214
2109,0.61607361,0.99673227,6460,0.53062439,0.99656933,5564,0.08544922,0.00016294,0.57334900,0.61607361
2110,0.79879761,0.99631893,8376,0.51298141,0.99742987,5379,0.28581619,-0.00111095,0.65588951,0.79879761
2111,0.79727173,0.99625201,8360,0.52042007,0.99733961,5457,0.27685165,-0.00108760,0.65884590,0.79727173
2112,0.78773499,0.99640747,8260,0.50964355,0.99729622,5344,0.27809143,-0.00088876,0.64868927,0.78773499
2113,0.79841614,0.99649963,8372,0.52585602,0.99725532,5514,0.27256012,-0.00075569,0.66213608,0.79841614
2114,0.99096298,0.99287054,10391,0.73127747,0.99427354,7668,0.25968552,-0.00140300,0.86112022,0.99096298
2115,0.97932816,0.99285557,10269,0.72183609,0.99417967,7569,0.25749207,-0.00132410,0.85058212,0.97932816
2116,0.97970963,0.99288101,10273,0.73776245,0.99410422,7736,0.24194717,-0.00122322,0.85873604,0.97970963
2117,0.97970963,0.99284647,10273,0.75044632,0.99403329,7869,0.22926331,-0.00118682,0.86507797,0.97970963
2118,0.95176697,0.99556296,9980,0.90332031,0.99407564,9472,0.04844666,0.00148732,0.92754364,0.95176697
2119,0.93975067,0.99565923,9854,0.89349747,0.99444820,9369,0.04625320,0.00121103,0.91662407,0.93975067
2120,0.94509125,0.99572295,9910,0.92086792,0.99452920,9656,0.02422333,0.00119375,0.93297958,0.94509125
2121,0.95205307,0.99584026,9983,0.94280243,0.99476747,9886,0.00925064,0.00107278,0.94742775,0.95205307
2122,0.78926086,0.99473171,8276,0.70343018,0.99452963,7376,0.08583069,0.00020208,0.74634552,0.78926086
2123,0.78430176,0.99478135,8224,0.69561005,0.99443726,7294,0.08869171,0.00034410,0.73995590,0.78430176
2124,0.79412460,0.99477453,8327,0.68321228,0.99462403,7164,0.11091232,0.00015050,0.73866844,0.79412460
2125,0.79336166,0.99461406,8319,0.68445206,0.99473206,7177,0.10890961,-0.00011800,0.73890686,0.79336166
2126,0.95033646,0.99163494,9965,0.63161850,0.99376638,6623,0.31871796,-0.00213144,0.79097748,0.95033646
2127,0.94947815,0.99176385,9956,0.60701370,0.99401386,6365,0.34246445,-0.00225001,0.77824593,0.94947815
2128,0.92887878,0.99182898,9740,0.56762695,0.99446068,5952,0.36125183,-0.00263170,0.74825287,0.92887878
2129,0.93030930,0.99202387,9755,0.55637360,0.99498033,5834,0.37393570,-0.00295646,0.74334145,0.93030930
2130,0.58755875,0.99539041,6161,0.95453262,0.99349074,10009,-0.36697388,0.00189967,0.77104568,0.95453262
2131,0.58383942,0.99539260,6122,0.96063614,0.99354271,10073,-0.37679672,0.00184989,0.77223778,0.96063614
2132,0.60863495,0.99527985,6382,0.91714859,0.99414190,9617,-0.30851364,0.00113795,0.76289177,0.91714859
2133,0.64115524,0.99517508,6723,0.85592270,0.99512739,8975,-0.21476746,0.00004769,0.74853897,0.85592270
2134,0.61044693,0.99469753,6401,0.63886642,0.99535558,6699,-0.02841949,-0.00065805,0.62465668,0.63886642
2135,0.64287186,0.99450449,6741,0.65269470,0.99543656,6844,-0.00982285,-0.00093207,0.64778328,0.65269470
2136,0.65660477,0.99430831,6885,0.65975189,0.99538446,6918,-0.00314713,-0.00107615,0.65817833,0.65975189
2137,0.69818497,0.99392498,7321,0.68864822,0.99529585,7221,0.00953674,-0.00137087,0.69341660,0.69818497
2138,0.75321198,0.99324557,7898,0.60586929,0.99518698,6353,0.14734268,-0.00194141,0.67954063,0.75321198
2139,0.78973770,0.99297664,8281,0.62198639,0.99509427,6522,0.16775131,-0.00211763,0.70586205,0.78973770
2140,0.81176758,0.99278670,8512,0.64344406,0.99514464,6747,0.16832352,-0.00235793,0.72760582,0.81176758
2141,0.83055496,0.99267673,8709,0.65326691,0.99508631,6850,0.17728806,-0.00240958,0.74191093,0.83055496
2142,0.95968246,0.99087273,10063,0.34770966,0.99787692,3646,0.61197281,-0.00700419,0.65369606,0.95968246
2143,0.94547272,0.99066703,9914,0.32835007,0.99787864,3443,0.61712265,-0.00721162,0.63691139,0.94547272
2144,0.95529556,0.99044217,10017,0.31614304,0.99805171,3315,0.63915253,-0.00760954,0.63571930,0.95529556
2145,0.91657639,0.99073511,9611,0.29716492,0.99845865,3116,0.61941147,-0.00772355,0.60687065,0.91657639
2146,0.73699951,0.99207361,7728,0.41360855,0.99502779,4337,0.32339096,-0.00295418,0.57530403,0.73699951
2147,0.74052811,0.99189123,7765,0.38967133,0.99535482,4086,0.35085678,-0.00346359,0.56509972,0.74052811
2148,0.73995590,0.99169093,7759,0.38671494,0.99522956,4055,0.35324097,-0.00353863,0.56333542,0.73995590
2149,0.73499680,0.99162655,7707,0.39100647,0.99515979,4100,0.34399033,-0.00353324,0.56300163,0.73499680
2150,0.90265274,0.98838111,9465,0.58412552,0.99412485,6125,0.31852722,-0.00574374,0.74338913,0.90265274
2151,0.93946457,0.98832470,9851,0.60024261,0.99412134,6294,0.33922195,-0.00579663,0.76985359,0.93946457
2152,0.92153549,0.98875526,9663,0.59556961,0.99433299,6245,0.32596588,-0.00557774,0.75855255,0.92153549
2153,0.88539124,0.98934557,9284,0.54540634,0.99497752,5719,0.33998489,-0.00563195,0.71539879,0.88539124
2154,0.67577362,0.99382566,7086,0.61836243,0.99483621,6484,0.05741119,-0.00101055,0.64706802,0.67577362
2155,0.66928864,0.99403673,7018,0.62475204,0.99504606,6551,0.04453659,-0.00100933,0.64702034,0.66928864
2156,0.67529678,0.99404030,7081,0.63982010,0.99519818,6709,0.03547668,-0.00115787,0.65755844,0.67529678
2157,0.67443848,0.99391224,7072,0.64744949,0.99513997,6789,0.02698898,-0.00122774,0.66094398,0.67443848
2158,0.91323853,0.98897736,9576,0.81634521,0.99240823,8560,0.09689331,-0.00343086,0.86479187,0.91323853
2159,0.91524124,0.98892793,9597,0.83665848,0.99228167,8773,0.07858276,-0.00335374,0.87594986,0.91524124
2160,0.93765259,0.98867740,9832,0.85353851,0.99227126,8950,0.08411407,-0.00359386,0.89559555,0.93765259
2161,0.94852448,0.98836818,9946,0.87757111,0.99193765,9202,0.07095337,-0.00356948,0.91304779,0.94852448
2162,1.02300644,0.98422094,10727,0.89483261,0.99158377,9383,0.12817383,-0.00736283,0.95891953,1.02300644
2163,1.00564957,0.98450272,10545,0.91724396,0.99135886,9618,0.08840561,-0.00685614,0.96144676,1.00564957
2164,0.97856522,0.98488234,10261,0.94184875,0.99109316,9876,0.03671646,-0.00621082,0.96020699,0.97856522
2165,0.96225739,0.98523968,10090,0.95558167,0.99109668,10020,0.00667572,-0.00585699,0.95891953,0.96225739
2166,0.87661743,0.98949669,9192,0.67081451,0.99318059,7034,0.20580292,-0.00368390,0.77371597,0.87661743
2167,0.89597702,0.98956011,9395,0.69932938,0.99304502,7333,0.19664764,-0.00348490,0.79765320,0.89597702
2168,0.89521408,0.98956986,9387,0.70667267,0.99317998,7410,0.18854141,-0.00361012,0.80094337,0.89521408
2169,0.90208054,0.98948100,9459,0.69341660,0.99325760,7271,0.20866394,-0.00377660,0.79774857,0.90208054
2170,1.28669739,0.97331666,13492,0.58240891,0.99465087,6107,0.70428848,-0.02133421,0.93455315,1.28669739
2171,1.32856369,0.97247395,13931,0.59213638,0.99446953,6209,0.73642731,-0.02199557,0.96035004,1.32856369
2172,1.35316849,0.97154840,14189,0.58860779,0.99431220,6172,0.76456070,-0.02276380,0.97088814,1.35316849
2173,1.37109756,0.97080837,14377,0.58708191,0.99436314,6156,0.78401566,-0.02355477,0.97908974,1.37109756
2174,1.67264938,0.97002024,17539,0.92697144,0.98843843,9720,0.74567795,-0.01841819,1.29981041,1.67264938
2175,1.73540115,0.96922798,18197,0.96511841,0.98810319,10120,0.77028275,-0.01887521,1.35025978,1.73540115
2176,1.79309845,0.96796737,18802,0.99134445,0.98770328,10395,0.80175400,-0.01973591,1.39222145,1.79309845
2177,1.86109543,0.96654368,19515,1.02977753,0.98664067,10798,0.83131790,-0.02009698,1.44543648,1.86109543
2178,2.00977325,0.96414268,21074,1.07221603,0.98139148,11243,0.93755722,-0.01724879,1.54099464,2.00977325
2179,2.08587646,0.96222715,21872,1.12409592,0.98065963,11787,0.96178055,-0.01843248,1.60498619,2.08587646
2180,2.12535858,0.96028337,22286,1.15909576,0.97966484,12154,0.96626282,-0.01938147,1.64222717,2.12535858
2181,2.18544006,0.95804758,22916,1.21726990,0.97817078,12764,0.96817017,-0.02012320,1.70135498,2.18544006
2182,2.45923996,0.96653563,25787,0.87394714,0.99188961,9164,1.58529282,-0.02535397,1.66659355,2.45923996
2183,2.52494812,0.96508565,26476,0.95357895,0.99080394,9999,1.57136917,-0.02571829,1.73926353,2.52494812
2184,2.60658264,0.96370222,27332,1.01366043,0.99003736,10629,1.59292221,-0.02633514,1.81012154,2.60658264
2185,2.64167786,0.96306739,27700,1.04112625,0.98932188,10917,1.60055161,-0.02625449,1.84140205,2.64167786
2186,2.36434937,0.96455359,24792,1.28831863,0.98786228,13509,1.07603073,-0.02330869,1.82633400,2.36434937
2187,2.42614746,0.96390621,25440,1.36232376,0.98742452,14285,1.06382370,-0.02351831,1.89423561,2.42614746
2188,2.50577927,0.96277973,26275,1.40838623,0.98691494,14768,1.09739304,-0.02413520,1.95708275,2.50577927
2189,2.58483887,0.96166137,27104,1.48944855,0.98569322,15618,1.09539032,-0.02403185,2.03714371,2.58483887
2190,1.98764801,0.96254096,20842,1.77965164,0.97296731,18661,0.20799637,-0.01042635,1.88364983,1.98764801
2191,2.07881927,0.96193466,21798,1.85832977,0.97219736,19486,0.22048950,-0.01026270,1.96857452,2.07881927
2192,2.15435028,0.96126793,22590,1.94387436,0.97145190,20383,0.21047592,-0.01018396,2.04911232,2.15435028
2193,2.24533081,0.96051408,23544,2.02779770,0.97047761,21263,0.21753311,-0.00996353,2.13656425,2.24533081
2194,2.22816467,0.97177771,23364,2.92263031,0.95572507,30646,-0.69446564,0.01605264,2.57539749,2.92263031
2195,2.35414505,0.97013890,24685,3.04117203,0.95392272,31889,-0.68702698,0.01621618,2.69765854,3.04117203
2196,2.51016617,0.96827078,26321,3.21025848,0.95229446,33662,-0.70009232,0.01597632,2.86021233,3.21025848
2197,2.62556076,0.96609143,27531,3.27682495,0.95020643,34360,-0.65126419,0.01588500,2.95119286,3.27682495
2198,3.22237015,0.93995150,33789,3.09133530,0.94514677,32415,0.13103485,-0.00519527,3.15685272,3.22237015
2199,3.25107574,0.93939630,34090,3.10087204,0.94404246,32515,0.15020370,-0.00464617,3.17597389,3.25107574
2200,3.33423615,0.93867649,34962,3.14989090,0.94286696,33029,0.18434525,-0.00419047,3.24206352,3.33423615
2201,3.39717865,0.93794094,35622,3.16915512,0.94177217,33231,0.22802353,-0.00383124,3.28316689,3.39717865
2202,3.10325623,0.94271343,32540,2.33163834,0.95684687,24449,0.77161789,-0.01413344,2.71744728,3.10325623
2203,3.13720703,0.94294950,32896,2.27441788,0.95752493,23849,0.86278915,-0.01457543,2.70581245,3.13720703
2204,3.19261551,0.94178036,33477,2.28204727,0.95710044,23929,0.91056824,-0.01532008,2.73733139,3.19261551
2205,3.26766968,0.94103177,34264,2.24552155,0.95755067,23546,1.02214813,-0.01651891,2.75659561,3.26766968
2206,2.63185501,0.94860402,27597,1.77326202,0.96291783,18594,0.85859299,-0.01431381,2.20255852,2.63185501
2207,2.67324448,0.94823870,28031,1.75333023,0.96323972,18385,0.91991425,-0.01500102,2.21328735,2.67324448
2208,2.70643234,0.94800904,28379,1.73807144,0.96393083,18225,0.96836090,-0.01592179,2.22225189,2.70643234
2209,2.74238586,0.94754571,28756,1.72929764,0.96418634,18133,1.01308823,-0.01664063,2.23584175,2.74238586
2210,2.58970261,0.96156888,27155,1.94168091,0.97204886,20360,0.64802170,-0.01047998,2.26569176,2.58970261
2211,2.58836746,0.96147931,27141,1.91307068,0.97317354,20060,0.67529678,-0.01169424,2.25071907,2.58836746
2212,2.58903503,0.96209187,27148,1.86452866,0.97444392,19551,0.72450638,-0.01235205,2.22678185,2.58903503
2213,2.62231827,0.96253120,27497,1.88474655,0.97498118,19763,0.73757172,-0.01244998,2.25353241,2.62231827
2214,2.78100967,0.95747766,29161,2.04687119,0.95560085,21463,0.73413849,0.00187681,2.41394043,2.78100967
2215,2.69079208,0.95836367,28215,2.04982758,0.95710004,21494,0.64096451,0.00126363,2.37030983,2.69079208
2216,2.64558792,0.95923328,27741,2.03990936,0.95941448,21390,0.60567856,-0.00018119,2.34274864,2.64558792
2217,2.68535614,0.95943281,28158,2.06222534,0.96120470,21624,0.62313080,-0.00177189,2.37379074,2.68535614
2218,2.77357101,0.96135552,29083,1.19094849,0.98020791,12488,1.58262253,-0.01885239,1.98225975,2.77357101
2219,2.77729034,0.96190183,29122,1.13325119,0.98332316,11883,1.64403915,-0.02142133,1.95527077,2.77729034
2220,2.77023315,0.96216161,29048,1.11255646,0.98591916,11666,1.65767670,-0.02375754,1.94139481,2.77023315
2221,2.81562805,0.96218199,29524,1.08919144,0.98824109,11421,1.72643661,-0.02605910,1.95240974,2.81562805
2222,3.22875977,0.93641163,33856,0.73328018,0.99569754,7689,2.49547958,-0.05928591,1.98101997,3.22875977
2223,3.17478180,0.93590255,33290,0.73518753,0.99570540,7709,2.43959427,-0.05980285,1.95498466,3.17478180
2224,3.18927765,0.93525127,33442,0.75035095,0.99547880,7868,2.43892670,-0.06022753,1.96981430,3.18927765
2225,3.24926376,0.93417474,34071,0.80423355,0.99493524,8433,2.44503021,-0.06076050,2.02674866,3.24926376
2226,3.45525742,0.92426936,36231,0.92134476,0.99168750,9661,2.53391266,-0.06741814,2.18830109,3.45525742
2227,3.46717834,0.92364432,36356,0.93269348,0.99113175,9780,2.53448486,-0.06748743,2.19993591,3.46717834
2228,3.50246429,0.92274084,36726,0.98896027,0.99012518,10370,2.51350403,-0.06738433,2.24571228,3.50246429
2229,3.49988937,0.92264980,36699,1.02043152,0.98946379,10700,2.47945786,-0.06681399,2.26016045,3.49988937
2230,3.57398987,0.92117105,37476,1.79328918,0.97365723,18804,1.78070068,-0.05248619,2.68363953,3.57398987
2231,3.52373123,0.92090668,36949,1.82342529,0.97306578,19120,1.70030594,-0.05215909,2.67357826,3.52373123
2232,3.51428986,0.92018332,36850,1.85604095,0.97275021,19462,1.65824890,-0.05256689,2.68516541,3.51428986
2233,3.55644226,0.91916306,37292,1.92375183,0.97172067,20172,1.63269043,-0.05255761,2.74009705,3.55644226
2234,2.02188492,0.96875715,21201,2.43415833,0.96848299,25524,-0.41227341,0.00027416,2.22802162,2.43415833
2235,2.03742981,0.96859264,21364,2.47411728,0.96764619,25943,-0.43668747,0.00094645,2.25577354,2.47411728
2236,2.06565857,0.96851018,21660,2.51359940,0.96744823,26357,-0.44794083,0.00106194,2.28962898,2.51359940
2237,2.05841064,0.96868219,21584,2.53505707,0.96694341,26582,-0.47664642,0.00173878,2.29673386,2.53505707
2238,1.45816803,0.97839342,15290,2.37398148,0.96867368,24893,-0.91581345,0.00971974,1.91607475,2.37398148
2239,1.42002106,0.97876419,14890,2.40869522,0.96851011,25257,-0.98867416,0.01025408,1.91435814,2.40869522
2240,1.34115219,0.97992852,14063,2.38323212,0.96903161,24990,-1.04207993,0.01089691,1.86219215,2.38323212
2241,1.26037598,0.98106509,13216,2.34575272,0.96938737,24597,-1.08537674,0.01167771,1.80306435,2.34575272
2242,0.93574524,0.99105206,9812,1.20296478,0.98260462,12614,-0.26721954,0.00844744,1.06935501,1.20296478
2243,0.94404221,0.99121953,9899,1.24311447,0.98203083,13035,-0.29907227,0.00918870,1.09357834,1.24311447
2244,0.96521378,0.99134739,10121,1.29899979,0.98107137,13621,-0.33378601,0.01027602,1.13210678,1.29899979
2245,1.00860596,0.99143962,10576,1.39007568,0.98018463,14576,-0.38146973,0.01125499,1.19934082,1.39007568
2246,0.77486038,0.99673146,8125,1.65719986,0.98241289,17377,-0.88233948,0.01431858,1.21603012,1.65719986
2247,0.76713562,0.99722312,8044,1.68533325,0.98246248,17672,-0.91819763,0.01476065,1.22623444,1.68533325
2248,0.76227188,0.99741719,7993,1.68352127,0.98261181,17653,-0.92124939,0.01480537,1.22289658,1.68352127
2249,0.78182220,0.99722215,8198,1.70955658,0.98249166,17926,-0.92773438,0.01473050,1.24568939,1.70955658
2250,0.86784363,0.99566872,9100,1.75580978,0.98998104,18411,-0.88796616,0.00568768,1.31182671,1.75580978
2251,0.91934204,0.99448976,9640,1.86195374,0.98874276,19524,-0.94261169,0.00574699,1.39064789,1.86195374
2252,0.99782944,0.99324414,10463,1.95827484,0.98780030,20534,-0.96044540,0.00544385,1.47805214,1.95827484
2253,1.05504990,0.99278603,11063,2.03056335,0.98806205,21292,-0.97551346,0.00472398,1.54280663,2.03056335
2254,1.04885101,0.99304952,10998,1.82371140,0.98923961,19123,-0.77486038,0.00380991,1.43628120,1.82371140
2255,1.11942291,0.99288695,11738,1.94959641,0.98947004,20443,-0.83017349,0.00341691,1.53450966,1.94959641
2256,1.18732452,0.99315544,12450,2.07071304,0.99016890,21713,-0.88338852,0.00298654,1.62901878,2.07071304
2257,1.24168396,0.99346981,13020,2.13985443,0.99097287,22438,-0.89817047,0.00249694,1.69076920,2.13985443
2258,1.81312561,0.98781514,19012,1.38683319,0.99378008,14542,0.42629242,-0.00596494,1.59997940,1.81312561
2259,1.96523666,0.98714847,20607,1.48534775,0.99376336,15575,0.47988892,-0.00661489,1.72529221,1.96523666
2260,2.13527679,0.98625085,22390,1.58729553,0.99379843,16644,0.54798126,-0.00754757,1.86128616,2.13527679
2261,2.34804153,0.98587011,24621,1.72452927,0.99357032,18083,0.62351227,-0.00770021,2.03628540,2.34804153
2262,2.70166397,0.97777422,28329,1.36318207,0.99128421,14294,1.33848190,-0.01350998,2.03242302,2.70166397
2263,2.83069611,0.97777512,29682,1.41763687,0.99207866,14865,1.41305923,-0.01430354,2.12416649,2.83069611
2264,2.99472809,0.97824563,31402,1.51491165,0.99281874,15885,1.47981644,-0.01457312,2.25481987,2.99472809
2265,3.13844681,0.97844468,32909,1.62868500,0.99305145,17078,1.50976181,-0.01460676,2.38356590,3.13844681
2266,2.45075226,0.98489536,25698,2.04706192,0.98817918,21465,0.40369034,-0.00328382,2.24890709,2.45075226
2267,2.63795853,0.98522078,27661,2.25868225,0.98838820,23684,0.37927628,-0.00316742,2.44832039,2.63795853
2268,2.89392471,0.98503512,30345,2.54640579,0.98808801,26701,0.34751892,-0.00305290,2.72016525,2.89392471
2269,3.10106277,0.98562745,32517,2.82201767,0.98819685,29591,0.27904510,-0.00256940,2.96154022,3.10106277
2270,3.02448273,0.98396499,31714,3.28006744,0.98845594,34394,-0.25558472,-0.00449095,3.15227509,3.28006744
2271,3.21331024,0.98351246,33694,3.51800919,0.98874205,36889,-0.30469894,-0.00522959,3.36565971,3.51800919
2272,3.32126617,0.98375187,34826,3.63836288,0.98912096,38151,-0.31709671,-0.00536908,3.47981453,3.63836288
2273,3.44800949,0.98389352,36155,3.72190475,0.98953532,39027,-0.27389526,-0.00564181,3.58495712,3.72190475
2274,2.05183029,0.98800701,21515,3.00340652,0.98280059,31493,-0.95157623,0.00520641,2.52761841,3.00340652
2275,2.16188431,0.98751084,22669,3.08332443,0.98266203,32331,-0.92144012,0.00484882,2.62260437,3.08332443
2276,2.19898224,0.98729956,23058,3.14292908,0.98265483,32956,-0.94394684,0.00464473,2.67095566,3.14292908
2277,2.27375031,0.98719830,23842,3.23505402,0.98263780,33922,-0.96130371,0.00456051,2.75440216,3.23505402
2278,1.88531876,0.99109931,19769,2.84786224,0.97930453,29862,-0.96254349,0.01179478,2.36659050,2.84786224
2279,1.96714401,0.99088953,20627,2.89268494,0.97930538,30332,-0.92554092,0.01158415,2.42991447,2.89268494
2280,2.03018188,0.99087246,21288,2.93149948,0.97947479,30739,-0.90131760,0.01139767,2.48084068,2.93149948
2281,1.98144913,0.99017537,20777,2.78482437,0.98156828,29201,-0.80337524,0.00860710,2.38313675,2.78482437
2282,2.03351974,0.99003007,21323,2.81505585,0.98233737,29518,-0.78153610,0.00769270,2.42428780,2.81505585
2283,2.06375122,0.98988366,21640,2.80313492,0.98315789,29393,-0.73938370,0.00672577,2.43344307,2.80313492
2284,2.58045197,0.98691404,27058,2.78987885,0.98433807,29254,-0.20942688,0.00257596,2.68516541,2.78987885
2285,2.63061523,0.98665192,27584,2.77662277,0.98456265,29115,-0.14600754,0.00208927,2.70361900,2.77662277
2286,2.70318985,0.98641261,28345,2.76489258,0.98480628,28992,-0.06170273,0.00160633,2.73404121,2.76489258
2287,3.25002670,0.98382171,34079,2.95305252,0.98571102,30965,0.29697418,-0.00188931,3.10153961,3.25002670
2288,3.28683853,0.98391343,34465,3.00655365,0.98606779,31526,0.28028488,-0.00215436,3.14669609,3.28683853
2289,3.30667496,0.98405853,34673,2.99167633,0.98635339,31370,0.31499863,-0.00229486,3.14917564,3.30667496
2290,2.62308121,0.99078209,27505,2.73542404,0.98593294,28683,-0.11234283,0.00484915,2.67925262,2.73542404
2291,2.60200500,0.99094239,27284,2.71806717,0.98649255,28501,-0.11606216,0.00444983,2.66003609,2.71806717
2292,2.63996124,0.99118674,27682,2.72960663,0.98701763,28622,-0.08964539,0.00416911,2.68478394,2.72960663
2293,2.67057419,0.98843278,28003,2.69212723,0.99224669,28229,-0.02155304,-0.00381391,2.68135071,2.69212723
2294,2.62193680,0.98918881,27493,2.66151428,0.99256878,27908,-0.03957748,-0.00337997,2.64172554,2.66151428
2295,2.59809494,0.98976861,27243,2.63776779,0.99298594,27659,-0.03967285,-0.00321732,2.61793137,2.63776779
2296,2.59189606,0.99073099,27178,1.96704865,0.99453730,20626,0.62484741,-0.00380631,2.27947235,2.59189606
2297,2.58502960,0.99103771,27106,1.95035934,0.99457624,20451,0.63467026,-0.00353854,2.26769447,2.58502960
2298,2.54383087,0.99109736,26674,1.96285248,0.99438552,20582,0.58097839,-0.00328816,2.25334167,2.54383087
2299,1.79681778,0.99245890,18841,1.55954361,0.99474589,16353,0.23727417,-0.00228700,1.67818069,1.79681778
2300,1.77984238,0.99268205,18663,1.57594681,0.99483816,16525,0.20389557,-0.00215611,1.67789459,1.77984238
2301,1.67226791,0.99297136,17535,1.48344040,0.99504433,15555,0.18882751,-0.00207297,1.57785416,1.67226791
2302,1.76277161,0.99208857,18484,1.50661469,0.99668612,15798,0.25615692,-0.00459754,1.63469315,1.76277161
2303,1.70564651,0.99227108,17885,1.49497986,0.99668066,15676,0.21066666,-0.00440958,1.60031319,1.70564651
2304,1.65195465,0.99216061,17322,1.46503448,0.99637135,15362,0.18692017,-0.00421073,1.55849457,1.65195465
2305,2.30779648,0.99211206,24199,2.68011093,0.99067531,28103,-0.37231445,0.00143675,2.49395370,2.68011093
2306,2.25524902,0.99250016,23648,2.69250870,0.98983228,28233,-0.43725967,0.00266788,2.47387886,2.69250870
2307,2.21347809,0.99293352,23210,2.70748138,0.98892858,28390,-0.49400330,0.00400493,2.46047974,2.70748138
2308,1.11713409,0.99658719,11714,1.27983093,0.99616997,13420,-0.16269684,0.00041722,1.19848251,1.27983093
2309,1.05895996,0.99676614,11104,1.21984482,0.99603922,12791,-0.16088486,0.00072692,1.13940239,1.21984482
2310,1.00955963,0.99676995,10586,1.14831924,0.99613329,12041,-0.13875961,0.00063666,1.07893944,1.14831924
2311,1.25398636,0.99545329,13149,1.71337128,0.99414296,17966,-0.45938492,0.00131033,1.48367882,1.71337128
2312,1.20000839,0.99538990,12583,1.63774490,0.99373989,17173,-0.43773651,0.00165001,1.41887665,1.63774490
2313,1.17635727,0.99518340,12335,1.53465271,0.99337059,16092,-0.35829544,0.00181281,1.35550499,1.53465271
2314,1.01652145,0.99320931,10659,1.68647766,0.98832725,17684,-0.66995621,0.00488206,1.35149956,1.68647766
2315,0.99515915,0.99310412,10435,1.60446167,0.98830008,16824,-0.60930252,0.00480404,1.29981041,1.60446167
2316,0.97846985,0.99320492,10260,1.46255493,0.98852210,15336,-0.48408508,0.00468283,1.22051239,1.46255493
2317,1.10559464,0.99707314,11593,1.31931305,0.99722485,13834,-0.21371841,-0.00015171,1.21245384,1.31931305
2318,1.09663010,0.99708029,11499,1.23062134,0.99739929,12904,-0.13399124,-0.00031900,1.16362572,1.23062134
2319,1.08623505,0.99719445,11390,1.17130280,0.99768671,12282,-0.08506775,-0.00049226,1.12876892,1.17130280
2320,1.00822449,0.99760417,10572,1.60026550,0.99599683,16780,-0.59204102,0.00160734,1.30424500,1.60026550
2321,0.97713470,0.99773935,10246,1.55820847,0.99598057,16339,-0.58107376,0.00175877,1.26767159,1.55820847
2322,0.94013214,0.99781736,9858,1.52578354,0.99605455,15999,-0.58565140,0.00176280,1.23295784,1.52578354
2323,0.63905716,0.99908960,6701,1.51252747,0.99646336,15860,-0.87347031,0.00262623,1.07579231,1.51252747
2324,0.64296722,0.99900035,6742,1.49335861,0.99636161,15659,-0.85039139,0.00263874,1.06816292,1.49335861
2325,0.63695908,0.99900898,6679,1.48315430,0.99636980,15552,-0.84619522,0.00263917,1.06005669,1.48315430
2326,0.53071976,0.99925819,5565,1.78651810,0.99432598,18733,-1.25579834,0.00493221,1.15861893,1.78651810
2327,0.48065186,0.99938353,5040,1.83515549,0.99389926,19243,-1.35450363,0.00548427,1.15790367,1.83515549
2328,0.44841766,0.99945974,4702,1.87654495,0.99381761,19677,-1.42812729,0.00564213,1.16248131,1.87654495
2329,0.31890869,0.99966501,3344,1.38330460,0.99685259,14505,-1.06439590,0.00281242,0.85110664,1.38330460
2330,0.30555725,0.99972156,3204,1.43661499,0.99662045,15064,-1.13105774,0.00310112,0.87108612,1.43661499
2331,0.29964447,0.99974197,3142,1.48744583,0.99612761,15597,-1.18780136,0.00361436,0.89354515,1.48744583
2332,0.24499893,0.99978952,2569,0.98838806,0.99650827,10364,-0.74338913,0.00328125,0.61669350,0.98838806
2333,0.20904541,0.99978121,2192,1.03855133,0.99609263,10890,-0.82950592,0.00368858,0.62379837,1.03855133
2334,0.18844604,0.99975707,1976,1.09443665,0.99561221,11476,-0.90599060,0.00414486,0.64144135,1.09443665
2335,0.92697144,0.99603423,9720,2.27527618,0.99274179,23858,-1.34830475,0.00329244,1.60112381,2.27527618
2336,0.92306137,0.99635270,9679,2.24313736,0.99351801,23521,-1.32007599,0.00283470,1.58309937,2.24313736
2337,0.94623566,0.99655571,9922,2.21643448,0.99382311,23241,-1.27019882,0.00273260,1.58133507,2.21643448
2338,0.69217682,0.99377892,7258,0.72050095,0.99664211,7555,-0.02832413,-0.00286319,0.70633888,0.72050095
2339,0.62665939,0.99439670,6571,0.68473816,0.99709238,7180,-0.05807877,-0.00269568,0.65569878,0.68473816
2340,0.59862137,0.99454791,6277,0.65660477,0.99751487,6885,-0.05798340,-0.00296696,0.62761307,0.65660477
2341,0.60062408,0.99867421,6298,0.75149536,0.99865203,7880,-0.15087128,0.00002217,0.67605972,0.75149536
2342,0.57668686,0.99868229,6047,0.67424774,0.99893861,7070,-0.09756088,-0.00025632,0.62546730,0.67424774
2343,0.54855347,0.99872281,5752,0.60634613,0.99909968,6358,-0.05779266,-0.00037687,0.57744980,0.60634613
2344,0.83312988,0.99422222,8736,1.16806030,0.99814477,12248,-0.33493042,-0.00392255,1.00059509,1.16806030
2345,0.79097748,0.99460507,8294,1.04579926,0.99831148,10966,-0.25482178,-0.00370641,0.91838837,1.04579926
2346,0.74357986,0.99499417,7797,0.91733932,0.99850309,9619,-0.17375946,-0.00350892,0.83045959,0.91733932
2347,0.68292618,0.99593115,7161,0.74520111,0.99868178,7814,-0.06227493,-0.00275063,0.71406364,0.74520111
2348,0.61941147,0.99679396,6495,0.65135956,0.99883567,6830,-0.03194809,-0.00204170,0.63538551,0.65135956
2349,0.55713654,0.99760945,5842,0.56591034,0.99900356,5934,-0.00877380,-0.00139411,0.56152344,0.56591034
2350,0.65259933,0.99599953,6843,0.63657761,0.99767888,6675,0.01602173,-0.00167935,0.64458847,0.65259933
2351,0.60415268,0.99655457,6335,0.56734085,0.99789194,5949,0.03681183,-0.00133738,0.58574677,0.60415268
2352,0.59261322,0.99665409,6214,0.49915314,0.99843203,5234,0.09346008,-0.00177794,0.54588318,0.59261322
2353,0.50249100,0.99659198,5269,0.43630600,0.99846307,4575,0.06618500,-0.00187109,0.46939850,0.50249100
2354,0.43153763,0.99669139,4525,0.32615662,0.99866500,3420,0.10538101,-0.00197360,0.37884712,0.43153763
2355,0.40998459,0.99668733,4299,0.26664734,0.99866490,2796,0.14333725,-0.00197758,0.33831596,0.40998459
2356,0.28324127,0.99873414,2970,0.39777756,0.99767302,4171,-0.11453629,0.00106111,0.34050941,0.39777756
2357,0.29735565,0.99865340,3118,0.32987595,0.99790105,3459,-0.03252029,0.00075235,0.31361580,0.32987595
2358,0.28886795,0.99858654,3029,0.25978088,0.99839248,2724,0.02908707,0.00019406,0.27432442,0.28886795
2359,0.20275116,0.99914043,2126,0.26378632,0.99910870,2766,-0.06103516,0.00003174,0.23326874,0.26378632
2360,0.19168854,0.99914494,2010,0.22115707,0.99929717,2319,-0.02946854,-0.00015224,0.20642281,0.22115707
2361,0.16212463,0.99931040,1700,0.18615723,0.99937997,1952,-0.02403259,-0.00006956,0.17414093,0.18615723
2362,0.19359589,0.99959058,2030,0.09765625,0.99988371,1024,0.09593964,-0.00029313,0.14562607,0.19359589
2363,0.19721985,0.99961788,2068,0.08649826,0.99989653,907,0.11072159,-0.00027865,0.14185905,0.19721985
2364,0.17662048,0.99969732,1852,0.07772446,0.99990846,815,0.09889603,-0.00021114,0.12717247,0.17662048
2365,0.22068024,0.99913083,2314,0.15783310,0.99939060,1655,0.06284714,-0.00025977,0.18925667,0.22068024
2366,0.24204254,0.99898693,2538,0.15954971,0.99921178,1673,0.08249283,-0.00022484,0.20079613,0.24204254
2367,0.24404526,0.99897249,2559,0.15459061,0.99918264,1621,0.08945465,-0.00021015,0.19931793,0.24404526
2368,0.42762756,0.99794937,4484,0.13570786,0.99977597,1423,0.29191971,-0.00182660,0.28166771,0.42762756
2369,0.38871765,0.99825403,4076,0.12636185,0.99978766,1325,0.26235580,-0.00153363,0.25753975,0.38871765
2370,0.37269592,0.99858477,3908,0.11301041,0.99986062,1185,0.25968552,-0.00127585,0.24285316,0.37269592
2371,0.31528473,0.99791123,3306,0.10957718,0.99994822,1149,0.20570755,-0.00203699,0.21243095,0.31528473
2372,0.31175613,0.99802445,3269,0.10929108,0.99995190,1146,0.20246506,-0.00192744,0.21052361,0.31175613
2373,0.30298233,0.99824059,3177,0.10938644,0.99994836,1147,0.19359589,-0.00170776,0.20618439,0.30298233
2374,0.06074905,0.99976477,637,0.05855560,0.99990366,614,0.00219345,-0.00013889,0.05965233,0.06074905
2375,0.05712509,0.99976485,599,0.05655289,0.99990207,593,0.00057220,-0.00013721,0.05683899,0.05712509
2376,0.05674362,0.99977778,595,0.04549026,0.99989550,477,0.01125336,-0.00011772,0.05111694,0.05674362
2377,0.08363724,0.99956620,877,0.08287430,0.99965476,869,0.00076294,-0.00008856,0.08325577,0.08363724
2378,0.07743835,0.99964526,812,0.08392334,0.99967996,880,-0.00648499,-0.00003470,0.08068085,0.08392334
2379,0.07724762,0.99963294,810,0.07820129,0.99967795,820,-0.00095367,-0.00004500,0.07772446,0.07820129
2380,0.20360947,0.99884428,2135,0.03347397,0.99986064,351,0.17013550,-0.00101636,0.11854172,0.20360947
2381,0.16927719,0.99889234,1775,0.02756119,0.99985986,289,0.14171600,-0.00096752,0.09841919,0.16927719
2382,0.16880035,0.99891083,1770,0.03194809,0.99983836,335,0.13685226,-0.00092754,0.10037422,0.16880035
2383,0.14553070,0.99938655,1526,0.02717972,0.99992724,285,0.11835098,-0.00054070,0.08635521,0.14553070
2384,0.14028549,0.99939315,1471,0.02546310,0.99991965,267,0.11482239,-0.00052650,0.08287430,0.14028549
2385,0.12216568,0.99944758,1281,0.02632141,0.99989778,276,0.09584427,-0.00045020,0.07424355,0.12216568
2386,0.10089874,0.99958125,1058,0.00762939,0.99999578,80,0.09326935,-0.00041453,0.05426407,0.10089874
2387,0.09679794,0.99959549,1015,0.00839233,0.99999705,88,0.08840561,-0.00040156,0.05259514,0.09679794
2388,0.09880066,0.99959217,1036,0.00753403,0.99999404,79,0.09126663,-0.00040187,0.05316734,0.09880066
2389,0.09336472,0.99961026,979,0.01020432,0.99999066,107,0.08316040,-0.00038040,0.05178452,0.09336472
2390,0.06246567,0.99976318,655,0.00190735,0.99999852,20,0.06055832,-0.00023534,0.03218651,0.06246567
2391,0.05826950,0.99976853,611,0.00152588,0.99999777,16,0.05674362,-0.00022925,0.02989769,0.05826950
2392,0.06170273,0.99974893,647,0.00228882,0.99999743,24,0.05941391,-0.00024849,0.03199577,0.06170273
2393,0.06437302,0.99972889,675,0.00305176,0.99999699,32,0.06132126,-0.00026809,0.03371239,0.06437302
2394,0.06484985,0.99959253,680,0.00972748,0.99999206,102,0.05512238,-0.00039953,0.03728867,0.06484985
2395,0.06380081,0.99959346,669,0.00734329,0.99998877,77,0.05645752,-0.00039531,0.03557205,0.06380081
2396,0.06809235,0.99953940,714,0.00743866,0.99997700,78,0.06065369,-0.00043759,0.03776550,0.06809235
2397,0.06656647,0.99952851,698,0.00572205,0.99997557,60,0.06084442,-0.00044706,0.03614426,0.06656647
2398,0.08993149,0.99921399,943,0.02660751,0.99993103,279,0.06332397,-0.00071704,0.05826950,0.08993149
2399,0.08993149,0.99909741,943,0.02460480,0.99993103,258,0.06532669,-0.00083362,0.05726814,0.08993149
2400,0.09059906,0.99901459,950,0.02603531,0.99990877,273,0.06456375,-0.00089418,0.05831718,0.09059906
2401,0.09174347,0.99890716,962,0.02517700,0.99990117,264,0.06656647,-0.00099401,0.05846024,0.09174347
2402,0.09002686,0.99899754,944,0.05617142,0.99991658,589,0.03385544,-0.00091905,0.07309914,0.09002686
2403,0.09803772,0.99893819,1028,0.06504059,0.99991482,682,0.03299713,-0.00097664,0.08153915,0.09803772
2404,0.09746552,0.99895021,1022,0.07152557,0.99989639,750,0.02593994,-0.00094618,0.08449554,0.09746552
2405,0.09965897,0.99885249,1045,0.07009506,0.99989687,735,0.02956390,-0.00104438,0.08487701,0.09965897
2406,0.03976822,0.99965694,417,0.06523132,0.99987689,684,-0.02546310,-0.00021995,0.05249977,0.06523132
2407,0.04272461,0.99961095,448,0.07991791,0.99983818,838,-0.03719330,-0.00022723,0.06132126,0.07991791
2408,0.04091263,0.99964542,429,0.09994507,0.99982799,1048,-0.05903244,-0.00018258,0.07042885,0.09994507
2409,0.04396439,0.99959566,461,0.11348724,0.99979174,1190,-0.06952286,-0.00019608,0.07872581,0.11348724
2410,0.02698898,0.99974477,283,0.06580353,0.99990551,690,-0.03881454,-0.00016073,0.04639626,0.06580353
2411,0.03032684,0.99969414,318,0.08039474,0.99986738,843,-0.05006790,-0.00017324,0.05536079,0.08039474
2412,0.02861023,0.99970844,300,0.08974075,0.99985867,941,-0.06113052,-0.00015023,0.05917549,0.08974075
2413,0.02861023,0.99969557,300,0.09336472,0.99984572,979,-0.06475449,-0.00015015,0.06098747,0.09336472
2414,0.10290146,0.99981622,1079,0.01869202,0.99982299,196,0.08420944,-0.00000677,0.06079674,0.10290146
2415,0.10442734,0.99973574,1095,0.01516342,0.99985523,159,0.08926392,-0.00011949,0.05979538,0.10442734
2416,0.10404587,0.99978117,1091,0.01554489,0.99986662,163,0.08850098,-0.00008545,0.05979538,0.10404587
2417,0.10480881,0.99967023,1099,0.01745224,0.99986527,183,0.08735657,-0.00019504,0.06113052,0.10480881
2418,0.07743835,0.99974701,812,0.05512238,0.99976956,578,0.02231598,-0.00002255,0.06628036,0.07743835
2419,0.07314682,0.99974248,767,0.05493164,0.99979633,576,0.01821518,-0.00005386,0.06403923,0.07314682
2420,0.07114410,0.99977896,746,0.05865097,0.99978608,615,0.01249313,-0.00000712,0.06489754,0.07114410
2421,0.07896423,0.99972730,828,0.06227493,0.99977642,653,0.01668930,-0.00004912,0.07061958,0.07896423
2422,0.03767014,0.99979052,395,0.06999969,0.99971433,734,-0.03232956,0.00007619,0.05383492,0.06999969
2423,0.03767014,0.99983241,395,0.07181168,0.99972096,753,-0.03414154,0.00011145,0.05474091,0.07181168
2424,0.03910065,0.99980310,410,0.07238388,0.99970738,759,-0.03328323,0.00009572,0.05574226,0.07238388
2425,0.03576279,0.99981782,375,0.07238388,0.99971433,759,-0.03662109,0.00010349,0.05407333,0.07238388
2426,0.01678467,0.99996466,176,0.01077652,0.99998990,113,0.00600815,-0.00002525,0.01378059,0.01678467
2427,0.01478195,0.99995869,155,0.00944138,0.99998827,99,0.00534058,-0.00002958,0.01211166,0.01478195
2428,0.01716614,0.99995760,180,0.00972748,0.99998910,102,0.00743866,-0.00003150,0.01344681,0.01716614
2429,0.01640320,0.99995768,172,0.01049042,0.99999174,110,0.00591278,-0.00003406,0.01344681,0.01640320
2430,0.00944138,0.99999324,99,0.00848770,0.99996837,89,0.00095367,0.00002487,0.00896454,0.00944138
2431,0.01106262,0.99999308,116,0.01716614,0.99987813,180,-0.00610352,0.00011496,0.01411438,0.01716614
2432,0.01115799,0.99999253,117,0.02794266,0.99977822,293,-0.01678467,0.00021431,0.01955032,0.02794266
2433,0.01354218,0.99999352,142,0.04262924,0.99972561,447,-0.02908707,0.00026791,0.02808571,0.04262924
2434,0.03299713,0.99997169,346,0.04415512,0.99995019,463,-0.01115799,0.00002151,0.03857613,0.04415512
2435,0.03595352,0.99996677,377,0.05607605,0.99991192,588,-0.02012253,0.00005485,0.04601479,0.05607605
2436,0.03490448,0.99996526,366,0.06580353,0.99988836,690,-0.03089905,0.00007691,0.05035400,0.06580353
2437,0.03156662,0.99996823,331,0.07753372,0.99984926,813,-0.04596710,0.00011897,0.05455017,0.07753372
2438,0.02965927,0.99990848,311,0.05102158,0.99989608,535,-0.02136230,0.00001240,0.04034042,0.05102158
2439,0.03147125,0.99987890,330,0.05140305,0.99986563,539,-0.01993179,0.00001327,0.04143715,0.05140305
2440,0.03118515,0.99987877,327,0.05378723,0.99986833,564,-0.02260208,0.00001045,0.04248619,0.05378723
2441,0.03023148,0.99990626,317,0.05130768,0.99989281,538,-0.02107620,0.00001345,0.04076958,0.05130768
2442,0.01220703,0.99996193,128,0.03223419,0.99997153,338,-0.02002716,-0.00000959,0.02222061,0.03223419
2443,0.01134872,0.99996025,119,0.02851486,0.99997291,299,-0.01716614,-0.00001266,0.01993179,0.02851486
2444,0.01249313,0.99993683,131,0.02689362,0.99996882,282,-0.01440048,-0.00003199,0.01969337,0.02689362
2445,0.01201630,0.99993422,126,0.02431870,0.99997576,255,-0.01230240,-0.00004154,0.01816750,0.02431870
2446,0.01344681,0.99997638,141,0.02260208,0.99996158,237,-0.00915527,0.00001480,0.01802444,0.02260208
2447,0.01430511,0.99997517,150,0.02384186,0.99996476,250,-0.00953674,0.00001041,0.01907349,0.02384186
2448,0.02727509,0.99994990,286,0.03547668,0.99993481,372,-0.00820160,0.00001509,0.03137589,0.03547668
2449,0.04701614,0.99987607,493,0.04072189,0.99990370,427,0.00629425,-0.00002763,0.04386902,0.04701614
2450,0.16040802,0.99973449,1682,0.04358292,0.99991995,457,0.11682510,-0.00018546,0.10199547,0.16040802
2451,0.17366409,0.99969373,1821,0.05388260,0.99989196,565,0.11978149,-0.00019823,0.11377335,0.17366409
2452,0.18138885,0.99972076,1902,0.07390976,0.99982659,775,0.10747910,-0.00010583,0.12764931,0.18138885
2453,0.20484924,0.99970377,2148,0.08459091,0.99978424,887,0.12025833,-0.00008047,0.14472008,0.20484924
2454,0.33826828,0.99930483,3547,0.18577576,0.99950994,1948,0.15249252,-0.00020511,0.26202202,0.33826828
2455,0.35781860,0.99926906,3752,0.19960403,0.99946031,2093,0.15821457,-0.00019126,0.27871132,0.35781860
2456,0.38232803,0.99924672,4009,0.21009445,0.99942816,2203,0.17223358,-0.00018144,0.29621124,0.38232803
2457,0.41379929,0.99918833,4339,0.21610260,0.99943166,2266,0.19769669,-0.00024334,0.31495094,0.41379929
2458,0.45242310,0.99871880,4744,0.31547546,0.99904318,3308,0.13694763,-0.00032439,0.38394928,0.45242310
2459,0.45232773,0.99865650,4743,0.32558441,0.99898213,3414,0.12674332,-0.00032563,0.38895607,0.45232773
2460,0.45270920,0.99870166,4747,0.35095215,0.99884246,3680,0.10175705,-0.00014080,0.40183067,0.45270920
2461,0.45080185,0.99875068,4727,0.35915375,0.99884250,3766,0.09164810,-0.00009182,0.40497780,0.45080185
2462,0.45461655,0.99875969,4767,0.37193298,0.99883105,3900,0.08268356,-0.00007136,0.41327477,0.45461655
2463,0.10509491,0.99966928,1102,0.11968613,0.99971335,1255,-0.01459122,-0.00004407,0.11239052,0.11968613
2464,0.10509491,0.99962022,1102,0.12073517,0.99970148,1266,-0.01564026,-0.00008126,0.11291504,0.12073517
2465,0.10395050,0.99962291,1090,0.12588501,0.99969562,1320,-0.02193451,-0.00007271,0.11491776,0.12588501
2466,0.10213852,0.99961355,1071,0.12445450,0.99970324,1305,-0.02231598,-0.00008969,0.11329651,0.12445450
2467,0.10070801,0.99962932,1056,0.12350082,0.99971083,1295,-0.02279282,-0.00008150,0.11210442,0.12350082
2468,0.07495880,0.99937025,786,0.02861023,0.99996051,300,0.04634857,-0.00059027,0.05178452,0.07495880
2469,0.07810593,0.99939513,819,0.02908707,0.99995927,305,0.04901886,-0.00056415,0.05359650,0.07810593
2470,0.07581711,0.99944951,795,0.02918243,0.99995894,306,0.04663467,-0.00050943,0.05249977,0.07581711
2471,0.08382797,0.99942114,879,0.03347397,0.99995437,351,0.05035400,-0.00053322,0.05865097,0.08382797
2472,0.09422302,0.99933211,988,0.03271103,0.99995917,343,0.06151199,-0.00062706,0.06346703,0.09422302
2473,0.27856827,0.99902014,2921,0.07171631,0.99978425,752,0.20685196,-0.00076411,0.17514229,0.27856827
2474,0.29411316,0.99883748,3084,0.06866455,0.99980350,720,0.22544861,-0.00096602,0.18138885,0.29411316
2475,0.28295517,0.99876936,2967,0.07076263,0.99980315,742,0.21219254,-0.00103379,0.17685890,0.28295517
2476,0.27828217,0.99886455,2918,0.07591248,0.99978951,796,0.20236969,-0.00092496,0.17709732,0.27828217
2477,0.26626587,0.99894539,2792,0.07047653,0.99980248,739,0.19578934,-0.00085709,0.16837120,0.26626587
2478,0.48122406,0.99781620,5046,0.44345856,0.99847282,4650,0.03776550,-0.00065662,0.46234131,0.48122406
2479,0.46358109,0.99799335,4861,0.43888092,0.99845144,4602,0.02470016,-0.00045809,0.45123100,0.46358109
2480,0.44622421,0.99834036,4679,0.43087006,0.99842998,4518,0.01535416,-0.00008962,0.43854713,0.44622421
2481,0.43125153,0.99851526,4522,0.41599274,0.99846240,4362,0.01525879,0.00005286,0.42362213,0.43125153
2482,0.42181015,0.99862800,4423,0.41103363,0.99847777,4310,0.01077652,0.00015023,0.41642189,0.42181015
2483,0.44107437,0.99744066,4625,0.34141541,0.99849539,3580,0.09965897,-0.00105473,0.39124489,0.44107437
2484,0.43458939,0.99746773,4557,0.32329559,0.99855726,3390,0.11129379,-0.00108953,0.37894249,0.43458939
2485,0.42448044,0.99746592,4451,0.31070709,0.99856099,3258,0.11377335,-0.00109507,0.36759377,0.42448044
2486,0.41732788,0.99747546,4376,0.29869080,0.99858137,3132,0.11863708,-0.00110591,0.35800934,0.41732788
2487,0.41322708,0.99744818,4333,0.27742386,0.99865867,2909,0.13580322,-0.00121049,0.34532547,0.41322708
2488,0.27942657,0.99796972,2930,0.02870560,0.99988086,301,0.25072098,-0.00191115,0.15406609,0.27942657
2489,0.27542114,0.99796037,2888,0.03843307,0.99985764,403,0.23698807,-0.00189728,0.15692711,0.27542114
2490,0.27923584,0.99797283,2928,0.04911423,0.99981559,515,0.23012161,-0.00184276,0.16417503,0.27923584
2491,0.28219223,0.99798174,2959,0.06132126,0.99975820,643,0.22087097,-0.00177645,0.17175674,0.28219223
2492,0.27866364,0.99800610,2922,0.06818771,0.99974955,715,0.21047592,-0.00174345,0.17342567,0.27866364
2493,0.17061234,0.99833314,1789,0.22878647,0.99910475,2399,-0.05817413,-0.00077161,0.19969940,0.22878647
2494,0.16727448,0.99836256,1754,0.22945404,0.99911118,2406,-0.06217957,-0.00074862,0.19836426,0.22945404
2495,0.16422272,0.99837215,1722,0.23307800,0.99910096,2444,-0.06885529,-0.00072881,0.19865036,0.23307800
2496,0.16880035,0.99836667,1770,0.23546219,0.99908435,2469,-0.06666183,-0.00071768,0.20213127,0.23546219
2497,0.17280579,0.99836134,1812,0.24061203,0.99909402,2523,-0.06780624,-0.00073267,0.20670891,0.24061203
2498,0.05035400,0.99978312,528,0.06160736,0.99986095,646,-0.01125336,-0.00007783,0.05598068,0.06160736
2499,0.05197525,0.99977407,545,0.05741119,0.99986579,602,-0.00543594,-0.00009173,0.05469322,0.05741119
2500,0.05006790,0.99977881,525,0.06198883,0.99986359,650,-0.01192093,-0.00008478,0.05602837,0.06198883
2501,0.05311966,0.99977733,557,0.06933212,0.99986806,727,-0.01621246,-0.00009073,0.06122589,0.06933212
2502,0.05149841,0.99978978,540,0.06809235,0.99987159,714,-0.01659393,-0.00008181,0.05979538,0.06809235
2503,0.07581711,0.99963588,795,0.23336411,0.99941968,2447,-0.15754700,0.00021619,0.15459061,0.23336411
2504,0.08134842,0.99963005,853,0.23622513,0.99943981,2477,-0.15487671,0.00019024,0.15878677,0.23622513
2505,0.07972717,0.99964032,836,0.23517609,0.99943541,2466,-0.15544891,0.00020491,0.15745163,0.23517609
2506,0.08020401,0.99963621,841,0.23727417,0.99943003,2488,-0.15707016,0.00020618,0.15873909,0.23727417
2507,0.08745193,0.99960692,917,0.24757385,0.99937959,2596,-0.16012192,0.00022732,0.16751289,0.24757385
2508,0.10480881,0.99950246,1099,0.14238358,0.99972415,1493,-0.03757477,-0.00022170,0.12359619,0.14238358
2509,0.10766983,0.99950631,1129,0.14381409,0.99970196,1508,-0.03614426,-0.00019564,0.12574196,0.14381409
2510,0.11606216,0.99947992,1217,0.14696121,0.99969077,1541,-0.03089905,-0.00021085,0.13151169,0.14696121
2511,0.11520386,0.99944776,1208,0.14352798,0.99970362,1505,-0.02832413,-0.00025586,0.12936592,0.14352798
2512,0.12226105,0.99941699,1282,0.13961792,0.99971286,1464,-0.01735687,-0.00029587,0.13093948,0.13961792
2513,0.12178421,0.99945004,1277,0.12893677,0.99975947,1352,-0.00715256,-0.00030942,0.12536049,0.12893677
2514,0.08325577,0.99950918,873,0.11625290,0.99963773,1219,-0.03299713,-0.00012855,0.09975433,0.11625290
2515,0.08687973,0.99944468,911,0.10452271,0.99969025,1096,-0.01764297,-0.00024557,0.09570122,0.10452271
2516,0.08401871,0.99944340,881,0.08888245,0.99974461,932,-0.00486374,-0.00030121,0.08645058,0.08888245
2517,0.08201599,0.99943657,860,0.08049011,0.99977237,844,0.00152588,-0.00033580,0.08125305,0.08201599
2518,0.07877350,0.99946752,826,0.07848740,0.99977852,823,0.00028610,-0.00031100,0.07863045,0.07877350
2519,0.08182526,0.99945721,858,0.07715225,0.99979642,809,0.00467300,-0.00033922,0.07948875,0.08182526
2520,0.07429123,0.99983109,779,0.07104874,0.99986897,745,0.00324249,-0.00003788,0.07266998,0.07429123
2521,0.07324219,0.99984872,768,0.06866455,0.99988043,720,0.00457764,-0.00003171,0.07095337,0.07324219
2522,0.06904602,0.99985699,724,0.06656647,0.99989438,698,0.00247955,-0.00003738,0.06780624,0.06904602
2523,0.07371902,0.99984430,773,0.07057190,0.99989583,740,0.00314713,-0.00005154,0.07214546,0.07371902
2524,0.07457733,0.99985030,782,0.07019043,0.99989839,736,0.00438690,-0.00004809,0.07238388,0.07457733
2525,0.07171631,0.99985340,752,0.06637573,0.99989870,696,0.00534058,-0.00004530,0.06904602,0.07171631
2526,0.08707047,0.99980107,913,0.05798340,0.99992086,608,0.02908707,-0.00011979,0.07252693,0.08707047
2527,0.09346008,0.99978604,980,0.06351471,0.99990942,666,0.02994537,-0.00012339,0.07848740,0.09346008
2528,0.09355545,0.99976994,981,0.06265640,0.99990726,657,0.03089905,-0.00013732,0.07810593,0.09355545
2529,0.09174347,0.99976498,962,0.06399155,0.99991202,671,0.02775192,-0.00014704,0.07786751,0.09174347
2530,0.09059906,0.99975761,950,0.06065369,0.99991754,636,0.02994537,-0.00015993,0.07562637,0.09059906
2531,0.09269714,0.99973055,972,0.06179810,0.99989769,648,0.03089905,-0.00016714,0.07724762,0.09269714
2532,0.10633469,0.99950091,1115,0.05407333,0.99987569,567,0.05226135,-0.00037478,0.08020401,0.10633469
2533,0.11510849,0.99946293,1207,0.05416870,0.99986938,568,0.06093979,-0.00040645,0.08463860,0.11510849
2534,0.11177063,0.99949425,1172,0.05445480,0.99986876,571,0.05731583,-0.00037450,0.08311272,0.11177063
2535,0.11358261,0.99953148,1191,0.05483627,0.99985777,575,0.05874634,-0.00032629,0.08420944,0.11358261
2536,0.11491776,0.99955516,1205,0.05693436,0.99983684,597,0.05798340,-0.00028168,0.08592606,0.11491776
2537,0.11816025,0.99956516,1239,0.05598068,0.99986786,587,0.06217957,-0.00030270,0.08707047,0.11816025
2538,0.17919540,0.99904502,1879,0.09679794,0.99975377,1015,0.08239746,-0.00070874,0.13799667,0.17919540
2539,0.19063950,0.99905682,1999,0.10337830,0.99971349,1084,0.08726120,-0.00065667,0.14700890,0.19063950
2540,0.18196106,0.99911659,1908,0.09756088,0.99974515,1023,0.08440018,-0.00062856,0.13976097,0.18196106
2541,0.18568039,0.99908343,1947,0.09498596,0.99973741,996,0.09069443,-0.00065398,0.14033318,0.18568039
2542,0.19168854,0.99907067,2010,0.10042191,0.99972043,1053,0.09126663,-0.00064975,0.14605522,0.19168854
2543,0.18997192,0.99906036,1992,0.09880066,0.99970846,1036,0.09117126,-0.00064810,0.14438629,0.18997192
2544,0.25787354,0.99800411,2704,0.14371872,0.99943637,1507,0.11415482,-0.00143226,0.20079613,0.25787354
2545,0.25577545,0.99795208,2682,0.13980865,0.99941034,1466,0.11596680,-0.00145826,0.19779205,0.25577545
2546,0.26168823,0.99793200,2744,0.14333725,0.99940027,1503,0.11835098,-0.00146827,0.20251274,0.26168823
2547,0.26931763,0.99784883,2824,0.14801025,0.99937096,1552,0.12130737,-0.00152213,0.20866394,0.26931763
2548,0.26531219,0.99786566,2782,0.14142990,0.99939810,1483,0.12388229,-0.00153244,0.20337105,0.26531219
2549,0.20904541,0.99902657,2192,0.15802383,0.99933665,1657,0.05102158,-0.00031009,0.18353462,0.20904541
2550,0.22048950,0.99906437,2312,0.16555786,0.99931704,1736,0.05493164,-0.00025266,0.19302368,0.22048950
2551,0.21324158,0.99909154,2236,0.15935898,0.99933992,1671,0.05388260,-0.00024839,0.18630028,0.21324158
2552,0.21295547,0.99916495,2233,0.16307831,0.99937391,1710,0.04987717,-0.00020896,0.18801689,0.21295547
2553,0.21247864,0.99923205,2228,0.15859604,0.99943971,1663,0.05388260,-0.00020766,0.18553734,0.21247864
2554,0.25281906,0.99903128,2651,0.13122559,0.99961796,1376,0.12159348,-0.00058668,0.19202232,0.25281906
2555,0.25339127,0.99898446,2657,0.12874603,0.99960997,1350,0.12464523,-0.00062550,0.19106865,0.25339127
2556,0.25997162,0.99898332,2726,0.13446808,0.99961831,1410,0.12550354,-0.00063499,0.19721985,0.25997162
2557,0.25777817,0.99893063,2703,0.13360977,0.99956806,1401,0.12416840,-0.00063743,0.19569397,0.25777817
2558,0.26206970,0.99883701,2748,0.13532639,0.99954631,1419,0.12674332,-0.00070931,0.19869804,0.26206970
2559,0.23679733,0.99887553,2483,0.16489029,0.99956681,1729,0.07190704,-0.00069129,0.20084381,0.23679733
2560,0.23727417,0.99886210,2488,0.16708374,0.99956539,1752,0.07019043,-0.00070329,0.20217896,0.23727417
2561,0.24147034,0.99878012,2532,0.16775131,0.99955854,1759,0.07371902,-0.00077842,0.20461082,0.24147034
2562,0.24271011,0.99874582,2545,0.16965866,0.99954646,1779,0.07305145,-0.00080064,0.20618439,0.24271011
2563,0.24633408,0.99871002,2583,0.17194748,0.99956755,1803,0.07438660,-0.00085753,0.20914078,0.24633408
2564,0.05731583,0.99984357,601,0.06370544,0.99988695,668,-0.00638962,-0.00004339,0.06051064,0.06370544
2565,0.05664825,0.99983573,594,0.06570816,0.99986749,689,-0.00905991,-0.00003176,0.06117821,0.06570816
2566,0.05226135,0.99984648,548,0.05931854,0.99989308,622,-0.00705719,-0.00004660,0.05578995,0.05931854
2567,0.04892349,0.99984682,513,0.05445480,0.99990113,571,-0.00553131,-0.00005431,0.05168915,0.05445480
2568,0.04224777,0.99986760,443,0.04997253,0.99989973,524,-0.00772476,-0.00003213,0.04611015,0.04997253
2569,0.06189346,0.99974090,649,0.04816055,0.99994248,505,0.01373291,-0.00020158,0.05502701,0.06189346
2570,0.05607605,0.99974672,588,0.04291534,0.99995284,450,0.01316071,-0.00020611,0.04949570,0.05607605
2571,0.05207062,0.99974634,546,0.03795624,0.99995626,398,0.01411438,-0.00020992,0.04501343,0.05207062
2572,0.04796982,0.99973491,503,0.03147125,0.99996124,330,0.01649857,-0.00022633,0.03972054,0.04796982
2573,0.04215240,0.99975255,442,0.02641678,0.99995458,277,0.01573563,-0.00020203,0.03428459,0.04215240
2574,0.08573532,0.99971611,899,0.09737015,0.99934250,1021,-0.01163483,0.00037361,0.09155273,0.09737015
2575,0.08630753,0.99970744,905,0.09222031,0.99940733,967,-0.00591278,0.00030011,0.08926392,0.09222031
2576,0.07829666,0.99972366,821,0.09222031,0.99941063,967,-0.01392365,0.00031303,0.08525848,0.09222031
2577,0.08230209,0.99971190,863,0.09469986,0.99935392,993,-0.01239777,0.00035798,0.08850098,0.09469986
2578,0.07886887,0.99970957,827,0.08888245,0.99934810,932,-0.01001358,0.00036147,0.08387566,0.08888245
2579,0.03433228,0.99993015,360,0.08926392,0.99934413,936,-0.05493164,0.00058601,0.06179810,0.08926392
2580,0.03032684,0.99994124,318,0.08430481,0.99935806,884,-0.05397797,0.00058318,0.05731583,0.08430481
2581,0.02470016,0.99995625,259,0.08363724,0.99940356,877,-0.05893707,0.00055269,0.05416870,0.08363724
2582,0.02088547,0.99995772,219,0.07896423,0.99937149,828,-0.05807877,0.00058622,0.04992485,0.07896423
2583,0.07696152,0.99947138,807,0.20208359,0.99859426,2119,-0.12512207,0.00087712,0.13952255,0.20208359
2584,0.07619858,0.99946802,799,0.20704269,0.99859300,2171,-0.13084412,0.00087502,0.14162064,0.20704269
2585,0.07076263,0.99950005,742,0.20370483,0.99859976,2136,-0.13294220,0.00090029,0.13723373,0.20370483
2586,0.06904602,0.99952535,724,0.20322800,0.99865013,2131,-0.13418198,0.00087522,0.13613701,0.20322800
2587,0.10728836,0.99920004,1125,0.15954971,0.99926166,1673,-0.05226135,-0.00006162,0.13341904,0.15954971
2588,0.10442734,0.99923329,1095,0.16107559,0.99921540,1689,-0.05664825,0.00001789,0.13275146,0.16107559
2589,0.10442734,0.99921860,1095,0.16136169,0.99923448,1692,-0.05693436,-0.00001587,0.13289452,0.16136169
2590,0.10499954,0.99916231,1101,0.15802383,0.99926450,1657,-0.05302429,-0.00010220,0.13151169,0.15802383
2591,0.19197464,0.99777403,2013,0.01440048,0.99998358,151,0.17757416,-0.00220955,0.10318756,0.19197464
2592,0.19264221,0.99776213,2020,0.01230240,0.99998910,129,0.18033981,-0.00222697,0.10247231,0.19264221
2593,0.19645691,0.99768705,2060,0.01392365,0.99998381,146,0.18253326,-0.00229677,0.10519028,0.19645691
2594,0.19779205,0.99764475,2074,0.01525879,0.99998144,160,0.18253326,-0.00233670,0.10652542,0.19779205
2595,0.15621185,0.99803824,1638,0.23651123,0.99883393,2480,-0.08029938,-0.00079569,0.19636154,0.23651123
2596,0.15544891,0.99804226,1630,0.23012161,0.99884094,2413,-0.07467270,-0.00079868,0.19278526,0.23012161
2597,0.15707016,0.99796675,1647,0.23126602,0.99880793,2425,-0.07419586,-0.00084117,0.19416809,0.23126602
2598,0.16088486,0.99792991,1687,0.24976730,0.99875989,2619,-0.08888245,-0.00082997,0.20532608,0.24976730
2599,0.15411377,0.99795940,1616,0.10700226,0.99971511,1122,0.04711151,-0.00175571,0.13055801,0.15411377
2600,0.15172958,0.99795900,1591,0.10490417,0.99973074,1100,0.04682541,-0.00177173,0.12831688,0.15172958
2601,0.15802383,0.99792928,1657,0.11014938,0.99972341,1155,0.04787445,-0.00179413,0.13408661,0.15802383
2602,0.15840530,0.99789982,1661,0.11367798,0.99970562,1192,0.04472733,-0.00180580,0.13604164,0.15840530
2603,0.17004013,0.99766581,1783,0.05121231,0.99984348,537,0.11882782,-0.00217767,0.11062622,0.17004013
2604,0.17118454,0.99765500,1795,0.04835129,0.99985692,507,0.12283325,-0.00220192,0.10976791,0.17118454
2605,0.16851425,0.99763755,1767,0.05540848,0.99983335,581,0.11310577,-0.00219580,0.11196136,0.16851425
2606,0.17004013,0.99763053,1783,0.04777908,0.99984676,501,0.12226105,-0.00221623,0.10890961,0.17004013
2607,0.06895065,0.99983719,723,0.14238358,0.99923379,1493,-0.07343292,0.00060340,0.10566711,0.14238358
2608,0.06036758,0.99986442,633,0.13151169,0.99931519,1379,-0.07114410,0.00054923,0.09593964,0.13151169
2609,0.06799698,0.99983874,713,0.12998581,0.99937660,1363,-0.06198883,0.00046215,0.09899139,0.12998581
2610,0.06351471,0.99985027,666,0.12483597,0.99944590,1309,-0.06132126,0.00040437,0.09417534,0.12483597
2611,0.05350113,0.99963848,561,0.27360916,0.99857769,2869,-0.22010803,0.00106079,0.16355515,0.27360916
2612,0.05979538,0.99962353,627,0.27046204,0.99867950,2836,-0.21066666,0.00094403,0.16512871,0.27046204
2613,0.05912781,0.99963323,620,0.26741028,0.99867257,2804,-0.20828247,0.00096066,0.16326904,0.26741028
2614,0.05893707,0.99961971,618,0.26378632,0.99882894,2766,-0.20484924,0.00079077,0.16136169,0.26378632
2615,0.03910065,0.99979110,410,0.02021790,0.99995720,212,0.01888275,-0.00016611,0.02965927,0.03910065
2616,0.04110336,0.99976995,431,0.02231598,0.99995134,234,0.01878738,-0.00018140,0.03170967,0.04110336
2617,0.04129410,0.99975893,433,0.02183914,0.99995013,229,0.01945496,-0.00019120,0.03156662,0.04129410
2618,0.04262924,0.99977440,447,0.02412796,0.99994555,253,0.01850128,-0.00017116,0.03337860,0.04262924
2619,0.05970001,0.99957222,626,0.07162094,0.99942939,751,-0.01192093,0.00014283,0.06566048,0.07162094
2620,0.05979538,0.99960128,627,0.07228851,0.99950068,758,-0.01249313,0.00010060,0.06604195,0.07228851
2621,0.06055832,0.99962512,635,0.06999969,0.99952761,734,-0.00944138,0.00009751,0.06527901,0.06999969
2622,0.06074905,0.99962294,637,0.07171631,0.99950940,752,-0.01096725,0.00011354,0.06623268,0.07171631
2623,0.13628006,0.99843381,1429,0.02498627,0.99997987,262,0.11129379,-0.00154605,0.08063316,0.13628006
2624,0.13837814,0.99841255,1451,0.02574921,0.99998011,270,0.11262894,-0.00156757,0.08206367,0.13837814
2625,0.14448166,0.99824146,1515,0.03337860,0.99997407,350,0.11110306,-0.00173261,0.08893013,0.14448166
2626,0.14982224,0.99809429,1571,0.03795624,0.99996296,398,0.11186600,-0.00186867,0.09388924,0.14982224
2627,0.06065369,0.99978195,636,0.05464554,0.99987012,573,0.00600815,-0.00008817,0.05764961,0.06065369
2628,0.06484985,0.99975185,680,0.06780624,0.99984329,711,-0.00295639,-0.00009145,0.06632805,0.06780624
2629,0.06437302,0.99983842,675,0.06599426,0.99983928,692,-0.00162125,-0.00000086,0.06518364,0.06599426
2630,0.07591248,0.99975494,796,0.06799698,0.99983670,713,0.00791550,-0.00008176,0.07195473,0.07591248
2631,0.19321442,0.99850599,2026,0.02069473,0.99996418,217,0.17251968,-0.00145818,0.10695457,0.19321442
2632,0.20179749,0.99839692,2116,0.02326965,0.99996661,244,0.17852783,-0.00156969,0.11253357,0.20179749
2633,0.19674301,0.99832612,2063,0.02737045,0.99996672,287,0.16937256,-0.00164060,0.11205673,0.19674301
2634,0.21314621,0.99819277,2235,0.03156662,0.99996793,331,0.18157959,-0.00177517,0.12235641,0.21314621
2635,0.07724762,0.99969158,810,0.10137558,0.99969362,1063,-0.02412796,-0.00000204,0.08931160,0.10137558
2636,0.08010864,0.99962084,840,0.10766983,0.99964562,1129,-0.02756119,-0.00002477,0.09388924,0.10766983
2637,0.07867813,0.99963680,825,0.10948181,0.99966688,1148,-0.03080368,-0.00003008,0.09407997,0.10948181
2638,0.08020401,0.99964249,841,0.11081696,0.99964178,1162,-0.03061295,0.00000072,0.09551048,0.11081696
2639,0.08811951,0.99977917,924,0.11348724,0.99969267,1190,-0.02536774,0.00008651,0.10080338,0.11348724
2640,0.08878708,0.99973513,931,0.11301041,0.99965009,1185,-0.02422333,0.00008504,0.10089874,0.11301041
2641,0.09784698,0.99966321,1026,0.12140274,0.99961248,1273,-0.02355576,0.00005073,0.10962486,0.12140274
2642,0.08859634,0.99968591,929,0.12044907,0.99961291,1263,-0.03185272,0.00007299,0.10452271,0.12044907
2643,0.04768372,0.99983223,500,0.08935928,0.99963507,937,-0.04167557,0.00019717,0.06852150,0.08935928
2644,0.04758835,0.99984558,499,0.09441376,0.99962332,990,-0.04682541,0.00022226,0.07100105,0.09441376
2645,0.04844666,0.99982349,508,0.09584427,0.99961819,1005,-0.04739761,0.00020530,0.07214546,0.09584427
2646,0.04549026,0.99985627,477,0.09765625,0.99963394,1024,-0.05216599,0.00022232,0.07157326,0.09765625
2647,0.16918182,0.99937380,1774,0.12168884,0.99963590,1276,0.04749298,-0.00026210,0.14543533,0.16918182
2648,0.17395020,0.99937461,1824,0.12264252,0.99965097,1286,0.05130768,-0.00027637,0.14829636,0.17395020
2649,0.18663406,0.99936910,1957,0.13999939,0.99959363,1468,0.04663467,-0.00022453,0.16331673,0.18663406
2650,0.17499924,0.99921627,1835,0.19083023,0.99967026,2001,-0.01583099,-0.00045399,0.18291473,0.19083023
2651,0.17805099,0.99928211,1867,0.19235611,0.99967936,2017,-0.01430511,-0.00039725,0.18520355,0.19235611
2652,0.16307831,0.99951823,1710,0.19359589,0.99968756,2030,-0.03051758,-0.00016933,0.17833710,0.19359589
2653,0.07648468,0.99984310,802,0.15935898,0.99974790,1671,-0.08287430,0.00009520,0.11792183,0.15935898
2654,0.08878708,0.99976612,931,0.17871857,0.99963529,1874,-0.08993149,0.00013083,0.13375282,0.17871857
2655,0.09326935,0.99973825,978,0.18177032,0.99962167,1906,-0.08850098,0.00011657,0.13751984,0.18177032
2656,0.14295578,0.99980451,1499,0.16059875,0.99970551,1684,-0.01764297,0.00009900,0.15177727,0.16059875
2657,0.13341904,0.99983294,1399,0.15850067,0.99972003,1662,-0.02508163,0.00011291,0.14595985,0.15850067
2658,0.12912750,0.99985662,1354,0.16002655,0.99976327,1678,-0.03089905,0.00009335,0.14457703,0.16002655
2659,0.37088394,0.99922598,3889,0.10614395,0.99980603,1113,0.26473999,-0.00058005,0.23851395,0.37088394
2660,0.41360855,0.99880814,4337,0.11320114,0.99980942,1187,0.30040741,-0.00100128,0.26340485,0.41360855
2661,0.44689178,0.99851431,4686,0.11167526,0.99980663,1171,0.33521652,-0.00129232,0.27928352,0.44689178
2662,0.12092590,0.99948831,1268,0.09355545,0.99980241,981,0.02737045,-0.00031410,0.10724068,0.12092590
2663,0.12531281,0.99950425,1314,0.09107590,0.99980833,955,0.03423691,-0.00030407,0.10819435,0.12531281
2664,0.12712479,0.99946347,1333,0.10032654,0.99979300,1052,0.02679825,-0.00032954,0.11372566,0.12712479
2665,1.08871460,0.99470960,11416,0.30384064,0.99884417,3186,0.78487396,-0.00413457,0.69627762,1.08871460
2666,1.24425888,0.99346809,13047,0.35686493,0.99820393,3742,0.88739395,-0.00473583,0.80056190,1.24425888
2667,1.17683411,0.99192949,12340,0.40550232,0.99792898,4252,0.77133179,-0.00599949,0.79116821,1.17683411
2668,0.09689331,0.99966109,1016,0.11396408,0.99953683,1195,-0.01707077,0.00012427,0.10542870,0.11396408
2669,0.09822845,0.99973677,1030,0.21724701,0.99886841,2278,-0.11901855,0.00086836,0.15773773,0.21724701
2670,0.05578995,0.99976808,585,0.28667450,0.99833540,3006,-0.23088455,0.00143268,0.17123222,0.28667450
2671,0.23679733,0.99902632,2483,0.20093918,0.99889732,2107,0.03585815,0.00012900,0.21886826,0.23679733
2672,0.25901794,0.99891973,2716,0.22249222,0.99883377,2333,0.03652573,0.00008596,0.24075508,0.25901794
2673,0.24938583,0.99891577,2615,0.21476746,0.99878568,2252,0.03461838,0.00013009,0.23207664,0.24938583
2674,0.63428879,0.99711312,6651,0.25463104,0.99945534,2670,0.37965775,-0.00234221,0.44445992,0.63428879
2675,0.58135986,0.99676192,6096,0.29230118,0.99925266,3065,0.28905869,-0.00249074,0.43683052,0.58135986
2676,0.63209534,0.99627539,6628,0.34122467,0.99899305,3578,0.29087067,-0.00271766,0.48666000,0.63209534
2677,0.23174286,0.99814555,2430,0.07047653,0.99987636,739,0.16126633,-0.00173081,0.15110970,0.23174286
2678,0.24166107,0.99794722,2534,0.07352829,0.99986769,771,0.16813278,-0.00192048,0.15759468,0.24166107
2679,0.24528503,0.99771584,2572,0.07972717,0.99984699,836,0.16555786,-0.00213115,0.16250610,0.24528503
2680,0.14095306,0.99946317,1478,0.06456375,0.99975709,677,0.07638931,-0.00029393,0.10275841,0.14095306
2681,0.14734268,0.99940935,1545,0.06961823,0.99968211,730,0.07772446,-0.00027276,0.10848045,0.14734268
2682,0.14209747,0.99944535,1490,0.06723404,0.99968288,705,0.07486343,-0.00023753,0.10466576,0.14209747
2683,0.14438629,0.99930766,1514,0.19836426,0.99862346,2080,-0.05397797,0.00068419,0.17137527,0.19836426
2684,0.14705658,0.99929007,1542,0.20236969,0.99862707,2122,-0.05531311,0.00066300,0.17471313,0.20236969
2685,0.15268326,0.99927394,1601,0.20694733,0.99861274,2170,-0.05426407,0.00066120,0.17981529,0.20694733
2686,0.17766953,0.99913197,1863,0.23775101,0.99879629,2493,-0.06008148,0.00033568,0.20771027,0.23775101
2687,0.17461777,0.99915791,1831,0.24003983,0.99880764,2517,-0.06542206,0.00035027,0.20732880,0.24003983
2688,0.17490387,0.99919282,1834,0.24986267,0.99874614,2620,-0.07495880,0.00044668,0.21238327,0.24986267
2689,0.31871796,0.99740344,3342,0.42190552,0.99749387,4424,-0.10318756,-0.00009043,0.37031174,0.42190552
2690,0.32100677,0.99733756,3366,0.42200089,0.99759387,4425,-0.10099411,-0.00025631,0.37150383,0.42200089
2691,0.30879974,0.99735237,3238,0.41732788,0.99756370,4376,-0.10852814,-0.00021133,0.36306381,0.41732788
2692,0.31585693,0.99683834,3312,0.41046143,0.99798899,4304,-0.09460449,-0.00115065,0.36315918,0.41046143
2693,0.31681061,0.99684693,3322,0.40502548,0.99804062,4247,-0.08821487,-0.00119369,0.36091805,0.40502548
2694,0.31251907,0.99682532,3277,0.40731430,0.99800763,4271,-0.09479523,-0.00118232,0.35991669,0.40731430
2695,0.49753189,0.99423046,5217,0.36878586,0.99859438,3867,0.12874603,-0.00436392,0.43315887,0.49753189
2696,0.50754547,0.99413726,5322,0.36582947,0.99865659,3836,0.14171600,-0.00451933,0.43668747,0.50754547
2697,0.51622391,0.99412211,5413,0.37899017,0.99855961,3974,0.13723373,-0.00443751,0.44760704,0.51622391
2698,0.42963028,0.99429430,4505,0.35514832,0.99891421,3724,0.07448196,-0.00461990,0.39238930,0.42963028
2699,0.43659210,0.99421539,4578,0.35514832,0.99891684,3724,0.08144379,-0.00470144,0.39587021,0.43659210
2700,0.43249130,0.99427500,4535,0.36325455,0.99888814,3809,0.06923676,-0.00461313,0.39787292,0.43249130
2701,0.22935867,0.99755453,2405,0.23584366,0.99931168,2473,-0.00648499,-0.00175715,0.23260117,0.23584366
2702,0.23765564,0.99756268,2492,0.23679733,0.99932225,2483,0.00085831,-0.00175957,0.23722649,0.23765564
2703,0.23307800,0.99757021,2444,0.23832321,0.99930959,2499,-0.00524521,-0.00173938,0.23570061,0.23832321
2704,0.22134781,0.99917143,2321,0.24061203,0.99931371,2523,-0.01926422,-0.00014229,0.23097992,0.24061203
2705,0.21486282,0.99917874,2253,0.23851395,0.99929306,2501,-0.02365112,-0.00011432,0.22668839,0.23851395
2706,0.21686554,0.99919047,2274,0.24623871,0.99927196,2582,-0.02937317,-0.00008149,0.23155212,0.24623871
2707,0.43888092,0.99828787,4602,0.30212402,0.99892675,3168,0.13675690,-0.00063889,0.37050247,0.43888092
2708,0.43077469,0.99831913,4517,0.30794144,0.99889761,3229,0.12283325,-0.00057849,0.36935806,0.43077469
2709,0.43544769,0.99828776,4566,0.30469894,0.99890766,3195,0.13074875,-0.00061990,0.37007332,0.43544769
2710,0.27694702,0.99812138,2904,0.28181076,0.99898813,2955,-0.00486374,-0.00086675,0.27937889,0.28181076
2711,0.27885437,0.99814455,2924,0.28820038,0.99896795,3022,-0.00934601,-0.00082340,0.28352737,0.28820038
2712,0.27551651,0.99812034,2889,0.28629303,0.99891225,3002,-0.01077652,-0.00079191,0.28090477,0.28629303
2713,0.48036575,0.99743099,5037,0.29315948,0.99897526,3074,0.18720627,-0.00154427,0.38676262,0.48036575
2714,0.47874451,0.99744450,5020,0.30145645,0.99896666,3161,0.17728806,-0.00152216,0.39010048,0.47874451
2715,0.48980713,0.99745448,5136,0.30260086,0.99898789,3173,0.18720627,-0.00153341,0.39620399,0.48980713
2716,0.58336258,0.99509896,6117,0.61759949,0.99650485,6476,-0.03423691,-0.00140589,0.60048103,0.61759949
2717,0.58603287,0.99512575,6145,0.62379837,0.99645699,6541,-0.03776550,-0.00133124,0.60491562,0.62379837
2718,0.58841705,0.99505617,6170,0.62885284,0.99659369,6594,-0.04043579,-0.00153751,0.60863495,0.62885284
2719,0.59156418,0.99556974,6203,0.54140091,0.99701934,5677,0.05016327,-0.00144960,0.56648254,0.59156418
2720,0.59118271,0.99560394,6199,0.55818558,0.99704182,5853,0.03299713,-0.00143788,0.57468414,0.59118271
2721,0.60348511,0.99560351,6328,0.54397583,0.99718772,5704,0.05950928,-0.00158421,0.57373047,0.60348511
2722,0.70858002,0.99722763,7430,0.64401627,0.99752999,6753,0.06456375,-0.00030236,0.67629814,0.70858002
2723,0.68435669,0.99733970,7176,0.64678192,0.99762062,6782,0.03757477,-0.00028092,0.66556931,0.68435669
2724,0.70438385,0.99724092,7386,0.65164566,0.99754321,6833,0.05273819,-0.00030229,0.67801476,0.70438385
2725,0.61788559,0.99826573,6479,0.37546158,0.99829817,3937,0.24242401,-0.00003244,0.49667358,0.61788559
2726,0.61073303,0.99830968,6404,0.38261414,0.99836577,4012,0.22811890,-0.00005608,0.49667358,0.61073303
2727,0.62408447,0.99824798,6544,0.38223267,0.99835233,4008,0.24185181,-0.00010435,0.50315857,0.62408447
2728,0.92000961,0.99674467,9647,0.62170029,0.99659319,6519,0.29830933,0.00015149,0.77085495,0.92000961
2729,0.91085434,0.99665252,9551,0.63333511,0.99654197,6641,0.27751923,0.00011055,0.77209473,0.91085434
2730,0.91962814,0.99658927,9643,0.63791275,0.99651391,6689,0.28171539,0.00007536,0.77877045,0.91962814
2731,0.74958801,0.99637425,7860,0.41332245,0.99780912,4334,0.33626556,-0.00143487,0.58145523,0.74958801
2732,0.73947906,0.99638983,7754,0.41484833,0.99780147,4350,0.32463074,-0.00141165,0.57716370,0.73947906
2733,0.74224472,0.99634479,7783,0.41399002,0.99779906,4341,0.32825470,-0.00145427,0.57811737,0.74224472
2734,0.79116821,0.99607551,8296,0.75407028,0.99599406,7907,0.03709793,0.00008145,0.77261925,0.79116821
2735,0.78639984,0.99607157,8246,0.76494217,0.99600735,8021,0.02145767,0.00006422,0.77567101,0.78639984
2736,0.78983307,0.99599546,8282,0.75988770,0.99604233,7968,0.02994537,-0.00004686,0.77486038,0.78983307
2737,0.90284348,0.99220200,9467,1.17807388,0.99135889,12353,-0.27523041,0.00084311,1.04045868,1.17807388
2738,0.89912415,0.99223502,9428,1.19838715,0.99130742,12566,-0.29926300,0.00092760,1.04875565,1.19838715
2739,0.90875626,0.99214849,9529,1.20716095,0.99141808,12658,-0.29840469,0.00073041,1.05795860,1.20716095
2740,0.89950562,0.99177884,9432,0.97970963,0.99417852,10273,-0.08020401,-0.00239968,0.93960762,0.97970963
2741,0.90389252,0.99183406,9478,0.98562241,0.99413347,10335,-0.08172989,-0.00229942,0.94475746,0.98562241
2742,0.90103149,0.99185275,9448,0.98142624,0.99420055,10291,-0.08039474,-0.00234780,0.94122887,0.98142624
2743,0.85687637,0.99225096,8985,0.60472488,0.99739175,6341,0.25215149,-0.00514079,0.73080063,0.85687637
2744,0.86364746,0.99215700,9056,0.61054230,0.99734857,6402,0.25310516,-0.00519158,0.73709488,0.86364746
2745,0.86736679,0.99207926,9095,0.61798096,0.99732736,6480,0.24938583,-0.00524810,0.74267387,0.86736679
2746,0.89397430,0.99307053,9374,0.63495636,0.99708008,6658,0.25901794,-0.00400955,0.76446533,0.89397430
2747,0.90236664,0.99300384,9462,0.64382553,0.99710218,6751,0.25854111,-0.00409835,0.77309608,0.90236664
2748,0.90465546,0.99298061,9486,0.64220428,0.99717629,6734,0.26245117,-0.00419568,0.77342987,0.90465546
2749,0.63333511,0.99711339,6641,0.51240921,0.99729642,5373,0.12092590,-0.00018303,0.57287216,0.63333511
2750,0.63447952,0.99712821,6653,0.51727295,0.99727886,5424,0.11720657,-0.00015065,0.57587624,0.63447952
2751,0.62589645,0.99714105,6563,0.50735474,0.99728022,5320,0.11854172,-0.00013916,0.56662560,0.62589645
2752,0.80757141,0.99330964,8468,0.98876953,0.99135528,10368,-0.18119812,0.00195436,0.89817047,0.98876953
2753,0.79326630,0.99349966,8318,0.98857880,0.99149664,10366,-0.19531250,0.00200302,0.89092255,0.98857880
2754,0.78678131,0.99367420,8250,0.98676682,0.99161924,10347,-0.19998550,0.00205496,0.88677406,0.98676682
2755,0.95386505,0.99207673,10002,1.16949081,0.99022919,12263,-0.21562576,0.00184753,1.06167793,1.16949081
2756,0.96445084,0.99193336,10113,1.19075775,0.98998929,12486,-0.22630692,0.00194407,1.07760429,1.19075775
2757,0.97599030,0.99197318,10234,1.19867325,0.98999975,12569,-0.22268295,0.00197343,1.08733177,1.19867325
2758,0.82178116,0.99601034,8617,1.08613968,0.99068040,11389,-0.26435852,0.00532994,0.95396042,1.08613968
2759,0.82912445,0.99604041,8694,1.09348297,0.99054479,11466,-0.26435852,0.00549562,0.96130371,1.09348297
2760,0.82826614,0.99589523,8685,1.07955933,0.99056928,11320,-0.25129318,0.00532594,0.95391273,1.07955933
2761,1.02443695,0.99251336,10742,0.74491501,0.99729431,7811,0.27952194,-0.00478095,0.88467598,1.02443695
2762,1.01633072,0.99261448,10657,0.75235367,0.99722413,7889,0.26397705,-0.00460965,0.88434219,1.01633072
2763,1.00955963,0.99265714,10586,0.74424744,0.99731363,7804,0.26531219,-0.00465649,0.87690353,1.00955963
2764,0.87261200,0.99379232,9150,0.72154999,0.99712773,7566,0.15106201,-0.00333541,0.79708099,0.87261200
2765,0.84791183,0.99403248,8891,0.71926117,0.99707448,7542,0.12865067,-0.00304200,0.78358650,0.84791183
2766,0.85039139,0.99384161,8917,0.71067810,0.99720861,7452,0.13971329,-0.00336700,0.78053474,0.85039139
2767,0.62541962,0.99665564,6558,0.42114258,0.99850083,4416,0.20427704,-0.00184519,0.52328110,0.62541962
2768,0.61464310,0.99674168,6445,0.41532516,0.99860749,4355,0.19931793,-0.00186582,0.51498413,0.61464310
2769,0.62208176,0.99664804,6523,0.41809082,0.99856489,4384,0.20399094,-0.00191685,0.52008629,0.62208176
2770,0.75263977,0.99613947,7892,0.66318512,0.99732457,6954,0.08945465,-0.00118511,0.70791245,0.75263977
2771,0.77943802,0.99593189,8173,0.65975189,0.99736503,6918,0.11968613,-0.00143314,0.71959496,0.77943802
2772,0.78725815,0.99587068,8255,0.67167282,0.99723028,7043,0.11558533,-0.00135960,0.72946548,0.78725815
2773,0.80471039,0.99407464,8438,0.65822601,0.99641623,6902,0.14648438,-0.00234160,0.73146820,0.80471039
2774,0.83208084,0.99403320,8725,0.67586899,0.99656881,7087,0.15621185,-0.00253561,0.75397491,0.83208084
2775,0.83885193,0.99404434,8796,0.66518784,0.99673323,6975,0.17366409,-0.00268888,0.75201988,0.83885193
2776,0.96578598,0.99307890,10127,0.76675415,0.99615726,8040,0.19903183,-0.00307835,0.86627007,0.96578598
2777,0.98085403,0.99292120,10285,0.76360703,0.99626330,8007,0.21724701,-0.00334210,0.87223053,0.98085403
2778,0.98314285,0.99289505,10309,0.75807571,0.99642056,7949,0.22506714,-0.00352551,0.87060928,0.98314285
2779,1.19438171,0.99430049,12524,0.92735291,0.99536677,9724,0.26702881,-0.00106628,1.06086731,1.19438171
2780,1.17292404,0.99449170,12299,0.91199875,0.99555344,9563,0.26092529,-0.00106174,1.04246140,1.17292404
2781,1.13935471,0.99469983,11947,0.88329315,0.99575249,9262,0.25606155,-0.00105266,1.01132393,1.13935471
2782,0.83799362,0.99415454,8787,0.88930130,0.99496010,9325,-0.05130768,-0.00080556,0.86364746,0.88930130
2783,0.82187653,0.99421663,8618,0.86421967,0.99507780,9062,-0.04234314,-0.00086118,0.84304810,0.86421967
2784,0.82092285,0.99427873,8608,0.84266663,0.99524902,8836,-0.02174377,-0.00097029,0.83179474,0.84266663
2785,0.68664551,0.99440904,7200,0.50954819,0.99677698,5343,0.17709732,-0.00236793,0.59809685,0.68664551
2786,0.69570541,0.99449830,7295,0.50382614,0.99688070,5283,0.19187927,-0.00238240,0.59976578,0.69570541
2787,0.71554184,0.99433676,7503,0.52013397,0.99674582,5454,0.19540787,-0.00240906,0.61783791,0.71554184
2788,0.70972443,0.99483926,7442,0.47006607,0.99784141,4929,0.23965836,-0.00300215,0.58989525,0.70972443
2789,0.71401596,0.99480414,7487,0.46253204,0.99778075,4850,0.25148392,-0.00297661,0.58827400,0.71401596
2790,0.73776245,0.99477413,7736,0.49200058,0.99769518,5159,0.24576187,-0.00292106,0.61488152,0.73776245
2791,1.10435486,0.99180261,11580,0.73451996,0.99737492,7702,0.36983490,-0.00557231,0.91943741,1.10435486
2792,1.11579895,0.99148048,11700,0.75235367,0.99729013,7889,0.36344528,-0.00580965,0.93407631,1.11579895
2793,1.09367371,0.99133863,11468,0.75559616,0.99727135,7923,0.33807755,-0.00593272,0.92463493,1.09367371
2794,0.88329315,0.99510380,9262,0.78477859,0.99735221,8229,0.09851456,-0.00224841,0.83403587,0.88329315
2795,0.90045929,0.99493426,9442,0.79689026,0.99733916,8356,0.10356903,-0.00240490,0.84867477,0.90045929
2796,0.92620850,0.99487232,9712,0.81539154,0.99737464,8550,0.11081696,-0.00250233,0.87080002,0.92620850
2797,1.52139664,0.97575202,15953,1.00479126,0.99567830,10536,0.51660538,-0.01992628,1.26309395,1.52139664
2798,1.51767731,0.97565105,15914,1.00641251,0.99565380,10553,0.51126480,-0.02000275,1.26204491,1.51767731
2799,1.52015686,0.97529269,15940,1.01470947,0.99572759,10640,0.50544739,-0.02043490,1.26743317,1.52015686
2800,1.66664124,0.98096897,17476,0.52099228,0.99668586,5463,1.14564896,-0.01571689,1.09381676,1.66664124
2801,1.70297623,0.98093924,17857,0.53644180,0.99677440,5625,1.16653442,-0.01583516,1.11970901,1.70297623
2802,1.71937943,0.98079786,18029,0.54388046,0.99676891,5703,1.17549896,-0.01597105,1.13162994,1.71937943
2803,1.38578415,0.98959481,14531,0.46243668,0.99674668,4849,0.92334747,-0.00715187,0.92411041,1.38578415
2804,1.37166977,0.98966316,14383,0.46577454,0.99675539,4884,0.90589523,-0.00709223,0.91872215,1.37166977
2805,1.38597488,0.98950299,14533,0.47264099,0.99675771,4956,0.91333389,-0.00725473,0.92930794,1.38597488
2806,0.87223053,0.99588948,9146,0.36592484,0.99796778,3837,0.50630569,-0.00207830,0.61907768,0.87223053
2807,0.84018707,0.99597610,8810,0.35800934,0.99802636,3754,0.48217773,-0.00205026,0.59909821,0.84018707
2808,0.84524155,0.99598041,8863,0.36821365,0.99798769,3861,0.47702789,-0.00200728,0.60672760,0.84524155
2809,0.62484741,0.99656966,6552,0.55418015,0.99715539,5811,0.07066727,-0.00058574,0.58951378,0.62484741
2810,0.62685013,0.99653024,6573,0.56295395,0.99716151,5903,0.06389618,-0.00063127,0.59490204,0.62685013
2811,0.61941147,0.99652641,6495,0.55723190,0.99709977,5843,0.06217957,-0.00057336,0.58832169,0.61941147
2812,0.38032532,0.99728353,3988,0.87881088,0.99630673,9215,-0.49848557,0.00097680,0.62956810,0.87881088
2813,0.38042068,0.99739008,3989,0.87356567,0.99628156,9160,-0.49314499,0.00110852,0.62699318,0.87356567
2814,0.39396286,0.99737115,4131,0.87518692,0.99621501,9177,-0.48122406,0.00115614,0.63457489,0.87518692
2815,0.44794083,0.99557572,4697,0.67424774,0.99856848,7070,-0.22630692,-0.00299276,0.56109428,0.67424774
2816,0.43821335,0.99579327,4595,0.67014694,0.99859117,7027,-0.23193359,-0.00279790,0.55418015,0.67014694
2817,0.42619705,0.99615941,4469,0.65975189,0.99863644,6918,-0.23355484,-0.00247703,0.54297447,0.65975189
2818,0.68960190,0.99465991,7231,0.52471161,0.99821793,5502,0.16489029,-0.00355802,0.60715675,0.68960190
2819,0.68778992,0.99484903,7212,0.52404404,0.99820811,5495,0.16374588,-0.00335908,0.60591698,0.68778992
2820,0.68368912,0.99513477,7169,0.50573349,0.99828916,5303,0.17795563,-0.00315439,0.59471130,0.68368912
2821,0.88014603,0.99282429,9229,0.71954727,0.99621703,7545,0.16059875,-0.00339275,0.79984665,0.88014603
2822,0.87804794,0.99304578,9207,0.69742203,0.99620107,7313,0.18062592,-0.00315529,0.78773499,0.87804794
2823,0.86832047,0.99327378,9105,0.69160461,0.99623927,7252,0.17671585,-0.00296549,0.77996254,0.86832047
2824,0.65383911,0.99703780,6856,0.72269440,0.99584636,7578,-0.06885529,0.00119144,0.68826675,0.72269440
2825,0.63867569,0.99730588,6697,0.69904327,0.99598789,7330,-0.06036758,0.00131799,0.66885948,0.69904327
2826,0.61855316,0.99754223,6486,0.67434311,0.99618369,7071,-0.05578995,0.00135854,0.64644814,0.67434311
2827,0.86402893,0.99589415,9060,0.77209473,0.99694688,8096,0.09193420,-0.00105273,0.81806183,0.86402893
2828,0.85439682,0.99594998,8959,0.74062347,0.99716372,7766,0.11377335,-0.00121374,0.79751015,0.85439682
2829,0.84514618,0.99603922,8862,0.72374344,0.99726306,7589,0.12140274,-0.00122385,0.78444481,0.84514618
2830,0.66623688,0.99721828,6986,0.68759918,0.99668140,7210,-0.02136230,0.00053687,0.67691803,0.68759918
2831,0.66156387,0.99727351,6937,0.66146851,0.99680621,6936,0.00009537,0.00046730,0.66151619,0.66156387
2832,0.66595078,0.99725268,6983,0.64411163,0.99695736,6754,0.02183914,0.00029533,0.65503120,0.66595078
2833,0.52728653,0.99765485,5529,0.86002350,0.99611366,9018,-0.33273697,0.00154118,0.69365501,0.86002350
2834,0.52719116,0.99768702,5528,0.84209442,0.99620573,8830,-0.31490326,0.00148129,0.68464279,0.84209442
2835,0.53176880,0.99759576,5576,0.79832077,0.99637169,8371,-0.26655197,0.00122407,0.66504478,0.79832077
2836,0.58355331,0.99720090,6119,1.22241974,0.99417240,12818,-0.63886642,0.00302850,0.90298653,1.22241974
2837,0.58917999,0.99721866,6178,1.19028091,0.99423551,12481,-0.60110092,0.00298315,0.88973045,1.19028091
2838,0.59585571,0.99719764,6248,1.18112564,0.99429689,12385,-0.58526993,0.00290075,0.88849068,1.18112564
2839,0.99439621,0.99389062,10427,1.57451630,0.98907229,16510,-0.58012009,0.00481834,1.28445625,1.57451630
2840,1.00307465,0.99383363,10518,1.55658722,0.98911706,16322,-0.55351257,0.00471657,1.27983093,1.55658722
2841,1.02806091,0.99370450,10780,1.56135559,0.98903452,16372,-0.53329468,0.00466998,1.29470825,1.56135559
2842,1.04656219,0.99362783,10974,1.55315399,0.98897327,16286,-0.50659180,0.00465456,1.29985809,1.55315399
2843,0.88319778,0.99156053,9261,1.12838745,0.99263809,11832,-0.24518967,-0.00107756,1.00579262,1.12838745
2844,0.90160370,0.99146092,9454,1.11322403,0.99273354,11673,-0.21162033,-0.00127261,1.00741386,1.11322403
2845,0.91114044,0.99148790,9554,1.09472275,0.99305101,11479,-0.18358231,-0.00156310,1.00293159,1.09472275
2846,0.92658997,0.99124363,9716,1.06267929,0.99298322,11143,-0.13608932,-0.00173960,0.99463463,1.06267929
2847,0.89006424,0.99377938,9333,0.75807571,0.99611420,7949,0.13198853,-0.00233482,0.82406998,0.89006424
2848,0.89731216,0.99369877,9409,0.74529648,0.99619640,7815,0.15201569,-0.00249763,0.82130432,0.89731216
2849,0.89950562,0.99361998,9432,0.71334839,0.99624052,7480,0.18615723,-0.00262054,0.80642700,0.89950562
2850,0.91524124,0.99352707,9597,0.70858002,0.99622901,7430,0.20666122,-0.00270194,0.81191063,0.91524124
2851,0.68941116,0.99602397,7229,0.71001053,0.99652491,7445,-0.02059937,-0.00050094,0.69971085,0.71001053
2852,0.68664551,0.99596797,7200,0.71182251,0.99647176,7464,-0.02517700,-0.00050379,0.69923401,0.71182251
2853,0.69389343,0.99592609,7276,0.69417953,0.99650559,7279,-0.00028610,-0.00057950,0.69403648,0.69417953
2854,0.69179535,0.99578433,7254,0.67996979,0.99645147,7130,0.01182556,-0.00066715,0.68588257,0.69179535
2855,0.65546036,0.99671211,6873,0.62284470,0.99559957,6531,0.03261566,0.00111254,0.63915253,0.65546036
2856,0.66757202,0.99666947,7000,0.63533783,0.99549542,6662,0.03223419,0.00117405,0.65145493,0.66757202
2857,0.67319870,0.99655919,7059,0.63676834,0.99538551,6677,0.03643036,0.00117367,0.65498352,0.67319870
2858,0.68206787,0.99655597,7152,0.64563751,0.99525132,6770,0.03643036,0.00130465,0.66385269,0.68206787
2859,0.77371597,0.99447095,8113,0.90560913,0.99370638,9496,-0.13189316,0.00076457,0.83966255,0.90560913
2860,0.77533722,0.99436942,8130,0.89883804,0.99381501,9425,-0.12350082,0.00055440,0.83708763,0.89883804
2861,0.78697205,0.99419523,8252,0.89817047,0.99381564,9418,-0.11119843,0.00037959,0.84257126,0.89817047
2862,0.80051422,0.99388201,8394,0.88338852,0.99379944,9263,-0.08287430,0.00008257,0.84195137,0.88338852
2863,1.09920502,0.99058285,11526,0.52022934,0.99740034,5455,0.57897568,-0.00681749,0.80971718,1.09920502
2864,1.08728409,0.99053951,11401,0.51832199,0.99736010,5435,0.56896210,-0.00682058,0.80280304,1.08728409
2865,1.11322403,0.99041928,11673,0.53186417,0.99737296,5577,0.58135986,-0.00695368,0.82254410,1.11322403
2866,1.10836029,0.99032213,11622,0.52528381,0.99733161,5508,0.58307648,-0.00700948,0.81682205,1.10836029
2867,1.24654770,0.98533231,13071,0.43611526,0.99768788,4573,0.81043243,-0.01235557,0.84133148,1.24654770
2868,1.25408173,0.98492680,13150,0.45356750,0.99761644,4756,0.80051422,-0.01268964,0.85382462,1.25408173
2869,1.27363205,0.98463131,13355,0.46129227,0.99757568,4837,0.81233978,-0.01294437,0.86746216,1.27363205
2870,1.30519867,0.98442381,13686,0.47149658,0.99760953,4944,0.83370209,-0.01318571,0.88834763,1.30519867
2871,1.18713379,0.98960422,12448,0.48561096,0.99829150,5092,0.70152283,-0.00868729,0.83637238,1.18713379
2872,1.18255615,0.98970357,12400,0.48360825,0.99829228,5071,0.69894791,-0.00858872,0.83308220,1.18255615
2873,1.19171143,0.98958695,12496,0.49800873,0.99827885,5222,0.69370270,-0.00869190,0.84486008,1.19171143
2874,1.22518539,0.98938836,12847,0.52614212,0.99820614,5517,0.69904327,-0.00881778,0.87566376,1.22518539
2875,1.00345612,0.98968340,10522,0.65746307,0.99432401,6894,0.34599304,-0.00464061,0.83045959,1.00345612
2876,0.96864700,0.99015510,10157,0.61197281,0.99488985,6417,0.35667419,-0.00473476,0.79030991,0.96864700
2877,0.94804764,0.99101303,9941,0.59051514,0.99550233,6192,0.35753250,-0.00448931,0.76928139,0.94804764
2878,0.92515945,0.99152486,9701,0.54893494,0.99594478,5756,0.37622452,-0.00441991,0.73704720,0.92515945
2879,0.84457397,0.99325852,8856,0.55990219,0.99676515,5871,0.28467178,-0.00350663,0.70223808,0.84457397
2880,0.84333420,0.99332705,8843,0.55103302,0.99680174,5778,0.29230118,-0.00347469,0.69718361,0.84333420
2881,0.84953308,0.99328580,8908,0.53977966,0.99690561,5660,0.30975342,-0.00361982,0.69465637,0.84953308
2882,0.84676743,0.99311959,8879,0.52862167,0.99683867,5543,0.31814575,-0.00371907,0.68769455,0.84676743
2883,0.92296600,0.99237625,9678,0.54893494,0.99652849,5756,0.37403107,-0.00415224,0.73595047,0.92296600
2884,0.93078613,0.99231576,9760,0.56028366,0.99645317,5875,0.37050247,-0.00413740,0.74553490,0.93078613
2885,0.93069077,0.99225615,9759,0.54035187,0.99644601,5666,0.39033890,-0.00418986,0.73552132,0.93069077
2886,0.95291138,0.99216756,9992,0.55007935,0.99642718,5768,0.40283203,-0.00425962,0.75149536,0.95291138
2887,0.86336136,0.99454244,9053,0.56943893,0.99691544,5971,0.29392242,-0.00237299,0.71640015,0.86336136
2888,0.88510513,0.99449565,9281,0.58450699,0.99686909,6129,0.30059814,-0.00237344,0.73480606,0.88510513
2889,0.89960098,0.99433507,9433,0.59213638,0.99677526,6209,0.30746460,-0.00244019,0.74586868,0.89960098
2890,0.90932846,0.99430983,9535,0.58431625,0.99679447,6127,0.32501221,-0.00248464,0.74682236,0.90932846
2891,1.18064880,0.99171010,12380,0.92420578,0.99579664,9691,0.25644302,-0.00408654,1.05242729,1.18064880
2892,1.19962692,0.99163415,12579,0.94165802,0.99563956,9874,0.25796890,-0.00400541,1.07064247,1.19962692
2893,1.21660233,0.99155047,12757,0.94165802,0.99569447,9874,0.27494431,-0.00414399,1.07913017,1.21660233
2894,1.23300552,0.99135843,12929,0.95262527,0.99561782,9989,0.28038025,-0.00425938,1.09281540,1.23300552
2895,1.12495422,0.99381375,11796,1.07278824,0.99362391,11249,0.05216599,0.00018983,1.09887123,1.12495422
2896,1.13906860,0.99373690,11944,1.09024048,0.99359599,11432,0.04882812,0.00014091,1.11465454,1.13906860
2897,1.15270615,0.99360562,12087,1.09338760,0.99351261,11465,0.05931854,0.00009301,1.12304688,1.15270615
2898,1.14974976,0.99356103,12056,1.08404160,0.99348151,11367,0.06570816,0.00007953,1.11689568,1.14974976
2899,1.40762329,0.99044495,14760,1.65901184,0.99029161,17396,-0.25138855,0.00015334,1.53331757,1.65901184
2900,1.41410828,0.99041005,14828,1.67579651,0.99027064,17572,-0.26168823,0.00013941,1.54495239,1.67579651
2901,1.45654678,0.99017970,15273,1.67732239,0.99026620,17588,-0.22077560,-0.00008650,1.56693459,1.67732239
2902,1.47018433,0.99015534,15416,1.68113708,0.99024596,17628,-0.21095276,-0.00009062,1.57566071,1.68113708
2903,1.40924454,0.98976433,14777,0.96940994,0.99167246,10165,0.43983459,-0.00190813,1.18932724,1.40924454
2904,1.42583847,0.98967325,14951,0.97351074,0.99180808,10208,0.45232773,-0.00213484,1.19967461,1.42583847
2905,1.44443512,0.98963321,15146,0.99191666,0.99174196,10401,0.45251846,-0.00210875,1.21817589,1.44443512
2906,1.46112442,0.98945394,15321,0.99639893,0.99168901,10448,0.46472549,-0.00223507,1.22876167,1.46112442
2907,1.42555237,0.98870885,14948,0.64706802,0.99573298,6785,0.77848434,-0.00702413,1.03631020,1.42555237
2908,1.43594742,0.98864532,15057,0.66261292,0.99566883,6948,0.77333450,-0.00702352,1.04928017,1.43594742
2909,1.45902634,0.98856652,15299,0.66480637,0.99575789,6971,0.79421997,-0.00719137,1.06191635,1.45902634
2910,1.47743225,0.98827692,15492,0.68111420,0.99576553,7142,0.79631805,-0.00748861,1.07927322,1.47743225
2911,1.18150711,0.99184445,12389,0.49161911,0.99841399,5155,0.68988800,-0.00656954,0.83656311,1.18150711
2912,1.19600296,0.99180998,12541,0.50201416,0.99842459,5264,0.69398880,-0.00661461,0.84900856,1.19600296
2913,1.20515823,0.99163260,12637,0.50458908,0.99842128,5291,0.70056915,-0.00678867,0.85487366,1.20515823
2914,1.20677948,0.99164363,12654,0.50306320,0.99842721,5275,0.70371628,-0.00678357,0.85492134,1.20677948
2915,0.92248917,0.99453975,9673,0.33311844,0.99853986,3493,0.58937073,-0.00400010,0.62780380,0.92248917
2916,0.93917847,0.99443583,9848,0.34208298,0.99851123,3587,0.59709549,-0.00407540,0.64063072,0.93917847
2917,0.95596313,0.99435416,10024,0.34732819,0.99847401,3642,0.60863495,-0.00411985,0.65164566,0.95596313
2918,0.96216202,0.99424458,10089,0.34933090,0.99845121,3663,0.61283112,-0.00420662,0.65574646,0.96216202
2919,1.08528137,0.99456395,11380,0.22544861,0.99919512,2364,0.85983276,-0.00463117,0.65536499,1.08528137
2920,1.11217499,0.99442503,11662,0.23345947,0.99921038,2448,0.87871552,-0.00478534,0.67281723,1.11217499
2921,1.12485886,0.99438548,11795,0.23765564,0.99923834,2492,0.88720322,-0.00485287,0.68125725,1.12485886
2922,1.13515854,0.99434999,11903,0.22993088,0.99923409,2411,0.90522766,-0.00488411,0.68254471,1.13515854
2923,1.03063583,0.99455552,10807,0.25177002,0.99896647,2640,0.77886581,-0.00441096,0.64120293,1.03063583
2924,1.04656219,0.99451416,10974,0.25606155,0.99901318,2685,0.79050064,-0.00449901,0.65131187,1.04656219
2925,1.05972290,0.99451503,11112,0.27017593,0.99904546,2833,0.78954697,-0.00453043,0.66494942,1.05972290
2926,1.07374191,0.99448852,11259,0.27437210,0.99910421,2877,0.79936981,-0.00461569,0.67405701,1.07374191
2927,1.14231110,0.99268167,11978,0.36191940,0.99848840,3795,0.78039169,-0.00580672,0.75211525,1.14231110
2928,1.16138458,0.99246629,12178,0.37298203,0.99842293,3911,0.78840256,-0.00595663,0.76718330,1.16138458
2929,1.15604401,0.99253561,12122,0.37460327,0.99843292,3928,0.78144073,-0.00589731,0.76532364,1.15604401
2930,1.15346909,0.99252452,12095,0.37956238,0.99841120,3980,0.77390671,-0.00588668,0.76651573,1.15346909
2931,1.07803345,0.99457730,11304,0.58107376,0.99601987,6093,0.49695969,-0.00144256,0.82955360,1.07803345
2932,1.08165741,0.99441709,11342,0.59881210,0.99585549,6279,0.48284531,-0.00143840,0.84023476,1.08165741
2933,1.06019974,0.99456329,11117,0.58364868,0.99590248,6120,0.47655106,-0.00133919,0.82192421,1.06019974
2934,1.06010437,0.99453437,11116,0.59328079,0.99582350,6221,0.46682358,-0.00128913,0.82669258,1.06010437
2935,0.90036392,0.99560597,9441,0.53968430,0.99863530,5659,0.36067963,-0.00302933,0.72002411,0.90036392
2936,0.91133118,0.99560891,9556,0.54025650,0.99859627,5665,0.37107468,-0.00298735,0.72579384,0.91133118
2937,0.90456009,0.99566593,9485,0.53405762,0.99866768,5600,0.37050247,-0.00300175,0.71930885,0.90456009
2938,0.91743469,0.99566167,9620,0.54035187,0.99862985,5666,0.37708282,-0.00296818,0.72889328,0.91743469
2939,1.65405273,0.99023058,17344,0.89015961,0.99595909,9334,0.76389313,-0.00572850,1.27210617,1.65405273
2940,1.65920258,0.99017254,17398,0.89483261,0.99590267,9383,0.76436996,-0.00573013,1.27701759,1.65920258
2941,1.66683197,0.99007937,17478,0.88739395,0.99589338,9305,0.77943802,-0.00581400,1.27711296,1.66683197
2942,1.65462494,0.99032708,17350,0.89044571,0.99604979,9337,0.76417923,-0.00572271,1.27253532,1.65462494
2943,1.86691284,0.98690331,19576,0.80232620,0.99769093,8413,1.06458664,-0.01078762,1.33461952,1.86691284
2944,1.89018250,0.98676983,19820,0.80699921,0.99773643,8462,1.08318329,-0.01096660,1.34859085,1.89018250
2945,1.89704895,0.98670380,19892,0.80537796,0.99773911,8445,1.09167099,-0.01103530,1.35121346,1.89704895
2946,1.91240311,0.98667162,20053,0.80928802,0.99771594,8486,1.10311508,-0.01104432,1.36084557,1.91240311
2947,1.72309875,0.99120892,18068,0.69961548,0.99805395,7336,1.02348328,-0.00684503,1.21135712,1.72309875
2948,1.71451569,0.99115542,17978,0.71592331,0.99796033,7507,0.99859238,-0.00680491,1.21521950,1.71451569
2949,1.68943405,0.99109063,17715,0.71125031,0.99797626,7458,0.97818375,-0.00688563,1.20034218,1.68943405
2950,1.68800354,0.99090248,17700,0.71439743,0.99802827,7491,0.97360611,-0.00712578,1.20120049,1.68800354
2951,1.30834579,0.99060293,13719,0.38623810,0.99857327,4050,0.92210770,-0.00797034,0.84729195,1.30834579
2952,1.33762360,0.99037707,14026,0.39463043,0.99858230,4138,0.94299316,-0.00820523,0.86612701,1.33762360
2953,1.33342743,0.99031562,13982,0.39081573,0.99856665,4098,0.94261169,-0.00825103,0.86212158,1.33342743
2954,1.37596130,0.99009891,14428,0.41704178,0.99844378,4373,0.95891953,-0.00834487,0.89650154,1.37596130
2955,1.13372803,0.99164592,11888,0.52165985,0.99780839,5470,0.61206818,-0.00616247,0.82769394,1.13372803
2956,1.13716125,0.99127197,11924,0.50354004,0.99787945,5280,0.63362122,-0.00660747,0.82035065,1.13716125
2957,1.17940903,0.99088463,12367,0.53205490,0.99766634,5579,0.64735413,-0.00678170,0.85573196,1.17940903
2958,1.18780136,0.99074521,12455,0.53977966,0.99768239,5660,0.64802170,-0.00693717,0.86379051,1.18780136
2959,1.42316818,0.99190861,14923,0.99782944,0.98970416,10463,0.42533875,0.00220445,1.21049881,1.42316818
2960,1.40933990,0.99197006,14778,1.02195740,0.98948579,10716,0.38738251,0.00248427,1.21564865,1.40933990
2961,1.41782761,0.99202527,14867,1.03149414,0.98954828,10816,0.38633347,0.00247700,1.22466087,1.41782761
2962,1.41897202,0.99198711,14879,1.05285645,0.98925254,11040,0.36611557,0.00273457,1.23591423,1.41897202
2963,1.51138306,0.98975307,15848,1.17864609,0.98642867,12359,0.33273697,0.00332440,1.34501457,1.51138306
2964,1.52044296,0.98983729,15943,1.19791031,0.98629660,12561,0.32253265,0.00354069,1.35917664,1.52044296
2965,1.54685974,0.98988707,16220,1.21526718,0.98628858,12743,0.33159256,0.00359849,1.38106346,1.54685974
2966,1.55000687,0.98967087,16253,1.21974945,0.98619175,12790,0.33025742,0.00347913,1.38487816,1.55000687
2967,1.26667023,0.99126661,13282,0.92029572,0.98879939,9650,0.34637451,0.00246722,1.09348297,1.26667023
2968,1.28021240,0.99122916,13424,0.93040466,0.98869976,9756,0.34980774,0.00252941,1.10530853,1.28021240
2969,1.30405426,0.99119532,13674,0.95396042,0.98859897,10003,0.35009384,0.00259635,1.12900734,1.30405426
2970,1.31540298,0.99109395,13793,0.95729828,0.98845169,10038,0.35810471,0.00264225,1.13635063,1.31540298
2971,1.33895874,0.99101991,14040,0.96721649,0.98842193,10142,0.37174225,0.00259798,1.15308762,1.33895874
2972,1.46903992,0.98905551,15404,0.75120926,0.99370102,7877,0.71783066,-0.00464551,1.11012459,1.46903992
2973,1.47409439,0.98905052,15457,0.75273514,0.99373342,7893,0.72135925,-0.00468290,1.11341476,1.47409439
2974,1.48487091,0.98890120,15570,0.75368881,0.99364938,7903,0.73118210,-0.00474818,1.11927986,1.48487091
2975,1.50833130,0.98878332,15816,0.78907013,0.99347956,8274,0.71926117,-0.00469624,1.14870071,1.50833130
2976,1.50957108,0.98875002,15829,0.78172684,0.99350936,8197,0.72784424,-0.00475934,1.14564896,1.50957108
2977,1.34048462,0.99185665,14056,0.73204041,0.99559324,7676,0.60844421,-0.00373659,1.03626251,1.34048462
2978,1.35011673,0.99175667,14157,0.73995590,0.99546249,7759,0.61016083,-0.00370582,1.04503632,1.35011673
2979,1.37844086,0.99152449,14454,0.74615479,0.99547097,7824,0.63228607,-0.00394648,1.06229782,1.37844086
2980,1.37443542,0.99147837,14412,0.74815750,0.99544738,7845,0.62627792,-0.00396901,1.06129646,1.37443542
2981,1.39465332,0.99134723,14624,0.75874329,0.99537858,7956,0.63591003,-0.00403135,1.07669830,1.39465332
2982,1.44290924,0.98974408,15130,0.63362122,0.99742343,6644,0.80928802,-0.00767936,1.03826523,1.44290924
2983,1.42850876,0.98977530,14979,0.62856674,0.99744621,6591,0.79994202,-0.00767091,1.02853775,1.42850876
2984,1.45235062,0.98956564,15229,0.63352585,0.99734419,6643,0.81882477,-0.00777856,1.04293823,1.45235062
2985,1.46150589,0.98952951,15325,0.63018799,0.99733681,6608,0.83131790,-0.00780730,1.04584694,1.46150589
2986,1.49059296,0.98940331,15630,0.65584183,0.99735585,6877,0.83475113,-0.00795253,1.07321739,1.49059296
2987,0.68826675,0.99704733,7217,0.56123734,0.99671487,5885,0.12702942,0.00033245,0.62475204,0.68826675
2988,0.68273544,0.99705909,7159,0.55589676,0.99677279,5829,0.12683868,0.00028630,0.61931610,0.68273544
2989,0.68607330,0.99708688,7194,0.56600571,0.99677929,5935,0.12006760,0.00030759,0.62603951,0.68607330
2990,0.68702698,0.99705284,7204,0.56715012,0.99680852,5947,0.11987686,0.00024432,0.62708855,0.68702698
2991,0.69856644,0.99701493,7325,0.57630539,0.99672851,6043,0.12226105,0.00028641,0.63743591,0.69856644
2992,0.90761185,0.99407811,9517,0.68120956,0.99568356,7143,0.22640228,-0.00160545,0.79441071,0.90761185
2993,0.90198517,0.99411658,9458,0.67834854,0.99570394,7113,0.22363663,-0.00158737,0.79016685,0.90198517
2994,0.90417862,0.99422111,9481,0.67548752,0.99583734,7083,0.22869110,-0.00161623,0.78983307,0.90417862
2995,0.91142654,0.99412347,9557,0.65813065,0.99605804,6901,0.25329590,-0.00193457,0.78477859,0.91142654
2996,0.91123581,0.99416917,9555,0.65317154,0.99612118,6849,0.25806427,-0.00195202,0.78220367,0.91123581
2997,0.69856644,0.99572713,7325,0.41770935,0.99813373,4380,0.28085709,-0.00240661,0.55813789,0.69856644
2998,0.71449280,0.99563894,7492,0.42476654,0.99819475,4454,0.28972626,-0.00255581,0.56962967,0.71449280
2999,0.71573257,0.99565285,7505,0.42438507,0.99820295,4450,0.29134750,-0.00255009,0.57005882,0.71573257
3000,0.72250366,0.99563773,7576,0.42943954,0.99819838,4503,0.29306412,-0.00256066,0.57597160,0.72250366
3001,0.72278976,0.99561942,7579,0.43354034,0.99818092,4546,0.28924942,-0.00256150,0.57816505,0.72278976
3002,0.42762756,0.99775423,4484,0.45976639,0.99773963,4821,-0.03213882,0.00001460,0.44369698,0.45976639
3003,0.43888092,0.99770660,4602,0.47588348,0.99764760,4990,-0.03700256,0.00005900,0.45738220,0.47588348
3004,0.45051575,0.99759748,4724,0.47855377,0.99762559,5018,-0.02803802,-0.00002811,0.46453476,0.47855377
3005,0.45299530,0.99758338,4750,0.48608780,0.99756367,5097,-0.03309250,0.00001971,0.46954155,0.48608780
3006,0.45003891,0.99747300,4719,0.47235489,0.99769630,4953,-0.02231598,-0.00022330,0.46119690,0.47235489
3007,0.71353912,0.99177321,7482,0.79784393,0.99243953,8366,-0.08430481,-0.00066632,0.75569153,0.79784393
3008,0.72383881,0.99149654,7590,0.81195831,0.99230986,8514,-0.08811951,-0.00081332,0.76789856,0.81195831
3009,0.74481964,0.99109158,7810,0.83589554,0.99197679,8765,-0.09107590,-0.00088521,0.79035759,0.83589554
3010,0.75330734,0.99086185,7899,0.85420609,0.99174440,8957,-0.10089874,-0.00088255,0.80375671,0.85420609
3011,0.78763962,0.99044850,8259,0.89397430,0.99140824,9374,-0.10633469,-0.00095974,0.84080696,0.89397430
3012,0.68378448,0.99036790,7170,0.77371597,0.99425701,8113,-0.08993149,-0.00388911,0.72875023,0.77371597
3013,0.68445206,0.99017437,7177,0.75950623,0.99441173,7964,-0.07505417,-0.00423736,0.72197914,0.75950623
3014,0.69074631,0.98996682,7243,0.76942444,0.99438213,8068,-0.07867813,-0.00441531,0.73008537,0.76942444
3015,0.70257187,0.98972270,7367,0.76942444,0.99440765,8068,-0.06685257,-0.00468495,0.73599815,0.76942444
3016,0.72135925,0.98948101,7564,0.79240799,0.99454318,8309,-0.07104874,-0.00506217,0.75688362,0.79240799
3017,0.40607452,0.99908746,4258,0.29306412,0.99914603,3073,0.11301041,-0.00005857,0.34956932,0.40607452
3018,0.41704178,0.99905105,4373,0.30689240,0.99917932,3218,0.11014938,-0.00012827,0.36196709,0.41704178
3019,0.41017532,0.99905629,4301,0.30403137,0.99920933,3188,0.10614395,-0.00015303,0.35710335,0.41017532
3020,0.41913986,0.99903520,4395,0.31270981,0.99918421,3279,0.10643005,-0.00014901,0.36592484,0.41913986
3021,0.43840408,0.99897372,4597,0.32606125,0.99923572,3419,0.11234283,-0.00026200,0.38223267,0.43840408
3022,0.36401749,0.99873476,3817,0.47121048,0.99877230,4941,-0.10719299,-0.00003754,0.41761398,0.47121048
3023,0.36354065,0.99870655,3812,0.48360825,0.99874372,5071,-0.12006760,-0.00003718,0.42357445,0.48360825
3024,0.36239624,0.99876174,3800,0.48685074,0.99876665,5105,-0.12445450,-0.00000491,0.42462349,0.48685074
3025,0.35562515,0.99879102,3729,0.48894882,0.99874924,5127,-0.13332367,0.00004178,0.42228699,0.48894882
3026,0.37689209,0.99870539,3952,0.51269531,0.99871836,5376,-0.13580322,-0.00001297,0.44479370,0.51269531
3027,0.31518936,0.99912083,3305,0.73108673,0.99399002,7666,-0.41589737,0.00513081,0.52313805,0.73108673
3028,0.31843185,0.99914251,3339,0.74329376,0.99398034,7794,-0.42486191,0.00516216,0.53086281,0.74329376
3029,0.31547546,0.99919157,3308,0.74386597,0.99394563,7800,-0.42839050,0.00524594,0.52967072,0.74386597
3030,0.31757355,0.99922376,3330,0.74272156,0.99381930,7788,-0.42514801,0.00540446,0.53014755,0.74272156
3031,0.33216476,0.99915552,3483,0.74768066,0.99374896,7840,-0.41551590,0.00540657,0.53992271,0.74768066
3032,0.53758621,0.99670796,5637,1.03721619,0.98559678,10876,-0.49962997,0.01111119,0.78740120,1.03721619
3033,0.54788589,0.99661389,5745,1.04770660,0.98520028,10986,-0.49982071,0.01141361,0.79779625,1.04770660
3034,0.56562424,0.99654002,5931,1.07107162,0.98496670,11231,-0.50544739,0.01157332,0.81834793,1.07107162
3035,0.57506561,0.99649225,6030,1.07736588,0.98466431,11297,-0.50230026,0.01182794,0.82621574,1.07736588
3036,0.58574677,0.99628311,6142,1.09367371,0.98421540,11468,-0.50792694,0.01206771,0.83971024,1.09367371
3037,0.29773712,0.99867986,3122,1.41229630,0.98061378,14809,-1.11455917,0.01806608,0.85501671,1.41229630
3038,0.30593872,0.99866605,3208,1.44796371,0.98054555,15183,-1.14202499,0.01812050,0.87695122,1.44796371
3039,0.30088425,0.99865757,3155,1.45950317,0.98016718,15304,-1.15861893,0.01849039,0.88019371,1.45950317
3040,0.30860901,0.99867373,3236,1.49269104,0.97972320,15652,-1.18408203,0.01895053,0.90065002,1.49269104
3041,0.31480789,0.99866550,3301,1.52540207,0.97931392,15995,-1.21059418,0.01935158,0.92010498,1.52540207
3042,0.42018890,0.99756874,4406,0.52070618,0.99598058,5460,-0.10051727,0.00158816,0.47044754,0.52070618
3043,0.43649673,0.99749409,4577,0.54559708,0.99578599,5721,-0.10910034,0.00170810,0.49104691,0.54559708
3044,0.44212341,0.99744733,4636,0.55665970,0.99573891,5837,-0.11453629,0.00170841,0.49939156,0.55665970
3045,0.43430328,0.99749897,4554,0.56533813,0.99557882,5928,-0.13103485,0.00192016,0.49982071,0.56533813
3046,0.42963028,0.99746189,4505,0.57744980,0.99532095,6055,-0.14781952,0.00214094,0.50354004,0.57744980
3047,0.51107407,0.99779851,5359,0.44488907,0.99787689,4665,0.06618500,-0.00007838,0.47798157,0.51107407
3048,0.51155090,0.99780037,5364,0.43544769,0.99789395,4566,0.07610321,-0.00009358,0.47349930,0.51155090
3049,0.51746368,0.99778754,5426,0.44870377,0.99788183,4705,0.06875992,-0.00009428,0.48308372,0.51746368
3050,0.52270889,0.99779002,5481,0.44479370,0.99784960,4664,0.07791519,-0.00005958,0.48375130,0.52270889
3051,0.53863525,0.99772826,5648,0.46348572,0.99775442,4860,0.07514954,-0.00002616,0.50106049,0.53863525
3052,0.55341721,0.99775840,5803,0.54473877,0.99724773,5712,0.00867844,0.00051067,0.54907799,0.55341721
3053,0.56667328,0.99767706,5942,0.55236816,0.99725432,5792,0.01430511,0.00042275,0.55952072,0.56667328
3054,0.56257248,0.99762936,5899,0.55389404,0.99719450,5808,0.00867844,0.00043486,0.55823326,0.56257248
3055,0.57735443,0.99756654,6054,0.56123734,0.99722332,5885,0.01611710,0.00034322,0.56929588,0.57735443
3056,0.59003830,0.99740015,6187,0.57592392,0.99708538,6039,0.01411438,0.00031477,0.58298111,0.59003830
3057,0.69236755,0.99681084,7260,0.78687668,0.99515170,8251,-0.09450912,0.00165914,0.73962212,0.78687668
3058,0.71334839,0.99680839,7480,0.80242157,0.99509709,8414,-0.08907318,0.00171130,0.75788498,0.80242157
3059,0.71582794,0.99671290,7506,0.80909729,0.99505810,8484,-0.09326935,0.00165480,0.76246262,0.80909729
3060,0.73356628,0.99663065,7692,0.81481934,0.99500475,8544,-0.08125305,0.00162590,0.77419281,0.81481934
3061,0.74291229,0.99657180,7790,0.82244873,0.99495591,8624,-0.07953644,0.00161589,0.78268051,0.82244873
3062,0.58832169,0.99812912,6169,0.50058365,0.99733787,5249,0.08773804,0.00079126,0.54445267,0.58832169
3063,0.59537888,0.99815538,6243,0.49829483,0.99725270,5225,0.09708405,0.00090268,0.54683685,0.59537888
3064,0.60386658,0.99809935,6332,0.50754547,0.99721704,5322,0.09632111,0.00088231,0.55570602,0.60386658
3065,0.61540604,0.99812784,6453,0.50640106,0.99727944,5310,0.10900497,0.00084840,0.56090355,0.61540604
3066,0.62236786,0.99810571,6526,0.51622391,0.99726609,5413,0.10614395,0.00083962,0.56929588,0.62236786
3067,0.73690414,0.99629105,7727,0.46453476,0.99815645,4871,0.27236938,-0.00186540,0.60071945,0.73690414
3068,0.72746277,0.99626446,7628,0.46472549,0.99809960,4873,0.26273727,-0.00183515,0.59609413,0.72746277
3069,0.74338913,0.99619120,7795,0.48179626,0.99806960,5052,0.26159286,-0.00187840,0.61259270,0.74338913
3070,0.75988770,0.99602976,7968,0.48885345,0.99805786,5126,0.27103424,-0.00202810,0.62437057,0.75988770
3071,0.77438354,0.99600446,8120,0.48351288,0.99806487,5070,0.29087067,-0.00206041,0.62894821,0.77438354
3072,0.81539154,0.99254173,8550,0.64439774,0.99721024,6757,0.17099380,-0.00466851,0.72989464,0.81539154
3073,0.82979202,0.99250017,8701,0.67634583,0.99696381,7092,0.15344620,-0.00446364,0.75306892,0.82979202
3074,0.83742142,0.99248306,8781,0.68712234,0.99669917,7205,0.15029907,-0.00421612,0.76227188,0.83742142
3075,0.86097717,0.99238460,9028,0.71010590,0.99645389,7446,0.15087128,-0.00406929,0.78554153,0.86097717
3076,0.86450577,0.99247549,9065,0.72755814,0.99626548,7629,0.13694763,-0.00378999,0.79603195,0.86450577
3077,0.52661896,0.99502773,5522,0.36611557,0.99756437,3839,0.16050339,-0.00253664,0.44636726,0.52661896
3078,0.52871704,0.99502094,5544,0.39243698,0.99729402,4115,0.13628006,-0.00227308,0.46057701,0.52871704
3079,0.52642822,0.99509367,5520,0.40864944,0.99718973,4285,0.11777878,-0.00209606,0.46753883,0.52642822
3080,0.53462982,0.99507793,5606,0.41713715,0.99706823,4374,0.11749268,-0.00199030,0.47588348,0.53462982
3081,0.51994324,0.99521441,5452,0.40836334,0.99713051,4282,0.11157990,-0.00191611,0.46415329,0.51994324
3082,0.75836182,0.99500372,7952,0.67195892,0.99485925,7046,0.08640289,0.00014446,0.71516037,0.75836182
3083,0.77304840,0.99485885,8106,0.67968369,0.99473598,7127,0.09336472,0.00012287,0.72636604,0.77304840
3084,0.78773499,0.99477219,8260,0.68731308,0.99469251,7207,0.10042191,0.00007968,0.73752403,0.78773499
3085,0.80003738,0.99471965,8389,0.69513321,0.99454598,7289,0.10490417,0.00017366,0.74758530,0.80003738
3086,0.81138611,0.99463517,8508,0.70428848,0.99444543,7385,0.10709763,0.00018974,0.75783730,0.81138611
3087,1.21498108,0.99106741,12740,1.01366043,0.99185762,10629,0.20132065,-0.00079021,1.11432076,1.21498108
3088,1.23872757,0.99107561,12989,1.03473663,0.99172135,10850,0.20399094,-0.00064573,1.13673210,1.23872757
3089,1.26857758,0.99097840,13302,1.04942322,0.99170997,11004,0.21915436,-0.00073157,1.15900040,1.26857758
3090,1.26953125,0.99096816,13312,1.05466843,0.99167436,11059,0.21486282,-0.00070621,1.16209984,1.26953125
3091,1.28755569,0.99091862,13501,1.07078552,0.99161230,11228,0.21677017,-0.00069368,1.17917061,1.28755569
3092,1.25703812,0.98961955,13181,2.42128372,0.97339657,25389,-1.16424561,0.01622298,1.83916092,2.42128372
3093,1.28526688,0.98951936,13477,2.48517990,0.97302972,26059,-1.19991302,0.01648965,1.88522339,2.48517990
3094,1.29508972,0.98930463,13580,2.50062943,0.97283413,26221,-1.20553970,0.01647050,1.89785957,2.50062943
3095,1.32675171,0.98904782,13912,2.56958008,0.97250293,26944,-1.24282837,0.01654488,1.94816589,2.56958008
3096,0.72479248,0.99492717,7600,1.40380859,0.98968216,14720,-0.67901611,0.00524501,1.06430054,1.40380859
3097,0.73871613,0.99480924,7746,1.43966675,0.98952001,15096,-0.70095062,0.00528923,1.08919144,1.43966675
3098,0.74834824,0.99469708,7847,1.46036148,0.98934943,15313,-0.71201324,0.00534765,1.10435486,1.46036148
3099,0.76837540,0.99456567,8057,1.48878098,0.98931716,15611,-0.72040558,0.00524851,1.12857819,1.48878098
3100,0.53682327,0.99660902,5629,1.02195740,0.98991923,10716,-0.48513412,0.00668979,0.77939034,1.02195740
3101,0.54435730,0.99652364,5708,1.03015900,0.98991740,10802,-0.48580170,0.00660624,0.78725815,1.03015900
3102,0.55561066,0.99641243,5826,1.03149414,0.99004374,10816,-0.47588348,0.00636869,0.79355240,1.03149414
3103,0.56409836,0.99631918,5915,1.02787018,0.99010680,10778,-0.46377182,0.00621238,0.79598427,1.02787018
3104,0.60119629,0.99573298,6304,0.65126419,0.99717966,6829,-0.05006790,-0.00144668,0.62623024,0.65126419
3105,0.60577393,0.99574096,6352,0.65135956,0.99725617,6830,-0.04558563,-0.00151521,0.62856674,0.65135956
3106,0.59156418,0.99583736,6203,0.65708160,0.99724327,6890,-0.06551743,-0.00140590,0.62432289,0.65708160
3107,0.58116913,0.99607292,6094,0.66576004,0.99720119,6981,-0.08459091,-0.00112827,0.62346458,0.66576004
3108,0.54512024,0.99797615,5716,0.78887939,0.99707118,8272,-0.24375916,0.00090497,0.66699982,0.78887939
3109,0.53596497,0.99803793,5620,0.78401566,0.99707541,8221,-0.24805069,0.00096252,0.65999031,0.78401566
3110,0.54378510,0.99799522,5702,0.79441071,0.99705944,8330,-0.25062561,0.00093578,0.66909790,0.79441071
3111,0.55351257,0.99798684,5804,0.80871582,0.99704203,8480,-0.25520325,0.00094481,0.68111420,0.80871582
3112,0.86107254,0.99668955,9029,0.64744949,0.99678701,6789,0.21362305,-0.00009747,0.75426102,0.86107254
3113,0.86374283,0.99670401,9057,0.64811707,0.99678123,6796,0.21562576,-0.00007722,0.75592995,0.86374283
3114,0.85792542,0.99680625,8996,0.65488815,0.99685149,6867,0.20303726,-0.00004523,0.75640678,0.85792542
3115,0.86669922,0.99686493,9088,0.66776276,0.99690105,7002,0.19893646,-0.00003611,0.76723099,0.86669922
3116,0.86469650,0.99631827,9067,0.55923462,0.99749474,5864,0.30546188,-0.00117647,0.71196556,0.86469650
3117,0.86278915,0.99623319,9047,0.56591034,0.99737095,5934,0.29687881,-0.00113776,0.71434975,0.86278915
3118,0.86278915,0.99616071,9047,0.56924820,0.99729426,5969,0.29354095,-0.00113355,0.71601868,0.86278915
3119,0.87623596,0.99614288,9188,0.57411194,0.99730090,6020,0.30212402,-0.00115802,0.72517395,0.87623596
3120,1.06191635,0.99487921,11135,0.56276321,0.99687979,5901,0.49915314,-0.00200058,0.81233978,1.06191635
3121,1.06582642,0.99488233,11176,0.56114197,0.99689971,5884,0.50468445,-0.00201738,0.81348419,1.06582642
3122,1.07297897,0.99486280,11251,0.55818558,0.99693636,5853,0.51479340,-0.00207356,0.81558228,1.07297897
3123,1.07860565,0.99466853,11310,0.55685043,0.99682278,5839,0.52175522,-0.00215425,0.81772804,1.07860565
3124,1.03559494,0.99271604,10859,0.88529587,0.99421976,9283,0.15029907,-0.00150372,0.96044540,1.03559494
3125,1.05543137,0.99246412,11067,0.90017319,0.99413781,9439,0.15525818,-0.00167369,0.97780228,1.05543137
3126,1.07927322,0.99222496,11317,0.90999603,0.99404796,9542,0.16927719,-0.00182300,0.99463463,1.07927322
3127,1.09128952,0.99207418,11443,0.92220306,0.99407359,9670,0.16908646,-0.00199941,1.00674629,1.09128952
3128,1.03521347,0.99277674,10855,0.83684921,0.99429752,8775,0.19836426,-0.00152078,0.93603134,1.03521347
3129,1.03769302,0.99265398,10881,0.82483292,0.99431875,8649,0.21286011,-0.00166476,0.93126297,1.03769302
3130,1.06134415,0.99254458,11129,0.81329346,0.99444826,8528,0.24805069,-0.00190368,0.93731880,1.06134415
3131,1.09920502,0.99234277,11526,0.83408356,0.99444063,8746,0.26512146,-0.00209786,0.96664429,1.09920502
3132,0.73156357,0.99509184,7671,0.87690353,0.99339779,9195,-0.14533997,0.00169405,0.80423355,0.87690353
3133,0.74501038,0.99496419,7812,0.87232590,0.99335571,9147,-0.12731552,0.00160848,0.80866814,0.87232590
3134,0.76103210,0.99478804,7980,0.86870193,0.99326879,9109,-0.10766983,0.00151925,0.81486702,0.86870193
3135,0.77295303,0.99477740,8105,0.87451935,0.99325037,9170,-0.10156631,0.00152703,0.82373619,0.87451935
3136,0.95558167,0.99245665,10020,0.76818466,0.99406096,8055,0.18739700,-0.00160431,0.86188316,0.95558167
3137,0.97999573,0.99237249,10276,0.78506470,0.99399817,8232,0.19493103,-0.00162569,0.88253021,0.97999573
3138,0.98733902,0.99217926,10353,0.78086853,0.99396352,8188,0.20647049,-0.00178427,0.88410378,0.98733902
3139,0.99325180,0.99224631,10415,0.78964233,0.99400451,8280,0.20360947,-0.00175820,0.89144707,0.99325180
3140,0.78201294,0.99347377,8200,0.66270828,0.99525115,6949,0.11930466,-0.00177738,0.72236061,0.78201294
3141,0.78983307,0.99341038,8282,0.67062378,0.99523270,7032,0.11920929,-0.00182232,0.73022842,0.78983307
3142,0.78506470,0.99350395,8232,0.65317154,0.99525749,6849,0.13189316,-0.00175354,0.71911812,0.78506470
3143,0.80051422,0.99347141,8394,0.66032410,0.99523195,6924,0.14019012,-0.00176054,0.73041916,0.80051422
3144,0.63266754,0.99541525,6634,0.55274963,0.99711827,5796,0.07991791,-0.00170301,0.59270859,0.63266754
3145,0.63772202,0.99540653,6687,0.56657791,0.99701907,5941,0.07114410,-0.00161254,0.60214996,0.63772202
3146,0.64601898,0.99541313,6774,0.58412552,0.99696495,6125,0.06189346,-0.00155182,0.61507225,0.64601898
3147,0.65898895,0.99531039,6910,0.59938431,0.99685514,6285,0.05960464,-0.00154475,0.62918663,0.65898895
3148,0.76713562,0.99519463,8044,0.96473694,0.99283685,10116,-0.19760132,0.00235778,0.86593628,0.96473694
3149,0.77743530,0.99518856,8152,0.99229813,0.99258900,10405,-0.21486282,0.00259956,0.88486671,0.99229813
3150,0.78325272,0.99512990,8213,1.00498199,0.99242795,10538,-0.22172928,0.00270195,0.89411736,1.00498199
3151,0.78811646,0.99508432,8264,1.02739334,0.99224614,10773,-0.23927689,0.00283818,0.90775490,1.02739334
3152,0.79574585,0.99446515,8344,1.10359192,0.99218008,11572,-0.30784607,0.00228507,0.94966888,1.10359192
3153,0.79545975,0.99438219,8341,1.11064911,0.99204703,11646,-0.31518936,0.00233516,0.95305443,1.11064911
3154,0.80080032,0.99435043,8397,1.10778809,0.99199012,11616,-0.30698776,0.00236031,0.95429420,1.10778809
3155,0.80270767,0.99429645,8417,1.11961365,0.99199180,11740,-0.31690598,0.00230466,0.96116066,1.11961365
3156,0.85096359,0.99348089,8923,1.17378235,0.99219699,12308,-0.32281876,0.00128390,1.01237297,1.17378235
3157,0.85592270,0.99340885,8975,1.17397308,0.99221754,12310,-0.31805038,0.00119132,1.01494789,1.17397308
3158,0.85487366,0.99344060,8964,1.17034912,0.99223362,12272,-0.31547546,0.00120698,1.01261139,1.17034912
3159,0.85201263,0.99340686,8934,1.16968155,0.99221381,12265,-0.31766891,0.00119305,1.01084709,1.16968155
3160,0.93240738,0.99013017,9777,0.75435638,0.99689359,7910,0.17805099,-0.00676342,0.84338188,0.93240738
3161,0.91409683,0.99000996,9585,0.73451996,0.99689445,7702,0.17957687,-0.00688449,0.82430840,0.91409683
3162,0.93269348,0.98999318,9780,0.73184967,0.99682985,7674,0.20084381,-0.00683668,0.83227158,0.93269348
3163,0.92954636,0.98984072,9747,0.72841644,0.99675373,7638,0.20112991,-0.00691301,0.82898140,0.92954636
3164,0.78935623,0.99098947,8277,0.54855347,0.99730293,5752,0.24080276,-0.00631346,0.66895485,0.78935623
3165,0.78697205,0.99095421,8252,0.54512024,0.99730036,5716,0.24185181,-0.00634615,0.66604614,0.78697205
3166,0.79174042,0.99091367,8302,0.54159164,0.99733801,5679,0.25014877,-0.00642433,0.66666603,0.79174042
3167,0.79174042,0.99082461,8302,0.54407120,0.99731499,5705,0.24766922,-0.00649038,0.66790581,0.79174042
3168,0.58078766,0.99610412,6090,0.77495575,0.99493766,8126,-0.19416809,0.00116646,0.67787170,0.77495575
3169,0.56800842,0.99607633,5956,0.76675415,0.99486292,8040,-0.19874573,0.00121341,0.66738129,0.76675415
3170,0.56467056,0.99616280,5921,0.76560974,0.99487079,8028,-0.20093918,0.00129201,0.66514015,0.76560974
3171,0.56180954,0.99625711,5891,0.73738098,0.99492995,7732,-0.17557144,0.00132716,0.64959526,0.73738098
3172,0.65689087,0.99613291,6888,0.69856644,0.99582004,7325,-0.04167557,0.00031287,0.67772865,0.69856644
3173,0.63810349,0.99623289,6691,0.65698624,0.99591377,6889,-0.01888275,0.00031912,0.64754486,0.65698624
3174,0.63381195,0.99625175,6646,0.63514709,0.99597033,6660,-0.00133514,0.00028142,0.63447952,0.63514709
3175,0.63409805,0.99627897,6649,0.61006546,0.99606211,6397,0.02403259,0.00021686,0.62208176,0.63409805
3176,0.60777664,0.99661996,6373,0.40616989,0.99782709,4259,0.20160675,-0.00120713,0.50697327,0.60777664
3177,0.58412552,0.99666046,6125,0.38299561,0.99796689,4016,0.20112991,-0.00130643,0.48356056,0.58412552
3178,0.57477951,0.99666382,6027,0.37174225,0.99802397,3898,0.20303726,-0.00136015,0.47326088,0.57477951
3179,0.56867599,0.99659686,5963,0.37708282,0.99794590,3954,0.19159317,-0.00134903,0.47287941,0.56867599
3180,0.50277710,0.99716417,5272,0.52070618,0.99678298,5460,-0.01792908,0.00038118,0.51174164,0.52070618
3181,0.48055649,0.99710168,5039,0.54512024,0.99624241,5716,-0.06456375,0.00085927,0.51283836,0.54512024
3182,0.48885345,0.99715164,5126,0.59423447,0.99584068,6231,-0.10538101,0.00131096,0.54154396,0.59423447
3183,0.47044754,0.99713897,4933,0.61426163,0.99533850,6441,-0.14381409,0.00180047,0.54235458,0.61426163
3184,0.37775040,0.99750351,3961,0.36764145,0.99827569,3855,0.01010895,-0.00077218,0.37269592,0.37775040
3185,0.37679672,0.99746753,3951,0.36411285,0.99824975,3818,0.01268387,-0.00078222,0.37045479,0.37679672
3186,0.37565231,0.99748778,3939,0.36497116,0.99819543,3827,0.01068115,-0.00070764,0.37031174,0.37565231
3187,0.36945343,0.99747482,3874,0.35991669,0.99823028,3774,0.00953674,-0.00075546,0.36468506,0.36945343
3188,0.37660599,0.99721469,3949,0.38051605,0.99846468,3990,-0.00391006,-0.00124999,0.37856102,0.38051605
3189,0.36525726,0.99726714,3830,0.36487579,0.99864475,3826,0.00038147,-0.00137761,0.36506653,0.36525726
3190,0.36182404,0.99725276,3794,0.36115646,0.99859699,3787,0.00066757,-0.00134423,0.36149025,0.36182404
3191,0.36697388,0.99723236,3848,0.36802292,0.99847478,3859,-0.00104904,-0.00124242,0.36749840,0.36802292
3192,0.41542053,0.99837791,4356,0.33502579,0.99893238,3513,0.08039474,-0.00055446,0.37522316,0.41542053
3193,0.41799545,0.99838437,4383,0.33521652,0.99905015,3515,0.08277893,-0.00066578,0.37660599,0.41799545
3194,0.41809082,0.99851122,4384,0.33664703,0.99905103,3530,0.08144379,-0.00053981,0.37736893,0.41809082
3195,0.42486191,0.99850675,4455,0.34284592,0.99905883,3595,0.08201599,-0.00055208,0.38385391,0.42486191
3196,0.43325424,0.99828891,4543,0.30088425,0.99917170,3155,0.13237000,-0.00088279,0.36706924,0.43325424
3197,0.44460297,0.99828803,4662,0.30364990,0.99920461,3184,0.14095306,-0.00091658,0.37412643,0.44460297
3198,0.44193268,0.99828343,4634,0.30078888,0.99921352,3154,0.14114380,-0.00093009,0.37136078,0.44193268
3199,0.44040680,0.99833128,4618,0.29678345,0.99927331,3112,0.14362335,-0.00094204,0.36859512,0.44040680
3200,0.57735443,0.99680319,6054,0.40645599,0.99798927,4262,0.17089844,-0.00118609,0.49190521,0.57735443
3201,0.57172775,0.99690248,5995,0.40569305,0.99807387,4254,0.16603470,-0.00117139,0.48871040,0.57172775
3202,0.56972504,0.99679280,5974,0.39882660,0.99800228,4182,0.17089844,-0.00120948,0.48427582,0.56972504
3203,0.56800842,0.99694185,5956,0.39768219,0.99811724,4170,0.17032623,-0.00117539,0.48284531,0.56800842
3204,0.55303574,0.99669094,5799,0.29306412,0.99842680,3073,0.25997162,-0.00173587,0.42304993,0.55303574
3205,0.53539276,0.99688912,5614,0.27856827,0.99848019,2921,0.25682449,-0.00159107,0.40698051,0.53539276
3206,0.54702759,0.99672995,5736,0.28696060,0.99840959,3009,0.26006699,-0.00167965,0.41699409,0.54702759
3207,0.53491592,0.99683300,5609,0.27494431,0.99839156,2883,0.25997162,-0.00155856,0.40493011,0.53491592
3208,0.62274933,0.99667541,6530,0.34856796,0.99834652,3655,0.27418137,-0.00167111,0.48565865,0.62274933
3209,0.62456131,0.99690333,6549,0.35514832,0.99846952,3724,0.26941299,-0.00156619,0.48985481,0.62456131
3210,0.61254501,0.99690798,6423,0.34599304,0.99852221,3628,0.26655197,-0.00161423,0.47926903,0.61254501
3211,0.60672760,0.99705205,6362,0.34732819,0.99861611,3642,0.25939941,-0.00156405,0.47702789,0.60672760
3212,0.53462982,0.99709891,5606,0.40788651,0.99878105,4277,0.12674332,-0.00168214,0.47125816,0.53462982
3213,0.53701401,0.99716348,5631,0.42219162,0.99880308,4427,0.11482239,-0.00163960,0.47960281,0.53701401
3214,0.52661896,0.99718836,5522,0.41961670,0.99879764,4400,0.10700226,-0.00160927,0.47311783,0.52661896
3215,0.53596497,0.99725549,5620,0.43363571,0.99880650,4547,0.10232925,-0.00155101,0.48480034,0.53596497
3216,0.49314499,0.99701483,5171,0.30088425,0.99924581,3155,0.19226074,-0.00223098,0.39701462,0.49314499
3217,0.50430298,0.99697610,5288,0.30460358,0.99930828,3194,0.19969940,-0.00233218,0.40445328,0.50430298
3218,0.51078796,0.99689093,5356,0.29706955,0.99939739,3115,0.21371841,-0.00250647,0.40392876,0.51078796
3219,0.52471161,0.99696677,5502,0.30231476,0.99946358,3170,0.22239685,-0.00249681,0.41351318,0.52471161
3220,0.45785904,0.99802976,4801,0.20999908,0.99939487,2202,0.24785995,-0.00136510,0.33392906,0.45785904
3221,0.45919418,0.99810646,4815,0.20456314,0.99939980,2145,0.25463104,-0.00129334,0.33187866,0.45919418
3222,0.45776367,0.99813168,4800,0.20151138,0.99943701,2113,0.25625229,-0.00130532,0.32963753,0.45776367
3223,0.47979355,0.99810202,5031,0.21724701,0.99941019,2278,0.26254654,-0.00130817,0.34852028,0.47979355
3224,0.52814484,0.99825836,5538,0.43010712,0.99869487,4510,0.09803772,-0.00043651,0.47912598,0.52814484
3225,0.50706863,0.99844427,5317,0.39663315,0.99883777,4159,0.11043549,-0.00039350,0.45185089,0.50706863
3226,0.49362183,0.99857087,5176,0.34151077,0.99902166,3581,0.15211105,-0.00045079,0.41756630,0.49362183
3227,0.45785904,0.99871565,4801,0.28963089,0.99915281,3037,0.16822815,-0.00043716,0.37374496,0.45785904
3228,0.40960312,0.99857099,4295,0.27437210,0.99947474,2877,0.13523102,-0.00090375,0.34198761,0.40960312
3229,0.42161942,0.99849618,4421,0.27256012,0.99950891,2858,0.14905930,-0.00101272,0.34708977,0.42161942
3230,0.41913986,0.99854265,4395,0.25663376,0.99950776,2691,0.16250610,-0.00096511,0.33788681,0.41913986
3231,0.41112900,0.99851927,4311,0.23546219,0.99958218,2469,0.17566681,-0.00106292,0.32329559,0.41112900
3232,0.39558411,0.99890563,4148,0.24108887,0.99954642,2528,0.15449524,-0.00064079,0.31833649,0.39558411
3233,0.40225983,0.99887344,4218,0.24137497,0.99956014,2531,0.16088486,-0.00068670,0.32181740,0.40225983
3234,0.39615631,0.99883787,4154,0.23508072,0.99954879,2465,0.16107559,-0.00071092,0.31561852,0.39615631
3235,0.40016174,0.99878950,4196,0.23164749,0.99957543,2429,0.16851425,-0.00078593,0.31590462,0.40016174
3236,0.46606064,0.99769396,4887,0.39958954,0.99859871,4190,0.06647110,-0.00090475,0.43282509,0.46606064
3237,0.46253204,0.99778491,4850,0.38967133,0.99864159,4086,0.07286072,-0.00085668,0.42610168,0.46253204
3238,0.47330856,0.99792175,4963,0.38814545,0.99874982,4070,0.08516312,-0.00082807,0.43072701,0.47330856
3239,0.47397614,0.99800738,4970,0.38309097,0.99876880,4017,0.09088516,-0.00076142,0.42853355,0.47397614
3240,0.46100616,0.99799299,4834,0.42304993,0.99856763,4436,0.03795624,-0.00057464,0.44202805,0.46100616
3241,0.47130585,0.99785912,4942,0.40874481,0.99853794,4286,0.06256104,-0.00067881,0.44002533,0.47130585
3242,0.48809052,0.99780206,5118,0.39958954,0.99851413,4190,0.08850098,-0.00071206,0.44384003,0.48809052
3243,0.51889420,0.99761315,5441,0.27971268,0.99902734,2933,0.23918152,-0.00141419,0.39930344,0.51889420
3244,0.51221848,0.99762859,5371,0.25939941,0.99909131,2720,0.25281906,-0.00146272,0.38580894,0.51221848
3245,0.50592422,0.99773250,5305,0.25129318,0.99902007,2635,0.25463104,-0.00128757,0.37860870,0.50592422
3246,0.69074631,0.99714620,7243,0.28963089,0.99891502,3037,0.40111542,-0.00176882,0.49018860,0.69074631
3247,0.67005157,0.99734342,7026,0.28123856,0.99890144,2949,0.38881302,-0.00155803,0.47564507,0.67005157
3248,0.64401627,0.99749640,6753,0.27847290,0.99885598,2920,0.36554337,-0.00135958,0.46124458,0.64401627
3249,0.74853897,0.99706674,7849,0.46987534,0.99801902,4927,0.27866364,-0.00095228,0.60920715,0.74853897
3250,0.72040558,0.99726626,7554,0.46958923,0.99788670,4924,0.25081635,-0.00062045,0.59499741,0.72040558
3251,0.73690414,0.99736240,7727,0.49066544,0.99765198,5145,0.24623871,-0.00028958,0.61378479,0.73690414
3252,0.73003769,0.99713938,7655,0.57268143,0.99744037,6005,0.15735626,-0.00030099,0.65135956,0.73003769
3253,0.75168610,0.99685009,7882,0.57554245,0.99730267,6035,0.17614365,-0.00045257,0.66361427,0.75168610
3254,0.75368881,0.99657134,7903,0.56705475,0.99729146,5946,0.18663406,-0.00072013,0.66037178,0.75368881
3255,0.59614182,0.99698278,6251,0.52490234,0.99731498,5504,0.07123947,-0.00033220,0.56052208,0.59614182
3256,0.60386658,0.99665554,6332,0.52347183,0.99711423,5489,0.08039474,-0.00045869,0.56366920,0.60386658
3257,0.62246323,0.99648010,6527,0.52452087,0.99711145,5500,0.09794235,-0.00063134,0.57349205,0.62246323
3258,0.59013367,0.99695731,6188,0.62274933,0.99696730,6530,-0.03261566,-0.00000998,0.60644150,0.62274933
3259,0.64668655,0.99669872,6781,0.63085556,0.99701095,6615,0.01583099,-0.00031224,0.63877106,0.64668655
3260,0.71115494,0.99642202,7457,0.65374374,0.99702087,6855,0.05741119,-0.00059885,0.68244934,0.71115494
3261,0.57172775,0.99691616,5995,0.55484772,0.99726100,5818,0.01688004,-0.00034484,0.56328773,0.57172775
3262,0.56676865,0.99684906,5943,0.55055618,0.99738450,5773,0.01621246,-0.00053544,0.55866241,0.56676865
3263,0.55418015,0.99681550,5811,0.54779053,0.99749375,5744,0.00638962,-0.00067825,0.55098534,0.55418015
3264,0.46300888,0.99709066,4855,0.80718994,0.99655554,8464,-0.34418106,0.00053512,0.63509941,0.80718994
3265,0.46119690,0.99727990,4836,0.81443787,0.99659751,8540,-0.35324097,0.00068239,0.63781738,0.81443787
3266,0.44631958,0.99750836,4680,0.81272125,0.99670292,8522,-0.36640167,0.00080545,0.62952042,0.81272125
3267,0.43392181,0.99758467,4550,0.80814362,0.99679785,8474,-0.37422180,0.00078682,0.62103271,0.80814362
3268,0.56943893,0.99695722,5971,0.71821213,0.99638702,7531,-0.14877319,0.00057020,0.64382553,0.71821213
3269,0.58813095,0.99699731,6167,0.72708130,0.99647685,7624,-0.13895035,0.00052046,0.65760612,0.72708130
3270,0.58040619,0.99692446,6086,0.70562363,0.99645836,7399,-0.12521744,0.00046610,0.64301491,0.70562363
3271,0.56171417,0.99698886,5890,0.67605972,0.99658252,7089,-0.11434555,0.00040634,0.61888695,0.67605972
3272,0.53873062,0.99730230,5649,0.73490143,0.99678912,7706,-0.19617081,0.00051317,0.63681602,0.73490143
3273,0.53834915,0.99731954,5645,0.72708130,0.99694365,7624,-0.18873215,0.00037589,0.63271523,0.72708130
3274,0.52461624,0.99734617,5501,0.69751740,0.99719743,7314,-0.17290115,0.00014874,0.61106682,0.69751740
3275,0.51155090,0.99736993,5364,0.69694519,0.99722017,7308,-0.18539429,0.00014975,0.60424805,0.69694519
3276,0.59814453,0.99727062,6272,0.81701279,0.99669415,8567,-0.21886826,0.00057646,0.70757866,0.81701279
3277,0.59804916,0.99726849,6271,0.84037781,0.99666582,8812,-0.24232864,0.00060267,0.71921349,0.84037781
3278,0.62637329,0.99722879,6568,0.87547302,0.99663318,9180,-0.24909973,0.00059562,0.75092316,0.87547302
3279,0.62608719,0.99720999,6565,0.91094971,0.99659883,9552,-0.28486252,0.00061116,0.76851845,0.91094971
3280,0.74653625,0.99630184,7828,0.84314346,0.99451108,8841,-0.09660721,0.00179076,0.79483986,0.84314346
3281,0.73251724,0.99627231,7681,0.85172653,0.99462780,8931,-0.11920929,0.00164451,0.79212189,0.85172653
3282,0.73404312,0.99615485,7697,0.86116791,0.99487246,9030,-0.12712479,0.00128239,0.79760551,0.86116791
3283,0.73795319,0.99612263,7738,0.87032318,0.99509372,9126,-0.13237000,0.00102891,0.80413818,0.87032318
3284,0.81949234,0.99578362,8593,1.17473602,0.99327701,12318,-0.35524368,0.00250660,0.99711418,1.17473602
3285,0.81605911,0.99582181,8557,1.18608475,0.99352515,12437,-0.37002563,0.00229666,1.00107193,1.18608475
3286,0.82902908,0.99588130,8693,1.17616653,0.99402088,12333,-0.34713745,0.00186042,1.00259781,1.17616653
3287,0.84886551,0.99580262,8901,1.21259689,0.99407224,12715,-0.36373138,0.00173037,1.03073120,1.21259689
3288,0.58774948,0.99679243,6163,1.13439560,0.99116593,11895,-0.54664612,0.00562651,0.86107254,1.13439560
3289,0.57916641,0.99664062,6073,1.12333298,0.99145885,11779,-0.54416656,0.00518177,0.85124969,1.12333298
3290,0.58250427,0.99662753,6108,1.13725662,0.99169918,11925,-0.55475235,0.00492835,0.85988045,1.13725662
3291,0.57115555,0.99664488,5989,1.13868713,0.99192011,11940,-0.56753159,0.00472477,0.85492134,1.13868713
3292,0.85878372,0.99404333,9005,0.82702637,0.99384705,8672,0.03175735,0.00019628,0.84290504,0.85878372
3293,0.84552765,0.99419921,8866,0.82635880,0.99414104,8665,0.01916885,0.00005817,0.83594322,0.84552765
3294,0.83398819,0.99440970,8745,0.82941055,0.99448846,8697,0.00457764,-0.00007875,0.83169937,0.83398819
3295,0.81415176,0.99495644,8537,0.82530975,0.99501834,8654,-0.01115799,-0.00006190,0.81973076,0.82530975
3296,0.85229874,0.99317635,8937,0.75712204,0.99474932,7939,0.09517670,-0.00157297,0.80471039,0.85229874
3297,0.82740784,0.99387711,8676,0.75073242,0.99487389,7872,0.07667542,-0.00099678,0.78907013,0.82740784
3298,0.81338882,0.99429778,8529,0.74443817,0.99496984,7806,0.06895065,-0.00067206,0.77891350,0.81338882
3299,0.80051422,0.99437548,8394,0.74405670,0.99501592,7802,0.05645752,-0.00064044,0.77228546,0.80051422
3300,0.71887970,0.99499993,7538,0.93059540,0.99441744,9758,-0.21171570,0.00058249,0.82473755,0.93059540
3301,0.70190430,0.99538564,7360,0.91753006,0.99468320,9621,-0.21562576,0.00070244,0.80971718,0.91753006
3302,0.69913864,0.99531366,7331,0.92201233,0.99483443,9668,-0.22287369,0.00047923,0.81057549,0.92201233
3303,0.68149567,0.99553957,7146,0.94442368,0.99482903,9903,-0.26292801,0.00071054,0.81295967,0.94442368
3304,0.87738037,0.99407835,9200,0.99735260,0.99551664,10458,-0.11997223,-0.00143829,0.93736649,0.99735260
3305,0.84943771,0.99464841,8907,1.02605820,0.99547564,10759,-0.17662048,-0.00082723,0.93774796,1.02605820
3306,0.82302094,0.99518102,8630,1.03406906,0.99547553,10843,-0.21104813,-0.00029451,0.92854500,1.03406906
3307,0.81748962,0.99537708,8572,1.04722977,0.99525584,10981,-0.22974014,0.00012125,0.93235970,1.04722977
3308,0.39319992,0.99727043,4123,0.79975128,0.99373657,8386,-0.40655136,0.00353386,0.59647560,0.79975128
3309,0.39682388,0.99733366,4161,0.81062317,0.99343880,8500,-0.41379929,0.00389486,0.60372353,0.81062317
3310,0.40483475,0.99719517,4245,0.84066391,0.99302148,8815,-0.43582916,0.00417368,0.62274933,0.84066391
3311,0.41942596,0.99724540,4398,0.86135864,0.99268610,9032,-0.44193268,0.00455930,0.64039230,0.86135864
3312,0.63848495,0.99450315,6695,1.04112625,0.99159397,10917,-0.40264130,0.00290918,0.83980560,1.04112625
3313,0.64735413,0.99426794,6788,1.04961395,0.99119081,11006,-0.40225983,0.00307713,0.84848404,1.04961395
3314,0.66108704,0.99432252,6932,1.03626251,0.99107860,10866,-0.37517548,0.00324392,0.84867477,1.03626251
3315,0.66804886,0.99439167,7005,1.01823807,0.99100738,10677,-0.35018921,0.00338429,0.84314346,1.01823807
3316,0.93898773,0.99268323,9846,1.12867355,0.98979006,11835,-0.18968582,0.00289317,1.03383064,1.12867355
3317,0.94461441,0.99282562,9905,1.16491318,0.98961826,12215,-0.22029877,0.00320736,1.05476379,1.16491318
3318,0.96006393,0.99292592,10067,1.20677948,0.98949101,12654,-0.24671555,0.00343491,1.08342171,1.20677948
3319,0.99515915,0.99275582,10435,1.25122070,0.98934598,13120,-0.25606155,0.00340983,1.12318993,1.25122070
3320,0.52862167,0.99585224,5543,0.81844330,0.99326881,8582,-0.28982162,0.00258343,0.67353249,0.81844330
3321,0.52614212,0.99591705,5517,0.84257126,0.99319113,8835,-0.31642914,0.00272593,0.68435669,0.84257126
3322,0.54988861,0.99579725,5766,0.85172653,0.99308701,8931,-0.30183792,0.00271024,0.70080757,0.85172653
3323,0.58345795,0.99570187,6118,0.88214874,0.99290691,9250,-0.29869080,0.00279496,0.73280334,0.88214874
3324,0.43659210,0.99796059,4578,0.54330826,0.99792832,5697,-0.10671616,0.00003228,0.48995018,0.54330826
3325,0.45557022,0.99778985,4777,0.55780411,0.99770886,5849,-0.10223389,0.00008099,0.50668716,0.55780411
3326,0.47369003,0.99769714,4967,0.58507919,0.99769056,6135,-0.11138916,0.00000658,0.52938461,0.58507919
3327,0.50172806,0.99749676,5261,0.61330795,0.99749405,6431,-0.11157990,0.00000271,0.55751801,0.61330795
3328,0.67262650,0.99719840,7053,0.61750412,0.99620566,6475,0.05512238,0.00099274,0.64506531,0.67262650
3329,0.67749023,0.99716973,7104,0.62389374,0.99616352,6542,0.05359650,0.00100621,0.65069199,0.67749023
3330,0.70505142,0.99711497,7393,0.66022873,0.99594100,6923,0.04482269,0.00117397,0.68264008,0.70505142
3331,0.72946548,0.99696937,7649,0.69236755,0.99568032,7260,0.03709793,0.00128904,0.71091652,0.72946548
3332,0.55437088,0.99640066,5813,1.18684769,0.99167120,12445,-0.63247681,0.00472947,0.87060928,1.18684769
3333,0.57821274,0.99620326,6063,1.23796463,0.99134170,12981,-0.65975189,0.00486156,0.90808868,1.23796463
3334,0.59986115,0.99589767,6290,1.26962662,0.99112638,13313,-0.66976547,0.00477129,0.93474388,1.26962662
3335,0.60873032,0.99588102,6383,1.30271912,0.99089992,13660,-0.69398880,0.00498110,0.95572472,1.30271912
3336,0.29296875,0.99808443,3072,1.09624863,0.99299312,11495,-0.80327988,0.00509131,0.69460869,1.09624863
3337,0.30508041,0.99817587,3199,1.14183426,0.99292859,11973,-0.83675385,0.00524727,0.72345734,1.14183426
3338,0.33016205,0.99812151,3462,1.17511749,0.99274679,12322,-0.84495544,0.00537472,0.75263977,1.17511749
3339,0.34389496,0.99799127,3606,1.21164322,0.99256374,12705,-0.86774826,0.00542753,0.77776909,1.21164322
3340,0.71554184,0.99436371,7503,1.02901459,0.99385273,10790,-0.31347275,0.00051098,0.87227821,1.02901459
3341,0.73108673,0.99428402,7666,1.05953217,0.99365917,11110,-0.32844543,0.00062485,0.89530945,1.05953217
3342,0.75311661,0.99438291,7897,1.09834671,0.99344020,11517,-0.34523010,0.00094271,0.92573166,1.09834671
3343,0.76990128,0.99441865,8073,1.12600327,0.99339911,11807,-0.35610199,0.00101954,0.94795227,1.12600327
3344,0.85859299,0.99436606,9003,1.45597458,0.99131810,15267,-0.59738159,0.00304796,1.15728378,1.45597458
3345,0.87347031,0.99434191,9159,1.48391724,0.99116048,15560,-0.61044693,0.00318143,1.17869377,1.48391724
3346,0.87928772,0.99441383,9220,1.51548386,0.99113566,15891,-0.63619614,0.00327817,1.19738579,1.51548386
3347,0.89664459,0.99411511,9402,1.53369904,0.99093584,16082,-0.63705444,0.00317927,1.21517181,1.53369904
3348,1.05724335,0.99195443,11086,1.47228241,0.99115412,15438,-0.41503906,0.00080031,1.26476288,1.47228241
3349,1.07507706,0.99162419,11273,1.49602890,0.99078424,15687,-0.42095184,0.00083995,1.28555298,1.49602890
3350,1.09186172,0.99154638,11449,1.51987076,0.99051295,15937,-0.42800903,0.00103342,1.30586624,1.51987076
3351,1.12428665,0.99125764,11789,1.56917572,0.99011845,16454,-0.44488907,0.00113919,1.34673119,1.56917572
3352,0.82950592,0.99380155,8698,1.39198303,0.99194190,14596,-0.56247711,0.00185965,1.11074448,1.39198303
3353,0.84514618,0.99387346,8862,1.43013000,0.99195785,14996,-0.58498383,0.00191562,1.13763809,1.43013000
3354,0.86460114,0.99353537,9066,1.45730972,0.99166475,15281,-0.59270859,0.00187061,1.16095543,1.45730972
3355,0.87509155,0.99353701,9176,1.48124695,0.99152730,15532,-0.60615540,0.00200971,1.17816925,1.48124695
3356,1.04322433,0.99227169,10939,1.75323486,0.99142801,18384,-0.71001053,0.00084368,1.39822960,1.75323486
3357,1.07164383,0.99221249,11237,1.79004669,0.99133827,18770,-0.71840286,0.00087422,1.43084526,1.79004669
3358,1.08747482,0.99230281,11403,1.80873871,0.99146265,18966,-0.72126389,0.00084017,1.44810677,1.80873871
3359,1.10826492,0.99233373,11621,1.85222626,0.99133882,19422,-0.74396133,0.00099490,1.48024559,1.85222626
3360,0.87041855,0.99374122,9127,1.22594833,0.99456523,12855,-0.35552979,-0.00082402,1.04818344,1.22594833
3361,0.87842941,0.99381664,9211,1.25045776,0.99441155,13112,-0.37202835,-0.00059491,1.06444359,1.25045776
3362,0.88653564,0.99384087,9296,1.24797821,0.99438725,13086,-0.36144257,-0.00054638,1.06725693,1.24797821
3363,0.89101791,0.99414986,9343,1.25007629,0.99448882,13108,-0.35905838,-0.00033896,1.07054710,1.25007629
3364,0.91743469,0.99483249,9620,0.92754364,0.99808570,9726,-0.01010895,-0.00325321,0.92248917,0.92754364
3365,0.93011856,0.99492504,9753,0.93317032,0.99812052,9785,-0.00305176,-0.00319549,0.93164444,0.93317032
3366,0.93288422,0.99492156,9782,0.91619492,0.99819828,9607,0.01668930,-0.00327672,0.92453957,0.93288422
3367,0.94223022,0.99487162,9880,0.89902878,0.99824643,9427,0.04320145,-0.00337481,0.92062950,0.94223022
3368,0.71935654,0.99604894,7543,0.90065002,0.99808747,9444,-0.18129349,-0.00203852,0.81000328,0.90065002
3369,0.74253082,0.99590855,7786,0.92020035,0.99804207,9649,-0.17766953,-0.00213352,0.83136559,0.92020035
3370,0.73442459,0.99598229,7701,0.90951920,0.99808136,9537,-0.17509460,-0.00209907,0.82197189,0.90951920
3371,0.73776245,0.99600507,7736,0.88520050,0.99815204,9282,-0.14743805,-0.00214697,0.81148148,0.88520050
3372,0.85897446,0.99536396,9007,1.27134323,0.99567346,13331,-0.41236877,-0.00030950,1.06515884,1.27134323
3373,0.83980560,0.99529972,8806,1.28288269,0.99575698,13452,-0.44307709,-0.00045726,1.06134415,1.28288269
3374,0.81853867,0.99538020,8583,1.27620697,0.99586373,13382,-0.45766830,-0.00048353,1.04737282,1.27620697
3375,0.78496933,0.99539872,8231,1.28946304,0.99584150,13521,-0.50449371,-0.00044278,1.03721619,1.28946304
3376,0.61502457,0.99668884,6449,1.25722885,0.99555107,13183,-0.64220428,0.00113777,0.93612671,1.25722885
3377,0.62570572,0.99669312,6561,1.27744675,0.99563242,13395,-0.65174103,0.00106070,0.95157623,1.27744675
3378,0.62255859,0.99672141,6528,1.28822327,0.99547381,13508,-0.66566467,0.00124760,0.95539093,1.28822327
3379,0.62131882,0.99685390,6515,1.28803253,0.99515384,13506,-0.66671371,0.00170006,0.95467567,1.28803253
3380,0.43163300,0.99831559,4526,1.08985901,0.99637356,11428,-0.65822601,0.00194202,0.76074600,1.08985901
3381,0.44860840,0.99827920,4704,1.10416412,0.99583069,11578,-0.65555573,0.00244852,0.77638626,1.10416412
3382,0.46005249,0.99832801,4824,1.11675262,0.99550772,11710,-0.65670013,0.00282029,0.78840256,1.11675262
3383,0.48418045,0.99829476,5077,1.12819672,0.99540399,11830,-0.64401627,0.00289077,0.80618858,1.12819672
3384,0.43230057,0.99830070,4533,0.93212128,0.99646327,9774,-0.49982071,0.00183743,0.68221092,0.93212128
3385,0.44574738,0.99827165,4674,0.95100403,0.99634674,9972,-0.50525665,0.00192491,0.69837570,0.95100403
3386,0.46730042,0.99816483,4900,0.96321106,0.99621418,10100,-0.49591064,0.00195065,0.71525574,0.96321106
3387,0.46491623,0.99821349,4875,0.97894669,0.99603284,10265,-0.51403046,0.00218065,0.72193146,0.97894669
3388,0.55818558,0.99697581,5853,0.84123611,0.99671989,8821,-0.28305054,0.00025592,0.69971085,0.84123611
3389,0.55828094,0.99696216,5854,0.83274841,0.99669610,8732,-0.27446747,0.00026606,0.69551468,0.83274841
3390,0.56324005,0.99687311,5906,0.82445145,0.99670499,8645,-0.26121140,0.00016812,0.69384575,0.82445145
3391,0.57802200,0.99669160,6061,0.84323883,0.99661888,8842,-0.26521683,0.00007272,0.71063042,0.84323883
3392,0.64439774,0.99620605,6757,0.83217621,0.99684910,8726,-0.18777847,-0.00064305,0.73828697,0.83217621
3393,0.64182281,0.99598482,6730,0.84161758,0.99672025,8825,-0.19979477,-0.00073543,0.74172020,0.84161758
3394,0.64935684,0.99576850,6809,0.83189011,0.99665934,8723,-0.18253326,-0.00089084,0.74062347,0.83189011
3395,0.65765381,0.99549287,6896,0.84142685,0.99657738,8823,-0.18377304,-0.00108451,0.74954033,0.84142685
3396,0.55065155,0.99637794,5774,1.05142593,0.99435498,11025,-0.50077438,0.00202297,0.80103874,1.05142593
3397,0.55437088,0.99629924,5813,1.04942322,0.99435400,11004,-0.49505234,0.00194524,0.80189705,1.04942322
3398,0.56056976,0.99641615,5878,1.07746124,0.99434389,11298,-0.51689148,0.00207227,0.81901550,1.07746124
3399,0.56495667,0.99633617,5924,1.09691620,0.99434560,11502,-0.53195953,0.00199057,0.83093643,1.09691620
3400,0.45537949,0.99774883,4775,0.72212219,0.99662058,7572,-0.26674271,0.00112825,0.58875084,0.72212219
3401,0.46939850,0.99767108,4922,0.73795319,0.99657590,7738,-0.26855469,0.00109518,0.60367584,0.73795319
3402,0.45661926,0.99767660,4788,0.74777603,0.99656130,7841,-0.29115677,0.00111530,0.60219765,0.74777603
3403,0.45890808,0.99761790,4812,0.75607300,0.99648398,7928,-0.29716492,0.00113393,0.60749054,0.75607300
3404,0.58336258,0.99593121,6117,0.73595047,0.99668734,7717,-0.15258789,-0.00075614,0.65965652,0.73595047
3405,0.57563782,0.99584090,6036,0.73366165,0.99666803,7693,-0.15802383,-0.00082713,0.65464973,0.73366165
3406,0.58431625,0.99579854,6127,0.74100494,0.99665256,7770,-0.15668869,-0.00085402,0.66266060,0.74100494
3407,0.58565140,0.99575157,6141,0.74605942,0.99654659,7823,-0.16040802,-0.00079502,0.66585541,0.74605942
3408,1.01861954,0.98982136,10681,0.97227097,0.99242781,10195,0.04634857,-0.00260645,0.99544525,1.01861954
3409,1.01108551,0.98977889,10602,0.98028183,0.99237881,10279,0.03080368,-0.00259992,0.99568367,1.01108551
3410,1.01146698,0.98967857,10606,0.98562241,0.99233019,10335,0.02584457,-0.00265162,0.99854469,1.01146698
3411,1.02367401,0.98959393,10734,1.00069046,0.99226458,10493,0.02298355,-0.00267064,1.01218224,1.02367401
3412,0.71878433,0.99384468,7537,1.00965500,0.99145283,10587,-0.29087067,0.00239184,0.86421967,1.00965500
3413,0.72078705,0.99382566,7558,1.01671219,0.99139784,10661,-0.29592514,0.00242782,0.86874962,1.01671219
3414,0.73814392,0.99382359,7740,1.02825165,0.99133672,10782,-0.29010773,0.00248687,0.88319778,1.02825165
3415,0.73099136,0.99393232,7665,1.02758408,0.99131760,10775,-0.29659271,0.00261473,0.87928772,1.02758408
3416,1.17788315,0.98954538,12351,1.20687485,0.99169189,12655,-0.02899170,-0.00214650,1.19237900,1.20687485
3417,1.16720200,0.98970085,12239,1.21479034,0.99172960,12738,-0.04758835,-0.00202874,1.19099617,1.21479034
3418,1.16834641,0.98971708,12251,1.22108459,0.99164790,12804,-0.05273819,-0.00193082,1.19471550,1.22108459
3419,1.17301941,0.98964065,12300,1.23777390,0.99155017,12979,-0.06475449,-0.00190952,1.20539665,1.23777390
3420,1.35908127,0.98262063,14251,1.03998184,0.99176215,10905,0.31909943,-0.00914151,1.19953156,1.35908127
3421,1.35097504,0.98240093,14166,1.04246140,0.99163134,10931,0.30851364,-0.00923041,1.19671822,1.35097504
3422,1.34696960,0.98225958,14124,1.04665756,0.99153266,10975,0.30031204,-0.00927308,1.19681358,1.34696960
3423,1.34248734,0.98210400,14077,1.04932785,0.99137767,11003,0.29315948,-0.00927367,1.19590759,1.34248734
3424,1.06563568,0.98836068,11174,1.09138489,0.99097907,11444,-0.02574921,-0.00261839,1.07851028,1.09138489
3425,1.04799271,0.98853101,10989,1.08537674,0.99097698,11381,-0.03738403,-0.00244597,1.06668472,1.08537674
3426,1.04265213,0.98847287,10933,1.07965469,0.99097982,11321,-0.03700256,-0.00250695,1.06115341,1.07965469
3427,1.03445053,0.98861024,10847,1.08356476,0.99100905,11362,-0.04911423,-0.00239881,1.05900764,1.08356476
3428,1.22737885,0.98833460,12870,1.10473633,0.99032163,11584,0.12264252,-0.00198702,1.16605759,1.22737885
3429,1.19152069,0.98837558,12494,1.10502243,0.99017984,11587,0.08649826,-0.00180426,1.14827156,1.19152069
3430,1.18284225,0.98855599,12403,1.08842850,0.99020819,11413,0.09441376,-0.00165220,1.13563538,1.18284225
3431,1.18007660,0.98843852,12374,1.09825134,0.99012282,11516,0.08182526,-0.00168430,1.13916397,1.18007660
3432,1.08747482,0.99122995,11403,1.20477676,0.98849087,12633,-0.11730194,0.00273908,1.14612579,1.20477676
3433,1.07192993,0.99131236,11240,1.19714737,0.98854519,12553,-0.12521744,0.00276717,1.13453865,1.19714737
3434,1.07984543,0.99147308,11323,1.21126175,0.98867318,12701,-0.13141632,0.00279990,1.14555359,1.21126175
3435,1.05714798,0.99164438,11085,1.20143890,0.98868864,12598,-0.14429092,0.00295574,1.12929344,1.20143890
3436,0.87537766,0.99317156,9179,1.20620728,0.98965254,12648,-0.33082962,0.00351902,1.04079247,1.20620728
3437,0.85763931,0.99330236,8993,1.19037628,0.98973834,12482,-0.33273697,0.00356403,1.02400780,1.19037628
3438,0.87661743,0.99329953,9192,1.21335983,0.98974659,12723,-0.33674240,0.00355294,1.04498863,1.21335983
3439,0.86688995,0.99339345,9090,1.21593475,0.98979935,12750,-0.34904480,0.00359410,1.04141235,1.21593475
3440,1.04608536,0.98960497,10969,1.21746063,0.99116330,12766,-0.17137527,-0.00155833,1.13177299,1.21746063
3441,1.04799271,0.99000906,10989,1.21479034,0.99145567,12738,-0.16679764,-0.00144661,1.13139153,1.21479034
3442,1.02910995,0.99016807,10791,1.20315552,0.99159992,12616,-0.17404556,-0.00143185,1.11613274,1.20315552
3443,1.01671219,0.99025636,10661,1.18703842,0.99178344,12447,-0.17032623,-0.00152708,1.10187531,1.18703842
3444,0.95396042,0.99193215,10003,1.44462585,0.99114134,15148,-0.49066544,0.00079080,1.19929314,1.44462585
3445,0.93698502,0.99213657,9825,1.43079758,0.99134966,15003,-0.49381256,0.00078691,1.18389130,1.43079758
3446,0.92773438,0.99219103,9728,1.42507553,0.99152510,14943,-0.49734116,0.00066594,1.17640495,1.42507553
3447,0.92258453,0.99228664,9674,1.44166946,0.99170334,15117,-0.51908493,0.00058330,1.18212700,1.44166946
3448,0.68569183,0.99496894,7190,1.38578415,0.99346228,14531,-0.70009232,0.00150667,1.03573799,1.38578415
3449,0.69990158,0.99491821,7339,1.38654709,0.99349371,14539,-0.68664551,0.00142451,1.04322433,1.38654709
3450,0.68702698,0.99501480,7204,1.36766434,0.99367485,14341,-0.68063736,0.00133994,1.02734566,1.36766434
3451,0.65898895,0.99537158,6910,1.34820938,0.99396136,14137,-0.68922043,0.00141021,1.00359917,1.34820938
3452,0.57020187,0.99731219,5979,1.54323578,0.99310413,16182,-0.97303391,0.00420805,1.05671883,1.54323578
3453,0.55952072,0.99731926,5867,1.51710510,0.99329841,15908,-0.95758438,0.00402085,1.03831291,1.51710510
3454,0.55103302,0.99738677,5778,1.50299072,0.99343649,15760,-0.95195770,0.00395029,1.02701187,1.50299072
3455,0.52947998,0.99753129,5552,1.48057938,0.99366890,15525,-0.95109940,0.00386239,1.00502968,1.48057938
3456,0.65603256,0.99608343,6879,1.59292221,0.99147174,16703,-0.93688965,0.00461169,1.12447739,1.59292221
3457,0.62494278,0.99635042,6553,1.54895782,0.99182708,16242,-0.92401505,0.00452334,1.08695030,1.54895782
3458,0.61426163,0.99655630,6441,1.54390335,0.99193947,16189,-0.92964172,0.00461682,1.07908249,1.54390335
3459,0.59051514,0.99667103,6192,1.51672363,0.99208240,15904,-0.92620850,0.00458863,1.05361938,1.51672363
3460,0.58975220,0.99709234,6184,1.39884949,0.99584632,14668,-0.80909729,0.00124602,0.99430084,1.39884949
3461,0.57849884,0.99702375,6066,1.38187408,0.99587730,14490,-0.80337524,0.00114645,0.98018646,1.38187408
3462,0.57439804,0.99698986,6023,1.36833191,0.99598395,14348,-0.79393387,0.00100591,0.97136497,1.36833191
3463,0.56152344,0.99712762,5888,1.37357712,0.99611065,14403,-0.81205368,0.00101697,0.96755028,1.37357712
3464,0.65717697,0.99618080,6891,1.46780014,0.99542006,15391,-0.81062317,0.00076074,1.06248856,1.46780014
3465,0.64773560,0.99634740,6792,1.45492554,0.99557127,15256,-0.80718994,0.00077612,1.05133057,1.45492554
3466,0.63562393,0.99639366,6665,1.44834518,0.99580991,15187,-0.81272125,0.00058374,1.04198456,1.44834518
3467,0.62112808,0.99635801,6513,1.41477585,0.99593461,14835,-0.79364777,0.00042340,1.01795197,1.41477585
3468,0.67882538,0.99481588,7118,1.71823502,0.99185342,18017,-1.03940964,0.00296246,1.19853020,1.71823502
3469,0.66862106,0.99478749,7011,1.69839859,0.99206886,17809,-1.02977753,0.00271862,1.18350983,1.69839859
3470,0.67501068,0.99453260,7078,1.67493820,0.99226340,17563,-0.99992752,0.00226920,1.17497444,1.67493820
3471,0.69189072,0.99440350,7255,1.66883469,0.99259802,17499,-0.97694397,0.00180547,1.18036270,1.66883469
3472,0.75311661,0.99438112,7897,1.77202225,0.99117724,18581,-1.01890564,0.00320388,1.26256943,1.77202225
3473,0.75864792,0.99412292,7955,1.77659988,0.99130948,18629,-1.01795197,0.00281343,1.26762390,1.77659988
3474,0.79469681,0.99337975,8333,1.78546906,0.99133631,18722,-0.99077225,0.00204344,1.29008293,1.78546906
3475,0.79193115,0.99303392,8304,1.74560547,0.99154388,18304,-0.95367432,0.00149004,1.26876831,1.74560547
3476,0.78449249,0.99205496,8226,1.60818100,0.99130456,16863,-0.82368851,0.00075040,1.19633675,1.60818100
3477,0.78840256,0.99158406,8267,1.58805847,0.99143597,16652,-0.79965591,0.00014809,1.18823051,1.58805847
3478,0.80614090,0.99115750,8453,1.58996582,0.99138875,16672,-0.78382492,-0.00023125,1.19805336,1.58996582
3479,0.79030991,0.99080776,8287,1.55620575,0.99162893,16318,-0.76589584,-0.00082118,1.17325783,1.55620575
3480,0.86145401,0.99006927,9033,1.42660141,0.99162063,14959,-0.56514740,-0.00155136,1.14402771,1.42660141
3481,0.86774826,0.98991184,9099,1.40666962,0.99178327,14750,-0.53892136,-0.00187143,1.13720894,1.40666962
3482,0.87375641,0.98970528,9162,1.40028000,0.99206147,14683,-0.52652359,-0.00235619,1.13701820,1.40028000
3483,0.85391998,0.98934191,8954,1.36499405,0.99223941,14313,-0.51107407,-0.00289749,1.10945702,1.36499405
3484,0.88930130,0.98950525,9325,1.25799179,0.99249012,13191,-0.36869049,-0.00298486,1.07364655,1.25799179
3485,0.91409683,0.98927550,9585,1.26342773,0.99267196,13248,-0.34933090,-0.00339646,1.08876228,1.26342773
3486,0.92163086,0.98915554,9664,1.24921799,0.99302298,13099,-0.32758713,-0.00386744,1.08542442,1.24921799
3487,0.90465546,0.98897754,9486,1.24788284,0.99313654,13085,-0.34322739,-0.00415900,1.07626915,1.24788284
3488,0.91533661,0.98864173,9598,1.21755600,0.99357996,12767,-0.30221939,-0.00493823,1.06644630,1.21755600
3489,0.82588196,0.99122226,8660,1.27363205,0.99292556,13355,-0.44775009,-0.00170330,1.04975700,1.27363205
3490,0.83494186,0.99096225,8755,1.29737854,0.99253308,13604,-0.46243668,-0.00157083,1.06616020,1.29737854
3491,0.82597733,0.99100038,8661,1.28345490,0.99258013,13458,-0.45747757,-0.00157975,1.05471611,1.28345490
3492,0.84342957,0.99067623,8844,1.30939484,0.99206984,13730,-0.46596527,-0.00139361,1.07641220,1.30939484
3493,0.84238052,0.99040279,8833,1.29241943,0.99200017,13552,-0.45003891,-0.00159738,1.06739998,1.29241943
3494,0.80356598,0.99180722,8426,1.40895844,0.99261218,14774,-0.60539246,-0.00080495,1.10626221,1.40895844
3495,0.81405640,0.99119243,8536,1.42726898,0.99233631,14966,-0.61321259,-0.00114388,1.12066269,1.42726898
3496,0.81882477,0.99069091,8586,1.43289566,0.99227268,15025,-0.61407089,-0.00158177,1.12586021,1.43289566
3497,0.83103180,0.99017344,8714,1.45502090,0.99205277,15257,-0.62398911,-0.00187932,1.14302635,1.45502090
3498,0.82683563,0.99008956,8670,1.44329071,0.99221873,15134,-0.61645508,-0.00212917,1.13506317,1.44329071
3499,0.92382431,0.99133701,9687,1.50041580,0.99247143,15733,-0.57659149,-0.00113442,1.21212006,1.50041580
3500,0.92678070,0.99124683,9718,1.49774551,0.99237020,15705,-0.57096481,-0.00112337,1.21226311,1.49774551
3501,0.92353821,0.99127702,9684,1.48000717,0.99248997,15519,-0.55646896,-0.00121294,1.20177269,1.48000717
3502,0.91886520,0.99125271,9635,1.49965286,0.99239829,15725,-0.58078766,-0.00114558,1.20925903,1.49965286
3503,0.89797974,0.99148017,9416,1.47962570,0.99256691,15515,-0.58164597,-0.00108674,1.18880272,1.47962570
3504,0.94861984,0.98820365,9947,1.47228241,0.99017424,15438,-0.52366257,-0.00197059,1.21045113,1.47228241
3505,0.94852448,0.98843176,9946,1.46732330,0.99032003,15386,-0.51879883,-0.00188827,1.20792389,1.46732330
3506,0.93851089,0.98835661,9841,1.46617889,0.99023986,15374,-0.52766800,-0.00188326,1.20234489,1.46617889
3507,0.94842911,0.98831117,9945,1.47581100,0.99030799,15475,-0.52738190,-0.00199682,1.21212006,1.47581100
3508,0.93526840,0.98823260,9807,1.46093369,0.99022929,15319,-0.52566528,-0.00199669,1.19810104,1.46093369
3509,0.78125000,0.99404681,8192,1.55906677,0.99094649,16348,-0.77781677,0.00310032,1.17015839,1.55906677
3510,0.77905655,0.99398219,8169,1.55553818,0.99086964,16311,-0.77648163,0.00311255,1.16729736,1.55553818
3511,0.77953339,0.99415082,8174,1.55506134,0.99083980,16306,-0.77552795,0.00331101,1.16729736,1.55506134
3512,0.78487396,0.99398307,8230,1.56269073,0.99074257,16386,-0.77781677,0.00324050,1.17378235,1.56269073
3513,0.78115463,0.99409941,8191,1.54361725,0.99080336,16186,-0.76246262,0.00329605,1.16238594,1.54361725
3514,0.68511963,0.99526200,7184,1.44395828,0.98933315,15141,-0.75883865,0.00592885,1.06453896,1.44395828
3515,0.67968369,0.99536719,7127,1.43404007,0.98925119,15037,-0.75435638,0.00611600,1.05686188,1.43404007
3516,0.66967010,0.99557123,7022,1.41811371,0.98919215,14870,-0.74844360,0.00637908,1.04389191,1.41811371
3517,0.69379807,0.99542620,7275,1.43327713,0.98908386,15029,-0.73947906,0.00634234,1.06353760,1.43327713
3518,0.68016052,0.99571605,7132,1.41830444,0.98902026,14872,-0.73814392,0.00669579,1.04923248,1.41830444
3519,0.86164474,0.99376646,9035,1.62210464,0.98711065,17009,-0.76045990,0.00665581,1.24187469,1.62210464
3520,0.85754395,0.99376685,8992,1.61123276,0.98704437,16895,-0.75368881,0.00672248,1.23438835,1.61123276
3521,0.85535049,0.99358448,8969,1.59530640,0.98727773,16728,-0.73995590,0.00630676,1.22532845,1.59530640
3522,0.86240768,0.99348306,9043,1.60751343,0.98727459,16856,-0.74510574,0.00620847,1.23496056,1.60751343
3523,0.86278915,0.99358580,9047,1.60799026,0.98743639,16861,-0.74520111,0.00614941,1.23538971,1.60799026
3524,1.22499466,0.98725403,12845,1.68514252,0.98908619,17670,-0.46014786,-0.00183216,1.45506859,1.68514252
3525,1.20573044,0.98752741,12643,1.66339874,0.98927497,17442,-0.45766830,-0.00174757,1.43456459,1.66339874
3526,1.21431351,0.98770901,12733,1.66158676,0.98933899,17423,-0.44727325,-0.00162998,1.43795013,1.66158676
3527,1.22423172,0.98776840,12837,1.64232254,0.98932439,17221,-0.41809082,-0.00155599,1.43327713,1.64232254
3528,1.23233795,0.98770559,12922,1.65538788,0.98975608,17358,-0.42304993,-0.00205049,1.44386292,1.65538788
3529,1.07841492,0.99094131,11308,1.69572830,0.99074142,17781,-0.61731339,0.00019989,1.38707161,1.69572830
3530,1.08041763,0.99088175,11329,1.68895721,0.99096405,17710,-0.60853958,-0.00008230,1.38468742,1.68895721
3531,1.06124878,0.99088022,11128,1.68781281,0.99129134,17698,-0.62656403,-0.00041113,1.37453079,1.68781281
3532,1.07469559,0.99080273,11269,1.68600082,0.99140137,17679,-0.61130524,-0.00059864,1.38034821,1.68600082
3533,1.06258392,0.99094191,11142,1.68418884,0.99167611,17660,-0.62160492,-0.00073420,1.37338638,1.68418884
3534,0.96569061,0.99255723,10126,1.88331604,0.99060594,19748,-0.91762543,0.00195129,1.42450333,1.88331604
3535,0.97036362,0.99271472,10175,1.86128616,0.99086955,19517,-0.89092255,0.00184517,1.41582489,1.86128616
3536,0.97417831,0.99289903,10215,1.87330246,0.99097295,19643,-0.89912415,0.00192609,1.42374039,1.87330246
3537,0.98838806,0.99285807,10364,1.87606812,0.99091843,19672,-0.88768005,0.00193964,1.43222809,1.87606812
3538,0.97064972,0.99273870,10178,1.85098648,0.99121802,19409,-0.88033676,0.00152068,1.41081810,1.85098648
3539,0.83179474,0.99380136,8722,1.98507309,0.98872279,20815,-1.15327835,0.00507857,1.40843391,1.98507309
3540,0.81300735,0.99380136,8525,1.96580887,0.98891315,20613,-1.15280151,0.00488821,1.38940811,1.96580887
3541,0.81815720,0.99406109,8579,1.95140839,0.98901754,20462,-1.13325119,0.00504355,1.38478279,1.95140839
3542,0.80442429,0.99411969,8435,1.92766190,0.98951739,20213,-1.12323761,0.00460230,1.36604309,1.92766190
3543,0.79870224,0.99429702,8375,1.90038681,0.99015543,19927,-1.10168457,0.00414160,1.34954453,1.90038681
3544,0.77066422,0.99496589,8081,1.63984299,0.99150764,17195,-0.86917877,0.00345824,1.20525360,1.63984299
3545,0.76417923,0.99514698,8013,1.64413452,0.99154451,17240,-0.87995529,0.00360248,1.20415688,1.64413452
3546,0.73585510,0.99536960,7716,1.63984299,0.99160681,17195,-0.90398788,0.00376279,1.18784904,1.63984299
3547,0.73289871,0.99538195,7685,1.62086487,0.99177749,16996,-0.88796616,0.00360446,1.17688179,1.62086487
3548,0.72622299,0.99544719,7615,1.60598755,0.99200443,16840,-0.87976456,0.00344275,1.16610527,1.60598755
3549,0.82387924,0.99376152,8639,1.60179138,0.99012654,16796,-0.77791214,0.00363498,1.21283531,1.60179138
3550,0.80461502,0.99391534,8437,1.60112381,0.99014601,16789,-0.79650879,0.00376932,1.20286942,1.60112381
3551,0.81396103,0.99364227,8535,1.59645081,0.99020580,16740,-0.78248978,0.00343647,1.20520592,1.59645081
3552,0.79374313,0.99379050,8323,1.57070160,0.99003898,16470,-0.77695847,0.00375151,1.18222237,1.57070160
3553,0.78001022,0.99377293,8179,1.54485703,0.99037531,16199,-0.76484680,0.00339762,1.16243362,1.54485703
3554,0.61101913,0.99675573,6407,1.71709061,0.98734459,18005,-1.10607147,0.00941114,1.16405487,1.71709061
3555,0.58660507,0.99708413,6151,1.68266296,0.98768501,17644,-1.09605789,0.00939912,1.13463402,1.68266296
3556,0.59547424,0.99708876,6244,1.67140961,0.98776426,17526,-1.07593536,0.00932450,1.13344193,1.67140961
3557,0.58116913,0.99726257,6094,1.66015625,0.98801518,17408,-1.07898712,0.00924739,1.12066269,1.66015625
3558,0.57973862,0.99731938,6079,1.63879395,0.98873260,17184,-1.05905533,0.00858679,1.10926628,1.63879395
3559,0.65793991,0.99667823,6899,1.40180588,0.98998942,14699,-0.74386597,0.00668881,1.02987289,1.40180588
3560,0.66118240,0.99679381,6933,1.38406754,0.99004317,14513,-0.72288513,0.00675064,1.02262497,1.38406754
3561,0.64430237,0.99669092,6756,1.37605667,0.99009591,14429,-0.73175430,0.00659502,1.01017952,1.37605667
3562,0.64496994,0.99677939,6763,1.38149261,0.98989710,14486,-0.73652267,0.00688229,1.01323128,1.38149261
3563,0.62189102,0.99691692,6521,1.36861801,0.99007866,14351,-0.74672699,0.00683826,0.99525452,1.36861801
3564,0.66928864,0.99747538,7018,1.54027939,0.98647804,16151,-0.87099075,0.01099734,1.10478401,1.54027939
3565,0.66709518,0.99747774,6995,1.51586533,0.98653216,15895,-0.84877014,0.01094558,1.09148026,1.51586533
3566,0.66556931,0.99748399,6979,1.50203705,0.98672937,15750,-0.83646774,0.01075462,1.08380318,1.50203705
3567,0.64220428,0.99759608,6734,1.49402618,0.98672416,15666,-0.85182190,0.01087191,1.06811523,1.49402618
3568,0.64601898,0.99766231,6774,1.48086548,0.98704662,15528,-0.83484650,0.01061568,1.06344223,1.48086548
3569,0.78334808,0.99437651,8214,1.62487030,0.98107701,17038,-0.84152222,0.01329950,1.20410919,1.62487030
3570,0.78792572,0.99445492,8262,1.62181854,0.98136419,17006,-0.83389282,0.01309073,1.20487213,1.62181854
3571,0.76799393,0.99456545,8053,1.60846710,0.98137023,16866,-0.84047318,0.01319521,1.18823051,1.60846710
3572,0.78458786,0.99465910,8227,1.61695480,0.98158144,16955,-0.83236694,0.01307766,1.20077133,1.61695480
3573,0.76789856,0.99497630,8052,1.58948898,0.98190204,16667,-0.82159042,0.01307426,1.17869377,1.58948898
3574,0.99372864,0.99444524,10420,1.72262192,0.97759708,18063,-0.72889328,0.01684816,1.35817528,1.72262192
3575,0.98304749,0.99460980,10308,1.70764923,0.97724501,17906,-0.72460175,0.01736479,1.34534836,1.70764923
3576,0.96416473,0.99482290,10110,1.68933868,0.97731464,17714,-0.72517395,0.01750826,1.32675171,1.68933868
3577,0.96549988,0.99501442,10124,1.67312622,0.97769916,17544,-0.70762634,0.01731526,1.31931305,1.67312622
3578,0.96197128,0.99516348,10087,1.67121887,0.97802589,17524,-0.70924759,0.01713758,1.31659508,1.67121887
3579,0.82921982,0.99624598,8695,1.12504959,0.98901428,11797,-0.29582977,0.00723170,0.97713470,1.12504959
3580,0.81596375,0.99626054,8556,1.10425949,0.98901824,11579,-0.28829575,0.00724231,0.96011162,1.10425949
3581,0.81357956,0.99636318,8531,1.09071732,0.98902240,11437,-0.27713776,0.00734079,0.95214844,1.09071732
3582,0.80366135,0.99653659,8427,1.09481812,0.98911596,11480,-0.29115677,0.00742062,0.94923973,1.09481812
3583,0.80356598,0.99644755,8426,1.08280182,0.98888195,11354,-0.27923584,0.00756560,0.94318390,1.08280182
3584,0.89874268,0.99632885,9424,0.92191696,0.99280609,9667,-0.02317429,0.00352276,0.91032982,0.92191696
3585,0.89368820,0.99637212,9371,0.92058182,0.99272904,9653,-0.02689362,0.00364308,0.90713501,0.92058182
3586,0.87928772,0.99648101,9220,0.89797974,0.99281822,9416,-0.01869202,0.00366279,0.88863373,0.89797974
3587,0.89902878,0.99641703,9427,0.90875626,0.99263480,9529,-0.00972748,0.00378223,0.90389252,0.90875626
3588,0.88233948,0.99640757,9252,0.89836121,0.99259357,9420,-0.01602173,0.00381400,0.89035034,0.89836121
3589,0.87213516,0.99694708,9145,1.02643967,0.99350314,10763,-0.15430450,0.00344394,0.94928741,1.02643967
3590,0.86174011,0.99696556,9036,1.01051331,0.99348166,10596,-0.14877319,0.00348390,0.93612671,1.01051331
3591,0.84962845,0.99706687,8909,1.00164413,0.99349141,10503,-0.15201569,0.00357546,0.92563629,1.00164413
3592,0.85906982,0.99698187,9008,1.01079941,0.99346195,10599,-0.15172958,0.00351993,0.93493462,1.01079941
3593,0.85945129,0.99699417,9012,0.99754333,0.99345482,10460,-0.13809204,0.00353935,0.92849731,0.99754333
3594,0.53119659,0.99789637,5570,1.44805908,0.98279834,15184,-0.91686249,0.01509804,0.98962784,1.44805908
3595,0.53100586,0.99793236,5568,1.43280029,0.98289599,15024,-0.90179443,0.01503638,0.98190308,1.43280029
3596,0.52814484,0.99789647,5538,1.43127441,0.98293114,15008,-0.90312958,0.01496533,0.97970963,1.43127441
3597,0.52499771,0.99793499,5505,1.42202377,0.98301158,14911,-0.89702606,0.01492341,0.97351074,1.42202377
3598,0.52013397,0.99804067,5454,1.41057968,0.98315697,14791,-0.89044571,0.01488370,0.96535683,1.41057968
3599,0.46977997,0.99750553,4926,0.99630356,0.99344641,10447,-0.52652359,0.00405912,0.73304176,0.99630356
