Step,dice,loss_SparseWeightedDiceLoss,loss_NoGuessLoss,loss,epoch,lr
0,0.7907881736755371,0.2092118263244629,1.2322001457214355,0.2194417119026184,1,0.001
1,0.8061518669128418,0.1938481330871582,1.2225236892700195,0.20413489639759064,1,0.001
2,0.828084409236908,0.17191559076309204,1.2415305376052856,0.18261174857616425,1,0.001
3,0.8505715727806091,0.14942842721939087,1.2568784952163696,0.16050292551517487,1,0.001
4,0.8763942718505859,0.12360572814941406,1.2213901281356812,0.13458356261253357,1,0.001
5,0.9071455001831055,0.09285449981689453,1.210073471069336,0.1040266901254654,1,0.001
6,0.9111101031303406,0.08888989686965942,1.2103989124298096,0.10010498762130737,1,0.001
7,0.9237046837806702,0.07629531621932983,1.193723201751709,0.08746959269046783,1,0.001
8,0.9345660209655762,0.06543397903442383,1.1822986602783203,0.07660262286663055,1,0.001
9,0.945455014705658,0.05454498529434204,1.197043538093567,0.06596997380256653,1,0.001
10,0.9476326107978821,0.05236738920211792,1.2060143947601318,0.06390386074781418,1,0.001
11,0.9555652141571045,0.04443478584289551,1.1854960918426514,0.05584539845585823,1,0.001
12,0.9617218375205994,0.038278162479400635,1.2350448369979858,0.05024582892656326,1,0.001
13,0.9580919742584229,0.04190802574157715,1.2081871032714844,0.053570814430713654,2,0.00095
14,0.955278217792511,0.044721782207489014,1.2032500505447388,0.05630706623196602,2,0.00095
15,0.9548063278198242,0.04519367218017578,1.226240873336792,0.05700414255261421,2,0.00095
16,0.9605517983436584,0.03944820165634155,1.2169041633605957,0.05122276023030281,2,0.00095
17,0.9658204913139343,0.034179508686065674,1.2252994775772095,0.046090707182884216,2,0.00095
18,0.9638722538948059,0.03612774610519409,1.1765878200531006,0.0475323460996151,2,0.00095
19,0.9631533622741699,0.03684663772583008,1.225652813911438,0.04873470216989517,2,0.00095
20,0.9659151434898376,0.034084856510162354,1.2089190483093262,0.045833196491003036,2,0.00095
21,0.9705054759979248,0.029494524002075195,1.194151759147644,0.041141096502542496,2,0.00095
22,0.9675178527832031,0.032482147216796875,1.263706088066101,0.04479438439011574,2,0.00095
23,0.9687390327453613,0.03126096725463867,1.2137887477874756,0.04308624565601349,2,0.00095
24,0.9718364477157593,0.028163552284240723,1.2253614664077759,0.04013553261756897,2,0.00095
25,0.9720681309700012,0.02793186902999878,1.2603248357772827,0.040255799889564514,2,0.00095
26,0.9691855907440186,0.030814409255981445,1.2537404298782349,0.04304366931319237,3,0.0009025
27,0.9689948558807373,0.031005144119262695,1.2248969078063965,0.04294406250119209,3,0.0009025
28,0.9690755605697632,0.030924439430236816,1.2604364156723022,0.04321955889463425,3,0.0009025
29,0.9753565788269043,0.024643421173095703,1.2337805032730103,0.036734793335199356,3,0.0009025
30,0.9734736680984497,0.026526331901550293,1.2850286960601807,0.03911135345697403,3,0.0009025
31,0.9721097350120544,0.027890264987945557,1.2356829643249512,0.03996819257736206,3,0.0009025
32,0.9723081588745117,0.02769184112548828,1.251458764076233,0.03992950916290283,3,0.0009025
33,0.9751570820808411,0.024842917919158936,1.2581439018249512,0.03717592731118202,3,0.0009025
34,0.9699869751930237,0.03001302480697632,1.224784255027771,0.041960738599300385,3,0.0009025
35,0.972464382648468,0.027535617351531982,1.3046488761901855,0.04030674695968628,3,0.0009025
36,0.9725841879844666,0.027415812015533447,1.2704068422317505,0.039845723658800125,3,0.0009025
37,0.9764080047607422,0.023591995239257812,1.2647745609283447,0.03600382059812546,3,0.0009025
38,0.974166214466095,0.02583378553390503,1.2530696392059326,0.03810614347457886,3,0.0009025
39,0.9750103950500488,0.024989604949951172,1.2839620113372803,0.03757932782173157,4,0.000857375
40,0.9745460748672485,0.025453925132751465,1.2497749328613281,0.03769713640213013,4,0.000857375
41,0.9749838709831238,0.02501612901687622,1.2576119899749756,0.03734208643436432,4,0.000857375
42,0.9739909172058105,0.026009082794189453,1.2697314023971558,0.03844630718231201,4,0.000857375
43,0.9730374813079834,0.0269625186920166,1.267176628112793,0.039364658296108246,4,0.000857375
44,0.9768498539924622,0.023150146007537842,1.2595423460006714,0.035514067858457565,4,0.000857375
45,0.9735856652259827,0.026414334774017334,1.2887866497039795,0.03903805837035179,4,0.000857375
46,0.9755502939224243,0.024449706077575684,1.2697092294692993,0.036902301013469696,4,0.000857375
47,0.9689261317253113,0.03107386827468872,1.3174419403076172,0.043937548995018005,4,0.000857375
48,0.9748972654342651,0.025102734565734863,1.3154066801071167,0.0380057729780674,4,0.000857375
49,0.9777731895446777,0.022226810455322266,1.2485255002975464,0.034489795565605164,4,0.000857375
50,0.97713702917099,0.02286297082901001,1.2738827466964722,0.03537316620349884,4,0.000857375
51,0.9747233986854553,0.025276601314544678,1.2848641872406006,0.03787247836589813,4,0.000857375
52,0.9722102284431458,0.027789771556854248,1.3054956197738647,0.040566831827163696,5,0.0008145062499999999
53,0.9753975868225098,0.024602413177490234,1.2803622484207153,0.03716001287102699,5,0.0008145062499999999
54,0.9730665683746338,0.02693343162536621,1.2876182794570923,0.039540279656648636,5,0.0008145062499999999
55,0.9765574932098389,0.023442506790161133,1.278395652770996,0.03599203750491142,5,0.0008145062499999999
56,0.9745010733604431,0.025498926639556885,1.309428095817566,0.03833821788430214,5,0.0008145062499999999
57,0.9788510799407959,0.0211489200592041,1.2251510620117188,0.033188942819833755,5,0.0008145062499999999
58,0.9771272540092468,0.022872745990753174,1.2796450853347778,0.03544046729803085,5,0.0008145062499999999
59,0.9741861820220947,0.025813817977905273,1.2757670879364014,0.038313351571559906,5,0.0008145062499999999
60,0.9767979383468628,0.023202061653137207,1.2832523584365845,0.03580256551504135,5,0.0008145062499999999
61,0.9767328500747681,0.023267149925231934,1.2684613466262817,0.035719092935323715,5,0.0008145062499999999
62,0.9773661494255066,0.022633850574493408,1.2682781219482422,0.03509029373526573,5,0.0008145062499999999
63,0.9770838618278503,0.022916138172149658,1.2712973356246948,0.03539995104074478,5,0.0008145062499999999
64,0.9730846285820007,0.026915371417999268,1.281209945678711,0.03945831581950188,5,0.0008145062499999999
65,0.9774258136749268,0.022574186325073242,1.2823330163955688,0.03517177700996399,6,0.0007737809374999998
66,0.9727235436439514,0.027276456356048584,1.2859339714050293,0.03986303135752678,6,0.0007737809374999998
67,0.9783666729927063,0.0216333270072937,1.2675328254699707,0.03409232199192047,6,0.0007737809374999998
68,0.976868212223053,0.02313178777694702,1.2650139331817627,0.03555060923099518,6,0.0007737809374999998
69,0.9780368804931641,0.021963119506835938,1.2841410636901855,0.0345848985016346,6,0.0007737809374999998
70,0.978299617767334,0.021700382232666016,1.2943958044052124,0.03442733734846115,6,0.0007737809374999998
71,0.9768206477165222,0.023179352283477783,1.2674734592437744,0.03562229126691818,6,0.0007737809374999998
72,0.9745983481407166,0.025401651859283447,1.2955753803253174,0.038103386759757996,6,0.0007737809374999998
73,0.9767571091651917,0.02324289083480835,1.285798192024231,0.03586844354867935,6,0.0007737809374999998
74,0.9775617122650146,0.02243828773498535,1.274393916130066,0.03495784103870392,6,0.0007737809374999998
75,0.973470151424408,0.02652984857559204,1.277495265007019,0.039039503782987595,6,0.0007737809374999998
76,0.9757559299468994,0.024244070053100586,1.3266595602035522,0.037268225103616714,6,0.0007737809374999998
77,0.9760197997093201,0.02398020029067993,1.2615621089935303,0.036356016993522644,6,0.0007737809374999998
78,0.9754446744918823,0.024555325508117676,1.296086311340332,0.03727063536643982,7,0.0007350918906249997
79,0.9735677242279053,0.026432275772094727,1.310725212097168,0.03927520662546158,7,0.0007350918906249997
80,0.978034257888794,0.021965742111206055,1.290717601776123,0.03465326130390167,7,0.0007350918906249997
81,0.9779090881347656,0.022090911865234375,1.265927791595459,0.03452927991747856,7,0.0007350918906249997
82,0.9774494171142578,0.022550582885742188,1.2645267248153687,0.03497034311294556,7,0.0007350918906249997
83,0.9787205457687378,0.021279454231262207,1.2313337326049805,0.03337999805808067,7,0.0007350918906249997
84,0.9757867455482483,0.02421325445175171,1.2792516946792603,0.03676363825798035,7,0.0007350918906249997
85,0.9751957058906555,0.024804294109344482,1.295235514640808,0.037508606910705566,7,0.0007350918906249997
86,0.9783769845962524,0.02162301540374756,1.2763330936431885,0.03417011350393295,7,0.0007350918906249997
87,0.9775686860084534,0.02243131399154663,1.325629472732544,0.03546329587697983,7,0.0007350918906249997
88,0.979338526725769,0.020661473274230957,1.2638624906539917,0.03309348225593567,7,0.0007350918906249997
89,0.9756218791007996,0.02437812089920044,1.2837544679641724,0.03697188198566437,7,0.0007350918906249997
90,0.9753875136375427,0.024612486362457275,1.287050485610962,0.03723686560988426,7,0.0007350918906249997
91,0.9776421189308167,0.02235788106918335,1.2932754755020142,0.035067055374383926,8,0.0006983372960937497
92,0.9762136340141296,0.02378636598587036,1.331566572189331,0.03686416894197464,8,0.0006983372960937497
93,0.9748350381851196,0.02516496181488037,1.3138501644134521,0.03805181384086609,8,0.0006983372960937497
94,0.9764068126678467,0.02359318733215332,1.2957701683044434,0.036314956843853,8,0.0006983372960937497
95,0.9777479767799377,0.022252023220062256,1.2973301410675049,0.035002805292606354,8,0.0006983372960937497
96,0.9790248274803162,0.020975172519683838,1.2531790733337402,0.033297210931777954,8,0.0006983372960937497
97,0.9787662029266357,0.021233797073364258,1.258986234664917,0.033611319959163666,8,0.0006983372960937497
98,0.977645993232727,0.02235400676727295,1.277252435684204,0.034902989864349365,8,0.0006983372960937497
99,0.9781977534294128,0.021802246570587158,1.2840526103973389,0.03442475199699402,8,0.0006983372960937497
100,0.9771327376365662,0.022867262363433838,1.2485535144805908,0.035124123096466064,8,0.0006983372960937497
101,0.9774073958396912,0.022592604160308838,1.2784181833267212,0.035150859504938126,8,0.0006983372960937497
102,0.9769233465194702,0.023076653480529785,1.2773865461349487,0.03561975061893463,8,0.0006983372960937497
103,0.9770118594169617,0.02298814058303833,1.2417322397232056,0.03517558053135872,8,0.0006983372960937497
104,0.9765217900276184,0.023478209972381592,1.2877311706542969,0.036120738834142685,9,0.0006634204312890621
105,0.9744783639907837,0.02552163600921631,1.3125886917114258,0.03839230537414551,9,0.0006634204312890621
106,0.9757028222084045,0.02429717779159546,1.3140473365783691,0.03719468042254448,9,0.0006634204312890621
107,0.9790130257606506,0.020986974239349365,1.270533561706543,0.03348243981599808,9,0.0006634204312890621
108,0.9801611304283142,0.01983886957168579,1.249964714050293,0.03214012831449509,9,0.0006634204312890621
109,0.9729994535446167,0.0270005464553833,1.3263983726501465,0.03999452292919159,9,0.0006634204312890621
110,0.9795936346054077,0.020406365394592285,1.2564198970794678,0.03276649862527847,9,0.0006634204312890621
111,0.9771157503128052,0.022884249687194824,1.2833847999572754,0.03548925369977951,9,0.0006634204312890621
112,0.97784024477005,0.02215975522994995,1.2805511951446533,0.034743670374155045,9,0.0006634204312890621
113,0.9790546298027039,0.020945370197296143,1.2424025535583496,0.03315994143486023,9,0.0006634204312890621
114,0.9784385561943054,0.02156144380569458,1.2863048315048218,0.03420887887477875,9,0.0006634204312890621
115,0.9793835282325745,0.020616471767425537,1.2386614084243774,0.03279691934585571,9,0.0006634204312890621
116,0.9795069694519043,0.020493030548095703,1.334787130355835,0.03363597020506859,9,0.0006634204312890621
117,0.9771340489387512,0.02286595106124878,1.2900733947753906,0.035538025200366974,10,0.000630249409724609
118,0.9772416949272156,0.022758305072784424,1.28843092918396,0.035415031015872955,10,0.000630249409724609
119,0.9769071340560913,0.02309286594390869,1.2939648628234863,0.035801585763692856,10,0.000630249409724609
120,0.9791635274887085,0.020836472511291504,1.2380995750427246,0.03300910443067551,10,0.000630249409724609
121,0.978586733341217,0.02141326665878296,1.2725352048873901,0.03392448648810387,10,0.000630249409724609
122,0.9795051217079163,0.02049487829208374,1.284037709236145,0.033130306750535965,10,0.000630249409724609
123,0.9770065546035767,0.02299344539642334,1.3131599426269531,0.03589510917663574,10,0.000630249409724609
124,0.9774532914161682,0.022546708583831787,1.316357970237732,0.03548482060432434,10,0.000630249409724609
125,0.9763586521148682,0.023641347885131836,1.2907028198242188,0.03631196171045303,10,0.000630249409724609
126,0.9783206582069397,0.021679341793060303,1.2621426582336426,0.03408397361636162,10,0.000630249409724609
127,0.9788206815719604,0.02117931842803955,1.2577238082885742,0.033544763922691345,10,0.000630249409724609
128,0.977331280708313,0.02266871929168701,1.268881916999817,0.03513085097074509,10,0.000630249409724609
129,0.9813739061355591,0.018626093864440918,1.2611370086669922,0.03105120360851288,10,0.000630249409724609
130,0.9769507050514221,0.02304929494857788,1.2972853183746338,0.035791654139757156,11,0.0005987369392383785
131,0.9790721535682678,0.020927846431732178,1.2933478355407715,0.03365204483270645,11,0.0005987369392383785
132,0.9767195582389832,0.023280441761016846,1.2609853744506836,0.03565749153494835,11,0.0005987369392383785
133,0.9799065589904785,0.020093441009521484,1.2862416505813599,0.03275492042303085,11,0.0005987369392383785
134,0.979513943195343,0.020486056804656982,1.2553590536117554,0.03283478692173958,11,0.0005987369392383785
135,0.9777462482452393,0.022253751754760742,1.269200325012207,0.03472321480512619,11,0.0005987369392383785
136,0.9797683358192444,0.020231664180755615,1.2527828216552734,0.0325571745634079,11,0.0005987369392383785
137,0.9786244630813599,0.021375536918640137,1.2612359523773193,0.03377414122223854,11,0.0005987369392383785
138,0.97817462682724,0.02182537317276001,1.2881194353103638,0.034488312900066376,11,0.0005987369392383785
139,0.9806463122367859,0.01935368776321411,1.2532894611358643,0.03169304504990578,11,0.0005987369392383785
140,0.975817084312439,0.024182915687561035,1.3075610399246216,0.037016697227954865,11,0.0005987369392383785
141,0.9760995507240295,0.02390044927597046,1.2930622100830078,0.036592066287994385,11,0.0005987369392383785
142,0.9804745316505432,0.019525468349456787,1.3060222864151,0.03239043802022934,11,0.0005987369392383785
143,0.981377899646759,0.018622100353240967,1.2690293788909912,0.031126171350479126,12,0.0005688000922764595
144,0.9806600213050842,0.01933997869491577,1.2513928413391113,0.03166050463914871,12,0.0005688000922764595
145,0.9799041748046875,0.0200958251953125,1.2440268993377686,0.03233513608574867,12,0.0005688000922764595
146,0.9788886904716492,0.02111130952835083,1.290382742881775,0.0338040255010128,12,0.0005688000922764595
147,0.9770548343658447,0.022945165634155273,1.3073796033859253,0.03578950837254524,12,0.0005688000922764595
148,0.9783446192741394,0.021655380725860596,1.2762887477874756,0.034201715141534805,12,0.0005688000922764595
149,0.978226363658905,0.02177363634109497,1.2586348056793213,0.03414224833250046,12,0.0005688000922764595
150,0.979303777217865,0.02069622278213501,1.236783504486084,0.03285709396004677,12,0.0005688000922764595
151,0.9802276492118835,0.019772350788116455,1.2936140298843384,0.03251076862215996,12,0.0005688000922764595
152,0.9776936769485474,0.022306323051452637,1.2792882919311523,0.03487614169716835,12,0.0005688000922764595
153,0.9776044487953186,0.022395551204681396,1.3101356029510498,0.035272952169179916,12,0.0005688000922764595
154,0.9760093688964844,0.023990631103515625,1.3069850206375122,0.03682057559490204,12,0.0005688000922764595
155,0.9766421914100647,0.023357808589935303,1.2876391410827637,0.03600062429904938,12,0.0005688000922764595
156,0.9798109531402588,0.02018904685974121,1.226637601852417,0.032253533601760864,13,0.0005403600876626365
157,0.978942334651947,0.02105766534805298,1.3068809509277344,0.03391589969396591,13,0.0005403600876626365
158,0.9783968329429626,0.021603167057037354,1.2867509126663208,0.03425464406609535,13,0.0005403600876626365
159,0.9789776802062988,0.021022319793701172,1.3005311489105225,0.03381740674376488,13,0.0005403600876626365
160,0.9784888625144958,0.02151113748550415,1.2676684856414795,0.033972710371017456,13,0.0005403600876626365
161,0.9798455834388733,0.02015441656112671,1.2640109062194824,0.032592982053756714,13,0.0005403600876626365
162,0.9788248538970947,0.021175146102905273,1.2836459875106812,0.03379985690116882,13,0.0005403600876626365
163,0.9771199822425842,0.02288001775741577,1.292709231376648,0.03557831048965454,13,0.0005403600876626365
164,0.9796432852745056,0.020356714725494385,1.2542502880096436,0.032695651054382324,13,0.0005403600876626365
165,0.9785146713256836,0.021485328674316406,1.2866491079330444,0.03413696587085724,13,0.0005403600876626365
166,0.9787166714668274,0.021283328533172607,1.2599725723266602,0.03367022052407265,13,0.0005403600876626365
167,0.9795945882797241,0.02040541172027588,1.271790862083435,0.0329192653298378,13,0.0005403600876626365
168,0.9785446524620056,0.021455347537994385,1.2601845264434814,0.03384263813495636,13,0.0005403600876626365
169,0.9785142540931702,0.021485745906829834,1.2831847667694092,0.03410273417830467,14,0.0005133420832795047
170,0.981100857257843,0.018899142742156982,1.2885798215866089,0.031595949083566666,14,0.0005133420832795047
171,0.976978600025177,0.023021399974822998,1.3077335357666016,0.03586852177977562,14,0.0005133420832795047
172,0.9788227081298828,0.021177291870117188,1.2637929916381836,0.033603448420763016,14,0.0005133420832795047
173,0.9796640872955322,0.020335912704467773,1.2322776317596436,0.032455332577228546,14,0.0005133420832795047
174,0.977144181728363,0.022855818271636963,1.2814385890960693,0.03544164448976517,14,0.0005133420832795047
175,0.9789499640464783,0.02105003595352173,1.2953020334243774,0.03379255533218384,14,0.0005133420832795047
176,0.9801137447357178,0.019886255264282227,1.2794971466064453,0.032482363283634186,14,0.0005133420832795047
177,0.9776284694671631,0.022371530532836914,1.2803661823272705,0.034951478242874146,14,0.0005133420832795047
178,0.9800264239311218,0.019973576068878174,1.2687052488327026,0.03246089443564415,14,0.0005133420832795047
179,0.9800103902816772,0.019989609718322754,1.2923531532287598,0.03271324560046196,14,0.0005133420832795047
180,0.9806188344955444,0.019381165504455566,1.2289623022079468,0.03147697448730469,14,0.0005133420832795047
181,0.9796162843704224,0.020383715629577637,1.2586976289749146,0.032766856253147125,14,0.0005133420832795047
182,0.9809752702713013,0.01902472972869873,1.2681388854980469,0.03151587024331093,15,0.00048767497911552944
183,0.9791913628578186,0.020808637142181396,1.2778854370117188,0.03337940573692322,15,0.00048767497911552944
184,0.9800645112991333,0.0199354887008667,1.2376508712768555,0.032112643122673035,15,0.00048767497911552944
185,0.9787731766700745,0.021226823329925537,1.2653148174285889,0.03366770222783089,15,0.00048767497911552944
186,0.9795613288879395,0.020438671112060547,1.25648033618927,0.03279908746480942,15,0.00048767497911552944
187,0.9781885147094727,0.021811485290527344,1.2401745319366455,0.033995114266872406,15,0.00048767497911552944
188,0.978386640548706,0.021613359451293945,1.2791436910629272,0.034188661724328995,15,0.00048767497911552944
189,0.9784538745880127,0.021546125411987305,1.2857142686843872,0.03418780863285065,15,0.00048767497911552944
190,0.9812691807746887,0.01873081922531128,1.2687761783599854,0.031231272965669632,15,0.00048767497911552944
191,0.9794934988021851,0.02050650119781494,1.278847336769104,0.033089909702539444,15,0.00048767497911552944
192,0.9784354567527771,0.0215645432472229,1.300938606262207,0.03435828536748886,15,0.00048767497911552944
193,0.9792079329490662,0.020792067050933838,1.2829370498657227,0.033413518220186234,15,0.00048767497911552944
194,0.979210376739502,0.020789623260498047,1.3112770318984985,0.03369449824094772,15,0.00048767497911552944
195,0.9776232838630676,0.022376716136932373,1.2964246273040771,0.035117194056510925,16,0.00046329123015975297
196,0.9772717952728271,0.02272820472717285,1.2947659492492676,0.0354485809803009,16,0.00046329123015975297
197,0.9816508889198303,0.018349111080169678,1.2326242923736572,0.030491862446069717,16,0.00046329123015975297
198,0.9809024333953857,0.019097566604614258,1.2554823160171509,0.03146141394972801,16,0.00046329123015975297
199,0.9810148477554321,0.01898515224456787,1.2464385032653809,0.031259685754776,16,0.00046329123015975297
200,0.9807642102241516,0.01923578977584839,1.2607104778289795,0.03165053576231003,16,0.00046329123015975297
201,0.9778595566749573,0.022140443325042725,1.2827624082565308,0.03474666178226471,16,0.00046329123015975297
202,0.9789776802062988,0.021022319793701172,1.3026509284973145,0.033838607370853424,16,0.00046329123015975297
203,0.9765276908874512,0.023472309112548828,1.295020341873169,0.0361877903342247,16,0.00046329123015975297
204,0.9803101420402527,0.019689857959747314,1.2503125667572021,0.03199608623981476,16,0.00046329123015975297
205,0.978026807308197,0.02197319269180298,1.270761251449585,0.03446107357740402,16,0.00046329123015975297
206,0.9815235137939453,0.018476486206054688,1.2591558694839478,0.03088327869772911,16,0.00046329123015975297
207,0.9813153147697449,0.018684685230255127,1.2555959224700928,0.031053796410560608,16,0.00046329123015975297
208,0.9804497361183167,0.01955026388168335,1.2520769834518433,0.031875528395175934,17,0.0004401266686517653
209,0.9813439249992371,0.01865607500076294,1.26540207862854,0.031123533844947815,17,0.0004401266686517653
210,0.9810174703598022,0.018982529640197754,1.2728095054626465,0.03152079880237579,17,0.0004401266686517653
211,0.9804627299308777,0.019537270069122314,1.2901787757873535,0.03224368393421173,17,0.0004401266686517653
212,0.9785159230232239,0.021484076976776123,1.290465235710144,0.034173887223005295,17,0.0004401266686517653
213,0.9788951873779297,0.021104812622070312,1.2546160221099854,0.03343992680311203,17,0.0004401266686517653
214,0.9784983396530151,0.021501660346984863,1.2190334796905518,0.03347697854042053,17,0.0004401266686517653
215,0.9775950312614441,0.022404968738555908,1.2815754413604736,0.034996673464775085,17,0.0004401266686517653
216,0.9798770546913147,0.020122945308685303,1.2832432985305786,0.03275414928793907,17,0.0004401266686517653
217,0.9791046977043152,0.020895302295684814,1.278348684310913,0.03346983343362808,17,0.0004401266686517653
218,0.9814094305038452,0.018590569496154785,1.2802796363830566,0.031207460910081863,17,0.0004401266686517653
219,0.9792413115501404,0.02075868844985962,1.2622336149215698,0.03317343816161156,17,0.0004401266686517653
220,0.9783967137336731,0.021603286266326904,1.2698602676391602,0.03408585488796234,17,0.0004401266686517653
221,0.9807769060134888,0.01922309398651123,1.2974379062652588,0.03200524300336838,18,0.00041812033521917703
222,0.979794979095459,0.020205020904541016,1.305924654006958,0.03306221589446068,18,0.00041812033521917703
223,0.9797219038009644,0.020278096199035645,1.275080919265747,0.032826125621795654,18,0.00041812033521917703
224,0.9793636798858643,0.020636320114135742,1.248875379562378,0.03291871026158333,18,0.00041812033521917703
225,0.9797641634941101,0.020235836505889893,1.266815423965454,0.032701633870601654,18,0.00041812033521917703
226,0.9803550839424133,0.01964491605758667,1.2927145957946777,0.03237561136484146,18,0.00041812033521917703
227,0.9790797233581543,0.020920276641845703,1.2550654411315918,0.033261727541685104,18,0.00041812033521917703
228,0.9779767990112305,0.02202320098876953,1.287841796875,0.03468138724565506,18,0.00041812033521917703
229,0.9800499081611633,0.01995009183883667,1.2762031555175781,0.03251262381672859,18,0.00041812033521917703
230,0.9807384014129639,0.019261598587036133,1.264779806137085,0.03171677887439728,18,0.00041812033521917703
231,0.9784939289093018,0.021506071090698242,1.2799904346466064,0.03409091383218765,18,0.00041812033521917703
232,0.9807456731796265,0.019254326820373535,1.2684507369995117,0.03174629062414169,18,0.00041812033521917703
233,0.9821538329124451,0.01784616708755493,1.2332826852798462,0.030000532045960426,18,0.00041812033521917703
234,0.9785676598548889,0.021432340145111084,1.2802181243896484,0.03402019664645195,19,0.00039721431845821814
235,0.980023980140686,0.019976019859313965,1.2636092901229858,0.03241235390305519,19,0.00039721431845821814
236,0.9799529910087585,0.020047008991241455,1.3024096488952637,0.03287063539028168,19,0.00039721431845821814
237,0.9820989966392517,0.01790100336074829,1.2537819147109985,0.030259812250733376,19,0.00039721431845821814
238,0.9789147973060608,0.02108520269393921,1.2733949422836304,0.03360830247402191,19,0.00039721431845821814
239,0.9807574152946472,0.019242584705352783,1.2687034606933594,0.03173719346523285,19,0.00039721431845821814
240,0.9805140495300293,0.019485950469970703,1.2664762735366821,0.03195585310459137,19,0.00039721431845821814
241,0.9778892397880554,0.02211076021194458,1.2750673294067383,0.03464032709598541,19,0.00039721431845821814
242,0.9792461395263672,0.020753860473632812,1.2968928813934326,0.03351525217294693,19,0.00039721431845821814
243,0.9812127947807312,0.0187872052192688,1.2599105834960938,0.03119843825697899,19,0.00039721431845821814
244,0.979398787021637,0.020601212978363037,1.259493112564087,0.03299013152718544,19,0.00039721431845821814
245,0.9808926582336426,0.019107341766357422,1.2462469339370728,0.03137873858213425,19,0.00039721431845821814
246,0.9818694591522217,0.01813054084777832,1.261940598487854,0.030568640679121017,19,0.00039721431845821814
247,0.9799376726150513,0.02006232738494873,1.2610292434692383,0.032471995800733566,20,0.0003773536025353072
248,0.9802098274230957,0.019790172576904297,1.2828205823898315,0.03242047503590584,20,0.0003773536025353072
249,0.9806339144706726,0.019366085529327393,1.296943187713623,0.03214185684919357,20,0.0003773536025353072
250,0.9792309999465942,0.02076900005340576,1.305448055267334,0.03361579030752182,20,0.0003773536025353072
251,0.9803200960159302,0.019679903984069824,1.2553472518920898,0.03203657642006874,20,0.0003773536025353072
252,0.9773460030555725,0.02265399694442749,1.3040130138397217,0.035467587411403656,20,0.0003773536025353072
253,0.9820044040679932,0.017995595932006836,1.2289259433746338,0.030104899778962135,20,0.0003773536025353072
254,0.9812008142471313,0.018799185752868652,1.264946699142456,0.0312606617808342,20,0.0003773536025353072
255,0.9809337258338928,0.019066274166107178,1.2701265811920166,0.03157687932252884,20,0.0003773536025353072
256,0.9816758632659912,0.01832413673400879,1.2451690435409546,0.03059258684515953,20,0.0003773536025353072
257,0.9785575866699219,0.021442413330078125,1.2673475742340088,0.03390146419405937,20,0.0003773536025353072
258,0.980192244052887,0.019807755947113037,1.2676167488098145,0.03228584676980972,20,0.0003773536025353072
259,0.9811955690383911,0.018804430961608887,1.2559150457382202,0.031175538897514343,20,0.0003773536025353072
260,0.980527937412262,0.019472062587738037,1.2814278602600098,0.032091621309518814,21,0.0003584859224085418
261,0.9819258451461792,0.0180741548538208,1.2766661643981934,0.030660074204206467,21,0.0003584859224085418
262,0.9792685508728027,0.020731449127197266,1.2383158206939697,0.03290729224681854,21,0.0003584859224085418
263,0.98224276304245,0.01775723695755005,1.2521336078643799,0.030101001262664795,21,0.0003584859224085418
264,0.979415774345398,0.02058422565460205,1.2850651741027832,0.0332290343940258,21,0.0003584859224085418
265,0.9809806942939758,0.01901930570602417,1.2577208280563354,0.03140632063150406,21,0.0003584859224085418
266,0.9801602363586426,0.019839763641357422,1.2559305429458618,0.03220067173242569,21,0.0003584859224085418
267,0.9794209599494934,0.020579040050506592,1.3027536869049072,0.03340078517794609,21,0.0003584859224085418
268,0.9768574237823486,0.023142576217651367,1.3076224327087402,0.03598737344145775,21,0.0003584859224085418
269,0.9805165529251099,0.019483447074890137,1.249853491783142,0.031787145882844925,21,0.0003584859224085418
270,0.9809657335281372,0.019034266471862793,1.2533957958221436,0.0313778817653656,21,0.0003584859224085418
271,0.9825790524482727,0.017420947551727295,1.2624136209487915,0.02987087517976761,21,0.0003584859224085418
272,0.9799505472183228,0.020049452781677246,1.2780234813690186,0.032629191875457764,21,0.0003584859224085418
273,0.9800736904144287,0.01992630958557129,1.2609784603118896,0.03233683109283447,22,0.0003405616262881147
274,0.9802375435829163,0.01976245641708374,1.277044653892517,0.032335277646780014,22,0.0003405616262881147
275,0.982433557510376,0.017566442489624023,1.2631053924560547,0.030021831393241882,22,0.0003405616262881147
276,0.9826784729957581,0.017321527004241943,1.260914921760559,0.029757462441921234,22,0.0003405616262881147
277,0.982018232345581,0.017981767654418945,1.2434430122375488,0.0302363783121109,22,0.0003405616262881147
278,0.9777504205703735,0.022249579429626465,1.2917821407318115,0.03494490683078766,22,0.0003405616262881147
279,0.9814654588699341,0.018534541130065918,1.25251042842865,0.030874300748109818,22,0.0003405616262881147
280,0.9794002771377563,0.020599722862243652,1.2827720642089844,0.033221445977687836,22,0.0003405616262881147
281,0.9822953939437866,0.01770460605621338,1.2338829040527344,0.02986638993024826,22,0.0003405616262881147
282,0.9798954725265503,0.020104527473449707,1.2762930393218994,0.032666414976119995,22,0.0003405616262881147
283,0.9811965823173523,0.018803417682647705,1.2846546173095703,0.0314619317650795,22,0.0003405616262881147
284,0.9790833592414856,0.020916640758514404,1.2896740436553955,0.0336042158305645,22,0.0003405616262881147
285,0.976884126663208,0.023115873336791992,1.2982434034347534,0.03586714714765549,22,0.0003405616262881147
286,0.979261577129364,0.020738422870635986,1.2424861192703247,0.032955899834632874,23,0.00032353354497370894
287,0.9826037883758545,0.017396211624145508,1.2858023643493652,0.030080273747444153,23,0.00032353354497370894
288,0.9802957773208618,0.019704222679138184,1.2651921510696411,0.03215910121798515,23,0.00032353354497370894
289,0.9821923971176147,0.017807602882385254,1.245320439338684,0.03008273057639599,23,0.00032353354497370894
290,0.9810354709625244,0.018964529037475586,1.2669308185577393,0.03144419193267822,23,0.00032353354497370894
291,0.9789788126945496,0.02102118730545044,1.2812364101409912,0.033623337745666504,23,0.00032353354497370894
292,0.978942334651947,0.02105766534805298,1.2840394973754883,0.03368748351931572,23,0.00032353354497370894
293,0.9810431003570557,0.018956899642944336,1.2699803113937378,0.03146713227033615,23,0.00032353354497370894
294,0.9797112941741943,0.020288705825805664,1.2754510641098022,0.03284033015370369,23,0.00032353354497370894
295,0.9815899729728699,0.018410027027130127,1.2608983516693115,0.03083490952849388,23,0.00032353354497370894
296,0.981208086013794,0.018791913986206055,1.2615314722061157,0.03121931105852127,23,0.00032353354497370894
297,0.9807249307632446,0.01927506923675537,1.2912030220031738,0.031994350254535675,23,0.00032353354497370894
298,0.9803133606910706,0.019686639308929443,1.2315486669540405,0.03180525824427605,23,0.00032353354497370894
299,0.9823437333106995,0.017656266689300537,1.2581729888916016,0.03006143495440483,24,0.00030735686772502346
300,0.98028165102005,0.01971834897994995,1.2379357814788818,0.03190052509307861,24,0.00030735686772502346
301,0.9798107743263245,0.020189225673675537,1.2941527366638184,0.03292886167764664,24,0.00030735686772502346
302,0.9818063378334045,0.01819366216659546,1.286219596862793,0.030873920768499374,24,0.00030735686772502346
303,0.9808003902435303,0.019199609756469727,1.2655903100967407,0.03166351467370987,24,0.00030735686772502346
304,0.9820572733879089,0.017942726612091064,1.2490640878677368,0.03025393933057785,24,0.00030735686772502346
305,0.9807979464530945,0.019202053546905518,1.2667241096496582,0.03167727589607239,24,0.00030735686772502346
306,0.9807105660438538,0.01928943395614624,1.2587592601776123,0.03168413043022156,24,0.00030735686772502346
307,0.9821155071258545,0.017884492874145508,1.2721143960952759,0.030426790937781334,24,0.00030735686772502346
308,0.9822142124176025,0.01778578758239746,1.2555886507034302,0.03016381524503231,24,0.00030735686772502346
309,0.9780192971229553,0.021980702877044678,1.2849128246307373,0.03461002558469772,24,0.00030735686772502346
310,0.9794741272926331,0.020525872707366943,1.2934833765029907,0.033255450427532196,24,0.00030735686772502346
311,0.9795439839363098,0.020456016063690186,1.2666057348251343,0.03291751444339752,24,0.00030735686772502346
312,0.9805864095687866,0.01941359043121338,1.255537986755371,0.03177483379840851,25,0.00029198902433877225
313,0.9796066880226135,0.020393311977386475,1.2815837860107422,0.03300521522760391,25,0.00029198902433877225
314,0.9801668524742126,0.019833147525787354,1.2747842073440552,0.03238265961408615,25,0.00029198902433877225
315,0.9832027554512024,0.016797244548797607,1.2444162368774414,0.029073435813188553,25,0.00029198902433877225
316,0.9799581170082092,0.02004188299179077,1.2738142013549805,0.032579608261585236,25,0.00029198902433877225
317,0.9823863506317139,0.017613649368286133,1.2735579013824463,0.03017309308052063,25,0.00029198902433877225
318,0.9814233779907227,0.018576622009277344,1.277872920036316,0.0311695858836174,25,0.00029198902433877225
319,0.9817743897438049,0.01822561025619507,1.2477068901062012,0.030520422384142876,25,0.00029198902433877225
320,0.9821905493736267,0.01780945062637329,1.2436144351959229,0.030067499727010727,25,0.00029198902433877225
321,0.9796105623245239,0.020389437675476074,1.273030161857605,0.03291584551334381,25,0.00029198902433877225
322,0.982079267501831,0.017920732498168945,1.285395622253418,0.030595481395721436,25,0.00029198902433877225
323,0.9769092202186584,0.023090779781341553,1.3087836503982544,0.035947706550359726,25,0.00029198902433877225
324,0.9816061854362488,0.01839381456375122,1.2585790157318115,0.030795667320489883,25,0.00029198902433877225
325,0.9781371355056763,0.02186286449432373,1.294470191001892,0.03458894044160843,26,0.00027738957312183364
326,0.980503499507904,0.019496500492095947,1.2733113765716553,0.032034650444984436,26,0.00027738957312183364
327,0.9804685115814209,0.0195314884185791,1.26814866065979,0.03201765939593315,26,0.00027738957312183364
328,0.9804204106330872,0.019579589366912842,1.2683484554290771,0.032067276537418365,26,0.00027738957312183364
329,0.9817506670951843,0.018249332904815674,1.3014861345291138,0.031081702560186386,26,0.00027738957312183364
330,0.9822291731834412,0.017770826816558838,1.2598587274551392,0.030191706493496895,26,0.00027738957312183364
331,0.9812573194503784,0.018742680549621582,1.2623462677001953,0.03117871657013893,26,0.00027738957312183364
332,0.9814534783363342,0.01854652166366577,1.2746387720108032,0.031107444316148758,26,0.00027738957312183364
333,0.9806194305419922,0.019380569458007812,1.261375904083252,0.0318005234003067,26,0.00027738957312183364
334,0.9809158444404602,0.019084155559539795,1.2494674921035767,0.03138798847794533,26,0.00027738957312183364
335,0.9815948009490967,0.01840519905090332,1.2624835968017578,0.03084598295390606,26,0.00027738957312183364
336,0.9835180044174194,0.016481995582580566,1.253692865371704,0.02885410375893116,26,0.00027738957312183364
337,0.9804555773735046,0.01954442262649536,1.2456514835357666,0.03180549293756485,26,0.00027738957312183364
338,0.981313943862915,0.01868605613708496,1.2650763988494873,0.031149959191679955,27,0.0002635200944657419
339,0.9812847375869751,0.018715262413024902,1.2755322456359863,0.0312834307551384,27,0.0002635200944657419
340,0.9824122190475464,0.017587780952453613,1.2325458526611328,0.029737360775470734,27,0.0002635200944657419
341,0.980143666267395,0.01985633373260498,1.278769612312317,0.03244546800851822,27,0.0002635200944657419
342,0.9815652966499329,0.01843470335006714,1.2536098957061768,0.030786454677581787,27,0.0002635200944657419
343,0.9808619022369385,0.019138097763061523,1.315613031387329,0.03210284560918808,27,0.0002635200944657419
344,0.9808563590049744,0.019143640995025635,1.2732380628585815,0.03168458491563797,27,0.0002635200944657419
345,0.9802030920982361,0.019796907901763916,1.280095100402832,0.03239988908171654,27,0.0002635200944657419
346,0.9825281500816345,0.01747184991836548,1.2462979555130005,0.02976011112332344,27,0.0002635200944657419
347,0.9834767580032349,0.016523241996765137,1.247178554534912,0.028829794377088547,27,0.0002635200944657419
348,0.9793539047241211,0.020646095275878906,1.266371250152588,0.033103346824645996,27,0.0002635200944657419
349,0.9810554385185242,0.01894456148147583,1.2413158416748047,0.031168274581432343,27,0.0002635200944657419
350,0.9787647128105164,0.021235287189483643,1.2890101671218872,0.033913034945726395,27,0.0002635200944657419
351,0.9804232120513916,0.0195767879486084,1.289560317993164,0.03227662295103073,28,0.0002503440897424548
352,0.9810574054718018,0.018942594528198242,1.2505249977111816,0.031258419156074524,28,0.0002503440897424548
353,0.979503333568573,0.020496666431427002,1.2768105268478394,0.03305980563163757,28,0.0002503440897424548
354,0.9819817543029785,0.018018245697021484,1.2712171077728271,0.030550234019756317,28,0.0002503440897424548
355,0.9807217121124268,0.019278287887573242,1.2913023233413696,0.03199853003025055,28,0.0002503440897424548
356,0.9806110262870789,0.019388973712921143,1.306351900100708,0.03225859999656677,28,0.0002503440897424548
357,0.9820799827575684,0.01792001724243164,1.265607476234436,0.03039689175784588,28,0.0002503440897424548
358,0.9807282090187073,0.019271790981292725,1.2717251777648926,0.031796324998140335,28,0.0002503440897424548
359,0.9826740622520447,0.017325937747955322,1.2582043409347534,0.029734721407294273,28,0.0002503440897424548
360,0.9823847413063049,0.01761525869369507,1.246018409729004,0.029899291694164276,28,0.0002503440897424548
361,0.981808602809906,0.018191397190093994,1.2458083629608154,0.03046756610274315,28,0.0002503440897424548
362,0.9812757968902588,0.01872420310974121,1.2610256671905518,0.031147217378020287,28,0.0002503440897424548
363,0.9805290699005127,0.019470930099487305,1.2503304481506348,0.03177952393889427,28,0.0002503440897424548
364,0.9816446304321289,0.018355369567871094,1.2513809204101562,0.030685624107718468,29,0.00023782688525533205
365,0.9808200001716614,0.019179999828338623,1.2740490436553955,0.03172868862748146,29,0.00023782688525533205
366,0.9828275442123413,0.01717245578765869,1.258530616760254,0.029586035758256912,29,0.00023782688525533205
367,0.9800043106079102,0.019995689392089844,1.295973539352417,0.03275546804070473,29,0.00023782688525533205
368,0.983591616153717,0.01640838384628296,1.2536276578903198,0.028780575841665268,29,0.00023782688525533205
369,0.9824081659317017,0.01759183406829834,1.2865670919418335,0.030281588435173035,29,0.00023782688525533205
370,0.9802760481834412,0.019723951816558838,1.298788070678711,0.03251459449529648,29,0.00023782688525533205
371,0.9811738133430481,0.018826186656951904,1.2419008016586304,0.031056933104991913,29,0.00023782688525533205
372,0.9801318645477295,0.019868135452270508,1.2535420656204224,0.032204873859882355,29,0.00023782688525533205
373,0.9823669195175171,0.01763308048248291,1.263357400894165,0.030090322718024254,29,0.00023782688525533205
374,0.9800358414649963,0.019964158535003662,1.2874120473861694,0.032638635486364365,29,0.00023782688525533205
375,0.9805284142494202,0.019471585750579834,1.2740918397903442,0.0320177897810936,29,0.00023782688525533205
376,0.9809369444847107,0.019063055515289307,1.2763482332229614,0.03163590654730797,29,0.00023782688525533205
377,0.9810035228729248,0.018996477127075195,1.2657709121704102,0.03146422281861305,30,0.00022593554099256544
378,0.9803158640861511,0.019684135913848877,1.2901016473770142,0.03238831087946892,30,0.00022593554099256544
379,0.9823746085166931,0.017625391483306885,1.2616279125213623,0.030065415427088737,30,0.00022593554099256544
380,0.9805747270584106,0.019425272941589355,1.2496845722198486,0.0317278653383255,30,0.00022593554099256544
381,0.9796673655509949,0.020332634449005127,1.2812796831130981,0.03294210508465767,30,0.00022593554099256544
382,0.9825593829154968,0.017440617084503174,1.2639343738555908,0.02990555390715599,30,0.00022593554099256544
383,0.9821943044662476,0.01780569553375244,1.2345720529556274,0.029973357915878296,30,0.00022593554099256544
384,0.9808909296989441,0.019109070301055908,1.241665005683899,0.03133463114500046,30,0.00022593554099256544
385,0.9827091693878174,0.017290830612182617,1.25900137424469,0.029707936570048332,30,0.00022593554099256544
386,0.9803212285041809,0.019678771495819092,1.2562166452407837,0.032044149935245514,30,0.00022593554099256544
387,0.9804849028587341,0.01951509714126587,1.3044183254241943,0.0323641300201416,30,0.00022593554099256544
388,0.9799928665161133,0.02000713348388672,1.2805249691009521,0.03261231258511543,30,0.00022593554099256544
389,0.9840415120124817,0.01595848798751831,1.2950679063796997,0.028749581426382065,30,0.00022593554099256544
390,0.9818162322044373,0.018183767795562744,1.2957582473754883,0.030959513038396835,31,0.00021463876394293716
391,0.9801188111305237,0.01988118886947632,1.294620394706726,0.032628580927848816,31,0.00021463876394293716
392,0.9830964803695679,0.01690351963043213,1.2553164958953857,0.02928764931857586,31,0.00021463876394293716
393,0.9829593896865845,0.017040610313415527,1.2547426223754883,0.029417630285024643,31,0.00021463876394293716
394,0.9803264141082764,0.019673585891723633,1.2570371627807617,0.03204721957445145,31,0.00021463876394293716
395,0.9825834631919861,0.017416536808013916,1.2579588890075684,0.029821960255503654,31,0.00021463876394293716
396,0.9818975329399109,0.01810246706008911,1.2537752389907837,0.030459195375442505,31,0.00021463876394293716
397,0.982323408126831,0.017676591873168945,1.2870190143585205,0.030370015650987625,31,0.00021463876394293716
398,0.9828087687492371,0.01719123125076294,1.2472953796386719,0.029492272064089775,31,0.00021463876394293716
399,0.9782997965812683,0.02170020341873169,1.295297384262085,0.0344361737370491,31,0.00021463876394293716
400,0.9798927307128906,0.020107269287109375,1.2657486200332642,0.03256368264555931,31,0.00021463876394293716
401,0.9817370176315308,0.01826298236846924,1.257291316986084,0.03065326437354088,31,0.00021463876394293716
402,0.9807473421096802,0.019252657890319824,1.2886838912963867,0.031946972012519836,31,0.00021463876394293716
403,0.9814797639846802,0.018520236015319824,1.2579474449157715,0.030914507806301117,32,0.0002039068257457903
404,0.9818235635757446,0.01817643642425537,1.2427589893341064,0.030422262847423553,32,0.0002039068257457903
405,0.9832288026809692,0.01677119731903076,1.2459399700164795,0.02906288392841816,32,0.0002039068257457903
406,0.9827682375907898,0.017231762409210205,1.241685152053833,0.02947629615664482,32,0.0002039068257457903
407,0.9821714162826538,0.01782858371734619,1.2785120010375977,0.03043541871011257,32,0.0002039068257457903
408,0.9826798439025879,0.01732015609741211,1.2674140930175781,0.029821094125509262,32,0.0002039068257457903
409,0.9823752045631409,0.01762479543685913,1.2681195735931396,0.030129743739962578,32,0.0002039068257457903
410,0.980589747428894,0.019410252571105957,1.2770817279815674,0.031986966729164124,32,0.0002039068257457903
411,0.978718101978302,0.021281898021697998,1.309767484664917,0.03416675329208374,32,0.0002039068257457903
412,0.9813385605812073,0.018661439418792725,1.2745401859283447,0.031220227479934692,32,0.0002039068257457903
413,0.9813772439956665,0.018622756004333496,1.2568180561065674,0.031004708260297775,32,0.0002039068257457903
414,0.9822546243667603,0.017745375633239746,1.298104166984558,0.03054896369576454,32,0.0002039068257457903
415,0.978652834892273,0.02134716510772705,1.290212869644165,0.0340358205139637,32,0.0002039068257457903
416,0.9819772839546204,0.01802271604537964,1.2719714641571045,0.030562203377485275,33,0.00019371148445850077
417,0.9805930852890015,0.019406914710998535,1.268631935119629,0.031899165362119675,33,0.00019371148445850077
418,0.9827531576156616,0.01724684238433838,1.2555747032165527,0.02963012084364891,33,0.00019371148445850077
419,0.9833858609199524,0.016614139080047607,1.249617338180542,0.028944171965122223,33,0.00019371148445850077
420,0.9815658926963806,0.018434107303619385,1.2491402626037598,0.030741170048713684,33,0.00019371148445850077
421,0.981813371181488,0.018186628818511963,1.253196358680725,0.030536726117134094,33,0.00019371148445850077
422,0.9813289642333984,0.018671035766601562,1.274010181427002,0.031224427744746208,33,0.00019371148445850077
423,0.9826450347900391,0.017354965209960938,1.2504574060440063,0.029685989022254944,33,0.00019371148445850077
424,0.9809165596961975,0.01908344030380249,1.2972999811172485,0.03186560422182083,33,0.00019371148445850077
425,0.9788445234298706,0.021155476570129395,1.3062127828598022,0.03400605171918869,33,0.00019371148445850077
426,0.9825779795646667,0.017422020435333252,1.2383887767791748,0.029631687328219414,33,0.00019371148445850077
427,0.9826279878616333,0.0173720121383667,1.2760486602783203,0.029958778992295265,33,0.00019371148445850077
428,0.9804700016975403,0.019529998302459717,1.2649600505828857,0.031984299421310425,33,0.00019371148445850077
429,0.9821535348892212,0.01784646511077881,1.2516266107559204,0.030184267088770866,34,0.00018402591023557573
430,0.9815421104431152,0.018457889556884766,1.285378336906433,0.031127093359827995,34,0.00018402591023557573
431,0.9808929562568665,0.019107043743133545,1.2676390409469604,0.03159236162900925,34,0.00018402591023557573
432,0.9804238677024841,0.01957613229751587,1.287925362586975,0.03225962445139885,34,0.00018402591023557573
433,0.9818096160888672,0.018190383911132812,1.2529488801956177,0.03053796850144863,34,0.00018402591023557573
434,0.9828495979309082,0.017150402069091797,1.2773666381835938,0.029752565547823906,34,0.00018402591023557573
435,0.9833968281745911,0.016603171825408936,1.25020432472229,0.028939181938767433,34,0.00018402591023557573
436,0.980590283870697,0.01940971612930298,1.2440887689590454,0.03165650740265846,34,0.00018402591023557573
437,0.9806407690048218,0.019359230995178223,1.2821985483169556,0.03198762238025665,34,0.00018402591023557573
438,0.9825356006622314,0.017464399337768555,1.2778069972991943,0.030067825689911842,34,0.00018402591023557573
439,0.9824310541152954,0.01756894588470459,1.2787374258041382,0.030180631205439568,34,0.00018402591023557573
440,0.9819166660308838,0.01808333396911621,1.262743592262268,0.030529936775565147,34,0.00018402591023557573
441,0.9823703169822693,0.017629683017730713,1.2563246488571167,0.03001663088798523,34,0.00018402591023557573
442,0.9805253744125366,0.01947462558746338,1.2807104587554932,0.03208698332309723,35,0.00017482461472379692
443,0.9832283854484558,0.01677161455154419,1.2627462148666382,0.0292313601821661,35,0.00017482461472379692
444,0.9843113422393799,0.015688657760620117,1.2697128057479858,0.028228897601366043,35,0.00017482461472379692
445,0.9801061749458313,0.0198938250541687,1.291103482246399,0.03260592371225357,35,0.00017482461472379692
446,0.9818358421325684,0.01816415786743164,1.2517820596694946,0.030500337481498718,35,0.00017482461472379692
447,0.9817440509796143,0.018255949020385742,1.2331693172454834,0.030405081808567047,35,0.00017482461472379692
448,0.9821317195892334,0.0178682804107666,1.2813341617584229,0.030502937734127045,35,0.00017482461472379692
449,0.9808114171028137,0.01918858289718628,1.2563482522964478,0.031560178846120834,35,0.00017482461472379692
450,0.982539713382721,0.017460286617279053,1.2786978483200073,0.030072662979364395,35,0.00017482461472379692
451,0.9826070070266724,0.017392992973327637,1.2607451677322388,0.029826514422893524,35,0.00017482461472379692
452,0.9819715619087219,0.018028438091278076,1.2624571323394775,0.03047272562980652,35,0.00017482461472379692
453,0.9808429479598999,0.019157052040100098,1.2817187309265137,0.031782668083906174,35,0.00017482461472379692
454,0.9816415905952454,0.01835840940475464,1.2548502683639526,0.0307233277708292,35,0.00017482461472379692
455,0.981659471988678,0.01834052801132202,1.2757518291473389,0.03091464191675186,36,0.00016608338398760707
456,0.9817260503768921,0.01827394962310791,1.2529724836349487,0.030620936304330826,36,0.00016608338398760707
457,0.981545627117157,0.018454372882843018,1.2979596853256226,0.031249426305294037,36,0.00016608338398760707
458,0.9832336902618408,0.01676630973815918,1.2281193733215332,0.028879839926958084,36,0.00016608338398760707
459,0.9825348854064941,0.01746511459350586,1.2675951719284058,0.029966413974761963,36,0.00016608338398760707
460,0.9832434058189392,0.01675659418106079,1.2546257972717285,0.029135286808013916,36,0.00016608338398760707
461,0.9802765250205994,0.019723474979400635,1.2811771631240845,0.032338012009859085,36,0.00016608338398760707
462,0.9806516766548157,0.019348323345184326,1.2726659774780273,0.03188150003552437,36,0.00016608338398760707
463,0.9799086451530457,0.020091354846954346,1.2962677478790283,0.03285311907529831,36,0.00016608338398760707
464,0.982022762298584,0.017977237701416016,1.2580064535140991,0.030377529561519623,36,0.00016608338398760707
465,0.9840520024299622,0.015947997570037842,1.2784836292266846,0.028573352843523026,36,0.00016608338398760707
466,0.9820032715797424,0.01799672842025757,1.2548747062683105,0.030365508049726486,36,0.00016608338398760707
467,0.9829912781715393,0.017008721828460693,1.2675477266311646,0.029514111578464508,36,0.00016608338398760707
468,0.9810262322425842,0.01897376775741577,1.2612669467926025,0.03139669820666313,37,0.0001577792147882267
469,0.9806459546089172,0.019354045391082764,1.261513113975525,0.031775638461112976,37,0.0001577792147882267
470,0.9832290410995483,0.01677095890045166,1.2776216268539429,0.0293794646859169,37,0.0001577792147882267
471,0.9809228181838989,0.019077181816101074,1.2893918752670288,0.03178032860159874,37,0.0001577792147882267
472,0.9813120365142822,0.018687963485717773,1.2757046222686768,0.031258128583431244,37,0.0001577792147882267
473,0.9827476739883423,0.017252326011657715,1.2336647510528564,0.02941644936800003,37,0.0001577792147882267
474,0.983190655708313,0.01680934429168701,1.2658076286315918,0.029299328103661537,37,0.0001577792147882267
475,0.9811881184577942,0.01881188154220581,1.278773546218872,0.03141149878501892,37,0.0001577792147882267
476,0.9799727201461792,0.0200272798538208,1.3077422380447388,0.032904427498579025,37,0.0001577792147882267
477,0.982000470161438,0.01799952983856201,1.2566487789154053,0.030386023223400116,37,0.0001577792147882267
478,0.9836496710777283,0.01635032892227173,1.2658878564834595,0.028845705091953278,37,0.0001577792147882267
479,0.9834330677986145,0.016566932201385498,1.242617130279541,0.02882743440568447,37,0.0001577792147882267
480,0.9825891256332397,0.017410874366760254,1.2328835725784302,0.0295656006783247,37,0.0001577792147882267
481,0.9824411869049072,0.017558813095092773,1.2746819257736206,0.030130043625831604,38,0.00014989025404881537
482,0.9835548400878906,0.016445159912109375,1.245888352394104,0.02873959206044674,38,0.00014989025404881537
483,0.9837416410446167,0.0162583589553833,1.2605006694793701,0.028700783848762512,38,0.00014989025404881537
484,0.9827917218208313,0.0172082781791687,1.2532284259796143,0.02956847846508026,38,0.00014989025404881537
485,0.9832100868225098,0.016789913177490234,1.2572053670883179,0.029194068163633347,38,0.00014989025404881537
486,0.9817553758621216,0.018244624137878418,1.266531229019165,0.030727490782737732,38,0.00014989025404881537
487,0.9831708669662476,0.01682913303375244,1.22976553440094,0.02895849570631981,38,0.00014989025404881537
488,0.9790283441543579,0.02097165584564209,1.2874460220336914,0.03363639861345291,38,0.00014989025404881537
489,0.9799505472183228,0.020049452781677246,1.3069067001342773,0.03291802480816841,38,0.00014989025404881537
490,0.9819661974906921,0.01803380250930786,1.2665460109710693,0.030518924817442894,38,0.00014989025404881537
491,0.9818977117538452,0.018102288246154785,1.2995527982711792,0.030916793271899223,38,0.00014989025404881537
492,0.9823731184005737,0.01762688159942627,1.265152931213379,0.030102141201496124,38,0.00014989025404881537
493,0.9799599647521973,0.020040035247802734,1.272927165031433,0.032568905502557755,38,0.00014989025404881537
494,0.982450544834137,0.017549455165863037,1.285065770149231,0.030224617570638657,39,0.00014239574134637458
495,0.9827750325202942,0.01722496747970581,1.2621486186981201,0.02967420220375061,39,0.00014239574134637458
496,0.9822807312011719,0.017719268798828125,1.2708079814910889,0.030250154435634613,39,0.00014239574134637458
497,0.9815542101860046,0.01844578981399536,1.2925747632980347,0.03118707984685898,39,0.00014239574134637458
498,0.9815621972084045,0.01843780279159546,1.2860363721847534,0.03111378848552704,39,0.00014239574134637458
499,0.9829015135765076,0.01709848642349243,1.2433305978775024,0.029360806569457054,39,0.00014239574134637458
500,0.9815574288368225,0.01844257116317749,1.2417466640472412,0.03067561239004135,39,0.00014239574134637458
501,0.9819579124450684,0.01804208755493164,1.2713834047317505,0.030575498938560486,39,0.00014239574134637458
502,0.9830878376960754,0.01691216230392456,1.236114501953125,0.029104186221957207,39,0.00014239574134637458
503,0.9804555773735046,0.01954442262649536,1.2928603887557983,0.032277584075927734,39,0.00014239574134637458
504,0.981930136680603,0.018069863319396973,1.2468011379241943,0.030357174575328827,39,0.00014239574134637458
505,0.9829257130622864,0.017074286937713623,1.2762140035629272,0.029665682464838028,39,0.00014239574134637458
506,0.9827582836151123,0.017241716384887695,1.2343506813049316,0.029412806034088135,39,0.00014239574134637458
507,0.982481062412262,0.017518937587738037,1.2578144073486328,0.029921893030405045,40,0.00013527595427905584
508,0.9810255765914917,0.0189744234085083,1.2719146013259888,0.031503826379776,40,0.00013527595427905584
509,0.9828436970710754,0.01715630292892456,1.251190423965454,0.02949664369225502,40,0.00013527595427905584
510,0.9833506345748901,0.016649365425109863,1.2359941005706787,0.028842810541391373,40,0.00013527595427905584
511,0.9826463460922241,0.01735365390777588,1.266473650932312,0.029844854027032852,40,0.00013527595427905584
512,0.9815717935562134,0.01842820644378662,1.2703410387039185,0.030947335064411163,40,0.00013527595427905584
513,0.9828860759735107,0.017113924026489258,1.261659026145935,0.02955937385559082,40,0.00013527595427905584
514,0.9791288375854492,0.02087116241455078,1.3096914291381836,0.03375936299562454,40,0.00013527595427905584
515,0.9826502799987793,0.017349720001220703,1.2825251817703247,0.030001472681760788,40,0.00013527595427905584
516,0.9823721647262573,0.017627835273742676,1.2896034717559814,0.030347591266036034,40,0.00013527595427905584
517,0.9839661717414856,0.016033828258514404,1.2510380744934082,0.02838386967778206,40,0.00013527595427905584
518,0.9810349941253662,0.01896500587463379,1.294352412223816,0.03171887993812561,40,0.00013527595427905584
519,0.9828487634658813,0.017151236534118652,1.2445054054260254,0.02942477911710739,40,0.00013527595427905584
520,0.9835318326950073,0.016468167304992676,1.253428339958191,0.028837768360972404,41,0.00012851215656510304
521,0.9830772280693054,0.01692277193069458,1.2685654163360596,0.029439199715852737,41,0.00012851215656510304
522,0.9825699925422668,0.017430007457733154,1.2817225456237793,0.030072931200265884,41,0.00012851215656510304
523,0.9828413128852844,0.017158687114715576,1.2813256978988647,0.029800357297062874,41,0.00012851215656510304
524,0.9816716313362122,0.018328368663787842,1.2537965774536133,0.03068304993212223,41,0.00012851215656510304
525,0.9813860058784485,0.018613994121551514,1.2694216966629028,0.03112206980586052,41,0.00012851215656510304
526,0.9814978837966919,0.018502116203308105,1.2737375497817993,0.03105447068810463,41,0.00012851215656510304
527,0.982161283493042,0.017838716506958008,1.2695717811584473,0.030356045812368393,41,0.00012851215656510304
528,0.9836133122444153,0.016386687755584717,1.2403982877731323,0.028626803308725357,41,0.00012851215656510304
529,0.9814473390579224,0.018552660942077637,1.2469300031661987,0.030836433172225952,41,0.00012851215656510304
530,0.981008768081665,0.01899123191833496,1.2662322521209717,0.03146364167332649,41,0.00012851215656510304
531,0.982317328453064,0.017682671546936035,1.2518292665481567,0.03002413734793663,41,0.00012851215656510304
532,0.9814485311508179,0.01855146884918213,1.2807443141937256,0.031173396855592728,41,0.00012851215656510304
533,0.9810327291488647,0.018967270851135254,1.2948195934295654,0.031725794076919556,42,0.00012208654873684788
534,0.9814985394477844,0.018501460552215576,1.2776964902877808,0.031093411147594452,42,0.00012208654873684788
535,0.9815232753753662,0.01847672462463379,1.2873872518539429,0.03116583079099655,42,0.00012208654873684788
536,0.9804711937904358,0.01952880620956421,1.282055377960205,0.03215407207608223,42,0.00012208654873684788
537,0.9836941361427307,0.016305863857269287,1.2621004581451416,0.02876381017267704,42,0.00012208654873684788
538,0.9811830520629883,0.01881694793701172,1.2712459564208984,0.03134123608469963,42,0.00012208654873684788
539,0.9834598302841187,0.016540169715881348,1.2790040969848633,0.029164809733629227,42,0.00012208654873684788
540,0.9822006225585938,0.01779937744140625,1.276606559753418,0.030387448146939278,42,0.00012208654873684788
541,0.9826776385307312,0.0173223614692688,1.2458515167236328,0.029607653617858887,42,0.00012208654873684788
542,0.981536865234375,0.018463134765625,1.274911642074585,0.031027618795633316,42,0.00012208654873684788
543,0.9837665557861328,0.016233444213867188,1.2518829107284546,0.028589937835931778,42,0.00012208654873684788
544,0.9833205342292786,0.016679465770721436,1.2268099784851074,0.028780771419405937,42,0.00012208654873684788
545,0.9832632541656494,0.016736745834350586,1.2516549825668335,0.029085926711559296,42,0.00012208654873684788
546,0.9832979440689087,0.01670205593109131,1.2480653524398804,0.029015690088272095,43,0.00011598222130000548
547,0.9820263981819153,0.017973601818084717,1.2492388486862183,0.030286254361271858,43,0.00011598222130000548
548,0.9818227887153625,0.01817721128463745,1.2632840871810913,0.030628278851509094,43,0.00011598222130000548
549,0.981895923614502,0.018104076385498047,1.2901716232299805,0.030824752524495125,43,0.00011598222130000548
550,0.9821491241455078,0.017850875854492188,1.2700011730194092,0.03037237748503685,43,0.00011598222130000548
551,0.983291506767273,0.01670849323272705,1.2216869592666626,0.028758278116583824,43,0.00011598222130000548
552,0.9804590940475464,0.019540905952453613,1.287409782409668,0.032219596207141876,43,0.00011598222130000548
553,0.982370138168335,0.01762986183166504,1.2733001708984375,0.030186563730239868,43,0.00011598222130000548
554,0.9833768606185913,0.01662313938140869,1.2867136001586914,0.029324043542146683,43,0.00011598222130000548
555,0.9825441241264343,0.017455875873565674,1.2689521312713623,0.029970839619636536,43,0.00011598222130000548
556,0.9818464517593384,0.01815354824066162,1.28003990650177,0.030772412195801735,43,0.00011598222130000548
557,0.9823979735374451,0.01760202646255493,1.2705721855163574,0.03013172745704651,43,0.00011598222130000548
558,0.9834719896316528,0.016528010368347168,1.265531301498413,0.029018044471740723,43,0.00011598222130000548
559,0.9834989905357361,0.016501009464263916,1.2329800128936768,0.028665799647569656,44,0.00011018311023500519
560,0.9803460240364075,0.01965397596359253,1.2939703464508057,0.03239713981747627,44,0.00011018311023500519
561,0.9810664057731628,0.018933594226837158,1.2832422256469727,0.03157667815685272,44,0.00011018311023500519
562,0.982557475566864,0.017442524433135986,1.2642779350280762,0.029910877346992493,44,0.00011018311023500519
563,0.9825425148010254,0.01745748519897461,1.2684345245361328,0.029967255890369415,44,0.00011018311023500519
564,0.9841107726097107,0.015889227390289307,1.224372386932373,0.02797405794262886,44,0.00011018311023500519
565,0.9818851351737976,0.018114864826202393,1.2645745277404785,0.03057946264743805,44,0.00011018311023500519
566,0.981112003326416,0.018887996673583984,1.3054742813110352,0.03175386041402817,44,0.00011018311023500519
567,0.9821102619171143,0.017889738082885742,1.2775918245315552,0.030486758798360825,44,0.00011018311023500519
568,0.9836189150810242,0.01638108491897583,1.2912596464157104,0.029129870235919952,44,0.00011018311023500519
569,0.98333740234375,0.01666259765625,1.2511054277420044,0.029007025063037872,44,0.00011018311023500519
570,0.9816336035728455,0.01836639642715454,1.253859043121338,0.03072132170200348,44,0.00011018311023500519
571,0.9833559393882751,0.016644060611724854,1.2536594867706299,0.029014214873313904,44,0.00011018311023500519
572,0.9822985529899597,0.017701447010040283,1.2540605068206787,0.030065037310123444,45,0.00010467395472325493
573,0.9836015105247498,0.016398489475250244,1.25435209274292,0.02877802401781082,45,0.00010467395472325493
574,0.9817016124725342,0.01829838752746582,1.2679576873779297,0.030794980004429817,45,0.00010467395472325493
575,0.9817408919334412,0.018259108066558838,1.2853257656097412,0.030929774045944214,45,0.00010467395472325493
576,0.981619656085968,0.018380343914031982,1.2613328695297241,0.03080986812710762,45,0.00010467395472325493
577,0.9832472205162048,0.016752779483795166,1.2078193426132202,0.02866344526410103,45,0.00010467395472325493
578,0.9821248054504395,0.017875194549560547,1.2976257801055908,0.030672699213027954,45,0.00010467395472325493
579,0.9836245179176331,0.016375482082366943,1.2630805969238281,0.028842533007264137,45,0.00010467395472325493
580,0.9828428030014038,0.01715719699859619,1.2664318084716797,0.029649943113327026,45,0.00010467395472325493
581,0.9834460020065308,0.01655399799346924,1.2615795135498047,0.029004253447055817,45,0.00010467395472325493
582,0.9815831184387207,0.018416881561279297,1.2712156772613525,0.03094486892223358,45,0.00010467395472325493
583,0.982012152671814,0.017987847328186035,1.2925877571105957,0.030733846127986908,45,0.00010467395472325493
584,0.9816066026687622,0.018393397331237793,1.2812141180038452,0.03102160431444645,45,0.00010467395472325493
585,0.9836156368255615,0.016384363174438477,1.2614530324935913,0.028835048899054527,46,9.944025698709218e-05
586,0.9814077019691467,0.01859229803085327,1.2595267295837402,0.03100164234638214,46,9.944025698709218e-05
587,0.9821149706840515,0.017885029315948486,1.250770926475525,0.030213888734579086,46,9.944025698709218e-05
588,0.9813979864120483,0.01860201358795166,1.2852747440338135,0.03126873821020126,46,9.944025698709218e-05
589,0.9827132225036621,0.01728677749633789,1.2616561651229858,0.02973047085106373,46,9.944025698709218e-05
590,0.9828237295150757,0.017176270484924316,1.27726411819458,0.029777150601148605,46,9.944025698709218e-05
591,0.9831637144088745,0.01683628559112549,1.2834676504135132,0.02950260043144226,46,9.944025698709218e-05
592,0.9833043217658997,0.016695678234100342,1.2324931621551514,0.028853652998805046,46,9.944025698709218e-05
593,0.9846568703651428,0.015343129634857178,1.2536776065826416,0.02772647514939308,46,9.944025698709218e-05
594,0.9817920327186584,0.018207967281341553,1.2883481979370117,0.030909370630979538,46,9.944025698709218e-05
595,0.9819934964179993,0.018006503582000732,1.261962652206421,0.030446063727140427,46,9.944025698709218e-05
596,0.9815213680267334,0.0184786319732666,1.2731587886810303,0.031025433912873268,46,9.944025698709218e-05
597,0.9815931916236877,0.018406808376312256,1.2667930126190186,0.03089066967368126,46,9.944025698709218e-05
598,0.9839032292366028,0.016096770763397217,1.2364280223846436,0.028300084173679352,47,9.446824413773756e-05
599,0.9807224273681641,0.019277572631835938,1.2760052680969238,0.0318448469042778,47,9.446824413773756e-05
600,0.9832242131233215,0.016775786876678467,1.2596485614776611,0.029204513877630234,47,9.446824413773756e-05
601,0.9801138639450073,0.019886136054992676,1.2835650444030762,0.03252292424440384,47,9.446824413773756e-05
602,0.9821501970291138,0.01784980297088623,1.2602301836013794,0.03027360700070858,47,9.446824413773756e-05
603,0.9810970425605774,0.018902957439422607,1.2918434143066406,0.03163236379623413,47,9.446824413773756e-05
604,0.9830038547515869,0.016996145248413086,1.2944782972335815,0.02977096661925316,47,9.446824413773756e-05
605,0.9828616380691528,0.017138361930847168,1.264489769935608,0.029611874371767044,47,9.446824413773756e-05
606,0.9817883968353271,0.01821160316467285,1.2651492357254028,0.030680978670716286,47,9.446824413773756e-05
607,0.9848061203956604,0.0151938796043396,1.2714625597000122,0.027756566181778908,47,9.446824413773756e-05
608,0.982697606086731,0.017302393913269043,1.2519938945770264,0.029649309813976288,47,9.446824413773756e-05
609,0.9836109280586243,0.016389071941375732,1.253269910812378,0.028757881373167038,47,9.446824413773756e-05
610,0.9828012585639954,0.01719874143600464,1.2606106996536255,0.02963286079466343,47,9.446824413773756e-05
611,0.9824110269546509,0.01758897304534912,1.2770874500274658,0.030183957889676094,48,8.974483193085068e-05
612,0.9835610389709473,0.016438961029052734,1.231713056564331,0.0285917017608881,48,8.974483193085068e-05
613,0.9812516570091248,0.018748342990875244,1.2778254747390747,0.031339116394519806,48,8.974483193085068e-05
614,0.9833000898361206,0.016699910163879395,1.281528115272522,0.029348190873861313,48,8.974483193085068e-05
615,0.983893096446991,0.016106903553009033,1.2236847877502441,0.028182681649923325,48,8.974483193085068e-05
616,0.9820271730422974,0.017972826957702637,1.265891432762146,0.03045201301574707,48,8.974483193085068e-05
617,0.9827501177787781,0.017249882221221924,1.2923904657363892,0.030001286417245865,48,8.974483193085068e-05
618,0.9828475713729858,0.01715242862701416,1.2597715854644775,0.029578620567917824,48,8.974483193085068e-05
619,0.9809347987174988,0.01906520128250122,1.2751871347427368,0.031626421958208084,48,8.974483193085068e-05
620,0.9830964803695679,0.01690351963043213,1.2664563655853271,0.029399048537015915,48,8.974483193085068e-05
621,0.9832201600074768,0.016779839992523193,1.2606738805770874,0.029218779876828194,48,8.974483193085068e-05
622,0.9822781682014465,0.017721831798553467,1.2709410190582275,0.030254025012254715,48,8.974483193085068e-05
623,0.9813272953033447,0.018672704696655273,1.285578727722168,0.03134176507592201,48,8.974483193085068e-05
624,0.9820756316184998,0.017924368381500244,1.266179084777832,0.03040691465139389,49,8.525759033430814e-05
625,0.9829773902893066,0.01702260971069336,1.255918264389038,0.029411565512418747,49,8.525759033430814e-05
626,0.9818397760391235,0.018160223960876465,1.2731324434280396,0.030709944665431976,49,8.525759033430814e-05
627,0.9818452000617981,0.018154799938201904,1.2509098052978516,0.030482348054647446,49,8.525759033430814e-05
628,0.9818121194839478,0.018187880516052246,1.2628862857818604,0.030634865164756775,49,8.525759033430814e-05
629,0.9832872748374939,0.016712725162506104,1.2628531455993652,0.02917412854731083,49,8.525759033430814e-05
630,0.9840734601020813,0.0159265398979187,1.2624318599700928,0.02839159220457077,49,8.525759033430814e-05
631,0.982975423336029,0.017024576663970947,1.265689730644226,0.0295112282037735,49,8.525759033430814e-05
632,0.9844418168067932,0.015558183193206787,1.2511473894119263,0.027914073318243027,49,8.525759033430814e-05
633,0.9813138842582703,0.018686115741729736,1.2877799272537231,0.03137705475091934,49,8.525759033430814e-05
634,0.9830914735794067,0.01690852642059326,1.2823123931884766,0.029562564566731453,49,8.525759033430814e-05
635,0.9826824069023132,0.017317593097686768,1.2690293788909912,0.02983471006155014,49,8.525759033430814e-05
636,0.9814011454582214,0.018598854541778564,1.2774229049682617,0.031187094748020172,49,8.525759033430814e-05
637,0.9824529886245728,0.017547011375427246,1.2537903785705566,0.029909443110227585,50,8.099471081759274e-05
638,0.9809474349021912,0.019052565097808838,1.2635724544525146,0.031497761607170105,50,8.099471081759274e-05
639,0.9825679063796997,0.017432093620300293,1.2439419031143188,0.02969719097018242,50,8.099471081759274e-05
640,0.9828871488571167,0.0171128511428833,1.2524173259735107,0.029465895146131516,50,8.099471081759274e-05
641,0.9831192493438721,0.01688075065612793,1.2818974256515503,0.02953091636300087,50,8.099471081759274e-05
642,0.9845174551010132,0.015482544898986816,1.2484004497528076,0.027811724692583084,50,8.099471081759274e-05
643,0.9823167324066162,0.01768326759338379,1.295440673828125,0.030460841953754425,50,8.099471081759274e-05
644,0.9840971231460571,0.01590287685394287,1.249168038368225,0.028235528618097305,50,8.099471081759274e-05
645,0.9827596545219421,0.01724034547805786,1.2686047554016113,0.029753990471363068,50,8.099471081759274e-05
646,0.9818997383117676,0.018100261688232422,1.2887036800384521,0.030806295573711395,50,8.099471081759274e-05
647,0.983518123626709,0.016481876373291016,1.270107626914978,0.029018133878707886,50,8.099471081759274e-05
648,0.9822471141815186,0.017752885818481445,1.2597458362579346,0.030172815546393394,50,8.099471081759274e-05
649,0.9806145429611206,0.019385457038879395,1.276815414428711,0.03195975720882416,50,8.099471081759274e-05
650,0.9829438924789429,0.01705610752105713,1.2822256088256836,0.029707802459597588,51,7.69449752767131e-05
651,0.9815956354141235,0.018404364585876465,1.276523232460022,0.030985552817583084,51,7.69449752767131e-05
652,0.9826817512512207,0.017318248748779297,1.2644065618515015,0.02978913113474846,51,7.69449752767131e-05
653,0.983692467212677,0.016307532787322998,1.2619643211364746,0.02876410074532032,51,7.69449752767131e-05
654,0.9834803342819214,0.016519665718078613,1.2508034706115723,0.02886250428855419,51,7.69449752767131e-05
655,0.9825690388679504,0.01743096113204956,1.249750018119812,0.0297541506588459,51,7.69449752767131e-05
656,0.9822041988372803,0.017795801162719727,1.2606875896453857,0.030224720016121864,51,7.69449752767131e-05
657,0.9833937287330627,0.016606271266937256,1.2805802822113037,0.02924601174890995,51,7.69449752767131e-05
658,0.983792781829834,0.016207218170166016,1.213690996170044,0.028182055801153183,51,7.69449752767131e-05
659,0.9816088676452637,0.018391132354736328,1.287445068359375,0.03108167089521885,51,7.69449752767131e-05
660,0.982416033744812,0.01758396625518799,1.2741237878799438,0.030149364843964577,51,7.69449752767131e-05
661,0.9840564727783203,0.015943527221679688,1.2679028511047363,0.028463121503591537,51,7.69449752767131e-05
662,0.9793989062309265,0.020601093769073486,1.3122334480285645,0.033517416566610336,51,7.69449752767131e-05
663,0.9838266968727112,0.01617330312728882,1.2527642250061035,0.028539210557937622,52,7.309772651287744e-05
664,0.9820883870124817,0.01791161298751831,1.2765867710113525,0.030498364940285683,52,7.309772651287744e-05
665,0.9828106164932251,0.017189383506774902,1.2261042594909668,0.029278531670570374,52,7.309772651287744e-05
666,0.9831904768943787,0.016809523105621338,1.2661411762237549,0.029302839189767838,52,7.309772651287744e-05
667,0.981209933757782,0.018790066242218018,1.2876871824264526,0.031479038298130035,52,7.309772651287744e-05
668,0.9837744235992432,0.016225576400756836,1.2746624946594238,0.02880994603037834,52,7.309772651287744e-05
669,0.9830127358436584,0.016987264156341553,1.2670761346817017,0.029488151893019676,52,7.309772651287744e-05
670,0.9807763695716858,0.01922363042831421,1.303212285041809,0.03206351771950722,52,7.309772651287744e-05
671,0.983102560043335,0.01689743995666504,1.2561554908752441,0.02929002046585083,52,7.309772651287744e-05
672,0.982064425945282,0.017935574054718018,1.2674212455749512,0.03043043054640293,52,7.309772651287744e-05
673,0.9837408065795898,0.016259193420410156,1.2322609424591064,0.028419211506843567,52,7.309772651287744e-05
674,0.9826406240463257,0.017359375953674316,1.2765933275222778,0.02995171584188938,52,7.309772651287744e-05
675,0.9831377267837524,0.01686227321624756,1.2780611515045166,0.02947426214814186,52,7.309772651287744e-05
676,0.9840049743652344,0.015995025634765625,1.218386173248291,0.02801893651485443,53,6.944284018723356e-05
677,0.9824131727218628,0.017586827278137207,1.2599408626556396,0.030010368674993515,53,6.944284018723356e-05
678,0.9831176400184631,0.016882359981536865,1.2824565172195435,0.029538102447986603,53,6.944284018723356e-05
679,0.9828326106071472,0.017167389392852783,1.2497305870056152,0.029493020847439766,53,6.944284018723356e-05
680,0.9816352128982544,0.018364787101745605,1.2748286724090576,0.030929425731301308,53,6.944284018723356e-05
681,0.9815891981124878,0.018410801887512207,1.2748397588729858,0.030975092202425003,53,6.944284018723356e-05
682,0.9807278513908386,0.019272148609161377,1.2857685089111328,0.031937114894390106,53,6.944284018723356e-05
683,0.9829935431480408,0.01700645685195923,1.2721997499465942,0.029558388516306877,53,6.944284018723356e-05
684,0.9830641150474548,0.016935884952545166,1.2532970905303955,0.029299497604370117,53,6.944284018723356e-05
685,0.9820818305015564,0.017918169498443604,1.2750316858291626,0.030489305034279823,53,6.944284018723356e-05
686,0.9845679402351379,0.01543205976486206,1.262527346611023,0.027903012931346893,53,6.944284018723356e-05
687,0.9828435182571411,0.017156481742858887,1.2724603414535522,0.029709521681070328,53,6.944284018723356e-05
688,0.9844117760658264,0.015588223934173584,1.2838749885559082,0.028271090239286423,53,6.944284018723356e-05
689,0.9833027124404907,0.016697287559509277,1.2915440797805786,0.02944575622677803,54,6.597069817787189e-05
690,0.9841844439506531,0.015815556049346924,1.237103819847107,0.028028439730405807,54,6.597069817787189e-05
691,0.9824051260948181,0.017594873905181885,1.3001723289489746,0.03042064793407917,54,6.597069817787189e-05
692,0.9829956889152527,0.017004311084747314,1.2586537599563599,0.02942080609500408,54,6.597069817787189e-05
693,0.9820287227630615,0.017971277236938477,1.2631202936172485,0.030422769486904144,54,6.597069817787189e-05
694,0.9829397201538086,0.017060279846191406,1.2476727962493896,0.029366403818130493,54,6.597069817787189e-05
695,0.9819768071174622,0.018023192882537842,1.2540830373764038,0.030383791774511337,54,6.597069817787189e-05
696,0.9825790524482727,0.017420947551727295,1.2900282144546509,0.030147019773721695,54,6.597069817787189e-05
697,0.9829903244972229,0.0170096755027771,1.263090968132019,0.02947048842906952,54,6.597069817787189e-05
698,0.9828313589096069,0.017168641090393066,1.2649036645889282,0.02964599058032036,54,6.597069817787189e-05
699,0.9819475412368774,0.01805245876312256,1.2711883783340454,0.03058381751179695,54,6.597069817787189e-05
700,0.9822730422019958,0.01772695779800415,1.2512003183364868,0.030061691999435425,54,6.597069817787189e-05
701,0.9842389225959778,0.015761077404022217,1.2409820556640625,0.028013287112116814,54,6.597069817787189e-05
702,0.9840037226676941,0.015996277332305908,1.2777478694915771,0.028613794595003128,55,6.267216326897829e-05
703,0.982643187046051,0.017356812953948975,1.257635474205017,0.029759598895907402,55,6.267216326897829e-05
704,0.9828078746795654,0.01719212532043457,1.2592658996582031,0.029612863436341286,55,6.267216326897829e-05
705,0.9834217429161072,0.016578257083892822,1.2773211002349854,0.029185686260461807,55,6.267216326897829e-05
706,0.9827755689620972,0.017224431037902832,1.233686923980713,0.02938905544579029,55,6.267216326897829e-05
707,0.9815912842750549,0.01840871572494507,1.2932846546173096,0.0311574749648571,55,6.267216326897829e-05
708,0.9837133884429932,0.016286611557006836,1.2593984603881836,0.028717730194330215,55,6.267216326897829e-05
709,0.9837674498558044,0.016232550144195557,1.260855793952942,0.028678782284259796,55,6.267216326897829e-05
710,0.9823467135429382,0.017653286457061768,1.2825978994369507,0.030302733182907104,55,6.267216326897829e-05
711,0.9826112389564514,0.017388761043548584,1.2532367706298828,0.029747240245342255,55,6.267216326897829e-05
712,0.9838449358940125,0.01615506410598755,1.256508708000183,0.028558600693941116,55,6.267216326897829e-05
713,0.9805775880813599,0.019422411918640137,1.287887454032898,0.03210706263780594,55,6.267216326897829e-05
714,0.9823927879333496,0.01760721206665039,1.2587621212005615,0.03001876175403595,55,6.267216326897829e-05
715,0.9836695790290833,0.016330420970916748,1.2534523010253906,0.02870164066553116,56,5.953855510552937e-05
716,0.9830303192138672,0.016969680786132812,1.2909647226333618,0.029709631577134132,56,5.953855510552937e-05
717,0.9820535182952881,0.017946481704711914,1.2776081562042236,0.030543100088834763,56,5.953855510552937e-05
718,0.9829729795455933,0.01702702045440674,1.2516107559204102,0.02937285788357258,56,5.953855510552937e-05
719,0.9833672046661377,0.016632795333862305,1.2574256658554077,0.02904072403907776,56,5.953855510552937e-05
720,0.980110764503479,0.019889235496520996,1.3011213541030884,0.032701559364795685,56,5.953855510552937e-05
721,0.9830296039581299,0.016970396041870117,1.2595601081848145,0.029396291822195053,56,5.953855510552937e-05
722,0.9841313362121582,0.015868663787841797,1.2481694221496582,0.028191670775413513,56,5.953855510552937e-05
723,0.9836993217468262,0.016300678253173828,1.2462491989135742,0.028600163757801056,56,5.953855510552937e-05
724,0.9810861349105835,0.018913865089416504,1.286604404449463,0.031590770930051804,56,5.953855510552937e-05
725,0.9830293655395508,0.01697063446044922,1.2613962888717651,0.029414892196655273,56,5.953855510552937e-05
726,0.9826326370239258,0.01736736297607422,1.2839932441711426,0.030033621937036514,56,5.953855510552937e-05
727,0.983936607837677,0.016063392162322998,1.2259770631790161,0.028162527829408646,56,5.953855510552937e-05
728,0.9828847050666809,0.017115294933319092,1.2809303998947144,0.029753446578979492,57,5.65616273502529e-05
729,0.9833148121833801,0.016685187816619873,1.2580413818359375,0.0290987491607666,57,5.65616273502529e-05
730,0.9838523864746094,0.016147613525390625,1.2488230466842651,0.028474368155002594,57,5.65616273502529e-05
731,0.9821186661720276,0.017881333827972412,1.2836743593215942,0.030539263039827347,57,5.65616273502529e-05
732,0.9833839535713196,0.01661604642868042,1.2395999431610107,0.028845883905887604,57,5.65616273502529e-05
733,0.9834488034248352,0.016551196575164795,1.2317410707473755,0.028703097254037857,57,5.65616273502529e-05
734,0.9815335869789124,0.018466413021087646,1.2841248512268066,0.031122997403144836,57,5.65616273502529e-05
735,0.9839264750480652,0.016073524951934814,1.2490148544311523,0.028402939438819885,57,5.65616273502529e-05
736,0.9829582571983337,0.01704174280166626,1.2611675262451172,0.029483001679182053,57,5.65616273502529e-05
737,0.9815083146095276,0.018491685390472412,1.2897121906280518,0.031203892081975937,57,5.65616273502529e-05
738,0.9821421504020691,0.017857849597930908,1.2984567880630493,0.030663836747407913,57,5.65616273502529e-05
739,0.9821611642837524,0.01783883571624756,1.280943751335144,0.03046988509595394,57,5.65616273502529e-05
740,0.9848998785018921,0.01510012149810791,1.2549090385437012,0.027498211711645126,57,5.65616273502529e-05
741,0.9833343029022217,0.01666569709777832,1.2514013051986694,0.029013052582740784,58,5.373354598274025e-05
742,0.9829517006874084,0.017048299312591553,1.232759952545166,0.02920541539788246,58,5.373354598274025e-05
743,0.981319785118103,0.018680214881896973,1.2956171035766602,0.0314495824277401,58,5.373354598274025e-05
744,0.9819660186767578,0.018033981323242188,1.3015837669372559,0.030869480222463608,58,5.373354598274025e-05
745,0.9821298122406006,0.017870187759399414,1.2761869430541992,0.030453354120254517,58,5.373354598274025e-05
746,0.9834448099136353,0.016555190086364746,1.2652902603149414,0.02904254011809826,58,5.373354598274025e-05
747,0.9831368327140808,0.01686316728591919,1.2481226921081543,0.029175762087106705,58,5.373354598274025e-05
748,0.9832038283348083,0.01679617166519165,1.2670934200286865,0.029299143701791763,58,5.373354598274025e-05
749,0.9820362329483032,0.017963767051696777,1.290869951248169,0.030692828819155693,58,5.373354598274025e-05
750,0.9821850657463074,0.017814934253692627,1.276075839996338,0.03039754368364811,58,5.373354598274025e-05
751,0.9838528633117676,0.016147136688232422,1.2535724639892578,0.02852139063179493,58,5.373354598274025e-05
752,0.9840133190155029,0.01598668098449707,1.2388635873794556,0.028215449303388596,58,5.373354598274025e-05
753,0.9846863150596619,0.015313684940338135,1.2486711740493774,0.027647260576486588,58,5.373354598274025e-05
754,0.983810305595398,0.01618969440460205,1.257728934288025,0.028605084866285324,59,5.104686868360323e-05
755,0.9829044938087463,0.017095506191253662,1.2963030338287354,0.02988758124411106,59,5.104686868360323e-05
756,0.980328381061554,0.019671618938446045,1.2821375131607056,0.032296277582645416,59,5.104686868360323e-05
757,0.9844995737075806,0.015500426292419434,1.2490453720092773,0.027835875749588013,59,5.104686868360323e-05
758,0.9834139943122864,0.016586005687713623,1.2768776416778564,0.02918892353773117,59,5.104686868360323e-05
759,0.9829238057136536,0.017076194286346436,1.2858972549438477,0.029764404520392418,59,5.104686868360323e-05
760,0.9836845397949219,0.016315460205078125,1.209665298461914,0.02824895828962326,59,5.104686868360323e-05
761,0.9802671074867249,0.019732892513275146,1.2943916320800781,0.032479479908943176,59,5.104686868360323e-05
762,0.9823629260063171,0.01763707399368286,1.2506399154663086,0.02996710315346718,59,5.104686868360323e-05
763,0.9828784465789795,0.017121553421020508,1.2857202291488647,0.02980753965675831,59,5.104686868360323e-05
764,0.9836166501045227,0.016383349895477295,1.2488175630569458,0.02870769239962101,59,5.104686868360323e-05
765,0.9837024211883545,0.016297578811645508,1.246727705001831,0.028601881116628647,59,5.104686868360323e-05
766,0.9831642508506775,0.01683574914932251,1.2588247060775757,0.029255639761686325,59,5.104686868360323e-05
767,0.983005166053772,0.016994833946228027,1.2993236780166626,0.02981812134385109,60,4.849452524942307e-05
768,0.98340904712677,0.01659095287322998,1.252030849456787,0.028945352882146835,60,4.849452524942307e-05
769,0.9841811656951904,0.01581883430480957,1.2653861045837402,0.028314506635069847,60,4.849452524942307e-05
770,0.9838113784790039,0.016188621520996094,1.239371657371521,0.028420452028512955,60,4.849452524942307e-05
771,0.9837995171546936,0.016200482845306396,1.2830004692077637,0.028868481516838074,60,4.849452524942307e-05
772,0.9824960231781006,0.017503976821899414,1.2533552646636963,0.02986248955130577,60,4.849452524942307e-05
773,0.9842023849487305,0.01579761505126953,1.2402263879776,0.02804190292954445,60,4.849452524942307e-05
774,0.9823163151741028,0.017683684825897217,1.2779284715652466,0.030286133289337158,60,4.849452524942307e-05
775,0.9813460111618042,0.0186539888381958,1.2832101583480835,0.03129955008625984,60,4.849452524942307e-05
776,0.9828265309333801,0.017173469066619873,1.2754708528518677,0.029756443575024605,60,4.849452524942307e-05
777,0.982387125492096,0.017612874507904053,1.2583705186843872,0.030020451173186302,60,4.849452524942307e-05
778,0.9829850196838379,0.01701498031616211,1.249974250793457,0.029344573616981506,60,4.849452524942307e-05
779,0.9811431169509888,0.01885688304901123,1.2893277406692505,0.03156159073114395,60,4.849452524942307e-05
780,0.9822182059288025,0.01778179407119751,1.298022747039795,0.03058420494198799,61,4.606979898695191e-05
781,0.9823576211929321,0.01764237880706787,1.2447493076324463,0.02991344779729843,61,4.606979898695191e-05
782,0.9827628135681152,0.017237186431884766,1.2612122297286987,0.02967693656682968,61,4.606979898695191e-05
783,0.9833173751831055,0.01668262481689453,1.2566062211990356,0.029081860557198524,61,4.606979898695191e-05
784,0.982205867767334,0.017794132232666016,1.2633610963821411,0.03024980239570141,61,4.606979898695191e-05
785,0.9830047488212585,0.016995251178741455,1.2909362316131592,0.029734661802649498,61,4.606979898695191e-05
786,0.9820533394813538,0.01794666051864624,1.2813117504119873,0.0305803120136261,61,4.606979898695191e-05
787,0.9844135046005249,0.015586495399475098,1.2534254789352417,0.027964884415268898,61,4.606979898695191e-05
788,0.982158362865448,0.017841637134552002,1.2666959762573242,0.030330181121826172,61,4.606979898695191e-05
789,0.9845950603485107,0.015404939651489258,1.2533917427062988,0.027784807607531548,61,4.606979898695191e-05
790,0.983617901802063,0.01638209819793701,1.2444655895233154,0.02866293117403984,61,4.606979898695191e-05
791,0.9824416637420654,0.01755833625793457,1.2769643068313599,0.030152395367622375,61,4.606979898695191e-05
792,0.9840028285980225,0.01599717140197754,1.2484103441238403,0.02832130342721939,61,4.606979898695191e-05
793,0.9835456013679504,0.01645439863204956,1.2514121532440186,0.028803974390029907,62,4.376630903760431e-05
794,0.9842986464500427,0.015701353549957275,1.2460076808929443,0.028004415333271027,62,4.376630903760431e-05
795,0.9809879064559937,0.019012093544006348,1.3109687566757202,0.03193166106939316,62,4.376630903760431e-05
796,0.9827700853347778,0.017229914665222168,1.2648038864135742,0.029705654829740524,62,4.376630903760431e-05
797,0.9821223616600037,0.017877638339996338,1.2965973615646362,0.0306648351252079,62,4.376630903760431e-05
798,0.9844396114349365,0.015560388565063477,1.2492258548736572,0.027897043153643608,62,4.376630903760431e-05
799,0.9830979108810425,0.01690208911895752,1.2502952814102173,0.029236022382974625,62,4.376630903760431e-05
800,0.984304666519165,0.01569533348083496,1.2555900812149048,0.028094280511140823,62,4.376630903760431e-05
801,0.9839071035385132,0.016092896461486816,1.2366489171981812,0.028298456221818924,62,4.376630903760431e-05
802,0.9820955991744995,0.01790440082550049,1.2604529857635498,0.030329886823892593,62,4.376630903760431e-05
803,0.9814375042915344,0.018562495708465576,1.2960649728775024,0.031337518244981766,62,4.376630903760431e-05
804,0.9826609492301941,0.017339050769805908,1.2686941623687744,0.029852602630853653,62,4.376630903760431e-05
805,0.9829281568527222,0.017071843147277832,1.2784228324890137,0.029685351997613907,62,4.376630903760431e-05
806,0.9810166358947754,0.01898336410522461,1.2876968383789062,0.031670499593019485,63,4.157799358572409e-05
807,0.9832598567008972,0.016740143299102783,1.2634367942810059,0.02920711040496826,63,4.157799358572409e-05
808,0.9838290810585022,0.016170918941497803,1.2713260650634766,0.02872246876358986,63,4.157799358572409e-05
809,0.982914924621582,0.01708507537841797,1.264708161354065,0.029561305418610573,63,4.157799358572409e-05
810,0.9828500747680664,0.017149925231933594,1.2775664329528809,0.029754091054201126,63,4.157799358572409e-05
811,0.9840014576911926,0.015998542308807373,1.2952039241790771,0.02879059687256813,63,4.157799358572409e-05
812,0.9829346537590027,0.017065346240997314,1.251421332359314,0.029408905655145645,63,4.157799358572409e-05
813,0.9815057516098022,0.018494248390197754,1.2824978828430176,0.031134285032749176,63,4.157799358572409e-05
814,0.9838444590568542,0.016155540943145752,1.2277858257293701,0.02827184461057186,63,4.157799358572409e-05
815,0.9842140078544617,0.01578599214553833,1.2469993829727173,0.028098126873373985,63,4.157799358572409e-05
816,0.983507513999939,0.016492486000061035,1.265387773513794,0.028981439769268036,63,4.157799358572409e-05
817,0.9815781712532043,0.018421828746795654,1.2760882377624512,0.03099849447607994,63,4.157799358572409e-05
818,0.9836446642875671,0.01635533571243286,1.2514264583587646,0.02870604768395424,63,4.157799358572409e-05
819,0.9837313294410706,0.016268670558929443,1.2891689538955688,0.028997672721743584,64,3.9499093906437885e-05
820,0.9842214584350586,0.015778541564941406,1.259704828262329,0.028217803686857224,64,3.9499093906437885e-05
821,0.9840593934059143,0.015940606594085693,1.2238248586654663,0.02801945060491562,64,3.9499093906437885e-05
822,0.9842398762702942,0.01576012372970581,1.272795557975769,0.028330478817224503,64,3.9499093906437885e-05
823,0.9819372892379761,0.018062710762023926,1.2829523086547852,0.03071160614490509,64,3.9499093906437885e-05
824,0.9822325706481934,0.01776742935180664,1.2708117961883545,0.03029787167906761,64,3.9499093906437885e-05
825,0.983948826789856,0.016051173210144043,1.2616108655929565,0.028506770730018616,64,3.9499093906437885e-05
826,0.9820097088813782,0.017990291118621826,1.2668049335479736,0.03047843649983406,64,3.9499093906437885e-05
827,0.9841592907905579,0.01584070920944214,1.2388542890548706,0.0280708447098732,64,3.9499093906437885e-05
828,0.9822655320167542,0.01773446798324585,1.2617175579071045,0.03017430007457733,64,3.9499093906437885e-05
829,0.9810963869094849,0.018903613090515137,1.2751739025115967,0.03146631643176079,64,3.9499093906437885e-05
830,0.9828289747238159,0.017171025276184082,1.2682305574417114,0.029681621119379997,64,3.9499093906437885e-05
831,0.9821004271507263,0.01789957284927368,1.2782155275344849,0.03050273098051548,64,3.9499093906437885e-05
832,0.981928288936615,0.01807171106338501,1.255545973777771,0.030446453019976616,65,3.752413921111599e-05
833,0.9840901494026184,0.015909850597381592,1.2534226179122925,0.02828497812151909,65,3.752413921111599e-05
834,0.9818302392959595,0.018169760704040527,1.2908833026885986,0.030896896496415138,65,3.752413921111599e-05
835,0.9812649488449097,0.018735051155090332,1.2880611419677734,0.03142831102013588,65,3.752413921111599e-05
836,0.9846019744873047,0.015398025512695312,1.276827096939087,0.028012316673994064,65,3.752413921111599e-05
837,0.9832401275634766,0.016759872436523438,1.2390732765197754,0.02898300625383854,65,3.752413921111599e-05
838,0.9819384813308716,0.018061518669128418,1.2661807537078857,0.030542710795998573,65,3.752413921111599e-05
839,0.9826346039772034,0.01736539602279663,1.264214277267456,0.029833883047103882,65,3.752413921111599e-05
840,0.9831271171569824,0.016872882843017578,1.295069694519043,0.0296548493206501,65,3.752413921111599e-05
841,0.9839427471160889,0.016057252883911133,1.25034761428833,0.028400156646966934,65,3.752413921111599e-05
842,0.9837934374809265,0.016206562519073486,1.2565405368804932,0.028609901666641235,65,3.752413921111599e-05
843,0.983465850353241,0.016534149646759033,1.2661563158035278,0.029030371457338333,65,3.752413921111599e-05
844,0.9839680790901184,0.016031920909881592,1.25705885887146,0.02844218909740448,65,3.752413921111599e-05
845,0.9837843179702759,0.01621568202972412,1.2544972896575928,0.028598498553037643,66,3.564793225056019e-05
846,0.983822226524353,0.016177773475646973,1.2500190734863281,0.02851618453860283,66,3.564793225056019e-05
847,0.9800724387168884,0.019927561283111572,1.299156904220581,0.03271985426545143,66,3.564793225056019e-05
848,0.9823132753372192,0.01768672466278076,1.261944055557251,0.03012929856777191,66,3.564793225056019e-05
849,0.9850369691848755,0.014963030815124512,1.2599236965179443,0.027412638068199158,66,3.564793225056019e-05
850,0.9849144816398621,0.01508551836013794,1.2397359609603882,0.027332022786140442,66,3.564793225056019e-05
851,0.9835020303726196,0.01649796962738037,1.2334198951721191,0.028667189180850983,66,3.564793225056019e-05
852,0.983104944229126,0.016895055770874023,1.2701724767684937,0.02942783012986183,66,3.564793225056019e-05
853,0.9824053049087524,0.01759469509124756,1.2774579524993896,0.030193326994776726,66,3.564793225056019e-05
854,0.9830610752105713,0.01693892478942871,1.2684990167617798,0.02945452556014061,66,3.564793225056019e-05
855,0.981723427772522,0.018276572227478027,1.2858989238739014,0.03095279447734356,66,3.564793225056019e-05
856,0.9819419384002686,0.018058061599731445,1.2828346490859985,0.030705828219652176,66,3.564793225056019e-05
857,0.9836775660514832,0.016322433948516846,1.2862186431884766,0.02902139723300934,66,3.564793225056019e-05
858,0.9838064312934875,0.01619356870651245,1.2494980096817017,0.028526613488793373,67,3.3865535638032174e-05
859,0.982791006565094,0.017208993434906006,1.2567733526229858,0.029604636132717133,67,3.3865535638032174e-05
860,0.9848634600639343,0.015136539936065674,1.236016035079956,0.027345335111021996,67,3.3865535638032174e-05
861,0.9820140600204468,0.017985939979553223,1.2839387655258179,0.030645467340946198,67,3.3865535638032174e-05
862,0.9821279048919678,0.017872095108032227,1.2775014638900757,0.03046838939189911,67,3.3865535638032174e-05
863,0.9847689867019653,0.015231013298034668,1.2365858554840088,0.027444560080766678,67,3.3865535638032174e-05
864,0.9831218719482422,0.016878128051757812,1.2536910772323608,0.0292462557554245,67,3.3865535638032174e-05
865,0.9816890954971313,0.018310904502868652,1.280841588973999,0.030936211347579956,67,3.3865535638032174e-05
866,0.9818804860115051,0.018119513988494873,1.2931312322616577,0.030869632959365845,67,3.3865535638032174e-05
867,0.9829966425895691,0.017003357410430908,1.2629351615905762,0.029462676495313644,67,3.3865535638032174e-05
868,0.9825992584228516,0.017400741577148438,1.2748370170593262,0.029975105077028275,67,3.3865535638032174e-05
869,0.9845487475395203,0.015451252460479736,1.2713606357574463,0.028010345995426178,67,3.3865535638032174e-05
870,0.9825083613395691,0.017491638660430908,1.2870146036148071,0.030186869204044342,67,3.3865535638032174e-05
871,0.9831082224845886,0.016891777515411377,1.2997170686721802,0.02972003072500229,68,3.2172258856130564e-05
872,0.9837298393249512,0.016270160675048828,1.2714279890060425,0.028821738436818123,68,3.2172258856130564e-05
873,0.9832386374473572,0.016761362552642822,1.2519019842147827,0.029112767428159714,68,3.2172258856130564e-05
874,0.9833089709281921,0.01669102907180786,1.2613897323608398,0.02913801744580269,68,3.2172258856130564e-05
875,0.9828152656555176,0.017184734344482422,1.2564033269882202,0.029576919972896576,68,3.2172258856130564e-05
876,0.9816921949386597,0.018307805061340332,1.2902344465255737,0.031027071177959442,68,3.2172258856130564e-05
877,0.9831235408782959,0.0168764591217041,1.2623988389968872,0.02933168224990368,68,3.2172258856130564e-05
878,0.9835596084594727,0.016440391540527344,1.268580675125122,0.028961792588233948,68,3.2172258856130564e-05
879,0.9823696613311768,0.017630338668823242,1.2379214763641357,0.029833249747753143,68,3.2172258856130564e-05
880,0.9847908020019531,0.015209197998046875,1.270066261291504,0.027757767587900162,68,3.2172258856130564e-05
881,0.9819275140762329,0.01807248592376709,1.2755239009857178,0.030646998435258865,68,3.2172258856130564e-05
882,0.9845735430717468,0.015426456928253174,1.223759651184082,0.027509789913892746,68,3.2172258856130564e-05
883,0.9810923337936401,0.018907666206359863,1.2882089614868164,0.031600676476955414,68,3.2172258856130564e-05
884,0.981377363204956,0.018622636795043945,1.2757850885391235,0.031194262206554413,69,3.056364591332403e-05
885,0.983274519443512,0.016725480556488037,1.255553960800171,0.0291137658059597,69,3.056364591332403e-05
886,0.9818115830421448,0.018188416957855225,1.2856075763702393,0.030862608924508095,69,3.056364591332403e-05
887,0.984228253364563,0.01577174663543701,1.274807095527649,0.028362099081277847,69,3.056364591332403e-05
888,0.9846524000167847,0.015347599983215332,1.2542445659637451,0.027736570686101913,69,3.056364591332403e-05
889,0.9842693209648132,0.015730679035186768,1.2477061748504639,0.028050433844327927,69,3.056364591332403e-05
890,0.9827563762664795,0.017243623733520508,1.2817989587783813,0.029889177531003952,69,3.056364591332403e-05
891,0.9828969240188599,0.017103075981140137,1.248290777206421,0.029414953663945198,69,3.056364591332403e-05
892,0.9824249148368835,0.017575085163116455,1.279361605644226,0.03019295074045658,69,3.056364591332403e-05
893,0.981083869934082,0.01891613006591797,1.2911245822906494,0.031638212502002716,69,3.056364591332403e-05
894,0.9837508797645569,0.016249120235443115,1.2597432136535645,0.028684061020612717,69,3.056364591332403e-05
895,0.983045220375061,0.016954779624938965,1.2429646253585815,0.029214877635240555,69,3.056364591332403e-05
896,0.9851740002632141,0.014825999736785889,1.246032476425171,0.027138065546751022,69,3.056364591332403e-05
897,0.9840564727783203,0.015943527221679688,1.253383994102478,0.028317932039499283,70,2.903546361765783e-05
898,0.9817137122154236,0.018286287784576416,1.2825884819030762,0.030929308384656906,70,2.903546361765783e-05
899,0.9827490448951721,0.01725095510482788,1.267228603363037,0.029750730842351913,70,2.903546361765783e-05
900,0.9850245714187622,0.014975428581237793,1.2336359024047852,0.027162034064531326,70,2.903546361765783e-05
901,0.9840760827064514,0.015923917293548584,1.247267246246338,0.028237350285053253,70,2.903546361765783e-05
902,0.9837163090705872,0.016283690929412842,1.2788665294647217,0.02890951931476593,70,2.903546361765783e-05
903,0.9823209047317505,0.01767909526824951,1.3052867650985718,0.03055517189204693,70,2.903546361765783e-05
904,0.9828099012374878,0.017190098762512207,1.2447328567504883,0.029465526342391968,70,2.903546361765783e-05
905,0.9839260578155518,0.016073942184448242,1.2469428777694702,0.02838263288140297,70,2.903546361765783e-05
906,0.983208954334259,0.016791045665740967,1.2627067565917969,0.02925020270049572,70,2.903546361765783e-05
907,0.9809763431549072,0.019023656845092773,1.3028725385665894,0.03186214715242386,70,2.903546361765783e-05
908,0.9825591444969177,0.017440855503082275,1.2730945348739624,0.029997391626238823,70,2.903546361765783e-05
909,0.9836665987968445,0.016333401203155518,1.247558355331421,0.028645651414990425,70,2.903546361765783e-05
910,0.9838176369667053,0.016182363033294678,1.2385027408599854,0.02840556763112545,71,2.758369043677494e-05
911,0.9832969903945923,0.016703009605407715,1.2689111232757568,0.02922508865594864,71,2.758369043677494e-05
912,0.9829487800598145,0.017051219940185547,1.2916507720947266,0.02979721501469612,71,2.758369043677494e-05
913,0.9815361499786377,0.018463850021362305,1.2892229557037354,0.031171441078186035,71,2.758369043677494e-05
914,0.9835978150367737,0.01640218496322632,1.2689738273620605,0.02892790175974369,71,2.758369043677494e-05
915,0.9827995300292969,0.017200469970703125,1.246501088142395,0.029493477195501328,71,2.758369043677494e-05
916,0.9838621020317078,0.016137897968292236,1.2506283521652222,0.028482802212238312,71,2.758369043677494e-05
917,0.9840763211250305,0.015923678874969482,1.237393856048584,0.028138380497694016,71,2.758369043677494e-05
918,0.9817336201667786,0.018266379833221436,1.2712736129760742,0.03079645149409771,71,2.758369043677494e-05
919,0.9849420189857483,0.015057981014251709,1.2531912326812744,0.027439313009381294,71,2.758369043677494e-05
920,0.9816693663597107,0.018330633640289307,1.271527647972107,0.030862603336572647,71,2.758369043677494e-05
921,0.9830135107040405,0.016986489295959473,1.303088665008545,0.029847512021660805,71,2.758369043677494e-05
922,0.9833856225013733,0.01661437749862671,1.2571450471878052,0.029019683599472046,71,2.758369043677494e-05
923,0.9829037189483643,0.017096281051635742,1.2849383354187012,0.029774701222777367,72,2.620450591493619e-05
924,0.9840481877326965,0.015951812267303467,1.2659330368041992,0.028451623395085335,72,2.620450591493619e-05
925,0.9837690591812134,0.01623094081878662,1.2685365676879883,0.028753995895385742,72,2.620450591493619e-05
926,0.9817619919776917,0.01823800802230835,1.2885124683380127,0.03094075247645378,72,2.620450591493619e-05
927,0.9827781319618225,0.01722186803817749,1.2543617486953735,0.029593266546726227,72,2.620450591493619e-05
928,0.983551561832428,0.01644843816757202,1.257646083831787,0.028860414400696754,72,2.620450591493619e-05
929,0.9831908941268921,0.01680910587310791,1.2565754652023315,0.029206769540905952,72,2.620450591493619e-05
930,0.9836524128913879,0.01634758710861206,1.2600977420806885,0.028785089030861855,72,2.620450591493619e-05
931,0.9824994206428528,0.017500579357147217,1.241194725036621,0.029737520962953568,72,2.620450591493619e-05
932,0.9839047789573669,0.016095221042633057,1.2712904214859009,0.028647173196077347,72,2.620450591493619e-05
933,0.9827154874801636,0.017284512519836426,1.2807698249816895,0.029919367283582687,72,2.620450591493619e-05
934,0.9829587340354919,0.017041265964508057,1.2774938344955444,0.02964578941464424,72,2.620450591493619e-05
935,0.9836641550064087,0.01633584499359131,1.2354865074157715,0.028527352958917618,72,2.620450591493619e-05
936,0.9849186539649963,0.015081346035003662,1.2556058168411255,0.027486588805913925,73,2.489428061918938e-05
937,0.9834150671958923,0.016584932804107666,1.242917776107788,0.028848260641098022,73,2.489428061918938e-05
938,0.9831028580665588,0.016897141933441162,1.2651680707931519,0.02937985025346279,73,2.489428061918938e-05
939,0.9844033122062683,0.01559668779373169,1.2578074932098389,0.02801879495382309,73,2.489428061918938e-05
940,0.9847262501716614,0.015273749828338623,1.2831034660339355,0.027952047064900398,73,2.489428061918938e-05
941,0.9815383553504944,0.018461644649505615,1.2789689302444458,0.031066717579960823,73,2.489428061918938e-05
942,0.9832335114479065,0.016766488552093506,1.2590266466140747,0.0291890911757946,73,2.489428061918938e-05
943,0.9811962842941284,0.018803715705871582,1.3128657341003418,0.031744334846735,73,2.489428061918938e-05
944,0.9831201434135437,0.0168798565864563,1.2684029340744019,0.0293950866907835,73,2.489428061918938e-05
945,0.9838488698005676,0.016151130199432373,1.222945213317871,0.0282190702855587,73,2.489428061918938e-05
946,0.983659565448761,0.016340434551239014,1.2489718198776245,0.028666749596595764,73,2.489428061918938e-05
947,0.9803153872489929,0.01968461275100708,1.2893189191818237,0.032380953431129456,73,2.489428061918938e-05
948,0.9833887219429016,0.01661127805709839,1.268139123916626,0.02912655659019947,73,2.489428061918938e-05
949,0.984749436378479,0.015250563621520996,1.2449524402618408,0.027547582983970642,74,2.364956658822991e-05
950,0.9827973246574402,0.017202675342559814,1.2624850273132324,0.029655497521162033,74,2.364956658822991e-05
951,0.983421802520752,0.016578197479248047,1.2668401002883911,0.029080817475914955,74,2.364956658822991e-05
952,0.9827122092247009,0.017287790775299072,1.2954087257385254,0.030069001019001007,74,2.364956658822991e-05
953,0.9847511649131775,0.01524883508682251,1.27387273311615,0.027835074812173843,74,2.364956658822991e-05
954,0.9838521480560303,0.016147851943969727,1.258249282836914,0.028568865731358528,74,2.364956658822991e-05
955,0.9801573753356934,0.01984262466430664,1.2907178401947021,0.03255137801170349,74,2.364956658822991e-05
956,0.9808240532875061,0.019175946712493896,1.3033716678619385,0.03201790153980255,74,2.364956658822991e-05
957,0.9830363988876343,0.016963601112365723,1.2610634565353394,0.029404599219560623,74,2.364956658822991e-05
958,0.9840249419212341,0.01597505807876587,1.2508494853973389,0.02832380309700966,74,2.364956658822991e-05
959,0.9843354225158691,0.01566457748413086,1.246740460395813,0.027975335717201233,74,2.364956658822991e-05
960,0.9818924069404602,0.018107593059539795,1.2776433229446411,0.030702950432896614,74,2.364956658822991e-05
961,0.9840240478515625,0.0159759521484375,1.1980220079421997,0.027796413749456406,74,2.364956658822991e-05
962,0.9847840070724487,0.01521599292755127,1.2776334285736084,0.02784016728401184,75,2.2467088258818413e-05
963,0.9844026565551758,0.015597343444824219,1.2523722648620605,0.027965091168880463,75,2.2467088258818413e-05
964,0.9824894666671753,0.017510533332824707,1.2647393941879272,0.02998282201588154,75,2.2467088258818413e-05
965,0.9818634390830994,0.018136560916900635,1.2824221849441528,0.030779417604207993,75,2.2467088258818413e-05
966,0.9834191203117371,0.01658087968826294,1.27120041847229,0.029127074405550957,75,2.2467088258818413e-05
967,0.9828461408615112,0.01715385913848877,1.255199909210205,0.029534319415688515,75,2.2467088258818413e-05
968,0.9834190607070923,0.016580939292907715,1.2587952613830566,0.0290030837059021,75,2.2467088258818413e-05
969,0.9815302491188049,0.01846975088119507,1.2763372659683228,0.031048424541950226,75,2.2467088258818413e-05
970,0.9836744666099548,0.016325533390045166,1.2595906257629395,0.028758183121681213,75,2.2467088258818413e-05
971,0.9840081930160522,0.015991806983947754,1.2553293704986572,0.028385182842612267,75,2.2467088258818413e-05
972,0.9818325042724609,0.018167495727539062,1.267514944076538,0.030660970136523247,75,2.2467088258818413e-05
973,0.9835261106491089,0.016473889350891113,1.2730963230133057,0.02904011309146881,75,2.2467088258818413e-05
974,0.9838815927505493,0.016118407249450684,1.2515572309494019,0.028472796082496643,75,2.2467088258818413e-05
975,0.9846465587615967,0.01535344123840332,1.2612501382827759,0.027812408283352852,76,2.134373384587749e-05
976,0.9833025336265564,0.016697466373443604,1.2993196249008179,0.029523687437176704,76,2.134373384587749e-05
977,0.9823658466339111,0.017634153366088867,1.2736108303070068,0.03019391931593418,76,2.134373384587749e-05
978,0.9825642704963684,0.017435729503631592,1.2674407958984375,0.02993578091263771,76,2.134373384587749e-05
979,0.9832478165626526,0.016752183437347412,1.240785837173462,0.02899251878261566,76,2.134373384587749e-05
980,0.9813780188560486,0.018621981143951416,1.2767395973205566,0.03120315819978714,76,2.134373384587749e-05
981,0.9851901531219482,0.014809846878051758,1.2547862529754639,0.027209609746932983,76,2.134373384587749e-05
982,0.9837573170661926,0.016242682933807373,1.254428505897522,0.02862454205751419,76,2.134373384587749e-05
983,0.9829713106155396,0.01702868938446045,1.2641035318374634,0.029499437659978867,76,2.134373384587749e-05
984,0.9827427864074707,0.017257213592529297,1.2704654932022095,0.02978929504752159,76,2.134373384587749e-05
985,0.9821751117706299,0.017824888229370117,1.266310453414917,0.03030974417924881,76,2.134373384587749e-05
986,0.9828972220420837,0.01710277795791626,1.2699333429336548,0.029631081968545914,76,2.134373384587749e-05
987,0.9837093353271484,0.016290664672851562,1.2370738983154297,0.028498496860265732,76,2.134373384587749e-05
988,0.9843652844429016,0.01563471555709839,1.2565261125564575,0.028043629601597786,77,2.0276547153583614e-05
989,0.98407381772995,0.01592618227005005,1.2595843076705933,0.028362762182950974,77,2.0276547153583614e-05
990,0.9832087755203247,0.016791224479675293,1.2536261081695557,0.02915957383811474,77,2.0276547153583614e-05
991,0.983748733997345,0.01625126600265503,1.2764337062835693,0.02885309047996998,77,2.0276547153583614e-05
992,0.9838849902153015,0.016115009784698486,1.2875422239303589,0.02882928028702736,77,2.0276547153583614e-05
993,0.9828822612762451,0.017117738723754883,1.238799810409546,0.02933456003665924,77,2.0276547153583614e-05
994,0.984090268611908,0.01590973138809204,1.2669533491134644,0.028420167043805122,77,2.0276547153583614e-05
995,0.9841688871383667,0.0158311128616333,1.2676470279693604,0.028349271044135094,77,2.0276547153583614e-05
996,0.983657717704773,0.01634228229522705,1.2505334615707397,0.028684193268418312,77,2.0276547153583614e-05
997,0.9811469316482544,0.018853068351745605,1.2672665119171143,0.031337201595306396,77,2.0276547153583614e-05
998,0.9818934798240662,0.018106520175933838,1.2800753116607666,0.030726207420229912,77,2.0276547153583614e-05
999,0.9817134737968445,0.018286526203155518,1.2887787818908691,0.0309914480894804,77,2.0276547153583614e-05
1000,0.9822562336921692,0.01774376630783081,1.2448323965072632,0.030014652758836746,77,2.0276547153583614e-05
1001,0.9843140840530396,0.01568591594696045,1.2581424713134766,0.028110481798648834,78,1.9262719795904432e-05
1002,0.9825655817985535,0.017434418201446533,1.284928798675537,0.030109362676739693,78,1.9262719795904432e-05
1003,0.9845929741859436,0.015407025814056396,1.23683500289917,0.027621304616332054,78,1.9262719795904432e-05
1004,0.9819836020469666,0.018016397953033447,1.291557788848877,0.03075181134045124,78,1.9262719795904432e-05
1005,0.9832718968391418,0.016728103160858154,1.2892473936080933,0.029453296214342117,78,1.9262719795904432e-05
1006,0.9829934239387512,0.01700657606124878,1.2783068418502808,0.029619578272104263,78,1.9262719795904432e-05
1007,0.9823586940765381,0.017641305923461914,1.2807636260986328,0.030272528529167175,78,1.9262719795904432e-05
1008,0.9842583537101746,0.01574164628982544,1.2187798023223877,0.027772027999162674,78,1.9262719795904432e-05
1009,0.9833412766456604,0.0166587233543396,1.2588235139846802,0.02908037044107914,78,1.9262719795904432e-05
1010,0.982905387878418,0.01709461212158203,1.2600114345550537,0.029523778706789017,78,1.9262719795904432e-05
1011,0.9836388230323792,0.01636117696762085,1.266371488571167,0.028861280530691147,78,1.9262719795904432e-05
1012,0.9827864170074463,0.01721358299255371,1.2678054571151733,0.029719501733779907,78,1.9262719795904432e-05
1013,0.9828009605407715,0.017199039459228516,1.265078067779541,0.029677828773856163,78,1.9262719795904432e-05
1014,0.9828794002532959,0.0171205997467041,1.2550829648971558,0.029500223696231842,79,1.829958380610921e-05
1015,0.9830018281936646,0.01699817180633545,1.2562460899353027,0.029390651732683182,79,1.829958380610921e-05
1016,0.9841328263282776,0.015867173671722412,1.2806196212768555,0.028514698147773743,79,1.829958380610921e-05
1017,0.9844387769699097,0.015561223030090332,1.230096459388733,0.027706574648618698,79,1.829958380610921e-05
1018,0.9836098551750183,0.01639014482498169,1.2614871263504028,0.028841115534305573,79,1.829958380610921e-05
1019,0.983516275882721,0.016483724117279053,1.2632124423980713,0.0289510115981102,79,1.829958380610921e-05
1020,0.9814590215682983,0.01854097843170166,1.2768973112106323,0.03112454153597355,79,1.829958380610921e-05
1021,0.9827945828437805,0.017205417156219482,1.273471713066101,0.02976807951927185,79,1.829958380610921e-05
1022,0.983388364315033,0.01661163568496704,1.2627774477005005,0.02907329425215721,79,1.829958380610921e-05
1023,0.981990396976471,0.018009603023529053,1.284426212310791,0.030673768371343613,79,1.829958380610921e-05
1024,0.9842985272407532,0.015701472759246826,1.2461117506027222,0.028005575761198997,79,1.829958380610921e-05
1025,0.9836426973342896,0.01635730266571045,1.2902729511260986,0.029096458107233047,79,1.829958380610921e-05
1026,0.9823542237281799,0.01764577627182007,1.279248833656311,0.030261807143688202,79,1.829958380610921e-05
1027,0.9847859740257263,0.015214025974273682,1.222920536994934,0.02729109115898609,80,1.738460461580375e-05
1028,0.9829926490783691,0.01700735092163086,1.2804102897644043,0.02964138053357601,80,1.738460461580375e-05
1029,0.9811676144599915,0.018832385540008545,1.2850549221038818,0.031494610011577606,80,1.738460461580375e-05
1030,0.9831621646881104,0.01683783531188965,1.2646740674972534,0.029316198080778122,80,1.738460461580375e-05
1031,0.9833735227584839,0.016626477241516113,1.2586385011672974,0.029046596959233284,80,1.738460461580375e-05
1032,0.9850481748580933,0.014951825141906738,1.23847496509552,0.027187056839466095,80,1.738460461580375e-05
1033,0.9833471179008484,0.01665288209915161,1.2710336446762085,0.029196690768003464,80,1.738460461580375e-05
1034,0.9830678105354309,0.016932189464569092,1.278426170349121,0.029547128826379776,80,1.738460461580375e-05
1035,0.9834922552108765,0.016507744789123535,1.2659143209457397,0.029001809656620026,80,1.738460461580375e-05
1036,0.9837611317634583,0.016238868236541748,1.2408218383789062,0.02848469838500023,80,1.738460461580375e-05
1037,0.9828100204467773,0.017189979553222656,1.3162144422531128,0.030180223286151886,80,1.738460461580375e-05
1038,0.9824075698852539,0.017592430114746094,1.272731900215149,0.030143823474645615,80,1.738460461580375e-05
1039,0.9821940064430237,0.01780599355697632,1.2618733644485474,0.030246667563915253,80,1.738460461580375e-05
1040,0.9836326241493225,0.01636737585067749,1.2790504693984985,0.028994206339120865,81,1.6515374385013564e-05
1041,0.9830546379089355,0.016945362091064453,1.2764776945114136,0.029540684074163437,81,1.6515374385013564e-05
1042,0.9831934571266174,0.01680654287338257,1.2561320066452026,0.02919979766011238,81,1.6515374385013564e-05
1043,0.9821637868881226,0.01783621311187744,1.2725677490234375,0.030383529141545296,81,1.6515374385013564e-05
1044,0.9836265444755554,0.01637345552444458,1.272265911102295,0.02893238142132759,81,1.6515374385013564e-05
1045,0.9824150204658508,0.01758497953414917,1.2464109659194946,0.029873238876461983,81,1.6515374385013564e-05
1046,0.9844385981559753,0.015561401844024658,1.2534939050674438,0.02794072777032852,81,1.6515374385013564e-05
1047,0.9842462539672852,0.015753746032714844,1.2537051439285278,0.02813326008617878,81,1.6515374385013564e-05
1048,0.9834249019622803,0.016575098037719727,1.2512462139129639,0.028921809047460556,81,1.6515374385013564e-05
1049,0.982028603553772,0.017971396446228027,1.2734601497650146,0.030526284128427505,81,1.6515374385013564e-05
1050,0.9833047986030579,0.01669520139694214,1.280116081237793,0.029329407960176468,81,1.6515374385013564e-05
1051,0.9843322038650513,0.01566779613494873,1.2637048959732056,0.028148166835308075,81,1.6515374385013564e-05
1052,0.9819765090942383,0.01802349090576172,1.285874843597412,0.030702004209160805,81,1.6515374385013564e-05
1053,0.9812005758285522,0.018799424171447754,1.273411750793457,0.03134554624557495,82,1.5689605665762886e-05
1054,0.9832895994186401,0.016710400581359863,1.243056058883667,0.028973858803510666,82,1.5689605665762886e-05
1055,0.9848961234092712,0.01510387659072876,1.272317886352539,0.027676016092300415,82,1.5689605665762886e-05
1056,0.9831796288490295,0.01682037115097046,1.2575993537902832,0.02922816015779972,82,1.5689605665762886e-05
1057,0.9831963777542114,0.016803622245788574,1.2750111818313599,0.029385697096586227,82,1.5689605665762886e-05
1058,0.9835153818130493,0.016484618186950684,1.289273977279663,0.02921251207590103,82,1.5689605665762886e-05
1059,0.9840694665908813,0.015930533409118652,1.2731096744537354,0.02850232645869255,82,1.5689605665762886e-05
1060,0.9830975532531738,0.016902446746826172,1.2733938694000244,0.02946736104786396,82,1.5689605665762886e-05
1061,0.9833646416664124,0.016635358333587646,1.2661354541778564,0.0291303601115942,82,1.5689605665762886e-05
1062,0.9828492999076843,0.017150700092315674,1.262342095375061,0.029602613300085068,82,1.5689605665762886e-05
1063,0.9820666909217834,0.017933309078216553,1.2724815607070923,0.030478790402412415,82,1.5689605665762886e-05
1064,0.9834613800048828,0.016538619995117188,1.2279026508331299,0.028652260079979897,82,1.5689605665762886e-05
1065,0.9841084480285645,0.015891551971435547,1.2539055347442627,0.028271691873669624,82,1.5689605665762886e-05
1066,0.982920229434967,0.01707977056503296,1.2552357912063599,0.0294613316655159,83,1.490512538247474e-05
1067,0.9838817715644836,0.016118228435516357,1.2885971069335938,0.028843017295002937,83,1.490512538247474e-05
1068,0.9819707870483398,0.018029212951660156,1.2943108081817627,0.030792027711868286,83,1.490512538247474e-05
1069,0.981958270072937,0.01804172992706299,1.2911896705627441,0.030773207545280457,83,1.490512538247474e-05
1070,0.9836568832397461,0.016343116760253906,1.2578235864639282,0.02875792235136032,83,1.490512538247474e-05
1071,0.9825354814529419,0.017464518547058105,1.2772799730300903,0.03006267175078392,83,1.490512538247474e-05
1072,0.9837803840637207,0.016219615936279297,1.249952793121338,0.02855694852769375,83,1.490512538247474e-05
1073,0.9852398037910461,0.014760196208953857,1.2539631128311157,0.027152225375175476,83,1.490512538247474e-05
1074,0.9839666485786438,0.0160333514213562,1.2636346817016602,0.028509365394711494,83,1.490512538247474e-05
1075,0.9830984473228455,0.01690155267715454,1.2632861137390137,0.02936539798974991,83,1.490512538247474e-05
1076,0.9842116832733154,0.01578831672668457,1.2180708646774292,0.027811141684651375,83,1.490512538247474e-05
1077,0.9829941987991333,0.0170058012008667,1.2562447786331177,0.02939819172024727,83,1.490512538247474e-05
1078,0.9812950491905212,0.01870495080947876,1.287204384803772,0.03138994425535202,83,1.490512538247474e-05
1079,0.9842459559440613,0.01575404405593872,1.2870210409164429,0.028466712683439255,84,1.4159869113351003e-05
1080,0.9830650687217712,0.01693493127822876,1.240368127822876,0.02916926145553589,84,1.4159869113351003e-05
1081,0.9840312600135803,0.015968739986419678,1.2366225719451904,0.02817527949810028,84,1.4159869113351003e-05
1082,0.9821725487709045,0.01782745122909546,1.273257851600647,0.030381755903363228,84,1.4159869113351003e-05
1083,0.9826756715774536,0.017324328422546387,1.2760448455810547,0.029911532998085022,84,1.4159869113351003e-05
1084,0.9824284911155701,0.01757150888442993,1.2841465473175049,0.030237259343266487,84,1.4159869113351003e-05
1085,0.983219563961029,0.016780436038970947,1.28248929977417,0.02943752519786358,84,1.4159869113351003e-05
1086,0.9842033386230469,0.015796661376953125,1.2503334283828735,0.02814202755689621,84,1.4159869113351003e-05
1087,0.9808491468429565,0.019150853157043457,1.3022956848144531,0.03198230266571045,84,1.4159869113351003e-05
1088,0.984031617641449,0.015968382358551025,1.2536050081253052,0.02834474667906761,84,1.4159869113351003e-05
1089,0.9836981296539307,0.016301870346069336,1.2384655475616455,0.028523506596684456,84,1.4159869113351003e-05
1090,0.9839053153991699,0.016094684600830078,1.2744920253753662,0.028678657487034798,84,1.4159869113351003e-05
1091,0.9839013814926147,0.016098618507385254,1.249887466430664,0.028436506167054176,84,1.4159869113351003e-05
1092,0.9842289090156555,0.015771090984344482,1.2540370225906372,0.02815375104546547,85,1.3451875657683452e-05
1093,0.9838151335716248,0.016184866428375244,1.2522610425949097,0.028545627370476723,85,1.3451875657683452e-05
1094,0.9818629026412964,0.018137097358703613,1.285461664199829,0.030810341238975525,85,1.3451875657683452e-05
1095,0.9837283492088318,0.016271650791168213,1.2276033163070679,0.028384966775774956,85,1.3451875657683452e-05
1096,0.9829387664794922,0.017061233520507812,1.2573140859603882,0.029463760554790497,85,1.3451875657683452e-05
1097,0.9830038547515869,0.016996145248413086,1.2923500537872314,0.029749684035778046,85,1.3451875657683452e-05
1098,0.9843108057975769,0.015689194202423096,1.2593376636505127,0.02812567912042141,85,1.3451875657683452e-05
1099,0.9823882579803467,0.01761174201965332,1.2815098762512207,0.030250724405050278,85,1.3451875657683452e-05
1100,0.9838318228721619,0.016168177127838135,1.269975185394287,0.028706246986985207,85,1.3451875657683452e-05
1101,0.9843693375587463,0.015630662441253662,1.266207218170166,0.02813642844557762,85,1.3451875657683452e-05
1102,0.9820555448532104,0.01794445514678955,1.2791260480880737,0.030556272715330124,85,1.3451875657683452e-05
1103,0.9832111597061157,0.016788840293884277,1.2579846382141113,0.029200799763202667,85,1.3451875657683452e-05
1104,0.9824002385139465,0.017599761486053467,1.2791380882263184,0.030215144157409668,85,1.3451875657683452e-05
1105,0.9838607311248779,0.01613926887512207,1.213240385055542,0.028110280632972717,86,1.277928187479928e-05
1106,0.9832594394683838,0.01674056053161621,1.2668426036834717,0.02924158051609993,86,1.277928187479928e-05
1107,0.9842513203620911,0.015748679637908936,1.281749963760376,0.02840869128704071,86,1.277928187479928e-05
1108,0.983495831489563,0.01650416851043701,1.2764497995376587,0.029103625565767288,86,1.277928187479928e-05
1109,0.9813700318336487,0.01862996816635132,1.2914843559265137,0.0313585102558136,86,1.277928187479928e-05
1110,0.9842077493667603,0.015792250633239746,1.270899772644043,0.02834332548081875,86,1.277928187479928e-05
1111,0.9835336804389954,0.01646631956100464,1.268653154373169,0.02898818626999855,86,1.277928187479928e-05
1112,0.9830141663551331,0.016985833644866943,1.2556003332138062,0.02937197871506214,86,1.277928187479928e-05
1113,0.9833410382270813,0.0166589617729187,1.2755868434906006,0.02924824133515358,86,1.277928187479928e-05
1114,0.9823848605155945,0.017615139484405518,1.270736813545227,0.03014635667204857,86,1.277928187479928e-05
1115,0.9833567142486572,0.016643285751342773,1.2502868175506592,0.028979720547795296,86,1.277928187479928e-05
1116,0.9825504422187805,0.017449557781219482,1.26438570022583,0.029918918386101723,86,1.277928187479928e-05
1117,0.9840644001960754,0.01593559980392456,1.2514599561691284,0.028290841728448868,86,1.277928187479928e-05
1118,0.9828149676322937,0.0171850323677063,1.2521358728408813,0.029534541070461273,87,1.2140317781059316e-05
1119,0.9830829501152039,0.016917049884796143,1.2698159217834473,0.029446037486195564,87,1.2140317781059316e-05
1120,0.9843065142631531,0.015693485736846924,1.2721123695373535,0.02825767546892166,87,1.2140317781059316e-05
1121,0.9821137189865112,0.01788628101348877,1.2740461826324463,0.030447879806160927,87,1.2140317781059316e-05
1122,0.9834762215614319,0.016523778438568115,1.2693700790405273,0.029052242636680603,87,1.2140317781059316e-05
1123,0.9829592704772949,0.017040729522705078,1.2625771760940552,0.029496092349290848,87,1.2140317781059316e-05
1124,0.9841646552085876,0.015835344791412354,1.2668687105178833,0.028345678001642227,87,1.2140317781059316e-05
1125,0.9843453168869019,0.015654683113098145,1.2377986907958984,0.027876123785972595,87,1.2140317781059316e-05
1126,0.9823421239852905,0.017657876014709473,1.2727769613265991,0.030209066346287727,87,1.2140317781059316e-05
1127,0.9838387966156006,0.016161203384399414,1.2439115047454834,0.028438705950975418,87,1.2140317781059316e-05
1128,0.9814484715461731,0.018551528453826904,1.2899733781814575,0.0312657468020916,87,1.2140317781059316e-05
1129,0.983296811580658,0.01670318841934204,1.2798807621002197,0.029334966093301773,87,1.2140317781059316e-05
1130,0.984880805015564,0.015119194984436035,1.2537283897399902,0.027505286037921906,87,1.2140317781059316e-05
1131,0.9831804633140564,0.016819536685943604,1.28108549118042,0.029462195932865143,88,1.153330189200635e-05
1132,0.9841918349266052,0.015808165073394775,1.235379934310913,0.028003882616758347,88,1.153330189200635e-05
1133,0.9831569790840149,0.016843020915985107,1.2806856632232666,0.029481448233127594,88,1.153330189200635e-05
1134,0.9834148287773132,0.016585171222686768,1.250218152999878,0.028921499848365784,88,1.153330189200635e-05
1135,0.9824475646018982,0.017552435398101807,1.2969002723693848,0.030345913022756577,88,1.153330189200635e-05
1136,0.9816902875900269,0.018309712409973145,1.281254529953003,0.030939161777496338,88,1.153330189200635e-05
1137,0.9832080006599426,0.016791999340057373,1.2627837657928467,0.02925191819667816,88,1.153330189200635e-05
1138,0.9835601449012756,0.016439855098724365,1.2609293460845947,0.028884749859571457,88,1.153330189200635e-05
1139,0.9832638502120972,0.016736149787902832,1.2689762115478516,0.029258551076054573,88,1.153330189200635e-05
1140,0.9846460223197937,0.015353977680206299,1.228733777999878,0.027487775310873985,88,1.153330189200635e-05
1141,0.9834058284759521,0.01659417152404785,1.2622368335723877,0.029050597921013832,88,1.153330189200635e-05
1142,0.984283983707428,0.01571601629257202,1.2712551355361938,0.028271406888961792,88,1.153330189200635e-05
1143,0.9815893769264221,0.01841062307357788,1.2670199871063232,0.030896715819835663,88,1.153330189200635e-05
1144,0.9822196960449219,0.017780303955078125,1.275940179824829,0.030361901968717575,89,1.0956636797406032e-05
1145,0.9847027063369751,0.015297293663024902,1.2587299346923828,0.027731619775295258,89,1.0956636797406032e-05
1146,0.985251784324646,0.014748215675354004,1.2289328575134277,0.026890061795711517,89,1.0956636797406032e-05
1147,0.9813066720962524,0.01869332790374756,1.2833824157714844,0.03134021908044815,89,1.0956636797406032e-05
1148,0.9816383123397827,0.018361687660217285,1.269890546798706,0.030876977369189262,89,1.0956636797406032e-05
1149,0.9826405644416809,0.017359435558319092,1.2727081775665283,0.02991292253136635,89,1.0956636797406032e-05
1150,0.9847257733345032,0.015274226665496826,1.2461705207824707,0.02758318930864334,89,1.0956636797406032e-05
1151,0.984022855758667,0.015977144241333008,1.2745931148529053,0.028563302010297775,89,1.0956636797406032e-05
1152,0.9836130738258362,0.01638692617416382,1.254529356956482,0.028768349438905716,89,1.0956636797406032e-05
1153,0.9837043285369873,0.016295671463012695,1.275793194770813,0.028890646994113922,89,1.0956636797406032e-05
1154,0.9831505417823792,0.01684945821762085,1.271591067314148,0.029396872967481613,89,1.0956636797406032e-05
1155,0.9830335378646851,0.01696646213531494,1.2756412029266357,0.029553208500146866,89,1.0956636797406032e-05
1156,0.982159435749054,0.017840564250946045,1.2722077369689941,0.030384235084056854,89,1.0956636797406032e-05
1157,0.982866644859314,0.017133355140686035,1.2885693311691284,0.02984771504998207,90,1.0408804957535729e-05
1158,0.982900857925415,0.01709914207458496,1.2613604068756104,0.029541755095124245,90,1.0408804957535729e-05
1159,0.9831265807151794,0.016873419284820557,1.2626217603683472,0.0293309036642313,90,1.0408804957535729e-05
1160,0.9829691648483276,0.017030835151672363,1.2541559934616089,0.02940208464860916,90,1.0408804957535729e-05
1161,0.9839333295822144,0.016066670417785645,1.2448923587799072,0.028354927897453308,90,1.0408804957535729e-05
1162,0.9834616780281067,0.01653832197189331,1.2699506282806396,0.029072444885969162,90,1.0408804957535729e-05
1163,0.9834674596786499,0.016532540321350098,1.2937164306640625,0.02930437959730625,90,1.0408804957535729e-05
1164,0.9825295805931091,0.01747041940689087,1.2714157104492188,0.03000987134873867,90,1.0408804957535729e-05
1165,0.9832091331481934,0.01679086685180664,1.2737367153167725,0.029360326007008553,90,1.0408804957535729e-05
1166,0.9839881658554077,0.016011834144592285,1.2401098012924194,0.02825281396508217,90,1.0408804957535729e-05
1167,0.9831854104995728,0.016814589500427246,1.2874358892440796,0.029520802199840546,90,1.0408804957535729e-05
1168,0.9844484329223633,0.015551567077636719,1.2308435440063477,0.02770448662340641,90,1.0408804957535729e-05
1169,0.982974648475647,0.017025351524353027,1.2808476686477661,0.0296635739505291,90,1.0408804957535729e-05
1170,0.9822705388069153,0.017729461193084717,1.2555125951766968,0.030107293277978897,91,9.888364709658941e-06
1171,0.9813416600227356,0.018658339977264404,1.2876365184783936,0.03134812414646149,91,9.888364709658941e-06
1172,0.9835449457168579,0.01645505428314209,1.2876592874526978,0.029167097061872482,91,9.888364709658941e-06
1173,0.9847225546836853,0.015277445316314697,1.2670300006866455,0.0277949720621109,91,9.888364709658941e-06
1174,0.9832704663276672,0.016729533672332764,1.2553777694702148,0.029116015881299973,91,9.888364709658941e-06
1175,0.9829750061035156,0.017024993896484375,1.2781400680541992,0.029636144638061523,91,9.888364709658941e-06
1176,0.9842692613601685,0.015730738639831543,1.2269443273544312,0.027842875570058823,91,9.888364709658941e-06
1177,0.9830736517906189,0.016926348209381104,1.263525366783142,0.029392337426543236,91,9.888364709658941e-06
1178,0.9843034744262695,0.01569652557373047,1.2527060508728027,0.028066620230674744,91,9.888364709658941e-06
1179,0.9837421178817749,0.016257882118225098,1.2705280780792236,0.028800584375858307,91,9.888364709658941e-06
1180,0.9833703637123108,0.01662963628768921,1.2632359266281128,0.02909569814801216,91,9.888364709658941e-06
1181,0.9837258458137512,0.01627415418624878,1.2663583755493164,0.028774995356798172,91,9.888364709658941e-06
1182,0.981868326663971,0.018131673336029053,1.2786891460418701,0.030737247318029404,91,9.888364709658941e-06
1183,0.9835986495018005,0.016401350498199463,1.288254737854004,0.029119884595274925,92,9.393946474175994e-06
1184,0.9841994047164917,0.0158005952835083,1.2665479183197021,0.028308067470788956,92,9.393946474175994e-06
1185,0.9820486307144165,0.017951369285583496,1.2876319885253906,0.03064817562699318,92,9.393946474175994e-06
1186,0.9830681085586548,0.016931891441345215,1.265344500541687,0.02941601723432541,92,9.393946474175994e-06
1187,0.9812702536582947,0.018729746341705322,1.2865726947784424,0.03140817582607269,92,9.393946474175994e-06
1188,0.9822754263877869,0.017724573612213135,1.2861759662628174,0.030409086495637894,92,9.393946474175994e-06
1189,0.9833585023880005,0.01664149761199951,1.2642526626586914,0.029117610305547714,92,9.393946474175994e-06
1190,0.9831794500350952,0.016820549964904785,1.251887559890747,0.02917121909558773,92,9.393946474175994e-06
1191,0.983890175819397,0.016109824180603027,1.2435773611068726,0.0283844992518425,92,9.393946474175994e-06
1192,0.984012246131897,0.015987753868103027,1.2679567337036133,0.02850744128227234,92,9.393946474175994e-06
1193,0.9831656217575073,0.016834378242492676,1.2482690811157227,0.029148723930120468,92,9.393946474175994e-06
1194,0.9852239489555359,0.014776051044464111,1.2359435558319092,0.026987727731466293,92,9.393946474175994e-06
1195,0.9839819669723511,0.016018033027648926,1.2525511980056763,0.028383364900946617,92,9.393946474175994e-06
1196,0.9835823178291321,0.01641768217086792,1.2646658420562744,0.028900163248181343,93,8.924249150467194e-06
1197,0.9832049608230591,0.016795039176940918,1.2487704753875732,0.029114793986082077,93,8.924249150467194e-06
1198,0.9842017292976379,0.01579827070236206,1.2463123798370361,0.028103411197662354,93,8.924249150467194e-06
1199,0.9828497171401978,0.017150282859802246,1.2947994470596313,0.02992677316069603,93,8.924249150467194e-06
1200,0.9843206405639648,0.015679359436035156,1.233298897743225,0.027855554595589638,93,8.924249150467194e-06
1201,0.9843911528587341,0.01560884714126587,1.262671709060669,0.028079476207494736,93,8.924249150467194e-06
1202,0.9819672703742981,0.018032729625701904,1.2770787477493286,0.030623190104961395,93,8.924249150467194e-06
1203,0.98273766040802,0.01726233959197998,1.2780972719192505,0.029870688915252686,93,8.924249150467194e-06
1204,0.984869122505188,0.015130877494812012,1.2504156827926636,0.027483725920319557,93,8.924249150467194e-06
1205,0.9829345345497131,0.017065465450286865,1.285398006439209,0.029748791828751564,93,8.924249150467194e-06
1206,0.9803382158279419,0.019661784172058105,1.2991334199905396,0.03245650231838226,93,8.924249150467194e-06
1207,0.9835142493247986,0.016485750675201416,1.2696396112442017,0.029017288237810135,93,8.924249150467194e-06
1208,0.9840443730354309,0.015955626964569092,1.2276188135147095,0.028072258457541466,93,8.924249150467194e-06
1209,0.9841107130050659,0.015889286994934082,1.2557001113891602,0.02828739583492279,94,8.478036692943835e-06
1210,0.9818542003631592,0.01814579963684082,1.2698700428009033,0.03066304326057434,94,8.478036692943835e-06
1211,0.9842647314071655,0.015735268592834473,1.2596759796142578,0.02817467600107193,94,8.478036692943835e-06
1212,0.9834498167037964,0.016550183296203613,1.2828625440597534,0.029213305562734604,94,8.478036692943835e-06
1213,0.983151376247406,0.016848623752593994,1.2586710453033447,0.029266849160194397,94,8.478036692943835e-06
1214,0.9841893911361694,0.015810608863830566,1.241412878036499,0.02806663140654564,94,8.478036692943835e-06
1215,0.9808562994003296,0.01914370059967041,1.2899713516235352,0.03185197710990906,94,8.478036692943835e-06
1216,0.9845786094665527,0.015421390533447266,1.247757911682129,0.027744755148887634,94,8.478036692943835e-06
1217,0.9833134412765503,0.016686558723449707,1.255853295326233,0.029078226536512375,94,8.478036692943835e-06
1218,0.9829387664794922,0.017061233520507812,1.274282693862915,0.029633447527885437,94,8.478036692943835e-06
1219,0.98395836353302,0.01604163646697998,1.265731692314148,0.0285385362803936,94,8.478036692943835e-06
1220,0.9822815656661987,0.01771843433380127,1.285256028175354,0.0303938090801239,94,8.478036692943835e-06
1221,0.9840220212936401,0.015977978706359863,1.2602883577346802,0.028421081602573395,94,8.478036692943835e-06
1222,0.984065592288971,0.015934407711029053,1.2622637748718262,0.028397701680660248,95,8.054134858296643e-06
1223,0.9848281145095825,0.01517188549041748,1.2451540231704712,0.02747170627117157,95,8.054134858296643e-06
1224,0.9829217791557312,0.0170782208442688,1.2920174598693848,0.02982761338353157,95,8.054134858296643e-06
1225,0.9840923547744751,0.015907645225524902,1.2503091096878052,0.028251660987734795,95,8.054134858296643e-06
1226,0.9820209741592407,0.017979025840759277,1.2805943489074707,0.030605178326368332,95,8.054134858296643e-06
1227,0.981776237487793,0.01822376251220703,1.288196325302124,0.03092348761856556,95,8.054134858296643e-06
1228,0.9842483997344971,0.01575160026550293,1.238396167755127,0.027978045865893364,95,8.054134858296643e-06
1229,0.9851054549217224,0.014894545078277588,1.261382818222046,0.027359427884221077,95,8.054134858296643e-06
1230,0.98396235704422,0.01603764295578003,1.257237434387207,0.028449641540646553,95,8.054134858296643e-06
1231,0.9835611581802368,0.016438841819763184,1.2634199857711792,0.028908653184771538,95,8.054134858296643e-06
1232,0.9822949767112732,0.017705023288726807,1.2645145654678345,0.03017311915755272,95,8.054134858296643e-06
1233,0.982518196105957,0.01748180389404297,1.252016305923462,0.029827147722244263,95,8.054134858296643e-06
1234,0.9805288314819336,0.019471168518066406,1.305795431137085,0.03233440965414047,95,8.054134858296643e-06
1235,0.9831258058547974,0.016874194145202637,1.2843520641326904,0.029548972845077515,96,7.65142811538181e-06
1236,0.9848000407218933,0.01519995927810669,1.2327511310577393,0.027375470846891403,96,7.65142811538181e-06
1237,0.9844147562980652,0.015585243701934814,1.2570784091949463,0.028000175952911377,96,7.65142811538181e-06
1238,0.9827742576599121,0.01722574234008789,1.2793821096420288,0.02984730526804924,96,7.65142811538181e-06
1239,0.9843922257423401,0.015607774257659912,1.2508816719055176,0.027960512787103653,96,7.65142811538181e-06
1240,0.9833192229270935,0.016680777072906494,1.2987148761749268,0.029501117765903473,96,7.65142811538181e-06
1241,0.9827877879142761,0.017212212085723877,1.2586334943771362,0.029626425355672836,96,7.65142811538181e-06
1242,0.9830464124679565,0.016953587532043457,1.2469708919525146,0.02925376035273075,96,7.65142811538181e-06
1243,0.9837286472320557,0.016271352767944336,1.2433547973632812,0.028542187064886093,96,7.65142811538181e-06
1244,0.9827815890312195,0.017218410968780518,1.2638518810272217,0.029684744775295258,96,7.65142811538181e-06
1245,0.9827779531478882,0.017222046852111816,1.2798837423324585,0.02984866499900818,96,7.65142811538181e-06
1246,0.9822221398353577,0.017777860164642334,1.2853885889053345,0.030453968793153763,96,7.65142811538181e-06
1247,0.9830427765846252,0.016957223415374756,1.26535165309906,0.029441168531775475,96,7.65142811538181e-06
1248,0.9822655916213989,0.017734408378601074,1.2691608667373657,0.030248671770095825,97,7.26885670961272e-06
1249,0.982721745967865,0.01727825403213501,1.2603325843811035,0.029708797112107277,97,7.26885670961272e-06
1250,0.9829193353652954,0.01708066463470459,1.24009108543396,0.029310768470168114,97,7.26885670961272e-06
1251,0.9831129312515259,0.01688706874847412,1.2832891941070557,0.02955108880996704,97,7.26885670961272e-06
1252,0.9824498891830444,0.017550110816955566,1.2690900564193726,0.03006551042199135,97,7.26885670961272e-06
1253,0.9813648462295532,0.018635153770446777,1.2814124822616577,0.03126292675733566,97,7.26885670961272e-06
1254,0.9841524362564087,0.01584756374359131,1.284485936164856,0.028533946722745895,97,7.26885670961272e-06
1255,0.9849933385848999,0.015006661415100098,1.243514060974121,0.027291733771562576,97,7.26885670961272e-06
1256,0.9842475056648254,0.01575249433517456,1.277273416519165,0.028367703780531883,97,7.26885670961272e-06
1257,0.9825025200843811,0.017497479915618896,1.2766304016113281,0.03008880838751793,97,7.26885670961272e-06
1258,0.9842689037322998,0.015731096267700195,1.239788293838501,0.027971668168902397,97,7.26885670961272e-06
1259,0.9832237958908081,0.016776204109191895,1.260805368423462,0.029216496273875237,97,7.26885670961272e-06
1260,0.9848334193229675,0.01516658067703247,1.2513362169265747,0.027528276666998863,97,7.26885670961272e-06
1261,0.9846354126930237,0.015364587306976318,1.2528434991836548,0.027739375829696655,98,6.905413874132084e-06
1262,0.9825751781463623,0.017424821853637695,1.2837077379226685,0.030087649822235107,98,6.905413874132084e-06
1263,0.9833797812461853,0.016620218753814697,1.2443256378173828,0.028897274285554886,98,6.905413874132084e-06
1264,0.9841120839118958,0.015887916088104248,1.2570279836654663,0.02829931676387787,98,6.905413874132084e-06
1265,0.9824231266975403,0.017576873302459717,1.267992377281189,0.03008102811872959,98,6.905413874132084e-06
1266,0.984237551689148,0.01576244831085205,1.2690914869308472,0.028295738622546196,98,6.905413874132084e-06
1267,0.981022298336029,0.018977701663970947,1.2802157402038574,0.03159008175134659,98,6.905413874132084e-06
1268,0.9842259883880615,0.015774011611938477,1.2465620040893555,0.02808189019560814,98,6.905413874132084e-06
1269,0.98160320520401,0.01839679479598999,1.3073480129241943,0.03128630667924881,98,6.905413874132084e-06
1270,0.9847507476806641,0.015249252319335938,1.2551817893981934,0.027648579329252243,98,6.905413874132084e-06
1271,0.9839421510696411,0.016057848930358887,1.2537742853164673,0.028435014188289642,98,6.905413874132084e-06
1272,0.9835478067398071,0.01645219326019287,1.2646301984786987,0.028933972120285034,98,6.905413874132084e-06
1273,0.9822303652763367,0.01776963472366333,1.2755998373031616,0.03034793585538864,98,6.905413874132084e-06
1274,0.9823612570762634,0.017638742923736572,1.2670992612838745,0.03013334795832634,99,6.5601431804254795e-06
1275,0.9847741723060608,0.015225827693939209,1.2284767627716064,0.027358338236808777,99,6.5601431804254795e-06
1276,0.9824626445770264,0.017537355422973633,1.2732733488082886,0.03009471483528614,99,6.5601431804254795e-06
1277,0.983124315738678,0.01687568426132202,1.2829958200454712,0.029536884278059006,99,6.5601431804254795e-06
1278,0.981231153011322,0.01876884698867798,1.3145800828933716,0.031726960092782974,99,6.5601431804254795e-06
1279,0.9837482571601868,0.016251742839813232,1.2511043548583984,0.028600268065929413,99,6.5601431804254795e-06
1280,0.9827768206596375,0.01722317934036255,1.2556666135787964,0.029607612639665604,99,6.5601431804254795e-06
1281,0.9840513467788696,0.01594865322113037,1.262331485748291,0.028412479907274246,99,6.5601431804254795e-06
1282,0.9837173819541931,0.016282618045806885,1.277892827987671,0.02889871969819069,99,6.5601431804254795e-06
1283,0.9832156896591187,0.016784310340881348,1.2816345691680908,0.029432812705636024,99,6.5601431804254795e-06
1284,0.984136700630188,0.01586329936981201,1.2593618631362915,0.028298284858465195,99,6.5601431804254795e-06
1285,0.9836104512214661,0.016389548778533936,1.2505961656570435,0.028731614351272583,99,6.5601431804254795e-06
1286,0.9843718409538269,0.015628159046173096,1.2404674291610718,0.02787655219435692,99,6.5601431804254795e-06
1287,0.9820718169212341,0.01792818307876587,1.2896666526794434,0.030645567923784256,100,6.232136021404205e-06
1288,0.9817124009132385,0.018287599086761475,1.2910131216049194,0.031014854088425636,100,6.232136021404205e-06
1289,0.9840651154518127,0.015934884548187256,1.2543574571609497,0.028319109231233597,100,6.232136021404205e-06
1290,0.9852362275123596,0.01476377248764038,1.2747578620910645,0.027363713830709457,100,6.232136021404205e-06
1291,0.9822840094566345,0.01771599054336548,1.2735822200775146,0.0302746519446373,100,6.232136021404205e-06
1292,0.9823715090751648,0.017628490924835205,1.2439658641815186,0.029891863465309143,100,6.232136021404205e-06
1293,0.9835707545280457,0.016429245471954346,1.2431527376174927,0.02869648113846779,100,6.232136021404205e-06
1294,0.983643114566803,0.01635688543319702,1.266727089881897,0.028860587626695633,100,6.232136021404205e-06
1295,0.9846329092979431,0.015367090702056885,1.2550549507141113,0.0277639701962471,100,6.232136021404205e-06
1296,0.9829819202423096,0.01701807975769043,1.2665996551513672,0.029513895511627197,100,6.232136021404205e-06
1297,0.9827150106430054,0.01728498935699463,1.252568244934082,0.02963782101869583,100,6.232136021404205e-06
1298,0.984477162361145,0.01552283763885498,1.2502524852752686,0.02787013351917267,100,6.232136021404205e-06
1299,0.9834399223327637,0.016560077667236328,1.2875876426696777,0.02927035465836525,100,6.232136021404205e-06
1300,0.9837799072265625,0.0162200927734375,1.2298613786697388,0.028356505557894707,101,5.920529220333994e-06
1301,0.9830514192581177,0.016948580741882324,1.2354164123535156,0.029133258387446404,101,5.920529220333994e-06
1302,0.9840782284736633,0.01592177152633667,1.2625387907028198,0.028387941420078278,101,5.920529220333994e-06
1303,0.9830920696258545,0.016907930374145508,1.2559903860092163,0.029298754408955574,101,5.920529220333994e-06
1304,0.9826943278312683,0.01730567216873169,1.283140778541565,0.02996402233839035,101,5.920529220333994e-06
1305,0.9831447005271912,0.016855299472808838,1.2778291702270508,0.02946503832936287,101,5.920529220333994e-06
1306,0.9817708730697632,0.018229126930236816,1.2863972187042236,0.030910808593034744,101,5.920529220333994e-06
1307,0.9839911460876465,0.016008853912353516,1.2661781311035156,0.028510546311736107,101,5.920529220333994e-06
1308,0.9830635786056519,0.016936421394348145,1.271880030632019,0.029485857114195824,101,5.920529220333994e-06
1309,0.9840379357337952,0.015962064266204834,1.2683792114257812,0.028486235067248344,101,5.920529220333994e-06
1310,0.9842330813407898,0.015766918659210205,1.2417970895767212,0.02802721969783306,101,5.920529220333994e-06
1311,0.9821050763130188,0.0178949236869812,1.281610131263733,0.030532075092196465,101,5.920529220333994e-06
1312,0.9847633838653564,0.015236616134643555,1.2951741218566895,0.02803599089384079,101,5.920529220333994e-06
1313,0.9840861558914185,0.015913844108581543,1.251397728919983,0.028268681839108467,102,5.624502759317295e-06
1314,0.9841867685317993,0.015813231468200684,1.276501178741455,0.028420109301805496,102,5.624502759317295e-06
1315,0.9832503199577332,0.016749680042266846,1.2532678842544556,0.02911486104130745,102,5.624502759317295e-06
1316,0.9827169179916382,0.017283082008361816,1.266890525817871,0.029779154807329178,102,5.624502759317295e-06
1317,0.9824160933494568,0.017583906650543213,1.2644940614700317,0.03005300834774971,102,5.624502759317295e-06
1318,0.9836057424545288,0.01639425754547119,1.2432317733764648,0.028662633150815964,102,5.624502759317295e-06
1319,0.9828898906707764,0.017110109329223633,1.2681633234024048,0.029620641842484474,102,5.624502759317295e-06
1320,0.983218252658844,0.016781747341156006,1.2725021839141846,0.029338952153921127,102,5.624502759317295e-06
1321,0.9833456873893738,0.01665431261062622,1.2941858768463135,0.02942962944507599,102,5.624502759317295e-06
1322,0.9829187989234924,0.01708120107650757,1.2788658142089844,0.029699046164751053,102,5.624502759317295e-06
1323,0.9834869503974915,0.016513049602508545,1.247308611869812,0.028821004554629326,102,5.624502759317295e-06
1324,0.984522819519043,0.015477180480957031,1.2537444829940796,0.027859853580594063,102,5.624502759317295e-06
1325,0.9827497005462646,0.01725029945373535,1.2823688983917236,0.02990148589015007,102,5.624502759317295e-06
1326,0.9846240282058716,0.015375971794128418,1.2347774505615234,0.027569986879825592,103,5.34327762135143e-06
1327,0.9853127598762512,0.01468724012374878,1.2534663677215576,0.02707502990961075,103,5.34327762135143e-06
1328,0.9834883213043213,0.01651167869567871,1.2605059146881104,0.028951622545719147,103,5.34327762135143e-06
1329,0.9825555682182312,0.0174444317817688,1.3050613403320312,0.030320599675178528,103,5.34327762135143e-06
1330,0.9829745888710022,0.017025411128997803,1.2669004201889038,0.02952416241168976,103,5.34327762135143e-06
1331,0.9816064834594727,0.018393516540527344,1.2648179531097412,0.030857760459184647,103,5.34327762135143e-06
1332,0.9837481379508972,0.016251862049102783,1.240272045135498,0.028492063283920288,103,5.34327762135143e-06
1333,0.9830694794654846,0.01693052053451538,1.250689148902893,0.029268106445670128,103,5.34327762135143e-06
1334,0.9837779402732849,0.016222059726715088,1.2643275260925293,0.02870311588048935,103,5.34327762135143e-06
1335,0.9835634827613831,0.016436517238616943,1.2954455614089966,0.029226606711745262,103,5.34327762135143e-06
1336,0.9832513332366943,0.016748666763305664,1.260759711265564,0.02918877638876438,103,5.34327762135143e-06
1337,0.9840728640556335,0.015927135944366455,1.2616549730300903,0.028384413570165634,103,5.34327762135143e-06
1338,0.9801406264305115,0.019859373569488525,1.3032288551330566,0.03269306942820549,103,5.34327762135143e-06
1339,0.984638512134552,0.015361487865447998,1.2261059284210205,0.027468930929899216,104,5.076113740283858e-06
1340,0.9818936586380005,0.01810634136199951,1.2733664512634277,0.030658941715955734,104,5.076113740283858e-06
1341,0.9820549488067627,0.017945051193237305,1.2791872024536133,0.03055747225880623,104,5.076113740283858e-06
1342,0.9834581613540649,0.01654183864593506,1.2786383628845215,0.029162805527448654,104,5.076113740283858e-06
1343,0.9848908185958862,0.01510918140411377,1.2348986864089966,0.02730707637965679,104,5.076113740283858e-06
1344,0.9822066426277161,0.017793357372283936,1.3022668361663818,0.030638091266155243,104,5.076113740283858e-06
1345,0.9843305945396423,0.015669405460357666,1.2433029413223267,0.027945740148425102,104,5.076113740283858e-06
1346,0.9834824204444885,0.016517579555511475,1.274807333946228,0.029100477695465088,104,5.076113740283858e-06
1347,0.9829531908035278,0.017046809196472168,1.2826697826385498,0.029703039675951004,104,5.076113740283858e-06
1348,0.982716977596283,0.01728302240371704,1.2661468982696533,0.02977166138589382,104,5.076113740283858e-06
1349,0.9815813302993774,0.01841866970062256,1.2866928577423096,0.031101413071155548,104,5.076113740283858e-06
1350,0.9843862652778625,0.015613734722137451,1.2540504932403564,0.027998100966215134,104,5.076113740283858e-06
1351,0.9848490357398987,0.015150964260101318,1.234965443611145,0.027349108830094337,104,5.076113740283858e-06
1352,0.9841396808624268,0.015860319137573242,1.2425986528396606,0.028127703815698624,105,4.8223080532696655e-06
1353,0.9841769933700562,0.015823006629943848,1.2757550477981567,0.02842232584953308,105,4.8223080532696655e-06
1354,0.9835469126701355,0.016453087329864502,1.2470483779907227,0.02875903993844986,105,4.8223080532696655e-06
1355,0.9820879101753235,0.017912089824676514,1.2794971466064453,0.030527940019965172,105,4.8223080532696655e-06
1356,0.9831574559211731,0.016842544078826904,1.2584515810012817,0.02925863489508629,105,4.8223080532696655e-06
1357,0.9838224053382874,0.016177594661712646,1.247894525527954,0.028494764119386673,105,4.8223080532696655e-06
1358,0.9824643135070801,0.017535686492919922,1.2842135429382324,0.030202465131878853,105,4.8223080532696655e-06
1359,0.9837114214897156,0.016288578510284424,1.253436803817749,0.028660058975219727,105,4.8223080532696655e-06
1360,0.9852591156959534,0.01474088430404663,1.2601337432861328,0.027194812893867493,105,4.8223080532696655e-06
1361,0.9833431839942932,0.016656816005706787,1.275219440460205,0.029242441058158875,105,4.8223080532696655e-06
1362,0.982571542263031,0.017428457736968994,1.2588183879852295,0.029842358082532883,105,4.8223080532696655e-06
1363,0.981361448764801,0.018638551235198975,1.2806676626205444,0.03125884383916855,105,4.8223080532696655e-06
1364,0.9842302799224854,0.01576972007751465,1.2938553094863892,0.02855057641863823,105,4.8223080532696655e-06
1365,0.9823006391525269,0.017699360847473145,1.2686115503311157,0.03020848147571087,106,4.581192650606182e-06
1366,0.9830352067947388,0.01696479320526123,1.264628291130066,0.029441427439451218,106,4.581192650606182e-06
1367,0.983794093132019,0.016205906867980957,1.2607473134994507,0.028651319444179535,106,4.581192650606182e-06
1368,0.9840553402900696,0.01594465970993042,1.2530897855758667,0.028316110372543335,106,4.581192650606182e-06
1369,0.9841135144233704,0.01588648557662964,1.3009529113769531,0.028737150132656097,106,4.581192650606182e-06
1370,0.9825302362442017,0.01746976375579834,1.261186957359314,0.02990693598985672,106,4.581192650606182e-06
1371,0.9822097420692444,0.017790257930755615,1.2828361988067627,0.030440716072916985,106,4.581192650606182e-06
1372,0.9817083477973938,0.0182916522026062,1.2864997386932373,0.030973732471466064,106,4.581192650606182e-06
1373,0.9849849939346313,0.015015006065368652,1.2539420127868652,0.02740427665412426,106,4.581192650606182e-06
1374,0.9830222129821777,0.016977787017822266,1.2522965669631958,0.02933097444474697,106,4.581192650606182e-06
1375,0.984351634979248,0.015648365020751953,1.2253190279006958,0.027745071798563004,106,4.581192650606182e-06
1376,0.9833792448043823,0.016620755195617676,1.259385108947754,0.02904839813709259,106,4.581192650606182e-06
1377,0.9833788275718689,0.016621172428131104,1.2738897800445557,0.029193859547376633,106,4.581192650606182e-06
1378,0.9846296906471252,0.015370309352874756,1.2183029651641846,0.027399636805057526,107,4.3521330180758725e-06
1379,0.9830384850502014,0.016961514949798584,1.2892787456512451,0.02968468889594078,107,4.3521330180758725e-06
1380,0.9816218614578247,0.018378138542175293,1.274678111076355,0.030941138043999672,107,4.3521330180758725e-06
1381,0.9831095337867737,0.01689046621322632,1.2700295448303223,0.029421856626868248,107,4.3521330180758725e-06
1382,0.9831851720809937,0.016814827919006348,1.267832636833191,0.029325004667043686,107,4.3521330180758725e-06
1383,0.9846454858779907,0.015354514122009277,1.2626454830169678,0.027827423065900803,107,4.3521330180758725e-06
1384,0.9821926951408386,0.017807304859161377,1.2786705493927002,0.030415937304496765,107,4.3521330180758725e-06
1385,0.9834079146385193,0.016592085361480713,1.2696280479431152,0.029122445732355118,107,4.3521330180758725e-06
1386,0.9842996597290039,0.015700340270996094,1.2374532222747803,0.02791786938905716,107,4.3521330180758725e-06
1387,0.9844456911087036,0.015554308891296387,1.262540340423584,0.02802416868507862,107,4.3521330180758725e-06
1388,0.9822515845298767,0.01774841547012329,1.2899173498153687,0.03047010488808155,107,4.3521330180758725e-06
1389,0.9837526082992554,0.01624739170074463,1.2683097124099731,0.028768016025424004,107,4.3521330180758725e-06
1390,0.9827045202255249,0.017295479774475098,1.2601358890533447,0.029723884537816048,107,4.3521330180758725e-06
1391,0.9841621518135071,0.01583784818649292,1.2474615573883057,0.02815408445894718,108,4.1345263671720786e-06
1392,0.983600378036499,0.016399621963500977,1.2624478340148926,0.028860103338956833,108,4.1345263671720786e-06
1393,0.9846813082695007,0.015318691730499268,1.2390577793121338,0.027556082233786583,108,4.1345263671720786e-06
1394,0.9829093217849731,0.017090678215026855,1.2636864185333252,0.02955663576722145,108,4.1345263671720786e-06
1395,0.9831701517105103,0.016829848289489746,1.254025936126709,0.02920180931687355,108,4.1345263671720786e-06
1396,0.9819577932357788,0.01804220676422119,1.2897849082946777,0.03075963445007801,108,4.1345263671720786e-06
1397,0.9831066131591797,0.016893386840820312,1.2826675176620483,0.029551126062870026,108,4.1345263671720786e-06
1398,0.9834879040718079,0.01651209592819214,1.2650611400604248,0.02899758517742157,108,4.1345263671720786e-06
1399,0.9842780828475952,0.015721917152404785,1.2712972164154053,0.028277669101953506,108,4.1345263671720786e-06
1400,0.9807088375091553,0.019291162490844727,1.2995977401733398,0.03209422528743744,108,4.1345263671720786e-06
1401,0.9849410057067871,0.01505899429321289,1.2235461473464966,0.027143865823745728,108,4.1345263671720786e-06
1402,0.9825425744056702,0.017457425594329834,1.2978575229644775,0.03026142716407776,108,4.1345263671720786e-06
1403,0.983734130859375,0.016265869140625,1.2541512250900269,0.02864472195506096,108,4.1345263671720786e-06
1404,0.9855946898460388,0.014405310153961182,1.2522772550582886,0.026784028857946396,109,3.927800048813474e-06
1405,0.9825083613395691,0.017491638660430908,1.2673163414001465,0.02998988702893257,109,3.927800048813474e-06
1406,0.9833114743232727,0.016688525676727295,1.2496005296707153,0.029017645865678787,109,3.927800048813474e-06
1407,0.9831125140190125,0.01688748598098755,1.299338698387146,0.029711998999118805,109,3.927800048813474e-06
1408,0.9842910766601562,0.01570892333984375,1.2567875385284424,0.028119709342718124,109,3.927800048813474e-06
1409,0.9834581017494202,0.016541898250579834,1.2665190696716309,0.029041670262813568,109,3.927800048813474e-06
1410,0.982721209526062,0.01727879047393799,1.2691001892089844,0.02979700267314911,109,3.927800048813474e-06
1411,0.9834204912185669,0.016579508781433105,1.2870683670043945,0.02928439900279045,109,3.927800048813474e-06
1412,0.982536792755127,0.017463207244873047,1.2548800706863403,0.02983737550675869,109,3.927800048813474e-06
1413,0.9817394614219666,0.018260538578033447,1.2758290767669678,0.03083622455596924,109,3.927800048813474e-06
1414,0.9843915104866028,0.015608489513397217,1.2298860549926758,0.027751265093684196,109,3.927800048813474e-06
1415,0.9824360609054565,0.017563939094543457,1.28067946434021,0.030195094645023346,109,3.927800048813474e-06
1416,0.9841988682746887,0.01580113172531128,1.2544972896575928,0.02818809263408184,109,3.927800048813474e-06
1417,0.9844937324523926,0.015506267547607422,1.2643132209777832,0.027994338423013687,110,3.7314100463728006e-06
1418,0.9833144545555115,0.016685545444488525,1.255706787109375,0.029075756669044495,110,3.7314100463728006e-06
1419,0.9847469329833984,0.015253067016601562,1.22091543674469,0.027309689670801163,110,3.7314100463728006e-06
1420,0.9849205017089844,0.015079498291015625,1.2588711977005005,0.027517415583133698,110,3.7314100463728006e-06
1421,0.9832002520561218,0.016799747943878174,1.2670769691467285,0.02930251881480217,110,3.7314100463728006e-06
1422,0.985220730304718,0.014779269695281982,1.2509351968765259,0.02714082971215248,110,3.7314100463728006e-06
1423,0.9824666976928711,0.017533302307128906,1.2656584978103638,0.030014554038643837,110,3.7314100463728006e-06
1424,0.9805169701576233,0.01948302984237671,1.305676817893982,0.032344967126846313,110,3.7314100463728006e-06
1425,0.9822478294372559,0.01775217056274414,1.2836308479309082,0.03041095659136772,110,3.7314100463728006e-06
1426,0.9836029410362244,0.016397058963775635,1.2628333568572998,0.02886142209172249,110,3.7314100463728006e-06
1427,0.9843797087669373,0.015620291233062744,1.2565057277679443,0.028029145672917366,110,3.7314100463728006e-06
1428,0.9818254113197327,0.018174588680267334,1.28053617477417,0.030798204243183136,110,3.7314100463728006e-06
1429,0.9813006520271301,0.018699347972869873,1.2945287227630615,0.03145764023065567,110,3.7314100463728006e-06
1430,0.9849352240562439,0.015064775943756104,1.2529222965240479,0.027443349361419678,111,3.5448395440541604e-06
1431,0.9847023487091064,0.015297651290893555,1.2440869808197021,0.02758554369211197,111,3.5448395440541604e-06
1432,0.9832598567008972,0.016740143299102783,1.2881516218185425,0.02945425733923912,111,3.5448395440541604e-06
1433,0.9833973050117493,0.016602694988250732,1.2696077823638916,0.029132746160030365,111,3.5448395440541604e-06
1434,0.9845299124717712,0.01547008752822876,1.2445955276489258,0.027761340141296387,111,3.5448395440541604e-06
1435,0.9817902445793152,0.018209755420684814,1.2869385480880737,0.030897043645381927,111,3.5448395440541604e-06
1436,0.9832841753959656,0.016715824604034424,1.2677929401397705,0.029226597398519516,111,3.5448395440541604e-06
1437,0.9817917943000793,0.018208205699920654,1.2882614135742188,0.0309087373316288,111,3.5448395440541604e-06
1438,0.9836862087249756,0.016313791275024414,1.2578102350234985,0.028728755190968513,111,3.5448395440541604e-06
1439,0.982886552810669,0.017113447189331055,1.289684772491455,0.029839159920811653,111,3.5448395440541604e-06
1440,0.9824373126029968,0.017562687397003174,1.2784725427627563,0.03017178550362587,111,3.5448395440541604e-06
1441,0.9840502142906189,0.015949785709381104,1.2156615257263184,0.027946902438998222,111,3.5448395440541604e-06
1442,0.9826131463050842,0.01738685369491577,1.2742900848388672,0.02995588630437851,111,3.5448395440541604e-06
1443,0.9838053584098816,0.016194641590118408,1.261183500289917,0.028644530102610588,112,3.3675975668514524e-06
1444,0.983999490737915,0.01600050926208496,1.282538652420044,0.02866589091718197,112,3.3675975668514524e-06
1445,0.9829262495040894,0.017073750495910645,1.2691539525985718,0.029594551771879196,112,3.3675975668514524e-06
1446,0.9839828610420227,0.016017138957977295,1.2838047742843628,0.028695015236735344,112,3.3675975668514524e-06
1447,0.9846778512001038,0.01532214879989624,1.2537578344345093,0.027706505730748177,112,3.3675975668514524e-06
1448,0.9824491739273071,0.01755082607269287,1.2780972719192505,0.030156292021274567,112,3.3675975668514524e-06
1449,0.9833041429519653,0.016695857048034668,1.26432204246521,0.02917211875319481,112,3.3675975668514524e-06
1450,0.9849146604537964,0.015085339546203613,1.2220640182495117,0.027155127376317978,112,3.3675975668514524e-06
1451,0.9822423458099365,0.017757654190063477,1.2900301218032837,0.03048037737607956,112,3.3675975668514524e-06
1452,0.982321560382843,0.017678439617156982,1.2589478492736816,0.03009113296866417,112,3.3675975668514524e-06
1453,0.9836587905883789,0.016341209411621094,1.2630727291107178,0.02880852483212948,112,3.3675975668514524e-06
1454,0.983515739440918,0.01648426055908203,1.2348675727844238,0.02866809442639351,112,3.3675975668514524e-06
1455,0.9805121421813965,0.019487857818603516,1.289785623550415,0.03219083324074745,112,3.3675975668514524e-06
1456,0.9838457703590393,0.016154229640960693,1.2417572736740112,0.028410259634256363,113,3.1992176885088796e-06
1457,0.9829551577568054,0.01704484224319458,1.2624564170837402,0.029498957097530365,113,3.1992176885088796e-06
1458,0.982840895652771,0.017159104347229004,1.256736159324646,0.02955487370491028,113,3.1992176885088796e-06
1459,0.9825859069824219,0.017414093017578125,1.2708234786987305,0.02994818612933159,113,3.1992176885088796e-06
1460,0.9820055365562439,0.017994463443756104,1.2878227233886719,0.030692745000123978,113,3.1992176885088796e-06
1461,0.9819481372833252,0.018051862716674805,1.3042001724243164,0.030913345515727997,113,3.1992176885088796e-06
1462,0.984650194644928,0.015349805355072021,1.252970814704895,0.02772601507604122,113,3.1992176885088796e-06
1463,0.9819502234458923,0.018049776554107666,1.2656394243240356,0.030525673180818558,113,3.1992176885088796e-06
1464,0.9844974875450134,0.015502512454986572,1.2685129642486572,0.028032615780830383,113,3.1992176885088796e-06
1465,0.98502117395401,0.01497882604598999,1.2431063652038574,0.027260102331638336,113,3.1992176885088796e-06
1466,0.9848859906196594,0.015114009380340576,1.2485253810882568,0.027448123320937157,113,3.1992176885088796e-06
1467,0.9835339188575745,0.016466081142425537,1.2748770713806152,0.02905019000172615,113,3.1992176885088796e-06
1468,0.9825860857963562,0.0174139142036438,1.2798327207565308,0.030038103461265564,113,3.1992176885088796e-06
1469,0.9835337400436401,0.016466259956359863,1.260270118713379,0.028904300183057785,114,3.0392568040834356e-06
1470,0.9830158948898315,0.016984105110168457,1.2536412477493286,0.029350675642490387,114,3.0392568040834356e-06
1471,0.9845117330551147,0.015488266944885254,1.2552498579025269,0.027885882183909416,114,3.0392568040834356e-06
1472,0.9827869534492493,0.017213046550750732,1.27866530418396,0.02982756868004799,114,3.0392568040834356e-06
1473,0.9836035370826721,0.01639646291732788,1.2780331373214722,0.029012829065322876,114,3.0392568040834356e-06
1474,0.9827776551246643,0.017222344875335693,1.2697665691375732,0.02974778600037098,114,3.0392568040834356e-06
1475,0.983953058719635,0.01604694128036499,1.2521440982818604,0.028407912701368332,114,3.0392568040834356e-06
1476,0.9833429455757141,0.01665705442428589,1.2687822580337524,0.029178306460380554,114,3.0392568040834356e-06
1477,0.9831095933914185,0.016890406608581543,1.2894260883331299,0.02961576357483864,114,3.0392568040834356e-06
1478,0.98273766040802,0.01726233959197998,1.2661892175674438,0.02975161001086235,114,3.0392568040834356e-06
1479,0.9826281070709229,0.01737189292907715,1.2556369304656982,0.02975454181432724,114,3.0392568040834356e-06
1480,0.9840946197509766,0.015905380249023438,1.2544280290603638,0.028290607035160065,114,3.0392568040834356e-06
1481,0.9841739535331726,0.015826046466827393,1.2643961906433105,0.028311748057603836,114,3.0392568040834356e-06
1482,0.9838348031044006,0.016165196895599365,1.2672239542007446,0.028675783425569534,115,2.8872939638792635e-06
1483,0.9841437339782715,0.015856266021728516,1.2282832860946655,0.027980536222457886,115,2.8872939638792635e-06
1484,0.9826638698577881,0.017336130142211914,1.2628576755523682,0.029791343957185745,115,2.8872939638792635e-06
1485,0.9853096008300781,0.014690399169921875,1.268129587173462,0.027224790304899216,115,2.8872939638792635e-06
1486,0.9828450679779053,0.017154932022094727,1.2604725360870361,0.029588107019662857,115,2.8872939638792635e-06
1487,0.9841617345809937,0.015838265419006348,1.2720175981521606,0.028400059789419174,115,2.8872939638792635e-06
1488,0.9823288917541504,0.01767110824584961,1.283488392829895,0.030329279601573944,115,2.8872939638792635e-06
1489,0.9830064177513123,0.016993582248687744,1.270630121231079,0.02952994778752327,115,2.8872939638792635e-06
1490,0.9846627712249756,0.015337228775024414,1.2500487565994263,0.027684343978762627,115,2.8872939638792635e-06
1491,0.9825668334960938,0.01743316650390625,1.261453628540039,0.029873371124267578,115,2.8872939638792635e-06
1492,0.983574390411377,0.016425609588623047,1.2711094617843628,0.028972448781132698,115,2.8872939638792635e-06
1493,0.9812867641448975,0.01871323585510254,1.2928192615509033,0.03145429491996765,115,2.8872939638792635e-06
1494,0.983295202255249,0.016704797744750977,1.2610377073287964,0.029148127883672714,115,2.8872939638792635e-06
1495,0.9825502038002014,0.017449796199798584,1.266005516052246,0.029935352504253387,116,2.7429292656853003e-06
1496,0.9834270477294922,0.016572952270507812,1.2326234579086304,0.02873345836997032,116,2.7429292656853003e-06
1497,0.984100341796875,0.015899658203125,1.261621356010437,0.028356874361634254,116,2.7429292656853003e-06
1498,0.9841872453689575,0.01581275463104248,1.2819437980651855,0.02847406454384327,116,2.7429292656853003e-06
1499,0.9827717542648315,0.017228245735168457,1.2655484676361084,0.029711447656154633,116,2.7429292656853003e-06
1500,0.9828945398330688,0.017105460166931152,1.3018430471420288,0.02995283529162407,116,2.7429292656853003e-06
1501,0.9822608828544617,0.01773911714553833,1.2836556434631348,0.030398283153772354,116,2.7429292656853003e-06
1502,0.9841005206108093,0.015899479389190674,1.2541253566741943,0.028281737118959427,116,2.7429292656853003e-06
1503,0.9834116697311401,0.016588330268859863,1.2437142133712769,0.028859589248895645,116,2.7429292656853003e-06
1504,0.9821107983589172,0.017889201641082764,1.2865349054336548,0.03057565912604332,116,2.7429292656853003e-06
1505,0.9848195314407349,0.015180468559265137,1.251568078994751,0.02754434570670128,116,2.7429292656853003e-06
1506,0.983705997467041,0.016294002532958984,1.2633795738220215,0.028764858841896057,116,2.7429292656853003e-06
1507,0.9838523864746094,0.016147613525390625,1.2436621189117432,0.028422757983207703,116,2.7429292656853003e-06
1508,0.9839224815368652,0.016077518463134766,1.2178726196289062,0.028095468878746033,117,2.605782802401035e-06
1509,0.9825191497802734,0.017480850219726562,1.2778187990188599,0.03008423000574112,117,2.605782802401035e-06
1510,0.9818700551986694,0.018129944801330566,1.2826266288757324,0.030774911865592003,117,2.605782802401035e-06
1511,0.9847677946090698,0.015232205390930176,1.262291431427002,0.027702797204256058,117,2.605782802401035e-06
1512,0.984043300151825,0.01595669984817505,1.266377329826355,0.028460904955863953,117,2.605782802401035e-06
1513,0.9838696122169495,0.016130387783050537,1.258055329322815,0.028549637645483017,117,2.605782802401035e-06
1514,0.9847075343132019,0.015292465686798096,1.278082251548767,0.02792036347091198,117,2.605782802401035e-06
1515,0.9842713475227356,0.015728652477264404,1.2533633708953857,0.0281049981713295,117,2.605782802401035e-06
1516,0.9812521934509277,0.018747806549072266,1.288006067276001,0.03144039213657379,117,2.605782802401035e-06
1517,0.983899712562561,0.016100287437438965,1.2318155765533447,0.02825744077563286,117,2.605782802401035e-06
1518,0.982223629951477,0.01777637004852295,1.2758033275604248,0.030356639996170998,117,2.605782802401035e-06
1519,0.9835249185562134,0.01647508144378662,1.2856124639511108,0.029166454449295998,117,2.605782802401035e-06
1520,0.9824705123901367,0.01752948760986328,1.2764065265655518,0.03011825680732727,117,2.605782802401035e-06
1521,0.9833313226699829,0.01666867733001709,1.2521711587905884,0.029023703187704086,118,2.475493662280983e-06
1522,0.9838094711303711,0.016190528869628906,1.2640230655670166,0.028668854385614395,118,2.475493662280983e-06
1523,0.9828261137008667,0.0171738862991333,1.2721221446990967,0.02972336858510971,118,2.475493662280983e-06
1524,0.9823513627052307,0.017648637294769287,1.2554417848587036,0.030026569962501526,118,2.475493662280983e-06
1525,0.98162841796875,0.01837158203125,1.2731918096542358,0.03091978281736374,118,2.475493662280983e-06
1526,0.9836117029190063,0.016388297080993652,1.2659313678741455,0.02888372726738453,118,2.475493662280983e-06
1527,0.98464035987854,0.015359640121459961,1.250986099243164,0.027715904638171196,118,2.475493662280983e-06
1528,0.9845152497291565,0.015484750270843506,1.2589926719665527,0.02791982889175415,118,2.475493662280983e-06
1529,0.9825232625007629,0.01747673749923706,1.2662259340286255,0.029964230954647064,118,2.475493662280983e-06
1530,0.9822878241539001,0.017712175846099854,1.2835084199905396,0.030370138585567474,118,2.475493662280983e-06
1531,0.9843126535415649,0.01568734645843506,1.2451438903808594,0.027981910854578018,118,2.475493662280983e-06
1532,0.9836280345916748,0.016371965408325195,1.27599036693573,0.028968149796128273,118,2.475493662280983e-06
1533,0.9838563203811646,0.01614367961883545,1.286922574043274,0.028851468116044998,118,2.475493662280983e-06
1534,0.9838358163833618,0.016164183616638184,1.2098333835601807,0.0281008742749691,119,2.351718979166934e-06
1535,0.9848029017448425,0.01519709825515747,1.274818778038025,0.027793314307928085,119,2.351718979166934e-06
1536,0.9819968938827515,0.018003106117248535,1.280943751335144,0.030632512643933296,119,2.351718979166934e-06
1537,0.9823294281959534,0.01767057180404663,1.2826738357543945,0.030320603400468826,119,2.351718979166934e-06
1538,0.9834230542182922,0.016576945781707764,1.2834913730621338,0.02924608811736107,119,2.351718979166934e-06
1539,0.9834545254707336,0.016545474529266357,1.2638463973999023,0.02901848405599594,119,2.351718979166934e-06
1540,0.9831574559211731,0.016842544078826904,1.2557296752929688,0.029231414198875427,119,2.351718979166934e-06
1541,0.9826673865318298,0.017332613468170166,1.2904257774353027,0.03006354346871376,119,2.351718979166934e-06
1542,0.983411431312561,0.016588568687438965,1.2674630880355835,0.029097314924001694,119,2.351718979166934e-06
1543,0.9826508164405823,0.017349183559417725,1.253610372543335,0.02971179410815239,119,2.351718979166934e-06
1544,0.9853124618530273,0.014687538146972656,1.247314214706421,0.027013804763555527,119,2.351718979166934e-06
1545,0.9820551872253418,0.017944812774658203,1.2676897048950195,0.030442262068390846,119,2.351718979166934e-06
1546,0.9846981763839722,0.015301823616027832,1.268915057182312,0.027837954461574554,119,2.351718979166934e-06
1547,0.9823817610740662,0.017618238925933838,1.2848018407821655,0.03029007464647293,120,2.234133030208587e-06
1548,0.9842888712882996,0.01571112871170044,1.2666608095169067,0.02822062559425831,120,2.234133030208587e-06
1549,0.9847747087478638,0.01522529125213623,1.2438329458236694,0.027511367574334145,120,2.234133030208587e-06
1550,0.9805691838264465,0.019430816173553467,1.301159143447876,0.03224810212850571,120,2.234133030208587e-06
1551,0.9828119277954102,0.017188072204589844,1.258524775505066,0.029601439833641052,120,2.234133030208587e-06
1552,0.9828988313674927,0.017101168632507324,1.2462067604064941,0.029392223805189133,120,2.234133030208587e-06
1553,0.9842672944068909,0.01573270559310913,1.2340484857559204,0.027915863320231438,120,2.234133030208587e-06
1554,0.9849996566772461,0.015000343322753906,1.2533981800079346,0.02738432213664055,120,2.234133030208587e-06
1555,0.983457624912262,0.016542375087738037,1.2402321100234985,0.028779271990060806,120,2.234133030208587e-06
1556,0.9824684858322144,0.017531514167785645,1.287770390510559,0.030233900994062424,120,2.234133030208587e-06
1557,0.9845004081726074,0.015499591827392578,1.2575383186340332,0.027919979766011238,120,2.234133030208587e-06
1558,0.9823378920555115,0.017662107944488525,1.287022590637207,0.03035571239888668,120,2.234133030208587e-06
1559,0.983546257019043,0.01645374298095703,1.295620322227478,0.02924541011452675,120,2.234133030208587e-06
1560,0.9838039875030518,0.016196012496948242,1.257378101348877,0.02860783226788044,121,2.1224263786981576e-06
1561,0.9816628098487854,0.0183371901512146,1.3072618246078491,0.03122643753886223,121,2.1224263786981576e-06
1562,0.9835389852523804,0.01646101474761963,1.2559083700180054,0.02885548770427704,121,2.1224263786981576e-06
1563,0.9842057228088379,0.01579427719116211,1.2584072351455688,0.0282204058021307,121,2.1224263786981576e-06
1564,0.9827040433883667,0.0172959566116333,1.271345853805542,0.02983645536005497,121,2.1224263786981576e-06
1565,0.983498215675354,0.016501784324645996,1.2461875677108765,0.028798643499612808,121,2.1224263786981576e-06
1566,0.9839453101158142,0.01605468988418579,1.2386523485183716,0.02828066609799862,121,2.1224263786981576e-06
1567,0.9840939044952393,0.015906095504760742,1.2653995752334595,0.028401030227541924,121,2.1224263786981576e-06
1568,0.982984185218811,0.017015814781188965,1.2613235712051392,0.029458891600370407,121,2.1224263786981576e-06
1569,0.982170581817627,0.017829418182373047,1.2872824668884277,0.03052394837141037,121,2.1224263786981576e-06
1570,0.984347939491272,0.015652060508728027,1.275625228881836,0.02825179137289524,121,2.1224263786981576e-06
1571,0.9835548400878906,0.016445159912109375,1.284135103225708,0.029122058302164078,121,2.1224263786981576e-06
1572,0.9835532903671265,0.016446709632873535,1.2240965366363525,0.02852320671081543,121,2.1224263786981576e-06
1573,0.9818515777587891,0.018148422241210938,1.271915078163147,0.030686087906360626,122,2.0163050597632494e-06
1574,0.9841387271881104,0.01586127281188965,1.2560259103775024,0.028262920677661896,122,2.0163050597632494e-06
1575,0.9836317896842957,0.016368210315704346,1.2583582401275635,0.028788110241293907,122,2.0163050597632494e-06
1576,0.9842589497566223,0.015741050243377686,1.264687180519104,0.028230510652065277,122,2.0163050597632494e-06
1577,0.9829901456832886,0.017009854316711426,1.2638574838638306,0.02947833016514778,122,2.0163050597632494e-06
1578,0.9816946387290955,0.01830536127090454,1.2913715839385986,0.031036023050546646,122,2.0163050597632494e-06
1579,0.9848238825798035,0.015176117420196533,1.242235541343689,0.02744671143591404,122,2.0163050597632494e-06
1580,0.9829828143119812,0.0170171856880188,1.2435988187789917,0.029283002018928528,122,2.0163050597632494e-06
1581,0.9839997291564941,0.01600027084350586,1.2764705419540405,0.02860497310757637,122,2.0163050597632494e-06
1582,0.9835294485092163,0.01647055149078369,1.260972023010254,0.028915565460920334,122,2.0163050597632494e-06
1583,0.9812852740287781,0.018714725971221924,1.31442391872406,0.03167181834578514,122,2.0163050597632494e-06
1584,0.9846012592315674,0.015398740768432617,1.2559187412261963,0.0278039388358593,122,2.0163050597632494e-06
1585,0.9840624928474426,0.015937507152557373,1.2476359605789185,0.028254490345716476,122,2.0163050597632494e-06
1586,0.9849177002906799,0.015082299709320068,1.2487831115722656,0.027419306337833405,123,1.915489806775087e-06
1587,0.9844940304756165,0.015505969524383545,1.2608219385147095,0.027959128841757774,123,1.915489806775087e-06
1588,0.9832137823104858,0.01678621768951416,1.2414747476577759,0.029033102095127106,123,1.915489806775087e-06
1589,0.9831174612045288,0.01688253879547119,1.2503443956375122,0.029217157512903214,123,1.915489806775087e-06
1590,0.9830319881439209,0.0169680118560791,1.2628915309906006,0.029427247121930122,123,1.915489806775087e-06
1591,0.9831743836402893,0.016825616359710693,1.2699439525604248,0.02935680001974106,123,1.915489806775087e-06
1592,0.9825724959373474,0.017427504062652588,1.2974634170532227,0.030227862298488617,123,1.915489806775087e-06
1593,0.9835535287857056,0.016446471214294434,1.2574387788772583,0.028856394812464714,123,1.915489806775087e-06
1594,0.9799923896789551,0.020007610321044922,1.3054522275924683,0.03286205604672432,123,1.915489806775087e-06
1595,0.9832907319068909,0.01670926809310913,1.2974445819854736,0.02951662242412567,123,1.915489806775087e-06
1596,0.9852637648582458,0.01473623514175415,1.230829119682312,0.026897164061665535,123,1.915489806775087e-06
1597,0.9836455583572388,0.01635444164276123,1.2592746019363403,0.02878364361822605,123,1.915489806775087e-06
1598,0.9832355380058289,0.016764461994171143,1.2672613859176636,0.02926943078637123,123,1.915489806775087e-06
1599,0.9838789701461792,0.0161210298538208,1.2644991874694824,0.028604811057448387,124,1.8197153164363325e-06
1600,0.9834243059158325,0.01657569408416748,1.2645494937896729,0.029055431485176086,124,1.8197153164363325e-06
1601,0.983150064945221,0.016849935054779053,1.2799029350280762,0.0294804647564888,124,1.8197153164363325e-06
1602,0.9849976301193237,0.01500236988067627,1.2362957000732422,0.027215301990509033,124,1.8197153164363325e-06
1603,0.9829482436180115,0.017051756381988525,1.2730417251586914,0.029611654579639435,124,1.8197153164363325e-06
1604,0.9832920432090759,0.016707956790924072,1.239806890487671,0.02893894538283348,124,1.8197153164363325e-06
1605,0.9821808934211731,0.017819106578826904,1.2797949314117432,0.0304388627409935,124,1.8197153164363325e-06
1606,0.9843071103096008,0.01569288969039917,1.292818307876587,0.028464144095778465,124,1.8197153164363325e-06
1607,0.9835838079452515,0.016416192054748535,1.2768404483795166,0.029020434245467186,124,1.8197153164363325e-06
1608,0.984142541885376,0.015857458114624023,1.2346093654632568,0.02804497629404068,124,1.8197153164363325e-06
1609,0.9825164079666138,0.01748359203338623,1.2781691551208496,0.030090447515249252,124,1.8197153164363325e-06
1610,0.9831649661064148,0.016835033893585205,1.247484803199768,0.029141532257199287,124,1.8197153164363325e-06
1611,0.9817957282066345,0.01820427179336548,1.2865278720855713,0.030887508764863014,124,1.8197153164363325e-06
1612,0.9841721057891846,0.01582789421081543,1.2433536052703857,0.02810315042734146,125,1.7287295506145157e-06
1613,0.9808030128479004,0.01919698715209961,1.2968602180480957,0.031973619014024734,125,1.7287295506145157e-06
1614,0.9825164675712585,0.017483532428741455,1.3056374788284302,0.030365072190761566,125,1.7287295506145157e-06
1615,0.9823552370071411,0.017644762992858887,1.268681526184082,0.030155129730701447,125,1.7287295506145157e-06
1616,0.9845132231712341,0.01548677682876587,1.2369914054870605,0.02770182304084301,125,1.7287295506145157e-06
1617,0.9849135875701904,0.01508641242980957,1.2293206453323364,0.02722875401377678,125,1.7287295506145157e-06
1618,0.9832749366760254,0.01672506332397461,1.2684458494186401,0.029242269694805145,125,1.7287295506145157e-06
1619,0.9824515581130981,0.017548441886901855,1.2640267610549927,0.030013225972652435,125,1.7287295506145157e-06
1620,0.984182596206665,0.01581740379333496,1.2346837520599365,0.028006067499518394,125,1.7287295506145157e-06
1621,0.9834255576133728,0.016574442386627197,1.2645347118377686,0.02905404567718506,125,1.7287295506145157e-06
1622,0.9838501214981079,0.01614987850189209,1.2680091857910156,0.028668470680713654,125,1.7287295506145157e-06
1623,0.9831063151359558,0.01689368486404419,1.2635514736175537,0.02936026267707348,125,1.7287295506145157e-06
1624,0.9835871458053589,0.016412854194641113,1.3111414909362793,0.02936013974249363,125,1.7287295506145157e-06
1625,0.9834287166595459,0.0165712833404541,1.2834126949310303,0.029239699244499207,126,1.6422930730837899e-06
1626,0.9831534624099731,0.016846537590026855,1.2672557830810547,0.029350630939006805,126,1.6422930730837899e-06
1627,0.98460453748703,0.01539546251296997,1.2551711797714233,0.027793221175670624,126,1.6422930730837899e-06
1628,0.9821690320968628,0.017830967903137207,1.2836651802062988,0.03048931062221527,126,1.6422930730837899e-06
1629,0.9849949479103088,0.015005052089691162,1.250924825668335,0.027364250272512436,126,1.6422930730837899e-06
1630,0.9829406142234802,0.017059385776519775,1.2329761981964111,0.029218554496765137,126,1.6422930730837899e-06
1631,0.9846558570861816,0.01534414291381836,1.2744338512420654,0.02793503925204277,126,1.6422930730837899e-06
1632,0.9823430180549622,0.017656981945037842,1.2639902830123901,0.03012031503021717,126,1.6422930730837899e-06
1633,0.9818400740623474,0.018159925937652588,1.290380597114563,0.030882133170962334,126,1.6422930730837899e-06
1634,0.9833805561065674,0.016619443893432617,1.2629979848861694,0.02908322960138321,126,1.6422930730837899e-06
1635,0.9831417202949524,0.016858279705047607,1.2665873765945435,0.029355570673942566,126,1.6422930730837899e-06
1636,0.9833735823631287,0.016626417636871338,1.2500189542770386,0.028960343450307846,126,1.6422930730837899e-06
1637,0.9843572974205017,0.01564270257949829,1.2568150758743286,0.028054427355527878,126,1.6422930730837899e-06
1638,0.9836651682853699,0.016334831714630127,1.2605384588241577,0.02877686731517315,127,1.5601784194296004e-06
1639,0.9836121797561646,0.01638782024383545,1.3099485635757446,0.029323428869247437,127,1.5601784194296004e-06
1640,0.9831527471542358,0.01684725284576416,1.2643723487854004,0.02932250313460827,127,1.5601784194296004e-06
1641,0.9825926423072815,0.017407357692718506,1.2787292003631592,0.0300205759704113,127,1.5601784194296004e-06
1642,0.9837197661399841,0.01628023386001587,1.2564626932144165,0.028682056814432144,127,1.5601784194296004e-06
1643,0.9844787120819092,0.01552128791809082,1.2430635690689087,0.027796711772680283,127,1.5601784194296004e-06
1644,0.9838542938232422,0.016145706176757812,1.2099666595458984,0.028083914890885353,127,1.5601784194296004e-06
1645,0.9840570092201233,0.01594299077987671,1.270301103591919,0.028486572206020355,127,1.5601784194296004e-06
1646,0.982243001461029,0.017756998538970947,1.2720019817352295,0.03029944747686386,127,1.5601784194296004e-06
1647,0.984680712223053,0.015319287776947021,1.2541402578353882,0.027707498520612717,127,1.5601784194296004e-06
1648,0.9813998341560364,0.018600165843963623,1.2805771827697754,0.031219935044646263,127,1.5601784194296004e-06
1649,0.9831967353820801,0.016803264617919922,1.2802457809448242,0.02943768911063671,127,1.5601784194296004e-06
1650,0.9827007055282593,0.017299294471740723,1.2520270347595215,0.02964657172560692,127,1.5601784194296004e-06
1651,0.9819371104240417,0.018062889575958252,1.2734014987945557,0.03061627596616745,128,1.4821694984581202e-06
1652,0.9825745820999146,0.01742541790008545,1.2811541557312012,0.030062705278396606,128,1.4821694984581202e-06
1653,0.9832667112350464,0.016733288764953613,1.2779127359390259,0.029345083981752396,128,1.4821694984581202e-06
1654,0.9823663830757141,0.01763361692428589,1.2920753955841064,0.030378034338355064,128,1.4821694984581202e-06
1655,0.9841040372848511,0.015895962715148926,1.2436343431472778,0.02817334607243538,128,1.4821694984581202e-06
1656,0.9816873073577881,0.018312692642211914,1.2983219623565674,0.031112786382436752,128,1.4821694984581202e-06
1657,0.9833042025566101,0.016695797443389893,1.253333330154419,0.029062172397971153,128,1.4821694984581202e-06
1658,0.984264075756073,0.015735924243927002,1.2604131698608398,0.02818269655108452,128,1.4821694984581202e-06
1659,0.9848114848136902,0.015188515186309814,1.274925708770752,0.027785886079072952,128,1.4821694984581202e-06
1660,0.9831836819648743,0.016816318035125732,1.263791561126709,0.02928606979548931,128,1.4821694984581202e-06
1661,0.9847516417503357,0.015248358249664307,1.2359645366668701,0.027455519884824753,128,1.4821694984581202e-06
1662,0.9837338924407959,0.0162661075592041,1.2598001956939697,0.02870144695043564,128,1.4821694984581202e-06
1663,0.98406583070755,0.01593416929244995,1.2241880893707275,0.02801670879125595,128,1.4821694984581202e-06
1664,0.9854530096054077,0.014546990394592285,1.2662185430526733,0.027063705027103424,129,1.4080610235352142e-06
1665,0.9828526377677917,0.017147362232208252,1.265535593032837,0.029631245881319046,129,1.4080610235352142e-06
1666,0.9824008345603943,0.017599165439605713,1.2612147331237793,0.030035320669412613,129,1.4080610235352142e-06
1667,0.9822849035263062,0.017715096473693848,1.2896978855133057,0.030434925109148026,129,1.4080610235352142e-06
1668,0.9851298928260803,0.014870107173919678,1.226196050643921,0.026983367279171944,129,1.4080610235352142e-06
1669,0.9833478331565857,0.016652166843414307,1.2902467250823975,0.02938811108469963,129,1.4080610235352142e-06
1670,0.9822324514389038,0.01776754856109619,1.2789318561553955,0.030379191040992737,129,1.4080610235352142e-06
1671,0.9833855628967285,0.016614437103271484,1.2714780569076538,0.029163073748350143,129,1.4080610235352142e-06
1672,0.9830174446105957,0.016982555389404297,1.2429448366165161,0.029242178425192833,129,1.4080610235352142e-06
1673,0.9835814833641052,0.016418516635894775,1.2567648887634277,0.028821980580687523,129,1.4080610235352142e-06
1674,0.9825869798660278,0.017413020133972168,1.287606954574585,0.03011495992541313,129,1.4080610235352142e-06
1675,0.9838876128196716,0.01611238718032837,1.259905457496643,0.028550317510962486,129,1.4080610235352142e-06
1676,0.9837916493415833,0.016208350658416748,1.247178077697754,0.02851804718375206,129,1.4080610235352142e-06
1677,0.9813003540039062,0.01869964599609375,1.297470211982727,0.0314873531460762,130,1.3376579723584535e-06
1678,0.9833588004112244,0.016641199588775635,1.2687956094741821,0.02916274219751358,130,1.3376579723584535e-06
1679,0.9842155575752258,0.01578444242477417,1.2567675113677979,0.02819427289068699,130,1.3376579723584535e-06
1680,0.9845442771911621,0.01545572280883789,1.2812851667404175,0.028114017099142075,130,1.3376579723584535e-06
1681,0.9832966923713684,0.016703307628631592,1.2760087251663208,0.029296360909938812,130,1.3376579723584535e-06
1682,0.9838988184928894,0.016101181507110596,1.2379860877990723,0.028320031240582466,130,1.3376579723584535e-06
1683,0.9831516742706299,0.016848325729370117,1.2622648477554321,0.029302489012479782,130,1.3376579723584535e-06
1684,0.9843117594718933,0.01568824052810669,1.237218976020813,0.027903547510504723,130,1.3376579723584535e-06
1685,0.9839857816696167,0.0160142183303833,1.2680583000183105,0.0285346582531929,130,1.3376579723584535e-06
1686,0.9805828332901001,0.019417166709899902,1.300977349281311,0.03223276883363724,130,1.3376579723584535e-06
1687,0.9838758707046509,0.01612412929534912,1.2263132333755493,0.02822601981461048,130,1.3376579723584535e-06
1688,0.9829063415527344,0.017093658447265625,1.271460771560669,0.029637329280376434,130,1.3376579723584535e-06
1689,0.9842835068702698,0.015716493129730225,1.261354923248291,0.028172876685857773,130,1.3376579723584535e-06
1690,0.9837886691093445,0.016211330890655518,1.2465708255767822,0.02851492539048195,131,1.2707750737405307e-06
1691,0.9826391935348511,0.017360806465148926,1.2598804235458374,0.02978600189089775,131,1.2707750737405307e-06
1692,0.9826627969741821,0.01733720302581787,1.2747371196746826,0.02991120144724846,131,1.2707750737405307e-06
1693,0.9836039543151855,0.016396045684814453,1.2631504535675049,0.028863588348031044,131,1.2707750737405307e-06
1694,0.984870970249176,0.015129029750823975,1.2794544696807861,0.02777228318154812,131,1.2707750737405307e-06
1695,0.9834320545196533,0.01656794548034668,1.2558361291885376,0.02896062657237053,131,1.2707750737405307e-06
1696,0.9832789897918701,0.016721010208129883,1.2742339372634888,0.029296139255166054,131,1.2707750737405307e-06
1697,0.9834718108177185,0.016528189182281494,1.2613348960876465,0.028976256027817726,131,1.2707750737405307e-06
1698,0.9847928881645203,0.015207111835479736,1.244229793548584,0.027497338131070137,131,1.2707750737405307e-06
1699,0.9827165603637695,0.01728343963623047,1.2604482173919678,0.02971508726477623,131,1.2707750737405307e-06
1700,0.9827582836151123,0.017241716384887695,1.2661023139953613,0.02973032183945179,131,1.2707750737405307e-06
1701,0.9835563898086548,0.016443610191345215,1.2841887474060059,0.02912105992436409,131,1.2707750737405307e-06
1702,0.9819654822349548,0.018034517765045166,1.275436282157898,0.030608534812927246,131,1.2707750737405307e-06
1703,0.9838235378265381,0.016176462173461914,1.2639707326889038,0.02865440398454666,132,1.2072363200535042e-06
1704,0.983482301235199,0.016517698764801025,1.2376805543899536,0.028729327023029327,132,1.2072363200535042e-06
1705,0.9835947751998901,0.016405224800109863,1.2825500965118408,0.029066672548651695,132,1.2072363200535042e-06
1706,0.9833527207374573,0.016647279262542725,1.2606481313705444,0.029087288305163383,132,1.2072363200535042e-06
1707,0.983224630355835,0.01677536964416504,1.2762830257415771,0.029370445758104324,132,1.2072363200535042e-06
1708,0.9839115738868713,0.016088426113128662,1.2678682804107666,0.028606224805116653,132,1.2072363200535042e-06
1709,0.9838016033172607,0.016198396682739258,1.2605023384094238,0.028641436249017715,132,1.2072363200535042e-06
1710,0.9833901524543762,0.01660984754562378,1.2555127143859863,0.028998877853155136,132,1.2072363200535042e-06
1711,0.9823556542396545,0.01764434576034546,1.283300518989563,0.030300907790660858,132,1.2072363200535042e-06
1712,0.9834985136985779,0.01650148630142212,1.2562059164047241,0.028898529708385468,132,1.2072363200535042e-06
1713,0.9820744395256042,0.017925560474395752,1.2645330429077148,0.03039163537323475,132,1.2072363200535042e-06
1714,0.9850383400917053,0.014961659908294678,1.2379631996154785,0.027191676199436188,132,1.2072363200535042e-06
1715,0.9823218584060669,0.017678141593933105,1.3146051168441772,0.030647411942481995,132,1.2072363200535042e-06
1716,0.9808497428894043,0.019150257110595703,1.3085248470306396,0.032044000923633575,133,1.146874504050829e-06
1717,0.9832790493965149,0.016720950603485107,1.2649142742156982,0.029202882200479507,133,1.146874504050829e-06
1718,0.9846389889717102,0.015361011028289795,1.2587260007858276,0.02779466100037098,133,1.146874504050829e-06
1719,0.9834100008010864,0.016589999198913574,1.2656577825546265,0.029080677777528763,133,1.146874504050829e-06
1720,0.9842392802238464,0.015760719776153564,1.2666101455688477,0.028269214555621147,133,1.146874504050829e-06
1721,0.9847387075424194,0.015261292457580566,1.2260483503341675,0.027369163930416107,133,1.146874504050829e-06
1722,0.9814277291297913,0.01857227087020874,1.2781412601470947,0.03116796165704727,133,1.146874504050829e-06
1723,0.9836957454681396,0.01630425453186035,1.2599847316741943,0.028741057962179184,133,1.146874504050829e-06
1724,0.9842765927314758,0.01572340726852417,1.2488666772842407,0.028054840862751007,133,1.146874504050829e-06
1725,0.9839319586753845,0.01606804132461548,1.264497995376587,0.02855234034359455,133,1.146874504050829e-06
1726,0.9842188954353333,0.015781104564666748,1.2315425872802734,0.02793871983885765,133,1.146874504050829e-06
1727,0.9833390116691589,0.016660988330841064,1.2914118766784668,0.029408495873212814,133,1.146874504050829e-06
1728,0.9802170991897583,0.0197829008102417,1.2883555889129639,0.03246862441301346,133,1.146874504050829e-06
1729,0.9837818145751953,0.016218185424804688,1.2619677782058716,0.028675680980086327,134,1.0895307788482876e-06
1730,0.9836963415145874,0.016303658485412598,1.2692503929138184,0.02883312478661537,134,1.0895307788482876e-06
1731,0.9834895133972168,0.016510486602783203,1.2648179531097412,0.02899356186389923,134,1.0895307788482876e-06
1732,0.9843866229057312,0.015613377094268799,1.2552516460418701,0.02800976112484932,134,1.0895307788482876e-06
1733,0.9836757183074951,0.016324281692504883,1.2349231243133545,0.02851027064025402,134,1.0895307788482876e-06
1734,0.9828997850418091,0.017100214958190918,1.289882779121399,0.029828041791915894,134,1.0895307788482876e-06
1735,0.9827845096588135,0.017215490341186523,1.2611435651779175,0.029654771089553833,134,1.0895307788482876e-06
1736,0.9832752346992493,0.016724765300750732,1.2577098608016968,0.029134616255760193,134,1.0895307788482876e-06
1737,0.9808531403541565,0.019146859645843506,1.308614730834961,0.03204153850674629,134,1.0895307788482876e-06
1738,0.9843537211418152,0.015646278858184814,1.2428820133209229,0.027918636798858643,134,1.0895307788482876e-06
1739,0.9836385846138,0.01636141538619995,1.2636322975158691,0.02883412316441536,134,1.0895307788482876e-06
1740,0.9830124974250793,0.016987502574920654,1.2555627822875977,0.029373254626989365,134,1.0895307788482876e-06
1741,0.9848063588142395,0.015193641185760498,1.2948853969573975,0.027990559116005898,134,1.0895307788482876e-06
1742,0.9837398529052734,0.016260147094726562,1.2529637813568115,0.0286271832883358,135,1.0350542399058731e-06
1743,0.9840579628944397,0.015942037105560303,1.2615560293197632,0.0283981766551733,135,1.0350542399058731e-06
1744,0.9842185974121094,0.015781402587890625,1.2412859201431274,0.0280364491045475,135,1.0350542399058731e-06
1745,0.9841260313987732,0.015873968601226807,1.2466968297958374,0.028182197362184525,135,1.0350542399058731e-06
1746,0.9835761189460754,0.01642388105392456,1.29649019241333,0.029224544763565063,135,1.0350542399058731e-06
1747,0.981887698173523,0.01811230182647705,1.2669295072555542,0.030600473284721375,135,1.0350542399058731e-06
1748,0.9825825095176697,0.017417490482330322,1.281143069267273,0.030054748058319092,135,1.0350542399058731e-06
1749,0.9844003319740295,0.015599668025970459,1.252087116241455,0.02796454355120659,135,1.0350542399058731e-06
1750,0.982334315776825,0.01766568422317505,1.2719894647598267,0.030208922922611237,135,1.0350542399058731e-06
1751,0.9823546409606934,0.01764535903930664,1.278287649154663,0.03025178238749504,135,1.0350542399058731e-06
1752,0.9831736087799072,0.016826391220092773,1.2640292644500732,0.02929842099547386,135,1.0350542399058731e-06
1753,0.9845520257949829,0.01544797420501709,1.2515463829040527,0.027808958664536476,135,1.0350542399058731e-06
1754,0.983201265335083,0.016798734664916992,1.2944278717041016,0.029575027525424957,135,1.0350542399058731e-06
1755,0.9845892786979675,0.01541072130203247,1.2523382902145386,0.027779996395111084,136,9.833015279105794e-07
1756,0.9832735061645508,0.01672649383544922,1.2797751426696777,0.029356978833675385,136,9.833015279105794e-07
1757,0.9843865633010864,0.015613436698913574,1.2501550912857056,0.027958853170275688,136,9.833015279105794e-07
1758,0.9839408993721008,0.01605910062789917,1.2642600536346436,0.028541110455989838,136,9.833015279105794e-07
1759,0.9832916855812073,0.016708314418792725,1.2939577102661133,0.02948080748319626,136,9.833015279105794e-07
1760,0.9845036268234253,0.015496373176574707,1.24019455909729,0.027743354439735413,136,9.833015279105794e-07
1761,0.9828052520751953,0.017194747924804688,1.2749571800231934,0.02977237105369568,136,9.833015279105794e-07
1762,0.9824707508087158,0.01752924919128418,1.2726359367370605,0.030080316588282585,136,9.833015279105794e-07
1763,0.9825109243392944,0.017489075660705566,1.267710566520691,0.029991289600729942,136,9.833015279105794e-07
1764,0.9837762713432312,0.0162237286567688,1.265088438987732,0.028712376952171326,136,9.833015279105794e-07
1765,0.9836089015007019,0.016391098499298096,1.2397806644439697,0.028624992817640305,136,9.833015279105794e-07
1766,0.9830693602561951,0.01693063974380493,1.2645204067230225,0.029406536370515823,136,9.833015279105794e-07
1767,0.9813370108604431,0.018662989139556885,1.294508695602417,0.031421445310115814,136,9.833015279105794e-07
1768,0.9833520650863647,0.016647934913635254,1.2550418376922607,0.029031872749328613,137,9.341364515150503e-07
1769,0.9830511808395386,0.016948819160461426,1.2722365856170654,0.029501697048544884,137,9.341364515150503e-07
1770,0.9851844906806946,0.01481550931930542,1.230409860610962,0.026971451938152313,137,9.341364515150503e-07
1771,0.980539083480835,0.01946091651916504,1.2800856828689575,0.03206716477870941,137,9.341364515150503e-07
1772,0.9833973050117493,0.016602694988250732,1.2648770809173584,0.029085438698530197,137,9.341364515150503e-07
1773,0.9828608632087708,0.017139136791229248,1.3095524311065674,0.030063269659876823,137,9.341364515150503e-07
1774,0.9838911890983582,0.016108810901641846,1.2489428520202637,0.02843715250492096,137,9.341364515150503e-07
1775,0.9828388690948486,0.017161130905151367,1.2721717357635498,0.02971123717725277,137,9.341364515150503e-07
1776,0.9831380248069763,0.01686197519302368,1.275110125541687,0.029444456100463867,137,9.341364515150503e-07
1777,0.984140932559967,0.01585906744003296,1.2544147968292236,0.028244623914361,137,9.341364515150503e-07
1778,0.9850693345069885,0.014930665493011475,1.251795768737793,0.027299314737319946,137,9.341364515150503e-07
1779,0.9835257530212402,0.016474246978759766,1.2540640830993652,0.028850145637989044,137,9.341364515150503e-07
1780,0.9823607802391052,0.017639219760894775,1.2796319723129272,0.0302591472864151,137,9.341364515150503e-07
1781,0.9841166138648987,0.01588338613510132,1.2636258602142334,0.02836081013083458,138,8.874296289392978e-07
1782,0.9801334142684937,0.019866585731506348,1.2971127033233643,0.032639045268297195,138,8.874296289392978e-07
1783,0.9838930368423462,0.01610696315765381,1.2646675109863281,0.028592567890882492,138,8.874296289392978e-07
1784,0.9842746257781982,0.015725374221801758,1.2593988180160522,0.02816210873425007,138,8.874296289392978e-07
1785,0.9837795495986938,0.016220450401306152,1.2499990463256836,0.028558235615491867,138,8.874296289392978e-07
1786,0.98385089635849,0.01614910364151001,1.2622877359390259,0.028610490262508392,138,8.874296289392978e-07
1787,0.9834110736846924,0.016588926315307617,1.3155415058135986,0.029578451067209244,138,8.874296289392978e-07
1788,0.9837736487388611,0.016226351261138916,1.253113031387329,0.028595218434929848,138,8.874296289392978e-07
1789,0.9838692545890808,0.01613074541091919,1.2585707902908325,0.028555147349834442,138,8.874296289392978e-07
1790,0.984157145023346,0.015842854976654053,1.2338473796844482,0.028022900223731995,138,8.874296289392978e-07
1791,0.9838677644729614,0.016132235527038574,1.2349143028259277,0.028320055454969406,138,8.874296289392978e-07
1792,0.9816988110542297,0.018301188945770264,1.2789113521575928,0.030907290056347847,138,8.874296289392978e-07
1793,0.9824512600898743,0.017548739910125732,1.2757391929626465,0.030130643397569656,138,8.874296289392978e-07
1794,0.985296368598938,0.014703631401062012,1.260293960571289,0.02715953439474106,139,8.430581474923329e-07
1795,0.9824455976486206,0.017554402351379395,1.2656606435775757,0.030035465955734253,139,8.430581474923329e-07
1796,0.9845793843269348,0.015420615673065186,1.2445909976959229,0.027712319046258926,139,8.430581474923329e-07
1797,0.982072651386261,0.017927348613739014,1.27720046043396,0.030520077794790268,139,8.430581474923329e-07
1798,0.9817403554916382,0.018259644508361816,1.2967984676361084,0.031045030802488327,139,8.430581474923329e-07
1799,0.981289803981781,0.018710196018218994,1.2894402742385864,0.031417496502399445,139,8.430581474923329e-07
1800,0.983434796333313,0.01656520366668701,1.277985692024231,0.0291794091463089,139,8.430581474923329e-07
1801,0.9850176572799683,0.014982342720031738,1.2441167831420898,0.027273686602711678,139,8.430581474923329e-07
1802,0.9840437769889832,0.015956223011016846,1.2463984489440918,0.028260644525289536,139,8.430581474923329e-07
1803,0.9841544032096863,0.01584559679031372,1.2747197151184082,0.02843433804810047,139,8.430581474923329e-07
1804,0.9832916855812073,0.016708314418792725,1.2581415176391602,0.029122646898031235,139,8.430581474923329e-07
1805,0.9837923645973206,0.016207635402679443,1.2591159343719482,0.028636718168854713,139,8.430581474923329e-07
1806,0.98243248462677,0.01756751537322998,1.2437419891357422,0.02982925996184349,139,8.430581474923329e-07
1807,0.9831957817077637,0.016804218292236328,1.2579936981201172,0.029216112568974495,140,8.009052401177162e-07
1808,0.9822590947151184,0.017740905284881592,1.288582682609558,0.03044932335615158,140,8.009052401177162e-07
1809,0.9846014976501465,0.015398502349853516,1.2693555355072021,0.02793807163834572,140,8.009052401177162e-07
1810,0.9839845895767212,0.01601541042327881,1.2561640739440918,0.028416898101568222,140,8.009052401177162e-07
1811,0.9832402467727661,0.016759753227233887,1.277971625328064,0.029371872544288635,140,8.009052401177162e-07
1812,0.983405590057373,0.016594409942626953,1.2466055154800415,0.028894521296024323,140,8.009052401177162e-07
1813,0.9832073450088501,0.016792654991149902,1.2950581312179565,0.02957530878484249,140,8.009052401177162e-07
1814,0.9837010502815247,0.016298949718475342,1.2625352144241333,0.02876131236553192,140,8.009052401177162e-07
1815,0.9843518137931824,0.015648186206817627,1.2492091655731201,0.02798379585146904,140,8.009052401177162e-07
1816,0.9841261506080627,0.015873849391937256,1.2401312589645386,0.02811642363667488,140,8.009052401177162e-07
1817,0.9846018552780151,0.015398144721984863,1.2408753633499146,0.027652915567159653,140,8.009052401177162e-07
1818,0.9806913137435913,0.01930868625640869,1.2874003648757935,0.031989604234695435,140,8.009052401177162e-07
1819,0.9821157455444336,0.017884254455566406,1.2860604524612427,0.0305660180747509,140,8.009052401177162e-07
1820,0.9829481244087219,0.017051875591278076,1.2780258655548096,0.029661616310477257,141,7.608599781118303e-07
1821,0.9824653267860413,0.01753467321395874,1.2426059246063232,0.029785387217998505,141,7.608599781118303e-07
1822,0.9839975833892822,0.016002416610717773,1.2565077543258667,0.028407469391822815,141,7.608599781118303e-07
1823,0.9839509725570679,0.01604902744293213,1.2856056690216064,0.028744593262672424,141,7.608599781118303e-07
1824,0.981798529624939,0.018201470375061035,1.2948808670043945,0.030968263745307922,141,7.608599781118303e-07
1825,0.9840592741966248,0.015940725803375244,1.2420037984848022,0.028201356530189514,141,7.608599781118303e-07
1826,0.9828911423683167,0.01710885763168335,1.2807354927062988,0.02974512428045273,141,7.608599781118303e-07
1827,0.9824155569076538,0.01758444309234619,1.2955302000045776,0.03036389872431755,141,7.608599781118303e-07
1828,0.9848237037658691,0.01517629623413086,1.2522714138031006,0.02754724770784378,141,7.608599781118303e-07
1829,0.9835391640663147,0.016460835933685303,1.268117904663086,0.02897740714251995,141,7.608599781118303e-07
1830,0.9840229749679565,0.015977025032043457,1.2179956436157227,0.0279972106218338,141,7.608599781118303e-07
1831,0.9824709296226501,0.017529070377349854,1.2775957584381104,0.03012973815202713,141,7.608599781118303e-07
1832,0.9849118590354919,0.015088140964508057,1.2461594343185425,0.02739885449409485,141,7.608599781118303e-07
1833,0.9850590229034424,0.014940977096557617,1.2690668106079102,0.027482235804200172,142,7.228169792062388e-07
1834,0.9844212532043457,0.015578746795654297,1.2478928565979004,0.027901887893676758,142,7.228169792062388e-07
1835,0.983097493648529,0.016902506351470947,1.2842165231704712,0.029575645923614502,142,7.228169792062388e-07
1836,0.9818665981292725,0.01813340187072754,1.2836205959320068,0.030788272619247437,142,7.228169792062388e-07
1837,0.981505274772644,0.018494725227355957,1.2787120342254639,0.031096898019313812,142,7.228169792062388e-07
1838,0.9836952686309814,0.016304731369018555,1.2595500946044922,0.028737185522913933,142,7.228169792062388e-07
1839,0.9820964932441711,0.017903506755828857,1.284083604812622,0.030565306544303894,142,7.228169792062388e-07
1840,0.9844211935997009,0.015578806400299072,1.209223985671997,0.027515258640050888,142,7.228169792062388e-07
1841,0.9828734993934631,0.017126500606536865,1.2769391536712646,0.02972462773323059,142,7.228169792062388e-07
1842,0.9839290380477905,0.016070961952209473,1.2649199962615967,0.028559453785419464,142,7.228169792062388e-07
1843,0.9841541051864624,0.015845894813537598,1.2702170610427856,0.02838960662484169,142,7.228169792062388e-07
1844,0.9825580716133118,0.017441928386688232,1.269106149673462,0.029958568513393402,142,7.228169792062388e-07
1845,0.9844331741333008,0.015566825866699219,1.2406234741210938,0.027817392721772194,142,7.228169792062388e-07
1846,0.983537495136261,0.016462504863739014,1.2517163753509521,0.028815044090151787,143,6.866761302459269e-07
1847,0.9815701246261597,0.018429875373840332,1.2801859378814697,0.031047435477375984,143,6.866761302459269e-07
1848,0.9824309349060059,0.01756906509399414,1.2790807485580444,0.03018418326973915,143,6.866761302459269e-07
1849,0.9842268824577332,0.015773117542266846,1.2745919227600098,0.028361305594444275,143,6.866761302459269e-07
1850,0.984207808971405,0.01579219102859497,1.2137675285339355,0.02777194231748581,143,6.866761302459269e-07
1851,0.9830736517906189,0.016926348209381104,1.2758347988128662,0.029515432193875313,143,6.866761302459269e-07
1852,0.9835126996040344,0.016487300395965576,1.2702635526657104,0.029025062918663025,143,6.866761302459269e-07
1853,0.9842670559883118,0.015732944011688232,1.2819374799728394,0.028394989669322968,143,6.866761302459269e-07
1854,0.9853466153144836,0.014653384685516357,1.2550773620605469,0.027057625353336334,143,6.866761302459269e-07
1855,0.9821977615356445,0.01780223846435547,1.2693305015563965,0.03031752072274685,143,6.866761302459269e-07
1856,0.9831225275993347,0.016877472400665283,1.2579872608184814,0.02928857132792473,143,6.866761302459269e-07
1857,0.9843154549598694,0.015684545040130615,1.2587463855743408,0.028115164488554,143,6.866761302459269e-07
1858,0.9813986420631409,0.01860135793685913,1.278231143951416,0.03119765594601631,143,6.866761302459269e-07
1859,0.982642412185669,0.017357587814331055,1.281611680984497,0.030000127851963043,144,6.523423237336305e-07
1860,0.9836587905883789,0.016341209411621094,1.2350248098373413,0.02852804586291313,144,6.523423237336305e-07
1861,0.9833458662033081,0.016654133796691895,1.2636468410491943,0.0291240606456995,144,6.523423237336305e-07
1862,0.9841079115867615,0.015892088413238525,1.2772184610366821,0.0285053513944149,144,6.523423237336305e-07
1863,0.9847707748413086,0.015229225158691406,1.2531423568725586,0.02760835736989975,144,6.523423237336305e-07
1864,0.9830192923545837,0.01698070764541626,1.2556260824203491,0.02936716191470623,144,6.523423237336305e-07
1865,0.9831711649894714,0.016828835010528564,1.2675037384033203,0.029335584491491318,144,6.523423237336305e-07
1866,0.9838656187057495,0.01613438129425049,1.2639806270599365,0.02861284278333187,144,6.523423237336305e-07
1867,0.9825653433799744,0.017434656620025635,1.2806226015090942,0.030066534876823425,144,6.523423237336305e-07
1868,0.9849755167961121,0.01502448320388794,1.2236015796661377,0.027110254392027855,144,6.523423237336305e-07
1869,0.9821480512619019,0.017851948738098145,1.2709473371505737,0.030382901430130005,144,6.523423237336305e-07
1870,0.984366238117218,0.015633761882781982,1.279036045074463,0.028267785906791687,144,6.523423237336305e-07
1871,0.9802653789520264,0.019734621047973633,1.3064236640930176,0.03260151296854019,144,6.523423237336305e-07
1872,0.9853844046592712,0.01461559534072876,1.2469244003295898,0.026938684284687042,145,6.197252075469489e-07
1873,0.9810714721679688,0.01892852783203125,1.2904740571975708,0.031643982976675034,145,6.197252075469489e-07
1874,0.9823184013366699,0.017681598663330078,1.2760236263275146,0.030265018343925476,145,6.197252075469489e-07
1875,0.9846668243408203,0.015333175659179688,1.2574043273925781,0.027753885835409164,145,6.197252075469489e-07
1876,0.9841790795326233,0.01582092046737671,1.2684199810028076,0.028346911072731018,145,6.197252075469489e-07
1877,0.9821034669876099,0.017896533012390137,1.2789177894592285,0.030506744980812073,145,6.197252075469489e-07
1878,0.9828005433082581,0.017199456691741943,1.2607041597366333,0.02963450364768505,145,6.197252075469489e-07
1879,0.9825249314308167,0.01747506856918335,1.2690905332565308,0.02999122440814972,145,6.197252075469489e-07
1880,0.9838100075721741,0.016189992427825928,1.2381010055541992,0.02840910293161869,145,6.197252075469489e-07
1881,0.9840370416641235,0.015962958335876465,1.277829647064209,0.02858162671327591,145,6.197252075469489e-07
1882,0.983232855796814,0.016767144203186035,1.2763514518737793,0.029362987726926804,145,6.197252075469489e-07
1883,0.9851386547088623,0.014861345291137695,1.2261039018630981,0.026973770931363106,145,6.197252075469489e-07
1884,0.9820240139961243,0.017975986003875732,1.2948750257492065,0.030744975432753563,145,6.197252075469489e-07
1885,0.9825893640518188,0.017410635948181152,1.2764389514923096,0.030000917613506317,146,5.887389471696014e-07
1886,0.9826837182044983,0.01731628179550171,1.2684954404830933,0.02982807345688343,146,5.887389471696014e-07
1887,0.9838785529136658,0.01612144708633423,1.2704507112503052,0.028664739802479744,146,5.887389471696014e-07
1888,0.9818105101585388,0.01818948984146118,1.3123162984848022,0.031130757182836533,146,5.887389471696014e-07
1889,0.983939528465271,0.016060471534729004,1.2542110681533813,0.028441976755857468,146,5.887389471696014e-07
1890,0.9842228889465332,0.015777111053466797,1.231476902961731,0.027934107929468155,146,5.887389471696014e-07
1891,0.9841669797897339,0.015833020210266113,1.2572762966156006,0.028247453272342682,146,5.887389471696014e-07
1892,0.9836828708648682,0.016317129135131836,1.265573501586914,0.028809692710638046,146,5.887389471696014e-07
1893,0.9840877652168274,0.015912234783172607,1.259687900543213,0.028349991887807846,146,5.887389471696014e-07
1894,0.9838778972625732,0.016122102737426758,1.2498716115951538,0.028459597378969193,146,5.887389471696014e-07
1895,0.9817349314689636,0.018265068531036377,1.2725589275360107,0.03080800548195839,146,5.887389471696014e-07
1896,0.9831687808036804,0.01683121919631958,1.276227355003357,0.029425181448459625,146,5.887389471696014e-07
1897,0.9845292568206787,0.015470743179321289,1.2405632734298706,0.027721667662262917,146,5.887389471696014e-07
1898,0.9828445315361023,0.017155468463897705,1.263964295387268,0.02962355688214302,147,5.593019998111213e-07
1899,0.9834765195846558,0.01652348041534424,1.2560310363769531,0.02891855500638485,147,5.593019998111213e-07
1900,0.9829054474830627,0.017094552516937256,1.2808696031570435,0.029732301831245422,147,5.593019998111213e-07
1901,0.9834159016609192,0.01658409833908081,1.280407428741455,0.029222331941127777,147,5.593019998111213e-07
1902,0.984898567199707,0.015101432800292969,1.239121675491333,0.027341634035110474,147,5.593019998111213e-07
1903,0.9837653040885925,0.01623469591140747,1.2428061962127686,0.02850041165947914,147,5.593019998111213e-07
1904,0.9836841225624084,0.016315877437591553,1.2847411632537842,0.02900012955069542,147,5.593019998111213e-07
1905,0.9816044569015503,0.018395543098449707,1.2920693159103394,0.031132280826568604,147,5.593019998111213e-07
1906,0.982695996761322,0.01730400323867798,1.2635194063186646,0.029766157269477844,147,5.593019998111213e-07
1907,0.9841592907905579,0.01584070920944214,1.2399113178253174,0.028081415221095085,147,5.593019998111213e-07
1908,0.9840686321258545,0.015931367874145508,1.2542823553085327,0.028314877301454544,147,5.593019998111213e-07
1909,0.9836328029632568,0.016367197036743164,1.2779502868652344,0.02898302674293518,147,5.593019998111213e-07
1910,0.9827269315719604,0.01727306842803955,1.2767841815948486,0.029868178069591522,147,5.593019998111213e-07
1911,0.9837756156921387,0.016224384307861328,1.264726996421814,0.0287094097584486,148,5.313368998205652e-07
1912,0.9836281538009644,0.016371846199035645,1.2613959312438965,0.02882208675146103,148,5.313368998205652e-07
1913,0.9819968342781067,0.01800316572189331,1.283048391342163,0.030653618276119232,148,5.313368998205652e-07
1914,0.9831043481826782,0.016895651817321777,1.2537504434585571,0.02926420047879219,148,5.313368998205652e-07
1915,0.9832417368888855,0.016758263111114502,1.276106834411621,0.029351748526096344,148,5.313368998205652e-07
1916,0.9835299849510193,0.016470015048980713,1.2641346454620361,0.028946660459041595,148,5.313368998205652e-07
1917,0.9826624393463135,0.017337560653686523,1.2619311809539795,0.029783498495817184,148,5.313368998205652e-07
1918,0.9832018613815308,0.01679813861846924,1.257577657699585,0.029205933213233948,148,5.313368998205652e-07
1919,0.9832696914672852,0.016730308532714844,1.2801252603530884,0.02936425805091858,148,5.313368998205652e-07
1920,0.9848949909210205,0.015105009078979492,1.2211792469024658,0.02716575190424919,148,5.313368998205652e-07
1921,0.9846183061599731,0.015381693840026855,1.2998744249343872,0.028226621448993683,148,5.313368998205652e-07
1922,0.9836655259132385,0.016334474086761475,1.2434005737304688,0.028605135157704353,148,5.313368998205652e-07
1923,0.9823423027992249,0.017657697200775146,1.2831929922103882,0.030313050374388695,148,5.313368998205652e-07
1924,0.9840971827507019,0.015902817249298096,1.2540446519851685,0.028284234926104546,149,5.047700548295369e-07
1925,0.9840490221977234,0.01595097780227661,1.2602289915084839,0.028393756598234177,149,5.047700548295369e-07
1926,0.9828333258628845,0.01716667413711548,1.2755147218704224,0.029750153422355652,149,5.047700548295369e-07
1927,0.9832296967506409,0.01677030324935913,1.263733148574829,0.02923993021249771,149,5.047700548295369e-07
1928,0.9821804165840149,0.017819583415985107,1.2950981855392456,0.03059237077832222,149,5.047700548295369e-07
1929,0.9829138517379761,0.017086148262023926,1.2477328777313232,0.02939261496067047,149,5.047700548295369e-07
1930,0.9818778038024902,0.018122196197509766,1.2738556861877441,0.030679531395435333,149,5.047700548295369e-07
1931,0.984433650970459,0.015566349029541016,1.2432003021240234,0.0278426893055439,149,5.047700548295369e-07
1932,0.9841687083244324,0.015831291675567627,1.2429388761520386,0.028102366253733635,149,5.047700548295369e-07
1933,0.9840481281280518,0.015951871871948242,1.2584006786346436,0.02837635949254036,149,5.047700548295369e-07
1934,0.9832311272621155,0.01676887273788452,1.2935562133789062,0.029536746442317963,149,5.047700548295369e-07
1935,0.9844400882720947,0.015559911727905273,1.2756578922271729,0.02816089242696762,149,5.047700548295369e-07
1936,0.9822315573692322,0.017768442630767822,1.2585608959197998,0.03017636574804783,149,5.047700548295369e-07
1937,0.9834954738616943,0.016504526138305664,1.2580997943878174,0.028920479118824005,150,4.7953155208806e-07
1938,0.9842747449874878,0.015725255012512207,1.2553497552871704,0.028121501207351685,150,4.7953155208806e-07
1939,0.982284665107727,0.01771533489227295,1.27274751663208,0.030265657231211662,150,4.7953155208806e-07
1940,0.9830268025398254,0.01697319746017456,1.2740319967269897,0.029543785378336906,150,4.7953155208806e-07
1941,0.9809280037879944,0.019071996212005615,1.2943851947784424,0.03182512894272804,150,4.7953155208806e-07
1942,0.9846152067184448,0.015384793281555176,1.2659112215042114,0.027890056371688843,150,4.7953155208806e-07
1943,0.9835300445556641,0.016469955444335938,1.2607561349868774,0.028912818059325218,150,4.7953155208806e-07
1944,0.9839003682136536,0.016099631786346436,1.259959101676941,0.028538227081298828,150,4.7953155208806e-07
1945,0.9834809303283691,0.01651906967163086,1.292099952697754,0.029274877160787582,150,4.7953155208806e-07
1946,0.9841947555541992,0.01580524444580078,1.247519612312317,0.02812238782644272,150,4.7953155208806e-07
1947,0.9838332533836365,0.016166746616363525,1.2640655040740967,0.02864573523402214,150,4.7953155208806e-07
1948,0.9840993285179138,0.01590067148208618,1.2301139831542969,0.028042804449796677,150,4.7953155208806e-07
1949,0.9812739491462708,0.018726050853729248,1.271333932876587,0.03125213086605072,150,4.7953155208806e-07
1950,0.982158899307251,0.017841100692749023,1.2769081592559814,0.03043176978826523,151,4.55554974483657e-07
1951,0.9818062782287598,0.018193721771240234,1.290045142173767,0.030912235379219055,151,4.55554974483657e-07
1952,0.9830573201179504,0.01694267988204956,1.2656583786010742,0.029429838061332703,151,4.55554974483657e-07
1953,0.9842830300331116,0.015716969966888428,1.2578413486480713,0.028138212859630585,151,4.55554974483657e-07
1954,0.9822814464569092,0.01771855354309082,1.2805817127227783,0.030347183346748352,151,4.55554974483657e-07
1955,0.9840843677520752,0.015915632247924805,1.2621381282806396,0.02837785705924034,151,4.55554974483657e-07
1956,0.983758807182312,0.01624119281768799,1.2732785940170288,0.028811566531658173,151,4.55554974483657e-07
1957,0.9831860065460205,0.016813993453979492,1.2861257791519165,0.029507111757993698,151,4.55554974483657e-07
1958,0.9828789830207825,0.01712101697921753,1.2494151592254639,0.029443956911563873,151,4.55554974483657e-07
1959,0.9850064516067505,0.014993548393249512,1.2440943717956543,0.02728455513715744,151,4.55554974483657e-07
1960,0.9840648174285889,0.015935182571411133,1.2400258779525757,0.028176089748740196,151,4.55554974483657e-07
1961,0.9843925833702087,0.01560741662979126,1.2615478038787842,0.02806682139635086,151,4.55554974483657e-07
1962,0.9829769730567932,0.017023026943206787,1.258190631866455,0.029434703290462494,151,4.55554974483657e-07
1963,0.9837974905967712,0.01620250940322876,1.2590405941009521,0.02863088995218277,152,4.327772257594741e-07
1964,0.9826453328132629,0.01735466718673706,1.300430178642273,0.03018542192876339,152,4.327772257594741e-07
1965,0.9831025004386902,0.016897499561309814,1.2663679122924805,0.02939220331609249,152,4.327772257594741e-07
1966,0.9853798747062683,0.01462012529373169,1.2488908767700195,0.026962831616401672,152,4.327772257594741e-07
1967,0.9829582571983337,0.01704174280166626,1.256225347518921,0.02943357825279236,152,4.327772257594741e-07
1968,0.9849773645401001,0.015022635459899902,1.2593133449554443,0.027465542778372765,152,4.327772257594741e-07
1969,0.9822103381156921,0.01778966188430786,1.2789448499679565,0.030401214957237244,152,4.327772257594741e-07
1970,0.9833952784538269,0.016604721546173096,1.2557779550552368,0.028996452689170837,152,4.327772257594741e-07
1971,0.9838122725486755,0.016187727451324463,1.2712122201919556,0.028737973421812057,152,4.327772257594741e-07
1972,0.9824848175048828,0.017515182495117188,1.272717833518982,0.030067209154367447,152,4.327772257594741e-07
1973,0.9832892417907715,0.016710758209228516,1.2538467645645142,0.029082119464874268,152,4.327772257594741e-07
1974,0.9823469519615173,0.017653048038482666,1.275481104850769,0.030231328681111336,152,4.327772257594741e-07
1975,0.9836231470108032,0.016376852989196777,1.2405686378479004,0.028618771582841873,152,4.327772257594741e-07
1976,0.9817070960998535,0.018292903900146484,1.286310076713562,0.030973076820373535,153,4.111383644715004e-07
1977,0.9849032163619995,0.015096783638000488,1.245049238204956,0.02739630825817585,153,4.111383644715004e-07
1978,0.9829763770103455,0.01702362298965454,1.2673418521881104,0.029526803642511368,153,4.111383644715004e-07
1979,0.9815430641174316,0.01845693588256836,1.2997410297393799,0.031269777566194534,153,4.111383644715004e-07
1980,0.9833230376243591,0.01667696237564087,1.2819647789001465,0.02932984009385109,153,4.111383644715004e-07
1981,0.9829123020172119,0.017087697982788086,1.2704249620437622,0.029621070250868797,153,4.111383644715004e-07
1982,0.9832187294960022,0.016781270503997803,1.2701743841171265,0.029315199702978134,153,4.111383644715004e-07
1983,0.9840461015701294,0.015953898429870605,1.2429271936416626,0.028223630040884018,153,4.111383644715004e-07
1984,0.9824343323707581,0.017565667629241943,1.2772451639175415,0.03016246110200882,153,4.111383644715004e-07
1985,0.9845423698425293,0.015457630157470703,1.2551506757736206,0.02785455994307995,153,4.111383644715004e-07
1986,0.9842941164970398,0.015705883502960205,1.2398958206176758,0.02794778347015381,153,4.111383644715004e-07
1987,0.9842925071716309,0.01570749282836914,1.257017731666565,0.02812059596180916,153,4.111383644715004e-07
1988,0.9840964078903198,0.015903592109680176,1.2543320655822754,0.028287876397371292,153,4.111383644715004e-07
1989,0.9844098091125488,0.015590190887451172,1.2890695333480835,0.02832498401403427,154,3.905814462479254e-07
1990,0.984135091304779,0.015864908695220947,1.253902792930603,0.028245287016034126,154,3.905814462479254e-07
1991,0.984801709651947,0.015198290348052979,1.262931227684021,0.02767561934888363,154,3.905814462479254e-07
1992,0.9827008843421936,0.017299115657806396,1.2896595001220703,0.030022718012332916,154,3.905814462479254e-07
1993,0.983832597732544,0.016167402267456055,1.2376623153686523,0.028382351621985435,154,3.905814462479254e-07
1994,0.9809606671333313,0.0190393328666687,1.2666645050048828,0.03151558339595795,154,3.905814462479254e-07
1995,0.9817132353782654,0.01828676462173462,1.2717680931091309,0.030821578577160835,154,3.905814462479254e-07
1996,0.9827970862388611,0.017202913761138916,1.2687159776687622,0.02971804514527321,154,3.905814462479254e-07
1997,0.9845846891403198,0.015415310859680176,1.240062952041626,0.02766178734600544,154,3.905814462479254e-07
1998,0.9830396175384521,0.01696038246154785,1.26420259475708,0.029432805255055428,154,3.905814462479254e-07
1999,0.9844463467597961,0.015553653240203857,1.2587791681289673,0.027985908091068268,154,3.905814462479254e-07
2000,0.9823851585388184,0.01761484146118164,1.2863410711288452,0.030302103608846664,154,3.905814462479254e-07
2001,0.984423041343689,0.015576958656311035,1.2501866817474365,0.02792305499315262,154,3.905814462479254e-07
2002,0.9828812479972839,0.017118752002716064,1.2716197967529297,0.02966376021504402,155,3.710523739355291e-07
2003,0.9817426204681396,0.01825737953186035,1.2889766693115234,0.030964571982622147,155,3.710523739355291e-07
2004,0.9841810464859009,0.01581895351409912,1.2842192649841309,0.02850295603275299,155,3.710523739355291e-07
2005,0.9828291535377502,0.017170846462249756,1.269811749458313,0.029697256162762642,155,3.710523739355291e-07
2006,0.9847355484962463,0.015264451503753662,1.2362606525421143,0.027474412694573402,155,3.710523739355291e-07
2007,0.9819218516349792,0.018078148365020752,1.2730998992919922,0.030628366395831108,155,3.710523739355291e-07
2008,0.9847320914268494,0.015267908573150635,1.2496449947357178,0.027611680328845978,155,3.710523739355291e-07
2009,0.984551727771759,0.015448272228240967,1.2796378135681152,0.02809016779065132,155,3.710523739355291e-07
2010,0.9828345775604248,0.017165422439575195,1.2665622234344482,0.029659390449523926,155,3.710523739355291e-07
2011,0.9846410155296326,0.015358984470367432,1.256458044052124,0.02776997536420822,155,3.710523739355291e-07
2012,0.9825058579444885,0.017494142055511475,1.2509796619415283,0.02982899732887745,155,3.710523739355291e-07
2013,0.982482373714447,0.01751762628555298,1.2691410779953003,0.030033860355615616,155,3.710523739355291e-07
2014,0.9845455288887024,0.015454471111297607,1.2482268810272217,0.027782194316387177,155,3.710523739355291e-07
2015,0.9824509024620056,0.017549097537994385,1.3057076930999756,0.030430682003498077,156,3.524997552387526e-07
2016,0.9842284917831421,0.01577150821685791,1.2767877578735352,0.028381671756505966,156,3.524997552387526e-07
2017,0.9820834994316101,0.017916500568389893,1.2782098054885864,0.030519433319568634,156,3.524997552387526e-07
2018,0.9836612939834595,0.016338706016540527,1.2473613023757935,0.02864893153309822,156,3.524997552387526e-07
2019,0.9829403162002563,0.017059683799743652,1.2528057098388672,0.029417145997285843,156,3.524997552387526e-07
2020,0.9814497828483582,0.018550217151641846,1.2883660793304443,0.03124837577342987,156,3.524997552387526e-07
2021,0.9828100800514221,0.01718991994857788,1.2718137502670288,0.02973615750670433,156,3.524997552387526e-07
2022,0.9849886298179626,0.015011370182037354,1.2582422494888306,0.02744367904961109,156,3.524997552387526e-07
2023,0.9828127026557922,0.017187297344207764,1.2702457904815674,0.029717881232500076,156,3.524997552387526e-07
2024,0.9847525954246521,0.0152474045753479,1.2285535335540771,0.02738046646118164,156,3.524997552387526e-07
2025,0.9846195578575134,0.015380442142486572,1.2499245405197144,0.027725882828235626,156,3.524997552387526e-07
2026,0.9842339158058167,0.01576608419418335,1.2729167938232422,0.028337590396404266,156,3.524997552387526e-07
2027,0.9829082489013672,0.017091751098632812,1.2437078952789307,0.02935791201889515,156,3.524997552387526e-07
2028,0.9841355085372925,0.01586449146270752,1.252138376235962,0.028227228671312332,157,3.34874767476815e-07
2029,0.9843105673789978,0.015689432621002197,1.259820580482483,0.02813074365258217,157,3.34874767476815e-07
2030,0.9825417995452881,0.017458200454711914,1.277230143547058,0.030055919662117958,157,3.34874767476815e-07
2031,0.9817954897880554,0.01820451021194458,1.2808420658111572,0.030830886214971542,157,3.34874767476815e-07
2032,0.9834273457527161,0.016572654247283936,1.2780201435089111,0.029187127947807312,157,3.34874767476815e-07
2033,0.9849017262458801,0.015098273754119873,1.2404087781906128,0.02735137939453125,157,3.34874767476815e-07
2034,0.9827286601066589,0.017271339893341064,1.2703709602355957,0.029802335426211357,157,3.34874767476815e-07
2035,0.9839808940887451,0.016019105911254883,1.2510708570480347,0.02836962416768074,157,3.34874767476815e-07
2036,0.9833937883377075,0.01660621166229248,1.2328981161117554,0.028769129887223244,157,3.34874767476815e-07
2037,0.9825583100318909,0.01744168996810913,1.305535078048706,0.030322624370455742,157,3.34874767476815e-07
2038,0.9838120341300964,0.016187965869903564,1.2641451358795166,0.028667539358139038,157,3.34874767476815e-07
2039,0.9834641218185425,0.01653587818145752,1.2582957744598389,0.02895347774028778,157,3.34874767476815e-07
2040,0.9833299517631531,0.016670048236846924,1.2745087146759033,0.0292484350502491,157,3.34874767476815e-07
2041,0.9829052686691284,0.017094731330871582,1.2963955402374268,0.029887739568948746,158,3.181310291029742e-07
2042,0.983311653137207,0.01668834686279297,1.2693349123001099,0.02921481244266033,158,3.181310291029742e-07
2043,0.9843536615371704,0.01564633846282959,1.2615975141525269,0.028105851262807846,158,3.181310291029742e-07
2044,0.9852519035339355,0.014748096466064453,1.25724458694458,0.027173060923814774,158,3.181310291029742e-07
2045,0.9834760427474976,0.01652395725250244,1.2693290710449219,0.0290520079433918,158,3.181310291029742e-07
2046,0.9844079613685608,0.015592038631439209,1.2452874183654785,0.027888992801308632,158,3.181310291029742e-07
2047,0.9834260940551758,0.01657390594482422,1.2471400499343872,0.028879567980766296,158,3.181310291029742e-07
2048,0.9844620227813721,0.01553797721862793,1.2376314401626587,0.02775891125202179,158,3.181310291029742e-07
2049,0.9838969111442566,0.016103088855743408,1.2623717784881592,0.028565775603055954,158,3.181310291029742e-07
2050,0.9826446175575256,0.017355382442474365,1.27456533908844,0.029927480965852737,158,3.181310291029742e-07
2051,0.9822818636894226,0.017718136310577393,1.2720773220062256,0.030261728912591934,158,3.181310291029742e-07
2052,0.9814755916595459,0.0185244083404541,1.2870286703109741,0.031209450215101242,158,3.181310291029742e-07
2053,0.9815763831138611,0.018423616886138916,1.2740100622177124,0.03097948059439659,158,3.181310291029742e-07
2054,0.984268069267273,0.01573193073272705,1.2687820196151733,0.028262432664632797,159,3.0222447764782547e-07
2055,0.9847329258918762,0.01526707410812378,1.2620494365692139,0.027734898030757904,159,3.0222447764782547e-07
2056,0.9828200936317444,0.017179906368255615,1.2785621881484985,0.02979372814297676,159,3.0222447764782547e-07
2057,0.9844909906387329,0.01550900936126709,1.2561087608337402,0.02791500650346279,159,3.0222447764782547e-07
2058,0.9841194748878479,0.0158805251121521,1.230680227279663,0.028028521686792374,159,3.0222447764782547e-07
2059,0.9835726618766785,0.016427338123321533,1.2496787309646606,0.028759852051734924,159,3.0222447764782547e-07
2060,0.9833095669746399,0.016690433025360107,1.2600396871566772,0.029123924672603607,159,3.0222447764782547e-07
2061,0.9837356805801392,0.01626431941986084,1.2788798809051514,0.028890475630760193,159,3.0222447764782547e-07
2062,0.9820707440376282,0.017929255962371826,1.253830909729004,0.030288271605968475,159,3.0222447764782547e-07
2063,0.9818580150604248,0.018141984939575195,1.2903165817260742,0.030863730236887932,159,3.0222447764782547e-07
2064,0.9838451743125916,0.016154825687408447,1.255590796470642,0.028549186885356903,159,3.0222447764782547e-07
2065,0.9816539883613586,0.018346011638641357,1.2832797765731812,0.03099535033106804,159,3.0222447764782547e-07
2066,0.983879804611206,0.016120195388793945,1.2868555784225464,0.028827548027038574,159,3.0222447764782547e-07
2067,0.9839090704917908,0.01609092950820923,1.2553071975708008,0.028483092784881592,160,2.8711325376543416e-07
2068,0.9835116267204285,0.016488373279571533,1.2993239164352417,0.029316728934645653,160,2.8711325376543416e-07
2069,0.9837151169776917,0.01628488302230835,1.2661066055297852,0.028783099725842476,160,2.8711325376543416e-07
2070,0.9844372272491455,0.015562772750854492,1.237638235092163,0.027783527970314026,160,2.8711325376543416e-07
2071,0.9827514886856079,0.01724851131439209,1.2814867496490479,0.029890894889831543,160,2.8711325376543416e-07
2072,0.9828578233718872,0.017142176628112793,1.2641630172729492,0.029612384736537933,160,2.8711325376543416e-07
2073,0.9838574528694153,0.016142547130584717,1.2575799226760864,0.02855692058801651,160,2.8711325376543416e-07
2074,0.983639657497406,0.016360342502593994,1.2423474788665771,0.028620213270187378,160,2.8711325376543416e-07
2075,0.9835553169250488,0.016444683074951172,1.2585406303405762,0.028865642845630646,160,2.8711325376543416e-07
2076,0.9842681884765625,0.0157318115234375,1.2687708139419556,0.028262201696634293,160,2.8711325376543416e-07
2077,0.9844058156013489,0.015594184398651123,1.2666845321655273,0.02810508757829666,160,2.8711325376543416e-07
2078,0.9815014600753784,0.018498539924621582,1.2673391103744507,0.03098694607615471,160,2.8711325376543416e-07
2079,0.9811640381813049,0.01883596181869507,1.29051673412323,0.031552769243717194,160,2.8711325376543416e-07
2080,0.9839701652526855,0.016029834747314453,1.2926825284957886,0.02879636362195015,161,2.7275759107716244e-07
2081,0.983779788017273,0.01622021198272705,1.2462174892425537,0.028520183637738228,161,2.7275759107716244e-07
2082,0.984545886516571,0.015454113483428955,1.2391343116760254,0.027690915390849113,161,2.7275759107716244e-07
2083,0.9849020838737488,0.01509791612625122,1.2585783004760742,0.02753271907567978,161,2.7275759107716244e-07
2084,0.9829581379890442,0.01704186201095581,1.2628717422485352,0.029500160366296768,161,2.7275759107716244e-07
2085,0.983461856842041,0.016538143157958984,1.2465795278549194,0.02883855625987053,161,2.7275759107716244e-07
2086,0.9842878580093384,0.01571214199066162,1.2213759422302246,0.027768779546022415,161,2.7275759107716244e-07
2087,0.9830100536346436,0.016989946365356445,1.2686203718185425,0.029506251215934753,161,2.7275759107716244e-07
2088,0.9830591082572937,0.0169408917427063,1.2767131328582764,0.029538612812757492,161,2.7275759107716244e-07
2089,0.9824821352958679,0.01751786470413208,1.2703545093536377,0.030046232044696808,161,2.7275759107716244e-07
2090,0.9839507937431335,0.016049206256866455,1.284940481185913,0.028738118708133698,161,2.7275759107716244e-07
2091,0.9809298515319824,0.019070148468017578,1.3041282892227173,0.03192073106765747,161,2.7275759107716244e-07
2092,0.9825106263160706,0.017489373683929443,1.2792835235595703,0.030107315629720688,161,2.7275759107716244e-07
2093,0.9820881485939026,0.017911851406097412,1.2779934406280518,0.030512668192386627,162,2.591197115233043e-07
2094,0.9809139370918274,0.019086062908172607,1.296323299407959,0.03185843676328659,162,2.591197115233043e-07
2095,0.9844617247581482,0.015538275241851807,1.2812596559524536,0.028195489197969437,162,2.591197115233043e-07
2096,0.9846200346946716,0.01537996530532837,1.2291619777679443,0.027517784386873245,162,2.591197115233043e-07
2097,0.985022783279419,0.014977216720581055,1.2763670682907104,0.027591116726398468,162,2.591197115233043e-07
2098,0.9831714034080505,0.016828596591949463,1.2572994232177734,0.029233302921056747,162,2.591197115233043e-07
2099,0.9838700890541077,0.016129910945892334,1.2627828121185303,0.028596438467502594,162,2.591197115233043e-07
2100,0.982950747013092,0.01704925298690796,1.2547078132629395,0.029425838962197304,162,2.591197115233043e-07
2101,0.983936607837677,0.016063392162322998,1.2652391195297241,0.028555147349834442,162,2.591197115233043e-07
2102,0.9828842282295227,0.017115771770477295,1.2629039287567139,0.029573652893304825,162,2.591197115233043e-07
2103,0.985247015953064,0.014752984046936035,1.2489678859710693,0.02709513157606125,162,2.591197115233043e-07
2104,0.9819952845573425,0.01800471544265747,1.2498091459274292,0.030322760343551636,162,2.591197115233043e-07
2105,0.9813104271888733,0.01868957281112671,1.292091965675354,0.031423598527908325,162,2.591197115233043e-07
2106,0.9820095896720886,0.017990410327911377,1.2846969366073608,0.03065747581422329,163,2.4616372594713905e-07
2107,0.9826823472976685,0.017317652702331543,1.2570072412490845,0.029714548960328102,163,2.4616372594713905e-07
2108,0.9839978814125061,0.016002118587493896,1.269436001777649,0.02853645756840706,163,2.4616372594713905e-07
2109,0.9840256571769714,0.015974342823028564,1.264652132987976,0.028461121022701263,163,2.4616372594713905e-07
2110,0.9839970469474792,0.016002953052520752,1.2429890632629395,0.02827281504869461,163,2.4616372594713905e-07
2111,0.9849735498428345,0.015026450157165527,1.2699635028839111,0.027575820684432983,163,2.4616372594713905e-07
2112,0.9840010404586792,0.0159989595413208,1.2438404560089111,0.028277374804019928,163,2.4616372594713905e-07
2113,0.9827396869659424,0.017260313034057617,1.253766417503357,0.02962537296116352,163,2.4616372594713905e-07
2114,0.9796872138977051,0.020312786102294922,1.3074263334274292,0.03318392112851143,163,2.4616372594713905e-07
2115,0.9844757914543152,0.015524208545684814,1.2668251991271973,0.028037218376994133,163,2.4616372594713905e-07
2116,0.9826865792274475,0.01731342077255249,1.2521545886993408,0.02966183051466942,163,2.4616372594713905e-07
2117,0.9840410351753235,0.015958964824676514,1.269829511642456,0.028497669845819473,163,2.4616372594713905e-07
2118,0.9848909378051758,0.015109062194824219,1.262980341911316,0.027587775141000748,163,2.4616372594713905e-07
2119,0.9853044748306274,0.014695525169372559,1.257976770401001,0.02712833695113659,164,2.3385553964978208e-07
2120,0.9844673275947571,0.01553267240524292,1.255202293395996,0.02792936936020851,164,2.3385553964978208e-07
2121,0.9820029139518738,0.01799708604812622,1.2667855024337769,0.030484970659017563,164,2.3385553964978208e-07
2122,0.9836060404777527,0.016393959522247314,1.251021385192871,0.028740234673023224,164,2.3385553964978208e-07
2123,0.9842614531517029,0.01573854684829712,1.2758253812789917,0.028339415788650513,164,2.3385553964978208e-07
2124,0.9819561839103699,0.018043816089630127,1.288978099822998,0.030753158032894135,164,2.3385553964978208e-07
2125,0.9827641844749451,0.01723581552505493,1.2641515731811523,0.029704973101615906,164,2.3385553964978208e-07
2126,0.9848869442939758,0.01511305570602417,1.257561445236206,0.02753753960132599,164,2.3385553964978208e-07
2127,0.9821417331695557,0.017858266830444336,1.2700093984603882,0.030379777774214745,164,2.3385553964978208e-07
2128,0.9843610525131226,0.01563894748687744,1.2482786178588867,0.027965344488620758,164,2.3385553964978208e-07
2129,0.9822614789009094,0.017738521099090576,1.2699754238128662,0.03026089072227478,164,2.3385553964978208e-07
2130,0.9822171330451965,0.017782866954803467,1.3073225021362305,0.030678262934088707,164,2.3385553964978208e-07
2131,0.9838875532150269,0.016112446784973145,1.2307312488555908,0.028258634731173515,164,2.3385553964978208e-07
2132,0.9819802641868591,0.01801973581314087,1.285487413406372,0.03069441206753254,165,2.2216276266729297e-07
2133,0.983293354511261,0.016706645488739014,1.2816396951675415,0.0293559767305851,165,2.2216276266729297e-07
2134,0.9830660223960876,0.016933977603912354,1.2465447187423706,0.029230084270238876,165,2.2216276266729297e-07
2135,0.9829795956611633,0.01702040433883667,1.2613691091537476,0.029463890939950943,165,2.2216276266729297e-07
2136,0.9825930595397949,0.017406940460205078,1.245696783065796,0.029689837247133255,165,2.2216276266729297e-07
2137,0.9834631681442261,0.016536831855773926,1.2869230508804321,0.029240693897008896,165,2.2216276266729297e-07
2138,0.985228419303894,0.014771580696105957,1.2409650087356567,0.02703351527452469,165,2.2216276266729297e-07
2139,0.9847738146781921,0.015226185321807861,1.2565158605575562,0.027639081701636314,165,2.2216276266729297e-07
2140,0.9830328226089478,0.016967177391052246,1.2797784805297852,0.02959528937935829,165,2.2216276266729297e-07
2141,0.9841155409812927,0.015884459018707275,1.2859948873519897,0.028585564345121384,165,2.2216276266729297e-07
2142,0.9830189347267151,0.016981065273284912,1.262264609336853,0.029433902353048325,165,2.2216276266729297e-07
2143,0.9829668998718262,0.017033100128173828,1.2707935571670532,0.029570704326033592,165,2.2216276266729297e-07
2144,0.9827782511711121,0.01722174882888794,1.2154618501663208,0.029204150661826134,165,2.2216276266729297e-07
2145,0.984574019908905,0.01542598009109497,1.2598795890808105,0.02787051722407341,166,2.110546245339283e-07
2146,0.9824807047843933,0.01751929521560669,1.2802451848983765,0.030146554112434387,166,2.110546245339283e-07
2147,0.9825276136398315,0.017472386360168457,1.2903194427490234,0.030200857669115067,166,2.110546245339283e-07
2148,0.9846001267433167,0.01539987325668335,1.2392865419387817,0.027638740837574005,166,2.110546245339283e-07
2149,0.9845707416534424,0.015429258346557617,1.2521898746490479,0.02779686450958252,166,2.110546245339283e-07
2150,0.9838210940361023,0.016178905963897705,1.2391573190689087,0.02840868942439556,166,2.110546245339283e-07
2151,0.983215868473053,0.01678413152694702,1.2951304912567139,0.029567595571279526,166,2.110546245339283e-07
2152,0.9839857816696167,0.0160142183303833,1.2254054546356201,0.028108131140470505,166,2.110546245339283e-07
2153,0.9830686450004578,0.016931354999542236,1.2898403406143188,0.02966044470667839,166,2.110546245339283e-07
2154,0.982850193977356,0.017149806022644043,1.2640087604522705,0.0296183954924345,166,2.110546245339283e-07
2155,0.9829826951026917,0.01701730489730835,1.2803199291229248,0.029650330543518066,166,2.110546245339283e-07
2156,0.9827460050582886,0.017253994941711426,1.2657943964004517,0.029739398509263992,166,2.110546245339283e-07
2157,0.9826996922492981,0.017300307750701904,1.2674286365509033,0.029801592230796814,166,2.110546245339283e-07
2158,0.9827252626419067,0.01727473735809326,1.2680299282073975,0.029782287776470184,167,2.0050189330723186e-07
2159,0.9822714924812317,0.01772850751876831,1.2830467224121094,0.030381690710783005,167,2.0050189330723186e-07
2160,0.9844821095466614,0.015517890453338623,1.2598620653152466,0.027961332350969315,167,2.0050189330723186e-07
2161,0.9833564162254333,0.01664358377456665,1.2749216556549072,0.02922636643052101,167,2.0050189330723186e-07
2162,0.9819744229316711,0.018025577068328857,1.2719520330429077,0.030564840883016586,167,2.0050189330723186e-07
2163,0.9842520356178284,0.01574796438217163,1.250110149383545,0.028091587126255035,167,2.0050189330723186e-07
2164,0.984879195690155,0.01512080430984497,1.2422938346862793,0.027392534539103508,167,2.0050189330723186e-07
2165,0.98455411195755,0.015445888042449951,1.2548580169677734,0.027840008959174156,167,2.0050189330723186e-07
2166,0.9837548732757568,0.016245126724243164,1.2597849369049072,0.028680525720119476,167,2.0050189330723186e-07
2167,0.9829140305519104,0.0170859694480896,1.2704073190689087,0.029619181528687477,167,2.0050189330723186e-07
2168,0.9807361364364624,0.019263863563537598,1.2959024906158447,0.03203025087714195,167,2.0050189330723186e-07
2169,0.9850088953971863,0.01499110460281372,1.2491645812988281,0.027332838624715805,167,2.0050189330723186e-07
2170,0.9824614524841309,0.01753854751586914,1.2679076194763184,0.030042238533496857,167,2.0050189330723186e-07
2171,0.9819523692131042,0.018047630786895752,1.2682738304138184,0.030549893155694008,168,1.9047679864187027e-07
2172,0.9826923608779907,0.017307639122009277,1.2652407884597778,0.02978697046637535,168,1.9047679864187027e-07
2173,0.9834030270576477,0.016596972942352295,1.2859272956848145,0.029290277510881424,168,1.9047679864187027e-07
2174,0.9843478798866272,0.015652120113372803,1.2317932844161987,0.027813531458377838,168,1.9047679864187027e-07
2175,0.9843806624412537,0.015619337558746338,1.258015751838684,0.02804330177605152,168,1.9047679864187027e-07
2176,0.9844290614128113,0.01557093858718872,1.2650519609451294,0.028065748512744904,168,1.9047679864187027e-07
2177,0.9837316870689392,0.01626831293106079,1.2645087242126465,0.028750717639923096,168,1.9047679864187027e-07
2178,0.9840491414070129,0.01595085859298706,1.267993688583374,0.028471287339925766,168,1.9047679864187027e-07
2179,0.983008623123169,0.016991376876831055,1.2714076042175293,0.02953553944826126,168,1.9047679864187027e-07
2180,0.9833892583847046,0.01661074161529541,1.2573515176773071,0.02901814877986908,168,1.9047679864187027e-07
2181,0.9823153614997864,0.017684638500213623,1.2834182977676392,0.030341975390911102,168,1.9047679864187027e-07
2182,0.9842455983161926,0.015754401683807373,1.268510103225708,0.028281958773732185,168,1.9047679864187027e-07
2183,0.9811463952064514,0.018853604793548584,1.250119924545288,0.03116626851260662,168,1.9047679864187027e-07
2184,0.9827334880828857,0.017266511917114258,1.2846180200576782,0.029940027743577957,169,1.8095295870977674e-07
2185,0.982999861240387,0.017000138759613037,1.2730399370193481,0.02956053614616394,169,1.8095295870977674e-07
2186,0.9829148650169373,0.017085134983062744,1.2704362869262695,0.029618646949529648,169,1.8095295870977674e-07
2187,0.9827874898910522,0.017212510108947754,1.2739745378494263,0.029780130833387375,169,1.8095295870977674e-07
2188,0.9832185506820679,0.01678144931793213,1.294118881225586,0.0295548215508461,169,1.8095295870977674e-07
2189,0.9832760691642761,0.016723930835723877,1.2471638917922974,0.029028329998254776,169,1.8095295870977674e-07
2190,0.9843641519546509,0.01563584804534912,1.2838151454925537,0.028317641466856003,169,1.8095295870977674e-07
2191,0.9845066070556641,0.015493392944335938,1.240920901298523,0.02774766832590103,169,1.8095295870977674e-07
2192,0.9841789603233337,0.01582103967666626,1.2707533836364746,0.028370363637804985,169,1.8095295870977674e-07
2193,0.9844050407409668,0.015594959259033203,1.2374569177627563,0.027813579887151718,169,1.8095295870977674e-07
2194,0.9840974807739258,0.01590251922607422,1.2205588817596436,0.027949083596467972,169,1.8095295870977674e-07
2195,0.9828404784202576,0.01715952157974243,1.2797571420669556,0.02978549897670746,169,1.8095295870977674e-07
2196,0.9809655547142029,0.01903444528579712,1.2733056545257568,0.031577158719301224,169,1.8095295870977674e-07
2197,0.9842196702957153,0.015780329704284668,1.2788851261138916,0.0284113772213459,170,1.719053107742879e-07
2198,0.9828892350196838,0.017110764980316162,1.2671689987182617,0.029611345380544662,170,1.719053107742879e-07
2199,0.985119104385376,0.014880895614624023,1.2528667449951172,0.027260754257440567,170,1.719053107742879e-07
2200,0.9834578037261963,0.01654219627380371,1.2431904077529907,0.028808679431676865,170,1.719053107742879e-07
2201,0.9830212593078613,0.016978740692138672,1.2619153261184692,0.029428105801343918,170,1.719053107742879e-07
2202,0.9839791655540466,0.01602083444595337,1.250801682472229,0.028368642553687096,170,1.719053107742879e-07
2203,0.9831959009170532,0.016804099082946777,1.2827956676483154,0.029464013874530792,170,1.719053107742879e-07
2204,0.9836524128913879,0.01634758710861206,1.2631525993347168,0.02881563827395439,170,1.719053107742879e-07
2205,0.982084333896637,0.017915666103363037,1.2811901569366455,0.03054841049015522,170,1.719053107742879e-07
2206,0.982470691204071,0.017529308795928955,1.2678176164627075,0.030032191425561905,170,1.719053107742879e-07
2207,0.9819921255111694,0.018007874488830566,1.3052879571914673,0.030880674719810486,170,1.719053107742879e-07
2208,0.9851943254470825,0.01480567455291748,1.2305004596710205,0.02696262300014496,170,1.719053107742879e-07
2209,0.9825751781463623,0.017424821853637695,1.2693780660629272,0.02994435280561447,170,1.719053107742879e-07
2210,0.9842053651809692,0.01579463481903076,1.2449288368225098,0.028085976839065552,171,1.633100452355735e-07
2211,0.9815472960472107,0.018452703952789307,1.2696423530578613,0.030964601784944534,171,1.633100452355735e-07
2212,0.9817404747009277,0.018259525299072266,1.2866665124893188,0.030943594872951508,171,1.633100452355735e-07
2213,0.9846816062927246,0.01531839370727539,1.2548117637634277,0.02771332673728466,171,1.633100452355735e-07
2214,0.9829004406929016,0.01709955930709839,1.2631573677062988,0.029560137540102005,171,1.633100452355735e-07
2215,0.9848914742469788,0.01510852575302124,1.229408621788025,0.027251526713371277,171,1.633100452355735e-07
2216,0.9848216772079468,0.015178322792053223,1.2820039987564087,0.027846578508615494,171,1.633100452355735e-07
2217,0.9827947616577148,0.017205238342285156,1.286260962486267,0.02989579550921917,171,1.633100452355735e-07
2218,0.9835468530654907,0.016453146934509277,1.2600151300430298,0.0288887657225132,171,1.633100452355735e-07
2219,0.9844887256622314,0.015511274337768555,1.2564411163330078,0.027920572087168694,171,1.633100452355735e-07
2220,0.9839870929718018,0.016012907028198242,1.2603678703308105,0.02845645695924759,171,1.633100452355735e-07
2221,0.9820443987846375,0.01795560121536255,1.2858619689941406,0.030634663999080658,171,1.633100452355735e-07
2222,0.9815804958343506,0.018419504165649414,1.2740849256515503,0.030976157635450363,171,1.633100452355735e-07
2223,0.9831564426422119,0.016843557357788086,1.2928330898284912,0.02960345149040222,172,1.5514454297379483e-07
2224,0.984383761882782,0.015616238117218018,1.285887360572815,0.028318949043750763,172,1.5514454297379483e-07
2225,0.9815142750740051,0.018485724925994873,1.2787355184555054,0.031088223680853844,172,1.5514454297379483e-07
2226,0.9836743474006653,0.016325652599334717,1.2509148120880127,0.028671544045209885,172,1.5514454297379483e-07
2227,0.9832260012626648,0.016773998737335205,1.269368290901184,0.029299940913915634,172,1.5514454297379483e-07
2228,0.9825945496559143,0.017405450344085693,1.2720811367034912,0.02995220571756363,172,1.5514454297379483e-07
2229,0.9828988313674927,0.017101168632507324,1.2807328701019287,0.029737485572695732,172,1.5514454297379483e-07
2230,0.9825621843338013,0.01743781566619873,1.266469955444336,0.029928136616945267,172,1.5514454297379483e-07
2231,0.9846653938293457,0.015334606170654297,1.244185447692871,0.027623113244771957,172,1.5514454297379483e-07
2232,0.9834054708480835,0.016594529151916504,1.256272315979004,0.02899130806326866,172,1.5514454297379483e-07
2233,0.9842790365219116,0.01572096347808838,1.2553519010543823,0.02811727300286293,172,1.5514454297379483e-07
2234,0.9838129878044128,0.016187012195587158,1.2500710487365723,0.028525851666927338,172,1.5514454297379483e-07
2235,0.9844158291816711,0.015584170818328857,1.2377516031265259,0.027805844321846962,172,1.5514454297379483e-07
2236,0.9827163219451904,0.01728367805480957,1.3003120422363281,0.030113961547613144,173,1.473873158251051e-07
2237,0.9839683175086975,0.01603168249130249,1.2785894870758057,0.02865726128220558,173,1.473873158251051e-07
2238,0.9849706888198853,0.015029311180114746,1.2591221332550049,0.027470238506793976,173,1.473873158251051e-07
2239,0.9831105470657349,0.016889452934265137,1.2696146965026855,0.029416706413030624,173,1.473873158251051e-07
2240,0.9832735657691956,0.016726434230804443,1.2707970142364502,0.029267139732837677,173,1.473873158251051e-07
2241,0.981320858001709,0.018679141998291016,1.3018041849136353,0.03151039034128189,173,1.473873158251051e-07
2242,0.9837446808815002,0.016255319118499756,1.2540524005889893,0.02863328903913498,173,1.473873158251051e-07
2243,0.9847522974014282,0.015247702598571777,1.2364277839660645,0.02745950222015381,173,1.473873158251051e-07
2244,0.9844086170196533,0.01559138298034668,1.2530231475830078,0.02796570025384426,173,1.473873158251051e-07
2245,0.9831065535545349,0.016893446445465088,1.2522722482681274,0.029247235506772995,173,1.473873158251051e-07
2246,0.9821559190750122,0.017844080924987793,1.2561860084533691,0.030227499082684517,173,1.473873158251051e-07
2247,0.9820556044578552,0.017944395542144775,1.267264485359192,0.030437596142292023,173,1.473873158251051e-07
2248,0.9851282238960266,0.014871776103973389,1.2380834817886353,0.02710389345884323,173,1.473873158251051e-07
2249,0.9841430187225342,0.01585698127746582,1.26242995262146,0.02832271158695221,174,1.4001795003384983e-07
2250,0.9836124777793884,0.016387522220611572,1.2627441883087158,0.028851088136434555,174,1.4001795003384983e-07
2251,0.9812386631965637,0.01876133680343628,1.2865846157073975,0.03143956884741783,174,1.4001795003384983e-07
2252,0.9836142063140869,0.016385793685913086,1.23073148727417,0.028529250994324684,174,1.4001795003384983e-07
2253,0.984169065952301,0.015830934047698975,1.2656704187393188,0.028329327702522278,174,1.4001795003384983e-07
2254,0.9834686517715454,0.01653134822845459,1.2757799625396729,0.029123835265636444,174,1.4001795003384983e-07
2255,0.983562171459198,0.016437828540802002,1.2557851076126099,0.028831301257014275,174,1.4001795003384983e-07
2256,0.9826053977012634,0.017394602298736572,1.28770911693573,0.030097749084234238,174,1.4001795003384983e-07
2257,0.9829128980636597,0.017087101936340332,1.2899028062820435,0.02981525845825672,174,1.4001795003384983e-07
2258,0.9829179644584656,0.017082035541534424,1.2712987661361694,0.029624203220009804,174,1.4001795003384983e-07
2259,0.9830698370933533,0.01693016290664673,1.285930871963501,0.02962017059326172,174,1.4001795003384983e-07
2260,0.9851945042610168,0.014805495738983154,1.2387936115264893,0.02704537659883499,174,1.4001795003384983e-07
2261,0.9839718341827393,0.016028165817260742,1.2233810424804688,0.028101695701479912,174,1.4001795003384983e-07
2262,0.982664942741394,0.017335057258605957,1.268784761428833,0.029849553480744362,175,1.3301705253215733e-07
2263,0.9841784834861755,0.015821516513824463,1.2886751890182495,0.028550053015351295,175,1.3301705253215733e-07
2264,0.9820545315742493,0.017945468425750732,1.2860839366912842,0.030626852065324783,175,1.3301705253215733e-07
2265,0.9839912056922913,0.01600879430770874,1.2357147932052612,0.028205854818224907,175,1.3301705253215733e-07
2266,0.9842389822006226,0.01576101779937744,1.221818208694458,0.02782158926129341,175,1.3301705253215733e-07
2267,0.9849550724029541,0.015044927597045898,1.2381727695465088,0.027276206761598587,175,1.3301705253215733e-07
2268,0.9843815565109253,0.015618443489074707,1.258013367652893,0.028042390942573547,175,1.3301705253215733e-07
2269,0.9805715084075928,0.019428491592407227,1.2904386520385742,0.03213859349489212,175,1.3301705253215733e-07
2270,0.9831681847572327,0.016831815242767334,1.2821170091629028,0.029484666883945465,175,1.3301705253215733e-07
2271,0.9836735129356384,0.016326487064361572,1.2553818225860596,0.028717041015625,175,1.3301705253215733e-07
2272,0.9824745655059814,0.017525434494018555,1.282352328300476,0.030173704028129578,175,1.3301705253215733e-07
2273,0.9835745692253113,0.01642543077468872,1.2691086530685425,0.028952263295650482,175,1.3301705253215733e-07
2274,0.9842246174812317,0.01577538251876831,1.2826513051986694,0.028444141149520874,175,1.3301705253215733e-07
2275,0.9839192032814026,0.016080796718597412,1.2682533264160156,0.028602521866559982,176,1.2636619990554947e-07
2276,0.9848245978355408,0.015175402164459229,1.2294965982437134,0.027318615466356277,176,1.2636619990554947e-07
2277,0.983464777469635,0.01653522253036499,1.246639370918274,0.028836263343691826,176,1.2636619990554947e-07
2278,0.9845846891403198,0.015415310859680176,1.2551660537719727,0.027812819927930832,176,1.2636619990554947e-07
2279,0.984632134437561,0.015367865562438965,1.2538740634918213,0.02775292843580246,176,1.2636619990554947e-07
2280,0.983827531337738,0.016172468662261963,1.2756004333496094,0.028766747564077377,176,1.2636619990554947e-07
2281,0.9827072024345398,0.017292797565460205,1.2649433612823486,0.029769303277134895,176,1.2636619990554947e-07
2282,0.9826891422271729,0.01731085777282715,1.2520825862884521,0.029658574610948563,176,1.2636619990554947e-07
2283,0.9816883206367493,0.018311679363250732,1.2734901905059814,0.030863463878631592,176,1.2636619990554947e-07
2284,0.9823622107505798,0.017637789249420166,1.2770802974700928,0.03023221343755722,176,1.2636619990554947e-07
2285,0.9832296967506409,0.01677030324935913,1.2886347770690918,0.029488947242498398,176,1.2636619990554947e-07
2286,0.981801450252533,0.01819854974746704,1.2734534740447998,0.030751097947359085,176,1.2636619990554947e-07
2287,0.9843443632125854,0.01565563678741455,1.294608473777771,0.02844516560435295,176,1.2636619990554947e-07
2288,0.982986569404602,0.01701343059539795,1.2749086618423462,0.02959238365292549,177,1.20047889910272e-07
2289,0.9834210872650146,0.01657891273498535,1.2351889610290527,0.028765013441443443,177,1.20047889910272e-07
2290,0.9822424650192261,0.017757534980773926,1.2974827289581299,0.030554786324501038,177,1.20047889910272e-07
2291,0.9836108088493347,0.016389191150665283,1.2694733142852783,0.02892003208398819,177,1.20047889910272e-07
2292,0.9837123155593872,0.016287684440612793,1.2322824001312256,0.028447631746530533,177,1.20047889910272e-07
2293,0.9834702610969543,0.016529738903045654,1.2665953636169434,0.029030395671725273,177,1.20047889910272e-07
2294,0.9832285046577454,0.01677149534225464,1.2846451997756958,0.029450232163071632,177,1.20047889910272e-07
2295,0.983104944229126,0.016895055770874023,1.2640634775161743,0.029366739094257355,177,1.20047889910272e-07
2296,0.9851469993591309,0.01485300064086914,1.2496559619903564,0.027201030403375626,177,1.20047889910272e-07
2297,0.9814215302467346,0.01857846975326538,1.2806328535079956,0.0311990138143301,177,1.20047889910272e-07
2298,0.9854462146759033,0.01455378532409668,1.272152066230774,0.0271297674626112,177,1.20047889910272e-07
2299,0.9828121662139893,0.017187833786010742,1.2649734020233154,0.029665689915418625,177,1.20047889910272e-07
2300,0.9839315414428711,0.016068458557128906,1.251105546951294,0.028418827801942825,177,1.20047889910272e-07
2301,0.9819071888923645,0.018092811107635498,1.2785396575927734,0.030697278678417206,178,1.1404549541475839e-07
2302,0.9829694628715515,0.017030537128448486,1.2704726457595825,0.029564958065748215,178,1.1404549541475839e-07
2303,0.9847169518470764,0.015283048152923584,1.2489445209503174,0.02761966362595558,178,1.1404549541475839e-07
2304,0.9822002053260803,0.017799794673919678,1.2810850143432617,0.030432645231485367,178,1.1404549541475839e-07
2305,0.9837162494659424,0.016283750534057617,1.2355473041534424,0.02847638539969921,178,1.1404549541475839e-07
2306,0.9833263158798218,0.016673684120178223,1.269957184791565,0.029206518083810806,178,1.1404549541475839e-07
2307,0.9852017760276794,0.014798223972320557,1.2465111017227173,0.0271153524518013,178,1.1404549541475839e-07
2308,0.9844934344291687,0.015506565570831299,1.250564455986023,0.027857143431901932,178,1.1404549541475839e-07
2309,0.9839579463005066,0.016042053699493408,1.279123306274414,0.02867286652326584,178,1.1404549541475839e-07
2310,0.98204505443573,0.01795494556427002,1.2858364582061768,0.03063376061618328,178,1.1404549541475839e-07
2311,0.9826691746711731,0.017330825328826904,1.2843329906463623,0.030000846832990646,178,1.1404549541475839e-07
2312,0.9830714464187622,0.016928553581237793,1.279723882675171,0.029556507244706154,178,1.1404549541475839e-07
2313,0.9841358661651611,0.015864133834838867,1.2276551723480225,0.027982044965028763,178,1.1404549541475839e-07
2314,0.9830626249313354,0.01693737506866455,1.2656285762786865,0.029424287378787994,179,1.0834322064402047e-07
2315,0.9847567677497864,0.015243232250213623,1.2366440296173096,0.027457240968942642,179,1.0834322064402047e-07
2316,0.984100341796875,0.015899658203125,1.2634611129760742,0.02837527170777321,179,1.0834322064402047e-07
2317,0.9825760722160339,0.017423927783966064,1.2510690689086914,0.02976037934422493,179,1.0834322064402047e-07
2318,0.9835907220840454,0.01640927791595459,1.2466434240341187,0.02871161885559559,179,1.0834322064402047e-07
2319,0.9807725548744202,0.019227445125579834,1.303296446800232,0.03206813707947731,179,1.0834322064402047e-07
2320,0.9840442538261414,0.015955746173858643,1.269110918045044,0.028487296774983406,179,1.0834322064402047e-07
2321,0.982688307762146,0.017311692237854004,1.2761034965515137,0.029899612069129944,179,1.0834322064402047e-07
2322,0.9845335483551025,0.015466451644897461,1.2282443046569824,0.027594231069087982,179,1.0834322064402047e-07
2323,0.9834244251251221,0.01657557487487793,1.2724908590316772,0.029134728014469147,179,1.0834322064402047e-07
2324,0.9825555682182312,0.0174444317817688,1.301434874534607,0.03028433583676815,179,1.0834322064402047e-07
2325,0.9843684434890747,0.015631556510925293,1.2595579624176025,0.02807082049548626,179,1.0834322064402047e-07
2326,0.9838006496429443,0.016199350357055664,1.2700599431991577,0.028737954795360565,179,1.0834322064402047e-07
2327,0.9828898310661316,0.017110168933868408,1.2671401500701904,0.029610469937324524,180,1.0292605961181944e-07
2328,0.9830828905105591,0.016917109489440918,1.2645418643951416,0.029393356293439865,180,1.0292605961181944e-07
2329,0.9842389225959778,0.015761077404022217,1.25767183303833,0.028180185705423355,180,1.0292605961181944e-07
2330,0.984014093875885,0.01598590612411499,1.2327067852020264,0.028153114020824432,180,1.0292605961181944e-07
2331,0.9818108081817627,0.018189191818237305,1.288118839263916,0.03088848851621151,180,1.0292605961181944e-07
2332,0.9821678400039673,0.017832159996032715,1.2850351333618164,0.030504189431667328,180,1.0292605961181944e-07
2333,0.9846999645233154,0.01530003547668457,1.2422902584075928,0.027569938451051712,180,1.0292605961181944e-07
2334,0.9839060306549072,0.016093969345092773,1.253084659576416,0.028463875874876976,180,1.0292605961181944e-07
2335,0.9822949171066284,0.017705082893371582,1.2936909198760986,0.030464941635727882,180,1.0292605961181944e-07
2336,0.9844889044761658,0.015511095523834229,1.2860745191574097,0.028216730803251266,180,1.0292605961181944e-07
2337,0.9835373759269714,0.016462624073028564,1.2650530338287354,0.028948526829481125,180,1.0292605961181944e-07
2338,0.9840251207351685,0.015974879264831543,1.2461658716201782,0.02827678993344307,180,1.0292605961181944e-07
2339,0.9826144576072693,0.017385542392730713,1.2666715383529663,0.02987840212881565,180,1.0292605961181944e-07
2340,0.9845974445343018,0.015402555465698242,1.2650083303451538,0.02789861336350441,181,9.777975663122845e-08
2341,0.98284912109375,0.01715087890625,1.2679755687713623,0.029659125953912735,181,9.777975663122845e-08
2342,0.9836090207099915,0.016390979290008545,1.278282880783081,0.029009899124503136,181,9.777975663122845e-08
2343,0.9846130013465881,0.015386998653411865,1.2854831218719482,0.028087960556149483,181,9.777975663122845e-08
2344,0.982395350933075,0.01760464906692505,1.2780901193618774,0.030209504067897797,181,9.777975663122845e-08
2345,0.983809232711792,0.016190767288208008,1.2599165439605713,0.028628025203943253,181,9.777975663122845e-08
2346,0.9819765090942383,0.01802349090576172,1.271888256072998,0.030562138184905052,181,9.777975663122845e-08
2347,0.9833718538284302,0.016628146171569824,1.2471505403518677,0.028933368623256683,181,9.777975663122845e-08
2348,0.9829304814338684,0.017069518566131592,1.2604093551635742,0.02950291708111763,181,9.777975663122845e-08
2349,0.9833660125732422,0.016633987426757812,1.2551039457321167,0.029018687084317207,181,9.777975663122845e-08
2350,0.9826855659484863,0.017314434051513672,1.267159104347229,0.029812879860401154,181,9.777975663122845e-08
2351,0.9840884208679199,0.015911579132080078,1.2494213581085205,0.028246674686670303,181,9.777975663122845e-08
2352,0.9843722581863403,0.015627741813659668,1.256791114807129,0.02803937718272209,181,9.777975663122845e-08
2353,0.981590747833252,0.018409252166748047,1.2766060829162598,0.030991218984127045,182,9.289076879966702e-08
2354,0.9833257794380188,0.0166742205619812,1.2733204364776611,0.029240682721138,182,9.289076879966702e-08
2355,0.9833880066871643,0.016611993312835693,1.3142039775848389,0.029587913304567337,182,9.289076879966702e-08
2356,0.9846937656402588,0.015306234359741211,1.2399892807006836,0.02755306474864483,182,9.289076879966702e-08
2357,0.9839999675750732,0.016000032424926758,1.2694858312606812,0.028534891083836555,182,9.289076879966702e-08
2358,0.9825292229652405,0.01747077703475952,1.2903318405151367,0.030199388042092323,182,9.289076879966702e-08
2359,0.9841383099555969,0.015861690044403076,1.2196290493011475,0.0278993621468544,182,9.289076879966702e-08
2360,0.9839915633201599,0.016008436679840088,1.2491226196289062,0.028339577838778496,182,9.289076879966702e-08
2361,0.9833136200904846,0.01668637990951538,1.274315357208252,0.029262669384479523,182,9.289076879966702e-08
2362,0.9833632707595825,0.01663672924041748,1.2772668600082397,0.02924302965402603,182,9.289076879966702e-08
2363,0.983176589012146,0.016823410987854004,1.2449594736099243,0.029104771092534065,182,9.289076879966702e-08
2364,0.9833378791809082,0.016662120819091797,1.264112949371338,0.029136627912521362,182,9.289076879966702e-08
2365,0.9833601713180542,0.0166398286819458,1.2425129413604736,0.028898559510707855,182,9.289076879966702e-08
2366,0.9829341769218445,0.017065823078155518,1.2752360105514526,0.029647525399923325,183,8.824623035968367e-08
2367,0.9827111959457397,0.017288804054260254,1.2730004787445068,0.02984592132270336,183,8.824623035968367e-08
2368,0.9821869134902954,0.01781308650970459,1.2950968742370605,0.03058592416346073,183,8.824623035968367e-08
2369,0.9840770959854126,0.015922904014587402,1.2527096271514893,0.028290770947933197,183,8.824623035968367e-08
2370,0.982926070690155,0.01707392930984497,1.269747018814087,0.029600659385323524,183,8.824623035968367e-08
2371,0.9841775298118591,0.01582247018814087,1.24384605884552,0.028102707117795944,183,8.824623035968367e-08
2372,0.9844853281974792,0.015514671802520752,1.2564314603805542,0.027923841029405594,183,8.824623035968367e-08
2373,0.9846898913383484,0.015310108661651611,1.2416057586669922,0.02757306396961212,183,8.824623035968367e-08
2374,0.9819409251213074,0.018059074878692627,1.274962306022644,0.030628107488155365,183,8.824623035968367e-08
2375,0.9826498627662659,0.01735013723373413,1.3004285097122192,0.0301809199154377,183,8.824623035968367e-08
2376,0.9836681485176086,0.016331851482391357,1.2708386182785034,0.02887691929936409,183,8.824623035968367e-08
2377,0.9844876527786255,0.015512347221374512,1.21791410446167,0.027536366134881973,183,8.824623035968367e-08
2378,0.9831103682518005,0.016889631748199463,1.2775018215179443,0.029495753347873688,183,8.824623035968367e-08
2379,0.9848659634590149,0.015134036540985107,1.2483813762664795,0.027466509491205215,184,8.383391884169949e-08
2380,0.9838269948959351,0.01617300510406494,1.2515699863433838,0.028526974841952324,184,8.383391884169949e-08
2381,0.9826297760009766,0.017370223999023438,1.2609474658966064,0.029805995523929596,184,8.383391884169949e-08
2382,0.9825771450996399,0.017422854900360107,1.2796545028686523,0.030045170336961746,184,8.383391884169949e-08
2383,0.9848912954330444,0.015108704566955566,1.2374823093414307,0.02733244001865387,184,8.383391884169949e-08
2384,0.9824643731117249,0.017535626888275146,1.3003222942352295,0.03036349266767502,184,8.383391884169949e-08
2385,0.9824906587600708,0.0175093412399292,1.2708719968795776,0.030042968690395355,184,8.383391884169949e-08
2386,0.9846295118331909,0.015370488166809082,1.2744930982589722,0.027961714193224907,184,8.383391884169949e-08
2387,0.9831446409225464,0.016855359077453613,1.2642695903778076,0.02932950109243393,184,8.383391884169949e-08
2388,0.9845702648162842,0.01542973518371582,1.2425957918167114,0.027701396495103836,184,8.383391884169949e-08
2389,0.9833155870437622,0.016684412956237793,1.2498040199279785,0.02901560813188553,184,8.383391884169949e-08
2390,0.9806846380233765,0.019315361976623535,1.3014189004898071,0.032136399298906326,184,8.383391884169949e-08
2391,0.9840921759605408,0.01590782403945923,1.2747007608413696,0.028495755046606064,184,8.383391884169949e-08
2392,0.9843893647193909,0.01561063528060913,1.2535209655761719,0.027989737689495087,185,7.964222289961451e-08
2393,0.9823042154312134,0.01769578456878662,1.2428953647613525,0.029947780072689056,185,7.964222289961451e-08
2394,0.9848511815071106,0.015148818492889404,1.2380809783935547,0.02737814001739025,185,7.964222289961451e-08
2395,0.9830384850502014,0.016961514949798584,1.257744312286377,0.02936934307217598,185,7.964222289961451e-08
2396,0.9816895127296448,0.018310487270355225,1.2832162380218506,0.030959542840719223,185,7.964222289961451e-08
2397,0.9840637445449829,0.01593625545501709,1.2345823049545288,0.028122715651988983,185,7.964222289961451e-08
2398,0.9835482239723206,0.016451776027679443,1.2599910497665405,0.02888716757297516,185,7.964222289961451e-08
2399,0.9821492433547974,0.017850756645202637,1.3122180700302124,0.030794430524110794,185,7.964222289961451e-08
2400,0.9848950505256653,0.015104949474334717,1.2568025588989258,0.027521925047039986,185,7.964222289961451e-08
2401,0.9840229153633118,0.015977084636688232,1.2839215993881226,0.028656531125307083,185,7.964222289961451e-08
2402,0.9828999638557434,0.017100036144256592,1.2807161808013916,0.029736198484897614,185,7.964222289961451e-08
2403,0.9828081727027893,0.017191827297210693,1.260679006576538,0.029626697301864624,185,7.964222289961451e-08
2404,0.9832202196121216,0.016779780387878418,1.2745041847229004,0.029357023537158966,185,7.964222289961451e-08
2405,0.9818175435066223,0.018182456493377686,1.3123176097869873,0.0311238095164299,186,7.566011175463377e-08
2406,0.9832061529159546,0.01679384708404541,1.2580327987670898,0.029206236824393272,186,7.566011175463377e-08
2407,0.9853036403656006,0.014696359634399414,1.260191559791565,0.027151312679052353,186,7.566011175463377e-08
2408,0.9825742840766907,0.017425715923309326,1.280564546585083,0.03005710244178772,186,7.566011175463377e-08
2409,0.9836557507514954,0.01634424924850464,1.2710672616958618,0.02889147959649563,186,7.566011175463377e-08
2410,0.9827690124511719,0.017230987548828125,1.268397569656372,0.029742654412984848,186,7.566011175463377e-08
2411,0.9854621291160583,0.01453787088394165,1.2488715648651123,0.026881206780672073,186,7.566011175463377e-08
2412,0.9836841821670532,0.016315817832946777,1.225469946861267,0.02840735763311386,186,7.566011175463377e-08
2413,0.9839411973953247,0.016058802604675293,1.2329548597335815,0.02822776325047016,186,7.566011175463377e-08
2414,0.9828127026557922,0.017187297344207764,1.2912946939468384,0.02992837131023407,186,7.566011175463377e-08
2415,0.9823369979858398,0.017663002014160156,1.2662264108657837,0.030148636549711227,186,7.566011175463377e-08
2416,0.9835324287414551,0.016467571258544922,1.2679225206375122,0.028982119634747505,186,7.566011175463377e-08
2417,0.9829499125480652,0.017050087451934814,1.2580169439315796,0.02945975586771965,186,7.566011175463377e-08
2418,0.9839781522750854,0.01602184772491455,1.2512564659118652,0.028374193236231804,187,7.187710616690207e-08
2419,0.9828904867172241,0.01710951328277588,1.2473732233047485,0.029412150382995605,187,7.187710616690207e-08
2420,0.9846885800361633,0.01531141996383667,1.2557612657546997,0.02771591767668724,187,7.187710616690207e-08
2421,0.9847791790962219,0.015220820903778076,1.2701756954193115,0.02777037024497986,187,7.187710616690207e-08
2422,0.9834888577461243,0.016511142253875732,1.2333112955093384,0.028679143637418747,187,7.187710616690207e-08
2423,0.9825584888458252,0.017441511154174805,1.2884329557418823,0.030151426792144775,187,7.187710616690207e-08
2424,0.9835243821144104,0.0164756178855896,1.2622785568237305,0.02893364615738392,187,7.187710616690207e-08
2425,0.9847471117973328,0.015252888202667236,1.241897702217102,0.027519337832927704,187,7.187710616690207e-08
2426,0.9826056957244873,0.017394304275512695,1.262747883796692,0.02984783984720707,187,7.187710616690207e-08
2427,0.9817156791687012,0.018284320831298828,1.2865195274353027,0.03096667304635048,187,7.187710616690207e-08
2428,0.9833652377128601,0.016634762287139893,1.285260796546936,0.02932102233171463,187,7.187710616690207e-08
2429,0.9835025668144226,0.016497433185577393,1.262113332748413,0.028953591361641884,187,7.187710616690207e-08
2430,0.9816250205039978,0.018374979496002197,1.3169186115264893,0.03136041760444641,187,7.187710616690207e-08
2431,0.9841903448104858,0.01580965518951416,1.2368078231811523,0.028019636869430542,188,6.828325085855697e-08
2432,0.9840802550315857,0.015919744968414307,1.2834303379058838,0.02859485149383545,188,6.828325085855697e-08
2433,0.9822642207145691,0.017735779285430908,1.2823125123977661,0.030381545424461365,188,6.828325085855697e-08
2434,0.9828193783760071,0.01718062162399292,1.2870885133743286,0.029879700392484665,188,6.828325085855697e-08
2435,0.9816945195198059,0.018305480480194092,1.2610344886779785,0.030732769519090652,188,6.828325085855697e-08
2436,0.9825894832611084,0.0174105167388916,1.2813103199005127,0.030049514025449753,188,6.828325085855697e-08
2437,0.9852024912834167,0.014797508716583252,1.246508002281189,0.027114612981677055,188,6.828325085855697e-08
2438,0.9827319979667664,0.017268002033233643,1.245983362197876,0.029555154964327812,188,6.828325085855697e-08
2439,0.9843708872795105,0.015629112720489502,1.2683449983596802,0.02815627120435238,188,6.828325085855697e-08
2440,0.9831157922744751,0.016884207725524902,1.2789965867996216,0.029505331069231033,188,6.828325085855697e-08
2441,0.9848103523254395,0.015189647674560547,1.238716721534729,0.027424918487668037,188,6.828325085855697e-08
2442,0.983722448348999,0.016277551651000977,1.253260612487793,0.02864738181233406,188,6.828325085855697e-08
2443,0.9813801646232605,0.018619835376739502,1.2809886932373047,0.031243525445461273,188,6.828325085855697e-08
2444,0.9836669564247131,0.016333043575286865,1.2625476121902466,0.028795190155506134,189,6.486908831562912e-08
2445,0.983232319355011,0.016767680644989014,1.2624633312225342,0.029224636033177376,189,6.486908831562912e-08
2446,0.9845435619354248,0.015456438064575195,1.2213850021362305,0.027515724301338196,189,6.486908831562912e-08
2447,0.9817081689834595,0.018291831016540527,1.2908073663711548,0.031016986817121506,189,6.486908831562912e-08
2448,0.9841347932815552,0.015865206718444824,1.2629995346069336,0.028336549177765846,189,6.486908831562912e-08
2449,0.9839088320732117,0.01609116792678833,1.2403111457824707,0.02833336591720581,189,6.486908831562912e-08
2450,0.984996497631073,0.015003502368927002,1.2601337432861328,0.027454804629087448,189,6.486908831562912e-08
2451,0.9831458926200867,0.01685410737991333,1.2562599182128906,0.02924816496670246,189,6.486908831562912e-08
2452,0.9815320372581482,0.018467962741851807,1.2843098640441895,0.03112638182938099,189,6.486908831562912e-08
2453,0.9825366139411926,0.017463386058807373,1.263403058052063,0.029922783374786377,189,6.486908831562912e-08
2454,0.9828105568885803,0.017189443111419678,1.2832765579223633,0.029850315302610397,189,6.486908831562912e-08
2455,0.983902633190155,0.01609736680984497,1.2721918821334839,0.028658311814069748,189,6.486908831562912e-08
2456,0.9843450784683228,0.015654921531677246,1.2945969104766846,0.02844434231519699,189,6.486908831562912e-08
2457,0.9842226505279541,0.0157773494720459,1.2634360790252686,0.028253935277462006,190,6.162563389984765e-08
2458,0.9827672243118286,0.017232775688171387,1.2825511693954468,0.02988595888018608,190,6.162563389984765e-08
2459,0.9835034608840942,0.01649653911590576,1.2586917877197266,0.028918491676449776,190,6.162563389984765e-08
2460,0.9847987294197083,0.015201270580291748,1.2390458583831787,0.027439717203378677,190,6.162563389984765e-08
2461,0.9833658337593079,0.01663416624069214,1.2638427019119263,0.029106251895427704,190,6.162563389984765e-08
2462,0.9836558103561401,0.016344189643859863,1.285662055015564,0.029037367552518845,190,6.162563389984765e-08
2463,0.9845041036605835,0.015495896339416504,1.2519958019256592,0.027860894799232483,190,6.162563389984765e-08
2464,0.9823038578033447,0.017696142196655273,1.235435962677002,0.029873540624976158,190,6.162563389984765e-08
2465,0.9836603999137878,0.016339600086212158,1.2755396366119385,0.028931600973010063,190,6.162563389984765e-08
2466,0.9820629358291626,0.017937064170837402,1.2839913368225098,0.030597606673836708,190,6.162563389984765e-08
2467,0.9842910766601562,0.01570892333984375,1.2801283597946167,0.028353117406368256,190,6.162563389984765e-08
2468,0.9835026264190674,0.016497373580932617,1.2538875341415405,0.02887127548456192,190,6.162563389984765e-08
2469,0.9800251126289368,0.019974887371063232,1.2863070964813232,0.03263821080327034,190,6.162563389984765e-08
2470,0.9839617609977722,0.016038239002227783,1.243605375289917,0.028313908725976944,191,5.854435220485527e-08
2471,0.9839236736297607,0.016076326370239258,1.2787301540374756,0.028702864423394203,191,5.854435220485527e-08
2472,0.9844714999198914,0.015528500080108643,1.236527442932129,0.02773848921060562,191,5.854435220485527e-08
2473,0.98378986120224,0.01621013879776001,1.2701822519302368,0.02874986082315445,191,5.854435220485527e-08
2474,0.9820213317871094,0.017978668212890625,1.2942640781402588,0.03074152208864689,191,5.854435220485527e-08
2475,0.9838095307350159,0.01619046926498413,1.2576045989990234,0.02860460989177227,191,5.854435220485527e-08
2476,0.9826611876487732,0.017338812351226807,1.2725025415420532,0.029890449717640877,191,5.854435220485527e-08
2477,0.9826841354370117,0.01731586456298828,1.2775375843048096,0.029918082058429718,191,5.854435220485527e-08
2478,0.9845245480537415,0.015475451946258545,1.2231935262680054,0.027552632614970207,191,5.854435220485527e-08
2479,0.9830326437950134,0.016967356204986572,1.2755217552185059,0.029552899301052094,191,5.854435220485527e-08
2480,0.9835631847381592,0.01643681526184082,1.2681915760040283,0.028954364359378815,191,5.854435220485527e-08
2481,0.9836732149124146,0.01632678508758545,1.2662991285324097,0.028826508671045303,191,5.854435220485527e-08
2482,0.9814745187759399,0.01852548122406006,1.2991939783096313,0.031332165002822876,191,5.854435220485527e-08
2483,0.9834210276603699,0.016578972339630127,1.2688941955566406,0.029102124273777008,192,5.56171345946125e-08
2484,0.9838757514953613,0.016124248504638672,1.2677057981491089,0.02864006534218788,192,5.56171345946125e-08
2485,0.9823964834213257,0.017603516578674316,1.2713193893432617,0.030140675604343414,192,5.56171345946125e-08
2486,0.9829756021499634,0.01702439785003662,1.2580219507217407,0.02943437360227108,192,5.56171345946125e-08
2487,0.9849780797958374,0.015021920204162598,1.2801023721694946,0.027672724798321724,192,5.56171345946125e-08
2488,0.9823626279830933,0.01763737201690674,1.2579790353775024,0.030040789395570755,192,5.56171345946125e-08
2489,0.9833619594573975,0.01663804054260254,1.271021842956543,0.02918187901377678,192,5.56171345946125e-08
2490,0.9834144711494446,0.01658552885055542,1.2728664875030518,0.029148338362574577,192,5.56171345946125e-08
2491,0.9827030301094055,0.017296969890594482,1.2629406452178955,0.02975340746343136,192,5.56171345946125e-08
2492,0.9845289587974548,0.015471041202545166,1.2523287534713745,0.027839617803692818,192,5.56171345946125e-08
2493,0.9818623065948486,0.018137693405151367,1.288152813911438,0.03083784505724907,192,5.56171345946125e-08
2494,0.9842172265052795,0.01578277349472046,1.2481529712677002,0.02810647524893284,192,5.56171345946125e-08
2495,0.9845300912857056,0.015469908714294434,1.237304925918579,0.02768825739622116,192,5.56171345946125e-08
2496,0.9814913868904114,0.018508613109588623,1.3095449209213257,0.031418975442647934,193,5.2836277864881873e-08
2497,0.9837564826011658,0.01624351739883423,1.2294137477874756,0.02837521955370903,193,5.2836277864881873e-08
2498,0.9829593896865845,0.017040610313415527,1.2995821237564087,0.02986602485179901,193,5.2836277864881873e-08
2499,0.9847988486289978,0.015201151371002197,1.239048957824707,0.027439629659056664,193,5.2836277864881873e-08
2500,0.9853735566139221,0.01462644338607788,1.2546019554138184,0.02702619880437851,193,5.2836277864881873e-08
2501,0.9832684993743896,0.01673150062561035,1.261799693107605,0.029182184487581253,193,5.2836277864881873e-08
2502,0.9834091067314148,0.016590893268585205,1.2722795009613037,0.02914777770638466,193,5.2836277864881873e-08
2503,0.9831719398498535,0.016828060150146484,1.2462691068649292,0.029122469946742058,193,5.2836277864881873e-08
2504,0.9814980030059814,0.018501996994018555,1.2955098152160645,0.031272076070308685,193,5.2836277864881873e-08
2505,0.9816087484359741,0.01839125156402588,1.2862542867660522,0.031069882214069366,193,5.2836277864881873e-08
2506,0.9843762516975403,0.015623748302459717,1.233381986618042,0.027801331132650375,193,5.2836277864881873e-08
2507,0.9837976694107056,0.016202330589294434,1.253576636314392,0.028576072305440903,193,5.2836277864881873e-08
2508,0.9847543835639954,0.015245616436004639,1.265022873878479,0.0277433879673481,193,5.2836277864881873e-08
2509,0.9831822514533997,0.016817748546600342,1.292619228363037,0.029575761407613754,194,5.019446397163778e-08
2510,0.9834505915641785,0.016549408435821533,1.256689429283142,0.028950808569788933,194,5.019446397163778e-08
2511,0.9813762903213501,0.018623709678649902,1.2932188510894775,0.031369660049676895,194,5.019446397163778e-08
2512,0.9844391345977783,0.01556086540222168,1.254732370376587,0.027952581644058228,194,5.019446397163778e-08
2513,0.9836514592170715,0.016348540782928467,1.273309588432312,0.028918150812387466,194,5.019446397163778e-08
2514,0.9831759333610535,0.016824066638946533,1.2810689210891724,0.02946651540696621,194,5.019446397163778e-08
2515,0.9830729365348816,0.016927063465118408,1.2521504163742065,0.029279297217726707,194,5.019446397163778e-08
2516,0.9843428730964661,0.015657126903533936,1.245248556137085,0.02795303985476494,194,5.019446397163778e-08
2517,0.9841373562812805,0.015862643718719482,1.2652626037597656,0.0283566415309906,194,5.019446397163778e-08
2518,0.9829279184341431,0.017072081565856934,1.2561980485916138,0.02946334145963192,194,5.019446397163778e-08
2519,0.9833199977874756,0.016680002212524414,1.2887948751449585,0.029401149600744247,194,5.019446397163778e-08
2520,0.9827550649642944,0.017244935035705566,1.2487139701843262,0.029559625312685966,194,5.019446397163778e-08
2521,0.9850612878799438,0.014938712120056152,1.2234631776809692,0.027023956179618835,194,5.019446397163778e-08
2522,0.9834901094436646,0.01650989055633545,1.2503169775009155,0.028847960755228996,195,4.7684740773055885e-08
2523,0.9842247366905212,0.01577526330947876,1.2664921283721924,0.02828243188560009,195,4.7684740773055885e-08
2524,0.9845288991928101,0.015471100807189941,1.2502169609069824,0.027818558737635612,195,4.7684740773055885e-08
2525,0.9837994575500488,0.016200542449951172,1.2633081674575806,0.028671618551015854,195,4.7684740773055885e-08
2526,0.9819257855415344,0.018074214458465576,1.283940315246582,0.03073287568986416,195,4.7684740773055885e-08
2527,0.983587920665741,0.016412079334259033,1.2685139179229736,0.028933096677064896,195,4.7684740773055885e-08
2528,0.9828346371650696,0.01716536283493042,1.3164218664169312,0.03015792742371559,195,4.7684740773055885e-08
2529,0.9847375154495239,0.015262484550476074,1.2389183044433594,0.027499042451381683,195,4.7684740773055885e-08
2530,0.9830251932144165,0.016974806785583496,1.2539348602294922,0.029344405978918076,195,4.7684740773055885e-08
2531,0.9824835658073425,0.01751643419265747,1.2511019706726074,0.029852289706468582,195,4.7684740773055885e-08
2532,0.9833752512931824,0.016624748706817627,1.2705070972442627,0.029163572937250137,195,4.7684740773055885e-08
2533,0.9822132587432861,0.017786741256713867,1.2892671823501587,0.03050154447555542,195,4.7684740773055885e-08
2534,0.9841333031654358,0.01586669683456421,1.2335529327392578,0.028043556958436966,195,4.7684740773055885e-08
2535,0.9832847714424133,0.01671522855758667,1.2703142166137695,0.02925121784210205,196,4.530050373440309e-08
2536,0.9837669134140015,0.016233086585998535,1.2760567665100098,0.028831321746110916,196,4.530050373440309e-08
2537,0.9819937348365784,0.01800626516342163,1.3052549362182617,0.03087875247001648,196,4.530050373440309e-08
2538,0.9833166599273682,0.016683340072631836,1.2897439002990723,0.029413945972919464,196,4.530050373440309e-08
2539,0.9834394454956055,0.01656055450439453,1.2594225406646729,0.028989173471927643,196,4.530050373440309e-08
2540,0.9836862087249756,0.016313791275024414,1.2622061967849731,0.028772715479135513,196,4.530050373440309e-08
2541,0.9823196530342102,0.017680346965789795,1.2812939882278442,0.030316483229398727,196,4.530050373440309e-08
2542,0.9834494590759277,0.016550540924072266,1.263191819190979,0.029016952961683273,196,4.530050373440309e-08
2543,0.9836718440055847,0.016328155994415283,1.2652835845947266,0.028817709535360336,196,4.530050373440309e-08
2544,0.9844526648521423,0.015547335147857666,1.2392438650131226,0.027784299105405807,196,4.530050373440309e-08
2545,0.9848630428314209,0.015136957168579102,1.2301751375198364,0.02728733792901039,196,4.530050373440309e-08
2546,0.984377384185791,0.015622615814208984,1.224120020866394,0.02770758979022503,196,4.530050373440309e-08
2547,0.9802351593971252,0.019764840602874756,1.2883901596069336,0.032451093196868896,196,4.530050373440309e-08
2548,0.9843525886535645,0.015647411346435547,1.261027455329895,0.028101211413741112,197,4.3035478547682935e-08
2549,0.9847878217697144,0.015212178230285645,1.2452020645141602,0.027512077242136,197,4.3035478547682935e-08
2550,0.9824355840682983,0.01756441593170166,1.2682380676269531,0.03007115237414837,197,4.3035478547682935e-08
2551,0.980869472026825,0.01913052797317505,1.2934859991073608,0.03187408298254013,197,4.3035478547682935e-08
2552,0.9837847352027893,0.016215264797210693,1.258069634437561,0.028633808717131615,197,4.3035478547682935e-08
2553,0.984584391117096,0.015415608882904053,1.2571810483932495,0.02783326245844364,197,4.3035478547682935e-08
2554,0.9829153418540955,0.01708465814590454,1.2492393255233765,0.02940620481967926,197,4.3035478547682935e-08
2555,0.9839125275611877,0.016087472438812256,1.2853240966796875,0.028779838234186172,197,4.3035478547682935e-08
2556,0.9832476377487183,0.01675236225128174,1.2611676454544067,0.029196515679359436,197,4.3035478547682935e-08
2557,0.9837131500244141,0.016286849975585938,1.275468111038208,0.02887866273522377,197,4.3035478547682935e-08
2558,0.9817399978637695,0.01826000213623047,1.3072469234466553,0.03114987164735794,197,4.3035478547682935e-08
2559,0.9840775728225708,0.0159224271774292,1.2250008583068848,0.028013210743665695,197,4.3035478547682935e-08
2560,0.9836452007293701,0.016354799270629883,1.2562298774719238,0.028753548860549927,197,4.3035478547682935e-08
2561,0.9831454157829285,0.016854584217071533,1.2781354188919067,0.029467392712831497,198,4.0883704620298786e-08
2562,0.9837217926979065,0.016278207302093506,1.2449625730514526,0.028565051034092903,198,4.0883704620298786e-08
2563,0.9841620326042175,0.01583796739578247,1.3008968830108643,0.02868855744600296,198,4.0883704620298786e-08
2564,0.9834705591201782,0.016529440879821777,1.2564032077789307,0.028928177431225777,198,4.0883704620298786e-08
2565,0.9825750589370728,0.017424941062927246,1.2805798053741455,0.030056491494178772,198,4.0883704620298786e-08
2566,0.9823927879333496,0.01760721206665039,1.2628012895584106,0.030059151351451874,198,4.0883704620298786e-08
2567,0.9834418296813965,0.016558170318603516,1.2627854347229004,0.029020443558692932,198,4.0883704620298786e-08
2568,0.9844129085540771,0.015587091445922852,1.2381788492202759,0.027813009917736053,198,4.0883704620298786e-08
2569,0.9831715822219849,0.016828417778015137,1.2799994945526123,0.029460128396749496,198,4.0883704620298786e-08
2570,0.9833196401596069,0.016680359840393066,1.2529222965240479,0.02904277853667736,198,4.0883704620298786e-08
2571,0.9831856489181519,0.016814351081848145,1.2770657539367676,0.029416866600513458,198,4.0883704620298786e-08
2572,0.9844494462013245,0.015550553798675537,1.237221360206604,0.027767261490225792,198,4.0883704620298786e-08
2573,0.9828424453735352,0.017157554626464844,1.285348892211914,0.029839467257261276,198,4.0883704620298786e-08
2574,0.9839315414428711,0.016068458557128906,1.2317992448806763,0.028225764632225037,199,3.883951938928385e-08
2575,0.9838199615478516,0.016180038452148438,1.248438835144043,0.028502626344561577,199,3.883951938928385e-08
2576,0.9826894402503967,0.01731055974960327,1.2761226892471313,0.02989868074655533,199,3.883951938928385e-08
2577,0.9832043051719666,0.016795694828033447,1.2589232921600342,0.02921697124838829,199,3.883951938928385e-08
2578,0.9834093451499939,0.016590654850006104,1.2722737789154053,0.02914748713374138,199,3.883951938928385e-08
2579,0.9842072129249573,0.015792787075042725,1.2823448181152344,0.028458306565880775,199,3.883951938928385e-08
2580,0.9825957417488098,0.017404258251190186,1.2731831073760986,0.029962047934532166,199,3.883951938928385e-08
2581,0.9838064908981323,0.016193509101867676,1.2546547651290894,0.028578121215105057,199,3.883951938928385e-08
2582,0.9843843579292297,0.015615642070770264,1.2402780055999756,0.027862265706062317,199,3.883951938928385e-08
2583,0.9841930270195007,0.015806972980499268,1.2639806270599365,0.028288708999753,199,3.883951938928385e-08
2584,0.9821480512619019,0.017851948738098145,1.2804429531097412,0.0304778590798378,199,3.883951938928385e-08
2585,0.9827240705490112,0.01727592945098877,1.2736537456512451,0.029839709401130676,199,3.883951938928385e-08
2586,0.9831360578536987,0.01686394214630127,1.3049826622009277,0.029745128005743027,199,3.883951938928385e-08
2587,0.9842489361763,0.01575106382369995,1.247679352760315,0.028070345520973206,200,3.689754341981965e-08
2588,0.9839080572128296,0.01609194278717041,1.2438145875930786,0.028369169682264328,200,3.689754341981965e-08
2589,0.9829992651939392,0.01700073480606079,1.278564214706421,0.02961636893451214,200,3.689754341981965e-08
2590,0.9841761589050293,0.015823841094970703,1.2869952917099,0.02853555418550968,200,3.689754341981965e-08
2591,0.9851123094558716,0.014887690544128418,1.2331719398498535,0.027070533484220505,200,3.689754341981965e-08
2592,0.9828057289123535,0.017194271087646484,1.2551393508911133,0.029573721811175346,200,3.689754341981965e-08
2593,0.9819285869598389,0.018071413040161133,1.3036375045776367,0.03092707321047783,200,3.689754341981965e-08
2594,0.9828932285308838,0.01710677146911621,1.2542551755905151,0.029478255659341812,200,3.689754341981965e-08
2595,0.9812310338020325,0.01876896619796753,1.2966742515563965,0.031548019498586655,200,3.689754341981965e-08
2596,0.9839736819267273,0.016026318073272705,1.255906581878662,0.028425119817256927,200,3.689754341981965e-08
2597,0.9812729954719543,0.018727004528045654,1.2972204685211182,0.03151194006204605,200,3.689754341981965e-08
2598,0.9849716424942017,0.01502835750579834,1.2508631944656372,0.027386706322431564,200,3.689754341981965e-08
2599,0.9842050075531006,0.015794992446899414,1.227108359336853,0.027908124029636383,200,3.689754341981965e-08
