Step,dice,loss,fp,fn,tn,tp,fp_rate,fn_rate,fp_ratio,gv_ratio,epoch
0,0.772620677947998,0.22737932205200195,183719.0,1303.0,16541296.0,50898.0,0.010984683409333229,0.024961207062005997,0.7310889363288879,0.9336317777633667,1
