Step,dice,loss,epoch,lr
0,0.7284007668495178,0.2715992331504822,1,0.0001
