Step,dice,loss,epoch,lr
0,0.5462431311607361,0.4537568688392639,1,0.0001
