Step,dice,loss_SparseWeightedDiceLoss,loss_NoGuessLoss,loss,epoch,lr
0,0.789149284362793,0.21085071563720703,1.3370060920715332,0.2221122831106186,1,0.001
1,0.8049132823944092,0.19508671760559082,1.3455171585083008,0.20659102499485016,1,0.001
2,0.8272793292999268,0.17272067070007324,1.354947805404663,0.1845429390668869,1,0.001
3,0.8546976447105408,0.14530235528945923,1.3424934148788452,0.1572742611169815,1,0.001
4,0.8827359080314636,0.11726409196853638,1.3221269845962524,0.12931272387504578,1,0.001
5,0.9133278727531433,0.08667212724685669,1.346076250076294,0.0992661714553833,1,0.001
6,0.926913857460022,0.07308614253997803,1.3284995555877686,0.08564028143882751,1,0.001
7,0.9389057755470276,0.06109422445297241,1.3056488037109375,0.07353977113962173,1,0.001
8,0.9569373726844788,0.04306262731552124,1.3321483135223389,0.055953484028577805,1,0.001
9,0.965403139591217,0.03459686040878296,1.3295875787734985,0.04754676669836044,1,0.001
10,0.9682774543762207,0.0317225456237793,1.348158597946167,0.044886909425258636,1,0.001
11,0.9681356549263,0.03186434507369995,1.3438268899917603,0.04498397186398506,1,0.001
12,0.9715325832366943,0.028467416763305664,1.3300600051879883,0.04148334264755249,1,0.001
13,0.9726607203483582,0.027339279651641846,1.3367599248886108,0.04043348506093025,1,0.001
14,0.9767137765884399,0.02328622341156006,1.3487414121627808,0.03654077649116516,1,0.001
15,0.9766169190406799,0.02338308095932007,1.3713514804840088,0.03686276450753212,1,0.001
16,0.9751183986663818,0.024881601333618164,1.3439267873764038,0.03807205334305763,1,0.001
17,0.9738932847976685,0.026106715202331543,1.351236343383789,0.03935801237821579,1,0.001
18,0.9788941740989685,0.021105825901031494,1.3750263452529907,0.03464503213763237,1,0.001
19,0.9817265868186951,0.01827341318130493,1.3786604404449463,0.03187728300690651,1,0.001
20,0.9770879745483398,0.022912025451660156,1.3671889305114746,0.03635479509830475,1,0.001
21,0.9802162647247314,0.019783735275268555,1.3755824565887451,0.03334172070026398,1,0.001
22,0.9773123860359192,0.02268761396408081,1.3647748231887817,0.036108486354351044,1,0.001
23,0.9796019792556763,0.02039802074432373,1.3687846660614014,0.033881887793540955,1,0.001
24,0.9807379841804504,0.01926201581954956,1.3896552324295044,0.032965946942567825,1,0.001
25,0.9780745506286621,0.02192544937133789,1.3767666816711426,0.035473860800266266,1,0.001
26,0.9754626154899597,0.024537384510040283,1.3456974029541016,0.03774898499250412,1,0.001
27,0.9782753586769104,0.0217246413230896,1.3558595180511475,0.035065989941358566,1,0.001
28,0.9832424521446228,0.016757547855377197,1.3743971586227417,0.03033394366502762,1,0.001
29,0.9819121360778809,0.01808786392211914,1.362349033355713,0.0315304771065712,1,0.001
30,0.9825025796890259,0.01749742031097412,1.3784672021865845,0.031107120215892792,1,0.001
31,0.981791615486145,0.01820838451385498,1.3569326400756836,0.031595628708601,2,0.00095
32,0.9806087613105774,0.019391238689422607,1.3771171569824219,0.03296849876642227,2,0.00095
33,0.9819377660751343,0.018062233924865723,1.3644260168075562,0.0315258726477623,2,0.00095
34,0.9803019762039185,0.019698023796081543,1.3759175539016724,0.03326021879911423,2,0.00095
35,0.9827437400817871,0.01725625991821289,1.3849210739135742,0.03093290701508522,2,0.00095
36,0.9827368259429932,0.017263174057006836,1.3888862133026123,0.030979404225945473,2,0.00095
37,0.9821083545684814,0.017891645431518555,1.3900700807571411,0.03161343187093735,2,0.00095
38,0.9823057055473328,0.017694294452667236,1.3878618478775024,0.03139597177505493,2,0.00095
39,0.981810986995697,0.01818901300430298,1.3628519773483276,0.03163564205169678,2,0.00095
40,0.9835594892501831,0.016440510749816895,1.3962321281433105,0.030238427221775055,2,0.00095
41,0.9832983613014221,0.01670163869857788,1.3953745365142822,0.03048836812376976,2,0.00095
42,0.9825902581214905,0.01740974187850952,1.3849742412567139,0.031085386872291565,2,0.00095
43,0.9826512336730957,0.017348766326904297,1.4176151752471924,0.03135143220424652,2,0.00095
44,0.9809606671333313,0.0190393328666687,1.3397853374481201,0.03224679082632065,2,0.00095
45,0.9831825494766235,0.016817450523376465,1.387158751487732,0.030520863831043243,2,0.00095
46,0.9829283356666565,0.017071664333343506,1.3875540494918823,0.030776487663388252,2,0.00095
47,0.9831042289733887,0.016895771026611328,1.3858308792114258,0.030585121363401413,2,0.00095
48,0.9819850325584412,0.018014967441558838,1.3516123294830322,0.031350940465927124,2,0.00095
49,0.9828652739524841,0.01713472604751587,1.373477816581726,0.030698157846927643,2,0.00095
50,0.9838587641716003,0.016141235828399658,1.356149435043335,0.029541317373514175,2,0.00095
51,0.9833087921142578,0.016691207885742188,1.363820195198059,0.030162498354911804,2,0.00095
52,0.9841261506080627,0.015873849391937256,1.3833638429641724,0.029548749327659607,2,0.00095
53,0.983410656452179,0.016589343547821045,1.3805997371673584,0.030229447409510612,2,0.00095
54,0.9821926951408386,0.017807304859161377,1.3810275793075562,0.03143950551748276,2,0.00095
55,0.9832404851913452,0.016759514808654785,1.3631395101547241,0.030223313719034195,2,0.00095
56,0.9822852611541748,0.017714738845825195,1.3625692129135132,0.031163282692432404,2,0.00095
57,0.9833794236183167,0.01662057638168335,1.3568024635314941,0.03002239391207695,2,0.00095
58,0.9833798408508301,0.016620159149169922,1.361621618270874,0.030070172622799873,2,0.00095
59,0.9829141497612,0.01708585023880005,1.3458589315414429,0.030373580753803253,2,0.00095
60,0.9831866025924683,0.01681339740753174,1.37604558467865,0.030405718833208084,2,0.00095
61,0.9824355244636536,0.017564475536346436,1.3473758697509766,0.030862590298056602,2,0.00095
62,0.9825039505958557,0.017496049404144287,1.3822275400161743,0.031143363565206528,3,0.0009025
63,0.9833713173866272,0.016628682613372803,1.3542736768722534,0.030005134642124176,3,0.0009025
64,0.9833559393882751,0.016644060611724854,1.3679332733154297,0.030156951397657394,3,0.0009025
65,0.9830991625785828,0.016900837421417236,1.373448133468628,0.030466310679912567,3,0.0009025
66,0.9836201667785645,0.016379833221435547,1.3631244897842407,0.02984727919101715,3,0.0009025
67,0.9841756820678711,0.015824317932128906,1.386826753616333,0.029534343630075455,3,0.0009025
68,0.9845973253250122,0.015402674674987793,1.3770426511764526,0.029019074514508247,3,0.0009025
69,0.9842627644538879,0.01573723554611206,1.391662359237671,0.029496487230062485,3,0.0009025
70,0.9831907153129578,0.016809284687042236,1.3839776515960693,0.030480969697237015,3,0.0009025
71,0.9842888116836548,0.015711188316345215,1.3777272701263428,0.029331348836421967,3,0.0009025
72,0.9841461181640625,0.0158538818359375,1.3622695207595825,0.029318038374185562,3,0.0009025
73,0.9846768975257874,0.015323102474212646,1.3348544836044312,0.028518415987491608,3,0.0009025
74,0.9832432270050049,0.016756772994995117,1.3292489051818848,0.029881693422794342,3,0.0009025
75,0.9843302965164185,0.015669703483581543,1.363684892654419,0.0291498564183712,3,0.0009025
76,0.9843461513519287,0.01565384864807129,1.358544111251831,0.029082750901579857,3,0.0009025
77,0.9828969240188599,0.017103075981140137,1.3284375667572021,0.03021642193198204,3,0.0009025
78,0.9830395579338074,0.016960442066192627,1.3659929037094116,0.030450765043497086,3,0.0009025
79,0.9841339588165283,0.01586604118347168,1.3429012298583984,0.02913639321923256,3,0.0009025
80,0.9852214455604553,0.014778554439544678,1.3675181865692139,0.02830595150589943,3,0.0009025
81,0.9826844930648804,0.01731550693511963,1.3605982065200806,0.030748333781957626,3,0.0009025
82,0.9832441806793213,0.01675581932067871,1.357545018196106,0.030163710936903954,3,0.0009025
83,0.983863115310669,0.016136884689331055,1.378037691116333,0.02975589409470558,3,0.0009025
84,0.9838398098945618,0.016160190105438232,1.3620713949203491,0.029619302600622177,3,0.0009025
85,0.984491229057312,0.015508770942687988,1.3648040294647217,0.02900172397494316,3,0.0009025
86,0.9842528104782104,0.01574718952178955,1.3471673727035522,0.029061391949653625,3,0.0009025
87,0.9845459461212158,0.01545405387878418,1.3675960302352905,0.02897547371685505,3,0.0009025
88,0.9841870665550232,0.015812933444976807,1.358891248703003,0.02924371510744095,3,0.0009025
89,0.9836916327476501,0.016308367252349854,1.3917114734649658,0.030062397941946983,3,0.0009025
90,0.983666718006134,0.016333281993865967,1.3678627014160156,0.029848575592041016,3,0.0009025
91,0.9839323163032532,0.016067683696746826,1.3501721620559692,0.02940872684121132,3,0.0009025
92,0.9842498898506165,0.015750110149383545,1.3864696025848389,0.029457304626703262,3,0.0009025
93,0.9837571382522583,0.0162428617477417,1.3677349090576172,0.029757782816886902,4,0.000857375
94,0.9842128753662109,0.015787124633789062,1.3577377796173096,0.02920663170516491,4,0.000857375
95,0.9835390448570251,0.016460955142974854,1.355057954788208,0.029846925288438797,4,0.000857375
96,0.9834906458854675,0.01650935411453247,1.364619255065918,0.029990453273057938,4,0.000857375
97,0.9848768711090088,0.015123128890991211,1.3427518606185913,0.02839941531419754,4,0.000857375
98,0.984171986579895,0.01582801342010498,1.3504546880722046,0.029174279421567917,4,0.000857375
99,0.9850900769233704,0.014909923076629639,1.3387542963027954,0.028148366138339043,4,0.000857375
100,0.9840186834335327,0.015981316566467285,1.349165916442871,0.029313161969184875,4,0.000857375
101,0.9844669699668884,0.015533030033111572,1.3457967042922974,0.028835667297244072,4,0.000857375
102,0.9848902225494385,0.015109777450561523,1.379282832145691,0.02875150740146637,4,0.000857375
103,0.9832887053489685,0.016711294651031494,1.3415284156799316,0.02995946630835533,4,0.000857375
104,0.9843538403511047,0.015646159648895264,1.352689504623413,0.029016593471169472,4,0.000857375
105,0.9844567179679871,0.01554328203201294,1.3545738458633423,0.028933588415384293,4,0.000857375
106,0.984678328037262,0.015321671962738037,1.3549383878707886,0.02871783822774887,4,0.000857375
107,0.9843243956565857,0.015675604343414307,1.3434339761734009,0.0289531871676445,4,0.000857375
108,0.985752284526825,0.014247715473175049,1.3364927768707275,0.027470165863633156,4,0.000857375
109,0.984015703201294,0.015984296798706055,1.354791283607483,0.02937236614525318,4,0.000857375
110,0.9835326075553894,0.016467392444610596,1.3638839721679688,0.029941556975245476,4,0.000857375
111,0.9847564697265625,0.0152435302734375,1.3761857748031616,0.028852952644228935,4,0.000857375
112,0.9843221306800842,0.01567786931991577,1.3536953926086426,0.029058042913675308,4,0.000857375
113,0.9842944145202637,0.015705585479736328,1.338766098022461,0.028936190530657768,4,0.000857375
114,0.9842725396156311,0.015727460384368896,1.3504905700683594,0.02907509170472622,4,0.000857375
115,0.9847703576087952,0.015229642391204834,1.35408353805542,0.028618181124329567,4,0.000857375
116,0.9844529032707214,0.015547096729278564,1.3525804281234741,0.028917428106069565,4,0.000857375
117,0.985031008720398,0.01496899127960205,1.3766335248947144,0.028585636988282204,4,0.000857375
118,0.9839937686920166,0.0160062313079834,1.3580679893493652,0.029426848515868187,4,0.000857375
119,0.9843165278434753,0.015683472156524658,1.324759840965271,0.028774235397577286,4,0.000857375
120,0.9839431047439575,0.01605689525604248,1.3511855602264404,0.029408181086182594,4,0.000857375
121,0.9841524362564087,0.01584756374359131,1.3371424674987793,0.02906051278114319,4,0.000857375
122,0.9846514463424683,0.015348553657531738,1.3778077363967896,0.02897314541041851,4,0.000857375
123,0.9853649139404297,0.014635086059570312,1.3632874488830566,0.02812160924077034,4,0.000857375
124,0.9850648641586304,0.014935135841369629,1.356611728668213,0.028351901099085808,5,0.0008145062499999999
125,0.9846697449684143,0.015330255031585693,1.3393092155456543,0.02857004478573799,5,0.0008145062499999999
126,0.9853284955024719,0.014671504497528076,1.3374545574188232,0.02789933606982231,5,0.0008145062499999999
127,0.9843212962150574,0.015678703784942627,1.3402931690216064,0.0289248488843441,5,0.0008145062499999999
128,0.9847216606140137,0.015278339385986328,1.349591612815857,0.028621472418308258,5,0.0008145062499999999
129,0.9828839302062988,0.017116069793701172,1.357888102531433,0.030523790046572685,5,0.0008145062499999999
130,0.984845757484436,0.015154242515563965,1.3654744625091553,0.028657443821430206,5,0.0008145062499999999
131,0.9848857522010803,0.015114247798919678,1.3333615064620972,0.02829672023653984,5,0.0008145062499999999
132,0.985052227973938,0.014947772026062012,1.3368253707885742,0.028166547417640686,5,0.0008145062499999999
133,0.9856422543525696,0.01435774564743042,1.3396668434143066,0.027610836550593376,5,0.0008145062499999999
134,0.9853017330169678,0.014698266983032227,1.3602843284606934,0.028154127299785614,5,0.0008145062499999999
135,0.9848772287368774,0.015122771263122559,1.3324103355407715,0.028295647352933884,5,0.0008145062499999999
136,0.9846044182777405,0.015395581722259521,1.3604382276535034,0.028846006840467453,5,0.0008145062499999999
137,0.9847010970115662,0.015298902988433838,1.350928783416748,0.028655201196670532,5,0.0008145062499999999
138,0.9851511716842651,0.014848828315734863,1.3517589569091797,0.02821793034672737,5,0.0008145062499999999
139,0.9848417043685913,0.015158295631408691,1.3750715255737305,0.028757426887750626,5,0.0008145062499999999
140,0.9846217632293701,0.015378236770629883,1.3606051206588745,0.028830505907535553,5,0.0008145062499999999
141,0.984520673751831,0.015479326248168945,1.3515264987945557,0.028839796781539917,5,0.0008145062499999999
142,0.984666109085083,0.015333890914916992,1.3444794416427612,0.02862534672021866,5,0.0008145062499999999
143,0.9848393201828003,0.015160679817199707,1.3537211418151855,0.0285462848842144,5,0.0008145062499999999
144,0.9849258065223694,0.015074193477630615,1.3373502492904663,0.028296954929828644,5,0.0008145062499999999
145,0.9844890236854553,0.015510976314544678,1.3358224630355835,0.028714090585708618,5,0.0008145062499999999
146,0.9848220348358154,0.01517796516418457,1.3452303409576416,0.028478488326072693,5,0.0008145062499999999
147,0.9843012094497681,0.015698790550231934,1.3716808557510376,0.029258612543344498,5,0.0008145062499999999
148,0.9851992130279541,0.014800786972045898,1.3362867832183838,0.02801564708352089,5,0.0008145062499999999
149,0.9850146174430847,0.014985382556915283,1.3604705333709717,0.028440233319997787,5,0.0008145062499999999
150,0.9847437739372253,0.015256226062774658,1.3546535968780518,0.028650199994444847,5,0.0008145062499999999
151,0.9847227334976196,0.015277266502380371,1.3523304462432861,0.02864779904484749,5,0.0008145062499999999
152,0.9848577976226807,0.015142202377319336,1.348327875137329,0.02847405895590782,5,0.0008145062499999999
153,0.9843617677688599,0.015638232231140137,1.3357237577438354,0.02883908711373806,5,0.0008145062499999999
154,0.9847266674041748,0.015273332595825195,1.3704030513763428,0.02882462926208973,5,0.0008145062499999999
155,0.9850285649299622,0.014971435070037842,1.3457189798355103,0.028278909623622894,6,0.0007737809374999998
156,0.9855558276176453,0.014444172382354736,1.3555270433425903,0.027855001389980316,6,0.0007737809374999998
157,0.9848077297210693,0.015192270278930664,1.3313469886779785,0.028353817760944366,6,0.0007737809374999998
158,0.9853119850158691,0.01468801498413086,1.3448511362075806,0.027989646419882774,6,0.0007737809374999998
159,0.9852917790412903,0.014708220958709717,1.3356060981750488,0.027917198836803436,6,0.0007737809374999998
160,0.9853873252868652,0.014612674713134766,1.3677877187728882,0.02814442478120327,6,0.0007737809374999998
161,0.9849919080734253,0.015008091926574707,1.331767201423645,0.028175681829452515,6,0.0007737809374999998
162,0.9850559830665588,0.014944016933441162,1.3361798524856567,0.028156375512480736,6,0.0007737809374999998
163,0.9848211407661438,0.015178859233856201,1.3390824794769287,0.02841789461672306,6,0.0007737809374999998
164,0.985386312007904,0.014613687992095947,1.3581304550170898,0.02804885432124138,6,0.0007737809374999998
165,0.9851324558258057,0.014867544174194336,1.334794282913208,0.028066810220479965,6,0.0007737809374999998
166,0.984910786151886,0.015089213848114014,1.3398840427398682,0.028337161988019943,6,0.0007737809374999998
167,0.9849866032600403,0.015013396739959717,1.3346768617630005,0.028210030868649483,6,0.0007737809374999998
168,0.9848066568374634,0.015193343162536621,1.331452488899231,0.028355933725833893,6,0.0007737809374999998
169,0.985243558883667,0.014756441116333008,1.3378773927688599,0.027987651526927948,6,0.0007737809374999998
170,0.9851922988891602,0.014807701110839844,1.372131586074829,0.02838093973696232,6,0.0007737809374999998
171,0.9839680194854736,0.016031980514526367,1.3543285131454468,0.029414944350719452,6,0.0007737809374999998
172,0.9854752421379089,0.014524757862091064,1.3620598316192627,0.028000108897686005,6,0.0007737809374999998
173,0.9845296144485474,0.015470385551452637,1.3371037244796753,0.02868671901524067,6,0.0007737809374999998
174,0.9857214093208313,0.014278590679168701,1.3574411869049072,0.027710216119885445,6,0.0007737809374999998
175,0.9845563173294067,0.015443682670593262,1.3428354263305664,0.02871759980916977,6,0.0007737809374999998
176,0.9859744906425476,0.014025509357452393,1.3268462419509888,0.02715371549129486,6,0.0007737809374999998
177,0.9852838516235352,0.014716148376464844,1.3361742496490479,0.02793072909116745,6,0.0007737809374999998
178,0.9851102232933044,0.014889776706695557,1.3516130447387695,0.028257008641958237,6,0.0007737809374999998
179,0.9848209023475647,0.015179097652435303,1.3365520238876343,0.02839282713830471,6,0.0007737809374999998
180,0.9850974082946777,0.014902591705322266,1.342079758644104,0.02817436307668686,6,0.0007737809374999998
181,0.9851263761520386,0.014873623847961426,1.3500497341156006,0.028225384652614594,6,0.0007737809374999998
182,0.9858531951904297,0.014146804809570312,1.3371238708496094,0.027376575395464897,6,0.0007737809374999998
183,0.9845526814460754,0.01544731855392456,1.3322465419769287,0.028615310788154602,6,0.0007737809374999998
184,0.9860348701477051,0.013965129852294922,1.3514832258224487,0.02734031155705452,6,0.0007737809374999998
185,0.984391450881958,0.015608549118041992,1.3261741399765015,0.02871420606970787,6,0.0007737809374999998
186,0.9845382571220398,0.015461742877960205,1.3595361709594727,0.028902485966682434,7,0.0007350918906249997
187,0.9849643111228943,0.015035688877105713,1.3604042530059814,0.0284893736243248,7,0.0007350918906249997
188,0.9854569435119629,0.01454305648803711,1.333893060684204,0.02773655578494072,7,0.0007350918906249997
189,0.9854097962379456,0.014590203762054443,1.3526912927627563,0.027971215546131134,7,0.0007350918906249997
190,0.9853116869926453,0.014688313007354736,1.3325557708740234,0.027866987511515617,7,0.0007350918906249997
191,0.9854322671890259,0.014567732810974121,1.3422598838806152,0.02784465253353119,7,0.0007350918906249997
192,0.9856907725334167,0.014309227466583252,1.3430447578430176,0.02759658172726631,7,0.0007350918906249997
193,0.9848927855491638,0.015107214450836182,1.3322570323944092,0.028278712183237076,7,0.0007350918906249997
194,0.9844970107078552,0.015502989292144775,1.3173331022262573,0.02852129004895687,7,0.0007350918906249997
195,0.9855093359947205,0.014490664005279541,1.345109462738037,0.027796853333711624,7,0.0007350918906249997
196,0.9858486652374268,0.014151334762573242,1.3398222923278809,0.027408044785261154,7,0.0007350918906249997
197,0.9859941601753235,0.014005839824676514,1.3256475925445557,0.0271222572773695,7,0.0007350918906249997
198,0.9851254820823669,0.014874517917633057,1.3440322875976562,0.028166094794869423,7,0.0007350918906249997
199,0.9853327870368958,0.014667212963104248,1.3332362174987793,0.027852904051542282,7,0.0007350918906249997
200,0.9852588176727295,0.014741182327270508,1.3555505275726318,0.028149276971817017,7,0.0007350918906249997
201,0.9854555726051331,0.014544427394866943,1.3402899503707886,0.027801882475614548,7,0.0007350918906249997
202,0.9859494566917419,0.014050543308258057,1.3263359069824219,0.027173396199941635,7,0.0007350918906249997
203,0.9850993752479553,0.014900624752044678,1.331831932067871,0.028069937601685524,7,0.0007350918906249997
204,0.984928548336029,0.015071451663970947,1.32093346118927,0.028130073100328445,7,0.0007350918906249997
205,0.9853625297546387,0.014637470245361328,1.3569269180297852,0.028060365468263626,7,0.0007350918906249997
206,0.9859951138496399,0.014004886150360107,1.3495304584503174,0.027360141277313232,7,0.0007350918906249997
207,0.9857083559036255,0.014291644096374512,1.3415366411209106,0.027564093470573425,7,0.0007350918906249997
208,0.985390305519104,0.014609694480895996,1.3396244049072266,0.027859840542078018,7,0.0007350918906249997
209,0.9852972626686096,0.01470273733139038,1.3504095077514648,0.028059804812073708,7,0.0007350918906249997
210,0.9849027395248413,0.015097260475158691,1.344144582748413,0.028387732803821564,7,0.0007350918906249997
211,0.9853653907775879,0.01463460922241211,1.3308242559432983,0.027796505019068718,7,0.0007350918906249997
212,0.985636830329895,0.01436316967010498,1.3232487440109253,0.027452025562524796,7,0.0007350918906249997
213,0.9853459596633911,0.014654040336608887,1.3475842475891113,0.027983341366052628,7,0.0007350918906249997
214,0.9854524731636047,0.014547526836395264,1.324204683303833,0.027644097805023193,7,0.0007350918906249997
215,0.9848593473434448,0.015140652656555176,1.3383477926254272,0.02837272360920906,7,0.0007350918906249997
216,0.985541045665741,0.014458954334259033,1.3454382419586182,0.02776874601840973,7,0.0007350918906249997
217,0.9851701259613037,0.014829874038696289,1.3346574306488037,0.028028149157762527,8,0.0006983372960937497
218,0.9858269095420837,0.01417309045791626,1.3282169103622437,0.027313528582453728,8,0.0006983372960937497
219,0.9853412508964539,0.014658749103546143,1.3306090831756592,0.02781825140118599,8,0.0006983372960937497
220,0.9853717684745789,0.014628231525421143,1.339717984199524,0.027879130095243454,8,0.0006983372960937497
221,0.9854100346565247,0.014589965343475342,1.3283944129943848,0.027728009968996048,8,0.0006983372960937497
222,0.9856537580490112,0.01434624195098877,1.3293160200119019,0.027495939284563065,8,0.0006983372960937497
223,0.9856356382369995,0.014364361763000488,1.3218104839324951,0.027438823133707047,8,0.0006983372960937497
224,0.9852399230003357,0.014760076999664307,1.345077395439148,0.028063248842954636,8,0.0006983372960937497
225,0.984830915927887,0.015169084072113037,1.339557409286499,0.028412967920303345,8,0.0006983372960937497
226,0.9861360788345337,0.013863921165466309,1.345221996307373,0.02717750146985054,8,0.0006983372960937497
227,0.9850103259086609,0.014989674091339111,1.3315401077270508,0.02815517783164978,8,0.0006983372960937497
228,0.9860141277313232,0.013985872268676758,1.3263864517211914,0.02710987813770771,8,0.0006983372960937497
229,0.9852997064590454,0.01470029354095459,1.3342463970184326,0.02789575420320034,8,0.0006983372960937497
230,0.985014021396637,0.014985978603363037,1.3456465005874634,0.0282925833016634,8,0.0006983372960937497
231,0.9856991171836853,0.014300882816314697,1.3368234634399414,0.02752610854804516,8,0.0006983372960937497
232,0.9862304329872131,0.013769567012786865,1.3353331089019775,0.026985201984643936,8,0.0006983372960937497
233,0.985407829284668,0.014592170715332031,1.3519264459609985,0.02796551212668419,8,0.0006983372960937497
234,0.9852445721626282,0.014755427837371826,1.3369903564453125,0.027977775782346725,8,0.0006983372960937497
235,0.9856950640678406,0.014304935932159424,1.3145692348480225,0.027307577431201935,8,0.0006983372960937497
236,0.9858729243278503,0.014127075672149658,1.3225311040878296,0.027211114764213562,8,0.0006983372960937497
237,0.985303521156311,0.014696478843688965,1.3264294862747192,0.027813808992505074,8,0.0006983372960937497
238,0.985931396484375,0.014068603515625,1.3343405723571777,0.027271322906017303,8,0.0006983372960937497
239,0.9857360124588013,0.01426398754119873,1.3314805030822754,0.02743615210056305,8,0.0006983372960937497
240,0.9856061339378357,0.014393866062164307,1.3326514959335327,0.027576442807912827,8,0.0006983372960937497
241,0.9859347343444824,0.014065265655517578,1.3400901556015015,0.02732551470398903,8,0.0006983372960937497
242,0.9856000542640686,0.014399945735931396,1.3480899333953857,0.027736846357584,8,0.0006983372960937497
243,0.9857149720191956,0.014285027980804443,1.3249926567077637,0.027392104268074036,8,0.0006983372960937497
244,0.9856666922569275,0.01433330774307251,1.3498598337173462,0.02768857218325138,8,0.0006983372960937497
245,0.9858575463294983,0.014142453670501709,1.3398417234420776,0.027399446815252304,8,0.0006983372960937497
246,0.9850092530250549,0.014990746974945068,1.3484619855880737,0.028325458988547325,8,0.0006983372960937497
247,0.9855675101280212,0.01443248987197876,1.3619849681854248,0.02790801413357258,8,0.0006983372960937497
248,0.9852905869483948,0.014709413051605225,1.357461929321289,0.02813693881034851,9,0.0006634204312890621
249,0.9861240983009338,0.013875901699066162,1.346967339515686,0.027206815779209137,9,0.0006634204312890621
250,0.9858144521713257,0.014185547828674316,1.3311641216278076,0.027355333790183067,9,0.0006634204312890621
251,0.9858235716819763,0.014176428318023682,1.3245186805725098,0.027279850095510483,9,0.0006634204312890621
252,0.9853340983390808,0.01466590166091919,1.3359529972076416,0.0278787724673748,9,0.0006634204312890621
253,0.985069215297699,0.014930784702301025,1.3157986402511597,0.027939463034272194,9,0.0006634204312890621
254,0.985848605632782,0.014151394367218018,1.327355146408081,0.027283431962132454,9,0.0006634204312890621
255,0.985587477684021,0.014412522315979004,1.3176782131195068,0.027445178478956223,9,0.0006634204312890621
256,0.9857712984085083,0.0142287015914917,1.337604284286499,0.02746245637536049,9,0.0006634204312890621
257,0.9854989051818848,0.014501094818115234,1.3539154529571533,0.027895238250494003,9,0.0006634204312890621
258,0.9858081340789795,0.014191865921020508,1.3522981405258179,0.027572927996516228,9,0.0006634204312890621
259,0.9852536916732788,0.014746308326721191,1.333756685256958,0.027936412021517754,9,0.0006634204312890621
260,0.9858523607254028,0.014147639274597168,1.330132007598877,0.027307482436299324,9,0.0006634204312890621
261,0.9861128926277161,0.013887107372283936,1.3487414121627808,0.027235649526119232,9,0.0006634204312890621
262,0.9856595993041992,0.014340400695800781,1.329601526260376,0.027493011206388474,9,0.0006634204312890621
263,0.9852495193481445,0.014750480651855469,1.3270556926727295,0.027873532846570015,9,0.0006634204312890621
264,0.985701322555542,0.014298677444458008,1.3318378925323486,0.027474068105220795,9,0.0006634204312890621
265,0.9851852059364319,0.014814794063568115,1.3310179710388184,0.027976825833320618,9,0.0006634204312890621
266,0.9857568144798279,0.01424318552017212,1.320984959602356,0.027310602366924286,9,0.0006634204312890621
267,0.9854903817176819,0.014509618282318115,1.336690902709961,0.027731429785490036,9,0.0006634204312890621
268,0.985623300075531,0.014376699924468994,1.3367115259170532,0.02760004810988903,9,0.0006634204312890621
269,0.985924482345581,0.014075517654418945,1.3205084800720215,0.027139846235513687,9,0.0006634204312890621
270,0.9862747192382812,0.01372528076171875,1.3316749334335327,0.026904776692390442,9,0.0006634204312890621
271,0.9857499599456787,0.014250040054321289,1.3267241716384888,0.027374781668186188,9,0.0006634204312890621
272,0.9860905408859253,0.013909459114074707,1.3269959688186646,0.027040323242545128,9,0.0006634204312890621
273,0.985867440700531,0.014132559299468994,1.338267207145691,0.02737390622496605,9,0.0006634204312890621
274,0.9862223863601685,0.013777613639831543,1.3255290985107422,0.026895128190517426,9,0.0006634204312890621
275,0.9859926104545593,0.014007389545440674,1.3366996049880981,0.027234312146902084,9,0.0006634204312890621
276,0.9860253930091858,0.013974606990814209,1.3135979175567627,0.026970840990543365,9,0.0006634204312890621
277,0.9852883815765381,0.014711618423461914,1.309592366218567,0.027660425752401352,9,0.0006634204312890621
278,0.9860931634902954,0.01390683650970459,1.316845178604126,0.02693622000515461,9,0.0006634204312890621
279,0.9859591722488403,0.014040827751159668,1.3389620780944824,0.027290040627121925,10,0.000630249409724609
280,0.9860790967941284,0.013920903205871582,1.3319802284240723,0.02710149623453617,10,0.000630249409724609
281,0.9853270053863525,0.014672994613647461,1.3313283920288086,0.027839548885822296,10,0.000630249409724609
282,0.9859980940818787,0.014001905918121338,1.3269380331039429,0.02713126689195633,10,0.000630249409724609
283,0.9863909482955933,0.013609051704406738,1.3463340997695923,0.026936301961541176,10,0.000630249409724609
284,0.9854456782341003,0.014554321765899658,1.3428043127059937,0.027836821973323822,10,0.000630249409724609
285,0.9854422807693481,0.014557719230651855,1.3478511571884155,0.027890652418136597,10,0.000630249409724609
286,0.9864267110824585,0.013573288917541504,1.3392744064331055,0.02683030068874359,10,0.000630249409724609
287,0.9856549501419067,0.014345049858093262,1.3278412818908691,0.02748001180589199,10,0.000630249409724609
288,0.9864954352378845,0.013504564762115479,1.3230375051498413,0.02659989520907402,10,0.000630249409724609
289,0.9859122633934021,0.0140877366065979,1.3301937580108643,0.027248796075582504,10,0.000630249409724609
290,0.9851295351982117,0.01487046480178833,1.3227097988128662,0.027948858216404915,10,0.000630249409724609
291,0.9858651757240295,0.014134824275970459,1.3152762651443481,0.027146238833665848,10,0.000630249409724609
292,0.9857328534126282,0.014267146587371826,1.332620620727539,0.02745068073272705,10,0.000630249409724609
293,0.9861152172088623,0.013884782791137695,1.3521543741226196,0.02726747840642929,10,0.000630249409724609
294,0.9865696430206299,0.013430356979370117,1.3252298831939697,0.0265483520925045,10,0.000630249409724609
295,0.9857498407363892,0.01425015926361084,1.3340388536453247,0.027448046952486038,10,0.000630249409724609
296,0.9856089949607849,0.014391005039215088,1.3484642505645752,0.02773173712193966,10,0.000630249409724609
297,0.9855501055717468,0.014449894428253174,1.331447720527649,0.027619872242212296,10,0.000630249409724609
298,0.9866630434989929,0.01333695650100708,1.311063289642334,0.02631422132253647,10,0.000630249409724609
299,0.9861229658126831,0.013877034187316895,1.3259685039520264,0.026997949928045273,10,0.000630249409724609
300,0.9859535098075867,0.01404649019241333,1.3119019269943237,0.027025043964385986,10,0.000630249409724609
301,0.9861980676651001,0.013801932334899902,1.3168402910232544,0.02683231607079506,10,0.000630249409724609
302,0.9858359694480896,0.0141640305519104,1.3231170177459717,0.027253560721874237,10,0.000630249409724609
303,0.9852822422981262,0.01471775770187378,1.333136796951294,0.027901947498321533,10,0.000630249409724609
304,0.9852672219276428,0.014732778072357178,1.313158631324768,0.02771703526377678,10,0.000630249409724609
305,0.9851516485214233,0.01484835147857666,1.3308634757995605,0.02800850197672844,10,0.000630249409724609
306,0.9863020181655884,0.013697981834411621,1.3216428756713867,0.02677743136882782,10,0.000630249409724609
307,0.98603755235672,0.01396244764328003,1.3149223327636719,0.026972047984600067,10,0.000630249409724609
308,0.9860274791717529,0.01397252082824707,1.324745774269104,0.027080252766609192,10,0.000630249409724609
309,0.9858846664428711,0.014115333557128906,1.3437888622283936,0.027412068098783493,10,0.000630249409724609
310,0.9865792989730835,0.013420701026916504,1.3186687231063843,0.02647317945957184,11,0.0005987369392383785
311,0.9852891564369202,0.014710843563079834,1.333181619644165,0.027895551174879074,11,0.0005987369392383785
312,0.9861958026885986,0.013804197311401367,1.3400723934173584,0.027066878974437714,11,0.0005987369392383785
313,0.9865874648094177,0.013412535190582275,1.3207499980926514,0.026485908776521683,11,0.0005987369392383785
314,0.9862802028656006,0.013719797134399414,1.331297755241394,0.02689557522535324,11,0.0005987369392383785
315,0.9862555265426636,0.013744473457336426,1.3428025245666504,0.027035053819417953,11,0.0005987369392383785
316,0.9855750203132629,0.01442497968673706,1.3254209756851196,0.027534939348697662,11,0.0005987369392383785
317,0.9857306480407715,0.014269351959228516,1.3460888862609863,0.02758754789829254,11,0.0005987369392383785
318,0.9860844016075134,0.013915598392486572,1.3241868019104004,0.027018310502171516,11,0.0005987369392383785
319,0.9864230155944824,0.013576984405517578,1.309605360031128,0.026537267491221428,11,0.0005987369392383785
320,0.9864287972450256,0.013571202754974365,1.317667007446289,0.026612158864736557,11,0.0005987369392383785
321,0.986027181148529,0.013972818851470947,1.3218555450439453,0.027051646262407303,11,0.0005987369392383785
322,0.9856765866279602,0.014323413372039795,1.3268120288848877,0.027448300272226334,11,0.0005987369392383785
323,0.9859693050384521,0.014030694961547852,1.3301758766174316,0.027192145586013794,11,0.0005987369392383785
324,0.9862928986549377,0.013707101345062256,1.3272011280059814,0.026842040941119194,11,0.0005987369392383785
325,0.9858956336975098,0.014104366302490234,1.3274824619293213,0.02723814733326435,11,0.0005987369392383785
326,0.9860033392906189,0.013996660709381104,1.322636604309082,0.027083059772849083,11,0.0005987369392383785
327,0.9860380291938782,0.013961970806121826,1.3174285888671875,0.026996636763215065,11,0.0005987369392383785
328,0.9857826828956604,0.0142173171043396,1.3398950099945068,0.027474094182252884,11,0.0005987369392383785
329,0.9860872626304626,0.013912737369537354,1.329413652420044,0.027067746967077255,11,0.0005987369392383785
330,0.9860503077507019,0.013949692249298096,1.3281035423278809,0.02709123119711876,11,0.0005987369392383785
331,0.9860381484031677,0.013961851596832275,1.3519017696380615,0.027341250330209732,11,0.0005987369392383785
332,0.9862346649169922,0.013765335083007812,1.3303399085998535,0.02693108096718788,11,0.0005987369392383785
333,0.9856532216072083,0.014346778392791748,1.3244543075561523,0.027447853237390518,11,0.0005987369392383785
334,0.9864938259124756,0.013506174087524414,1.312296748161316,0.02649408020079136,11,0.0005987369392383785
335,0.985924482345581,0.014075517654418945,1.3141236305236816,0.02707599848508835,11,0.0005987369392383785
336,0.986243486404419,0.013756513595581055,1.3136932849884033,0.026755880564451218,11,0.0005987369392383785
337,0.985961377620697,0.014038622379302979,1.3254209756851196,0.027152445167303085,11,0.0005987369392383785
338,0.9859805703163147,0.014019429683685303,1.3047733306884766,0.02692696824669838,11,0.0005987369392383785
339,0.9864142537117004,0.01358574628829956,1.3201950788497925,0.026651838794350624,11,0.0005987369392383785
340,0.9861841797828674,0.013815820217132568,1.3290537595748901,0.026968199759721756,11,0.0005987369392383785
341,0.9861570596694946,0.013842940330505371,1.3198752403259277,0.026903264224529266,12,0.0005688000922764595
342,0.9857547283172607,0.014245271682739258,1.3248151540756226,0.02735096961259842,12,0.0005688000922764595
343,0.9865507483482361,0.013449251651763916,1.3111542463302612,0.026426300406455994,12,0.0005688000922764595
344,0.9861212968826294,0.013878703117370605,1.3210210800170898,0.026950128376483917,12,0.0005688000922764595
345,0.9864714741706848,0.013528525829315186,1.3203861713409424,0.026597101241350174,12,0.0005688000922764595
346,0.9864649176597595,0.013535082340240479,1.3188334703445435,0.026588065549731255,12,0.0005688000922764595
347,0.9858365058898926,0.014163494110107422,1.3343217372894287,0.027365077286958694,12,0.0005688000922764595
348,0.9862766265869141,0.013723373413085938,1.3297101259231567,0.026883240789175034,12,0.0005688000922764595
349,0.98589688539505,0.014103114604949951,1.330590844154358,0.02726799249649048,12,0.0005688000922764595
350,0.9860885143280029,0.01391148567199707,1.3313267230987549,0.027085639536380768,12,0.0005688000922764595
351,0.9862071871757507,0.013792812824249268,1.3168607950210571,0.026823492720723152,12,0.0005688000922764595
352,0.9865634441375732,0.013436555862426758,1.3289755582809448,0.026591945439577103,12,0.0005688000922764595
353,0.9865309596061707,0.013469040393829346,1.3164516687393188,0.026498865336179733,12,0.0005688000922764595
354,0.9859341979026794,0.014065802097320557,1.3173822164535522,0.027098966762423515,12,0.0005688000922764595
355,0.9860289096832275,0.013971090316772461,1.3121811151504517,0.026953190565109253,12,0.0005688000922764595
356,0.9863706827163696,0.013629317283630371,1.3330665826797485,0.02682368829846382,12,0.0005688000922764595
357,0.9861235618591309,0.01387643814086914,1.3041189908981323,0.02677886374294758,12,0.0005688000922764595
358,0.9865233302116394,0.013476669788360596,1.3268390893936157,0.026610292494297028,12,0.0005688000922764595
359,0.9858788251876831,0.014121174812316895,1.3280503749847412,0.027260467410087585,12,0.0005688000922764595
360,0.9863743782043457,0.013625621795654297,1.321794867515564,0.02670731395483017,12,0.0005688000922764595
361,0.9867236018180847,0.013276398181915283,1.3156919479370117,0.026300553232431412,12,0.0005688000922764595
362,0.9862896203994751,0.013710379600524902,1.3369860649108887,0.026943136006593704,12,0.0005688000922764595
363,0.9860538840293884,0.013946115970611572,1.3272476196289062,0.027079131454229355,12,0.0005688000922764595
364,0.9863724112510681,0.013627588748931885,1.3172523975372314,0.02666383609175682,12,0.0005688000922764595
365,0.9864723086357117,0.01352769136428833,1.3138880729675293,0.026531293988227844,12,0.0005688000922764595
366,0.9865387678146362,0.01346123218536377,1.334242582321167,0.02666904404759407,12,0.0005688000922764595
367,0.9856367707252502,0.014363229274749756,1.3256072998046875,0.027475669980049133,12,0.0005688000922764595
368,0.9860246777534485,0.013975322246551514,1.3252568244934082,0.027088135480880737,12,0.0005688000922764595
369,0.9863086938858032,0.013691306114196777,1.3132908344268799,0.026687301695346832,12,0.0005688000922764595
370,0.9860284328460693,0.013971567153930664,1.3328953981399536,0.027160804718732834,12,0.0005688000922764595
371,0.9866273999214172,0.013372600078582764,1.3251413106918335,0.026490285992622375,12,0.0005688000922764595
372,0.9861366152763367,0.01386338472366333,1.3108214139938354,0.02683296427130699,13,0.0005403600876626365
373,0.986802339553833,0.013197660446166992,1.3348557949066162,0.026414241641759872,13,0.0005403600876626365
374,0.9864447712898254,0.01355522871017456,1.3323324918746948,0.026743002235889435,13,0.0005403600876626365
375,0.9864984750747681,0.013501524925231934,1.317008376121521,0.026536593213677406,13,0.0005403600876626365
376,0.986422061920166,0.013577938079833984,1.322035551071167,0.026662513613700867,13,0.0005403600876626365
377,0.9864533543586731,0.013546645641326904,1.324544072151184,0.0266566202044487,13,0.0005403600876626365
378,0.9861720204353333,0.013827979564666748,1.3350658416748047,0.027040358632802963,13,0.0005403600876626365
379,0.9868825674057007,0.013117432594299316,1.3312149047851562,0.026298407465219498,13,0.0005403600876626365
380,0.9864100813865662,0.013589918613433838,1.3084218502044678,0.026538237929344177,13,0.0005403600876626365
381,0.9863909482955933,0.013609051704406738,1.3130557537078857,0.026603518053889275,13,0.0005403600876626365
382,0.9863281846046448,0.013671815395355225,1.3283138275146484,0.026818234473466873,13,0.0005403600876626365
383,0.9866072535514832,0.013392746448516846,1.3047430515289307,0.02630624920129776,13,0.0005403600876626365
384,0.9862600564956665,0.013739943504333496,1.3083995580673218,0.026686539873480797,13,0.0005403600876626365
385,0.9868393540382385,0.013160645961761475,1.314118504524231,0.02617022395133972,13,0.0005403600876626365
386,0.9863563179969788,0.01364368200302124,1.3210508823394775,0.02671775408089161,13,0.0005403600876626365
387,0.9865259528160095,0.013474047183990479,1.3221454620361328,0.026560761034488678,13,0.0005403600876626365
388,0.9863386154174805,0.013661384582519531,1.3254709243774414,0.026779480278491974,13,0.0005403600876626365
389,0.9865596294403076,0.013440370559692383,1.3091392517089844,0.026397358626127243,13,0.0005403600876626365
390,0.9862801432609558,0.01371985673904419,1.3089276552200317,0.026671934872865677,13,0.0005403600876626365
391,0.9862166047096252,0.013783395290374756,1.3066285848617554,0.026711847633123398,13,0.0005403600876626365
392,0.9859633445739746,0.01403665542602539,1.3360965251922607,0.027257254347205162,13,0.0005403600876626365
393,0.9861142635345459,0.013885736465454102,1.308383822441101,0.02683071792125702,13,0.0005403600876626365
394,0.9864205718040466,0.01357942819595337,1.338653326034546,0.026830166578292847,13,0.0005403600876626365
395,0.9857632517814636,0.014236748218536377,1.33571457862854,0.0274515263736248,13,0.0005403600876626365
396,0.9862052798271179,0.01379472017288208,1.3116786479949951,0.02677355892956257,13,0.0005403600876626365
397,0.9859097003936768,0.014090299606323242,1.3203123807907104,0.027152519673109055,13,0.0005403600876626365
398,0.9860324263572693,0.013967573642730713,1.3015069961547852,0.026842966675758362,13,0.0005403600876626365
399,0.9864404201507568,0.013559579849243164,1.3260172605514526,0.02668415755033493,13,0.0005403600876626365
400,0.9863830208778381,0.013616979122161865,1.3112890720367432,0.026593700051307678,13,0.0005403600876626365
401,0.9861800074577332,0.013819992542266846,1.3361237049102783,0.02704302966594696,13,0.0005403600876626365
402,0.9868301153182983,0.01316988468170166,1.3297183513641357,0.026335369795560837,13,0.0005403600876626365
403,0.9859827756881714,0.014017224311828613,1.331276535987854,0.027189817279577255,14,0.0005133420832795047
404,0.9858206510543823,0.014179348945617676,1.3272007703781128,0.027309563010931015,14,0.0005133420832795047
405,0.9866933822631836,0.013306617736816406,1.3227174282073975,0.026400726288557053,14,0.0005133420832795047
406,0.9862410426139832,0.013758957386016846,1.2994275093078613,0.02661564201116562,14,0.0005133420832795047
407,0.9860609173774719,0.013939082622528076,1.3159981966018677,0.026959672570228577,14,0.0005133420832795047
408,0.9872580170631409,0.01274198293685913,1.3107526302337646,0.025722090154886246,14,0.0005133420832795047
409,0.9869815707206726,0.013018429279327393,1.322374701499939,0.026111992076039314,14,0.0005133420832795047
410,0.9864553213119507,0.013544678688049316,1.3086498975753784,0.026495730504393578,14,0.0005133420832795047
411,0.9866138696670532,0.013386130332946777,1.3200007677078247,0.02645227685570717,14,0.0005133420832795047
412,0.9868494868278503,0.013150513172149658,1.3215705156326294,0.026234712451696396,14,0.0005133420832795047
413,0.9866325855255127,0.013367414474487305,1.3121953010559082,0.026355693116784096,14,0.0005133420832795047
414,0.986920177936554,0.013079822063446045,1.324377179145813,0.026192795485258102,14,0.0005133420832795047
415,0.986558198928833,0.013441801071166992,1.3326866626739502,0.026634249836206436,14,0.0005133420832795047
416,0.986748218536377,0.013251781463623047,1.3255255222320557,0.026374518871307373,14,0.0005133420832795047
417,0.986773669719696,0.013226330280303955,1.311214566230774,0.026206212118268013,14,0.0005133420832795047
418,0.9862135052680969,0.013786494731903076,1.3226474523544312,0.026875104755163193,14,0.0005133420832795047
419,0.9864397048950195,0.013560295104980469,1.32515549659729,0.026676246896386147,14,0.0005133420832795047
420,0.9867696762084961,0.013230323791503906,1.3246713876724243,0.02634473517537117,14,0.0005133420832795047
421,0.9861233830451965,0.013876616954803467,1.3290632963180542,0.027028482407331467,14,0.0005133420832795047
422,0.9862740635871887,0.01372593641281128,1.3197154998779297,0.02678583189845085,14,0.0005133420832795047
423,0.9861092567443848,0.013890743255615234,1.324468970298767,0.02699652500450611,14,0.0005133420832795047
424,0.9862879514694214,0.013712048530578613,1.3100793361663818,0.026675719767808914,14,0.0005133420832795047
425,0.9858352541923523,0.014164745807647705,1.3395919799804688,0.027419017627835274,14,0.0005133420832795047
426,0.985873818397522,0.014126181602478027,1.3096702098846436,0.027081619948148727,14,0.0005133420832795047
427,0.9867240786552429,0.01327592134475708,1.2977739572525024,0.026120901107788086,14,0.0005133420832795047
428,0.9862893223762512,0.01371067762374878,1.3152832984924316,0.026726404204964638,14,0.0005133420832795047
429,0.9865578413009644,0.013442158699035645,1.307589054107666,0.026383627206087112,14,0.0005133420832795047
430,0.9864738583564758,0.01352614164352417,1.3277230262756348,0.026668108999729156,14,0.0005133420832795047
431,0.9865419268608093,0.013458073139190674,1.3006876707077026,0.02633036859333515,14,0.0005133420832795047
432,0.986808180809021,0.013191819190979004,1.3215700387954712,0.026275601238012314,14,0.0005133420832795047
433,0.9857475757598877,0.014252424240112305,1.3124547004699707,0.02723444625735283,14,0.0005133420832795047
434,0.986394464969635,0.01360553503036499,1.3210268020629883,0.02667974680662155,15,0.00048767497911552944
435,0.9864160418510437,0.013583958148956299,1.3075082302093506,0.026523198932409286,15,0.00048767497911552944
436,0.9868174195289612,0.013182580471038818,1.3064367771148682,0.02611512318253517,15,0.00048767497911552944
437,0.9862398505210876,0.013760149478912354,1.3147844076156616,0.026770392432808876,15,0.00048767497911552944
438,0.9866814017295837,0.01331859827041626,1.3184864521026611,0.026370275765657425,15,0.00048767497911552944
439,0.9864842295646667,0.013515770435333252,1.3239068984985352,0.0266196820884943,15,0.00048767497911552944
440,0.9864475727081299,0.013552427291870117,1.3185070753097534,0.026601973921060562,15,0.00048767497911552944
441,0.986492931842804,0.013507068157196045,1.3155486583709717,0.026527483016252518,15,0.00048767497911552944
442,0.9869273900985718,0.013072609901428223,1.3330020904541016,0.02627190575003624,15,0.00048767497911552944
443,0.9870363473892212,0.012963652610778809,1.3255432844161987,0.026089448481798172,15,0.00048767497911552944
444,0.9865472316741943,0.013452768325805664,1.3116520643234253,0.0264347605407238,15,0.00048767497911552944
445,0.9865100383758545,0.013489961624145508,1.3154057264328003,0.02650911919772625,15,0.00048767497911552944
446,0.9861801862716675,0.01381981372833252,1.3190816640853882,0.026872431859374046,15,0.00048767497911552944
447,0.9862433075904846,0.01375669240951538,1.3248709440231323,0.026867834851145744,15,0.00048767497911552944
448,0.9864645004272461,0.013535499572753906,1.3132946491241455,0.026533091440796852,15,0.00048767497911552944
449,0.9865511059761047,0.013448894023895264,1.3168079853057861,0.026482485234737396,15,0.00048767497911552944
450,0.9864163994789124,0.013583600521087646,1.3192107677459717,0.026639871299266815,15,0.00048767497911552944
451,0.9864997863769531,0.013500213623046875,1.323584794998169,0.02660105936229229,15,0.00048767497911552944
452,0.9869364500045776,0.013063549995422363,1.3189659118652344,0.026122573763132095,15,0.00048767497911552944
453,0.986174464225769,0.013825535774230957,1.3130009174346924,0.026817290112376213,15,0.00048767497911552944
454,0.9865427613258362,0.013457238674163818,1.3004801273345947,0.0263274684548378,15,0.00048767497911552944
455,0.9868491888046265,0.013150811195373535,1.3307178020477295,0.026326481252908707,15,0.00048767497911552944
456,0.9869305491447449,0.013069450855255127,1.311061143875122,0.02604936808347702,15,0.00048767497911552944
457,0.986333966255188,0.013666033744812012,1.312492847442627,0.026654301211237907,15,0.00048767497911552944
458,0.9865581393241882,0.013441860675811768,1.3094449043273926,0.026401890441775322,15,0.00048767497911552944
459,0.9870669841766357,0.012933015823364258,1.316875696182251,0.02597244270145893,15,0.00048767497911552944
460,0.9863839745521545,0.013616025447845459,1.3163384199142456,0.02664325013756752,15,0.00048767497911552944
461,0.986358642578125,0.013641357421875,1.3178484439849854,0.026683427393436432,15,0.00048767497911552944
462,0.9864515066146851,0.013548493385314941,1.3274298906326294,0.02668730728328228,15,0.00048767497911552944
463,0.9862363934516907,0.013763606548309326,1.3195334672927856,0.026821304112672806,15,0.00048767497911552944
464,0.9869901537895203,0.013009846210479736,1.3058491945266724,0.025938238948583603,15,0.00048767497911552944
465,0.9865294098854065,0.013470590114593506,1.298136830329895,0.026317253708839417,16,0.00046329123015975297
466,0.9868749976158142,0.013125002384185791,1.3180468082427979,0.02617422118782997,16,0.00046329123015975297
467,0.986265242099762,0.013734757900238037,1.3196858167648315,0.02679426781833172,16,0.00046329123015975297
468,0.9866868853569031,0.013313114643096924,1.3102821111679077,0.02628280594944954,16,0.00046329123015975297
469,0.9870607852935791,0.012939214706420898,1.3036718368530273,0.025846540927886963,16,0.00046329123015975297
470,0.9864795804023743,0.013520419597625732,1.317543625831604,0.026560653001070023,16,0.00046329123015975297
471,0.986674427986145,0.01332557201385498,1.301973819732666,0.02621205523610115,16,0.00046329123015975297
472,0.9866044521331787,0.013395547866821289,1.319366216659546,0.02645525522530079,16,0.00046329123015975297
473,0.9864794015884399,0.013520598411560059,1.3220908641815186,0.026606300845742226,16,0.00046329123015975297
474,0.9869951605796814,0.013004839420318604,1.3158299922943115,0.02603309229016304,16,0.00046329123015975297
475,0.9868916273117065,0.013108372688293457,1.3128159046173096,0.026105448603630066,16,0.00046329123015975297
476,0.9864804148674011,0.013519585132598877,1.3148529529571533,0.026532918214797974,16,0.00046329123015975297
477,0.9868201613426208,0.01317983865737915,1.312414288520813,0.026172183454036713,16,0.00046329123015975297
478,0.9862856268882751,0.013714373111724854,1.3135652542114258,0.02671288140118122,16,0.00046329123015975297
479,0.9863772988319397,0.013622701168060303,1.3157854080200195,0.026644326746463776,16,0.00046329123015975297
480,0.9868826270103455,0.013117372989654541,1.3235071897506714,0.026221271604299545,16,0.00046329123015975297
481,0.9867210388183594,0.013278961181640625,1.3087197542190552,0.02623336762189865,16,0.00046329123015975297
482,0.9871969819068909,0.01280301809310913,1.3218082189559937,0.025893069803714752,16,0.00046329123015975297
483,0.9866269826889038,0.013373017311096191,1.3163803815841675,0.026403089985251427,16,0.00046329123015975297
484,0.9863518476486206,0.013648152351379395,1.3098562955856323,0.026610232889652252,16,0.00046329123015975297
485,0.9866163730621338,0.013383626937866211,1.3185830116271973,0.026435621082782745,16,0.00046329123015975297
486,0.9865315556526184,0.013468444347381592,1.331470251083374,0.02664846181869507,16,0.00046329123015975297
487,0.9868416786193848,0.013158321380615234,1.330480933189392,0.026331547647714615,16,0.00046329123015975297
488,0.9860095381736755,0.013990461826324463,1.3090949058532715,0.026941506192088127,16,0.00046329123015975297
489,0.986260712146759,0.013739287853240967,1.3315846920013428,0.02691774070262909,16,0.00046329123015975297
490,0.9863861203193665,0.013613879680633545,1.3227555751800537,0.026705296710133553,16,0.00046329123015975297
491,0.9865740537643433,0.013425946235656738,1.3102985620498657,0.026394672691822052,16,0.00046329123015975297
492,0.9867786765098572,0.013221323490142822,1.315630555152893,0.026245415210723877,16,0.00046329123015975297
493,0.9865705370903015,0.013429462909698486,1.300431251525879,0.026299480348825455,16,0.00046329123015975297
494,0.9869711995124817,0.01302880048751831,1.324061632156372,0.02613912895321846,16,0.00046329123015975297
495,0.9862858653068542,0.013714134693145752,1.3101886510849,0.02667887881398201,16,0.00046329123015975297
496,0.98663729429245,0.013362705707550049,1.306279182434082,0.026291869580745697,17,0.0004401266686517653
497,0.9861515760421753,0.013848423957824707,1.3302509784698486,0.027012448757886887,17,0.0004401266686517653
498,0.9866670966148376,0.013332903385162354,1.3126083612442017,0.026325657963752747,17,0.0004401266686517653
499,0.9865530729293823,0.013446927070617676,1.311892032623291,0.026431377977132797,17,0.0004401266686517653
500,0.9873085618019104,0.0126914381980896,1.2925875186920166,0.025490399450063705,17,0.0004401266686517653
501,0.9867070317268372,0.013292968273162842,1.3127639293670654,0.026287678629159927,17,0.0004401266686517653
502,0.9866371750831604,0.0133628249168396,1.3142330646514893,0.026371527463197708,17,0.0004401266686517653
503,0.9867364168167114,0.013263583183288574,1.325895071029663,0.026389896869659424,17,0.0004401266686517653
504,0.9869040250778198,0.013095974922180176,1.306037425994873,0.02602538838982582,17,0.0004401266686517653
505,0.9869988560676575,0.01300114393234253,1.338033676147461,0.026251468807458878,17,0.0004401266686517653
506,0.9865986704826355,0.013401329517364502,1.3136682510375977,0.026403997093439102,17,0.0004401266686517653
507,0.9865311980247498,0.013468801975250244,1.3061254024505615,0.026395367458462715,17,0.0004401266686517653
508,0.9867652058601379,0.01323479413986206,1.3120360374450684,0.02622280642390251,17,0.0004401266686517653
509,0.9869806170463562,0.013019382953643799,1.29464590549469,0.02583564817905426,17,0.0004401266686517653
510,0.9861254692077637,0.013874530792236328,1.328006625175476,0.02701585181057453,17,0.0004401266686517653
511,0.9864077568054199,0.013592243194580078,1.3088880777359009,0.026545200496912003,17,0.0004401266686517653
512,0.9869955778121948,0.013004422187805176,1.3338267803192139,0.026212645694613457,17,0.0004401266686517653
513,0.986314058303833,0.013685941696166992,1.3163801431655884,0.02671288326382637,17,0.0004401266686517653
514,0.9869450926780701,0.013054907321929932,1.3334590196609497,0.02625894919037819,17,0.0004401266686517653
515,0.9868320822715759,0.013167917728424072,1.3054542541503906,0.02609078213572502,17,0.0004401266686517653
516,0.9866085648536682,0.013391435146331787,1.3157460689544678,0.026414982974529266,17,0.0004401266686517653
517,0.9866788387298584,0.013321161270141602,1.3232779502868652,0.026420727372169495,17,0.0004401266686517653
518,0.9867527484893799,0.013247251510620117,1.3055140972137451,0.026169920340180397,17,0.0004401266686517653
519,0.9868595004081726,0.013140499591827393,1.2983214855194092,0.02599230781197548,17,0.0004401266686517653
520,0.9865086674690247,0.013491332530975342,1.2970308065414429,0.026326727122068405,17,0.0004401266686517653
521,0.9866471290588379,0.01335287094116211,1.3156862258911133,0.026376204565167427,17,0.0004401266686517653
522,0.9861668944358826,0.013833105564117432,1.318540096282959,0.0268801748752594,17,0.0004401266686517653
523,0.9866213202476501,0.013378679752349854,1.3092581033706665,0.026337474584579468,17,0.0004401266686517653
524,0.9868319630622864,0.013168036937713623,1.3117057085037231,0.026153411716222763,17,0.0004401266686517653
525,0.9866834878921509,0.013316512107849121,1.3232836723327637,0.02641618251800537,17,0.0004401266686517653
526,0.9872803688049316,0.01271963119506836,1.3271055221557617,0.025863490998744965,17,0.0004401266686517653
527,0.9867203235626221,0.01327967643737793,1.3140102624893188,0.026286981999874115,18,0.00041812033521917703
528,0.9865224361419678,0.013477563858032227,1.3055884838104248,0.0263986736536026,18,0.00041812033521917703
529,0.9870073795318604,0.012992620468139648,1.311328411102295,0.02597597800195217,18,0.00041812033521917703
530,0.986915111541748,0.013084888458251953,1.323762059211731,0.02619165927171707,18,0.00041812033521917703
531,0.9869045615196228,0.013095438480377197,1.3237333297729492,0.026201818138360977,18,0.00041812033521917703
532,0.9869283437728882,0.013071656227111816,1.3017627000808716,0.02595856599509716,18,0.00041812033521917703
533,0.9868375658988953,0.013162434101104736,1.3241667747497559,0.026272477582097054,18,0.00041812033521917703
534,0.9869515299797058,0.01304847002029419,1.3169138431549072,0.026087123900651932,18,0.00041812033521917703
535,0.986579418182373,0.013420581817626953,1.3061468601226807,0.026347845792770386,18,0.00041812033521917703
536,0.9866527318954468,0.013347268104553223,1.31675386428833,0.02638133428990841,18,0.00041812033521917703
537,0.9870500564575195,0.012949943542480469,1.2973061800003052,0.02579350583255291,18,0.00041812033521917703
538,0.9865269064903259,0.013473093509674072,1.304652214050293,0.026384884491562843,18,0.00041812033521917703
539,0.9869155287742615,0.013084471225738525,1.295809030532837,0.025911716744303703,18,0.00041812033521917703
540,0.9867310523986816,0.01326894760131836,1.3045568466186523,0.02618182636797428,18,0.00041812033521917703
541,0.9869207739830017,0.013079226016998291,1.316079020500183,0.026109224185347557,18,0.00041812033521917703
542,0.9867777824401855,0.013222217559814453,1.3169606924057007,0.02625960111618042,18,0.00041812033521917703
543,0.9868678450584412,0.013132154941558838,1.3262085914611816,0.02626292034983635,18,0.00041812033521917703
544,0.9864895343780518,0.013510465621948242,1.2978421449661255,0.026353783905506134,18,0.00041812033521917703
545,0.9864712953567505,0.013528704643249512,1.3330742120742798,0.026724159717559814,18,0.00041812033521917703
546,0.9866354465484619,0.013364553451538086,1.3137234449386597,0.026368141174316406,18,0.00041812033521917703
547,0.9866648316383362,0.013335168361663818,1.2893855571746826,0.026095673441886902,18,0.00041812033521917703
548,0.9863826036453247,0.013617396354675293,1.322173833847046,0.026702959090471268,18,0.00041812033521917703
549,0.9865540266036987,0.01344597339630127,1.3258272409439087,0.026569785550236702,18,0.00041812033521917703
550,0.9864915013313293,0.013508498668670654,1.333608865737915,0.026709502562880516,18,0.00041812033521917703
551,0.9865837097167969,0.013416290283203125,1.3135743141174316,0.026417870074510574,18,0.00041812033521917703
552,0.9865368604660034,0.013463139533996582,1.3012566566467285,0.02634107507765293,18,0.00041812033521917703
553,0.9868491291999817,0.01315087080001831,1.3251737356185913,0.026271099224686623,18,0.00041812033521917703
554,0.98686283826828,0.01313716173171997,1.308832049369812,0.026094110682606697,18,0.00041812033521917703
555,0.9867479801177979,0.013252019882202148,1.3111436367034912,0.026230935007333755,18,0.00041812033521917703
556,0.9873055815696716,0.01269441843032837,1.2984117269515991,0.02555159106850624,18,0.00041812033521917703
557,0.9869409799575806,0.013059020042419434,1.3326516151428223,0.026254944503307343,18,0.00041812033521917703
558,0.986985445022583,0.013014554977416992,1.3090671300888062,0.025975080206990242,19,0.00039721431845821814
559,0.9870235919952393,0.012976408004760742,1.2977972030639648,0.025824615731835365,19,0.00039721431845821814
560,0.9865998029708862,0.01340019702911377,1.2933502197265625,0.026199698448181152,19,0.00039721431845821814
561,0.9866145849227905,0.013385415077209473,1.302800178527832,0.02627956122159958,19,0.00039721431845821814
562,0.9863525629043579,0.01364743709564209,1.312654972076416,0.02663751319050789,19,0.00039721431845821814
563,0.9867623448371887,0.01323765516281128,1.3404383659362793,0.026509661227464676,19,0.00039721431845821814
564,0.9867479801177979,0.013252019882202148,1.3125240802764893,0.026244740933179855,19,0.00039721431845821814
565,0.987424910068512,0.012575089931488037,1.3050661087036133,0.025499999523162842,19,0.00039721431845821814
566,0.9867307543754578,0.013269245624542236,1.314741849899292,0.026283971965312958,19,0.00039721431845821814
567,0.9871827960014343,0.012817203998565674,1.3378801345825195,0.026067832484841347,19,0.00039721431845821814
568,0.9868403077125549,0.013159692287445068,1.3125925064086914,0.026154018938541412,19,0.00039721431845821814
569,0.9863036870956421,0.01369631290435791,1.3023681640625,0.026583030819892883,19,0.00039721431845821814
570,0.9870331883430481,0.012966811656951904,1.3140473365783691,0.025977617129683495,19,0.00039721431845821814
571,0.9871834516525269,0.012816548347473145,1.2891958951950073,0.02558034099638462,19,0.00039721431845821814
572,0.9864618182182312,0.013538181781768799,1.305593729019165,0.0264587365090847,19,0.00039721431845821814
573,0.9868279695510864,0.013172030448913574,1.3033537864685059,0.026073846966028214,19,0.00039721431845821814
574,0.9866086840629578,0.013391315937042236,1.3174400329589844,0.026431802660226822,19,0.00039721431845821814
575,0.9867019057273865,0.013298094272613525,1.3038982152938843,0.026204094290733337,19,0.00039721431845821814
576,0.9871339201927185,0.012866079807281494,1.3181452751159668,0.0259188711643219,19,0.00039721431845821814
577,0.9871776700019836,0.012822329998016357,1.313036322593689,0.025824468582868576,19,0.00039721431845821814
578,0.9869116544723511,0.013088345527648926,1.3168669939041138,0.026126131415367126,19,0.00039721431845821814
579,0.9866074919700623,0.013392508029937744,1.321169137954712,0.026470273733139038,19,0.00039721431845821814
580,0.986836314201355,0.01316368579864502,1.3142119646072388,0.026174169033765793,19,0.00039721431845821814
581,0.9867138862609863,0.013286113739013672,1.3139103651046753,0.026292357593774796,19,0.00039721431845821814
582,0.9870200157165527,0.012979984283447266,1.3071982860565186,0.025922168046236038,19,0.00039721431845821814
583,0.9870237112045288,0.012976288795471191,1.3083572387695312,0.025930099189281464,19,0.00039721431845821814
584,0.9869226813316345,0.013077318668365479,1.316581130027771,0.026112355291843414,19,0.00039721431845821814
585,0.9867701530456543,0.013229846954345703,1.3145257234573364,0.026242805644869804,19,0.00039721431845821814
586,0.9866852164268494,0.013314783573150635,1.3248791694641113,0.02643042802810669,19,0.00039721431845821814
587,0.9866749048233032,0.013325095176696777,1.304173231124878,0.026233576238155365,19,0.00039721431845821814
588,0.9862406253814697,0.013759374618530273,1.3351978063583374,0.02697375789284706,19,0.00039721431845821814
589,0.9869666695594788,0.01303333044052124,1.3101062774658203,0.026004061102867126,20,0.0003773536025353072
590,0.9866050481796265,0.013394951820373535,1.306533932685852,0.026326341554522514,20,0.0003773536025353072
591,0.9870465993881226,0.012953400611877441,1.3016772270202637,0.02584063820540905,20,0.0003773536025353072
592,0.9868727326393127,0.013127267360687256,1.3117278814315796,0.026113273575901985,20,0.0003773536025353072
593,0.9873441457748413,0.012655854225158691,1.3061964511871338,0.025591259822249413,20,0.0003773536025353072
594,0.987035870552063,0.012964129447937012,1.315415382385254,0.025988642126321793,20,0.0003773536025353072
595,0.9870402216911316,0.012959778308868408,1.3187323808670044,0.026017505675554276,20,0.0003773536025353072
596,0.9870410561561584,0.012958943843841553,1.3286759853363037,0.026116114109754562,20,0.0003773536025353072
597,0.9865126609802246,0.01348733901977539,1.312712550163269,0.02647959068417549,20,0.0003773536025353072
598,0.9866114258766174,0.013388574123382568,1.3109229803085327,0.02636391669511795,20,0.0003773536025353072
599,0.9870633482933044,0.012936651706695557,1.3242158889770508,0.02604944445192814,20,0.0003773536025353072
600,0.9867458343505859,0.013254165649414062,1.3234305381774902,0.026355929672718048,20,0.0003773536025353072
601,0.9864346385002136,0.013565361499786377,1.3182963132858276,0.026612671092152596,20,0.0003773536025353072
602,0.9865846037864685,0.013415396213531494,1.329291820526123,0.026574160903692245,20,0.0003773536025353072
603,0.9870333671569824,0.012966632843017578,1.3149187564849854,0.02598615363240242,20,0.0003773536025353072
604,0.986726701259613,0.013273298740386963,1.2958433628082275,0.02609900012612343,20,0.0003773536025353072
605,0.9868126511573792,0.01318734884262085,1.313857078552246,0.026194047182798386,20,0.0003773536025353072
606,0.9869375228881836,0.013062477111816406,1.2919305562973022,0.025851156562566757,20,0.0003773536025353072
607,0.9866265654563904,0.01337343454360962,1.3089138269424438,0.026328839361667633,20,0.0003773536025353072
608,0.9868258833885193,0.013174116611480713,1.307459831237793,0.026116974651813507,20,0.0003773536025353072
609,0.9866411089897156,0.013358891010284424,1.3079781532287598,0.02630508318543434,20,0.0003773536025353072
610,0.9865891337394714,0.013410866260528564,1.3147640228271484,0.02642439678311348,20,0.0003773536025353072
611,0.9864397048950195,0.013560295104980469,1.3255627155303955,0.026680320501327515,20,0.0003773536025353072
612,0.9871072173118591,0.01289278268814087,1.299633264541626,0.025760188698768616,20,0.0003773536025353072
613,0.9873489141464233,0.01265108585357666,1.2971638441085815,0.025496212765574455,20,0.0003773536025353072
614,0.9871402382850647,0.012859761714935303,1.3003997802734375,0.02573516219854355,20,0.0003773536025353072
615,0.9870567321777344,0.012943267822265625,1.302859902381897,0.02584243379533291,20,0.0003773536025353072
616,0.9872555136680603,0.012744486331939697,1.3116967678070068,0.025734007358551025,20,0.0003773536025353072
617,0.9863815903663635,0.013618409633636475,1.3070647716522217,0.026552874594926834,20,0.0003773536025353072
618,0.9870828986167908,0.012917101383209229,1.2962570190429688,0.025750499218702316,20,0.0003773536025353072
619,0.986670196056366,0.013329803943634033,1.3262689113616943,0.026459194719791412,20,0.0003773536025353072
620,0.9868072867393494,0.013192713260650635,1.317897081375122,0.026239756494760513,21,0.0003584859224085418
621,0.9866105318069458,0.0133894681930542,1.309860110282898,0.026354175060987473,21,0.0003584859224085418
622,0.9871300458908081,0.012869954109191895,1.303868055343628,0.025779934599995613,21,0.0003584859224085418
623,0.9869290590286255,0.013070940971374512,1.319669485092163,0.02613692730665207,21,0.0003584859224085418
624,0.9867149591445923,0.013285040855407715,1.310945987701416,0.026261650025844574,21,0.0003584859224085418
625,0.9870716333389282,0.012928366661071777,1.3028390407562256,0.025827473029494286,21,0.0003584859224085418
626,0.9871234893798828,0.012876510620117188,1.3085626363754272,0.0258333720266819,21,0.0003584859224085418
627,0.9866734743118286,0.013326525688171387,1.2963318824768066,0.026156578212976456,21,0.0003584859224085418
628,0.9870768189430237,0.012923181056976318,1.3149099349975586,0.025943048298358917,21,0.0003584859224085418
629,0.9866089820861816,0.01339101791381836,1.3123393058776855,0.026380501687526703,21,0.0003584859224085418
630,0.9871577024459839,0.012842297554016113,1.3118939399719238,0.02583281323313713,21,0.0003584859224085418
631,0.9869329929351807,0.013067007064819336,1.3066470623016357,0.026002807542681694,21,0.0003584859224085418
632,0.9867159128189087,0.013284087181091309,1.317774772644043,0.02632899396121502,21,0.0003584859224085418
633,0.9867511987686157,0.013248801231384277,1.3111310005187988,0.026227623224258423,21,0.0003584859224085418
634,0.9866045713424683,0.013395428657531738,1.3026719093322754,0.026288192719221115,21,0.0003584859224085418
635,0.9868965148925781,0.013103485107421875,1.3383183479309082,0.02635563537478447,21,0.0003584859224085418
636,0.9868460893630981,0.013153910636901855,1.3183079957962036,0.026205450296401978,21,0.0003584859224085418
637,0.9872069954872131,0.012793004512786865,1.2957624197006226,0.025622699409723282,21,0.0003584859224085418
638,0.9869928359985352,0.013007164001464844,1.3044407367706299,0.025921499356627464,21,0.0003584859224085418
639,0.9870921969413757,0.012907803058624268,1.337543249130249,0.026154156774282455,21,0.0003584859224085418
640,0.9870216250419617,0.01297837495803833,1.3199117183685303,0.026047708466649055,21,0.0003584859224085418
641,0.9871692061424255,0.012830793857574463,1.2964116334915161,0.025666601955890656,21,0.0003584859224085418
642,0.9871237277984619,0.012876272201538086,1.3003077507019043,0.02575058676302433,21,0.0003584859224085418
643,0.9868998527526855,0.013100147247314453,1.3012471199035645,0.025981616228818893,21,0.0003584859224085418
644,0.9868007302284241,0.013199269771575928,1.299636960029602,0.026063647121191025,21,0.0003584859224085418
645,0.9865437150001526,0.013456284999847412,1.302268385887146,0.026344405487179756,21,0.0003584859224085418
646,0.986981987953186,0.013018012046813965,1.3023710250854492,0.025911541655659676,21,0.0003584859224085418
647,0.986953616142273,0.01304638385772705,1.311223030090332,0.02602815069258213,21,0.0003584859224085418
648,0.9869175553321838,0.013082444667816162,1.31541109085083,0.02610573172569275,21,0.0003584859224085418
649,0.9869871735572815,0.013012826442718506,1.3156814575195312,0.02603951282799244,21,0.0003584859224085418
650,0.9865094423294067,0.013490557670593262,1.3159642219543457,0.02651529386639595,21,0.0003584859224085418
651,0.9869964122772217,0.01300358772277832,1.308076024055481,0.025954311713576317,22,0.0003405616262881147
652,0.9866496920585632,0.013350307941436768,1.3182812929153442,0.02639961615204811,22,0.0003405616262881147
653,0.9869245886802673,0.013075411319732666,1.3077843189239502,0.026022501289844513,22,0.0003405616262881147
654,0.9867639541625977,0.013236045837402344,1.2908529043197632,0.02601221390068531,22,0.0003405616262881147
655,0.9874093532562256,0.012590646743774414,1.3109594583511353,0.02557433396577835,22,0.0003405616262881147
656,0.9871675372123718,0.012832462787628174,1.3143980503082275,0.02584811858832836,22,0.0003405616262881147
657,0.9870914816856384,0.012908518314361572,1.3201069831848145,0.025980502367019653,22,0.0003405616262881147
658,0.987346351146698,0.012653648853302002,1.2906889915466309,0.02543400228023529,22,0.0003405616262881147
659,0.9872968792915344,0.012703120708465576,1.319625973701477,0.025772348046302795,22,0.0003405616262881147
660,0.9869331121444702,0.013066887855529785,1.3094427585601807,0.02603064477443695,22,0.0003405616262881147
661,0.987581729888916,0.012418270111083984,1.334855079650879,0.02564263716340065,22,0.0003405616262881147
662,0.9871655702590942,0.012834429740905762,1.314005970954895,0.025846144184470177,22,0.0003405616262881147
663,0.9869903326034546,0.01300966739654541,1.3016343116760254,0.025895914062857628,22,0.0003405616262881147
664,0.9868983030319214,0.013101696968078613,1.314956545829773,0.026120245456695557,22,0.0003405616262881147
665,0.9866942167282104,0.01330578327178955,1.307777762413025,0.026250502094626427,22,0.0003405616262881147
666,0.9869773387908936,0.013022661209106445,1.3192194700241089,0.026084627956151962,22,0.0003405616262881147
667,0.9870972633361816,0.01290273666381836,1.3091305494308472,0.025865014642477036,22,0.0003405616262881147
668,0.9865639805793762,0.01343601942062378,1.3080495595932007,0.02638215571641922,22,0.0003405616262881147
669,0.9868137836456299,0.013186216354370117,1.300449013710022,0.026058845221996307,22,0.0003405616262881147
670,0.9869858026504517,0.01301419734954834,1.2973287105560303,0.025857342407107353,22,0.0003405616262881147
671,0.9865537285804749,0.013446271419525146,1.3003275394439697,0.026315083727240562,22,0.0003405616262881147
672,0.9871823787689209,0.012817621231079102,1.3081049919128418,0.02577049471437931,22,0.0003405616262881147
673,0.9866877794265747,0.013312220573425293,1.320703387260437,0.02638613060116768,22,0.0003405616262881147
674,0.9869858622550964,0.013014137744903564,1.3046658039093018,0.025930654257535934,22,0.0003405616262881147
675,0.9872642755508423,0.012735724449157715,1.2953758239746094,0.02556212618947029,22,0.0003405616262881147
676,0.9864489436149597,0.013551056385040283,1.3228963613510132,0.0266445092856884,22,0.0003405616262881147
677,0.986675500869751,0.013324499130249023,1.306445837020874,0.026255711913108826,22,0.0003405616262881147
678,0.9867523312568665,0.013247668743133545,1.3208211660385132,0.026323404163122177,22,0.0003405616262881147
679,0.9870226979255676,0.012977302074432373,1.3090243339538574,0.025937771424651146,22,0.0003405616262881147
680,0.9869186878204346,0.01308131217956543,1.2831052541732788,0.025781551375985146,22,0.0003405616262881147
681,0.9863039255142212,0.013696074485778809,1.30370032787323,0.02659611776471138,22,0.0003405616262881147
682,0.9872463345527649,0.012753665447235107,1.3080449104309082,0.02570657804608345,23,0.00032353354497370894
683,0.9864987730979919,0.013501226902008057,1.3241546154022217,0.026607761159539223,23,0.00032353354497370894
684,0.9869022369384766,0.013097763061523438,1.3235652446746826,0.026202436536550522,23,0.00032353354497370894
685,0.9873008728027344,0.012699127197265625,1.3041232824325562,0.025613367557525635,23,0.00032353354497370894
686,0.9866982102394104,0.0133017897605896,1.3090633153915405,0.0262594036757946,23,0.00032353354497370894
687,0.9868279695510864,0.013172030448913574,1.304896593093872,0.026089277118444443,23,0.00032353354497370894
688,0.9867826104164124,0.013217389583587646,1.3066480159759521,0.026151694357395172,23,0.00032353354497370894
689,0.9869488477706909,0.013051152229309082,1.2978951930999756,0.02589959278702736,23,0.00032353354497370894
690,0.9870642423629761,0.012935757637023926,1.302691102027893,0.025833310559391975,23,0.00032353354497370894
691,0.9868618845939636,0.013138115406036377,1.3049272298812866,0.02605600655078888,23,0.00032353354497370894
692,0.9868160486221313,0.013183951377868652,1.3072938919067383,0.026125051081180573,23,0.00032353354497370894
693,0.9867062568664551,0.013293743133544922,1.3141728639602661,0.026302535086870193,23,0.00032353354497370894
694,0.9871117472648621,0.01288825273513794,1.3029626607894897,0.02578899636864662,23,0.00032353354497370894
695,0.986630380153656,0.013369619846343994,1.3002533912658691,0.02623845636844635,23,0.00032353354497370894
696,0.9869023561477661,0.013097643852233887,1.3259512186050415,0.02622617781162262,23,0.00032353354497370894
697,0.9872121214866638,0.012787878513336182,1.313241720199585,0.02579241618514061,23,0.00032353354497370894
698,0.9869478344917297,0.013052165508270264,1.3112119436264038,0.026033762842416763,23,0.00032353354497370894
699,0.9870888590812683,0.01291114091873169,1.297843337059021,0.025760462507605553,23,0.00032353354497370894
700,0.9867004156112671,0.01329958438873291,1.3123586177825928,0.026290174573659897,23,0.00032353354497370894
701,0.9866951704025269,0.013304829597473145,1.3078675270080566,0.026250455528497696,23,0.00032353354497370894
702,0.9874024987220764,0.012597501277923584,1.2988336086273193,0.025459861382842064,23,0.00032353354497370894
703,0.987298846244812,0.012701153755187988,1.3257638216018677,0.025831781327724457,23,0.00032353354497370894
704,0.9872644543647766,0.012735545635223389,1.3070734739303589,0.025678925216197968,23,0.00032353354497370894
705,0.9869185090065002,0.013081490993499756,1.3051960468292236,0.026002638041973114,23,0.00032353354497370894
706,0.9869491457939148,0.013050854206085205,1.2999646663665771,0.025919992476701736,23,0.00032353354497370894
707,0.9868767261505127,0.013123273849487305,1.3038485050201416,0.0260305255651474,23,0.00032353354497370894
708,0.9868660569190979,0.0131339430809021,1.304911494255066,0.02605171874165535,23,0.00032353354497370894
709,0.9873242378234863,0.012675762176513672,1.3182698488235474,0.025731701403856277,23,0.00032353354497370894
710,0.9871140718460083,0.0128859281539917,1.3190739154815674,0.02594780921936035,23,0.00032353354497370894
711,0.9874399304389954,0.012560069561004639,1.2945330142974854,0.02537979930639267,23,0.00032353354497370894
712,0.9876779317855835,0.012322068214416504,1.2950741052627563,0.02514958754181862,23,0.00032353354497370894
713,0.9865231513977051,0.013476848602294922,1.3071385622024536,0.026413466781377792,24,0.00030735686772502346
714,0.9868140816688538,0.01318591833114624,1.3144299983978271,0.026198357343673706,24,0.00030735686772502346
715,0.9871320128440857,0.012867987155914307,1.30784273147583,0.025817733258008957,24,0.00030735686772502346
716,0.9869664907455444,0.013033509254455566,1.3084291219711304,0.02598746493458748,24,0.00030735686772502346
717,0.9869649410247803,0.013035058975219727,1.3039333820343018,0.025944042950868607,24,0.00030735686772502346
718,0.9870900511741638,0.012909948825836182,1.315505862236023,0.025935906916856766,24,0.00030735686772502346
719,0.9870192408561707,0.012980759143829346,1.3153789043426514,0.026004739105701447,24,0.00030735686772502346
720,0.9872589111328125,0.0127410888671875,1.312962532043457,0.025743303820490837,24,0.00030735686772502346
721,0.9869231581687927,0.013076841831207275,1.2910162210464478,0.02585623599588871,24,0.00030735686772502346
722,0.9871648550033569,0.012835144996643066,1.2976722717285156,0.025683516636490822,24,0.00030735686772502346
723,0.986954927444458,0.013045072555541992,1.313003659248352,0.026044659316539764,24,0.00030735686772502346
724,0.9870697855949402,0.012930214405059814,1.3187506198883057,0.025988418608903885,24,0.00030735686772502346
725,0.9874158501625061,0.012584149837493896,1.3104445934295654,0.025562753900885582,24,0.00030735686772502346
726,0.987334668636322,0.012665331363677979,1.3074549436569214,0.025613225996494293,24,0.00030735686772502346
727,0.9873141646385193,0.012685835361480713,1.3186960220336914,0.0257459357380867,24,0.00030735686772502346
728,0.9874335527420044,0.012566447257995605,1.300445318222046,0.025445235893130302,24,0.00030735686772502346
729,0.9870540499687195,0.012945950031280518,1.306551218032837,0.025882001966238022,24,0.00030735686772502346
730,0.9867021441459656,0.013297855854034424,1.3155522346496582,0.02632039785385132,24,0.00030735686772502346
731,0.9868378043174744,0.013162195682525635,1.2949532270431519,0.025980105623602867,24,0.00030735686772502346
732,0.9870087504386902,0.012991249561309814,1.2931007146835327,0.02579234540462494,24,0.00030735686772502346
733,0.9865877032279968,0.013412296772003174,1.2945491075515747,0.026223665103316307,24,0.00030735686772502346
734,0.9867774844169617,0.01322251558303833,1.3376703262329102,0.026466991752386093,24,0.00030735686772502346
735,0.9872149229049683,0.012785077095031738,1.3201746940612793,0.02585897222161293,24,0.00030735686772502346
736,0.9870675802230835,0.012932419776916504,1.293889045715332,0.02574198693037033,24,0.00030735686772502346
737,0.9869894981384277,0.013010501861572266,1.2998265027999878,0.0258786603808403,24,0.00030735686772502346
738,0.9873486161231995,0.012651383876800537,1.300321340560913,0.025528084486722946,24,0.00030735686772502346
739,0.9872289299964905,0.012771070003509521,1.3036158084869385,0.025679517537355423,24,0.00030735686772502346
740,0.987166702747345,0.01283329725265503,1.3012521266937256,0.025717485696077347,24,0.00030735686772502346
741,0.9872827529907227,0.012717247009277344,1.3029391765594482,0.025619465857744217,24,0.00030735686772502346
742,0.9868072867393494,0.013192713260650635,1.3014180660247803,0.0260749664157629,24,0.00030735686772502346
743,0.986753523349762,0.013246476650238037,1.3207263946533203,0.026321275159716606,24,0.00030735686772502346
744,0.9870373010635376,0.012962698936462402,1.309421420097351,0.025927286595106125,25,0.00029198902433877225
745,0.9873929023742676,0.012607097625732422,1.3156750202178955,0.025637775659561157,25,0.00029198902433877225
746,0.9870147705078125,0.0129852294921875,1.2979153394699097,0.02583453059196472,25,0.00029198902433877225
747,0.9868731498718262,0.013126850128173828,1.3092104196548462,0.026087686419487,25,0.00029198902433877225
748,0.986930251121521,0.013069748878479004,1.3344123363494873,0.026283174753189087,25,0.00029198902433877225
749,0.987017035484314,0.012982964515686035,1.2985930442810059,0.02583906427025795,25,0.00029198902433877225
750,0.9871646165847778,0.012835383415222168,1.313660740852356,0.025843635201454163,25,0.00029198902433877225
751,0.9871876239776611,0.012812376022338867,1.3034820556640625,0.02571907266974449,25,0.00029198902433877225
752,0.9868109226226807,0.013189077377319336,1.3204666376113892,0.02626185119152069,25,0.00029198902433877225
753,0.986968457698822,0.013031542301177979,1.2934889793395996,0.025836117565631866,25,0.00029198902433877225
754,0.9871566891670227,0.012843310832977295,1.3166441917419434,0.025881320238113403,25,0.00029198902433877225
755,0.9872391223907471,0.01276087760925293,1.2998838424682617,0.025632105767726898,25,0.00029198902433877225
756,0.9870867729187012,0.012913227081298828,1.3024423122406006,0.025808516889810562,25,0.00029198902433877225
757,0.9871971011161804,0.01280289888381958,1.3080092668533325,0.025754962116479874,25,0.00029198902433877225
758,0.9870680570602417,0.0129319429397583,1.2962164878845215,0.025764787569642067,25,0.00029198902433877225
759,0.9866213202476501,0.013378679752349854,1.3030866384506226,0.02627575956285,25,0.00029198902433877225
760,0.9871746301651001,0.012825369834899902,1.3153895139694214,0.025851011276245117,25,0.00029198902433877225
761,0.9872796535491943,0.012720346450805664,1.2986174821853638,0.025579318404197693,25,0.00029198902433877225
762,0.9874975681304932,0.012502431869506836,1.3095321655273438,0.02547272853553295,25,0.00029198902433877225
763,0.986994206905365,0.01300579309463501,1.305349349975586,0.025929227471351624,25,0.00029198902433877225
764,0.987554132938385,0.01244586706161499,1.2921061515808105,0.02524247020483017,25,0.00029198902433877225
765,0.9868587255477905,0.013141274452209473,1.2888504266738892,0.025898367166519165,25,0.00029198902433877225
766,0.9873284697532654,0.01267153024673462,1.3074233531951904,0.02561904862523079,25,0.00029198902433877225
767,0.9870611429214478,0.012938857078552246,1.3123422861099243,0.02593289129436016,25,0.00029198902433877225
768,0.9866464138031006,0.013353586196899414,1.3189929723739624,0.026409979909658432,25,0.00029198902433877225
769,0.9873062372207642,0.01269376277923584,1.2985817193984985,0.025552641600370407,25,0.00029198902433877225
770,0.9872817397117615,0.012718260288238525,1.3113006353378296,0.02570408396422863,25,0.00029198902433877225
771,0.9865592122077942,0.01344078779220581,1.2990344762802124,0.026296723634004593,25,0.00029198902433877225
772,0.9869492650032043,0.013050734996795654,1.308469533920288,0.02600492164492607,25,0.00029198902433877225
773,0.9873033761978149,0.012696623802185059,1.3074066638946533,0.0256437249481678,25,0.00029198902433877225
774,0.9870219826698303,0.012978017330169678,1.304429054260254,0.025892527773976326,25,0.00029198902433877225
775,0.9871779680252075,0.01282203197479248,1.3027727603912354,0.025721538811922073,26,0.00027738957312183364
776,0.9872801899909973,0.012719810009002686,1.3099071979522705,0.0256916843354702,26,0.00027738957312183364
777,0.9869409799575806,0.013059020042419434,1.305662989616394,0.025985058397054672,26,0.00027738957312183364
778,0.9869610667228699,0.013038933277130127,1.3057705163955688,0.025966249406337738,26,0.00027738957312183364
779,0.9873933792114258,0.012606620788574219,1.295310378074646,0.025433659553527832,26,0.00027738957312183364
780,0.9871292114257812,0.01287078857421875,1.316520094871521,0.025907281786203384,26,0.00027738957312183364
781,0.9872794151306152,0.012720584869384766,1.2941608428955078,0.025534987449645996,26,0.00027738957312183364
782,0.9871581792831421,0.01284182071685791,1.3020347356796265,0.02573375031352043,26,0.00027738957312183364
783,0.9871534109115601,0.012846589088439941,1.3025755882263184,0.02574387937784195,26,0.00027738957312183364
784,0.9871230125427246,0.01287698745727539,1.3025978803634644,0.025774195790290833,26,0.00027738957312183364
785,0.9875316619873047,0.012468338012695312,1.3021737337112427,0.025365391746163368,26,0.00027738957312183364
786,0.9870845675468445,0.012915432453155518,1.3200359344482422,0.02598663792014122,26,0.00027738957312183364
787,0.9873604774475098,0.012639522552490234,1.2877156734466553,0.02539028227329254,26,0.00027738957312183364
788,0.9872028827667236,0.012797117233276367,1.2930761575698853,0.025599908083677292,26,0.00027738957312183364
789,0.9870567321777344,0.012943267822265625,1.2956024408340454,0.025769859552383423,26,0.00027738957312183364
790,0.9869047999382019,0.013095200061798096,1.3015644550323486,0.025979891419410706,26,0.00027738957312183364
791,0.9868947863578796,0.013105213642120361,1.3137240409851074,0.026111401617527008,26,0.00027738957312183364
792,0.9870357513427734,0.012964248657226562,1.3118799924850464,0.02595340646803379,26,0.00027738957312183364
793,0.9871459007263184,0.01285409927368164,1.2982414960861206,0.025707973167300224,26,0.00027738957312183364
794,0.9872825741767883,0.01271742582321167,1.3159538507461548,0.02574979141354561,26,0.00027738957312183364
795,0.9874018430709839,0.012598156929016113,1.3127700090408325,0.025599874556064606,26,0.00027738957312183364
796,0.9867338538169861,0.013266146183013916,1.3110930919647217,0.02624441683292389,26,0.00027738957312183364
797,0.9867252707481384,0.013274729251861572,1.3002009391784668,0.026143990457057953,26,0.00027738957312183364
798,0.9875593781471252,0.012440621852874756,1.3044798374176025,0.025361012667417526,26,0.00027738957312183364
799,0.9868777394294739,0.013122260570526123,1.3080905675888062,0.0260719433426857,26,0.00027738957312183364
800,0.9867981672286987,0.01320183277130127,1.3159650564193726,0.026229465380311012,26,0.00027738957312183364
801,0.9872510433197021,0.012748956680297852,1.321007490158081,0.025831542909145355,26,0.00027738957312183364
802,0.9872612357139587,0.01273876428604126,1.31882643699646,0.025799641385674477,26,0.00027738957312183364
803,0.9869123697280884,0.013087630271911621,1.3079438209533691,0.02603619173169136,26,0.00027738957312183364
804,0.9869976043701172,0.013002395629882812,1.294684886932373,0.025819219648838043,26,0.00027738957312183364
805,0.9868931770324707,0.013106822967529297,1.3022282123565674,0.025998037308454514,26,0.00027738957312183364
806,0.9874862432479858,0.01251375675201416,1.291991114616394,0.025308530777692795,27,0.0002635200944657419
807,0.9872170090675354,0.0127829909324646,1.2982409000396729,0.025637570768594742,27,0.0002635200944657419
808,0.987260639667511,0.012739360332489014,1.2985045909881592,0.025597013533115387,27,0.0002635200944657419
809,0.9874081611633301,0.012591838836669922,1.2898579835891724,0.025364499539136887,27,0.0002635200944657419
810,0.9875120520591736,0.012487947940826416,1.3186901807785034,0.02554997056722641,27,0.0002635200944657419
811,0.9871993660926819,0.012800633907318115,1.3064451217651367,0.025737076997756958,27,0.0002635200944657419
812,0.9867013692855835,0.013298630714416504,1.2977092266082764,0.02614273503422737,27,0.0002635200944657419
813,0.9870761632919312,0.012923836708068848,1.313370943069458,0.025928307324647903,27,0.0002635200944657419
814,0.9874866604804993,0.012513339519500732,1.3161251544952393,0.025549456477165222,27,0.0002635200944657419
815,0.9869504570960999,0.013049542903900146,1.316780686378479,0.026086855679750443,27,0.0002635200944657419
816,0.9873186349868774,0.012681365013122559,1.3207032680511475,0.02576158381998539,27,0.0002635200944657419
817,0.9871270656585693,0.012872934341430664,1.305530309677124,0.02579950913786888,27,0.0002635200944657419
818,0.9874586462974548,0.012541353702545166,1.2905522584915161,0.025321461260318756,27,0.0002635200944657419
819,0.9866637587547302,0.013336241245269775,1.3096153736114502,0.02629903331398964,27,0.0002635200944657419
820,0.9875105023384094,0.012489497661590576,1.3086187839508057,0.02545079030096531,27,0.0002635200944657419
821,0.9869261384010315,0.013073861598968506,1.3107309341430664,0.02605043351650238,27,0.0002635200944657419
822,0.98715740442276,0.01284259557723999,1.2901582717895508,0.02561575174331665,27,0.0002635200944657419
823,0.9870296716690063,0.012970328330993652,1.3045092821121216,0.02588571608066559,27,0.0002635200944657419
824,0.9868411421775818,0.013158857822418213,1.3010234832763672,0.02603750303387642,27,0.0002635200944657419
825,0.9871707558631897,0.012829244136810303,1.3027215003967285,0.025728166103363037,27,0.0002635200944657419
826,0.987170934677124,0.012829065322875977,1.30974543094635,0.02579822763800621,27,0.0002635200944657419
827,0.9871582984924316,0.01284170150756836,1.2934319972991943,0.0256476029753685,27,0.0002635200944657419
828,0.9870859980583191,0.012914001941680908,1.2985479831695557,0.025770340114831924,27,0.0002635200944657419
829,0.9869861602783203,0.013013839721679688,1.3345330953598022,0.02622903138399124,27,0.0002635200944657419
830,0.9875235557556152,0.012476444244384766,1.3156185150146484,0.025507863610982895,27,0.0002635200944657419
831,0.9868653416633606,0.013134658336639404,1.293731451034546,0.025940626859664917,27,0.0002635200944657419
832,0.9868605136871338,0.013139486312866211,1.3095756769180298,0.026103846728801727,27,0.0002635200944657419
833,0.9870325922966003,0.012967407703399658,1.3087319135665894,0.025925053283572197,27,0.0002635200944657419
834,0.9868291020393372,0.013170897960662842,1.3030824661254883,0.026070013642311096,27,0.0002635200944657419
835,0.9871753454208374,0.012824654579162598,1.2918648719787598,0.025615055114030838,27,0.0002635200944657419
836,0.9875654578208923,0.012434542179107666,1.2927159070968628,0.02523735538125038,27,0.0002635200944657419
837,0.9873562455177307,0.012643754482269287,1.3096853494644165,0.025614170357584953,28,0.0002503440897424548
838,0.9872766137123108,0.012723386287689209,1.2875871658325195,0.025472024455666542,28,0.0002503440897424548
839,0.9869071841239929,0.01309281587600708,1.3220387697219849,0.026182275265455246,28,0.0002503440897424548
840,0.9868496656417847,0.013150334358215332,1.3046830892562866,0.026065662503242493,28,0.0002503440897424548
841,0.9870923757553101,0.012907624244689941,1.3025442361831665,0.02580399066209793,28,0.0002503440897424548
842,0.9875718355178833,0.0124281644821167,1.3025329113006592,0.025329211726784706,28,0.0002503440897424548
843,0.9872121810913086,0.012787818908691406,1.3123477697372437,0.025783419609069824,28,0.0002503440897424548
844,0.9871159195899963,0.012884080410003662,1.3006196022033691,0.02576143480837345,28,0.0002503440897424548
845,0.9873607754707336,0.012639224529266357,1.3048803806304932,0.025561634451150894,28,0.0002503440897424548
846,0.9873026013374329,0.012697398662567139,1.300674319267273,0.02557716891169548,28,0.0002503440897424548
847,0.9873754978179932,0.012624502182006836,1.3115828037261963,0.025614086538553238,28,0.0002503440897424548
848,0.986881673336029,0.013118326663970947,1.3063502311706543,0.026050645858049393,28,0.0002503440897424548
849,0.9872704148292542,0.01272958517074585,1.3172311782836914,0.025774601846933365,28,0.0002503440897424548
850,0.9874296188354492,0.012570381164550781,1.2957913875579834,0.02540259063243866,28,0.0002503440897424548
851,0.9872577786445618,0.012742221355438232,1.305039882659912,0.025665197521448135,28,0.0002503440897424548
852,0.986995279788971,0.013004720211029053,1.309600591659546,0.02597067877650261,28,0.0002503440897424548
853,0.9870050549507141,0.012994945049285889,1.2997914552688599,0.025862909853458405,28,0.0002503440897424548
854,0.9872866868972778,0.012713313102722168,1.297473430633545,0.02556091547012329,28,0.0002503440897424548
855,0.987348198890686,0.012651801109313965,1.2938650846481323,0.025463933125138283,28,0.0002503440897424548
856,0.9871641397476196,0.012835860252380371,1.3036956787109375,0.02574445679783821,28,0.0002503440897424548
857,0.9873514771461487,0.012648522853851318,1.3041610717773438,0.025563649833202362,28,0.0002503440897424548
858,0.9871861934661865,0.012813806533813477,1.312440037727356,0.02581006847321987,28,0.0002503440897424548
859,0.9869257211685181,0.013074278831481934,1.3105521202087402,0.0260490570217371,28,0.0002503440897424548
860,0.9871218204498291,0.012878179550170898,1.2867077589035034,0.025616474449634552,28,0.0002503440897424548
861,0.987055778503418,0.012944221496582031,1.299743413925171,0.025812212377786636,28,0.0002503440897424548
862,0.9871867895126343,0.012813210487365723,1.296981930732727,0.025654897093772888,28,0.0002503440897424548
863,0.9871214628219604,0.01287853717803955,1.3183547258377075,0.025933299213647842,28,0.0002503440897424548
864,0.9872103929519653,0.012789607048034668,1.3111931085586548,0.02577364072203636,28,0.0002503440897424548
865,0.9873967170715332,0.012603282928466797,1.3051648139953613,0.02552889660000801,28,0.0002503440897424548
866,0.9868903160095215,0.013109683990478516,1.2875584363937378,0.025854170322418213,28,0.0002503440897424548
867,0.9873283505439758,0.01267164945602417,1.3088061809539795,0.02563299424946308,28,0.0002503440897424548
868,0.9872875213623047,0.012712478637695312,1.2943696975708008,0.025529049336910248,29,0.00023782688525533205
869,0.9871298670768738,0.01287013292312622,1.2993090152740479,0.025734521448612213,29,0.00023782688525533205
870,0.9875058531761169,0.012494146823883057,1.2990697622299194,0.025359902530908585,29,0.00023782688525533205
871,0.9868384003639221,0.01316159963607788,1.306822419166565,0.026098208501935005,29,0.00023782688525533205
872,0.9872833490371704,0.01271665096282959,1.3051204681396484,0.025640688836574554,29,0.00023782688525533205
873,0.9874262809753418,0.012573719024658203,1.2977792024612427,0.025425773113965988,29,0.00023782688525533205
874,0.9873418807983398,0.012658119201660156,1.3002928495407104,0.02553446590900421,29,0.00023782688525533205
875,0.9875414371490479,0.012458562850952148,1.3127154111862183,0.02546112984418869,29,0.00023782688525533205
876,0.9865965843200684,0.01340341567993164,1.3087184429168701,0.026356566697359085,29,0.00023782688525533205
877,0.9871528744697571,0.01284712553024292,1.3061139583587646,0.02577979490160942,29,0.00023782688525533205
878,0.9872222542762756,0.012777745723724365,1.297866940498352,0.02562863752245903,29,0.00023782688525533205
879,0.9870427846908569,0.012957215309143066,1.3002771139144897,0.02583041414618492,29,0.00023782688525533205
880,0.987443208694458,0.012556791305541992,1.2946487665176392,0.025377711281180382,29,0.00023782688525533205
881,0.9872666597366333,0.0127333402633667,1.3034999370574951,0.025641005486249924,29,0.00023782688525533205
882,0.9876354336738586,0.012364566326141357,1.3141069412231445,0.025381989777088165,29,0.00023782688525533205
883,0.9873231053352356,0.012676894664764404,1.30327308177948,0.02558285742998123,29,0.00023782688525533205
884,0.9868319034576416,0.013168096542358398,1.2971564531326294,0.02600798010826111,29,0.00023782688525533205
885,0.9874594211578369,0.012540578842163086,1.3020206689834595,0.02543538063764572,29,0.00023782688525533205
886,0.987185001373291,0.012814998626708984,1.3141567707061768,0.025828417390584946,29,0.00023782688525533205
887,0.9874821901321411,0.012517809867858887,1.293243646621704,0.025325067341327667,29,0.00023782688525533205
888,0.9871530532836914,0.012846946716308594,1.302356243133545,0.02574203908443451,29,0.00023782688525533205
889,0.9869439601898193,0.013056039810180664,1.2964444160461426,0.0258899237960577,29,0.00023782688525533205
890,0.9873001575469971,0.01269984245300293,1.3165786266326904,0.025738630443811417,29,0.00023782688525533205
891,0.9871888756752014,0.012811124324798584,1.292622685432434,0.02560923993587494,29,0.00023782688525533205
892,0.987209141254425,0.012790858745574951,1.2930082082748413,0.02559303119778633,29,0.00023782688525533205
893,0.9872745871543884,0.012725412845611572,1.3070389032363892,0.025668546557426453,29,0.00023782688525533205
894,0.9868952035903931,0.013104796409606934,1.3116743564605713,0.02609049156308174,29,0.00023782688525533205
895,0.9875373840332031,0.012462615966796875,1.330286979675293,0.025640860199928284,29,0.00023782688525533205
896,0.9870010018348694,0.012998998165130615,1.2977577447891235,0.025846585631370544,29,0.00023782688525533205
897,0.9870432019233704,0.012956798076629639,1.3042266368865967,0.025869496166706085,29,0.00023782688525533205
898,0.9871830344200134,0.012816965579986572,1.3046784400939941,0.025735579431056976,29,0.00023782688525533205
899,0.9874482750892639,0.012551724910736084,1.2897828817367554,0.025324035435914993,30,0.00022593554099256544
900,0.987434983253479,0.012565016746520996,1.2996013164520264,0.02543538063764572,30,0.00022593554099256544
901,0.9871511459350586,0.012848854064941406,1.3132641315460205,0.025853008031845093,30,0.00022593554099256544
902,0.9872106909751892,0.012789309024810791,1.3121734857559204,0.025783151388168335,30,0.00022593554099256544
903,0.9873062968254089,0.012693703174591064,1.2991114854812622,0.025557881221175194,30,0.00022593554099256544
904,0.9871846437454224,0.012815356254577637,1.3122739791870117,0.025809941813349724,30,0.00022593554099256544
905,0.9877206087112427,0.012279391288757324,1.2842161655426025,0.024998757988214493,30,0.00022593554099256544
906,0.9873989820480347,0.012601017951965332,1.2986363172531128,0.02546137198805809,30,0.00022593554099256544
907,0.9872252941131592,0.01277470588684082,1.2858753204345703,0.025505712255835533,30,0.00022593554099256544
908,0.9871084094047546,0.012891590595245361,1.3135380744934082,0.025898054242134094,30,0.00022593554099256544
909,0.9868947863578796,0.013105213642120361,1.301614761352539,0.025990309193730354,30,0.00022593554099256544
910,0.9867087602615356,0.013291239738464355,1.3077462911605835,0.0262357909232378,30,0.00022593554099256544
911,0.9873340129852295,0.012665987014770508,1.313942313194275,0.02567875012755394,30,0.00022593554099256544
912,0.9872872233390808,0.01271277666091919,1.30635666847229,0.025649216026067734,30,0.00022593554099256544
913,0.9870663285255432,0.012933671474456787,1.3099467754364014,0.02590380236506462,30,0.00022593554099256544
914,0.987640380859375,0.012359619140625,1.2874778509140015,0.025110801681876183,30,0.00022593554099256544
915,0.9872967004776001,0.012703299522399902,1.2969388961791992,0.025545654818415642,30,0.00022593554099256544
916,0.987725555896759,0.012274444103240967,1.318691611289978,0.025338616222143173,30,0.00022593554099256544
917,0.9873758554458618,0.012624144554138184,1.298912525177002,0.025487028062343597,30,0.00022593554099256544
918,0.9873804450035095,0.012619554996490479,1.2985138893127441,0.02547849714756012,30,0.00022593554099256544
919,0.9875583648681641,0.012441635131835938,1.3026567697525024,0.02534378692507744,30,0.00022593554099256544
920,0.9873162508010864,0.012683749198913574,1.311086893081665,0.02566777914762497,30,0.00022593554099256544
921,0.9869526028633118,0.013047397136688232,1.2993766069412231,0.025910690426826477,30,0.00022593554099256544
922,0.9872596263885498,0.012740373611450195,1.3046188354492188,0.02565915882587433,30,0.00022593554099256544
923,0.9871693849563599,0.012830615043640137,1.3033689260482788,0.025735996663570404,30,0.00022593554099256544
924,0.9871861934661865,0.012813806533813477,1.3111714124679565,0.02579738199710846,30,0.00022593554099256544
925,0.9871354699134827,0.012864530086517334,1.3035125732421875,0.025771010667085648,30,0.00022593554099256544
926,0.987375020980835,0.012624979019165039,1.3064734935760498,0.02556346356868744,30,0.00022593554099256544
927,0.9868719577789307,0.013128042221069336,1.3055176734924316,0.02605193853378296,30,0.00022593554099256544
928,0.9867767691612244,0.013223230838775635,1.2887376546859741,0.02597837522625923,30,0.00022593554099256544
929,0.9871535301208496,0.01284646987915039,1.2965590953826904,0.02568359673023224,30,0.00022593554099256544
930,0.9873793721199036,0.012620627880096436,1.2970545291900635,0.025464966893196106,31,0.00021463876394293716
931,0.9873669743537903,0.012633025646209717,1.2914648056030273,0.025421343743801117,31,0.00021463876394293716
932,0.9873918890953064,0.012608110904693604,1.3155276775360107,0.02563730627298355,31,0.00021463876394293716
933,0.9870227575302124,0.012977242469787598,1.3083817958831787,0.025931287556886673,31,0.00021463876394293716
934,0.9870280027389526,0.012971997261047363,1.3067662715911865,0.025909939780831337,31,0.00021463876394293716
935,0.9872593283653259,0.012740671634674072,1.297148585319519,0.02558474987745285,31,0.00021463876394293716
936,0.9877288937568665,0.012271106243133545,1.297735571861267,0.02512574940919876,31,0.00021463876394293716
937,0.9872416853904724,0.012758314609527588,1.3033418655395508,0.025664150714874268,31,0.00021463876394293716
938,0.9872316122055054,0.012768387794494629,1.3145297765731812,0.02578600123524666,31,0.00021463876394293716
939,0.9875456094741821,0.012454390525817871,1.3111087083816528,0.02544093318283558,31,0.00021463876394293716
940,0.987516462802887,0.012483537197113037,1.309640884399414,0.025455109775066376,31,0.00021463876394293716
941,0.986879825592041,0.013120174407958984,1.3129514455795288,0.026118487119674683,31,0.00021463876394293716
942,0.9872339963912964,0.012766003608703613,1.2964277267456055,0.025602620095014572,31,0.00021463876394293716
943,0.9874311685562134,0.012568831443786621,1.2917280197143555,0.02536042407155037,31,0.00021463876394293716
944,0.987199604511261,0.012800395488739014,1.296519160270691,0.025637581944465637,31,0.00021463876394293716
945,0.9876261949539185,0.012373805046081543,1.2908084392547607,0.025158151984214783,31,0.00021463876394293716
946,0.9871348142623901,0.012865185737609863,1.3106498718261719,0.025843031704425812,31,0.00021463876394293716
947,0.9872952103614807,0.012704789638519287,1.3043042421340942,0.025620784610509872,31,0.00021463876394293716
948,0.987210750579834,0.012789249420166016,1.3066271543502808,0.02572762966156006,31,0.00021463876394293716
949,0.9871023893356323,0.012897610664367676,1.2893462181091309,0.025662096217274666,31,0.00021463876394293716
950,0.9869550466537476,0.013044953346252441,1.2956030368804932,0.025870533660054207,31,0.00021463876394293716
951,0.986906111240387,0.013093888759613037,1.3026437759399414,0.025989387184381485,31,0.00021463876394293716
952,0.9873262643814087,0.012673735618591309,1.3056695461273193,0.02560369297862053,31,0.00021463876394293716
953,0.987647533416748,0.012352466583251953,1.2982689142227173,0.025211632251739502,31,0.00021463876394293716
954,0.9871480464935303,0.012851953506469727,1.296804428100586,0.025691477581858635,31,0.00021463876394293716
955,0.987614095211029,0.012385904788970947,1.2842111587524414,0.025104157626628876,31,0.00021463876394293716
956,0.9872250556945801,0.012774944305419922,1.3067744970321655,0.025714939460158348,31,0.00021463876394293716
957,0.9873321652412415,0.012667834758758545,1.304140567779541,0.025582561269402504,31,0.00021463876394293716
958,0.987293004989624,0.012706995010375977,1.3012531995773315,0.025592457503080368,31,0.00021463876394293716
959,0.9871558547019958,0.01284414529800415,1.3084065914154053,0.025799769908189774,31,0.00021463876394293716
960,0.9873284697532654,0.01267153024673462,1.308598279953003,0.025630798190832138,31,0.00021463876394293716
961,0.9873131513595581,0.012686848640441895,1.305165410041809,0.02561163529753685,32,0.0002039068257457903
962,0.9869898557662964,0.013010144233703613,1.2905199527740479,0.025785241276025772,32,0.0002039068257457903
963,0.9872990250587463,0.012700974941253662,1.2894983291625977,0.025468949228525162,32,0.0002039068257457903
964,0.9871871471405029,0.01281285285949707,1.3002045154571533,0.02568676881492138,32,0.0002039068257457903
965,0.9872833490371704,0.01271665096282959,1.293304681777954,0.02552253007888794,32,0.0002039068257457903
966,0.987334132194519,0.012665867805480957,1.303277850151062,0.02557198703289032,32,0.0002039068257457903
967,0.9871521592140198,0.012847840785980225,1.318360447883606,0.025902966037392616,32,0.0002039068257457903
968,0.9874857068061829,0.012514293193817139,1.321732521057129,0.02560647577047348,32,0.0002039068257457903
969,0.987908124923706,0.012091875076293945,1.2899287939071655,0.024870244786143303,32,0.0002039068257457903
970,0.9875466227531433,0.01245337724685669,1.2999091148376465,0.025327935814857483,32,0.0002039068257457903
971,0.9872095584869385,0.012790441513061523,1.286977767944336,0.02553231455385685,32,0.0002039068257457903
972,0.9876384735107422,0.012361526489257812,1.3123104572296143,0.025361016392707825,32,0.0002039068257457903
973,0.9875917434692383,0.012408256530761719,1.3033509254455566,0.025317683815956116,32,0.0002039068257457903
974,0.9868260622024536,0.013173937797546387,1.2957894802093506,0.026000093668699265,32,0.0002039068257457903
975,0.9873237609863281,0.012676239013671875,1.30029296875,0.025552406907081604,32,0.0002039068257457903
976,0.9873347878456116,0.012665212154388428,1.310622215270996,0.025644782930612564,32,0.0002039068257457903
977,0.9867903590202332,0.013209640979766846,1.3092066049575806,0.026169611141085625,32,0.0002039068257457903
978,0.9873439073562622,0.012656092643737793,1.2950869798660278,0.025480400770902634,32,0.0002039068257457903
979,0.9869032502174377,0.013096749782562256,1.3191770315170288,0.026157552376389503,32,0.0002039068257457903
980,0.9874510169029236,0.012548983097076416,1.2949466705322266,0.025372959673404694,32,0.0002039068257457903
981,0.9875384569168091,0.012461543083190918,1.2888529300689697,0.025225456804037094,32,0.0002039068257457903
982,0.9875317215919495,0.012468278408050537,1.2913579940795898,0.025257175788283348,32,0.0002039068257457903
983,0.987235426902771,0.012764573097229004,1.3049675226211548,0.025686603039503098,32,0.0002039068257457903
984,0.987372100353241,0.012627899646759033,1.3160712718963623,0.025662332773208618,32,0.0002039068257457903
985,0.9872204065322876,0.012779593467712402,1.3068554401397705,0.025720350444316864,32,0.0002039068257457903
986,0.9877793192863464,0.012220680713653564,1.2845666408538818,0.024944141507148743,32,0.0002039068257457903
987,0.9876983761787415,0.012301623821258545,1.304520845413208,0.02522381581366062,32,0.0002039068257457903
988,0.9871433973312378,0.012856602668762207,1.2870951890945435,0.025598987936973572,32,0.0002039068257457903
989,0.9872490167617798,0.012750983238220215,1.2921109199523926,0.025544581934809685,32,0.0002039068257457903
990,0.9869551658630371,0.01304483413696289,1.3099826574325562,0.026014212518930435,32,0.0002039068257457903
991,0.9868110418319702,0.013188958168029785,1.3173537254333496,0.02623060718178749,32,0.0002039068257457903
992,0.9870880246162415,0.012911975383758545,1.3040242195129395,0.025823097676038742,33,0.00019371148445850077
993,0.9873386025428772,0.012661397457122803,1.300780177116394,0.02554258331656456,33,0.00019371148445850077
994,0.9873246550559998,0.012675344944000244,1.291712760925293,0.025465719401836395,33,0.00019371148445850077
995,0.9870904088020325,0.01290959119796753,1.290385365486145,0.025684349238872528,33,0.00019371148445850077
996,0.9874129295349121,0.01258707046508789,1.3045991659164429,0.025507191196084023,33,0.00019371148445850077
997,0.9877845048904419,0.012215495109558105,1.2955601215362549,0.025048941373825073,33,0.00019371148445850077
998,0.9872785210609436,0.012721478939056396,1.2956207990646362,0.025550471618771553,33,0.00019371148445850077
999,0.987650454044342,0.012349545955657959,1.2960984706878662,0.025187034159898758,33,0.00019371148445850077
1000,0.9876266121864319,0.012373387813568115,1.2877652645111084,0.025127306580543518,33,0.00019371148445850077
1001,0.9871565103530884,0.012843489646911621,1.3106023073196411,0.025821078568696976,33,0.00019371148445850077
1002,0.987365186214447,0.012634813785552979,1.311492681503296,0.025623392313718796,33,0.00019371148445850077
1003,0.9877263307571411,0.012273669242858887,1.3061034679412842,0.025211967527866364,33,0.00019371148445850077
1004,0.9869054555892944,0.013094544410705566,1.3103587627410889,0.026067186146974564,33,0.00019371148445850077
1005,0.9874604940414429,0.012539505958557129,1.3027000427246094,0.025441110134124756,33,0.00019371148445850077
1006,0.9874138832092285,0.012586116790771484,1.2995452880859375,0.025455709546804428,33,0.00019371148445850077
1007,0.9870505332946777,0.012949466705322266,1.2882312536239624,0.025702282786369324,33,0.00019371148445850077
1008,0.9871261119842529,0.01287388801574707,1.3026081323623657,0.025771230459213257,33,0.00019371148445850077
1009,0.9872187972068787,0.012781202793121338,1.30263352394104,0.025679726153612137,33,0.00019371148445850077
1010,0.9874407649040222,0.012559235095977783,1.3112714290618896,0.025546357035636902,33,0.00019371148445850077
1011,0.9874516725540161,0.012548327445983887,1.2810291051864624,0.025233134627342224,33,0.00019371148445850077
1012,0.9873574376106262,0.01264256238937378,1.3081353902816772,0.02559749037027359,33,0.00019371148445850077
1013,0.9874370098114014,0.012562990188598633,1.2943415641784668,0.025380775332450867,33,0.00019371148445850077
1014,0.9878638386726379,0.01213616132736206,1.300612449645996,0.02502092346549034,33,0.00019371148445850077
1015,0.9873600006103516,0.012639999389648438,1.2831192016601562,0.025344790890812874,33,0.00019371148445850077
1016,0.9876155257225037,0.012384474277496338,1.3048378229141235,0.025309007614850998,33,0.00019371148445850077
1017,0.9871507883071899,0.012849211692810059,1.2976056337356567,0.025696776807308197,33,0.00019371148445850077
1018,0.9871367812156677,0.012863218784332275,1.2962777614593506,0.025697363540530205,33,0.00019371148445850077
1019,0.9871177077293396,0.0128822922706604,1.317108392715454,0.025924552232027054,33,0.00019371148445850077
1020,0.9871932864189148,0.012806713581085205,1.3098067045211792,0.025776714086532593,33,0.00019371148445850077
1021,0.9875479340553284,0.01245206594467163,1.3104724884033203,0.025432270020246506,33,0.00019371148445850077
1022,0.9868986010551453,0.013101398944854736,1.3037898540496826,0.026008283719420433,33,0.00019371148445850077
1023,0.9870491027832031,0.012950897216796875,1.3013148307800293,0.02583453617990017,34,0.00018402591023557573
1024,0.9874435067176819,0.012556493282318115,1.2789653539657593,0.025220582261681557,34,0.00018402591023557573
1025,0.9873301386833191,0.012669861316680908,1.2856121063232422,0.025399284437298775,34,0.00018402591023557573
1026,0.9873416423797607,0.012658357620239258,1.2981793880462646,0.02551356703042984,34,0.00018402591023557573
1027,0.9875203967094421,0.012479603290557861,1.3122750520706177,0.025477558374404907,34,0.00018402591023557573
1028,0.9877657890319824,0.012234210968017578,1.3210539817810059,0.025322407484054565,34,0.00018402591023557573
1029,0.986966073513031,0.013033926486968994,1.3033199310302734,0.025936786085367203,34,0.00018402591023557573
1030,0.9872868657112122,0.012713134288787842,1.2948956489562988,0.025534959509968758,34,0.00018402591023557573
1031,0.9873339533805847,0.012666046619415283,1.2988797426223755,0.025528183206915855,34,0.00018402591023557573
1032,0.9873257279396057,0.012674272060394287,1.2968788146972656,0.025516316294670105,34,0.00018402591023557573
1033,0.9874228239059448,0.012577176094055176,1.2988113164901733,0.025439517572522163,34,0.00018402591023557573
1034,0.9870265126228333,0.012973487377166748,1.295552372932434,0.025799274444580078,34,0.00018402591023557573
1035,0.9870806932449341,0.012919306755065918,1.2985749244689941,0.025775862857699394,34,0.00018402591023557573
1036,0.9872873425483704,0.012712657451629639,1.2841211557388306,0.025426741689443588,34,0.00018402591023557573
1037,0.9874520301818848,0.012547969818115234,1.3020683526992798,0.025443173944950104,34,0.00018402591023557573
1038,0.9871093034744263,0.01289069652557373,1.3081862926483154,0.025843651965260506,34,0.00018402591023557573
1039,0.9875568747520447,0.012443125247955322,1.311677098274231,0.025435464456677437,34,0.00018402591023557573
1040,0.9871771931648254,0.01282280683517456,1.3070379495620728,0.025764957070350647,34,0.00018402591023557573
1041,0.9873430728912354,0.012656927108764648,1.2928386926651,0.025458743795752525,34,0.00018402591023557573
1042,0.9876202940940857,0.012379705905914307,1.305562973022461,0.025311537086963654,34,0.00018402591023557573
1043,0.9875649809837341,0.01243501901626587,1.3035672903060913,0.025346342474222183,34,0.00018402591023557573
1044,0.9875010251998901,0.012498974800109863,1.305866003036499,0.0254326444119215,34,0.00018402591023557573
1045,0.9880743622779846,0.01192563772201538,1.2863556146621704,0.024669937789440155,34,0.00018402591023557573
1046,0.9870424270629883,0.012957572937011719,1.308349609375,0.025911493226885796,34,0.00018402591023557573
1047,0.9874120950698853,0.012587904930114746,1.2989935874938965,0.025451961904764175,34,0.00018402591023557573
1048,0.9872934222221375,0.012706577777862549,1.3158444166183472,0.025737956166267395,34,0.00018402591023557573
1049,0.9873838424682617,0.012616157531738281,1.2902939319610596,0.025392934679985046,34,0.00018402591023557573
1050,0.987494170665741,0.012505829334259033,1.299655795097351,0.02537732943892479,34,0.00018402591023557573
1051,0.9873390197753906,0.012660980224609375,1.2983229160308838,0.025517599657177925,34,0.00018402591023557573
1052,0.9875491261482239,0.012450873851776123,1.2869051694869995,0.025195416063070297,34,0.00018402591023557573
1053,0.9874429702758789,0.012557029724121094,1.3008617162704468,0.025440076366066933,34,0.00018402591023557573
1054,0.9874082803726196,0.012591719627380371,1.2940802574157715,0.0254066064953804,35,0.00017482461472379692
1055,0.9874395728111267,0.012560427188873291,1.3193796873092651,0.025628618896007538,35,0.00017482461472379692
1056,0.9876654744148254,0.01233452558517456,1.3023735284805298,0.02523491531610489,35,0.00017482461472379692
1057,0.9872371554374695,0.012762844562530518,1.2843458652496338,0.025478674098849297,35,0.00017482461472379692
1058,0.987612247467041,0.012387752532958984,1.305396556854248,0.02531784027814865,35,0.00017482461472379692
1059,0.987345814704895,0.01265418529510498,1.3033249378204346,0.0255608931183815,35,0.00017482461472379692
1060,0.9876599311828613,0.012340068817138672,1.2909373044967651,0.02512603998184204,35,0.00017482461472379692
1061,0.9875019192695618,0.012498080730438232,1.3027758598327637,0.025400858372449875,35,0.00017482461472379692
1062,0.9870138168334961,0.012986183166503906,1.2947269678115845,0.025803592056035995,35,0.00017482461472379692
1063,0.9873186945915222,0.012681305408477783,1.2856957912445068,0.025411449372768402,35,0.00017482461472379692
1064,0.9871148467063904,0.01288515329360962,1.3009120225906372,0.025765422731637955,35,0.00017482461472379692
1065,0.9872885346412659,0.01271146535873413,1.2942543029785156,0.02552689239382744,35,0.00017482461472379692
1066,0.9876686334609985,0.012331366539001465,1.289696216583252,0.025105014443397522,35,0.00017482461472379692
1067,0.9873532652854919,0.012646734714508057,1.3189411163330078,0.02570967748761177,35,0.00017482461472379692
1068,0.987448513507843,0.012551486492156982,1.3058900833129883,0.025484872981905937,35,0.00017482461472379692
1069,0.9874609708786011,0.012539029121398926,1.2927110195159912,0.025340748950839043,35,0.00017482461472379692
1070,0.9873479008674622,0.012652099132537842,1.310794472694397,0.025633521378040314,35,0.00017482461472379692
1071,0.9872773289680481,0.012722671031951904,1.2968659400939941,0.025564104318618774,35,0.00017482461472379692
1072,0.9874610304832458,0.01253896951675415,1.294981598854065,0.025363396853208542,35,0.00017482461472379692
1073,0.9874728322029114,0.012527167797088623,1.2974903583526611,0.025376800447702408,35,0.00017482461472379692
1074,0.9873535633087158,0.01264643669128418,1.293795108795166,0.025457922369241714,35,0.00017482461472379692
1075,0.9869221448898315,0.013077855110168457,1.2997692823410034,0.025944769382476807,35,0.00017482461472379692
1076,0.9873979687690735,0.012602031230926514,1.3087173700332642,0.025563184171915054,35,0.00017482461472379692
1077,0.9874258041381836,0.012574195861816406,1.3079956769943237,0.02552841044962406,35,0.00017482461472379692
1078,0.9872578978538513,0.012742102146148682,1.3011106252670288,0.025625787675380707,35,0.00017482461472379692
1079,0.9875510334968567,0.01244896650314331,1.304574966430664,0.025370225310325623,35,0.00017482461472379692
1080,0.9871200919151306,0.012879908084869385,1.2922370433807373,0.025673478841781616,35,0.00017482461472379692
1081,0.9877220988273621,0.01227790117263794,1.302586555480957,0.025180988013744354,35,0.00017482461472379692
1082,0.9878028035163879,0.01219719648361206,1.2913612127304077,0.02498883754014969,35,0.00017482461472379692
1083,0.9877112507820129,0.01228874921798706,1.2961775064468384,0.02512763813138008,35,0.00017482461472379692
1084,0.9867323040962219,0.013267695903778076,1.294647455215454,0.026081493124365807,35,0.00017482461472379692
1085,0.987658679485321,0.012341320514678955,1.285200595855713,0.025069912895560265,36,0.00016608338398760707
1086,0.9873488545417786,0.012651145458221436,1.2847563028335571,0.02537219598889351,36,0.00016608338398760707
1087,0.9876936078071594,0.012306392192840576,1.2957687377929688,0.025141015648841858,36,0.00016608338398760707
1088,0.9878535866737366,0.012146413326263428,1.2949588298797607,0.024974536150693893,36,0.00016608338398760707
1089,0.9870957732200623,0.012904226779937744,1.300812005996704,0.025783304125070572,36,0.00016608338398760707
1090,0.9877251386642456,0.012274861335754395,1.2959094047546387,0.025111205875873566,36,0.00016608338398760707
1091,0.9874742031097412,0.012525796890258789,1.3155704736709595,0.02555624395608902,36,0.00016608338398760707
1092,0.9874555468559265,0.012544453144073486,1.284956455230713,0.025268573313951492,36,0.00016608338398760707
1093,0.9872748255729675,0.01272517442703247,1.290008783340454,0.025498010218143463,36,0.00016608338398760707
1094,0.9870913624763489,0.012908637523651123,1.3055047988891602,0.025834599509835243,36,0.00016608338398760707
1095,0.9873447418212891,0.012655258178710938,1.3031808137893677,0.025560513138771057,36,0.00016608338398760707
1096,0.9873777627944946,0.012622237205505371,1.3032344579696655,0.025528360158205032,36,0.00016608338398760707
1097,0.9873371124267578,0.012662887573242188,1.3141711950302124,0.025677969679236412,36,0.00016608338398760707
1098,0.9876836538314819,0.012316346168518066,1.3053224086761475,0.025246405974030495,36,0.00016608338398760707
1099,0.9874520301818848,0.012547969818115234,1.312873363494873,0.025551222264766693,36,0.00016608338398760707
1100,0.9870915412902832,0.012908458709716797,1.2968593835830688,0.02574796788394451,36,0.00016608338398760707
1101,0.9876185655593872,0.012381434440612793,1.271878957748413,0.02497640997171402,36,0.00016608338398760707
1102,0.9874972105026245,0.012502789497375488,1.3024804592132568,0.02540256455540657,36,0.00016608338398760707
1103,0.9876275658607483,0.012372434139251709,1.2972989082336426,0.025221697986125946,36,0.00016608338398760707
1104,0.9876260757446289,0.012373924255371094,1.3076231479644775,0.02532641589641571,36,0.00016608338398760707
1105,0.987526535987854,0.012473464012145996,1.2856330871582031,0.025205060839653015,36,0.00016608338398760707
1106,0.9872355461120605,0.012764453887939453,1.3062034845352173,0.025698844343423843,36,0.00016608338398760707
1107,0.9873219728469849,0.012678027153015137,1.2951738834381104,0.02550298534333706,36,0.00016608338398760707
1108,0.986948549747467,0.013051450252532959,1.3038935661315918,0.02595987170934677,36,0.00016608338398760707
1109,0.9869745373725891,0.013025462627410889,1.2903594970703125,0.025798801332712173,36,0.00016608338398760707
1110,0.9874228835105896,0.0125771164894104,1.2848244905471802,0.025299590080976486,36,0.00016608338398760707
1111,0.9873270988464355,0.012672901153564453,1.3115737438201904,0.025661909952759743,36,0.00016608338398760707
1112,0.9873523712158203,0.012647628784179688,1.2948766946792603,0.025469917804002762,36,0.00016608338398760707
1113,0.9875741004943848,0.012425899505615234,1.314983606338501,0.025451477617025375,36,0.00016608338398760707
1114,0.9874354004859924,0.012564599514007568,1.304893970489502,0.02548789232969284,36,0.00016608338398760707
1115,0.9880115985870361,0.011988401412963867,1.290478229522705,0.02477329969406128,36,0.00016608338398760707
1116,0.9874571561813354,0.01254284381866455,1.281911849975586,0.02523653209209442,37,0.0001577792147882267
1117,0.9879025220870972,0.012097477912902832,1.2857472896575928,0.024833975359797478,37,0.0001577792147882267
1118,0.9879069924354553,0.012093007564544678,1.2833936214447021,0.024806013330817223,37,0.0001577792147882267
1119,0.9871817827224731,0.012818217277526855,1.3138896226882935,0.025828931480646133,37,0.0001577792147882267
1120,0.9876726865768433,0.012327313423156738,1.297512412071228,0.025179164484143257,37,0.0001577792147882267
1121,0.9877951741218567,0.01220482587814331,1.2972965240478516,0.025055743753910065,37,0.0001577792147882267
1122,0.9875495433807373,0.012450456619262695,1.2895448207855225,0.02522139996290207,37,0.0001577792147882267
1123,0.987350583076477,0.01264941692352295,1.2920897006988525,0.025443818420171738,37,0.0001577792147882267
1124,0.9876036643981934,0.01239633560180664,1.2970696687698364,0.025243068113923073,37,0.0001577792147882267
1125,0.987393856048584,0.012606143951416016,1.3012186288833618,0.025492269545793533,37,0.0001577792147882267
1126,0.9873735308647156,0.012626469135284424,1.3173619508743286,0.025673823431134224,37,0.0001577792147882267
1127,0.9873617887496948,0.012638211250305176,1.29157292842865,0.02542755752801895,37,0.0001577792147882267
1128,0.9876313805580139,0.012368619441986084,1.3082373142242432,0.025327306240797043,37,0.0001577792147882267
1129,0.9872539639472961,0.012746036052703857,1.2970279455184937,0.025588855147361755,37,0.0001577792147882267
1130,0.9877409338951111,0.012259066104888916,1.3091018199920654,0.025227492675185204,37,0.0001577792147882267
1131,0.9871827363967896,0.01281726360321045,1.3101766109466553,0.025790857151150703,37,0.0001577792147882267
1132,0.9872262477874756,0.012773752212524414,1.306041955947876,0.02570643275976181,37,0.0001577792147882267
1133,0.9877517819404602,0.012248218059539795,1.2956573963165283,0.025082308799028397,37,0.0001577792147882267
1134,0.9872623085975647,0.012737691402435303,1.30503249168396,0.025660637766122818,37,0.0001577792147882267
1135,0.9877616167068481,0.012238383293151855,1.296120524406433,0.025077205151319504,37,0.0001577792147882267
1136,0.987628698348999,0.012371301651000977,1.2923060655593872,0.025170648470520973,37,0.0001577792147882267
1137,0.9877046346664429,0.012295365333557129,1.2988101243972778,0.025160513818264008,37,0.0001577792147882267
1138,0.9876855611801147,0.012314438819885254,1.3012654781341553,0.025203948840498924,37,0.0001577792147882267
1139,0.9873146414756775,0.01268535852432251,1.2899720668792725,0.02545822411775589,37,0.0001577792147882267
1140,0.9871622323989868,0.012837767601013184,1.285016655921936,0.025559555739164352,37,0.0001577792147882267
1141,0.9870930910110474,0.012906908988952637,1.302763819694519,0.025805477052927017,37,0.0001577792147882267
1142,0.9871980547904968,0.012801945209503174,1.2967009544372559,0.025640934705734253,37,0.0001577792147882267
1143,0.9873782396316528,0.012621760368347168,1.3025577068328857,0.02552112005650997,37,0.0001577792147882267
1144,0.9874107241630554,0.01258927583694458,1.289871335029602,0.02536209672689438,37,0.0001577792147882267
1145,0.9871227741241455,0.012877225875854492,1.3070372343063354,0.025818824768066406,37,0.0001577792147882267
1146,0.9868563413619995,0.013143658638000488,1.3002811670303345,0.026015032082796097,37,0.0001577792147882267
1147,0.9876958131790161,0.012304186820983887,1.2768580913543701,0.024949725717306137,38,0.00014989025404881537
1148,0.9874560832977295,0.012543916702270508,1.3102799654006958,0.025521278381347656,38,0.00014989025404881537
1149,0.9875525832176208,0.01244741678237915,1.2856059074401855,0.025179002434015274,38,0.00014989025404881537
1150,0.9874143004417419,0.012585699558258057,1.2972331047058105,0.025432173162698746,38,0.00014989025404881537
1151,0.987787663936615,0.01221233606338501,1.2891135215759277,0.02498134784400463,38,0.00014989025404881537
1152,0.9878455996513367,0.01215440034866333,1.3070697784423828,0.025103554129600525,38,0.00014989025404881537
1153,0.9875905513763428,0.012409448623657227,1.2897796630859375,0.02518315054476261,38,0.00014989025404881537
1154,0.987411379814148,0.01258862018585205,1.301383137702942,0.025476565584540367,38,0.00014989025404881537
1155,0.9873731732368469,0.012626826763153076,1.308949589729309,0.02559005469083786,38,0.00014989025404881537
1156,0.9875931143760681,0.012406885623931885,1.3043097257614136,0.025325912982225418,38,0.00014989025404881537
1157,0.9873385429382324,0.012661457061767578,1.2927820682525635,0.025462662801146507,38,0.00014989025404881537
1158,0.9873048067092896,0.01269519329071045,1.2912981510162354,0.025481224060058594,38,0.00014989025404881537
1159,0.9874035120010376,0.012596487998962402,1.3031678199768066,0.025502201169729233,38,0.00014989025404881537
1160,0.9871796369552612,0.01282036304473877,1.2978451251983643,0.0256706103682518,38,0.00014989025404881537
1161,0.9872288703918457,0.012771129608154297,1.306850552558899,0.025711923837661743,38,0.00014989025404881537
1162,0.9873998761177063,0.012600123882293701,1.2849931716918945,0.025324054062366486,38,0.00014989025404881537
1163,0.9876527190208435,0.012347280979156494,1.3044918775558472,0.02526872605085373,38,0.00014989025404881537
1164,0.9869171380996704,0.01308286190032959,1.3060297966003418,0.026012331247329712,38,0.00014989025404881537
1165,0.9874004125595093,0.012599587440490723,1.303147315979004,0.0255050640553236,38,0.00014989025404881537
1166,0.9877206087112427,0.012279391288757324,1.289520025253296,0.025051798671483994,38,0.00014989025404881537
1167,0.9874061942100525,0.01259380578994751,1.2856850624084473,0.025324717164039612,38,0.00014989025404881537
1168,0.9874560832977295,0.012543916702270508,1.2941737174987793,0.025360215455293655,38,0.00014989025404881537
1169,0.9877524375915527,0.012247562408447266,1.303214192390442,0.025157228112220764,38,0.00014989025404881537
1170,0.9880359768867493,0.011964023113250732,1.2938604354858398,0.02478298544883728,38,0.00014989025404881537
1171,0.9871124029159546,0.01288759708404541,1.2959215641021729,0.02571793645620346,38,0.00014989025404881537
1172,0.9872289299964905,0.012771070003509521,1.2950439453125,0.025593798607587814,38,0.00014989025404881537
1173,0.9874457120895386,0.012554287910461426,1.2962464094161987,0.02539120987057686,38,0.00014989025404881537
1174,0.9876542687416077,0.012345731258392334,1.2796012163162231,0.02501828595995903,38,0.00014989025404881537
1175,0.9874231815338135,0.012576818466186523,1.3165459632873535,0.025616509839892387,38,0.00014989025404881537
1176,0.9878063201904297,0.012193679809570312,1.2936499118804932,0.025008242577314377,38,0.00014989025404881537
1177,0.9872230291366577,0.012776970863342285,1.321201205253601,0.025861212983727455,38,0.00014989025404881537
1178,0.9877802729606628,0.012219727039337158,1.3022849559783936,0.025120379403233528,39,0.00014239574134637458
1179,0.9878503084182739,0.012149691581726074,1.301469326019287,0.025042887777090073,39,0.00014239574134637458
1180,0.9872751832008362,0.012724816799163818,1.3073372840881348,0.025670941919088364,39,0.00014239574134637458
1181,0.9870843291282654,0.01291567087173462,1.2989962100982666,0.02577647566795349,39,0.00014239574134637458
1182,0.987281084060669,0.012718915939331055,1.3053193092346191,0.025644920766353607,39,0.00014239574134637458
1183,0.9874365329742432,0.012563467025756836,1.2971043586730957,0.025408875197172165,39,0.00014239574134637458
1184,0.9874364733695984,0.012563526630401611,1.3200576305389404,0.02563846856355667,39,0.00014239574134637458
1185,0.9876900911331177,0.012309908866882324,1.3038969039916992,0.025225777179002762,39,0.00014239574134637458
1186,0.9879096746444702,0.012090325355529785,1.2729411125183105,0.024698833003640175,39,0.00014239574134637458
1187,0.9871639609336853,0.012836039066314697,1.3042068481445312,0.025749746710062027,39,0.00014239574134637458
1188,0.9873018860816956,0.012698113918304443,1.285139560699463,0.025422528386116028,39,0.00014239574134637458
1189,0.9877568483352661,0.012243151664733887,1.2936878204345703,0.0250575989484787,39,0.00014239574134637458
1190,0.9874910712242126,0.012508928775787354,1.2929203510284424,0.025313042104244232,39,0.00014239574134637458
1191,0.9874224066734314,0.012577593326568604,1.289645791053772,0.025348275899887085,39,0.00014239574134637458
1192,0.9880142211914062,0.01198577880859375,1.2893391847610474,0.024759313091635704,39,0.00014239574134637458
1193,0.9875635504722595,0.012436449527740479,1.3079644441604614,0.025391729548573494,39,0.00014239574134637458
1194,0.9874091148376465,0.012590885162353516,1.293204426765442,0.02539702132344246,39,0.00014239574134637458
1195,0.9879041910171509,0.012095808982849121,1.2749732732772827,0.024724584072828293,39,0.00014239574134637458
1196,0.9870279431343079,0.012972056865692139,1.3102353811264038,0.02594469115138054,39,0.00014239574134637458
1197,0.9877273440361023,0.012272655963897705,1.2892820835113525,0.02504274994134903,39,0.00014239574134637458
1198,0.9877809286117554,0.012219071388244629,1.2927888631820679,0.025024767965078354,39,0.00014239574134637458
1199,0.9870151877403259,0.012984812259674072,1.3051306009292603,0.025906270369887352,39,0.00014239574134637458
1200,0.9875787496566772,0.012421250343322754,1.2955576181411743,0.02525261417031288,39,0.00014239574134637458
1201,0.9871041178703308,0.01289588212966919,1.292393684387207,0.02569086104631424,39,0.00014239574134637458
1202,0.9873407483100891,0.012659251689910889,1.281808614730835,0.025350745767354965,39,0.00014239574134637458
1203,0.9874992370605469,0.012500762939453125,1.3107472658157349,0.025483228266239166,39,0.00014239574134637458
1204,0.9874606132507324,0.012539386749267578,1.3090962171554565,0.025504954159259796,39,0.00014239574134637458
1205,0.9874603152275085,0.012539684772491455,1.299300193786621,0.02540728822350502,39,0.00014239574134637458
1206,0.9874911904335022,0.012508809566497803,1.2836453914642334,0.025220174342393875,39,0.00014239574134637458
1207,0.9876956939697266,0.012304306030273438,1.284792184829712,0.02502918615937233,39,0.00014239574134637458
1208,0.987608790397644,0.012391209602355957,1.3003082275390625,0.025270380079746246,39,0.00014239574134637458
1209,0.9875853657722473,0.012414634227752686,1.3039718866348267,0.025330206379294395,40,0.00013527595427905584
1210,0.9872022271156311,0.012797772884368896,1.3040813207626343,0.025710608810186386,40,0.00013527595427905584
1211,0.9874076843261719,0.012592315673828125,1.3072984218597412,0.025539375841617584,40,0.00013527595427905584
1212,0.9877414107322693,0.012258589267730713,1.2884070873260498,0.025020074099302292,40,0.00013527595427905584
1213,0.9876411557197571,0.01235884428024292,1.2822401523590088,0.025057656690478325,40,0.00013527595427905584
1214,0.9877637624740601,0.012236237525939941,1.2904317378997803,0.02501819282770157,40,0.00013527595427905584
1215,0.9877055883407593,0.012294411659240723,1.2803202867507935,0.024974670261144638,40,0.00013527595427905584
1216,0.9876014590263367,0.01239854097366333,1.2950186729431152,0.02522474154829979,40,0.00013527595427905584
1217,0.9872286915779114,0.012771308422088623,1.2930434942245483,0.025574028491973877,40,0.00013527595427905584
1218,0.987425684928894,0.012574315071105957,1.296714425086975,0.02541571483016014,40,0.00013527595427905584
1219,0.9878506660461426,0.012149333953857422,1.2957632541656494,0.024985473603010178,40,0.00013527595427905584
1220,0.987144947052002,0.012855052947998047,1.3083429336547852,0.025809932500123978,40,0.00013527595427905584
1221,0.9879269599914551,0.012073040008544922,1.3026862144470215,0.02497917041182518,40,0.00013527595427905584
1222,0.9872915744781494,0.012708425521850586,1.3135566711425781,0.025716908276081085,40,0.00013527595427905584
1223,0.9874584078788757,0.012541592121124268,1.2766553163528442,0.025182729586958885,40,0.00013527595427905584
1224,0.98764568567276,0.01235431432723999,1.3177921772003174,0.02540869265794754,40,0.00013527595427905584
1225,0.9877845048904419,0.012215495109558105,1.3085352182388306,0.0251786932349205,40,0.00013527595427905584
1226,0.9873251914978027,0.012674808502197266,1.2826402187347412,0.025374460965394974,40,0.00013527595427905584
1227,0.9877142310142517,0.012285768985748291,1.3050117492675781,0.025213029235601425,40,0.00013527595427905584
1228,0.987572193145752,0.012427806854248047,1.288759708404541,0.02519112639129162,40,0.00013527595427905584
1229,0.9875425100326538,0.012457489967346191,1.2879557609558105,0.025212472304701805,40,0.00013527595427905584
1230,0.9875231981277466,0.012476801872253418,1.2979308366775513,0.025331340730190277,40,0.00013527595427905584
1231,0.9871235489845276,0.012876451015472412,1.2909705638885498,0.025657393038272858,40,0.00013527595427905584
1232,0.9874292016029358,0.012570798397064209,1.2941263914108276,0.025386353954672813,40,0.00013527595427905584
1233,0.9871149063110352,0.012885093688964844,1.2942500114440918,0.025698741897940636,40,0.00013527595427905584
1234,0.9877050518989563,0.012294948101043701,1.2965694665908813,0.02513769268989563,40,0.00013527595427905584
1235,0.9872596859931946,0.01274031400680542,1.2992531061172485,0.025605442002415657,40,0.00013527595427905584
1236,0.9878875613212585,0.012112438678741455,1.3001620769500732,0.024992935359477997,40,0.00013527595427905584
1237,0.9874671101570129,0.01253288984298706,1.301231026649475,0.025419870391488075,40,0.00013527595427905584
1238,0.9877849221229553,0.012215077877044678,1.2837334871292114,0.024930261075496674,40,0.00013527595427905584
1239,0.9876880645751953,0.012311935424804688,1.2961177825927734,0.02514999359846115,40,0.00013527595427905584
1240,0.9871041774749756,0.012895822525024414,1.300695538520813,0.025773819535970688,41,0.00012851215656510304
1241,0.98740553855896,0.012594461441040039,1.2842614650726318,0.02531113103032112,41,0.00012851215656510304
1242,0.9877786636352539,0.012221336364746094,1.2880051136016846,0.02497917413711548,41,0.00012851215656510304
1243,0.9874972105026245,0.012502789497375488,1.2965631484985352,0.0253433920443058,41,0.00012851215656510304
1244,0.9873969554901123,0.012603044509887695,1.2971488237380981,0.025448501110076904,41,0.00012851215656510304
1245,0.9873937368392944,0.012606263160705566,1.294001817703247,0.02542021870613098,41,0.00012851215656510304
1246,0.9876052737236023,0.012394726276397705,1.3051701784133911,0.025322481989860535,41,0.00012851215656510304
1247,0.987451434135437,0.012548565864562988,1.2962212562561035,0.025385292246937752,41,0.00012851215656510304
1248,0.9876062273979187,0.012393772602081299,1.2971138954162598,0.025240972638130188,41,0.00012851215656510304
1249,0.9872364401817322,0.012763559818267822,1.3043277263641357,0.025679200887680054,41,0.00012851215656510304
1250,0.9872864484786987,0.01271355152130127,1.295466661453247,0.02554108202457428,41,0.00012851215656510304
1251,0.9872815012931824,0.012718498706817627,1.3002454042434692,0.025593766942620277,41,0.00012851215656510304
1252,0.9880685806274414,0.011931419372558594,1.2923238277435303,0.02473534271121025,41,0.00012851215656510304
1253,0.9879637956619263,0.01203620433807373,1.2788419723510742,0.024704262614250183,41,0.00012851215656510304
1254,0.9873905181884766,0.012609481811523438,1.3017361164093018,0.025500748306512833,41,0.00012851215656510304
1255,0.9876662492752075,0.01233375072479248,1.2874361276626587,0.02508477494120598,41,0.00012851215656510304
1256,0.9873847365379333,0.01261526346206665,1.2991164922714233,0.025480275973677635,41,0.00012851215656510304
1257,0.9875840544700623,0.012415945529937744,1.2836284637451172,0.025128070265054703,41,0.00012851215656510304
1258,0.9872623682022095,0.012737631797790527,1.314141869544983,0.02575167454779148,41,0.00012851215656510304
1259,0.9876775145530701,0.012322485446929932,1.3076376914978027,0.025275636464357376,41,0.00012851215656510304
1260,0.9879521131515503,0.012047886848449707,1.2796505689620972,0.02472391352057457,41,0.00012851215656510304
1261,0.9879246354103088,0.012075364589691162,1.310593605041504,0.025060545653104782,41,0.00012851215656510304
1262,0.9876515865325928,0.012348413467407227,1.3082456588745117,0.025307385250926018,41,0.00012851215656510304
1263,0.9876475930213928,0.012352406978607178,1.3002610206604004,0.025231491774320602,41,0.00012851215656510304
1264,0.9877105951309204,0.01228940486907959,1.2807786464691162,0.024974297732114792,41,0.00012851215656510304
1265,0.9874764680862427,0.012523531913757324,1.2974543571472168,0.025372840464115143,41,0.00012851215656510304
1266,0.9875877499580383,0.01241225004196167,1.2933518886566162,0.025221645832061768,41,0.00012851215656510304
1267,0.9875439405441284,0.012456059455871582,1.2761096954345703,0.02509259432554245,41,0.00012851215656510304
1268,0.9874094724655151,0.012590527534484863,1.2802436351776123,0.02526705712080002,41,0.00012851215656510304
1269,0.9878687262535095,0.012131273746490479,1.3197630643844604,0.02520759217441082,41,0.00012851215656510304
1270,0.987267792224884,0.012732207775115967,1.2909353971481323,0.025514239445328712,41,0.00012851215656510304
1271,0.9877101182937622,0.012289881706237793,1.2935997247695923,0.025102980434894562,42,0.00012208654873684788
1272,0.9878767132759094,0.012123286724090576,1.2874020338058472,0.024876073002815247,42,0.00012208654873684788
1273,0.9874180555343628,0.012581944465637207,1.2884907722473145,0.025341033935546875,42,0.00012208654873684788
1274,0.9874392747879028,0.012560725212097168,1.285972237586975,0.025294840335845947,42,0.00012208654873684788
1275,0.9876717925071716,0.01232820749282837,1.299799919128418,0.025202924385666847,42,0.00012208654873684788
1276,0.9874756336212158,0.01252436637878418,1.3000071048736572,0.025399193167686462,42,0.00012208654873684788
1277,0.9875985383987427,0.012401461601257324,1.2886054515838623,0.025163501501083374,42,0.00012208654873684788
1278,0.9873834252357483,0.012616574764251709,1.2871274948120117,0.02536168321967125,42,0.00012208654873684788
1279,0.9877694845199585,0.012230515480041504,1.3027265071868896,0.025135476142168045,42,0.00012208654873684788
1280,0.9873154759407043,0.012684524059295654,1.306742787361145,0.025625105947256088,42,0.00012208654873684788
1281,0.9874460697174072,0.012553930282592773,1.3005123138427734,0.025433514267206192,42,0.00012208654873684788
1282,0.9876046776771545,0.012395322322845459,1.3042035102844238,0.025313403457403183,42,0.00012208654873684788
1283,0.987219512462616,0.012780487537384033,1.2904400825500488,0.025557084009051323,42,0.00012208654873684788
1284,0.9876314401626587,0.012368559837341309,1.2922836542129517,0.025167711079120636,42,0.00012208654873684788
1285,0.9874290823936462,0.01257091760635376,1.2861082553863525,0.02530629187822342,42,0.00012208654873684788
1286,0.9880574941635132,0.011942505836486816,1.2879552841186523,0.024702632799744606,42,0.00012208654873684788
1287,0.9875542521476746,0.01244574785232544,1.3087193965911865,0.025408484041690826,42,0.00012208654873684788
1288,0.9877678751945496,0.01223212480545044,1.2774648666381836,0.024884451180696487,42,0.00012208654873684788
1289,0.9877000451087952,0.012299954891204834,1.2850619554519653,0.025027573108673096,42,0.00012208654873684788
1290,0.9875372052192688,0.012462794780731201,1.2785720825195312,0.02512388676404953,42,0.00012208654873684788
1291,0.9877593517303467,0.01224064826965332,1.2948944568634033,0.02506718598306179,42,0.00012208654873684788
1292,0.9874498844146729,0.012550115585327148,1.316979169845581,0.025594405829906464,42,0.00012208654873684788
1293,0.9875369668006897,0.012463033199310303,1.2949793338775635,0.02528819441795349,42,0.00012208654873684788
1294,0.9875519871711731,0.012448012828826904,1.2993181943893433,0.025316715240478516,42,0.00012208654873684788
1295,0.9875597357749939,0.012440264225006104,1.293514609336853,0.025251008570194244,42,0.00012208654873684788
1296,0.9872620701789856,0.012737929821014404,1.293487548828125,0.025545425713062286,42,0.00012208654873684788
1297,0.9874057173728943,0.012594282627105713,1.3042628765106201,0.025510968640446663,42,0.00012208654873684788
1298,0.9873948097229004,0.01260519027709961,1.2948931455612183,0.02542806975543499,42,0.00012208654873684788
1299,0.9880042672157288,0.01199573278427124,1.3204765319824219,0.025080539286136627,42,0.00012208654873684788
1300,0.9877663254737854,0.0122336745262146,1.293897032737732,0.02505030855536461,42,0.00012208654873684788
1301,0.9878047704696655,0.012195229530334473,1.2815659046173096,0.024888936430215836,42,0.00012208654873684788
1302,0.9874827265739441,0.012517273426055908,1.3024784326553345,0.025416884571313858,43,0.00011598222130000548
1303,0.9877385497093201,0.012261450290679932,1.2880102396011353,0.02501893788576126,43,0.00011598222130000548
1304,0.9876062273979187,0.012393772602081299,1.2952560186386108,0.02522239461541176,43,0.00011598222130000548
1305,0.9872069358825684,0.01279306411743164,1.286717414855957,0.025532308965921402,43,0.00011598222130000548
1306,0.9877029061317444,0.012297093868255615,1.2947221994400024,0.02512134425342083,43,0.00011598222130000548
1307,0.9875702857971191,0.01242971420288086,1.3158345222473145,0.025463761761784554,43,0.00011598222130000548
1308,0.9873008728027344,0.012699127197265625,1.3066189289093018,0.02563832513988018,43,0.00011598222130000548
1309,0.9877983331680298,0.012201666831970215,1.2766562700271606,0.024846212938427925,43,0.00011598222130000548
1310,0.9875128269195557,0.012487173080444336,1.3025197982788086,0.02538749948143959,43,0.00011598222130000548
1311,0.9881862998008728,0.011813700199127197,1.2844898700714111,0.024540461599826813,43,0.00011598222130000548
1312,0.9874802827835083,0.0125197172164917,1.28824782371521,0.025276998057961464,43,0.00011598222130000548
1313,0.9878803491592407,0.012119650840759277,1.3025197982788086,0.025023652240633965,43,0.00011598222130000548
1314,0.9873529076576233,0.012647092342376709,1.306628704071045,0.02558690868318081,43,0.00011598222130000548
1315,0.987479031085968,0.012520968914031982,1.29997718334198,0.025395531207323074,43,0.00011598222130000548
1316,0.9873640537261963,0.012635946273803711,1.298903465270996,0.02549862116575241,43,0.00011598222130000548
1317,0.9876705408096313,0.012329459190368652,1.307384729385376,0.02528001181781292,43,0.00011598222130000548
1318,0.9874998331069946,0.012500166893005371,1.2840144634246826,0.025215309113264084,43,0.00011598222130000548
1319,0.987312912940979,0.012687087059020996,1.2882988452911377,0.02544320374727249,43,0.00011598222130000548
1320,0.9879158139228821,0.01208418607711792,1.3194615840911865,0.025157960131764412,43,0.00011598222130000548
1321,0.987410843372345,0.01258915662765503,1.290494680404663,0.025368211790919304,43,0.00011598222130000548
1322,0.9877958297729492,0.012204170227050781,1.2953524589538574,0.02503565326333046,43,0.00011598222130000548
1323,0.9877009391784668,0.012299060821533203,1.3003219366073608,0.025179289281368256,43,0.00011598222130000548
1324,0.9876405596733093,0.012359440326690674,1.2880150079727173,0.025115996599197388,43,0.00011598222130000548
1325,0.9876018166542053,0.012398183345794678,1.2957572937011719,0.025231774896383286,43,0.00011598222130000548
1326,0.9880331754684448,0.011966824531555176,1.2805242538452148,0.024652399122714996,43,0.00011598222130000548
1327,0.9877618551254272,0.012238144874572754,1.2878572940826416,0.02499433606863022,43,0.00011598222130000548
1328,0.9875128865242004,0.01248711347579956,1.2924617528915405,0.025286860764026642,43,0.00011598222130000548
1329,0.9874672293663025,0.01253277063369751,1.2865325212478638,0.02527276799082756,43,0.00011598222130000548
1330,0.9872640371322632,0.012735962867736816,1.2941592931747437,0.025550195947289467,43,0.00011598222130000548
1331,0.9876598715782166,0.012340128421783447,1.2798957824707031,0.025015685707330704,43,0.00011598222130000548
1332,0.9879404306411743,0.012059569358825684,1.2869892120361328,0.024808865040540695,43,0.00011598222130000548
1333,0.9878007173538208,0.0121992826461792,1.2910760641098022,0.024988049641251564,44,0.00011018311023500519
1334,0.9875625967979431,0.012437403202056885,1.2991788387298584,0.02530481666326523,44,0.00011018311023500519
1335,0.9873511791229248,0.012648820877075195,1.2907873392105103,0.025430206209421158,44,0.00011018311023500519
1336,0.9877267479896545,0.012273252010345459,1.2904374599456787,0.025054894387722015,44,0.00011018311023500519
1337,0.9877183437347412,0.012281656265258789,1.2923688888549805,0.025082528591156006,44,0.00011018311023500519
1338,0.988003134727478,0.011996865272521973,1.297860860824585,0.02485550567507744,44,0.00011018311023500519
1339,0.9878036379814148,0.012196362018585205,1.2998032569885254,0.025072431191802025,44,0.00011018311023500519
1340,0.9874163866043091,0.012583613395690918,1.288474202156067,0.02534252032637596,44,0.00011018311023500519
1341,0.9874234199523926,0.012576580047607422,1.2998268604278564,0.025449082255363464,44,0.00011018311023500519
1342,0.9875567555427551,0.012443244457244873,1.2843400239944458,0.025162212550640106,44,0.00011018311023500519
1343,0.9873807430267334,0.012619256973266602,1.2901709079742432,0.025394773110747337,44,0.00011018311023500519
1344,0.9877789616584778,0.012221038341522217,1.3063745498657227,0.025162573903799057,44,0.00011018311023500519
1345,0.9876106381416321,0.01238936185836792,1.2842128276824951,0.025107596069574356,44,0.00011018311023500519
1346,0.9878013730049133,0.01219862699508667,1.30268132686615,0.025103453546762466,44,0.00011018311023500519
1347,0.9875560998916626,0.012443900108337402,1.2819498777389526,0.025138959288597107,44,0.00011018311023500519
1348,0.987684428691864,0.012315571308135986,1.298460841178894,0.02517702430486679,44,0.00011018311023500519
1349,0.9879662990570068,0.012033700942993164,1.294438362121582,0.024857748299837112,44,0.00011018311023500519
1350,0.9873660206794739,0.012633979320526123,1.284272313117981,0.025350362062454224,44,0.00011018311023500519
1351,0.9875659942626953,0.012434005737304688,1.2907582521438599,0.025217248126864433,44,0.00011018311023500519
1352,0.9877730011940002,0.012226998805999756,1.3000152111053467,0.025104880332946777,44,0.00011018311023500519
1353,0.9874670505523682,0.012532949447631836,1.2900720834732056,0.025308340787887573,44,0.00011018311023500519
1354,0.9876247048377991,0.012375295162200928,1.289085865020752,0.025142401456832886,44,0.00011018311023500519
1355,0.9876066446304321,0.012393355369567871,1.28571355342865,0.025126557797193527,44,0.00011018311023500519
1356,0.9876199960708618,0.012380003929138184,1.299071192741394,0.025246914476156235,44,0.00011018311023500519
1357,0.9879459142684937,0.012054085731506348,1.2956453561782837,0.024889998137950897,44,0.00011018311023500519
1358,0.9879018664360046,0.012098133563995361,1.2947380542755127,0.02492453157901764,44,0.00011018311023500519
1359,0.9872379899024963,0.012762010097503662,1.3032481670379639,0.025666870176792145,44,0.00011018311023500519
1360,0.9877432584762573,0.012256741523742676,1.2959650754928589,0.025093823671340942,44,0.00011018311023500519
1361,0.9872581958770752,0.012741804122924805,1.2973999977111816,0.02558838576078415,44,0.00011018311023500519
1362,0.987565279006958,0.012434720993041992,1.2939355373382568,0.025249728932976723,44,0.00011018311023500519
1363,0.9878169894218445,0.012183010578155518,1.306662678718567,0.025127805769443512,44,0.00011018311023500519
1364,0.9874433875083923,0.012556612491607666,1.2820903062820435,0.025251951068639755,45,0.00010467395472325493
1365,0.9876067638397217,0.01239323616027832,1.2772104740142822,0.025041408836841583,45,0.00010467395472325493
1366,0.9876906275749207,0.012309372425079346,1.298946499824524,0.02517574280500412,45,0.00010467395472325493
1367,0.987608015537262,0.012391984462738037,1.2847065925598145,0.025115130469202995,45,0.00010467395472325493
1368,0.9876877069473267,0.01231229305267334,1.2942206859588623,0.025131376460194588,45,0.00010467395472325493
1369,0.9879106879234314,0.012089312076568604,1.2904752492904663,0.024873171001672745,45,0.00010467395472325493
1370,0.9872361421585083,0.0127638578414917,1.2966663837432861,0.025602882727980614,45,0.00010467395472325493
1371,0.9876524209976196,0.012347579002380371,1.2885596752166748,0.025109700858592987,45,0.00010467395472325493
1372,0.9872109293937683,0.01278907060623169,1.29575777053833,0.02561875805258751,45,0.00010467395472325493
1373,0.9875421524047852,0.012457847595214844,1.3021633625030518,0.02535490319132805,45,0.00010467395472325493
1374,0.9876914620399475,0.01230853796005249,1.2948353290557861,0.025133805349469185,45,0.00010467395472325493
1375,0.9875956773757935,0.012404322624206543,1.2994920015335083,0.025275200605392456,45,0.00010467395472325493
1376,0.987542986869812,0.012457013130187988,1.2908707857131958,0.025241151452064514,45,0.00010467395472325493
1377,0.9876936078071594,0.012306392192840576,1.2839570045471191,0.025022897869348526,45,0.00010467395472325493
1378,0.9878286719322205,0.012171328067779541,1.287853717803955,0.024928152561187744,45,0.00010467395472325493
1379,0.9878247380256653,0.012175261974334717,1.3039991855621338,0.025093499571084976,45,0.00010467395472325493
1380,0.9876949191093445,0.012305080890655518,1.2915418148040771,0.025097448378801346,45,0.00010467395472325493
1381,0.9879995584487915,0.012000441551208496,1.2978435754776,0.024858873337507248,45,0.00010467395472325493
1382,0.9874192476272583,0.0125807523727417,1.290405035018921,0.02535899356007576,45,0.00010467395472325493
1383,0.9874798059463501,0.012520194053649902,1.2988518476486206,0.025383509695529938,45,0.00010467395472325493
1384,0.9875931143760681,0.012406885623931885,1.298523187637329,0.02526804804801941,45,0.00010467395472325493
1385,0.9878672957420349,0.012132704257965088,1.2892149686813354,0.02490352652966976,45,0.00010467395472325493
1386,0.9877446889877319,0.012255311012268066,1.3011518716812134,0.02514427714049816,45,0.00010467395472325493
1387,0.9878532290458679,0.01214677095413208,1.3016929626464844,0.025042232125997543,45,0.00010467395472325493
1388,0.9877810478210449,0.012218952178955078,1.3002300262451172,0.02509906142950058,45,0.00010467395472325493
1389,0.9877701997756958,0.0122298002243042,1.3020731210708618,0.025128234177827835,45,0.00010467395472325493
1390,0.9879980683326721,0.01200193166732788,1.305312156677246,0.024935033172369003,45,0.00010467395472325493
1391,0.9874564409255981,0.012543559074401855,1.2923767566680908,0.02534189075231552,45,0.00010467395472325493
1392,0.9876992106437683,0.01230078935623169,1.2799501419067383,0.02497728168964386,45,0.00010467395472325493
1393,0.9873262643814087,0.012673735618591309,1.2825921773910522,0.02537291869521141,45,0.00010467395472325493
1394,0.987799882888794,0.012200117111206055,1.2943592071533203,0.025021707639098167,45,0.00010467395472325493
1395,0.9881079792976379,0.01189202070236206,1.3071205615997314,0.024844307452440262,46,9.944025698709218e-05
1396,0.9877195954322815,0.012280404567718506,1.290424108505249,0.025061842054128647,46,9.944025698709218e-05
1397,0.9878127574920654,0.01218724250793457,1.2910468578338623,0.024975840002298355,46,9.944025698709218e-05
1398,0.9875481724739075,0.01245182752609253,1.2775278091430664,0.025102587416768074,46,9.944025698709218e-05
1399,0.9879748821258545,0.012025117874145508,1.280966877937317,0.024714535102248192,46,9.944025698709218e-05
1400,0.9876570105552673,0.012342989444732666,1.2936525344848633,0.025156084448099136,46,9.944025698709218e-05
1401,0.9877140522003174,0.012285947799682617,1.296272873878479,0.025125816464424133,46,9.944025698709218e-05
1402,0.9871875643730164,0.012812435626983643,1.2876815795898438,0.025561127811670303,46,9.944025698709218e-05
1403,0.9870586395263672,0.012941360473632812,1.2905070781707764,0.02571701630949974,46,9.944025698709218e-05
1404,0.9875410795211792,0.0124589204788208,1.291058897972107,0.02524491958320141,46,9.944025698709218e-05
1405,0.9877789616584778,0.012221038341522217,1.3132996559143066,0.025231823325157166,46,9.944025698709218e-05
1406,0.9880182147026062,0.011981785297393799,1.2916265726089478,0.024778231978416443,46,9.944025698709218e-05
1407,0.9877463579177856,0.012253642082214355,1.2991690635681152,0.02512279525399208,46,9.944025698709218e-05
1408,0.9874023795127869,0.012597620487213135,1.2921525239944458,0.02539316937327385,46,9.944025698709218e-05
1409,0.9875986576080322,0.012401342391967773,1.2865722179412842,0.025143051519989967,46,9.944025698709218e-05
1410,0.9877417683601379,0.01225823163986206,1.3064384460449219,0.02520003356039524,46,9.944025698709218e-05
1411,0.9878352284431458,0.012164771556854248,1.294521450996399,0.024988338351249695,46,9.944025698709218e-05
1412,0.9881072640419006,0.011892735958099365,1.2800354957580566,0.024574164301156998,46,9.944025698709218e-05
1413,0.9871305227279663,0.012869477272033691,1.2990267276763916,0.025731049478054047,46,9.944025698709218e-05
1414,0.9874964356422424,0.012503564357757568,1.2848650217056274,0.025227177888154984,46,9.944025698709218e-05
1415,0.9878930449485779,0.01210695505142212,1.2991819381713867,0.024977706372737885,46,9.944025698709218e-05
1416,0.9878517985343933,0.01214820146560669,1.295560359954834,0.02498232200741768,46,9.944025698709218e-05
1417,0.9876503944396973,0.012349605560302734,1.2772116661071777,0.024998225271701813,46,9.944025698709218e-05
1418,0.9876523613929749,0.012347638607025146,1.2903460264205933,0.025127623230218887,46,9.944025698709218e-05
1419,0.9875624179840088,0.012437582015991211,1.2968083620071411,0.025281289592385292,46,9.944025698709218e-05
1420,0.9876425266265869,0.012357473373413086,1.3072471618652344,0.025306370109319687,46,9.944025698709218e-05
1421,0.9874277114868164,0.012572288513183594,1.2973754405975342,0.02542031928896904,46,9.944025698709218e-05
1422,0.987753689289093,0.012246310710906982,1.2934672832489014,0.02505851909518242,46,9.944025698709218e-05
1423,0.9880440831184387,0.01195591688156128,1.2890218496322632,0.02472657524049282,46,9.944025698709218e-05
1424,0.9877029657363892,0.01229703426361084,1.2914886474609375,0.025088950991630554,46,9.944025698709218e-05
1425,0.9872210025787354,0.012778997421264648,1.2885280847549438,0.025536488741636276,46,9.944025698709218e-05
1426,0.9876990914344788,0.01230090856552124,1.2829869985580444,0.025007769465446472,47,9.446824413773756e-05
1427,0.9875718355178833,0.0124281644821167,1.3001519441604614,0.025305401533842087,47,9.446824413773756e-05
1428,0.9876425266265869,0.012357473373413086,1.3049120903015137,0.025283019989728928,47,9.446824413773756e-05
1429,0.9879136681556702,0.012086331844329834,1.2854151725769043,0.024819619953632355,47,9.446824413773756e-05
1430,0.9875484108924866,0.012451589107513428,1.2841094732284546,0.025168167427182198,47,9.446824413773756e-05
1431,0.9875071048736572,0.012492895126342773,1.2985602617263794,0.0253535695374012,47,9.446824413773756e-05
1432,0.9873731732368469,0.012626826763153076,1.2788487672805786,0.02528904750943184,47,9.446824413773756e-05
1433,0.9876176118850708,0.0123823881149292,1.3012807369232178,0.025271371006965637,47,9.446824413773756e-05
1434,0.9880121946334839,0.011987805366516113,1.2921878099441528,0.024789806455373764,47,9.446824413773756e-05
1435,0.9875634908676147,0.012436509132385254,1.2861889600753784,0.025174032896757126,47,9.446824413773756e-05
1436,0.9876686334609985,0.012331366539001465,1.290689468383789,0.02511494606733322,47,9.446824413773756e-05
1437,0.9877761602401733,0.01222383975982666,1.3112062215805054,0.025213662534952164,47,9.446824413773756e-05
1438,0.9875916242599487,0.01240837574005127,1.285559058189392,0.025139883160591125,47,9.446824413773756e-05
1439,0.987438976764679,0.012561023235321045,1.295588493347168,0.025391297414898872,47,9.446824413773756e-05
1440,0.9878284335136414,0.012171566486358643,1.2776191234588623,0.024826042354106903,47,9.446824413773756e-05
1441,0.987636148929596,0.012363851070404053,1.2904733419418335,0.025144945830106735,47,9.446824413773756e-05
1442,0.9877164959907532,0.012283504009246826,1.3023676872253418,0.02518434450030327,47,9.446824413773756e-05
1443,0.9875408411026001,0.012459158897399902,1.3013427257537842,0.02534799464046955,47,9.446824413773756e-05
1444,0.9880207180976868,0.011979281902313232,1.2896087169647217,0.024755576625466347,47,9.446824413773756e-05
1445,0.987829864025116,0.012170135974884033,1.299483299255371,0.025043267756700516,47,9.446824413773756e-05
1446,0.9875929951667786,0.012407004833221436,1.281128168106079,0.02509421668946743,47,9.446824413773756e-05
1447,0.9876677989959717,0.01233220100402832,1.2831995487213135,0.025040874257683754,47,9.446824413773756e-05
1448,0.9876708388328552,0.012329161167144775,1.2955676317214966,0.02516154572367668,47,9.446824413773756e-05
1449,0.9878913164138794,0.012108683586120605,1.2980048656463623,0.02496764436364174,47,9.446824413773756e-05
1450,0.9881809949874878,0.011819005012512207,1.281456470489502,0.02451537922024727,47,9.446824413773756e-05
1451,0.9877387881278992,0.01226121187210083,1.299669623374939,0.02513529546558857,47,9.446824413773756e-05
1452,0.9873851537704468,0.012614846229553223,1.2921688556671143,0.02541038580238819,47,9.446824413773756e-05
1453,0.9880886077880859,0.011911392211914062,1.2878471612930298,0.02467074990272522,47,9.446824413773756e-05
1454,0.9874274730682373,0.012572526931762695,1.2893916368484497,0.025340717285871506,47,9.446824413773756e-05
1455,0.987645149230957,0.012354850769042969,1.3143006563186646,0.025374308228492737,47,9.446824413773756e-05
1456,0.9876802563667297,0.012319743633270264,1.278089165687561,0.024977438151836395,47,9.446824413773756e-05
1457,0.9878562092781067,0.01214379072189331,1.2942148447036743,0.024964500218629837,48,8.974483193085068e-05
1458,0.9874141812324524,0.012585818767547607,1.2890671491622925,0.025350632146000862,48,8.974483193085068e-05
1459,0.9876031875610352,0.012396812438964844,1.2968581914901733,0.02524142526090145,48,8.974483193085068e-05
1460,0.9875680804252625,0.012431919574737549,1.2873536348342896,0.025181137025356293,48,8.974483193085068e-05
1461,0.9875302314758301,0.012469768524169922,1.3083657026290894,0.02542872726917267,48,8.974483193085068e-05
1462,0.987511932849884,0.012488067150115967,1.2952977418899536,0.025316163897514343,48,8.974483193085068e-05
1463,0.9878680109977722,0.012131989002227783,1.289318561553955,0.024903854355216026,48,8.974483193085068e-05
1464,0.9876407980918884,0.012359201908111572,1.285942792892456,0.02509503811597824,48,8.974483193085068e-05
1465,0.9876671433448792,0.01233285665512085,1.2782304286956787,0.024991832673549652,48,8.974483193085068e-05
1466,0.987719714641571,0.012280285358428955,1.2939411401748657,0.025096893310546875,48,8.974483193085068e-05
1467,0.987536609172821,0.012463390827178955,1.3062105178833008,0.025400862097740173,48,8.974483193085068e-05
1468,0.9875442981719971,0.01245570182800293,1.2816579341888428,0.025147724896669388,48,8.974483193085068e-05
1469,0.9878974556922913,0.01210254430770874,1.2934750318527222,0.02491626888513565,48,8.974483193085068e-05
1470,0.9878510236740112,0.01214897632598877,1.2806764841079712,0.024834251031279564,48,8.974483193085068e-05
1471,0.9875441193580627,0.012455880641937256,1.2963122129440308,0.02529444359242916,48,8.974483193085068e-05
1472,0.9877759218215942,0.012224078178405762,1.2966059446334839,0.025067895650863647,48,8.974483193085068e-05
1473,0.987914502620697,0.012085497379302979,1.2873328924179077,0.024837970733642578,48,8.974483193085068e-05
1474,0.9880037307739258,0.011996269226074219,1.2843459844589233,0.02471976727247238,48,8.974483193085068e-05
1475,0.9879541993141174,0.012045800685882568,1.293201208114624,0.024857353419065475,48,8.974483193085068e-05
1476,0.9880542755126953,0.011945724487304688,1.2757554054260254,0.02458382025361061,48,8.974483193085068e-05
1477,0.9878469109535217,0.012153089046478271,1.2866164445877075,0.024897722527384758,48,8.974483193085068e-05
1478,0.9874684810638428,0.012531518936157227,1.3088757991790771,0.02549496293067932,48,8.974483193085068e-05
1479,0.9879010319709778,0.012098968029022217,1.283900260925293,0.024816980585455894,48,8.974483193085068e-05
1480,0.9875590801239014,0.012440919876098633,1.291728138923645,0.025233792141079903,48,8.974483193085068e-05
1481,0.9875671863555908,0.01243281364440918,1.2977697849273682,0.025286182761192322,48,8.974483193085068e-05
1482,0.987764835357666,0.012235164642333984,1.3055222034454346,0.025168035179376602,48,8.974483193085068e-05
1483,0.9874758124351501,0.012524187564849854,1.2882531881332397,0.025281477719545364,48,8.974483193085068e-05
1484,0.9878454208374023,0.012154579162597656,1.290887713432312,0.024941910058259964,48,8.974483193085068e-05
1485,0.9876708984375,0.0123291015625,1.292646050453186,0.02513227052986622,48,8.974483193085068e-05
1486,0.9876843094825745,0.012315690517425537,1.2885788679122925,0.025078322738409042,48,8.974483193085068e-05
1487,0.9878368973731995,0.012163102626800537,1.3051022291183472,0.02509249374270439,48,8.974483193085068e-05
1488,0.987739622592926,0.012260377407073975,1.2931320667266846,0.025069095194339752,49,8.525759033430814e-05
1489,0.9880159497261047,0.011984050273895264,1.2818714380264282,0.024682924151420593,49,8.525759033430814e-05
1490,0.9880053997039795,0.011994600296020508,1.2844133377075195,0.024718787521123886,49,8.525759033430814e-05
1491,0.9879035949707031,0.012096405029296875,1.2998288869857788,0.024973729625344276,49,8.525759033430814e-05
1492,0.9877665042877197,0.012233495712280273,1.2821321487426758,0.024932481348514557,49,8.525759033430814e-05
1493,0.9878973364830017,0.012102663516998291,1.2834478616714478,0.024816114455461502,49,8.525759033430814e-05
1494,0.9874395132064819,0.012560486793518066,1.2915828227996826,0.02535071037709713,49,8.525759033430814e-05
1495,0.9876996278762817,0.012300372123718262,1.2927554845809937,0.02510492317378521,49,8.525759033430814e-05
1496,0.9876076579093933,0.01239234209060669,1.2951732873916626,0.025220151990652084,49,8.525759033430814e-05
1497,0.9875274300575256,0.012472569942474365,1.3024892807006836,0.025372736155986786,49,8.525759033430814e-05
1498,0.9875820875167847,0.012417912483215332,1.2905312776565552,0.02519904635846615,49,8.525759033430814e-05
1499,0.9878057241439819,0.012194275856018066,1.2776100635528564,0.02484843321144581,49,8.525759033430814e-05
1500,0.9877724051475525,0.01222759485244751,1.2971506118774414,0.02507682517170906,49,8.525759033430814e-05
1501,0.9877521991729736,0.012247800827026367,1.2962465286254883,0.025087788701057434,49,8.525759033430814e-05
1502,0.9876945614814758,0.01230543851852417,1.2814357280731201,0.024996740743517876,49,8.525759033430814e-05
1503,0.9876745939254761,0.012325406074523926,1.2921758890151978,0.02512391097843647,49,8.525759033430814e-05
1504,0.9874541759490967,0.01254582405090332,1.2944501638412476,0.025364866480231285,49,8.525759033430814e-05
1505,0.9877573251724243,0.012242674827575684,1.2822511196136475,0.024942759424448013,49,8.525759033430814e-05
1506,0.9873149394989014,0.012685060501098633,1.2893868684768677,0.025452077388763428,49,8.525759033430814e-05
1507,0.988082230091095,0.01191776990890503,1.3023803234100342,0.02482239529490471,49,8.525759033430814e-05
1508,0.9881001710891724,0.011899828910827637,1.2965216636657715,0.02474604733288288,49,8.525759033430814e-05
1509,0.9877967238426208,0.01220327615737915,1.2755026817321777,0.02483626827597618,49,8.525759033430814e-05
1510,0.9878289699554443,0.012171030044555664,1.2954360246658325,0.02500367909669876,49,8.525759033430814e-05
1511,0.9875509142875671,0.012449085712432861,1.306563138961792,0.025390226393938065,49,8.525759033430814e-05
1512,0.9878363013267517,0.012163698673248291,1.2783374786376953,0.024825435131788254,49,8.525759033430814e-05
1513,0.9878665208816528,0.012133479118347168,1.285659909248352,0.024868743494153023,49,8.525759033430814e-05
1514,0.987636148929596,0.012363851070404053,1.2839691638946533,0.02507990412414074,49,8.525759033430814e-05
1515,0.987824022769928,0.012175977230072021,1.288886308670044,0.02494307979941368,49,8.525759033430814e-05
1516,0.9872334599494934,0.012766540050506592,1.2914698123931885,0.025553572922945023,49,8.525759033430814e-05
1517,0.9877660274505615,0.012233972549438477,1.314615249633789,0.025257784873247147,49,8.525759033430814e-05
1518,0.9877740144729614,0.012225985527038574,1.3129160404205322,0.025232885032892227,49,8.525759033430814e-05
1519,0.9874307513237,0.012569248676300049,1.2888705730438232,0.025332260876893997,50,8.099471081759274e-05
1520,0.9881884455680847,0.011811554431915283,1.2856377363204956,0.02454981580376625,50,8.099471081759274e-05
1521,0.9881560206413269,0.011843979358673096,1.2835814952850342,0.024561353027820587,50,8.099471081759274e-05
1522,0.9880688190460205,0.011931180953979492,1.2921202182769775,0.02473307028412819,50,8.099471081759274e-05
1523,0.9874028563499451,0.012597143650054932,1.297808051109314,0.025449253618717194,50,8.099471081759274e-05
1524,0.9878111481666565,0.012188851833343506,1.298897624015808,0.025055939331650734,50,8.099471081759274e-05
1525,0.9879363775253296,0.01206362247467041,1.2896901369094849,0.024839887395501137,50,8.099471081759274e-05
1526,0.9877647757530212,0.01223522424697876,1.2957184314727783,0.025070056319236755,50,8.099471081759274e-05
1527,0.9877837896347046,0.01221621036529541,1.2813502550125122,0.02490755170583725,50,8.099471081759274e-05
1528,0.987839937210083,0.012160062789916992,1.2791810035705566,0.024830270558595657,50,8.099471081759274e-05
1529,0.9876887798309326,0.012311220169067383,1.2848951816558838,0.02503705956041813,50,8.099471081759274e-05
1530,0.9876191020011902,0.012380897998809814,1.2961512804031372,0.025218602269887924,50,8.099471081759274e-05
1531,0.9877421855926514,0.012257814407348633,1.2805585861206055,0.024940822273492813,50,8.099471081759274e-05
1532,0.9879024028778076,0.012097597122192383,1.2948824167251587,0.024925444275140762,50,8.099471081759274e-05
1533,0.9878636598587036,0.012136340141296387,1.2886375188827515,0.02490135282278061,50,8.099471081759274e-05
1534,0.987746000289917,0.012253999710083008,1.2973788976669312,0.025105249136686325,50,8.099471081759274e-05
1535,0.987795889377594,0.012204110622406006,1.2814240455627441,0.02489630877971649,50,8.099471081759274e-05
1536,0.9875198006629944,0.012480199337005615,1.2909334897994995,0.025264732539653778,50,8.099471081759274e-05
1537,0.9876806139945984,0.012319386005401611,1.3133599758148193,0.025329791009426117,50,8.099471081759274e-05
1538,0.9875210523605347,0.012478947639465332,1.2886581420898438,0.025240737944841385,50,8.099471081759274e-05
1539,0.9880792498588562,0.011920750141143799,1.2813079357147217,0.024614620953798294,50,8.099471081759274e-05
1540,0.9874494671821594,0.012550532817840576,1.2850852012634277,0.025275878608226776,50,8.099471081759274e-05
1541,0.9877684712409973,0.012231528759002686,1.279050588607788,0.024899719282984734,50,8.099471081759274e-05
1542,0.9878067970275879,0.01219320297241211,1.3086243867874146,0.025157514959573746,50,8.099471081759274e-05
1543,0.9873864054679871,0.01261359453201294,1.3036623001098633,0.02552408166229725,50,8.099471081759274e-05
1544,0.9878960847854614,0.012103915214538574,1.3053197860717773,0.025036074221134186,50,8.099471081759274e-05
1545,0.9880350232124329,0.011964976787567139,1.2958565950393677,0.02480389177799225,50,8.099471081759274e-05
1546,0.9878595471382141,0.012140452861785889,1.290783405303955,0.02492688223719597,50,8.099471081759274e-05
1547,0.9874507784843445,0.012549221515655518,1.286896824836731,0.02529269829392433,50,8.099471081759274e-05
1548,0.9877307415008545,0.012269258499145508,1.2829729318618774,0.024976294487714767,50,8.099471081759274e-05
1549,0.9870760440826416,0.012923955917358398,1.288759708404541,0.02568231336772442,50,8.099471081759274e-05
1550,0.9875661134719849,0.012433886528015137,1.2927446365356445,0.02523699402809143,51,7.69449752767131e-05
1551,0.9877323508262634,0.012267649173736572,1.296860694885254,0.025113578885793686,51,7.69449752767131e-05
1552,0.9875483512878418,0.012451648712158203,1.2837501764297485,0.025164633989334106,51,7.69449752767131e-05
1553,0.9875357747077942,0.01246422529220581,1.292077898979187,0.025260362774133682,51,7.69449752767131e-05
1554,0.9879501461982727,0.012049853801727295,1.2843438386917114,0.02477279305458069,51,7.69449752767131e-05
1555,0.9880881309509277,0.011911869049072266,1.2992429733276367,0.024785179644823074,51,7.69449752767131e-05
1556,0.987842321395874,0.012157678604125977,1.2837450504302979,0.024873550981283188,51,7.69449752767131e-05
1557,0.9877175688743591,0.01228243112564087,1.291334629058838,0.02507295459508896,51,7.69449752767131e-05
1558,0.9878491163253784,0.012150883674621582,1.285993218421936,0.024889307096600533,51,7.69449752767131e-05
1559,0.988009512424469,0.011990487575531006,1.3024183511734009,0.02489476650953293,51,7.69449752767131e-05
1560,0.9877269268035889,0.012273073196411133,1.2941513061523438,0.025091856718063354,51,7.69449752767131e-05
1561,0.9878093004226685,0.012190699577331543,1.2846554517745972,0.02491534687578678,51,7.69449752767131e-05
1562,0.9872918725013733,0.012708127498626709,1.2869664430618286,0.025450710207223892,51,7.69449752767131e-05
1563,0.9875636696815491,0.012436330318450928,1.3077149391174316,0.025389116257429123,51,7.69449752767131e-05
1564,0.9877243041992188,0.01227569580078125,1.303247332572937,0.025185411795973778,51,7.69449752767131e-05
1565,0.9874482750892639,0.012551724910736084,1.2820430994033813,0.02524663880467415,51,7.69449752767131e-05
1566,0.9877097010612488,0.01229029893875122,1.310694932937622,0.02527434378862381,51,7.69449752767131e-05
1567,0.9877057075500488,0.012294292449951172,1.2885563373565674,0.025056913495063782,51,7.69449752767131e-05
1568,0.9875990152359009,0.012400984764099121,1.2873718738555908,0.025150693953037262,51,7.69449752767131e-05
1569,0.9878740310668945,0.012125968933105469,1.28687584400177,0.02487346902489662,51,7.69449752767131e-05
1570,0.9881320595741272,0.011867940425872803,1.2714546918869019,0.024463806301355362,51,7.69449752767131e-05
1571,0.9877157807350159,0.01228421926498413,1.2755199670791626,0.024916576221585274,51,7.69449752767131e-05
1572,0.9877805113792419,0.012219488620758057,1.2975162267684937,0.025072455406188965,51,7.69449752767131e-05
1573,0.9879010915756226,0.012098908424377441,1.2841607332229614,0.024819526821374893,51,7.69449752767131e-05
1574,0.9879306554794312,0.012069344520568848,1.274238109588623,0.024691032245755196,51,7.69449752767131e-05
1575,0.9883602857589722,0.011639714241027832,1.2934808731079102,0.024458125233650208,51,7.69449752767131e-05
1576,0.9876020550727844,0.012397944927215576,1.3034710884094238,0.025308676064014435,51,7.69449752767131e-05
1577,0.9877054691314697,0.012294530868530273,1.2882503271102905,0.025054089725017548,51,7.69449752767131e-05
1578,0.988103985786438,0.011896014213562012,1.2935090065002441,0.02471214532852173,51,7.69449752767131e-05
1579,0.9877335429191589,0.012266457080841064,1.2855594158172607,0.024999387562274933,51,7.69449752767131e-05
1580,0.9876031279563904,0.01239687204360962,1.292873740196228,0.025201641023159027,51,7.69449752767131e-05
1581,0.9871633052825928,0.012836694717407227,1.2928317785263062,0.025636645033955574,52,7.309772651287744e-05
1582,0.9877220392227173,0.012277960777282715,1.2874948978424072,0.02503013052046299,52,7.309772651287744e-05
1583,0.9879216551780701,0.012078344821929932,1.2942428588867188,0.024899989366531372,52,7.309772651287744e-05
1584,0.9875262975692749,0.012473702430725098,1.2946416139602661,0.025295380502939224,52,7.309772651287744e-05
1585,0.9876744747161865,0.012325525283813477,1.299889087677002,0.025201160460710526,52,7.309772651287744e-05
1586,0.987914502620697,0.012085497379302979,1.2922238111495972,0.024886880069971085,52,7.309772651287744e-05
1587,0.9881083965301514,0.011891603469848633,1.2887215614318848,0.0246599018573761,52,7.309772651287744e-05
1588,0.9880292415618896,0.011970758438110352,1.2908425331115723,0.024759475141763687,52,7.309772651287744e-05
1589,0.9880613684654236,0.011938631534576416,1.2871114015579224,0.024690359830856323,52,7.309772651287744e-05
1590,0.987821638584137,0.012178361415863037,1.299674153327942,0.025053318589925766,52,7.309772651287744e-05
1591,0.9876585602760315,0.012341439723968506,1.2913023233413696,0.025131048634648323,52,7.309772651287744e-05
1592,0.9876558780670166,0.012344121932983398,1.2847466468811035,0.025068147107958794,52,7.309772651287744e-05
1593,0.9882889986038208,0.0117110013961792,1.2962093353271484,0.024555984884500504,52,7.309772651287744e-05
1594,0.9879578948020935,0.012042105197906494,1.2813782691955566,0.0247354656457901,52,7.309772651287744e-05
1595,0.987531304359436,0.012468695640563965,1.2801496982574463,0.025145504623651505,52,7.309772651287744e-05
1596,0.9877214431762695,0.012278556823730469,1.287200689315796,0.02502777799963951,52,7.309772651287744e-05
1597,0.9875857830047607,0.012414216995239258,1.2980339527130127,0.025270413607358932,52,7.309772651287744e-05
1598,0.9875468611717224,0.012453138828277588,1.2801909446716309,0.025130517780780792,52,7.309772651287744e-05
1599,0.988183319568634,0.011816680431365967,1.2859185934066772,0.024557698518037796,52,7.309772651287744e-05
1600,0.9881231784820557,0.011876821517944336,1.2828160524368286,0.024586213752627373,52,7.309772651287744e-05
1601,0.9879331588745117,0.012066841125488281,1.2803692817687988,0.024749863892793655,52,7.309772651287744e-05
1602,0.9875876307487488,0.01241236925125122,1.3046140670776367,0.02533438615500927,52,7.309772651287744e-05
1603,0.9875539541244507,0.012446045875549316,1.29231858253479,0.02524477243423462,52,7.309772651287744e-05
1604,0.9876289963722229,0.0123710036277771,1.2876944541931152,0.025124236941337585,52,7.309772651287744e-05
1605,0.9877071976661682,0.012292802333831787,1.2904795408248901,0.02507466822862625,52,7.309772651287744e-05
1606,0.9877445101737976,0.012255489826202393,1.3128626346588135,0.025261562317609787,52,7.309772651287744e-05
1607,0.9877257943153381,0.012274205684661865,1.299255132675171,0.02514401450753212,52,7.309772651287744e-05
1608,0.9877651333808899,0.012234866619110107,1.2811429500579834,0.02492394670844078,52,7.309772651287744e-05
1609,0.9882653951644897,0.011734604835510254,1.2852269411087036,0.0244695283472538,52,7.309772651287744e-05
1610,0.9874274134635925,0.01257258653640747,1.281943440437317,0.025266295298933983,52,7.309772651287744e-05
1611,0.9879831075668335,0.012016892433166504,1.2774989604949951,0.024671712890267372,52,7.309772651287744e-05
1612,0.987942636013031,0.012057363986968994,1.2962536811828613,0.024899326264858246,53,6.944284018723356e-05
1613,0.9878520369529724,0.012147963047027588,1.2878831624984741,0.024905314669013023,53,6.944284018723356e-05
1614,0.9878872632980347,0.012112736701965332,1.289750576019287,0.024889115244150162,53,6.944284018723356e-05
1615,0.9878157377243042,0.0121842622756958,1.2923343181610107,0.024985764175653458,53,6.944284018723356e-05
1616,0.9879374504089355,0.012062549591064453,1.3083771467208862,0.02502569556236267,53,6.944284018723356e-05
1617,0.9878064393997192,0.012193560600280762,1.2906315326690674,0.024977941066026688,53,6.944284018723356e-05
1618,0.9875957369804382,0.012404263019561768,1.28067946434021,0.025087013840675354,53,6.944284018723356e-05
1619,0.9880431294441223,0.011956870555877686,1.2935161590576172,0.024772463366389275,53,6.944284018723356e-05
1620,0.9878562688827515,0.012143731117248535,1.2977416515350342,0.0249997116625309,53,6.944284018723356e-05
1621,0.9874305725097656,0.012569427490234375,1.302903413772583,0.025472767651081085,53,6.944284018723356e-05
1622,0.9877771735191345,0.012222826480865479,1.277656078338623,0.024877158924937248,53,6.944284018723356e-05
1623,0.9878414273262024,0.012158572673797607,1.274679183959961,0.024783778935670853,53,6.944284018723356e-05
1624,0.9877160787582397,0.012283921241760254,1.2918791770935059,0.025079874321818352,53,6.944284018723356e-05
1625,0.9873490929603577,0.012650907039642334,1.300384521484375,0.02552824281156063,53,6.944284018723356e-05
1626,0.9878635406494141,0.012136459350585938,1.2987990379333496,0.025003084912896156,53,6.944284018723356e-05
1627,0.9875683188438416,0.012431681156158447,1.286344289779663,0.025170806795358658,53,6.944284018723356e-05
1628,0.9879428148269653,0.012057185173034668,1.274133324623108,0.024677947163581848,53,6.944284018723356e-05
1629,0.9875062704086304,0.012493729591369629,1.2791481018066406,0.025160273537039757,53,6.944284018723356e-05
1630,0.9878110289573669,0.012188971042633057,1.2907320261001587,0.02497440204024315,53,6.944284018723356e-05
1631,0.9879998564720154,0.01200014352798462,1.2893061637878418,0.02477320283651352,53,6.944284018723356e-05
1632,0.9877727627754211,0.012227237224578857,1.2778921127319336,0.02488388493657112,53,6.944284018723356e-05
1633,0.9876404404640198,0.012359559535980225,1.2860300540924072,0.025096263736486435,53,6.944284018723356e-05
1634,0.9883045554161072,0.011695444583892822,1.2895640134811401,0.0244741290807724,53,6.944284018723356e-05
1635,0.9879055619239807,0.012094438076019287,1.2788413763046265,0.024761907756328583,53,6.944284018723356e-05
1636,0.9879276156425476,0.012072384357452393,1.3068265914916992,0.025019925087690353,53,6.944284018723356e-05
1637,0.9881889224052429,0.01181107759475708,1.2887611389160156,0.02458057925105095,53,6.944284018723356e-05
1638,0.987784206867218,0.012215793132781982,1.2911549806594849,0.02500518411397934,53,6.944284018723356e-05
1639,0.9879054427146912,0.012094557285308838,1.2790331840515137,0.024763943627476692,53,6.944284018723356e-05
1640,0.9879858493804932,0.012014150619506836,1.2778501510620117,0.024672510102391243,53,6.944284018723356e-05
1641,0.9874885678291321,0.01251143217086792,1.300168514251709,0.025388002395629883,53,6.944284018723356e-05
1642,0.9875482320785522,0.012451767921447754,1.298699975013733,0.025314249098300934,53,6.944284018723356e-05
1643,0.9877113103866577,0.012288689613342285,1.285152792930603,0.025017330422997475,54,6.597069817787189e-05
1644,0.9877907037734985,0.012209296226501465,1.2825170755386353,0.02491237409412861,54,6.597069817787189e-05
1645,0.9878386855125427,0.012161314487457275,1.283215880393982,0.024871859699487686,54,6.597069817787189e-05
1646,0.9876224398612976,0.012377560138702393,1.2854487895965576,0.025108272209763527,54,6.597069817787189e-05
1647,0.9881303310394287,0.011869668960571289,1.296779751777649,0.024718768894672394,54,6.597069817787189e-05
1648,0.9880852103233337,0.01191478967666626,1.290494441986084,0.0247005857527256,54,6.597069817787189e-05
1649,0.9879423975944519,0.012057602405548096,1.2719392776489258,0.024656418710947037,54,6.597069817787189e-05
1650,0.988040030002594,0.011959969997406006,1.2824277877807617,0.02466464787721634,54,6.597069817787189e-05
1651,0.987551212310791,0.012448787689208984,1.2946534156799316,0.02527083456516266,54,6.597069817787189e-05
1652,0.9879199266433716,0.012080073356628418,1.2857884168624878,0.02481715753674507,54,6.597069817787189e-05
1653,0.9875500202178955,0.012449979782104492,1.280968189239502,0.025135161355137825,54,6.597069817787189e-05
1654,0.9879031181335449,0.012096881866455078,1.2825264930725098,0.02480117790400982,54,6.597069817787189e-05
1655,0.9878970980644226,0.012102901935577393,1.3038382530212402,0.025020254775881767,54,6.597069817787189e-05
1656,0.9876547455787659,0.01234525442123413,1.2911913394927979,0.025133714079856873,54,6.597069817787189e-05
1657,0.9880045056343079,0.011995494365692139,1.2767925262451172,0.024643464013934135,54,6.597069817787189e-05
1658,0.9878409504890442,0.01215904951095581,1.2812108993530273,0.02484956756234169,54,6.597069817787189e-05
1659,0.9873551726341248,0.012644827365875244,1.3035777807235718,0.02555415779352188,54,6.597069817787189e-05
1660,0.987800121307373,0.012199878692626953,1.293179988861084,0.025009680539369583,54,6.597069817787189e-05
1661,0.9882717132568359,0.011728286743164062,1.2883213758468628,0.024494217708706856,54,6.597069817787189e-05
1662,0.987415611743927,0.012584388256072998,1.2817245721817017,0.025275789201259613,54,6.597069817787189e-05
1663,0.9881392121315002,0.011860787868499756,1.2767152786254883,0.024509333074092865,54,6.597069817787189e-05
1664,0.9875744581222534,0.012425541877746582,1.2902075052261353,0.025203362107276917,54,6.597069817787189e-05
1665,0.9877315163612366,0.012268483638763428,1.2888749837875366,0.025034546852111816,54,6.597069817787189e-05
1666,0.9880967140197754,0.01190328598022461,1.318915605545044,0.02497340925037861,54,6.597069817787189e-05
1667,0.9880293607711792,0.0119706392288208,1.3023555278778076,0.02487448789179325,54,6.597069817787189e-05
1668,0.9879090189933777,0.012090981006622314,1.2902637720108032,0.024872709065675735,54,6.597069817787189e-05
1669,0.9879189729690552,0.012081027030944824,1.2841414213180542,0.024801630526781082,54,6.597069817787189e-05
1670,0.9875775575637817,0.012422442436218262,1.292546033859253,0.02522367797791958,54,6.597069817787189e-05
1671,0.9876436591148376,0.012356340885162354,1.2870521545410156,0.02510329894721508,54,6.597069817787189e-05
1672,0.9876471161842346,0.01235288381576538,1.2958234548568726,0.02518758922815323,54,6.597069817787189e-05
1673,0.98794025182724,0.01205974817276001,1.2949378490447998,0.024888530373573303,54,6.597069817787189e-05
1674,0.987548291683197,0.012451708316802979,1.2821075916290283,0.025148266926407814,55,6.267216326897829e-05
1675,0.9874866604804993,0.012513339519500732,1.2870731353759766,0.02525893598794937,55,6.267216326897829e-05
1676,0.9875421524047852,0.012457847595214844,1.2945947647094727,0.025279216468334198,55,6.267216326897829e-05
1677,0.9876418113708496,0.01235818862915039,1.2820243835449219,0.025054849684238434,55,6.267216326897829e-05
1678,0.9881162047386169,0.011883795261383057,1.288766622543335,0.024652622640132904,55,6.267216326897829e-05
1679,0.9874123930931091,0.01258760690689087,1.2857022285461426,0.025318752974271774,55,6.267216326897829e-05
1680,0.9877142310142517,0.012285768985748291,1.2831405401229858,0.024994317442178726,55,6.267216326897829e-05
1681,0.9880695343017578,0.011930465698242188,1.2818695306777954,0.024629857391119003,55,6.267216326897829e-05
1682,0.987785816192627,0.012214183807373047,1.2930158376693726,0.025022201240062714,55,6.267216326897829e-05
1683,0.9880444407463074,0.011955559253692627,1.2835545539855957,0.02467154897749424,55,6.267216326897829e-05
1684,0.9878044128417969,0.012195587158203125,1.3013055324554443,0.02508668601512909,55,6.267216326897829e-05
1685,0.9881362915039062,0.01186370849609375,1.2877455949783325,0.02462252788245678,55,6.267216326897829e-05
1686,0.9876988530158997,0.012301146984100342,1.2837620973587036,0.025015756487846375,55,6.267216326897829e-05
1687,0.9878460764884949,0.012153923511505127,1.288767695426941,0.024920061230659485,55,6.267216326897829e-05
1688,0.9879105687141418,0.012089431285858154,1.2885429859161377,0.024853967130184174,55,6.267216326897829e-05
1689,0.9878724217414856,0.012127578258514404,1.295776128768921,0.024964064359664917,55,6.267216326897829e-05
1690,0.9874739646911621,0.01252603530883789,1.2842084169387817,0.02524285949766636,55,6.267216326897829e-05
1691,0.9879196882247925,0.01208031177520752,1.2971725463867188,0.024931233376264572,55,6.267216326897829e-05
1692,0.9881292581558228,0.011870741844177246,1.2985727787017822,0.024737762287259102,55,6.267216326897829e-05
1693,0.9877216815948486,0.012278318405151367,1.2938497066497803,0.025094032287597656,55,6.267216326897829e-05
1694,0.9879818558692932,0.012018144130706787,1.2845795154571533,0.024743758141994476,55,6.267216326897829e-05
1695,0.9877527952194214,0.012247204780578613,1.2921417951583862,0.025046151131391525,55,6.267216326897829e-05
1696,0.9876860976219177,0.012313902378082275,1.2820392847061157,0.025011155754327774,55,6.267216326897829e-05
1697,0.9879897236824036,0.012010276317596436,1.2754054069519043,0.02464422769844532,55,6.267216326897829e-05
1698,0.9880289435386658,0.011971056461334229,1.2973971366882324,0.024825315922498703,55,6.267216326897829e-05
1699,0.987934410572052,0.012065589427947998,1.2905843257904053,0.02485077641904354,55,6.267216326897829e-05
1700,0.9877562522888184,0.01224374771118164,1.2876073122024536,0.02499738335609436,55,6.267216326897829e-05
1701,0.9882754683494568,0.011724531650543213,1.2679126262664795,0.024286411702632904,55,6.267216326897829e-05
1702,0.9877004623413086,0.012299537658691406,1.297927737236023,0.025155819952487946,55,6.267216326897829e-05
1703,0.988150417804718,0.011849582195281982,1.2871534824371338,0.024602621793746948,55,6.267216326897829e-05
1704,0.987981379032135,0.01201862096786499,1.3145546913146973,0.02504398114979267,55,6.267216326897829e-05
1705,0.9876052141189575,0.01239478588104248,1.2787142992019653,0.02505798079073429,56,5.953855510552937e-05
1706,0.9874152541160583,0.01258474588394165,1.3024704456329346,0.02548360265791416,56,5.953855510552937e-05
1707,0.987629771232605,0.01237022876739502,1.288819432258606,0.025134719908237457,56,5.953855510552937e-05
1708,0.9879215359687805,0.012078464031219482,1.2844148874282837,0.0248018279671669,56,5.953855510552937e-05
1709,0.9874745607376099,0.012525439262390137,1.2915253639221191,0.025315437465906143,56,5.953855510552937e-05
1710,0.988246500492096,0.011753499507904053,1.2867790460586548,0.02450375445187092,56,5.953855510552937e-05
1711,0.9875283241271973,0.012471675872802734,1.2989518642425537,0.025336477905511856,56,5.953855510552937e-05
1712,0.9878079295158386,0.012192070484161377,1.289089322090149,0.024961043149232864,56,5.953855510552937e-05
1713,0.9878985285758972,0.012101471424102783,1.2770856618881226,0.024751313030719757,56,5.953855510552937e-05
1714,0.9877269268035889,0.012273073196411133,1.2776212692260742,0.024926554411649704,56,5.953855510552937e-05
1715,0.9880418181419373,0.011958181858062744,1.2901633977890015,0.02474023401737213,56,5.953855510552937e-05
1716,0.9878677725791931,0.012132227420806885,1.2889456748962402,0.024900361895561218,56,5.953855510552937e-05
1717,0.9876895546913147,0.012310445308685303,1.2819938659667969,0.025007279589772224,56,5.953855510552937e-05
1718,0.9878942370414734,0.012105762958526611,1.2884163856506348,0.02486886829137802,56,5.953855510552937e-05
1719,0.9880444407463074,0.011955559253692627,1.2859693765640259,0.02469569817185402,56,5.953855510552937e-05
1720,0.9876538515090942,0.012346148490905762,1.2966862916946411,0.02518954873085022,56,5.953855510552937e-05
1721,0.9879294633865356,0.012070536613464355,1.276243805885315,0.024712268263101578,56,5.953855510552937e-05
1722,0.9880415201187134,0.011958479881286621,1.2872049808502197,0.024710945785045624,56,5.953855510552937e-05
1723,0.9880945682525635,0.011905431747436523,1.2949607372283936,0.024735985323786736,56,5.953855510552937e-05
1724,0.9880866408348083,0.01191335916519165,1.294882893562317,0.024743054062128067,56,5.953855510552937e-05
1725,0.9882873892784119,0.011712610721588135,1.286901593208313,0.024464499205350876,56,5.953855510552937e-05
1726,0.9876774549484253,0.012322545051574707,1.2861148118972778,0.025060467422008514,56,5.953855510552937e-05
1727,0.9879675507545471,0.01203244924545288,1.274837613105774,0.02466050162911415,56,5.953855510552937e-05
1728,0.9878884553909302,0.012111544609069824,1.2895900011062622,0.024886328727006912,56,5.953855510552937e-05
1729,0.9876274466514587,0.01237255334854126,1.3047993183135986,0.02529682219028473,56,5.953855510552937e-05
1730,0.9879629611968994,0.012037038803100586,1.2975112199783325,0.024891778826713562,56,5.953855510552937e-05
1731,0.9877139329910278,0.012286067008972168,1.3035964965820312,0.025199171155691147,56,5.953855510552937e-05
1732,0.9876890778541565,0.012310922145843506,1.2863587141036987,0.025051400065422058,56,5.953855510552937e-05
1733,0.9880617260932922,0.011938273906707764,1.2851638793945312,0.02467053011059761,56,5.953855510552937e-05
1734,0.9880488514900208,0.011951148509979248,1.2695283889770508,0.024526920169591904,56,5.953855510552937e-05
1735,0.9881353378295898,0.011864662170410156,1.2821850776672363,0.0245678648352623,56,5.953855510552937e-05
1736,0.9881047606468201,0.011895239353179932,1.288212776184082,0.024658415466547012,57,5.65616273502529e-05
1737,0.9881714582443237,0.01182854175567627,1.2764931917190552,0.024475187063217163,57,5.65616273502529e-05
1738,0.9878100752830505,0.012189924716949463,1.2872693538665771,0.024940717965364456,57,5.65616273502529e-05
1739,0.9878221750259399,0.012177824974060059,1.2860993146896362,0.024917040020227432,57,5.65616273502529e-05
1740,0.987839937210083,0.012160062789916992,1.2639514207839966,0.024677976965904236,57,5.65616273502529e-05
1741,0.9879918098449707,0.012008190155029297,1.2920421361923218,0.024808529764413834,57,5.65616273502529e-05
1742,0.9877159595489502,0.012284040451049805,1.2794809341430664,0.024956010282039642,57,5.65616273502529e-05
1743,0.9875129461288452,0.012487053871154785,1.2920160293579102,0.025282341986894608,57,5.65616273502529e-05
1744,0.987650454044342,0.012349545955657959,1.2884769439697266,0.025110820308327675,57,5.65616273502529e-05
1745,0.9878003001213074,0.012199699878692627,1.2903562784194946,0.024981265887618065,57,5.65616273502529e-05
1746,0.9879186153411865,0.012081384658813477,1.3000041246414185,0.024960611015558243,57,5.65616273502529e-05
1747,0.9876472353935242,0.01235276460647583,1.286972999572754,0.02509896643459797,57,5.65616273502529e-05
1748,0.9872132539749146,0.01278674602508545,1.2893372774124146,0.02555225044488907,57,5.65616273502529e-05
1749,0.9875413179397583,0.0124586820602417,1.2947039604187012,0.025281134992837906,57,5.65616273502529e-05
1750,0.9879952073097229,0.0120047926902771,1.2737301588058472,0.02462204545736313,57,5.65616273502529e-05
1751,0.9877588748931885,0.012241125106811523,1.287765622138977,0.02499637007713318,57,5.65616273502529e-05
1752,0.9878989458084106,0.012101054191589355,1.2840744256973267,0.024820787832140923,57,5.65616273502529e-05
1753,0.9882921576499939,0.011707842350006104,1.296207070350647,0.024552833288908005,57,5.65616273502529e-05
1754,0.9878344535827637,0.012165546417236328,1.2788431644439697,0.02483232319355011,57,5.65616273502529e-05
1755,0.987923800945282,0.012076199054718018,1.2902833223342896,0.024858269840478897,57,5.65616273502529e-05
1756,0.9878515005111694,0.012148499488830566,1.2890872955322266,0.024917887523770332,57,5.65616273502529e-05
1757,0.9879311919212341,0.01206880807876587,1.29367995262146,0.024884918704628944,57,5.65616273502529e-05
1758,0.9880449175834656,0.011955082416534424,1.2864974737167358,0.024700505658984184,57,5.65616273502529e-05
1759,0.9879351258277893,0.012064874172210693,1.2933040857315063,0.024877266958355904,57,5.65616273502529e-05
1760,0.9880651831626892,0.011934816837310791,1.2878313064575195,0.02469378150999546,57,5.65616273502529e-05
1761,0.9877009391784668,0.012299060821533203,1.2829959392547607,0.02500602975487709,57,5.65616273502529e-05
1762,0.9878913760185242,0.01210862398147583,1.3081001043319702,0.02506854012608528,57,5.65616273502529e-05
1763,0.9880620241165161,0.011937975883483887,1.2925586700439453,0.0247441828250885,57,5.65616273502529e-05
1764,0.987941324710846,0.012058675289154053,1.3043527603149414,0.02498161606490612,57,5.65616273502529e-05
1765,0.988286018371582,0.011713981628417969,1.2764372825622559,0.02436121553182602,57,5.65616273502529e-05
1766,0.9879884719848633,0.012011528015136719,1.267022967338562,0.024561641737818718,57,5.65616273502529e-05
1767,0.9878262281417847,0.012173771858215332,1.2805203199386597,0.024857237935066223,58,5.373354598274025e-05
1768,0.9877244234085083,0.0122755765914917,1.2909971475601196,0.025062792003154755,58,5.373354598274025e-05
1769,0.9879971146583557,0.012002885341644287,1.2775936126708984,0.024658791720867157,58,5.373354598274025e-05
1770,0.9878296256065369,0.012170374393463135,1.2934985160827637,0.024983655661344528,58,5.373354598274025e-05
1771,0.9879952073097229,0.0120047926902771,1.3018542528152466,0.02490328624844551,58,5.373354598274025e-05
1772,0.9878082871437073,0.012191712856292725,1.2904772758483887,0.02497456967830658,58,5.373354598274025e-05
1773,0.9879491925239563,0.012050807476043701,1.2942626476287842,0.024872925132513046,58,5.373354598274025e-05
1774,0.9875439405441284,0.012456059455871582,1.2868770360946655,0.025200270116329193,58,5.373354598274025e-05
1775,0.9877315759658813,0.012268424034118652,1.284513235092163,0.02499087154865265,58,5.373354598274025e-05
1776,0.9878689050674438,0.012131094932556152,1.28773033618927,0.02488708682358265,58,5.373354598274025e-05
1777,0.9871793985366821,0.012820601463317871,1.2868388891220093,0.025560785084962845,58,5.373354598274025e-05
1778,0.9877868890762329,0.01221311092376709,1.2842284440994263,0.024933263659477234,58,5.373354598274025e-05
1779,0.9876575469970703,0.012342453002929688,1.2897213697433472,0.025116242468357086,58,5.373354598274025e-05
1780,0.9878185987472534,0.012181401252746582,1.305219292640686,0.02511177957057953,58,5.373354598274025e-05
1781,0.988099992275238,0.011900007724761963,1.2756441831588745,0.024537449702620506,58,5.373354598274025e-05
1782,0.9882428646087646,0.011757135391235352,1.277982473373413,0.0244193896651268,58,5.373354598274025e-05
1783,0.9881134033203125,0.0118865966796875,1.2742605209350586,0.02451033517718315,58,5.373354598274025e-05
1784,0.9881409406661987,0.01185905933380127,1.2834327220916748,0.024574795737862587,58,5.373354598274025e-05
1785,0.9882274270057678,0.011772572994232178,1.2922219038009644,0.0245770663022995,58,5.373354598274025e-05
1786,0.9875981211662292,0.012401878833770752,1.2918453216552734,0.025196313858032227,58,5.373354598274025e-05
1787,0.9877214431762695,0.012278556823730469,1.283467411994934,0.024990445002913475,58,5.373354598274025e-05
1788,0.9882127046585083,0.0117872953414917,1.2632832527160645,0.024302255362272263,58,5.373354598274025e-05
1789,0.9879224896430969,0.012077510356903076,1.292935848236084,0.02488609403371811,58,5.373354598274025e-05
1790,0.9880409240722656,0.011959075927734375,1.3029656410217285,0.024869142100214958,58,5.373354598274025e-05
1791,0.9875396490097046,0.01246035099029541,1.2891969680786133,0.02522771805524826,58,5.373354598274025e-05
1792,0.9876265525817871,0.01237344741821289,1.2802555561065674,0.0250522680580616,58,5.373354598274025e-05
1793,0.988061785697937,0.011938214302062988,1.2936511039733887,0.024755343794822693,58,5.373354598274025e-05
1794,0.9880223274230957,0.011977672576904297,1.2927864789962769,0.024785760790109634,58,5.373354598274025e-05
1795,0.9881672263145447,0.011832773685455322,1.2862627506256104,0.024577073752880096,58,5.373354598274025e-05
1796,0.9876539707183838,0.012346029281616211,1.283592700958252,0.025058496743440628,58,5.373354598274025e-05
1797,0.9887040853500366,0.011295914649963379,1.2739616632461548,0.023922571912407875,58,5.373354598274025e-05
1798,0.987640380859375,0.012359619140625,1.3053123950958252,0.025289148092269897,59,5.104686868360323e-05
1799,0.9878650903701782,0.012134909629821777,1.2860321998596191,0.02487388253211975,59,5.104686868360323e-05
1800,0.9877268671989441,0.012273132801055908,1.3051005601882935,0.025201406329870224,59,5.104686868360323e-05
1801,0.9877882599830627,0.012211740016937256,1.295597791671753,0.025045599788427353,59,5.104686868360323e-05
1802,0.9876742959022522,0.012325704097747803,1.2874764204025269,0.02507721073925495,59,5.104686868360323e-05
1803,0.9879616498947144,0.012038350105285645,1.2846060991287231,0.024764027446508408,59,5.104686868360323e-05
1804,0.9875299334526062,0.012470066547393799,1.2868518829345703,0.02521388605237007,59,5.104686868360323e-05
1805,0.9878708124160767,0.01212918758392334,1.2871356010437012,0.024879250675439835,59,5.104686868360323e-05
1806,0.9880462884902954,0.01195371150970459,1.2773393392562866,0.024607567116618156,59,5.104686868360323e-05
1807,0.9877790212631226,0.012220978736877441,1.284668207168579,0.024945450946688652,59,5.104686868360323e-05
1808,0.9876464009284973,0.012353599071502686,1.2963892221450806,0.0251939557492733,59,5.104686868360323e-05
1809,0.9881210923194885,0.011878907680511475,1.2917677164077759,0.02467779442667961,59,5.104686868360323e-05
1810,0.9881179332733154,0.01188206672668457,1.2678784132003784,0.024442028254270554,59,5.104686868360323e-05
1811,0.9881566166877747,0.011843383312225342,1.283341646194458,0.02455836534500122,59,5.104686868360323e-05
1812,0.9881637096405029,0.01183629035949707,1.2829805612564087,0.02454773336648941,59,5.104686868360323e-05
1813,0.9878804087638855,0.012119591236114502,1.2809202671051025,0.024807598441839218,59,5.104686868360323e-05
1814,0.9873651266098022,0.012634873390197754,1.2859944105148315,0.025368468835949898,59,5.104686868360323e-05
1815,0.9880973696708679,0.01190263032913208,1.2761006355285645,0.0245446115732193,59,5.104686868360323e-05
1816,0.9881723523139954,0.011827647686004639,1.2914457321166992,0.024623829871416092,59,5.104686868360323e-05
1817,0.9880250096321106,0.011974990367889404,1.2941999435424805,0.024797240272164345,59,5.104686868360323e-05
1818,0.9877521395683289,0.012247860431671143,1.287066102027893,0.024996042251586914,59,5.104686868360323e-05
1819,0.9877041578292847,0.012295842170715332,1.2808538675308228,0.0249814223498106,59,5.104686868360323e-05
1820,0.9878683090209961,0.012131690979003906,1.2756201028823853,0.024766575545072556,59,5.104686868360323e-05
1821,0.9877419471740723,0.012258052825927734,1.2942187786102295,0.025077659636735916,59,5.104686868360323e-05
1822,0.9882767796516418,0.011723220348358154,1.2919256687164307,0.024525243788957596,59,5.104686868360323e-05
1823,0.9880618453025818,0.011938154697418213,1.2988603115081787,0.02480737492442131,59,5.104686868360323e-05
1824,0.9879887700080872,0.012011229991912842,1.2885512113571167,0.024776630103588104,59,5.104686868360323e-05
1825,0.9880055785179138,0.011994421482086182,1.278306245803833,0.024657540023326874,59,5.104686868360323e-05
1826,0.9882484078407288,0.01175159215927124,1.2743244171142578,0.02437731996178627,59,5.104686868360323e-05
1827,0.9875373840332031,0.012462615966796875,1.287247896194458,0.025210469961166382,59,5.104686868360323e-05
1828,0.9883994460105896,0.0116005539894104,1.2677688598632812,0.024162236601114273,59,5.104686868360323e-05
1829,0.987877607345581,0.012122392654418945,1.290298581123352,0.024904154241085052,60,4.849452524942307e-05
1830,0.9880387187004089,0.011961281299591064,1.2893099784851074,0.024734769016504288,60,4.849452524942307e-05
1831,0.988186240196228,0.011813759803771973,1.2748637199401855,0.024444259703159332,60,4.849452524942307e-05
1832,0.9878879189491272,0.012112081050872803,1.2807197570800781,0.024798158556222916,60,4.849452524942307e-05
1833,0.9875906109809875,0.012409389019012451,1.284538984298706,0.025130685418844223,60,4.849452524942307e-05
1834,0.9882349371910095,0.011765062808990479,1.2889659404754639,0.024537071585655212,60,4.849452524942307e-05
1835,0.9876955151557922,0.012304484844207764,1.287945032119751,0.02506089024245739,60,4.849452524942307e-05
1836,0.9878657460212708,0.012134253978729248,1.2821369171142578,0.02483428083360195,60,4.849452524942307e-05
1837,0.9880656599998474,0.011934340000152588,1.2777447700500488,0.02459244430065155,60,4.849452524942307e-05
1838,0.9876329302787781,0.012367069721221924,1.2824692726135254,0.025068093091249466,60,4.849452524942307e-05
1839,0.9880606532096863,0.01193934679031372,1.2953382730484009,0.024773335084319115,60,4.849452524942307e-05
1840,0.9878908395767212,0.012109160423278809,1.3051435947418213,0.02503950521349907,60,4.849452524942307e-05
1841,0.988017201423645,0.01198279857635498,1.2931528091430664,0.024794498458504677,60,4.849452524942307e-05
1842,0.9879359006881714,0.012064099311828613,1.2944601774215698,0.024888060986995697,60,4.849452524942307e-05
1843,0.9880098104476929,0.011990189552307129,1.2991936206817627,0.024862222373485565,60,4.849452524942307e-05
1844,0.987917959690094,0.012082040309906006,1.2817052602767944,0.024778272956609726,60,4.849452524942307e-05
1845,0.9879642128944397,0.012035787105560303,1.2842456102371216,0.024757884442806244,60,4.849452524942307e-05
1846,0.9879242777824402,0.012075722217559814,1.2752748727798462,0.02470771223306656,60,4.849452524942307e-05
1847,0.9876230359077454,0.012376964092254639,1.3032727241516113,0.02528592199087143,60,4.849452524942307e-05
1848,0.9878564476966858,0.012143552303314209,1.2959378957748413,0.02498149499297142,60,4.849452524942307e-05
1849,0.9880332350730896,0.0119667649269104,1.2985682487487793,0.02483277954161167,60,4.849452524942307e-05
1850,0.987786591053009,0.012213408946990967,1.2883193492889404,0.02497446909546852,60,4.849452524942307e-05
1851,0.9881764650344849,0.011823534965515137,1.2831906080245972,0.024537205696105957,60,4.849452524942307e-05
1852,0.9881528615951538,0.011847138404846191,1.2797738313674927,0.024526406079530716,60,4.849452524942307e-05
1853,0.9877983331680298,0.012201666831970215,1.2929434776306152,0.02500908449292183,60,4.849452524942307e-05
1854,0.9877879619598389,0.012212038040161133,1.2666311264038086,0.024756228551268578,60,4.849452524942307e-05
1855,0.987951397895813,0.012048602104187012,1.285575032234192,0.024783864617347717,60,4.849452524942307e-05
1856,0.9874809980392456,0.012519001960754395,1.2790940999984741,0.02518475241959095,60,4.849452524942307e-05
1857,0.9878164529800415,0.012183547019958496,1.2790977954864502,0.0248526893556118,60,4.849452524942307e-05
1858,0.9883551001548767,0.011644899845123291,1.2579662799835205,0.02410811372101307,60,4.849452524942307e-05
1859,0.9878318905830383,0.01216810941696167,1.2842316627502441,0.024888744577765465,60,4.849452524942307e-05
1860,0.9877010583877563,0.012298941612243652,1.280739665031433,0.024983348324894905,61,4.606979898695191e-05
1861,0.9880161881446838,0.011983811855316162,1.283450961112976,0.02469848282635212,61,4.606979898695191e-05
1862,0.9881003499031067,0.01189965009689331,1.2824963331222534,0.02460561692714691,61,4.606979898695191e-05
1863,0.9876042604446411,0.012395739555358887,1.2863593101501465,0.025135375559329987,61,4.606979898695191e-05
1864,0.9877505302429199,0.012249469757080078,1.282552719116211,0.02495250105857849,61,4.606979898695191e-05
1865,0.988014817237854,0.011985182762145996,1.2868584394454956,0.02473391592502594,61,4.606979898695191e-05
1866,0.9879834055900574,0.012016594409942627,1.283950924873352,0.024735938757658005,61,4.606979898695191e-05
1867,0.9879830479621887,0.01201695203781128,1.2723220586776733,0.02462000399827957,61,4.606979898695191e-05
1868,0.98796546459198,0.01203453540802002,1.3029999732971191,0.024944189935922623,61,4.606979898695191e-05
1869,0.9880146980285645,0.011985301971435547,1.296133041381836,0.024826779961586,61,4.606979898695191e-05
1870,0.9877133369445801,0.012286663055419922,1.2837531566619873,0.02500132843852043,61,4.606979898695191e-05
1871,0.9882239699363708,0.01177603006362915,1.2953805923461914,0.024612076580524445,61,4.606979898695191e-05
1872,0.9876267910003662,0.012373208999633789,1.2836493253707886,0.025085970759391785,61,4.606979898695191e-05
1873,0.9883555769920349,0.011644423007965088,1.2700456380844116,0.02422843500971794,61,4.606979898695191e-05
1874,0.9880819916725159,0.01191800832748413,1.2816405296325684,0.024615231901407242,61,4.606979898695191e-05
1875,0.98787921667099,0.01212078332901001,1.300457239151001,0.025004148483276367,61,4.606979898695191e-05
1876,0.9876198768615723,0.012380123138427734,1.2832902669906616,0.02508922480046749,61,4.606979898695191e-05
1877,0.9883702397346497,0.011629760265350342,1.2696996927261353,0.024210460484027863,61,4.606979898695191e-05
1878,0.9878270030021667,0.012172996997833252,1.2924853563308716,0.02497612126171589,61,4.606979898695191e-05
1879,0.988029956817627,0.011970043182373047,1.2822846174240112,0.024673189967870712,61,4.606979898695191e-05
1880,0.9882370829582214,0.011762917041778564,1.3039603233337402,0.02468489110469818,61,4.606979898695191e-05
1881,0.9877728819847107,0.012227118015289307,1.2851721048355103,0.024956567212939262,61,4.606979898695191e-05
1882,0.9880856275558472,0.011914372444152832,1.2895413637161255,0.024690642952919006,61,4.606979898695191e-05
1883,0.9877788424491882,0.012221157550811768,1.2724366188049316,0.02482331171631813,61,4.606979898695191e-05
1884,0.9878995418548584,0.012100458145141602,1.2970283031463623,0.024949736893177032,61,4.606979898695191e-05
1885,0.9877394437789917,0.0122605562210083,1.2815719842910767,0.024953670799732208,61,4.606979898695191e-05
1886,0.9876872301101685,0.012312769889831543,1.28544282913208,0.025044070556759834,61,4.606979898695191e-05
1887,0.9878724813461304,0.012127518653869629,1.2937103509902954,0.02494334802031517,61,4.606979898695191e-05
1888,0.987947940826416,0.012052059173583984,1.2831882238388062,0.02476342022418976,61,4.606979898695191e-05
1889,0.9879316091537476,0.012068390846252441,1.284468173980713,0.024792388081550598,61,4.606979898695191e-05
1890,0.9883802533149719,0.011619746685028076,1.2724229097366333,0.024227779358625412,61,4.606979898695191e-05
1891,0.9881079196929932,0.011892080307006836,1.281099557876587,0.024584155529737473,62,4.376630903760431e-05
1892,0.988105833530426,0.011894166469573975,1.2760350704193115,0.02453557401895523,62,4.376630903760431e-05
1893,0.9881002902984619,0.011899709701538086,1.2677936553955078,0.02445864863693714,62,4.376630903760431e-05
1894,0.9879088401794434,0.01209115982055664,1.2745798826217651,0.024716045707464218,62,4.376630903760431e-05
1895,0.9876128435134888,0.01238715648651123,1.2991641759872437,0.025254927575588226,62,4.376630903760431e-05
1896,0.9877657294273376,0.012234270572662354,1.293563723564148,0.02504756487905979,62,4.376630903760431e-05
1897,0.9878495931625366,0.012150406837463379,1.2944631576538086,0.024973534047603607,62,4.376630903760431e-05
1898,0.9879550337791443,0.012044966220855713,1.2846964597702026,0.02477148175239563,62,4.376630903760431e-05
1899,0.9879879951477051,0.012012004852294922,1.286840796470642,0.0247602928429842,62,4.376630903760431e-05
1900,0.9879251718521118,0.012074828147888184,1.3026208877563477,0.02498028799891472,62,4.376630903760431e-05
1901,0.9880064129829407,0.011993587017059326,1.2754948139190674,0.024628598242998123,62,4.376630903760431e-05
1902,0.9881775975227356,0.011822402477264404,1.287654995918274,0.024580728262662888,62,4.376630903760431e-05
1903,0.9878816604614258,0.012118339538574219,1.2750109434127808,0.02474726364016533,62,4.376630903760431e-05
1904,0.9880144000053406,0.011985599994659424,1.279911994934082,0.02466486394405365,62,4.376630903760431e-05
1905,0.9882435202598572,0.011756479740142822,1.2764623165130615,0.024403538554906845,62,4.376630903760431e-05
1906,0.9877086877822876,0.012291312217712402,1.2755630016326904,0.024924028664827347,62,4.376630903760431e-05
1907,0.9880850315093994,0.011914968490600586,1.2945809364318848,0.024741627275943756,62,4.376630903760431e-05
1908,0.9874811768531799,0.012518823146820068,1.2917925119400024,0.025311559438705444,62,4.376630903760431e-05
1909,0.9881522059440613,0.01184779405593872,1.28383207321167,0.024567637592554092,62,4.376630903760431e-05
1910,0.9877750873565674,0.012224912643432617,1.2808728218078613,0.024911392480134964,62,4.376630903760431e-05
1911,0.9880889058113098,0.011911094188690186,1.2755645513534546,0.024547629058361053,62,4.376630903760431e-05
1912,0.9879400730133057,0.012059926986694336,1.2823189496994019,0.02476251870393753,62,4.376630903760431e-05
1913,0.9877556562423706,0.012244343757629395,1.2792246341705322,0.024914145469665527,62,4.376630903760431e-05
1914,0.9882484674453735,0.011751532554626465,1.3063058853149414,0.02469707652926445,62,4.376630903760431e-05
1915,0.9880125522613525,0.011987447738647461,1.291607141494751,0.024783644825220108,62,4.376630903760431e-05
1916,0.9879946708679199,0.012005329132080078,1.2838995456695557,0.024724271148443222,62,4.376630903760431e-05
1917,0.9877752065658569,0.012224793434143066,1.2817977666854858,0.024920523166656494,62,4.376630903760431e-05
1918,0.9879851937294006,0.012014806270599365,1.2815523147583008,0.02471018210053444,62,4.376630903760431e-05
1919,0.9879096746444702,0.012090325355529785,1.3032146692276,0.025001568719744682,62,4.376630903760431e-05
1920,0.9878416657447815,0.012158334255218506,1.2886704206466675,0.024923454970121384,62,4.376630903760431e-05
1921,0.988062858581543,0.011937141418457031,1.2723393440246582,0.024541161954402924,62,4.376630903760431e-05
1922,0.988030195236206,0.011969804763793945,1.283956527709961,0.024689670652151108,63,4.157799358572409e-05
1923,0.9877623915672302,0.012237608432769775,1.2931690216064453,0.025046922266483307,63,4.157799358572409e-05
1924,0.9877456426620483,0.01225435733795166,1.284701943397522,0.02497883327305317,63,4.157799358572409e-05
1925,0.9877915978431702,0.012208402156829834,1.2934112548828125,0.025020429864525795,63,4.157799358572409e-05
1926,0.9879006743431091,0.01209932565689087,1.2843372821807861,0.024821706116199493,63,4.157799358572409e-05
1927,0.9880059957504272,0.011994004249572754,1.2778421640396118,0.02465248480439186,63,4.157799358572409e-05
1928,0.9875211119651794,0.012478888034820557,1.281275749206543,0.02516685612499714,63,4.157799358572409e-05
1929,0.9881056547164917,0.0118943452835083,1.2730331420898438,0.02450573444366455,63,4.157799358572409e-05
1930,0.9882163405418396,0.0117836594581604,1.2782208919525146,0.024448031559586525,63,4.157799358572409e-05
1931,0.9882283210754395,0.011771678924560547,1.2687829732894897,0.02434179186820984,63,4.157799358572409e-05
1932,0.9881059527397156,0.011894047260284424,1.2962607145309448,0.024737713858485222,63,4.157799358572409e-05
1933,0.9877697825431824,0.012230217456817627,1.2981295585632324,0.025089211761951447,63,4.157799358572409e-05
1934,0.9881076216697693,0.011892378330230713,1.280616283416748,0.024579618126153946,63,4.157799358572409e-05
1935,0.9881436228752136,0.011856377124786377,1.2812753915786743,0.02455056644976139,63,4.157799358572409e-05
1936,0.9880715012550354,0.0119284987449646,1.2901777029037476,0.024710990488529205,63,4.157799358572409e-05
1937,0.9878990054130554,0.01210099458694458,1.2779632806777954,0.02475961670279503,63,4.157799358572409e-05
1938,0.9878298044204712,0.012170195579528809,1.2745451927185059,0.024793945252895355,63,4.157799358572409e-05
1939,0.9877986907958984,0.012201309204101562,1.282994031906128,0.024909235537052155,63,4.157799358572409e-05
1940,0.9883232712745667,0.01167672872543335,1.2987265586853027,0.02454722672700882,63,4.157799358572409e-05
1941,0.987598717212677,0.012401282787322998,1.2797224521636963,0.025074493139982224,63,4.157799358572409e-05
1942,0.9879240989685059,0.01207590103149414,1.2879399061203003,0.024834539741277695,63,4.157799358572409e-05
1943,0.9881406426429749,0.011859357357025146,1.2840428352355957,0.024581192061305046,63,4.157799358572409e-05
1944,0.9880454540252686,0.011954545974731445,1.2981761693954468,0.024816762655973434,63,4.157799358572409e-05
1945,0.9879956245422363,0.012004375457763672,1.271077275276184,0.024595104157924652,63,4.157799358572409e-05
1946,0.9876441359519958,0.01235586404800415,1.2746928930282593,0.024979233741760254,63,4.157799358572409e-05
1947,0.9878319501876831,0.012168049812316895,1.2898505926132202,0.02494487538933754,63,4.157799358572409e-05
1948,0.9881570935249329,0.011842906475067139,1.2800520658493042,0.024524997919797897,63,4.157799358572409e-05
1949,0.9883706569671631,0.011629343032836914,1.2887417078018188,0.024400465190410614,63,4.157799358572409e-05
1950,0.9881701469421387,0.011829853057861328,1.2914174795150757,0.024625729769468307,63,4.157799358572409e-05
1951,0.9879561066627502,0.012043893337249756,1.2852494716644287,0.024775948375463486,63,4.157799358572409e-05
1952,0.9876967072486877,0.012303292751312256,1.2913601398468018,0.025093860924243927,63,4.157799358572409e-05
1953,0.9875802397727966,0.01241976022720337,1.2982276678085327,0.025277838110923767,64,3.9499093906437885e-05
1954,0.9883359670639038,0.011664032936096191,1.279098391532898,0.02433837577700615,64,3.9499093906437885e-05
1955,0.9878706336021423,0.012129366397857666,1.2830069065093994,0.024838142096996307,64,3.9499093906437885e-05
1956,0.9878017902374268,0.012198209762573242,1.283450722694397,0.024910734966397285,64,3.9499093906437885e-05
1957,0.9880228638648987,0.011977136135101318,1.2838214635849,0.02469557896256447,64,3.9499093906437885e-05
1958,0.9880476593971252,0.011952340602874756,1.2785249948501587,0.02461806684732437,64,3.9499093906437885e-05
1959,0.9879053831100464,0.012094616889953613,1.2860162258148193,0.024833831936120987,64,3.9499093906437885e-05
1960,0.9881197214126587,0.011880278587341309,1.2760412693023682,0.02452188730239868,64,3.9499093906437885e-05
1961,0.988114058971405,0.01188594102859497,1.2762749195098877,0.024529829621315002,64,3.9499093906437885e-05
1962,0.988398551940918,0.011601448059082031,1.2757792472839355,0.024243226274847984,64,3.9499093906437885e-05
1963,0.9880598187446594,0.011940181255340576,1.2813167572021484,0.024633947759866714,64,3.9499093906437885e-05
1964,0.9882017374038696,0.011798262596130371,1.2897201776504517,0.024577481672167778,64,3.9499093906437885e-05
1965,0.9878300428390503,0.012169957160949707,1.2842563390731812,0.024890821427106857,64,3.9499093906437885e-05
1966,0.9878182411193848,0.012181758880615234,1.2907273769378662,0.024967214092612267,64,3.9499093906437885e-05
1967,0.987755298614502,0.012244701385498047,1.281557321548462,0.02493782714009285,64,3.9499093906437885e-05
1968,0.9881712794303894,0.011828720569610596,1.2798333168029785,0.0245087668299675,64,3.9499093906437885e-05
1969,0.9879375100135803,0.012062489986419678,1.281079649925232,0.0247526615858078,64,3.9499093906437885e-05
1970,0.9883835911750793,0.011616408824920654,1.300180435180664,0.024502050131559372,64,3.9499093906437885e-05
1971,0.9878281354904175,0.01217186450958252,1.2805259227752686,0.02485540509223938,64,3.9499093906437885e-05
1972,0.9873288869857788,0.012671113014221191,1.285280704498291,0.025397207587957382,64,3.9499093906437885e-05
1973,0.9881044030189514,0.011895596981048584,1.2683429718017578,0.024460069835186005,64,3.9499093906437885e-05
1974,0.98775315284729,0.012246847152709961,1.2878822088241577,0.025003202259540558,64,3.9499093906437885e-05
1975,0.9876962900161743,0.012303709983825684,1.2733006477355957,0.02491367980837822,64,3.9499093906437885e-05
1976,0.9884137511253357,0.011586248874664307,1.2888433933258057,0.02435882017016411,64,3.9499093906437885e-05
1977,0.9880208373069763,0.011979162693023682,1.2960212230682373,0.02481958270072937,64,3.9499093906437885e-05
1978,0.9877373576164246,0.01226264238357544,1.2847295999526978,0.02498731203377247,64,3.9499093906437885e-05
1979,0.9879594445228577,0.012040555477142334,1.293933629989624,0.024859486147761345,64,3.9499093906437885e-05
1980,0.987906813621521,0.012093186378479004,1.3027458190917969,0.0249997116625309,64,3.9499093906437885e-05
1981,0.9886497855186462,0.01135021448135376,1.2679747343063354,0.02391646057367325,64,3.9499093906437885e-05
1982,0.9878764748573303,0.012123525142669678,1.2875839471817017,0.024878129363059998,64,3.9499093906437885e-05
1983,0.9876389503479004,0.01236104965209961,1.2802722454071045,0.0250401608645916,64,3.9499093906437885e-05
1984,0.9880069494247437,0.011993050575256348,1.2922286987304688,0.0247954074293375,65,3.752413921111599e-05
1985,0.9878329038619995,0.012167096138000488,1.2916945219039917,0.024962369352579117,65,3.752413921111599e-05
1986,0.9882075190544128,0.011792480945587158,1.2757399082183838,0.024431955069303513,65,3.752413921111599e-05
1987,0.9879310727119446,0.01206892728805542,1.2880892753601074,0.024829130619764328,65,3.752413921111599e-05
1988,0.9878427386283875,0.012157261371612549,1.2754095792770386,0.024789784103631973,65,3.752413921111599e-05
1989,0.9880269765853882,0.011973023414611816,1.2721720933914185,0.024575013667345047,65,3.752413921111599e-05
1990,0.9883027672767639,0.011697232723236084,1.287627935409546,0.024456538259983063,65,3.752413921111599e-05
1991,0.9879459738731384,0.012054026126861572,1.2797921895980835,0.024731408804655075,65,3.752413921111599e-05
1992,0.9875880479812622,0.012411952018737793,1.2975788116455078,0.025263620540499687,65,3.752413921111599e-05
1993,0.9878291487693787,0.012170851230621338,1.291637897491455,0.024965520948171616,65,3.752413921111599e-05
1994,0.9879258275032043,0.012074172496795654,1.2855910062789917,0.0248093418776989,65,3.752413921111599e-05
1995,0.9881647229194641,0.011835277080535889,1.2680037021636963,0.02439696155488491,65,3.752413921111599e-05
1996,0.9878952503204346,0.01210474967956543,1.2765815258026123,0.0247495174407959,65,3.752413921111599e-05
1997,0.9884122610092163,0.011587738990783691,1.2894150018692017,0.02436601184308529,65,3.752413921111599e-05
1998,0.9883012175559998,0.011698782444000244,1.2925759553909302,0.0245075523853302,65,3.752413921111599e-05
1999,0.9878284335136414,0.012171566486358643,1.2858810424804688,0.02490866184234619,65,3.752413921111599e-05
2000,0.987986147403717,0.012013852596282959,1.280712366104126,0.024700837209820747,65,3.752413921111599e-05
2001,0.9875625967979431,0.012437403202056885,1.2810356616973877,0.025123385712504387,65,3.752413921111599e-05
2002,0.9881495237350464,0.011850476264953613,1.2911335229873657,0.02464330568909645,65,3.752413921111599e-05
2003,0.9879748821258545,0.012025117874145508,1.2811617851257324,0.024716485291719437,65,3.752413921111599e-05
2004,0.9880155324935913,0.011984467506408691,1.2995167970657349,0.02485978975892067,65,3.752413921111599e-05
2005,0.988156259059906,0.011843740940093994,1.264296293258667,0.024368267506361008,65,3.752413921111599e-05
2006,0.988135814666748,0.011864185333251953,1.2755661010742188,0.02450120449066162,65,3.752413921111599e-05
2007,0.9878161549568176,0.012183845043182373,1.271309494972229,0.024775100871920586,65,3.752413921111599e-05
2008,0.9883911609649658,0.01160883903503418,1.27191162109375,0.024211866781115532,65,3.752413921111599e-05
2009,0.9879623055458069,0.012037694454193115,1.2928180694580078,0.02484549768269062,65,3.752413921111599e-05
2010,0.9876996874809265,0.012300312519073486,1.2803369760513306,0.024980679154396057,65,3.752413921111599e-05
2011,0.988090455532074,0.011909544467926025,1.300274133682251,0.024793189018964767,65,3.752413921111599e-05
2012,0.9879159331321716,0.01208406686782837,1.291273593902588,0.024875961244106293,65,3.752413921111599e-05
2013,0.9879439473152161,0.012056052684783936,1.2796697616577148,0.024732189252972603,65,3.752413921111599e-05
2014,0.9879239201545715,0.012076079845428467,1.2720632553100586,0.024675950407981873,65,3.752413921111599e-05
2015,0.9882761240005493,0.011723875999450684,1.2907731533050537,0.024514369666576385,66,3.564793225056019e-05
2016,0.9879686832427979,0.012031316757202148,1.2825242280960083,0.024736246094107628,66,3.564793225056019e-05
2017,0.9881856441497803,0.011814355850219727,1.2864199876785278,0.024560410529375076,66,3.564793225056019e-05
2018,0.987909734249115,0.01209026575088501,1.2732784748077393,0.024702146649360657,66,3.564793225056019e-05
2019,0.9877405762672424,0.012259423732757568,1.2885844707489014,0.02502267435193062,66,3.564793225056019e-05
2020,0.9876950979232788,0.012304902076721191,1.2877088785171509,0.025058940052986145,66,3.564793225056019e-05
2021,0.9877756834030151,0.012224316596984863,1.2870354652404785,0.024972427636384964,66,3.564793225056019e-05
2022,0.9881353378295898,0.011864662170410156,1.2862837314605713,0.024608852341771126,66,3.564793225056019e-05
2023,0.9881892800331116,0.011810719966888428,1.2644964456558228,0.02433757670223713,66,3.564793225056019e-05
2024,0.9880177974700928,0.011982202529907227,1.298556923866272,0.02484794892370701,66,3.564793225056019e-05
2025,0.9881876707077026,0.011812329292297363,1.2814024686813354,0.02450823038816452,66,3.564793225056019e-05
2026,0.9880426526069641,0.011957347393035889,1.2663968801498413,0.02450174279510975,66,3.564793225056019e-05
2027,0.988127589225769,0.011872410774230957,1.285187005996704,0.024605557322502136,66,3.564793225056019e-05
2028,0.9876577854156494,0.012342214584350586,1.2751578092575073,0.024970371276140213,66,3.564793225056019e-05
2029,0.987851083278656,0.012148916721343994,1.286600112915039,0.02489342913031578,66,3.564793225056019e-05
2030,0.988497257232666,0.011502742767333984,1.2808581590652466,0.02419629693031311,66,3.564793225056019e-05
2031,0.9881790280342102,0.011820971965789795,1.2952202558517456,0.024654963985085487,66,3.564793225056019e-05
2032,0.987762987613678,0.012237012386322021,1.2853984832763672,0.024968627840280533,66,3.564793225056019e-05
2033,0.9879563450813293,0.012043654918670654,1.2771282196044922,0.024694500491023064,66,3.564793225056019e-05
2034,0.9882791042327881,0.011720895767211914,1.286238431930542,0.024466071277856827,66,3.564793225056019e-05
2035,0.988472044467926,0.011527955532073975,1.2826817035675049,0.024239493533968925,66,3.564793225056019e-05
2036,0.9875683784484863,0.012431621551513672,1.2868722677230835,0.025176027789711952,66,3.564793225056019e-05
2037,0.9882647395133972,0.011735260486602783,1.2700883150100708,0.024318791925907135,66,3.564793225056019e-05
2038,0.9881088733673096,0.01189112663269043,1.2808959484100342,0.024581175297498703,66,3.564793225056019e-05
2039,0.9878629446029663,0.012137055397033691,1.2864996194839478,0.024880681186914444,66,3.564793225056019e-05
2040,0.9880679845809937,0.011932015419006348,1.2764649391174316,0.024577345699071884,66,3.564793225056019e-05
2041,0.988157331943512,0.011842668056488037,1.3007128238677979,0.024731367826461792,66,3.564793225056019e-05
2042,0.9875103831291199,0.012489616870880127,1.2830822467803955,0.025195542722940445,66,3.564793225056019e-05
2043,0.987891435623169,0.012108564376831055,1.283109188079834,0.02481856942176819,66,3.564793225056019e-05
2044,0.9879066348075867,0.01209336519241333,1.2866064310073853,0.02483849599957466,66,3.564793225056019e-05
2045,0.9880655407905579,0.011934459209442139,1.2707719802856445,0.02452283352613449,66,3.564793225056019e-05
2046,0.9881349802017212,0.011865019798278809,1.2799580097198486,0.024545948952436447,67,3.3865535638032174e-05
2047,0.9877166748046875,0.0122833251953125,1.2871499061584473,0.02503199130296707,67,3.3865535638032174e-05
2048,0.9877378940582275,0.012262105941772461,1.2787654399871826,0.024927139282226562,67,3.3865535638032174e-05
2049,0.9878642559051514,0.012135744094848633,1.2845436334609985,0.024859823286533356,67,3.3865535638032174e-05
2050,0.987956166267395,0.01204383373260498,1.2740418910980225,0.024663813412189484,67,3.3865535638032174e-05
2051,0.9880917072296143,0.011908292770385742,1.2862145900726318,0.024651356041431427,67,3.3865535638032174e-05
2052,0.9883201718330383,0.01167982816696167,1.2807586193084717,0.024370616301894188,67,3.3865535638032174e-05
2053,0.9882421493530273,0.011757850646972656,1.2780839204788208,0.02442111074924469,67,3.3865535638032174e-05
2054,0.9885008931159973,0.011499106884002686,1.2798274755477905,0.024182390421628952,67,3.3865535638032174e-05
2055,0.9882606267929077,0.011739373207092285,1.284498929977417,0.024466969072818756,67,3.3865535638032174e-05
2056,0.9880616664886475,0.011938333511352539,1.281578779220581,0.02463473752140999,67,3.3865535638032174e-05
2057,0.9879186749458313,0.012081325054168701,1.2904402017593384,0.024864913895726204,67,3.3865535638032174e-05
2058,0.987680196762085,0.012319803237915039,1.2869315147399902,0.025065921247005463,67,3.3865535638032174e-05
2059,0.9881322383880615,0.011867761611938477,1.2823827266693115,0.024572910740971565,67,3.3865535638032174e-05
2060,0.9882686734199524,0.011731326580047607,1.2892181873321533,0.02450619637966156,67,3.3865535638032174e-05
2061,0.9884025454521179,0.01159745454788208,1.2893158197402954,0.024374637752771378,67,3.3865535638032174e-05
2062,0.9874721169471741,0.012527883052825928,1.3007464408874512,0.025410067290067673,67,3.3865535638032174e-05
2063,0.9877170920372009,0.012282907962799072,1.2778878211975098,0.024938955903053284,67,3.3865535638032174e-05
2064,0.9879949688911438,0.012005031108856201,1.2744688987731934,0.02462966926395893,67,3.3865535638032174e-05
2065,0.9878825545310974,0.012117445468902588,1.28765070438385,0.024872777983546257,67,3.3865535638032174e-05
2066,0.9884474277496338,0.011552572250366211,1.2783524990081787,0.024220570921897888,67,3.3865535638032174e-05
2067,0.9878982305526733,0.01210176944732666,1.2772198915481567,0.02475295029580593,67,3.3865535638032174e-05
2068,0.9882885813713074,0.011711418628692627,1.2743858098983765,0.024338163435459137,67,3.3865535638032174e-05
2069,0.9880394339561462,0.01196056604385376,1.284544587135315,0.024686407297849655,67,3.3865535638032174e-05
2070,0.9879019260406494,0.012098073959350586,1.301584243774414,0.024992935359477997,67,3.3865535638032174e-05
2071,0.9878246784210205,0.012175321578979492,1.2774238586425781,0.024827808141708374,67,3.3865535638032174e-05
2072,0.9882813692092896,0.01171863079071045,1.2670278549194336,0.02427172288298607,67,3.3865535638032174e-05
2073,0.9880239963531494,0.011976003646850586,1.2790617942810059,0.024646861478686333,67,3.3865535638032174e-05
2074,0.9878875017166138,0.01211249828338623,1.284956455230713,0.024840937927365303,67,3.3865535638032174e-05
2075,0.9879668354988098,0.012033164501190186,1.2837905883789062,0.024750739336013794,67,3.3865535638032174e-05
2076,0.9876114726066589,0.012388527393341064,1.2794535160064697,0.025059176608920097,67,3.3865535638032174e-05
2077,0.9880348443984985,0.011965155601501465,1.2818535566329956,0.02466403879225254,68,3.2172258856130564e-05
2078,0.9883788228034973,0.011621177196502686,1.283148169517517,0.024336446076631546,68,3.2172258856130564e-05
2079,0.9883637428283691,0.01163625717163086,1.2861324548721313,0.02438122034072876,68,3.2172258856130564e-05
2080,0.9876399636268616,0.012360036373138428,1.2926571369171143,0.02516300603747368,68,3.2172258856130564e-05
2081,0.9883586168289185,0.011641383171081543,1.2820582389831543,0.024345550686120987,68,3.2172258856130564e-05
2082,0.9881369471549988,0.01186305284500122,1.2935073375701904,0.02467949688434601,68,3.2172258856130564e-05
2083,0.9879220128059387,0.01207798719406128,1.2735971212387085,0.02469317987561226,68,3.2172258856130564e-05
2084,0.9874964952468872,0.012503504753112793,1.2700389623641968,0.02507885918021202,68,3.2172258856130564e-05
2085,0.988105833530426,0.011894166469573975,1.283414602279663,0.024609370157122612,68,3.2172258856130564e-05
2086,0.9884131550788879,0.01158684492111206,1.2781192064285278,0.024252168834209442,68,3.2172258856130564e-05
2087,0.9883134961128235,0.011686503887176514,1.2665221691131592,0.024234861135482788,68,3.2172258856130564e-05
2088,0.9883232712745667,0.01167672872543335,1.2892570495605469,0.024452531710267067,68,3.2172258856130564e-05
2089,0.9878005981445312,0.01219940185546875,1.285597324371338,0.024933381006121635,68,3.2172258856130564e-05
2090,0.9877943992614746,0.01220560073852539,1.2827695608139038,0.024911239743232727,68,3.2172258856130564e-05
2091,0.9879806637763977,0.012019336223602295,1.278507113456726,0.02468421310186386,68,3.2172258856130564e-05
2092,0.9879340529441833,0.01206594705581665,1.2864031791687012,0.024809319525957108,68,3.2172258856130564e-05
2093,0.9882341027259827,0.011765897274017334,1.2857754230499268,0.024505991488695145,68,3.2172258856130564e-05
2094,0.9879331588745117,0.012066841125488281,1.286839246749878,0.024814564734697342,68,3.2172258856130564e-05
2095,0.988236665725708,0.011763334274291992,1.2899914979934692,0.024545615538954735,68,3.2172258856130564e-05
2096,0.988018810749054,0.011981189250946045,1.2854995727539062,0.024716373533010483,68,3.2172258856130564e-05
2097,0.9876769781112671,0.01232302188873291,1.2840529680252075,0.025040321052074432,68,3.2172258856130564e-05
2098,0.9876992106437683,0.01230078935623169,1.2920234203338623,0.025098014622926712,68,3.2172258856130564e-05
2099,0.9876875877380371,0.01231241226196289,1.2740370035171509,0.024929657578468323,68,3.2172258856130564e-05
2100,0.9884459972381592,0.01155400276184082,1.2817468643188477,0.02425593137741089,68,3.2172258856130564e-05
2101,0.988112211227417,0.011887788772583008,1.2725639343261719,0.024494551122188568,68,3.2172258856130564e-05
2102,0.9879097938537598,0.012090206146240234,1.2836673259735107,0.024805977940559387,68,3.2172258856130564e-05
2103,0.9878644943237305,0.012135505676269531,1.284234642982483,0.02485649660229683,68,3.2172258856130564e-05
2104,0.9882094860076904,0.01179051399230957,1.2785427570343018,0.024458035826683044,68,3.2172258856130564e-05
2105,0.9877098798751831,0.012290120124816895,1.2853648662567139,0.025020867586135864,68,3.2172258856130564e-05
2106,0.988200306892395,0.01179969310760498,1.2688287496566772,0.0243699848651886,68,3.2172258856130564e-05
2107,0.9881251454353333,0.011874854564666748,1.2815152406692505,0.024571258574724197,68,3.2172258856130564e-05
2108,0.9881119132041931,0.011888086795806885,1.278666377067566,0.02455586940050125,69,3.056364591332403e-05
2109,0.9879525303840637,0.01204746961593628,1.2735918760299683,0.024662911891937256,69,3.056364591332403e-05
2110,0.9884046912193298,0.011595308780670166,1.2749147415161133,0.024228502064943314,69,3.056364591332403e-05
2111,0.9875953793525696,0.01240462064743042,1.2823996543884277,0.025104571133852005,69,3.056364591332403e-05
2112,0.9881571531295776,0.011842846870422363,1.275032639503479,0.024474743753671646,69,3.056364591332403e-05
2113,0.98857581615448,0.01142418384552002,1.2977509498596191,0.024287451058626175,69,3.056364591332403e-05
2114,0.9879368543624878,0.012063145637512207,1.2965126037597656,0.024907641112804413,69,3.056364591332403e-05
2115,0.987854540348053,0.012145459651947021,1.2839345932006836,0.024863351136446,69,3.056364591332403e-05
2116,0.9878432750701904,0.01215672492980957,1.2981925010681152,0.025017082691192627,69,3.056364591332403e-05
2117,0.988208532333374,0.011791467666625977,1.2973432540893555,0.02464698627591133,69,3.056364591332403e-05
2118,0.987632691860199,0.012367308139801025,1.288277268409729,0.02512640878558159,69,3.056364591332403e-05
2119,0.9879791736602783,0.01202082633972168,1.283926248550415,0.024739880114793777,69,3.056364591332403e-05
2120,0.9882646799087524,0.011735320091247559,1.2817720174789429,0.02443568781018257,69,3.056364591332403e-05
2121,0.9880173206329346,0.01198267936706543,1.2655881643295288,0.024518733844161034,69,3.056364591332403e-05
2122,0.988126277923584,0.011873722076416016,1.2813962697982788,0.024568947032094002,69,3.056364591332403e-05
2123,0.9878055453300476,0.012194454669952393,1.2718565464019775,0.02479107491672039,69,3.056364591332403e-05
2124,0.9879204630851746,0.01207953691482544,1.2927321195602417,0.024886062368750572,69,3.056364591332403e-05
2125,0.9879364371299744,0.012063562870025635,1.2957565784454346,0.024900492280721664,69,3.056364591332403e-05
2126,0.9879230260848999,0.012076973915100098,1.272781491279602,0.02468401938676834,69,3.056364591332403e-05
2127,0.9880500435829163,0.01194995641708374,1.2979815006256104,0.024810271337628365,69,3.056364591332403e-05
2128,0.9880807399749756,0.011919260025024414,1.2732744216918945,0.02453281171619892,69,3.056364591332403e-05
2129,0.9881109595298767,0.011889040470123291,1.2670257091522217,0.024440407752990723,69,3.056364591332403e-05
2130,0.9880857467651367,0.011914253234863281,1.275740146636963,0.024552512913942337,69,3.056364591332403e-05
2131,0.9882261157035828,0.011773884296417236,1.28949773311615,0.02455112338066101,69,3.056364591332403e-05
2132,0.9881524443626404,0.01184755563735962,1.272024154663086,0.024449322372674942,69,3.056364591332403e-05
2133,0.9880478978157043,0.011952102184295654,1.2794560194015503,0.024627141654491425,69,3.056364591332403e-05
2134,0.988140344619751,0.011859655380249023,1.2654829025268555,0.024395886808633804,69,3.056364591332403e-05
2135,0.9876803159713745,0.012319684028625488,1.279036521911621,0.02498685196042061,69,3.056364591332403e-05
2136,0.9881715178489685,0.011828482151031494,1.2815495729446411,0.02452569268643856,69,3.056364591332403e-05
2137,0.9881319403648376,0.011868059635162354,1.2720627784729004,0.024470007047057152,69,3.056364591332403e-05
2138,0.988232433795929,0.011767566204071045,1.2887016534805298,0.02453690767288208,69,3.056364591332403e-05
2139,0.987932026386261,0.012067973613739014,1.289446473121643,0.024841759353876114,70,2.903546361765783e-05
2140,0.9879817962646484,0.012018203735351562,1.2805458307266235,0.024703480303287506,70,2.903546361765783e-05
2141,0.9876832365989685,0.012316763401031494,1.2766033411026,0.024959629401564598,70,2.903546361765783e-05
2142,0.9882321357727051,0.011767864227294922,1.2806062698364258,0.024456247687339783,70,2.903546361765783e-05
2143,0.9882955551147461,0.011704444885253906,1.2852998971939087,0.024440400302410126,70,2.903546361765783e-05
2144,0.987895667552948,0.012104332447052002,1.302266240119934,0.025005951523780823,70,2.903546361765783e-05
2145,0.9880427718162537,0.011957228183746338,1.27777099609375,0.024615366011857986,70,2.903546361765783e-05
2146,0.9876664280891418,0.012333571910858154,1.2714250087738037,0.024924486875534058,70,2.903546361765783e-05
2147,0.9880465865135193,0.011953413486480713,1.2912490367889404,0.024746369570493698,70,2.903546361765783e-05
2148,0.9880208969116211,0.011979103088378906,1.2735021114349365,0.02459433302283287,70,2.903546361765783e-05
2149,0.9883500933647156,0.011649906635284424,1.2692683935165405,0.02422609180212021,70,2.903546361765783e-05
2150,0.9880183339118958,0.011981666088104248,1.2796480655670166,0.024658329784870148,70,2.903546361765783e-05
2151,0.9878833293914795,0.012116670608520508,1.2814747095108032,0.024810250848531723,70,2.903546361765783e-05
2152,0.988039493560791,0.011960506439208984,1.2807090282440186,0.024647992104291916,70,2.903546361765783e-05
2153,0.9883213639259338,0.011678636074066162,1.2704824209213257,0.024266675114631653,70,2.903546361765783e-05
2154,0.9881144762039185,0.011885523796081543,1.286944031715393,0.024636108428239822,70,2.903546361765783e-05
2155,0.9878395199775696,0.01216048002243042,1.2680643796920776,0.024719517678022385,70,2.903546361765783e-05
2156,0.9879820942878723,0.012017905712127686,1.277239203453064,0.02467011846601963,70,2.903546361765783e-05
2157,0.9882411956787109,0.011758804321289062,1.2936359643936157,0.02457757666707039,70,2.903546361765783e-05
2158,0.9879321455955505,0.012067854404449463,1.2799479961395264,0.02474665641784668,70,2.903546361765783e-05
2159,0.9879432320594788,0.01205676794052124,1.2790499925613403,0.02472670003771782,70,2.903546361765783e-05
2160,0.9880202412605286,0.011979758739471436,1.2847137451171875,0.024707097560167313,70,2.903546361765783e-05
2161,0.9877700209617615,0.012229979038238525,1.2715753316879272,0.02482343278825283,70,2.903546361765783e-05
2162,0.9883051514625549,0.011694848537445068,1.2680257558822632,0.02425815910100937,70,2.903546361765783e-05
2163,0.9880363345146179,0.01196366548538208,1.2865630388259888,0.024709658697247505,70,2.903546361765783e-05
2164,0.9883087873458862,0.01169121265411377,1.287092685699463,0.024445228278636932,70,2.903546361765783e-05
2165,0.9883716702461243,0.011628329753875732,1.276894450187683,0.024280991405248642,70,2.903546361765783e-05
2166,0.988170325756073,0.011829674243927002,1.2858270406723022,0.024569647386670113,70,2.903546361765783e-05
2167,0.9881971478462219,0.011802852153778076,1.2973986864089966,0.02465881034731865,70,2.903546361765783e-05
2168,0.9882270097732544,0.011772990226745605,1.2872611284255981,0.02452787198126316,70,2.903546361765783e-05
2169,0.9878791570663452,0.012120842933654785,1.2798398733139038,0.024798033758997917,70,2.903546361765783e-05
2170,0.9880598187446594,0.011940181255340576,1.285670280456543,0.02467748150229454,71,2.758369043677494e-05
2171,0.9883149862289429,0.011685013771057129,1.2724075317382812,0.0242922380566597,71,2.758369043677494e-05
2172,0.9879173636436462,0.01208263635635376,1.275999665260315,0.02472180686891079,71,2.758369043677494e-05
2173,0.9880096316337585,0.011990368366241455,1.2667680978775024,0.02453814633190632,71,2.758369043677494e-05
2174,0.9874647855758667,0.0125352144241333,1.2895665168762207,0.025305528193712234,71,2.758369043677494e-05
2175,0.9880141615867615,0.011985838413238525,1.283937931060791,0.02470535784959793,71,2.758369043677494e-05
2176,0.9877272844314575,0.01227271556854248,1.2766021490097046,0.024916009977459908,71,2.758369043677494e-05
2177,0.9875583648681641,0.012441635131835938,1.2811192274093628,0.025128411129117012,71,2.758369043677494e-05
2178,0.9880969524383545,0.011903047561645508,1.279613733291626,0.024580154567956924,71,2.758369043677494e-05
2179,0.9880960583686829,0.011903941631317139,1.2839860916137695,0.024624763056635857,71,2.758369043677494e-05
2180,0.9882827997207642,0.01171720027923584,1.2785555124282837,0.02438558265566826,71,2.758369043677494e-05
2181,0.9883293509483337,0.01167064905166626,1.2837830781936646,0.024391774088144302,71,2.758369043677494e-05
2182,0.9877268075942993,0.012273192405700684,1.2912957668304443,0.025063417851924896,71,2.758369043677494e-05
2183,0.9880995750427246,0.01190042495727539,1.268149971961975,0.024462919682264328,71,2.758369043677494e-05
2184,0.9879246354103088,0.012075364589691162,1.2755845785140991,0.024710457772016525,71,2.758369043677494e-05
2185,0.9884667992591858,0.011533200740814209,1.2803257703781128,0.02422112599015236,71,2.758369043677494e-05
2186,0.9879116415977478,0.012088358402252197,1.277286171913147,0.02474033646285534,71,2.758369043677494e-05
2187,0.9884360432624817,0.01156395673751831,1.279770851135254,0.02424602583050728,71,2.758369043677494e-05
2188,0.9880959391593933,0.01190406084060669,1.2790796756744385,0.024575816467404366,71,2.758369043677494e-05
2189,0.9881685972213745,0.011831402778625488,1.2793495655059814,0.0245065838098526,71,2.758369043677494e-05
2190,0.9882264733314514,0.011773526668548584,1.275874376296997,0.024414535611867905,71,2.758369043677494e-05
2191,0.9882073402404785,0.011792659759521484,1.2826517820358276,0.024501249194145203,71,2.758369043677494e-05
2192,0.9879062175750732,0.012093782424926758,1.2722326517105103,0.024695171043276787,71,2.758369043677494e-05
2193,0.9879241585731506,0.012075841426849365,1.2892534732818604,0.024847617372870445,71,2.758369043677494e-05
2194,0.9882537722587585,0.011746227741241455,1.2943024635314941,0.024571791291236877,71,2.758369043677494e-05
2195,0.9881870150566101,0.011812984943389893,1.285802960395813,0.024552885442972183,71,2.758369043677494e-05
2196,0.9882477521896362,0.01175224781036377,1.2955176830291748,0.02458990179002285,71,2.758369043677494e-05
2197,0.9878002405166626,0.012199759483337402,1.2862870693206787,0.02494063228368759,71,2.758369043677494e-05
2198,0.9884177446365356,0.011582255363464355,1.2746343612670898,0.024212777614593506,71,2.758369043677494e-05
2199,0.9883095622062683,0.01169043779373169,1.273630976676941,0.02430984377861023,71,2.758369043677494e-05
2200,0.9878641366958618,0.012135863304138184,1.2967650890350342,0.024982154369354248,71,2.758369043677494e-05
2201,0.9883744716644287,0.011625528335571289,1.2748677730560303,0.024257950484752655,72,2.620450591493619e-05
2202,0.988081693649292,0.011918306350708008,1.2648261785507202,0.024447385221719742,72,2.620450591493619e-05
2203,0.9880059957504272,0.011994004249572754,1.2709494829177856,0.02458355948328972,72,2.620450591493619e-05
2204,0.9877917766571045,0.012208223342895508,1.2835211753845215,0.024921352043747902,72,2.620450591493619e-05
2205,0.9883087873458862,0.01169121265411377,1.2841346263885498,0.024415645748376846,72,2.620450591493619e-05
2206,0.9877305626869202,0.012269437313079834,1.2779501676559448,0.02492624521255493,72,2.620450591493619e-05
2207,0.9879404306411743,0.012059569358825684,1.269905686378479,0.02463803067803383,72,2.620450591493619e-05
2208,0.9881666898727417,0.0118333101272583,1.260154128074646,0.024316519498825073,72,2.620450591493619e-05
2209,0.9883590936660767,0.01164090633392334,1.2825247049331665,0.024349745362997055,72,2.620450591493619e-05
2210,0.988017737865448,0.011982262134552002,1.2801194190979004,0.024663634598255157,72,2.620450591493619e-05
2211,0.9879076480865479,0.012092351913452148,1.2807291746139526,0.02477871999144554,72,2.620450591493619e-05
2212,0.9882063865661621,0.01179361343383789,1.280953049659729,0.024485208094120026,72,2.620450591493619e-05
2213,0.9880760312080383,0.01192396879196167,1.2627437114715576,0.024432165548205376,72,2.620450591493619e-05
2214,0.9881561994552612,0.01184380054473877,1.2991352081298828,0.024716714397072792,72,2.620450591493619e-05
2215,0.9883919954299927,0.011608004570007324,1.277454137802124,0.02426646649837494,72,2.620450591493619e-05
2216,0.9881593585014343,0.011840641498565674,1.2855558395385742,0.0245777927339077,72,2.620450591493619e-05
2217,0.9876911044120789,0.012308895587921143,1.2753850221633911,0.024939656257629395,72,2.620450591493619e-05
2218,0.9884281158447266,0.011571884155273438,1.2837238311767578,0.024293404072523117,72,2.620450591493619e-05
2219,0.9883131980895996,0.01168680191040039,1.2776929140090942,0.024346861988306046,72,2.620450591493619e-05
2220,0.9882650971412659,0.01173490285873413,1.2861034870147705,0.02447858825325966,72,2.620450591493619e-05
2221,0.988247275352478,0.011752724647521973,1.2715210914611816,0.02435040846467018,72,2.620450591493619e-05
2222,0.9876207113265991,0.012379288673400879,1.2739684581756592,0.02499518170952797,72,2.620450591493619e-05
2223,0.987852931022644,0.012147068977355957,1.2822387218475342,0.024847984313964844,72,2.620450591493619e-05
2224,0.9881569743156433,0.01184302568435669,1.2869771718978882,0.024594366550445557,72,2.620450591493619e-05
2225,0.9879609942436218,0.012039005756378174,1.2868399620056152,0.024787016212940216,72,2.620450591493619e-05
2226,0.9879932999610901,0.012006700038909912,1.2871768474578857,0.02475840225815773,72,2.620450591493619e-05
2227,0.9876324534416199,0.012367546558380127,1.2802666425704956,0.025046538561582565,72,2.620450591493619e-05
2228,0.9882228374481201,0.011777162551879883,1.2799053192138672,0.024458443745970726,72,2.620450591493619e-05
2229,0.9883390665054321,0.011660933494567871,1.3021376132965088,0.024565700441598892,72,2.620450591493619e-05
2230,0.9882113337516785,0.011788666248321533,1.2896472215652466,0.024567250162363052,72,2.620450591493619e-05
2231,0.9879526495933533,0.012047350406646729,1.3047150373458862,0.024974027648568153,72,2.620450591493619e-05
2232,0.988190233707428,0.011809766292572021,1.282533884048462,0.024517007172107697,73,2.489428061918938e-05
2233,0.9877825975418091,0.012217402458190918,1.294930338859558,0.025044530630111694,73,2.489428061918938e-05
2234,0.9882910847663879,0.01170891523361206,1.2681593894958496,0.024273419752717018,73,2.489428061918938e-05
2235,0.9880322217941284,0.011967778205871582,1.2769883871078491,0.024617984890937805,73,2.489428061918938e-05
2236,0.9878990650177002,0.012100934982299805,1.2720288038253784,0.024700213223695755,73,2.489428061918938e-05
2237,0.9881979823112488,0.01180201768875122,1.2835460901260376,0.024519458413124084,73,2.489428061918938e-05
2238,0.9879964590072632,0.012003540992736816,1.2826991081237793,0.02471049502491951,73,2.489428061918938e-05
2239,0.9883849620819092,0.01161503791809082,1.2728947401046753,0.02422783523797989,73,2.489428061918938e-05
2240,0.988105058670044,0.011894941329956055,1.2796125411987305,0.024572117254137993,73,2.489428061918938e-05
2241,0.9878678321838379,0.01213216781616211,1.267167329788208,0.02468251809477806,73,2.489428061918938e-05
2242,0.9884648323059082,0.011535167694091797,1.2814100980758667,0.024233916774392128,73,2.489428061918938e-05
2243,0.9880328178405762,0.011967182159423828,1.274095058441162,0.024588460102677345,73,2.489428061918938e-05
2244,0.9879359602928162,0.012064039707183838,1.303203821182251,0.02497543767094612,73,2.489428061918938e-05
2245,0.9879344701766968,0.012065529823303223,1.2652912139892578,0.024597786366939545,73,2.489428061918938e-05
2246,0.9880051016807556,0.011994898319244385,1.2810653448104858,0.024685602635145187,73,2.489428061918938e-05
2247,0.9881972074508667,0.0118027925491333,1.3038963079452515,0.024723727256059647,73,2.489428061918938e-05
2248,0.9881230592727661,0.011876940727233887,1.3019558191299438,0.02477772906422615,73,2.489428061918938e-05
2249,0.9880314469337463,0.011968553066253662,1.2884544134140015,0.024733413010835648,73,2.489428061918938e-05
2250,0.9882436990737915,0.011756300926208496,1.2718032598495483,0.024356771260499954,73,2.489428061918938e-05
2251,0.9883612990379333,0.01163870096206665,1.277514100074768,0.024297455325722694,73,2.489428061918938e-05
2252,0.9883729219436646,0.01162707805633545,1.2539359331130981,0.024050164967775345,73,2.489428061918938e-05
2253,0.9882038235664368,0.011796176433563232,1.286510944366455,0.02454332448542118,73,2.489428061918938e-05
2254,0.9882653951644897,0.011734604835510254,1.2882401943206787,0.02449966035783291,73,2.489428061918938e-05
2255,0.9877282381057739,0.012271761894226074,1.2773480415344238,0.024922523647546768,73,2.489428061918938e-05
2256,0.988425076007843,0.011574923992156982,1.2757316827774048,0.024216491729021072,73,2.489428061918938e-05
2257,0.9877173900604248,0.012282609939575195,1.2709391117095947,0.024869173765182495,73,2.489428061918938e-05
2258,0.9879723787307739,0.012027621269226074,1.2813900709152222,0.02472124621272087,73,2.489428061918938e-05
2259,0.9880043268203735,0.011995673179626465,1.2778129577636719,0.02465384639799595,73,2.489428061918938e-05
2260,0.988246500492096,0.011753499507904053,1.286299467086792,0.02449895814061165,73,2.489428061918938e-05
2261,0.9877800941467285,0.012219905853271484,1.2772637605667114,0.024870343506336212,73,2.489428061918938e-05
2262,0.987919807434082,0.012080192565917969,1.2686595916748047,0.024645986035466194,73,2.489428061918938e-05
2263,0.987946093082428,0.012053906917572021,1.2850512266159058,0.02478387951850891,74,2.364956658822991e-05
2264,0.988186240196228,0.011813759803771973,1.2938050031661987,0.02463367208838463,74,2.364956658822991e-05
2265,0.9880090355873108,0.011990964412689209,1.2919539213180542,0.02479059249162674,74,2.364956658822991e-05
2266,0.9884222745895386,0.011577725410461426,1.2703033685684204,0.02416498214006424,74,2.364956658822991e-05
2267,0.9881974458694458,0.0118025541305542,1.2773616313934326,0.0244581438601017,74,2.364956658822991e-05
2268,0.9883484840393066,0.01165151596069336,1.2761783599853516,0.024296782910823822,74,2.364956658822991e-05
2269,0.9877057671546936,0.012294232845306396,1.275050401687622,0.02492179349064827,74,2.364956658822991e-05
2270,0.9879387617111206,0.012061238288879395,1.2727470397949219,0.024668097496032715,74,2.364956658822991e-05
2271,0.9881841540336609,0.011815845966339111,1.2680755853652954,0.024378443136811256,74,2.364956658822991e-05
2272,0.9880141615867615,0.011985838413238525,1.279442310333252,0.024660402908921242,74,2.364956658822991e-05
2273,0.9879358410835266,0.012064158916473389,1.281343698501587,0.02475695312023163,74,2.364956658822991e-05
2274,0.9884556531906128,0.011544346809387207,1.2775158882141113,0.024204062297940254,74,2.364956658822991e-05
2275,0.9881864190101624,0.011813580989837646,1.2867705821990967,0.024563152343034744,74,2.364956658822991e-05
2276,0.9877007007598877,0.012299299240112305,1.3030229806900024,0.025206536054611206,74,2.364956658822991e-05
2277,0.9881480932235718,0.011851906776428223,1.2738125324249268,0.02447151392698288,74,2.364956658822991e-05
2278,0.9879987239837646,0.012001276016235352,1.2821046113967896,0.02470230869948864,74,2.364956658822991e-05
2279,0.988505482673645,0.01149451732635498,1.2767930030822754,0.024147503077983856,74,2.364956658822991e-05
2280,0.988379955291748,0.011620044708251953,1.272327184677124,0.024227116256952286,74,2.364956658822991e-05
2281,0.9878503084182739,0.012149691581726074,1.274463176727295,0.024772826582193375,74,2.364956658822991e-05
2282,0.9883087873458862,0.01169121265411377,1.280542254447937,0.024379722774028778,74,2.364956658822991e-05
2283,0.9882977604866028,0.011702239513397217,1.264390230178833,0.02422911860048771,74,2.364956658822991e-05
2284,0.9878378510475159,0.01216214895248413,1.2742449045181274,0.024782976135611534,74,2.364956658822991e-05
2285,0.9878371953964233,0.01216280460357666,1.290878176689148,0.02494995854794979,74,2.364956658822991e-05
2286,0.9880307912826538,0.011969208717346191,1.2988648414611816,0.024838164448738098,74,2.364956658822991e-05
2287,0.9881616234779358,0.011838376522064209,1.2983497381210327,0.0247034914791584,74,2.364956658822991e-05
2288,0.9883211255073547,0.011678874492645264,1.268485426902771,0.0242469385266304,74,2.364956658822991e-05
2289,0.9884166121482849,0.011583387851715088,1.2652230262756348,0.024119783192873,74,2.364956658822991e-05
2290,0.9876100420951843,0.012389957904815674,1.2730858325958252,0.024996917694807053,74,2.364956658822991e-05
2291,0.9881491661071777,0.011850833892822266,1.277461051940918,0.024506935849785805,74,2.364956658822991e-05
2292,0.9883408546447754,0.01165914535522461,1.280102252960205,0.024343576282262802,74,2.364956658822991e-05
2293,0.9876975417137146,0.0123024582862854,1.284934163093567,0.02502877451479435,74,2.364956658822991e-05
2294,0.9876567125320435,0.012343287467956543,1.2667763233184814,0.02488761767745018,75,2.2467088258818413e-05
2295,0.9880260825157166,0.011973917484283447,1.2630198001861572,0.02448437735438347,75,2.2467088258818413e-05
2296,0.9876587390899658,0.01234126091003418,1.2820402383804321,0.025038249790668488,75,2.2467088258818413e-05
2297,0.9882621169090271,0.0117378830909729,1.2870025634765625,0.02449052967131138,75,2.2467088258818413e-05
2298,0.9881911277770996,0.01180887222290039,1.2888373136520386,0.024579156190156937,75,2.2467088258818413e-05
2299,0.9878917336463928,0.012108266353607178,1.279256820678711,0.024779751896858215,75,2.2467088258818413e-05
2300,0.9876952767372131,0.012304723262786865,1.3029608726501465,0.025211285799741745,75,2.2467088258818413e-05
2301,0.9882909655570984,0.011709034442901611,1.2924582958221436,0.024516526609659195,75,2.2467088258818413e-05
2302,0.988024115562439,0.011975884437561035,1.2960141897201538,0.02481626719236374,75,2.2467088258818413e-05
2303,0.9878849983215332,0.012115001678466797,1.277596116065979,0.02476981282234192,75,2.2467088258818413e-05
2304,0.9887656569480896,0.0112343430519104,1.2710721492767334,0.023832719773054123,75,2.2467088258818413e-05
2305,0.988395631313324,0.011604368686676025,1.269187569618225,0.024180199950933456,75,2.2467088258818413e-05
2306,0.9880054593086243,0.011994540691375732,1.2744531631469727,0.024619126692414284,75,2.2467088258818413e-05
2307,0.9881394505500793,0.011860549449920654,1.2642902135849,0.024384845048189163,75,2.2467088258818413e-05
2308,0.9882775545120239,0.011722445487976074,1.2848286628723145,0.024453505873680115,75,2.2467088258818413e-05
2309,0.9882867932319641,0.011713206768035889,1.284508228302002,0.024441156536340714,75,2.2467088258818413e-05
2310,0.9877316355705261,0.012268364429473877,1.2810930013656616,0.024956610053777695,75,2.2467088258818413e-05
2311,0.9880658388137817,0.011934161186218262,1.283043384552002,0.024645254015922546,75,2.2467088258818413e-05
2312,0.9883260726928711,0.011673927307128906,1.2939635515213013,0.02449682354927063,75,2.2467088258818413e-05
2313,0.9880043268203735,0.011995673179626465,1.2813506126403809,0.024689223617315292,75,2.2467088258818413e-05
2314,0.988145112991333,0.011854887008666992,1.2795149087905884,0.024531487375497818,75,2.2467088258818413e-05
2315,0.988235354423523,0.01176464557647705,1.2826488018035889,0.024473486468195915,75,2.2467088258818413e-05
2316,0.9884355068206787,0.011564493179321289,1.2645699977874756,0.02409454807639122,75,2.2467088258818413e-05
2317,0.9885163903236389,0.011483609676361084,1.2713963985443115,0.024082738906145096,75,2.2467088258818413e-05
2318,0.987930953502655,0.01206904649734497,1.2780448198318481,0.02472880482673645,75,2.2467088258818413e-05
2319,0.9880757331848145,0.011924266815185547,1.276426076889038,0.024569284170866013,75,2.2467088258818413e-05
2320,0.9881743788719177,0.011825621128082275,1.2655595541000366,0.0243629589676857,75,2.2467088258818413e-05
2321,0.9880056381225586,0.011994361877441406,1.2907137870788574,0.02478155493736267,75,2.2467088258818413e-05
2322,0.9879618287086487,0.012038171291351318,1.2753939628601074,0.024671729654073715,75,2.2467088258818413e-05
2323,0.9884130358695984,0.011586964130401611,1.2733169794082642,0.02420426532626152,75,2.2467088258818413e-05
2324,0.9880927205085754,0.01190727949142456,1.2788561582565308,0.024576768279075623,75,2.2467088258818413e-05
2325,0.9887193441390991,0.011280655860900879,1.2714996337890625,0.023882845416665077,76,2.134373384587749e-05
2326,0.9882909655570984,0.011709034442901611,1.2794089317321777,0.024386033415794373,76,2.134373384587749e-05
2327,0.9880115389823914,0.011988461017608643,1.2719805240631104,0.024588381871581078,76,2.134373384587749e-05
2328,0.9883983135223389,0.011601686477661133,1.2814583778381348,0.02430025301873684,76,2.134373384587749e-05
2329,0.9882088303565979,0.0117911696434021,1.2672356367111206,0.02434561401605606,76,2.134373384587749e-05
2330,0.9884152412414551,0.011584758758544922,1.2633724212646484,0.02410263568162918,76,2.134373384587749e-05
2331,0.9879476428031921,0.012052357196807861,1.2788889408111572,0.024720722809433937,76,2.134373384587749e-05
2332,0.9879487156867981,0.012051284313201904,1.30226731300354,0.024953443557024002,76,2.134373384587749e-05
2333,0.9881271719932556,0.011872828006744385,1.2736992835998535,0.024491094052791595,76,2.134373384587749e-05
2334,0.9877411127090454,0.01225888729095459,1.2909053564071655,0.025045350193977356,76,2.134373384587749e-05
2335,0.9878179430961609,0.012182056903839111,1.2778799533843994,0.024839036166667938,76,2.134373384587749e-05
2336,0.9879209995269775,0.012079000473022461,1.2697856426239014,0.024656066671013832,76,2.134373384587749e-05
2337,0.9875277876853943,0.012472212314605713,1.2811157703399658,0.025158647447824478,76,2.134373384587749e-05
2338,0.9879148006439209,0.012085199356079102,1.2778780460357666,0.024743128567934036,76,2.134373384587749e-05
2339,0.9879560470581055,0.012043952941894531,1.279873013496399,0.02472224459052086,76,2.134373384587749e-05
2340,0.9883344173431396,0.011665582656860352,1.280163288116455,0.02435055933892727,76,2.134373384587749e-05
2341,0.9883607625961304,0.011639237403869629,1.2861335277557373,0.024384180083870888,76,2.134373384587749e-05
2342,0.9879444241523743,0.012055575847625732,1.2704960107803345,0.024639979004859924,76,2.134373384587749e-05
2343,0.9880813956260681,0.011918604373931885,1.282279372215271,0.02462221309542656,76,2.134373384587749e-05
2344,0.988634467124939,0.011365532875061035,1.2694367170333862,0.02394624426960945,76,2.134373384587749e-05
2345,0.9880094528198242,0.011990547180175781,1.2687780857086182,0.024558423087000847,76,2.134373384587749e-05
2346,0.9880732893943787,0.011926710605621338,1.2840572595596313,0.024648016318678856,76,2.134373384587749e-05
2347,0.9881694316864014,0.011830568313598633,1.2718427181243896,0.024430688470602036,76,2.134373384587749e-05
2348,0.988319993019104,0.011680006980895996,1.2994048595428467,0.02455725520849228,76,2.134373384587749e-05
2349,0.9882516264915466,0.01174837350845337,1.2667700052261353,0.024298589676618576,76,2.134373384587749e-05
2350,0.9882009029388428,0.011799097061157227,1.2947942018508911,0.024629049003124237,76,2.134373384587749e-05
2351,0.9880711436271667,0.011928856372833252,1.2775603532791138,0.024585172533988953,76,2.134373384587749e-05
2352,0.9881846904754639,0.011815309524536133,1.291428565979004,0.024611441418528557,76,2.134373384587749e-05
2353,0.9881058931350708,0.0118941068649292,1.2746496200561523,0.024521661922335625,76,2.134373384587749e-05
2354,0.9880327582359314,0.011967241764068604,1.2825276851654053,0.024672847241163254,76,2.134373384587749e-05
2355,0.9881536960601807,0.011846303939819336,1.2759573459625244,0.024487413465976715,76,2.134373384587749e-05
2356,0.9880449175834656,0.011955082416534424,1.2684885263442993,0.02452041581273079,77,2.0276547153583614e-05
2357,0.9881030917167664,0.011896908283233643,1.2726961374282837,0.024504899978637695,77,2.0276547153583614e-05
2358,0.9881150126457214,0.011884987354278564,1.28317391872406,0.024597875773906708,77,2.0276547153583614e-05
2359,0.9882534146308899,0.011746585369110107,1.2936897277832031,0.02456601709127426,77,2.0276547153583614e-05
2360,0.98762446641922,0.01237553358078003,1.2769113779067993,0.025020891800522804,77,2.0276547153583614e-05
2361,0.9883629679679871,0.01163703203201294,1.2871811389923096,0.024392472580075264,77,2.0276547153583614e-05
2362,0.988113522529602,0.01188647747039795,1.2825617790222168,0.024593230336904526,77,2.0276547153583614e-05
2363,0.9880246520042419,0.011975347995758057,1.275863766670227,0.024614233523607254,77,2.0276547153583614e-05
2364,0.9879023432731628,0.012097656726837158,1.2799400091171265,0.02477608062326908,77,2.0276547153583614e-05
2365,0.9881793856620789,0.011820614337921143,1.275946855545044,0.02446187660098076,77,2.0276547153583614e-05
2366,0.9882670044898987,0.011732995510101318,1.2809110879898071,0.024424776434898376,77,2.0276547153583614e-05
2367,0.9880012273788452,0.011998772621154785,1.2845672369003296,0.024724457412958145,77,2.0276547153583614e-05
2368,0.9882475137710571,0.011752486228942871,1.2846627235412598,0.02448158897459507,77,2.0276547153583614e-05
2369,0.9882782101631165,0.011721789836883545,1.2912397384643555,0.024516969919204712,77,2.0276547153583614e-05
2370,0.9879375100135803,0.012062489986419678,1.273673415184021,0.02467859908938408,77,2.0276547153583614e-05
2371,0.9879202842712402,0.012079715728759766,1.2830140590667725,0.024789057672023773,77,2.0276547153583614e-05
2372,0.9884957075119019,0.011504292488098145,1.2696927785873413,0.024086177349090576,77,2.0276547153583614e-05
2373,0.9882295727729797,0.011770427227020264,1.266006350517273,0.024312786757946014,77,2.0276547153583614e-05
2374,0.9876946806907654,0.01230531930923462,1.2887564897537231,0.0250698309391737,77,2.0276547153583614e-05
2375,0.9881040453910828,0.011895954608917236,1.2786004543304443,0.024562999606132507,77,2.0276547153583614e-05
2376,0.9885143041610718,0.011485695838928223,1.2622191905975342,0.023993030190467834,77,2.0276547153583614e-05
2377,0.9881542921066284,0.011845707893371582,1.2611639499664307,0.024338889867067337,77,2.0276547153583614e-05
2378,0.988324761390686,0.011675238609313965,1.2717658281326294,0.024276144802570343,77,2.0276547153583614e-05
2379,0.9882409572601318,0.011759042739868164,1.2781902551651,0.024423353374004364,77,2.0276547153583614e-05
2380,0.9883154630661011,0.011684536933898926,1.2800835371017456,0.02436852641403675,77,2.0276547153583614e-05
2381,0.9882042407989502,0.011795759201049805,1.2947933673858643,0.024625735357403755,77,2.0276547153583614e-05
2382,0.9883047938346863,0.01169520616531372,1.26939058303833,0.02427215874195099,77,2.0276547153583614e-05
2383,0.9880523085594177,0.011947691440582275,1.2657580375671387,0.024485794827342033,77,2.0276547153583614e-05
2384,0.9883666634559631,0.011633336544036865,1.2979512214660645,0.024496514350175858,77,2.0276547153583614e-05
2385,0.988004744052887,0.011995255947113037,1.2876508235931396,0.02475181221961975,77,2.0276547153583614e-05
2386,0.9877357482910156,0.012264251708984375,1.2670817375183105,0.024812426418066025,77,2.0276547153583614e-05
2387,0.9879831671714783,0.012016832828521729,1.2826930284500122,0.024723593145608902,78,1.9262719795904432e-05
2388,0.9879642128944397,0.012035787105560303,1.2765885591506958,0.024681314826011658,78,1.9262719795904432e-05
2389,0.9881582260131836,0.011841773986816406,1.2674719095230103,0.02439807541668415,78,1.9262719795904432e-05
2390,0.9882071614265442,0.01179283857345581,1.2827174663543701,0.024502083659172058,78,1.9262719795904432e-05
2391,0.988228440284729,0.011771559715270996,1.2906334400177002,0.02456017956137657,78,1.9262719795904432e-05
2392,0.9882944822311401,0.011705517768859863,1.2885239124298096,0.024473700672388077,78,1.9262719795904432e-05
2393,0.9883561730384827,0.011643826961517334,1.2687230110168457,0.024214617908000946,78,1.9262719795904432e-05
2394,0.9880794882774353,0.011920511722564697,1.2802197933197021,0.024603504687547684,78,1.9262719795904432e-05
2395,0.9882132411003113,0.01178675889968872,1.2711526155471802,0.02438041754066944,78,1.9262719795904432e-05
2396,0.9877966046333313,0.012203395366668701,1.279553771018982,0.024876900017261505,78,1.9262719795904432e-05
2397,0.9880582690238953,0.011941730976104736,1.2672661542892456,0.024494975805282593,78,1.9262719795904432e-05
2398,0.9885311722755432,0.011468827724456787,1.2931818962097168,0.02428595907986164,78,1.9262719795904432e-05
2399,0.9882211685180664,0.011778831481933594,1.2801082134246826,0.024462126195430756,78,1.9262719795904432e-05
2400,0.988101065158844,0.011898934841156006,1.2770600318908691,0.02455054596066475,78,1.9262719795904432e-05
2401,0.9875787496566772,0.012421250343322754,1.2726958990097046,0.025023996829986572,78,1.9262719795904432e-05
2402,0.9883075952529907,0.011692404747009277,1.3005878925323486,0.024581359699368477,78,1.9262719795904432e-05
2403,0.9881137013435364,0.011886298656463623,1.2806950807571411,0.024574385955929756,78,1.9262719795904432e-05
2404,0.98808354139328,0.01191645860671997,1.2767002582550049,0.024564296007156372,78,1.9262719795904432e-05
2405,0.9881253838539124,0.011874616146087646,1.2761367559432983,0.0245172381401062,78,1.9262719795904432e-05
2406,0.9881235361099243,0.011876463890075684,1.2714778184890747,0.02447247877717018,78,1.9262719795904432e-05
2407,0.9880989789962769,0.011901021003723145,1.2720081806182861,0.024502092972397804,78,1.9262719795904432e-05
2408,0.9877825379371643,0.012217462062835693,1.286590814590454,0.0249611958861351,78,1.9262719795904432e-05
2409,0.9884817600250244,0.011518239974975586,1.2681926488876343,0.02408498525619507,78,1.9262719795904432e-05
2410,0.9880640506744385,0.011935949325561523,1.2941389083862305,0.024757977575063705,78,1.9262719795904432e-05
2411,0.9880908131599426,0.011909186840057373,1.289542317390442,0.024685516953468323,78,1.9262719795904432e-05
2412,0.9879107475280762,0.012089252471923828,1.2765014171600342,0.024733373895287514,78,1.9262719795904432e-05
2413,0.9883349537849426,0.011665046215057373,1.2656480073928833,0.024204876273870468,78,1.9262719795904432e-05
2414,0.9883955717086792,0.0116044282913208,1.270037055015564,0.024188755080103874,78,1.9262719795904432e-05
2415,0.9885511994361877,0.011448800563812256,1.2703479528427124,0.024037793278694153,78,1.9262719795904432e-05
2416,0.9882861971855164,0.011713802814483643,1.2778854370117188,0.024375518783926964,78,1.9262719795904432e-05
2417,0.9879659414291382,0.012034058570861816,1.271300196647644,0.0246267206966877,78,1.9262719795904432e-05
2418,0.9882431626319885,0.011756837368011475,1.2877063751220703,0.024516332894563675,79,1.829958380610921e-05
2419,0.9879530072212219,0.012046992778778076,1.2794291973114014,0.02472081407904625,79,1.829958380610921e-05
2420,0.9881340861320496,0.01186591386795044,1.29177725315094,0.024665027856826782,79,1.829958380610921e-05
2421,0.9878436923027039,0.012156307697296143,1.2777286767959595,0.024812031537294388,79,1.829958380610921e-05
2422,0.988335907459259,0.011664092540740967,1.272297978401184,0.024270430207252502,79,1.829958380610921e-05
2423,0.9884671568870544,0.011532843112945557,1.2587039470672607,0.024004552513360977,79,1.829958380610921e-05
2424,0.9879313111305237,0.012068688869476318,1.2699626684188843,0.024647628888487816,79,1.829958380610921e-05
2425,0.9882695078849792,0.011730492115020752,1.2716845273971558,0.024330031126737595,79,1.829958380610921e-05
2426,0.9882990717887878,0.011700928211212158,1.2691380977630615,0.024275299161672592,79,1.829958380610921e-05
2427,0.9875724911689758,0.01242750883102417,1.2818373441696167,0.02512160688638687,79,1.829958380610921e-05
2428,0.9881290197372437,0.011870980262756348,1.2732826471328735,0.024485096335411072,79,1.829958380610921e-05
2429,0.9881603717803955,0.011839628219604492,1.2789905071258545,0.02451113611459732,79,1.829958380610921e-05
2430,0.988559901714325,0.011440098285675049,1.2747710943222046,0.02407340705394745,79,1.829958380610921e-05
2431,0.9881264567375183,0.01187354326248169,1.3021963834762573,0.024776771664619446,79,1.829958380610921e-05
2432,0.9885442852973938,0.011455714702606201,1.2710336446762085,0.024051494896411896,79,1.829958380610921e-05
2433,0.9881675243377686,0.011832475662231445,1.2923600673675537,0.024637751281261444,79,1.829958380610921e-05
2434,0.987983763217926,0.012016236782073975,1.2710952758789062,0.02460702694952488,79,1.829958380610921e-05
2435,0.9882149696350098,0.011785030364990234,1.271251916885376,0.024379698559641838,79,1.829958380610921e-05
2436,0.9879472255706787,0.012052774429321289,1.2915209531784058,0.024847455322742462,79,1.829958380610921e-05
2437,0.9881499409675598,0.011850059032440186,1.2702586650848389,0.024434145539999008,79,1.829958380610921e-05
2438,0.9880126118659973,0.011987388134002686,1.2927876710891724,0.02479539066553116,79,1.829958380610921e-05
2439,0.9885168075561523,0.011483192443847656,1.273948311805725,0.02410784363746643,79,1.829958380610921e-05
2440,0.988091766834259,0.011908233165740967,1.2766414880752563,0.024555563926696777,79,1.829958380610921e-05
2441,0.9883056879043579,0.01169431209564209,1.261116862297058,0.024188537150621414,79,1.829958380610921e-05
2442,0.9878831505775452,0.012116849422454834,1.2738032341003418,0.024733712896704674,79,1.829958380610921e-05
2443,0.987756073474884,0.012243926525115967,1.274000883102417,0.024861495941877365,79,1.829958380610921e-05
2444,0.9882897138595581,0.011710286140441895,1.278243064880371,0.024375613778829575,79,1.829958380610921e-05
2445,0.9879806637763977,0.012019336223602295,1.302554726600647,0.024924689903855324,79,1.829958380610921e-05
2446,0.9881281852722168,0.011871814727783203,1.2768936157226562,0.02452203258872032,79,1.829958380610921e-05
2447,0.988476037979126,0.011523962020874023,1.2658414840698242,0.024067137390375137,79,1.829958380610921e-05
2448,0.9882657527923584,0.011734247207641602,1.2915568351745605,0.02453247457742691,79,1.829958380610921e-05
2449,0.9882737994194031,0.011726200580596924,1.2735300064086914,0.02434423938393593,80,1.738460461580375e-05
2450,0.9882298707962036,0.011770129203796387,1.2779066562652588,0.024431493133306503,80,1.738460461580375e-05
2451,0.988114595413208,0.011885404586791992,1.266459584236145,0.024431146681308746,80,1.738460461580375e-05
2452,0.9881598353385925,0.01184016466140747,1.2861400842666626,0.02458316460251808,80,1.738460461580375e-05
2453,0.9880642890930176,0.011935710906982422,1.2717641592025757,0.024533994495868683,80,1.738460461580375e-05
2454,0.988198459148407,0.011801540851593018,1.2790480852127075,0.02447400614619255,80,1.738460461580375e-05
2455,0.9883854389190674,0.011614561080932617,1.2699373960494995,0.024197790771722794,80,1.738460461580375e-05
2456,0.9881475567817688,0.011852443218231201,1.2834265232086182,0.024568183347582817,80,1.738460461580375e-05
2457,0.9881120324134827,0.011887967586517334,1.2799859046936035,0.024568947032094002,80,1.738460461580375e-05
2458,0.9880956411361694,0.011904358863830566,1.2749271392822266,0.02453458681702614,80,1.738460461580375e-05
2459,0.9877088069915771,0.012291193008422852,1.2820558547973633,0.024988839402794838,80,1.738460461580375e-05
2460,0.9883189797401428,0.011681020259857178,1.2839100360870361,0.02440331131219864,80,1.738460461580375e-05
2461,0.9883962273597717,0.011603772640228271,1.2656608819961548,0.02414434403181076,80,1.738460461580375e-05
2462,0.9882577061653137,0.01174229383468628,1.2900716066360474,0.024525586515665054,80,1.738460461580375e-05
2463,0.9880386590957642,0.01196134090423584,1.2772992849349976,0.024614719673991203,80,1.738460461580375e-05
2464,0.9880693554878235,0.011930644512176514,1.2903313636779785,0.024714652448892593,80,1.738460461580375e-05
2465,0.9880505800247192,0.011949419975280762,1.280191421508789,0.024631839245557785,80,1.738460461580375e-05
2466,0.9884690046310425,0.01153099536895752,1.2787742614746094,0.024203427135944366,80,1.738460461580375e-05
2467,0.988036572933197,0.011963427066802979,1.2713723182678223,0.02455751597881317,80,1.738460461580375e-05
2468,0.9881081581115723,0.011891841888427734,1.2820029258728027,0.02459295094013214,80,1.738460461580375e-05
2469,0.988105058670044,0.011894941329956055,1.2755789756774902,0.024531781673431396,80,1.738460461580375e-05
2470,0.9882076382637024,0.011792361736297607,1.2669552564620972,0.02434398978948593,80,1.738460461580375e-05
2471,0.9879238605499268,0.012076139450073242,1.298304796218872,0.024938426911830902,80,1.738460461580375e-05
2472,0.988358199596405,0.01164180040359497,1.2603936195373535,0.024129318073391914,80,1.738460461580375e-05
2473,0.9884301424026489,0.011569857597351074,1.2606374025344849,0.024060532450675964,80,1.738460461580375e-05
2474,0.9885181784629822,0.011481821537017822,1.2727320194244385,0.024094324558973312,80,1.738460461580375e-05
2475,0.9880190491676331,0.011980950832366943,1.2868623733520508,0.024729765951633453,80,1.738460461580375e-05
2476,0.9882411360740662,0.011758863925933838,1.2894741296768188,0.024536017328500748,80,1.738460461580375e-05
2477,0.9879956245422363,0.012004375457763672,1.2758365869522095,0.0246426984667778,80,1.738460461580375e-05
2478,0.9880861043930054,0.011913895606994629,1.2706756591796875,0.024501513689756393,80,1.738460461580375e-05
2479,0.9877044558525085,0.012295544147491455,1.292038917541504,0.02509297803044319,80,1.738460461580375e-05
2480,0.9884182810783386,0.011581718921661377,1.295240044593811,0.02441830188035965,81,1.6515374385013564e-05
2481,0.9884107112884521,0.011589288711547852,1.270174264907837,0.024175137281417847,81,1.6515374385013564e-05
2482,0.9885571599006653,0.011442840099334717,1.2701544761657715,0.024029957130551338,81,1.6515374385013564e-05
2483,0.9878270030021667,0.012172996997833252,1.2773993015289307,0.024825260043144226,81,1.6515374385013564e-05
2484,0.9884408712387085,0.011559128761291504,1.2697043418884277,0.024140581488609314,81,1.6515374385013564e-05
2485,0.9881314635276794,0.011868536472320557,1.298858642578125,0.024738438427448273,81,1.6515374385013564e-05
2486,0.9880322813987732,0.011967718601226807,1.2694082260131836,0.024542123079299927,81,1.6515374385013564e-05
2487,0.9881023168563843,0.011897683143615723,1.2726325988769531,0.02450503222644329,81,1.6515374385013564e-05
2488,0.988000750541687,0.011999249458312988,1.2810661792755127,0.024689918383955956,81,1.6515374385013564e-05
2489,0.9879886507987976,0.012011349201202393,1.284888744354248,0.024740122258663177,81,1.6515374385013564e-05
2490,0.9881614446640015,0.011838555335998535,1.2656327486038208,0.02437649667263031,81,1.6515374385013564e-05
2491,0.9881106019020081,0.011889398097991943,1.274332880973816,0.024513833224773407,81,1.6515374385013564e-05
2492,0.9878378510475159,0.01216214895248413,1.2726426124572754,0.02476695366203785,81,1.6515374385013564e-05
2493,0.9881871342658997,0.011812865734100342,1.283884048461914,0.024533577263355255,81,1.6515374385013564e-05
2494,0.9881261587142944,0.011873841285705566,1.282454013824463,0.024579644203186035,81,1.6515374385013564e-05
2495,0.9882955551147461,0.011704444885253906,1.2580374479293823,0.024167776107788086,81,1.6515374385013564e-05
2496,0.9880297183990479,0.011970281600952148,1.2791497707366943,0.02464207634329796,81,1.6515374385013564e-05
2497,0.9878058433532715,0.012194156646728516,1.2798914909362793,0.024871129542589188,81,1.6515374385013564e-05
2498,0.9882685542106628,0.011731445789337158,1.2782193422317505,0.024396324530243874,81,1.6515374385013564e-05
2499,0.9883456826210022,0.011654317378997803,1.2767411470413208,0.024305185303092003,81,1.6515374385013564e-05
2500,0.9886795282363892,0.01132047176361084,1.274053931236267,0.023947805166244507,81,1.6515374385013564e-05
2501,0.988190770149231,0.011809229850769043,1.2782013416290283,0.024473149329423904,81,1.6515374385013564e-05
2502,0.9880535006523132,0.011946499347686768,1.278578281402588,0.02461281791329384,81,1.6515374385013564e-05
2503,0.987875759601593,0.012124240398406982,1.2869150638580322,0.024872148409485817,81,1.6515374385013564e-05
2504,0.9882904887199402,0.011709511280059814,1.2807896137237549,0.024400312453508377,81,1.6515374385013564e-05
2505,0.9878695607185364,0.012130439281463623,1.2843281030654907,0.024852417409420013,81,1.6515374385013564e-05
2506,0.9884070158004761,0.011592984199523926,1.2683374881744385,0.02416042983531952,81,1.6515374385013564e-05
2507,0.9881058931350708,0.0118941068649292,1.2619404792785645,0.024394569918513298,81,1.6515374385013564e-05
2508,0.9885696172714233,0.01143038272857666,1.2894890308380127,0.024210968986153603,81,1.6515374385013564e-05
2509,0.988256573677063,0.011743426322937012,1.2714678049087524,0.024340670555830002,81,1.6515374385013564e-05
2510,0.9877432584762573,0.012256741523742676,1.2904016971588135,0.025038190186023712,81,1.6515374385013564e-05
2511,0.9880789518356323,0.011921048164367676,1.2846084833145142,0.024647921323776245,82,1.5689605665762886e-05
2512,0.9885770678520203,0.011422932147979736,1.2698338031768799,0.02400704100728035,82,1.5689605665762886e-05
2513,0.9883610606193542,0.011638939380645752,1.2664941549301147,0.024187490344047546,82,1.5689605665762886e-05
2514,0.9881664514541626,0.011833548545837402,1.270006537437439,0.0244152769446373,82,1.5689605665762886e-05
2515,0.9880728721618652,0.011927127838134766,1.2856345176696777,0.024664200842380524,82,1.5689605665762886e-05
2516,0.9884883761405945,0.011511623859405518,1.2634975910186768,0.02403148263692856,82,1.5689605665762886e-05
2517,0.988433301448822,0.011566698551177979,1.278759241104126,0.024238623678684235,82,1.5689605665762886e-05
2518,0.9878588914871216,0.012141108512878418,1.2915399074554443,0.024935096502304077,82,1.5689605665762886e-05
2519,0.9879085421562195,0.012091457843780518,1.2716556787490845,0.02468710020184517,82,1.5689605665762886e-05
2520,0.9880663752555847,0.011933624744415283,1.2931773662567139,0.024746062234044075,82,1.5689605665762886e-05
2521,0.9882303476333618,0.011769652366638184,1.273171305656433,0.02438366785645485,82,1.5689605665762886e-05
2522,0.9881778955459595,0.011822104454040527,1.2988779544830322,0.024692662060260773,82,1.5689605665762886e-05
2523,0.988401472568512,0.011598527431488037,1.294276475906372,0.024425307288765907,82,1.5689605665762886e-05
2524,0.9880304336547852,0.011969566345214844,1.2770406007766724,0.02462027594447136,82,1.5689605665762886e-05
2525,0.9878765344619751,0.012123465538024902,1.267895221710205,0.024681182578206062,82,1.5689605665762886e-05
2526,0.9877033829689026,0.012296617031097412,1.2729721069335938,0.024903371930122375,82,1.5689605665762886e-05
2527,0.9879290461540222,0.012070953845977783,1.2776492834091187,0.024726737290620804,82,1.5689605665762886e-05
2528,0.9879265427589417,0.01207345724105835,1.2808430194854736,0.024761151522397995,82,1.5689605665762886e-05
2529,0.9881309866905212,0.01186901330947876,1.276636004447937,0.02451668307185173,82,1.5689605665762886e-05
2530,0.9879970550537109,0.012002944946289062,1.2621138095855713,0.024504054337739944,82,1.5689605665762886e-05
2531,0.9883030652999878,0.011696934700012207,1.2688230276107788,0.024268195033073425,82,1.5689605665762886e-05
2532,0.9884455800056458,0.011554419994354248,1.2806042432785034,0.024244917556643486,82,1.5689605665762886e-05
2533,0.9881550669670105,0.011844933032989502,1.278673529624939,0.02451321855187416,82,1.5689605665762886e-05
2534,0.9880492687225342,0.01195073127746582,1.273518443107605,0.0245664082467556,82,1.5689605665762886e-05
2535,0.9885199069976807,0.011480093002319336,1.277298092842102,0.024138273671269417,82,1.5689605665762886e-05
2536,0.9882069826126099,0.011793017387390137,1.2861182689666748,0.024536270648241043,82,1.5689605665762886e-05
2537,0.9885188937187195,0.011481106281280518,1.2834019660949707,0.0242003146559,82,1.5689605665762886e-05
2538,0.9884218573570251,0.011578142642974854,1.2676533460617065,0.02413889393210411,82,1.5689605665762886e-05
2539,0.9879869818687439,0.012013018131256104,1.2746566534042358,0.02463945373892784,82,1.5689605665762886e-05
2540,0.9882522821426392,0.01174771785736084,1.271510362625122,0.024345343932509422,82,1.5689605665762886e-05
2541,0.9882414937019348,0.011758506298065186,1.2697120904922485,0.024338040500879288,82,1.5689605665762886e-05
2542,0.9878396987915039,0.012160301208496094,1.2718225717544556,0.02475692331790924,83,1.490512538247474e-05
2543,0.9878534078598022,0.012146592140197754,1.2784072160720825,0.024809198454022408,83,1.490512538247474e-05
2544,0.988224983215332,0.011775016784667969,1.2660279273986816,0.0243175458163023,83,1.490512538247474e-05
2545,0.9886981844902039,0.011301815509796143,1.2864735126495361,0.024053532630205154,83,1.490512538247474e-05
2546,0.9883947968482971,0.01160520315170288,1.2600593566894531,0.024089744314551353,83,1.490512538247474e-05
2547,0.9881613850593567,0.01183861494064331,1.265418291091919,0.02437441051006317,83,1.490512538247474e-05
2548,0.9881753921508789,0.011824607849121094,1.2786012887954712,0.024492373690009117,83,1.490512538247474e-05
2549,0.9882033467292786,0.011796653270721436,1.2691459655761719,0.02437014691531658,83,1.490512538247474e-05
2550,0.9885382056236267,0.011461794376373291,1.2789957523345947,0.024137133732438087,83,1.490512538247474e-05
2551,0.9886991381645203,0.011300861835479736,1.2670016288757324,0.02385786920785904,83,1.490512538247474e-05
2552,0.9876922965049744,0.012307703495025635,1.2766474485397339,0.02495110034942627,83,1.490512538247474e-05
2553,0.9884339570999146,0.01156604290008545,1.2615578174591064,0.024065960198640823,83,1.490512538247474e-05
2554,0.9881652593612671,0.01183474063873291,1.2788138389587402,0.024504531174898148,83,1.490512538247474e-05
2555,0.988254189491272,0.011745810508728027,1.2814358472824097,0.024442709982395172,83,1.490512538247474e-05
2556,0.9881462454795837,0.01185375452041626,1.279228687286377,0.024527503177523613,83,1.490512538247474e-05
2557,0.988222062587738,0.011777937412261963,1.2644950151443481,0.024305108934640884,83,1.490512538247474e-05
2558,0.9882864356040955,0.011713564395904541,1.2918479442596436,0.024514907971024513,83,1.490512538247474e-05
2559,0.9883462190628052,0.011653780937194824,1.2819507122039795,0.024356750771403313,83,1.490512538247474e-05
2560,0.9882180094718933,0.01178199052810669,1.277997612953186,0.02444414794445038,83,1.490512538247474e-05
2561,0.9880684018135071,0.01193159818649292,1.283051609992981,0.02464279904961586,83,1.490512538247474e-05
2562,0.9879631400108337,0.01203685998916626,1.2712982892990112,0.02462947368621826,83,1.490512538247474e-05
2563,0.9885713458061218,0.011428654193878174,1.2695454359054565,0.02400982193648815,83,1.490512538247474e-05
2564,0.9881357550621033,0.011864244937896729,1.3025494813919067,0.02477109804749489,83,1.490512538247474e-05
2565,0.9884120225906372,0.011587977409362793,1.2771409749984741,0.024243507534265518,83,1.490512538247474e-05
2566,0.9878842234611511,0.012115776538848877,1.2777701616287231,0.024772319942712784,83,1.490512538247474e-05
2567,0.9879322648048401,0.012067735195159912,1.2915658950805664,0.02486271783709526,83,1.490512538247474e-05
2568,0.9880003929138184,0.01199960708618164,1.2844610214233398,0.024724220857024193,83,1.490512538247474e-05
2569,0.9877362847328186,0.012263715267181396,1.2834680080413818,0.02497575804591179,83,1.490512538247474e-05
2570,0.9883041381835938,0.01169586181640625,1.278716802597046,0.024366071447730064,83,1.490512538247474e-05
2571,0.9879590272903442,0.012040972709655762,1.2688000202178955,0.024608563631772995,83,1.490512538247474e-05
2572,0.9883385896682739,0.011661410331726074,1.2781412601470947,0.024326208978891373,83,1.490512538247474e-05
2573,0.9885509610176086,0.011449038982391357,1.2894281148910522,0.024228829890489578,84,1.4159869113351003e-05
2574,0.988294780254364,0.011705219745635986,1.302910327911377,0.0246172696352005,84,1.4159869113351003e-05
2575,0.9881567358970642,0.011843264102935791,1.2749544382095337,0.0244743749499321,84,1.4159869113351003e-05
2576,0.9883047938346863,0.01169520616531372,1.278031826019287,0.02435857243835926,84,1.4159869113351003e-05
2577,0.9883644580841064,0.011635541915893555,1.2772456407546997,0.024291642010211945,84,1.4159869113351003e-05
2578,0.9882442951202393,0.011755704879760742,1.270019769668579,0.02433834597468376,84,1.4159869113351003e-05
2579,0.988545835018158,0.011454164981842041,1.2774256467819214,0.02411387860774994,84,1.4159869113351003e-05
2580,0.988525927066803,0.011474072933197021,1.2905035018920898,0.024264367297291756,84,1.4159869113351003e-05
2581,0.9883513450622559,0.01164865493774414,1.2680578231811523,0.024212747812271118,84,1.4159869113351003e-05
2582,0.9877367615699768,0.012263238430023193,1.2698911428451538,0.02483951672911644,84,1.4159869113351003e-05
2583,0.9882230758666992,0.011776924133300781,1.2639670372009277,0.02429882436990738,84,1.4159869113351003e-05
2584,0.9881886839866638,0.011811316013336182,1.2735508680343628,0.024428710341453552,84,1.4159869113351003e-05
2585,0.9881399869918823,0.011860013008117676,1.2619730234146118,0.0243611428886652,84,1.4159869113351003e-05
2586,0.9875937700271606,0.012406229972839355,1.2809107303619385,0.025091275572776794,84,1.4159869113351003e-05
2587,0.9878311157226562,0.01216888427734375,1.2946383953094482,0.02499357983469963,84,1.4159869113351003e-05
2588,0.9879777431488037,0.012022256851196289,1.274104118347168,0.024643074721097946,84,1.4159869113351003e-05
2589,0.98805171251297,0.01194828748703003,1.2819600105285645,0.024648403748869896,84,1.4159869113351003e-05
2590,0.9882781505584717,0.01172184944152832,1.275059700012207,0.02435522899031639,84,1.4159869113351003e-05
2591,0.9881129860877991,0.011887013912200928,1.2764112949371338,0.02453225664794445,84,1.4159869113351003e-05
2592,0.9883610010147095,0.011638998985290527,1.2670027017593384,0.024192634969949722,84,1.4159869113351003e-05
2593,0.9879698157310486,0.012030184268951416,1.2795366048812866,0.024705247953534126,84,1.4159869113351003e-05
2594,0.9884592294692993,0.011540770530700684,1.2659910917282104,0.0240852739661932,84,1.4159869113351003e-05
2595,0.9883697628974915,0.011630237102508545,1.2724777460098267,0.02423871122300625,84,1.4159869113351003e-05
2596,0.9882152080535889,0.011784791946411133,1.2863627672195435,0.024530570954084396,84,1.4159869113351003e-05
2597,0.9882987141609192,0.01170128583908081,1.2686272859573364,0.024270545691251755,84,1.4159869113351003e-05
2598,0.9882736206054688,0.01172637939453125,1.2715871334075928,0.024324987083673477,84,1.4159869113351003e-05
2599,0.9880950450897217,0.01190495491027832,1.2745236158370972,0.02453114092350006,84,1.4159869113351003e-05
2600,0.9882156848907471,0.01178431510925293,1.2896194458007812,0.024562666192650795,84,1.4159869113351003e-05
2601,0.9880103468894958,0.01198965311050415,1.2768672704696655,0.024638429284095764,84,1.4159869113351003e-05
2602,0.9883632063865662,0.011636793613433838,1.269986629486084,0.024220291525125504,84,1.4159869113351003e-05
2603,0.9878394603729248,0.012160539627075195,1.266213059425354,0.024701064452528954,84,1.4159869113351003e-05
2604,0.988257646560669,0.011742353439331055,1.2781946659088135,0.024406876415014267,85,1.3451875657683452e-05
2605,0.9882073998451233,0.011792600154876709,1.2659190893173218,0.024333864450454712,85,1.3451875657683452e-05
2606,0.9883805513381958,0.0116194486618042,1.2782135009765625,0.024285389110445976,85,1.3451875657683452e-05
2607,0.9882109761238098,0.011789023876190186,1.2596672773361206,0.024267805740237236,85,1.3451875657683452e-05
2608,0.9879705309867859,0.012029469013214111,1.2690376043319702,0.024599550291895866,85,1.3451875657683452e-05
2609,0.9880843758583069,0.011915624141693115,1.2787426710128784,0.02458389475941658,85,1.3451875657683452e-05
2610,0.9882315397262573,0.011768460273742676,1.2749732732772827,0.024400508031249046,85,1.3451875657683452e-05
2611,0.9883487224578857,0.011651277542114258,1.2599594593048096,0.024134358391165733,85,1.3451875657683452e-05
2612,0.988184928894043,0.011815071105957031,1.2946971654891968,0.02464389242231846,85,1.3451875657683452e-05
2613,0.9886418581008911,0.011358141899108887,1.2831852436065674,0.024076413363218307,85,1.3451875657683452e-05
2614,0.9877512454986572,0.012248754501342773,1.2714656591415405,0.02484092302620411,85,1.3451875657683452e-05
2615,0.9882383942604065,0.011761605739593506,1.2802842855453491,0.02444683387875557,85,1.3451875657683452e-05
2616,0.9884808659553528,0.011519134044647217,1.2944457530975342,0.02434840053319931,85,1.3451875657683452e-05
2617,0.9879085421562195,0.012091457843780518,1.2723461389541626,0.02469400316476822,85,1.3451875657683452e-05
2618,0.9880843758583069,0.011915624141693115,1.2779951095581055,0.024576418101787567,85,1.3451875657683452e-05
2619,0.9882820844650269,0.011717915534973145,1.2712630033493042,0.024313366040587425,85,1.3451875657683452e-05
2620,0.9882665872573853,0.011733412742614746,1.2613950967788696,0.024230029433965683,85,1.3451875657683452e-05
2621,0.9880268573760986,0.011973142623901367,1.276795506477356,0.02462136559188366,85,1.3451875657683452e-05
2622,0.9880334734916687,0.011966526508331299,1.2707957029342651,0.024554818868637085,85,1.3451875657683452e-05
2623,0.988279402256012,0.011720597743988037,1.2930160760879517,0.024533551186323166,85,1.3451875657683452e-05
2624,0.9882732629776001,0.011726737022399902,1.2844252586364746,0.024453721940517426,85,1.3451875657683452e-05
2625,0.988455593585968,0.011544406414031982,1.2735588550567627,0.024164550006389618,85,1.3451875657683452e-05
2626,0.9880945682525635,0.011905431747436523,1.2754327058792114,0.024540703743696213,85,1.3451875657683452e-05
2627,0.9876978993415833,0.012302100658416748,1.2753757238388062,0.02493283525109291,85,1.3451875657683452e-05
2628,0.988131582736969,0.011868417263031006,1.2872653007507324,0.024622386321425438,85,1.3451875657683452e-05
2629,0.9884815812110901,0.011518418788909912,1.27383291721344,0.02414156310260296,85,1.3451875657683452e-05
2630,0.9886451959609985,0.011354804039001465,1.2693469524383545,0.023934725672006607,85,1.3451875657683452e-05
2631,0.9885082840919495,0.011491715908050537,1.2906594276428223,0.02428339421749115,85,1.3451875657683452e-05
2632,0.9880940318107605,0.011905968189239502,1.2776365280151367,0.024563273414969444,85,1.3451875657683452e-05
2633,0.9878696203231812,0.012130379676818848,1.2635269165039062,0.02464434504508972,85,1.3451875657683452e-05
2634,0.9879575371742249,0.012042462825775146,1.2852404117584229,0.024774443358182907,85,1.3451875657683452e-05
2635,0.9883040189743042,0.0116959810256958,1.280550479888916,0.024384524673223495,86,1.277928187479928e-05
2636,0.988219141960144,0.011780858039855957,1.274680256843567,0.024409852921962738,86,1.277928187479928e-05
2637,0.9883982539176941,0.011601746082305908,1.2699743509292603,0.02418547123670578,86,1.277928187479928e-05
2638,0.9882916808128357,0.011708319187164307,1.2761400938034058,0.02435263618826866,86,1.277928187479928e-05
2639,0.9882357120513916,0.011764287948608398,1.2697638273239136,0.02434428408741951,86,1.277928187479928e-05
2640,0.988584578037262,0.011415421962738037,1.2785598039627075,0.02408686652779579,86,1.277928187479928e-05
2641,0.9878786206245422,0.012121379375457764,1.2757285833358765,0.024757452309131622,86,1.277928187479928e-05
2642,0.9883947968482971,0.01160520315170288,1.2905609607696533,0.02439475990831852,86,1.277928187479928e-05
2643,0.9882625341415405,0.011737465858459473,1.277433156967163,0.02439442276954651,86,1.277928187479928e-05
2644,0.9882254600524902,0.011774539947509766,1.2784440517425537,0.02444123476743698,86,1.277928187479928e-05
2645,0.9881507158279419,0.011849284172058105,1.2745057344436646,0.02447584830224514,86,1.277928187479928e-05
2646,0.9884821176528931,0.011517882347106934,1.2558265924453735,0.02396097034215927,86,1.277928187479928e-05
2647,0.9883342981338501,0.011665701866149902,1.2737994194030762,0.024287039414048195,86,1.277928187479928e-05
2648,0.9880852103233337,0.01191478967666626,1.2706506252288818,0.024502146989107132,86,1.277928187479928e-05
2649,0.9881274104118347,0.011872589588165283,1.2665308713912964,0.02441917173564434,86,1.277928187479928e-05
2650,0.9881020188331604,0.0118979811668396,1.2721079587936401,0.024500081315636635,86,1.277928187479928e-05
2651,0.9880236983299255,0.011976301670074463,1.2818937301635742,0.024675477296113968,86,1.277928187479928e-05
2652,0.9878387451171875,0.0121612548828125,1.2808870077133179,0.024848513305187225,86,1.277928187479928e-05
2653,0.9882169365882874,0.011783063411712646,1.2775424718856812,0.02444065734744072,86,1.277928187479928e-05
2654,0.988224983215332,0.011775016784667969,1.2770949602127075,0.024428214877843857,86,1.277928187479928e-05
2655,0.9884817600250244,0.011518239974975586,1.285912036895752,0.02426217868924141,86,1.277928187479928e-05
2656,0.9879904389381409,0.01200956106185913,1.2758910655975342,0.024648375809192657,86,1.277928187479928e-05
2657,0.9881774187088013,0.01182258129119873,1.2654635906219482,0.024358991533517838,86,1.277928187479928e-05
2658,0.988099217414856,0.011900782585144043,1.3017734289169312,0.02479950711131096,86,1.277928187479928e-05
2659,0.9887704849243164,0.011229515075683594,1.2620893716812134,0.023738112300634384,86,1.277928187479928e-05
2660,0.9881734848022461,0.011826515197753906,1.2592638731002808,0.024300888180732727,86,1.277928187479928e-05
2661,0.9881428480148315,0.011857151985168457,1.2764618396759033,0.024503197520971298,86,1.277928187479928e-05
2662,0.9877755045890808,0.01222449541091919,1.27178156375885,0.02482006698846817,86,1.277928187479928e-05
2663,0.9878935217857361,0.012106478214263916,1.2748624086380005,0.02473403885960579,86,1.277928187479928e-05
2664,0.9882314801216125,0.011768519878387451,1.2927416563034058,0.02457825094461441,86,1.277928187479928e-05
2665,0.9884698390960693,0.011530160903930664,1.2968971729278564,0.02438383176922798,86,1.277928187479928e-05
2666,0.9882557988166809,0.011744201183319092,1.2749238014221191,0.024375997483730316,87,1.2140317781059316e-05
2667,0.988923966884613,0.011076033115386963,1.2636317014694214,0.0236015897244215,87,1.2140317781059316e-05
2668,0.9880258440971375,0.011974155902862549,1.2836140394210815,0.024690553545951843,87,1.2140317781059316e-05
2669,0.9879226684570312,0.01207733154296875,1.2584136724472046,0.024540696293115616,87,1.2140317781059316e-05
2670,0.9883348941802979,0.011665105819702148,1.27292001247406,0.02427765354514122,87,1.2140317781059316e-05
2671,0.9882145524024963,0.011785447597503662,1.2777683734893799,0.024445276707410812,87,1.2140317781059316e-05
2672,0.988401472568512,0.011598527431488037,1.2737928628921509,0.02422047033905983,87,1.2140317781059316e-05
2673,0.9878960847854614,0.012103915214538574,1.272713303565979,0.02471000887453556,87,1.2140317781059316e-05
2674,0.9879211783409119,0.012078821659088135,1.2768315076828003,0.024726349860429764,87,1.2140317781059316e-05
2675,0.9881172776222229,0.0118827223777771,1.2724050283432007,0.024487946182489395,87,1.2140317781059316e-05
2676,0.9879987835884094,0.012001216411590576,1.2783552408218384,0.024664755910634995,87,1.2140317781059316e-05
2677,0.988339900970459,0.011660099029541016,1.2778171300888062,0.024321669712662697,87,1.2140317781059316e-05
2678,0.9882150888442993,0.011784911155700684,1.2796757221221924,0.024463819339871407,87,1.2140317781059316e-05
2679,0.9882248640060425,0.01177513599395752,1.2869434356689453,0.024526819586753845,87,1.2140317781059316e-05
2680,0.988280177116394,0.011719822883605957,1.2672197818756104,0.02427482232451439,87,1.2140317781059316e-05
2681,0.9881967306137085,0.011803269386291504,1.2812302112579346,0.024497538805007935,87,1.2140317781059316e-05
2682,0.9877306818962097,0.012269318103790283,1.2943562269210815,0.025090187788009644,87,1.2140317781059316e-05
2683,0.9880363345146179,0.01196366548538208,1.2704051733016968,0.024548079818487167,87,1.2140317781059316e-05
2684,0.9884948134422302,0.011505186557769775,1.2939085960388184,0.02432921901345253,87,1.2140317781059316e-05
2685,0.9884361624717712,0.01156383752822876,1.2875657081604004,0.024323854595422745,87,1.2140317781059316e-05
2686,0.9879292845726013,0.012070715427398682,1.2757163047790527,0.024707172065973282,87,1.2140317781059316e-05
2687,0.98858243227005,0.011417567729949951,1.2767387628555298,0.024070780724287033,87,1.2140317781059316e-05
2688,0.9887256622314453,0.011274337768554688,1.284662127494812,0.024008214473724365,87,1.2140317781059316e-05
2689,0.9885789752006531,0.011421024799346924,1.2778680324554443,0.024085495620965958,87,1.2140317781059316e-05
2690,0.9884003400802612,0.01159965991973877,1.2578020095825195,0.02406168356537819,87,1.2140317781059316e-05
2691,0.9878412485122681,0.012158751487731934,1.271142840385437,0.02474859356880188,87,1.2140317781059316e-05
2692,0.9879602789878845,0.012039721012115479,1.2735704183578491,0.02465502917766571,87,1.2140317781059316e-05
2693,0.9883228540420532,0.011677145957946777,1.292076587677002,0.024481140077114105,87,1.2140317781059316e-05
2694,0.9882804155349731,0.011719584465026855,1.2625623941421509,0.024228012189269066,87,1.2140317781059316e-05
2695,0.9880837798118591,0.01191622018814087,1.2602354288101196,0.0243994127959013,87,1.2140317781059316e-05
2696,0.987969160079956,0.012030839920043945,1.272768497467041,0.024638216942548752,87,1.2140317781059316e-05
2697,0.9882742166519165,0.011725783348083496,1.2783305644989014,0.02439182996749878,88,1.153330189200635e-05
2698,0.9882800579071045,0.011719942092895508,1.2823889255523682,0.02442663162946701,88,1.153330189200635e-05
2699,0.9883600473403931,0.011639952659606934,1.282151460647583,0.024345066398382187,88,1.153330189200635e-05
2700,0.9883559942245483,0.01164400577545166,1.2674444913864136,0.02420201152563095,88,1.153330189200635e-05
2701,0.9880667328834534,0.01193326711654663,1.2682949304580688,0.024496883153915405,88,1.153330189200635e-05
2702,0.9883113503456116,0.011688649654388428,1.2673397064208984,0.024245159700512886,88,1.153330189200635e-05
2703,0.9880265593528748,0.011973440647125244,1.2672119140625,0.024525824934244156,88,1.153330189200635e-05
2704,0.9882023930549622,0.011797606945037842,1.2860053777694702,0.024539683014154434,88,1.153330189200635e-05
2705,0.9885625839233398,0.011437416076660156,1.2734354734420776,0.02405739575624466,88,1.153330189200635e-05
2706,0.9881841540336609,0.011815845966339111,1.2568835020065308,0.024266522377729416,88,1.153330189200635e-05
2707,0.987847626209259,0.012152373790740967,1.2781058549880981,0.02481190860271454,88,1.153330189200635e-05
2708,0.9883130788803101,0.011686921119689941,1.2831475734710693,0.024401526898145676,88,1.153330189200635e-05
2709,0.9884877800941467,0.011512219905853271,1.2669713497161865,0.024066811427474022,88,1.153330189200635e-05
2710,0.9880181550979614,0.011981844902038574,1.2659025192260742,0.024521050974726677,88,1.153330189200635e-05
2711,0.9880900979042053,0.011909902095794678,1.2796356678009033,0.024587159976363182,88,1.153330189200635e-05
2712,0.9879845976829529,0.01201540231704712,1.273683786392212,0.024632085114717484,88,1.153330189200635e-05
2713,0.9878737330436707,0.012126266956329346,1.2818145751953125,0.024823149666190147,88,1.153330189200635e-05
2714,0.9880489706993103,0.011951029300689697,1.2678794860839844,0.02451031282544136,88,1.153330189200635e-05
2715,0.9884884357452393,0.011511564254760742,1.2990870475769043,0.024387318640947342,88,1.153330189200635e-05
2716,0.9880964756011963,0.011903524398803711,1.2776787281036377,0.02456127665936947,88,1.153330189200635e-05
2717,0.9886138439178467,0.01138615608215332,1.269206166267395,0.023964356631040573,88,1.153330189200635e-05
2718,0.9884624481201172,0.011537551879882812,1.2741897106170654,0.024164073169231415,88,1.153330189200635e-05
2719,0.988243579864502,0.011756420135498047,1.299940824508667,0.024638265371322632,88,1.153330189200635e-05
2720,0.9877146482467651,0.012285351753234863,1.2678853273391724,0.024841351434588432,88,1.153330189200635e-05
2721,0.9881374835968018,0.011862516403198242,1.286839246749878,0.02461228333413601,88,1.153330189200635e-05
2722,0.9880654811859131,0.011934518814086914,1.2724360227584839,0.024539534002542496,88,1.153330189200635e-05
2723,0.9884212017059326,0.011578798294067383,1.2885911464691162,0.024348922073841095,88,1.153330189200635e-05
2724,0.9881249666213989,0.011875033378601074,1.271571397781372,0.02447199821472168,88,1.153330189200635e-05
2725,0.9882972240447998,0.011702775955200195,1.2705684900283813,0.02429143339395523,88,1.153330189200635e-05
2726,0.9885358810424805,0.011464118957519531,1.2626346349716187,0.02397582307457924,88,1.153330189200635e-05
2727,0.9885057806968689,0.011494219303131104,1.2735817432403564,0.024115094915032387,88,1.153330189200635e-05
2728,0.9881573915481567,0.011842608451843262,1.2667886018753052,0.02439206838607788,89,1.0956636797406032e-05
2729,0.9878713488578796,0.012128651142120361,1.273561716079712,0.024742981418967247,89,1.0956636797406032e-05
2730,0.9882263541221619,0.011773645877838135,1.274201512336731,0.024397924542427063,89,1.0956636797406032e-05
2731,0.9881742000579834,0.011825799942016602,1.269766926765442,0.024405211210250854,89,1.0956636797406032e-05
2732,0.9879423975944519,0.012057602405548096,1.2760396003723145,0.024697422981262207,89,1.0956636797406032e-05
2733,0.9879952669143677,0.012004733085632324,1.267634630203247,0.02456103265285492,89,1.0956636797406032e-05
2734,0.9880383014678955,0.011961698532104492,1.2844080924987793,0.024686161428689957,89,1.0956636797406032e-05
2735,0.988083004951477,0.01191699504852295,1.276500940322876,0.024562833830714226,89,1.0956636797406032e-05
2736,0.9882426261901855,0.011757373809814453,1.2663205862045288,0.024303004145622253,89,1.0956636797406032e-05
2737,0.9887725710868835,0.011227428913116455,1.2729153633117676,0.023844309151172638,89,1.0956636797406032e-05
2738,0.9884081482887268,0.011591851711273193,1.2619426250457764,0.024095360189676285,89,1.0956636797406032e-05
2739,0.9883041977882385,0.011695802211761475,1.2741508483886719,0.02432035282254219,89,1.0956636797406032e-05
2740,0.988314688205719,0.011685311794281006,1.272149920463562,0.02428995817899704,89,1.0956636797406032e-05
2741,0.9883439540863037,0.011656045913696289,1.274794578552246,0.024287430569529533,89,1.0956636797406032e-05
2742,0.9878317713737488,0.01216822862625122,1.283782958984375,0.024884376674890518,89,1.0956636797406032e-05
2743,0.9883225560188293,0.011677443981170654,1.2768913507461548,0.02432958409190178,89,1.0956636797406032e-05
2744,0.9880821108818054,0.01191788911819458,1.2898908853530884,0.024697620421648026,89,1.0956636797406032e-05
2745,0.9880581498146057,0.011941850185394287,1.2813993692398071,0.02463642507791519,89,1.0956636797406032e-05
2746,0.988257646560669,0.011742353439331055,1.2922443151474,0.02454737201333046,89,1.0956636797406032e-05
2747,0.9881002902984619,0.011899709701538086,1.289107322692871,0.024671785533428192,89,1.0956636797406032e-05
2748,0.9882125854492188,0.01178741455078125,1.2724058628082275,0.02439359948039055,89,1.0956636797406032e-05
2749,0.9884193539619446,0.01158064603805542,1.2960247993469238,0.024425087496638298,89,1.0956636797406032e-05
2750,0.9881647825241089,0.011835217475891113,1.2671866416931152,0.02438873052597046,89,1.0956636797406032e-05
2751,0.988423228263855,0.01157677173614502,1.2745084762573242,0.024206086993217468,89,1.0956636797406032e-05
2752,0.9882815480232239,0.011718451976776123,1.261621117591858,0.024217478930950165,89,1.0956636797406032e-05
2753,0.9884323477745056,0.011567652225494385,1.2647292613983154,0.02409926801919937,89,1.0956636797406032e-05
2754,0.9883880019187927,0.011611998081207275,1.2688641548156738,0.024184519425034523,89,1.0956636797406032e-05
2755,0.9880549311637878,0.011945068836212158,1.2728458642959595,0.02455407753586769,89,1.0956636797406032e-05
2756,0.9884347319602966,0.01156526803970337,1.2811660766601562,0.02426127716898918,89,1.0956636797406032e-05
2757,0.9884631633758545,0.011536836624145508,1.2711330652236938,0.024132799357175827,89,1.0956636797406032e-05
2758,0.9883782267570496,0.01162177324295044,1.283595085144043,0.024341505020856857,89,1.0956636797406032e-05
2759,0.9883506894111633,0.01164931058883667,1.2790396213531494,0.02432321384549141,90,1.0408804957535729e-05
2760,0.9884432554244995,0.011556744575500488,1.2721911668777466,0.02416308969259262,90,1.0408804957535729e-05
2761,0.9879176020622253,0.012082397937774658,1.2766108512878418,0.024727681651711464,90,1.0408804957535729e-05
2762,0.9885136485099792,0.011486351490020752,1.2732086181640625,0.024103574454784393,90,1.0408804957535729e-05
2763,0.9885680079460144,0.011431992053985596,1.2688816785812378,0.024006489664316177,90,1.0408804957535729e-05
2764,0.9886482954025269,0.011351704597473145,1.267615556716919,0.023914342746138573,90,1.0408804957535729e-05
2765,0.9881604313850403,0.011839568614959717,1.2695417404174805,0.024416590109467506,90,1.0408804957535729e-05
2766,0.9882835745811462,0.01171642541885376,1.2970768213272095,0.024570029228925705,90,1.0408804957535729e-05
2767,0.9879022836685181,0.012097716331481934,1.2686876058578491,0.024663615971803665,90,1.0408804957535729e-05
2768,0.9881346225738525,0.011865377426147461,1.2736523151397705,0.024483246728777885,90,1.0408804957535729e-05
2769,0.9885378479957581,0.011462152004241943,1.2951724529266357,0.02429925464093685,90,1.0408804957535729e-05
2770,0.9882959127426147,0.011704087257385254,1.262665867805481,0.024213705211877823,90,1.0408804957535729e-05
2771,0.9881450533866882,0.011854946613311768,1.258855938911438,0.02432495728135109,90,1.0408804957535729e-05
2772,0.9880878329277039,0.011912167072296143,1.26780366897583,0.024471081793308258,90,1.0408804957535729e-05
2773,0.9880795478820801,0.011920452117919922,1.2776432037353516,0.024577679112553596,90,1.0408804957535729e-05
2774,0.9882208704948425,0.01177912950515747,1.2809855937957764,0.024471193552017212,90,1.0408804957535729e-05
2775,0.988309383392334,0.011690616607666016,1.2836716175079346,0.0244104266166687,90,1.0408804957535729e-05
2776,0.9878016710281372,0.012198328971862793,1.2718318700790405,0.02479466423392296,90,1.0408804957535729e-05
2777,0.9884799122810364,0.011520087718963623,1.28995943069458,0.024304481223225594,90,1.0408804957535729e-05
2778,0.9883286356925964,0.011671364307403564,1.2639566659927368,0.02419421821832657,90,1.0408804957535729e-05
2779,0.9879838228225708,0.0120161771774292,1.2783828973770142,0.024679843336343765,90,1.0408804957535729e-05
2780,0.9883897304534912,0.011610269546508789,1.2791686058044434,0.024285852909088135,90,1.0408804957535729e-05
2781,0.9881207346916199,0.011879265308380127,1.2819784879684448,0.024580257013440132,90,1.0408804957535729e-05
2782,0.9880551695823669,0.011944830417633057,1.2717190980911255,0.02454257383942604,90,1.0408804957535729e-05
2783,0.9881125092506409,0.01188749074935913,1.2774558067321777,0.024543173611164093,90,1.0408804957535729e-05
2784,0.9882027506828308,0.01179724931716919,1.2800787687301636,0.02448006346821785,90,1.0408804957535729e-05
2785,0.9879907965660095,0.012009203433990479,1.26893150806427,0.024578426033258438,90,1.0408804957535729e-05
2786,0.9881789088249207,0.011821091175079346,1.2776743173599243,0.02447962388396263,90,1.0408804957535729e-05
2787,0.9881335496902466,0.011866450309753418,1.2733936309814453,0.024481721222400665,90,1.0408804957535729e-05
2788,0.9887014627456665,0.011298537254333496,1.2689356803894043,0.023874908685684204,90,1.0408804957535729e-05
2789,0.9881269931793213,0.011873006820678711,1.2685612440109253,0.024439889937639236,90,1.0408804957535729e-05
2790,0.9882410168647766,0.011758983135223389,1.2713356018066406,0.02435474842786789,91,9.888364709658941e-06
2791,0.9882262945175171,0.01177370548248291,1.291574478149414,0.02457171306014061,91,9.888364709658941e-06
2792,0.9885163307189941,0.01148366928100586,1.2699689865112305,0.024068523198366165,91,9.888364709658941e-06
2793,0.9884611964225769,0.011538803577423096,1.2954998016357422,0.02437841333448887,91,9.888364709658941e-06
2794,0.987921416759491,0.012078583240509033,1.2619435787200928,0.02457723394036293,91,9.888364709658941e-06
2795,0.988150954246521,0.011849045753479004,1.2707270383834839,0.02443782612681389,91,9.888364709658941e-06
2796,0.9885874390602112,0.011412560939788818,1.2822296619415283,0.02412073314189911,91,9.888364709658941e-06
2797,0.9882277846336365,0.011772215366363525,1.2870192527770996,0.024524684995412827,91,9.888364709658941e-06
2798,0.9881974458694458,0.0118025541305542,1.2758808135986328,0.024443335831165314,91,9.888364709658941e-06
2799,0.9882065057754517,0.01179349422454834,1.2744128704071045,0.024419687688350677,91,9.888364709658941e-06
2800,0.9882357120513916,0.011764287948608398,1.2571985721588135,0.02421863004565239,91,9.888364709658941e-06
2801,0.9885751605033875,0.011424839496612549,1.2813395261764526,0.024123985320329666,91,9.888364709658941e-06
2802,0.9883812665939331,0.011618733406066895,1.2841949462890625,0.024344496428966522,91,9.888364709658941e-06
2803,0.9878171682357788,0.012182831764221191,1.2680020332336426,0.024741023778915405,91,9.888364709658941e-06
2804,0.9881856441497803,0.011814355850219727,1.2897796630859375,0.024594008922576904,91,9.888364709658941e-06
2805,0.9882644414901733,0.01173555850982666,1.2741389274597168,0.02435959130525589,91,9.888364709658941e-06
2806,0.988358736038208,0.011641263961791992,1.267608404159546,0.024200934916734695,91,9.888364709658941e-06
2807,0.9881758689880371,0.01182413101196289,1.2700570821762085,0.02440645918250084,91,9.888364709658941e-06
2808,0.9878346920013428,0.012165307998657227,1.2739735841751099,0.024783391505479813,91,9.888364709658941e-06
2809,0.9881014823913574,0.011898517608642578,1.264326572418213,0.024422798305749893,91,9.888364709658941e-06
2810,0.9883304834365845,0.011669516563415527,1.270139217376709,0.024254214018583298,91,9.888364709658941e-06
2811,0.9884578585624695,0.011542141437530518,1.290797472000122,0.02433469519019127,91,9.888364709658941e-06
2812,0.9882693886756897,0.011730611324310303,1.2668945789337158,0.024282250553369522,91,9.888364709658941e-06
2813,0.9881321787834167,0.011867821216583252,1.2852067947387695,0.02460120990872383,91,9.888364709658941e-06
2814,0.9879910349845886,0.012008965015411377,1.2696740627288818,0.02458561584353447,91,9.888364709658941e-06
2815,0.9877420663833618,0.012257933616638184,1.2747770547866821,0.024883124977350235,91,9.888364709658941e-06
2816,0.9884517788887024,0.011548221111297607,1.2617450952529907,0.024050189182162285,91,9.888364709658941e-06
2817,0.9880181550979614,0.011981844902038574,1.2744742631912231,0.024606768041849136,91,9.888364709658941e-06
2818,0.988328218460083,0.011671781539916992,1.2704414129257202,0.024259477853775024,91,9.888364709658941e-06
2819,0.9885221719741821,0.011477828025817871,1.275736689567566,0.02412041649222374,91,9.888364709658941e-06
2820,0.9886673092842102,0.011332690715789795,1.2676584720611572,0.023895949125289917,91,9.888364709658941e-06
2821,0.9887460470199585,0.011253952980041504,1.2917991876602173,0.02405940555036068,92,9.393946474175994e-06
2822,0.9880331158638,0.011966884136199951,1.288419246673584,0.024731408804655075,92,9.393946474175994e-06
2823,0.9879993796348572,0.012000620365142822,1.29058039188385,0.024786416441202164,92,9.393946474175994e-06
2824,0.9882403016090393,0.011759698390960693,1.279585838317871,0.024437960237264633,92,9.393946474175994e-06
2825,0.9884159564971924,0.011584043502807617,1.2671986818313599,0.024140190333127975,92,9.393946474175994e-06
2826,0.9882458448410034,0.011754155158996582,1.2774498462677002,0.024411112070083618,92,9.393946474175994e-06
2827,0.9881435632705688,0.011856436729431152,1.2759469747543335,0.024497341364622116,92,9.393946474175994e-06
2828,0.9883419275283813,0.011658072471618652,1.2755268812179565,0.02429676055908203,92,9.393946474175994e-06
2829,0.9884869456291199,0.011513054370880127,1.290061354637146,0.024298537522554398,92,9.393946474175994e-06
2830,0.9880750179290771,0.011924982070922852,1.2684394121170044,0.024490125477313995,92,9.393946474175994e-06
2831,0.9886386394500732,0.011361360549926758,1.2792903184890747,0.024040650576353073,92,9.393946474175994e-06
2832,0.9880053997039795,0.011994600296020508,1.2594943046569824,0.02446959726512432,92,9.393946474175994e-06
2833,0.9883017539978027,0.011698246002197266,1.2677781581878662,0.024259045720100403,92,9.393946474175994e-06
2834,0.9877907037734985,0.012209296226501465,1.273292064666748,0.024820122867822647,92,9.393946474175994e-06
2835,0.9884808659553528,0.011519134044647217,1.270635724067688,0.024110298603773117,92,9.393946474175994e-06
2836,0.9880624413490295,0.011937558650970459,1.2779377698898315,0.024597560986876488,92,9.393946474175994e-06
2837,0.9881178736686707,0.011882126331329346,1.2731024026870728,0.02449432946741581,92,9.393946474175994e-06
2838,0.9882205724716187,0.011779427528381348,1.2664992809295654,0.0243266262114048,92,9.393946474175994e-06
2839,0.9883607625961304,0.011639237403869629,1.274517297744751,0.02426801808178425,92,9.393946474175994e-06
2840,0.9883357286453247,0.011664271354675293,1.2741667032241821,0.024289295077323914,92,9.393946474175994e-06
2841,0.9881722331047058,0.01182776689529419,1.2658185958862305,0.024367675185203552,92,9.393946474175994e-06
2842,0.988050103187561,0.011949896812438965,1.2722786664962769,0.02455318346619606,92,9.393946474175994e-06
2843,0.9881178736686707,0.011882126331329346,1.2625923156738281,0.024389227852225304,92,9.393946474175994e-06
2844,0.9883471131324768,0.011652886867523193,1.275063395500183,0.024286992847919464,92,9.393946474175994e-06
2845,0.9880347847938538,0.01196521520614624,1.276611328125,0.02461167611181736,92,9.393946474175994e-06
2846,0.9881826639175415,0.011817336082458496,1.2940247058868408,0.02463940903544426,92,9.393946474175994e-06
2847,0.9887698888778687,0.011230111122131348,1.268794059753418,0.023805750533938408,92,9.393946474175994e-06
2848,0.9885597825050354,0.0114402174949646,1.2655978202819824,0.023981794714927673,92,9.393946474175994e-06
2849,0.987902045249939,0.012097954750061035,1.2732106447219849,0.024709081277251244,92,9.393946474175994e-06
2850,0.9883244037628174,0.011675596237182617,1.2651156187057495,0.024209994822740555,92,9.393946474175994e-06
2851,0.9880810379981995,0.011918962001800537,1.2767753601074219,0.02456752583384514,92,9.393946474175994e-06
2852,0.9880537390708923,0.011946260929107666,1.2752412557601929,0.024579210206866264,93,8.924249150467194e-06
2853,0.9883716106414795,0.011628389358520508,1.2673031091690063,0.02418513596057892,93,8.924249150467194e-06
2854,0.9883783459663391,0.011621654033660889,1.257439136505127,0.024079829454421997,93,8.924249150467194e-06
2855,0.9881662130355835,0.011833786964416504,1.280949592590332,0.02452494576573372,93,8.924249150467194e-06
2856,0.9881306886672974,0.011869311332702637,1.2774176597595215,0.024524793028831482,93,8.924249150467194e-06
2857,0.9882476925849915,0.011752307415008545,1.2947137355804443,0.024581922218203545,93,8.924249150467194e-06
2858,0.988342821598053,0.011657178401947021,1.2735655307769775,0.024276260286569595,93,8.924249150467194e-06
2859,0.9880420565605164,0.011957943439483643,1.2691810131072998,0.02453017421066761,93,8.924249150467194e-06
2860,0.9880245327949524,0.011975467205047607,1.2692400217056274,0.024548113346099854,93,8.924249150467194e-06
2861,0.9885113835334778,0.011488616466522217,1.263741374015808,0.024011142551898956,93,8.924249150467194e-06
2862,0.9881448745727539,0.011855125427246094,1.2667512893676758,0.02440408617258072,93,8.924249150467194e-06
2863,0.9881248474121094,0.011875152587890625,1.2743619680404663,0.02450001984834671,93,8.924249150467194e-06
2864,0.9882095456123352,0.011790454387664795,1.2760906219482422,0.024433456361293793,93,8.924249150467194e-06
2865,0.9883781671524048,0.011621832847595215,1.2620514631271362,0.02412612922489643,93,8.924249150467194e-06
2866,0.988476574420929,0.011523425579071045,1.274566650390625,0.024153858423233032,93,8.924249150467194e-06
2867,0.9884470701217651,0.011552929878234863,1.2956998348236084,0.02439439855515957,93,8.924249150467194e-06
2868,0.9879891872406006,0.012010812759399414,1.3002305030822754,0.024893008172512054,93,8.924249150467194e-06
2869,0.9881346821784973,0.011865317821502686,1.2781074047088623,0.024527737870812416,93,8.924249150467194e-06
2870,0.9882081151008606,0.011791884899139404,1.2703732252120972,0.024377698078751564,93,8.924249150467194e-06
2871,0.9882467985153198,0.011753201484680176,1.2856414318084717,0.024492083117365837,93,8.924249150467194e-06
2872,0.988334059715271,0.011665940284729004,1.264423131942749,0.02419351227581501,93,8.924249150467194e-06
2873,0.9882587194442749,0.011741280555725098,1.2734686136245728,0.024358553811907768,93,8.924249150467194e-06
2874,0.9883583188056946,0.01164168119430542,1.2657102346420288,0.02418236806988716,93,8.924249150467194e-06
2875,0.9885898232460022,0.011410176753997803,1.2832529544830322,0.02412860468029976,93,8.924249150467194e-06
2876,0.9881427884101868,0.011857211589813232,1.2820303440093994,0.024558942764997482,93,8.924249150467194e-06
2877,0.9882519245147705,0.011748075485229492,1.2779030799865723,0.024409625679254532,93,8.924249150467194e-06
2878,0.9880749583244324,0.011925041675567627,1.2770256996154785,0.02457604929804802,93,8.924249150467194e-06
2879,0.9882535934448242,0.011746406555175781,1.2663257122039795,0.024292198941111565,93,8.924249150467194e-06
2880,0.9883778691291809,0.011622130870819092,1.2655588388442993,0.02416149713099003,93,8.924249150467194e-06
2881,0.988373339176178,0.011626660823822021,1.2689732313156128,0.02420012652873993,93,8.924249150467194e-06
2882,0.988213837146759,0.011786162853240967,1.2713292837142944,0.024381592869758606,93,8.924249150467194e-06
2883,0.9881417155265808,0.01185828447341919,1.257643461227417,0.02431613579392433,94,8.478036692943835e-06
2884,0.9879024028778076,0.012097597122192383,1.2757225036621094,0.02473384514451027,94,8.478036692943835e-06
2885,0.9885091185569763,0.011490881443023682,1.2840631008148193,0.024216603487730026,94,8.478036692943835e-06
2886,0.988411009311676,0.011588990688323975,1.26900053024292,0.024163104593753815,94,8.478036692943835e-06
2887,0.9882335066795349,0.011766493320465088,1.2698103189468384,0.024346930906176567,94,8.478036692943835e-06
2888,0.9877516627311707,0.012248337268829346,1.2764054536819458,0.024889908730983734,94,8.478036692943835e-06
2889,0.988503634929657,0.011496365070343018,1.2737476825714111,0.024118877947330475,94,8.478036692943835e-06
2890,0.9883248805999756,0.011675119400024414,1.2764793634414673,0.02432316169142723,94,8.478036692943835e-06
2891,0.9882128834724426,0.011787116527557373,1.2885209321975708,0.024554453790187836,94,8.478036692943835e-06
2892,0.9879876375198364,0.012012362480163574,1.2619521617889404,0.024511760100722313,94,8.478036692943835e-06
2893,0.9881409406661987,0.01185905933380127,1.2912217378616333,0.024652685970067978,94,8.478036692943835e-06
2894,0.988214910030365,0.01178508996963501,1.274410367012024,0.024411343038082123,94,8.478036692943835e-06
2895,0.9886683225631714,0.011331677436828613,1.2738697528839111,0.023957058787345886,94,8.478036692943835e-06
2896,0.988152801990509,0.011847198009490967,1.2795990705490112,0.024524716660380363,94,8.478036692943835e-06
2897,0.9884101748466492,0.01158982515335083,1.2809946537017822,0.024283872917294502,94,8.478036692943835e-06
2898,0.9886360764503479,0.0113639235496521,1.272661805152893,0.023976903408765793,94,8.478036692943835e-06
2899,0.9882283210754395,0.011771678924560547,1.2751628160476685,0.024405591189861298,94,8.478036692943835e-06
2900,0.988319993019104,0.011680006980895996,1.2716840505599976,0.024280047044157982,94,8.478036692943835e-06
2901,0.9883140325546265,0.011685967445373535,1.2694305181503296,0.0242634117603302,94,8.478036692943835e-06
2902,0.9882174134254456,0.011782586574554443,1.2680456638336182,0.024345217272639275,94,8.478036692943835e-06
2903,0.9877385497093201,0.012261450290679932,1.269254207611084,0.0248313769698143,94,8.478036692943835e-06
2904,0.9884672164916992,0.011532783508300781,1.257306694984436,0.02399052307009697,94,8.478036692943835e-06
2905,0.988446056842804,0.011553943157196045,1.2815676927566528,0.024254079908132553,94,8.478036692943835e-06
2906,0.9880095720291138,0.01199042797088623,1.274872064590454,0.024619244039058685,94,8.478036692943835e-06
2907,0.9884046912193298,0.011595308780670166,1.276023030281067,0.024239584803581238,94,8.478036692943835e-06
2908,0.987998902797699,0.012001097202301025,1.2803854942321777,0.02468493953347206,94,8.478036692943835e-06
2909,0.98818439245224,0.01181560754776001,1.27877938747406,0.02448524534702301,94,8.478036692943835e-06
2910,0.9884000420570374,0.011599957942962646,1.260941743850708,0.024093376472592354,94,8.478036692943835e-06
2911,0.9881210327148438,0.01187896728515625,1.2867538928985596,0.024627715349197388,94,8.478036692943835e-06
2912,0.988267183303833,0.011732816696166992,1.270415186882019,0.024319641292095184,94,8.478036692943835e-06
2913,0.9887454509735107,0.011254549026489258,1.2863134145736694,0.024005137383937836,94,8.478036692943835e-06
2914,0.9880956411361694,0.011904358863830566,1.266343355178833,0.02444874867796898,95,8.054134858296643e-06
2915,0.9881747364997864,0.011825263500213623,1.2877296209335327,0.02458430640399456,95,8.054134858296643e-06
2916,0.9883463978767395,0.011653602123260498,1.2895580530166626,0.024432647973299026,95,8.054134858296643e-06
2917,0.9886756539344788,0.01132434606552124,1.2746158838272095,0.023957261815667152,95,8.054134858296643e-06
2918,0.9882016777992249,0.011798322200775146,1.27715003490448,0.024451840668916702,95,8.054134858296643e-06
2919,0.9883639812469482,0.011636018753051758,1.2619706392288208,0.024139363318681717,95,8.054134858296643e-06
2920,0.9880542159080505,0.011945784091949463,1.2749191522598267,0.02457551658153534,95,8.054134858296643e-06
2921,0.9882616996765137,0.011738300323486328,1.2705739736557007,0.024326656013727188,95,8.054134858296643e-06
2922,0.9878723621368408,0.01212763786315918,1.2588045597076416,0.02459440752863884,95,8.054134858296643e-06
2923,0.9879252910614014,0.012074708938598633,1.2761082649230957,0.024715043604373932,95,8.054134858296643e-06
2924,0.9878533482551575,0.01214665174484253,1.2893486022949219,0.02491867169737816,95,8.054134858296643e-06
2925,0.98824143409729,0.011758565902709961,1.2656883001327515,0.024297863245010376,95,8.054134858296643e-06
2926,0.9882108569145203,0.011789143085479736,1.2646305561065674,0.024317556992173195,95,8.054134858296643e-06
2927,0.9885309338569641,0.011469066143035889,1.2742899656295776,0.024097274988889694,95,8.054134858296643e-06
2928,0.9885615110397339,0.011438488960266113,1.2639696598052979,0.023963801562786102,95,8.054134858296643e-06
2929,0.9882107377052307,0.011789262294769287,1.284780740737915,0.02451917715370655,95,8.054134858296643e-06
2930,0.9883769750595093,0.011623024940490723,1.2722641229629517,0.024229437112808228,95,8.054134858296643e-06
2931,0.9886637330055237,0.011336266994476318,1.261273980140686,0.023835644125938416,95,8.054134858296643e-06
2932,0.9881981015205383,0.01180189847946167,1.2784271240234375,0.02446814998984337,95,8.054134858296643e-06
2933,0.9882844686508179,0.011715531349182129,1.2847424745559692,0.024445801973342896,95,8.054134858296643e-06
2934,0.9880324006080627,0.011967599391937256,1.272579550743103,0.02457371912896633,95,8.054134858296643e-06
2935,0.9879153370857239,0.012084662914276123,1.2676142454147339,0.024639958515763283,95,8.054134858296643e-06
2936,0.9885913133621216,0.011408686637878418,1.277023196220398,0.02406483143568039,95,8.054134858296643e-06
2937,0.9880977869033813,0.011902213096618652,1.2851006984710693,0.02463419735431671,95,8.054134858296643e-06
2938,0.9883843660354614,0.011615633964538574,1.281186580657959,0.02431134320795536,95,8.054134858296643e-06
2939,0.9882214665412903,0.011778533458709717,1.2685000896453857,0.024345748126506805,95,8.054134858296643e-06
2940,0.9882835149765015,0.011716485023498535,1.2806047201156616,0.02440536767244339,95,8.054134858296643e-06
2941,0.9881638884544373,0.011836111545562744,1.2667198181152344,0.02438494935631752,95,8.054134858296643e-06
2942,0.9884546995162964,0.011545300483703613,1.2829402685165405,0.024259250611066818,95,8.054134858296643e-06
2943,0.9885067343711853,0.011493265628814697,1.2690174579620361,0.02406850829720497,95,8.054134858296643e-06
2944,0.9883509278297424,0.011649072170257568,1.2736709117889404,0.024269290268421173,95,8.054134858296643e-06
2945,0.9884751439094543,0.011524856090545654,1.266379952430725,0.02407340705394745,96,7.65142811538181e-06
2946,0.9880145788192749,0.011985421180725098,1.2926329374313354,0.0247918963432312,96,7.65142811538181e-06
2947,0.9886087775230408,0.011391222476959229,1.2637699842453003,0.023915011435747147,96,7.65142811538181e-06
2948,0.9884383678436279,0.01156163215637207,1.292688012123108,0.024372896179556847,96,7.65142811538181e-06
2949,0.9884659051895142,0.01153409481048584,1.2678637504577637,0.024097390472888947,96,7.65142811538181e-06
2950,0.988123893737793,0.011876106262207031,1.270291805267334,0.024460263550281525,96,7.65142811538181e-06
2951,0.9877858757972717,0.012214124202728271,1.2722342014312744,0.02481432445347309,96,7.65142811538181e-06
2952,0.9880999326705933,0.011900067329406738,1.2804429531097412,0.02458549663424492,96,7.65142811538181e-06
2953,0.988279402256012,0.011720597743988037,1.2600845098495483,0.024204235523939133,96,7.65142811538181e-06
2954,0.9881932735443115,0.011806726455688477,1.2697042226791382,0.02438570186495781,96,7.65142811538181e-06
2955,0.9881928563117981,0.011807143688201904,1.279944896697998,0.02448851987719536,96,7.65142811538181e-06
2956,0.9882438778877258,0.01175612211227417,1.263918399810791,0.024277744814753532,96,7.65142811538181e-06
2957,0.9885104298591614,0.011489570140838623,1.2625958919525146,0.024000633507966995,96,7.65142811538181e-06
2958,0.9881110787391663,0.01188892126083374,1.2742152214050293,0.02451218292117119,96,7.65142811538181e-06
2959,0.987966775894165,0.012033224105834961,1.2813925743103027,0.02472681738436222,96,7.65142811538181e-06
2960,0.9880698323249817,0.01193016767501831,1.2737910747528076,0.02454877644777298,96,7.65142811538181e-06
2961,0.9880484938621521,0.0119515061378479,1.2892892360687256,0.02472488209605217,96,7.65142811538181e-06
2962,0.9882434010505676,0.011756598949432373,1.2700446844100952,0.024339480325579643,96,7.65142811538181e-06
2963,0.9885948300361633,0.01140516996383667,1.2735917568206787,0.024027034640312195,96,7.65142811538181e-06
2964,0.988206148147583,0.011793851852416992,1.2731273174285889,0.02440718561410904,96,7.65142811538181e-06
2965,0.9881895184516907,0.011810481548309326,1.2596074342727661,0.024288451299071312,96,7.65142811538181e-06
2966,0.9882503747940063,0.011749625205993652,1.287355661392212,0.02450568601489067,96,7.65142811538181e-06
2967,0.9880681037902832,0.011931896209716797,1.2764434814453125,0.024577010422945023,96,7.65142811538181e-06
2968,0.9883008599281311,0.011699140071868896,1.2906959056854248,0.024489108473062515,96,7.65142811538181e-06
2969,0.988532304763794,0.011467695236206055,1.2627735137939453,0.023980753496289253,96,7.65142811538181e-06
2970,0.988233745098114,0.011766254901885986,1.2768049240112305,0.024416640400886536,96,7.65142811538181e-06
2971,0.9885313510894775,0.011468648910522461,1.2734217643737793,0.024088179692626,96,7.65142811538181e-06
2972,0.9883850812911987,0.01161491870880127,1.2847764492034912,0.02434653416275978,96,7.65142811538181e-06
2973,0.9881219863891602,0.011878013610839844,1.2562122344970703,0.024321354925632477,96,7.65142811538181e-06
2974,0.9885510802268982,0.011448919773101807,1.2715846300125122,0.0240502767264843,96,7.65142811538181e-06
2975,0.9882751703262329,0.01172482967376709,1.2778825759887695,0.02438640594482422,96,7.65142811538181e-06
2976,0.9883134961128235,0.011686503887176514,1.2630400657653809,0.024200038984417915,97,7.26885670961272e-06
2977,0.9883381128311157,0.011661887168884277,1.2712243795394897,0.024257512763142586,97,7.26885670961272e-06
2978,0.9884538054466248,0.011546194553375244,1.2967454195022583,0.024398187175393105,97,7.26885670961272e-06
2979,0.9879304766654968,0.012069523334503174,1.2658201456069946,0.02460702881217003,97,7.26885670961272e-06
2980,0.9882224202156067,0.01177757978439331,1.2795023918151855,0.02445482835173607,97,7.26885670961272e-06
2981,0.9881430268287659,0.01185697317123413,1.2624595165252686,0.024362999945878983,97,7.26885670961272e-06
2982,0.9886355996131897,0.011364400386810303,1.2745957374572754,0.023996714502573013,97,7.26885670961272e-06
2983,0.9885212182998657,0.011478781700134277,1.2689473628997803,0.02405346743762493,97,7.26885670961272e-06
2984,0.988328754901886,0.011671245098114014,1.2789812088012695,0.024344343692064285,97,7.26885670961272e-06
2985,0.9884195923805237,0.011580407619476318,1.2801101207733154,0.024265702813863754,97,7.26885670961272e-06
2986,0.9880660176277161,0.011933982372283936,1.2705305814743042,0.024519948288798332,97,7.26885670961272e-06
2987,0.988158106803894,0.011841893196105957,1.2851420640945435,0.024574894458055496,97,7.26885670961272e-06
2988,0.9882121086120605,0.011787891387939453,1.2859275341033936,0.024529287591576576,97,7.26885670961272e-06
2989,0.9884778261184692,0.011522173881530762,1.2691519260406494,0.0240984708070755,97,7.26885670961272e-06
2990,0.9882043600082397,0.011795639991760254,1.277071237564087,0.024448394775390625,97,7.26885670961272e-06
2991,0.9879720211029053,0.012027978897094727,1.2834749221801758,0.024742448702454567,97,7.26885670961272e-06
2992,0.988499641418457,0.011500358581542969,1.2776541709899902,0.024161897599697113,97,7.26885670961272e-06
2993,0.988000214099884,0.011999785900115967,1.271842360496521,0.02459821105003357,97,7.26885670961272e-06
2994,0.9880662560462952,0.011933743953704834,1.2720177173614502,0.02453458309173584,97,7.26885670961272e-06
2995,0.9880608320236206,0.011939167976379395,1.267515778541565,0.02449493482708931,97,7.26885670961272e-06
2996,0.9883465766906738,0.011653423309326172,1.275041103363037,0.024287298321723938,97,7.26885670961272e-06
2997,0.9885124564170837,0.01148754358291626,1.263347864151001,0.02400614693760872,97,7.26885670961272e-06
2998,0.9879617094993591,0.01203829050064087,1.2728397846221924,0.024646304547786713,97,7.26885670961272e-06
2999,0.9884729981422424,0.011527001857757568,1.2814981937408447,0.024226713925600052,97,7.26885670961272e-06
3000,0.9884511232376099,0.011548876762390137,1.2665059566497803,0.02409844845533371,97,7.26885670961272e-06
3001,0.9880580306053162,0.011941969394683838,1.2768224477767944,0.02459077350795269,97,7.26885670961272e-06
3002,0.988368034362793,0.011631965637207031,1.2639511823654175,0.024155158549547195,97,7.26885670961272e-06
3003,0.9884084463119507,0.011591553688049316,1.2614943981170654,0.024090582504868507,97,7.26885670961272e-06
3004,0.9883318543434143,0.011668145656585693,1.2751131057739258,0.024302594363689423,97,7.26885670961272e-06
3005,0.988287091255188,0.011712908744812012,1.2812339067459106,0.024408118799328804,97,7.26885670961272e-06
3006,0.9881429672241211,0.011857032775878906,1.2719172239303589,0.02445763349533081,97,7.26885670961272e-06
3007,0.9882219433784485,0.011778056621551514,1.2746437788009644,0.024406712502241135,98,6.905413874132084e-06
3008,0.9884018301963806,0.011598169803619385,1.267951250076294,0.024161700159311295,98,6.905413874132084e-06
3009,0.9882718920707703,0.011728107929229736,1.2750072479248047,0.02436089888215065,98,6.905413874132084e-06
3010,0.9885386228561401,0.011461377143859863,1.2775288820266724,0.024122051894664764,98,6.905413874132084e-06
3011,0.9881191849708557,0.011880815029144287,1.2773301601409912,0.02453530952334404,98,6.905413874132084e-06
3012,0.9882248640060425,0.01177513599395752,1.2805743217468262,0.024463128298521042,98,6.905413874132084e-06
3013,0.9883064031600952,0.011693596839904785,1.273794412612915,0.024314604699611664,98,6.905413874132084e-06
3014,0.9881629347801208,0.01183706521987915,1.2642532587051392,0.024361226707696915,98,6.905413874132084e-06
3015,0.9882439970970154,0.01175600290298462,1.2797359228134155,0.024435803294181824,98,6.905413874132084e-06
3016,0.9881114959716797,0.011888504028320312,1.2748963832855225,0.024518582969903946,98,6.905413874132084e-06
3017,0.9885237812995911,0.011476218700408936,1.2717678546905518,0.024079134687781334,98,6.905413874132084e-06
3018,0.9881585836410522,0.011841416358947754,1.2659415006637573,0.024382416158914566,98,6.905413874132084e-06
3019,0.9886568188667297,0.011343181133270264,1.275866985321045,0.02398841828107834,98,6.905413874132084e-06
3020,0.9879493713378906,0.012050628662109375,1.2891703844070435,0.024821825325489044,98,6.905413874132084e-06
3021,0.9883274435997009,0.011672556400299072,1.2760761976242065,0.024316594004631042,98,6.905413874132084e-06
3022,0.9882137775421143,0.011786222457885742,1.278540849685669,0.024453770369291306,98,6.905413874132084e-06
3023,0.9882189035415649,0.011781096458435059,1.2666336297988892,0.024329621344804764,98,6.905413874132084e-06
3024,0.9885683059692383,0.011431694030761719,1.2627180814743042,0.023944556713104248,98,6.905413874132084e-06
3025,0.9880928993225098,0.011907100677490234,1.2908103466033936,0.02469613403081894,98,6.905413874132084e-06
3026,0.9882748126983643,0.011725187301635742,1.268923282623291,0.024297168478369713,98,6.905413874132084e-06
3027,0.9880282878875732,0.011971712112426758,1.2703288793563843,0.024555284529924393,98,6.905413874132084e-06
3028,0.9881561398506165,0.011843860149383545,1.2618657350540161,0.024344079196453094,98,6.905413874132084e-06
3029,0.9887776970863342,0.011222302913665771,1.2721803188323975,0.023831883445382118,98,6.905413874132084e-06
3030,0.9879727363586426,0.012027263641357422,1.280224084854126,0.02470923215150833,98,6.905413874132084e-06
3031,0.9878207445144653,0.012179255485534668,1.277486801147461,0.024832330644130707,98,6.905413874132084e-06
3032,0.9885667562484741,0.011433243751525879,1.2705574035644531,0.024024486541748047,98,6.905413874132084e-06
3033,0.9883104562759399,0.011689543724060059,1.2708224058151245,0.02428087219595909,98,6.905413874132084e-06
3034,0.9881500601768494,0.011849939823150635,1.2768412828445435,0.02449985221028328,98,6.905413874132084e-06
3035,0.9883948564529419,0.011605143547058105,1.289183259010315,0.02438092604279518,98,6.905413874132084e-06
3036,0.9881715178489685,0.011828482151031494,1.2612868547439575,0.02432306483387947,98,6.905413874132084e-06
3037,0.9887117743492126,0.011288225650787354,1.263217568397522,0.023807518184185028,98,6.905413874132084e-06
3038,0.9884378910064697,0.011562108993530273,1.265916347503662,0.024105651304125786,99,6.5601431804254795e-06
3039,0.9880914092063904,0.01190859079360962,1.2660177946090698,0.024449683725833893,99,6.5601431804254795e-06
3040,0.9880756735801697,0.011924326419830322,1.2770390510559082,0.024575473740696907,99,6.5601431804254795e-06
3041,0.988372802734375,0.011627197265625,1.2692526578903198,0.024203451350331306,99,6.5601431804254795e-06
3042,0.9878090620040894,0.012190937995910645,1.276818037033081,0.024837208911776543,99,6.5601431804254795e-06
3043,0.988772988319397,0.011227011680603027,1.262381672859192,0.0237385593354702,99,6.5601431804254795e-06
3044,0.9882187247276306,0.011781275272369385,1.2533303499221802,0.024196766316890717,99,6.5601431804254795e-06
3045,0.988491415977478,0.011508584022521973,1.2814141511917114,0.024207640439271927,99,6.5601431804254795e-06
3046,0.9880561232566833,0.01194387674331665,1.2695882320404053,0.02452032081782818,99,6.5601431804254795e-06
3047,0.987962543964386,0.012037456035614014,1.2745951414108276,0.024663032963871956,99,6.5601431804254795e-06
3048,0.9880866408348083,0.01191335916519165,1.275820255279541,0.024552427232265472,99,6.5601431804254795e-06
3049,0.9884554147720337,0.011544585227966309,1.2692081928253174,0.024121221154928207,99,6.5601431804254795e-06
3050,0.9882832169532776,0.011716783046722412,1.2720656394958496,0.024320270866155624,99,6.5601431804254795e-06
3051,0.988282322883606,0.011717677116394043,1.2878280878067017,0.02447878196835518,99,6.5601431804254795e-06
3052,0.9881845712661743,0.011815428733825684,1.2908847332000732,0.024606121703982353,99,6.5601431804254795e-06
3053,0.9882085919380188,0.011791408061981201,1.2771079540252686,0.024444572627544403,99,6.5601431804254795e-06
3054,0.9882102608680725,0.01178973913192749,1.2792383432388306,0.02446422539651394,99,6.5601431804254795e-06
3055,0.9882763624191284,0.011723637580871582,1.277367353439331,0.024380074813961983,99,6.5601431804254795e-06
3056,0.9882914423942566,0.011708557605743408,1.2781729698181152,0.02437319979071617,99,6.5601431804254795e-06
3057,0.9880444407463074,0.011955559253692627,1.263757586479187,0.024473577737808228,99,6.5601431804254795e-06
3058,0.9877026677131653,0.012297332286834717,1.2658337354660034,0.024832695722579956,99,6.5601431804254795e-06
3059,0.9885284900665283,0.01147150993347168,1.2727409601211548,0.02408420480787754,99,6.5601431804254795e-06
3060,0.9885236620903015,0.011476337909698486,1.2671723365783691,0.02403329685330391,99,6.5601431804254795e-06
3061,0.9885740280151367,0.011425971984863281,1.2674839496612549,0.02398655191063881,99,6.5601431804254795e-06
3062,0.9880355000495911,0.011964499950408936,1.2745312452316284,0.02459016814827919,99,6.5601431804254795e-06
3063,0.9886528253555298,0.011347174644470215,1.2822377681732178,0.024056080728769302,99,6.5601431804254795e-06
3064,0.9887487292289734,0.011251270771026611,1.2899495363235474,0.024038253352046013,99,6.5601431804254795e-06
3065,0.988189697265625,0.011810302734375,1.261324405670166,0.024305444210767746,99,6.5601431804254795e-06
3066,0.9882286190986633,0.01177138090133667,1.2820942401885986,0.0244746096432209,99,6.5601431804254795e-06
3067,0.9883072972297668,0.011692702770233154,1.2828444242477417,0.024404220283031464,99,6.5601431804254795e-06
3068,0.9885175228118896,0.011482477188110352,1.2650634050369263,0.024018287658691406,99,6.5601431804254795e-06
3069,0.9880244135856628,0.011975586414337158,1.2600871324539185,0.024456702172756195,100,6.232136021404205e-06
3070,0.988699734210968,0.011300265789031982,1.2612929344177246,0.023800190538167953,100,6.232136021404205e-06
3071,0.9885265231132507,0.011473476886749268,1.2666666507720947,0.024025408551096916,100,6.232136021404205e-06
3072,0.9884926080703735,0.011507391929626465,1.284340262413025,0.024235719814896584,100,6.232136021404205e-06
3073,0.9882714748382568,0.011728525161743164,1.275928258895874,0.024370521306991577,100,6.232136021404205e-06
3074,0.9884145259857178,0.011585474014282227,1.2611684799194336,0.024081304669380188,100,6.232136021404205e-06
3075,0.9881458878517151,0.011854112148284912,1.2742645740509033,0.024478215724229813,100,6.232136021404205e-06
3076,0.9882512092590332,0.011748790740966797,1.2748273611068726,0.02437957562506199,100,6.232136021404205e-06
3077,0.9884973168373108,0.011502683162689209,1.2755968570709229,0.024143625050783157,100,6.232136021404205e-06
3078,0.9885936379432678,0.011406362056732178,1.2814232110977173,0.024106530472636223,100,6.232136021404205e-06
3079,0.988274097442627,0.011725902557373047,1.275429606437683,0.024362940341234207,100,6.232136021404205e-06
3080,0.9882608652114868,0.011739134788513184,1.2627419233322144,0.024249162524938583,100,6.232136021404205e-06
3081,0.9882760047912598,0.011723995208740234,1.2587590217590332,0.024194344878196716,100,6.232136021404205e-06
3082,0.9879891872406006,0.012010812759399414,1.2784963846206665,0.02467566728591919,100,6.232136021404205e-06
3083,0.9879426956176758,0.012057304382324219,1.2718262672424316,0.024654993787407875,100,6.232136021404205e-06
3084,0.9885478019714355,0.011452198028564453,1.2727733850479126,0.02406540885567665,100,6.232136021404205e-06
3085,0.988365650177002,0.011634349822998047,1.2692327499389648,0.024210333824157715,100,6.232136021404205e-06
3086,0.9882457852363586,0.011754214763641357,1.2833914756774902,0.024470586329698563,100,6.232136021404205e-06
3087,0.9880464673042297,0.011953532695770264,1.2690024375915527,0.0245240218937397,100,6.232136021404205e-06
3088,0.9884082674980164,0.011591732501983643,1.2913497686386108,0.02438931167125702,100,6.232136021404205e-06
3089,0.9882255792617798,0.011774420738220215,1.2911039590835571,0.02456771582365036,100,6.232136021404205e-06
3090,0.9884886145591736,0.011511385440826416,1.2625820636749268,0.024022091180086136,100,6.232136021404205e-06
3091,0.9882160425186157,0.011783957481384277,1.277972936630249,0.024445846676826477,100,6.232136021404205e-06
3092,0.9879733920097351,0.012026607990264893,1.2681125402450562,0.024587467312812805,100,6.232136021404205e-06
3093,0.9881765246391296,0.011823475360870361,1.2798848152160645,0.02450408786535263,100,6.232136021404205e-06
3094,0.9881860613822937,0.011813938617706299,1.2611310482025146,0.02430710941553116,100,6.232136021404205e-06
3095,0.9882478713989258,0.011752128601074219,1.2913316488265991,0.024547923356294632,100,6.232136021404205e-06
3096,0.9882524013519287,0.011747598648071289,1.2697832584381104,0.02432795614004135,100,6.232136021404205e-06
3097,0.9882511496543884,0.011748850345611572,1.279657244682312,0.024427935481071472,100,6.232136021404205e-06
3098,0.9883017539978027,0.011698246002197266,1.271682620048523,0.024298090487718582,100,6.232136021404205e-06
3099,0.9881786108016968,0.011821389198303223,1.274520993232727,0.02444838546216488,100,6.232136021404205e-06
3100,0.9882761836051941,0.011723816394805908,1.2832608222961426,0.024439185857772827,101,5.920529220333994e-06
3101,0.9882901310920715,0.011709868907928467,1.2934538125991821,0.024527307599782944,101,5.920529220333994e-06
3102,0.9889403581619263,0.01105964183807373,1.2760775089263916,0.023709820583462715,101,5.920529220333994e-06
3103,0.9880889654159546,0.01191103458404541,1.2641489505767822,0.02443341352045536,101,5.920529220333994e-06
3104,0.9883164167404175,0.01168358325958252,1.2858405113220215,0.02442515268921852,101,5.920529220333994e-06
3105,0.9886369705200195,0.011363029479980469,1.2740066051483154,0.023989465087652206,101,5.920529220333994e-06
3106,0.9885674118995667,0.01143258810043335,1.2714009284973145,0.024032272398471832,101,5.920529220333994e-06
3107,0.9885230660438538,0.01147693395614624,1.257529616355896,0.023937460035085678,101,5.920529220333994e-06
3108,0.9877759218215942,0.012224078178405762,1.2639713287353516,0.02474154904484749,101,5.920529220333994e-06
3109,0.9884539842605591,0.011546015739440918,1.267541527748108,0.024105969816446304,101,5.920529220333994e-06
3110,0.9883559346199036,0.011644065380096436,1.2628661394119263,0.02415628731250763,101,5.920529220333994e-06
3111,0.9881770610809326,0.011822938919067383,1.2892414331436157,0.02459712326526642,101,5.920529220333994e-06
3112,0.988174557685852,0.01182544231414795,1.2634836435317993,0.024342022836208344,101,5.920529220333994e-06
3113,0.9880515336990356,0.011948466300964355,1.281204104423523,0.024641022086143494,101,5.920529220333994e-06
3114,0.9884301424026489,0.011569857597351074,1.2690123319625854,0.024144282564520836,101,5.920529220333994e-06
3115,0.9881623387336731,0.011837661266326904,1.27018404006958,0.024421125650405884,101,5.920529220333994e-06
3116,0.9884059429168701,0.011594057083129883,1.2855838537216187,0.024333953857421875,101,5.920529220333994e-06
3117,0.9886986017227173,0.011301398277282715,1.2759010791778564,0.023947395384311676,101,5.920529220333994e-06
3118,0.9883146286010742,0.011685371398925781,1.2786370515823364,0.024354886263608932,101,5.920529220333994e-06
3119,0.9877175092697144,0.012282490730285645,1.2670069932937622,0.024829735979437828,101,5.920529220333994e-06
3120,0.9878832697868347,0.012116730213165283,1.2659916877746582,0.024655479937791824,101,5.920529220333994e-06
3121,0.9881920218467712,0.01180797815322876,1.2751290798187256,0.0244411900639534,101,5.920529220333994e-06
3122,0.9878763556480408,0.012123644351959229,1.2813668251037598,0.024816075339913368,101,5.920529220333994e-06
3123,0.9881844520568848,0.011815547943115234,1.2681891918182373,0.02437928318977356,101,5.920529220333994e-06
3124,0.9884300231933594,0.011569976806640625,1.2620124816894531,0.024074401706457138,101,5.920529220333994e-06
3125,0.98844975233078,0.01155024766921997,1.2637845277786255,0.024072591215372086,101,5.920529220333994e-06
3126,0.9885125160217285,0.011487483978271484,1.267291784286499,0.02404552698135376,101,5.920529220333994e-06
3127,0.987968385219574,0.012031614780426025,1.278499722480774,0.024696296080946922,101,5.920529220333994e-06
3128,0.9883265495300293,0.011673450469970703,1.2673660516738892,0.02423037588596344,101,5.920529220333994e-06
3129,0.9881367683410645,0.011863231658935547,1.286289930343628,0.024607498198747635,101,5.920529220333994e-06
3130,0.9885773658752441,0.01142263412475586,1.2787799835205078,0.024096207693219185,101,5.920529220333994e-06
3131,0.9881353974342346,0.01186460256576538,1.2591187953948975,0.024337144568562508,102,5.624502759317295e-06
3132,0.9884228110313416,0.011577188968658447,1.2600454092025757,0.024061869829893112,102,5.624502759317295e-06
3133,0.9882657527923584,0.011734247207641602,1.2929867506027222,0.024546772241592407,102,5.624502759317295e-06
3134,0.9886984825134277,0.011301517486572266,1.2636303901672363,0.02382480725646019,102,5.624502759317295e-06
3135,0.9881283044815063,0.011871695518493652,1.2662307024002075,0.024415284395217896,102,5.624502759317295e-06
3136,0.9884500503540039,0.011549949645996094,1.2716375589370728,0.024150826036930084,102,5.624502759317295e-06
3137,0.988555908203125,0.011444091796875,1.286672830581665,0.024196378886699677,102,5.624502759317295e-06
3138,0.9881442189216614,0.011855781078338623,1.2595030069351196,0.024332253262400627,102,5.624502759317295e-06
3139,0.9879693984985352,0.012030601501464844,1.2783757448196411,0.024694053456187248,102,5.624502759317295e-06
3140,0.9884187579154968,0.011581242084503174,1.2860504388809204,0.024325933307409286,102,5.624502759317295e-06
3141,0.9879459142684937,0.012054085731506348,1.2766494750976562,0.024700038135051727,102,5.624502759317295e-06
3142,0.9884350895881653,0.011564910411834717,1.2873672246932983,0.024322934448719025,102,5.624502759317295e-06
3143,0.9887491464614868,0.011250853538513184,1.2631515264511108,0.023769859224557877,102,5.624502759317295e-06
3144,0.9883354902267456,0.011664509773254395,1.2671723365783691,0.024219587445259094,102,5.624502759317295e-06
3145,0.9887023568153381,0.011297643184661865,1.2762129306793213,0.023946795612573624,102,5.624502759317295e-06
3146,0.9883330464363098,0.011666953563690186,1.2674822807312012,0.024225106462836266,102,5.624502759317295e-06
3147,0.987989068031311,0.012010931968688965,1.284256100654602,0.02473338320851326,102,5.624502759317295e-06
3148,0.98818439245224,0.01181560754776001,1.2850642204284668,0.02454809471964836,102,5.624502759317295e-06
3149,0.9884373545646667,0.011562645435333252,1.2757408618927002,0.024204427376389503,102,5.624502759317295e-06
3150,0.9884695410728455,0.011530458927154541,1.2740906476974487,0.024156060069799423,102,5.624502759317295e-06
3151,0.9885318875312805,0.011468112468719482,1.2629473209381104,0.023982904851436615,102,5.624502759317295e-06
3152,0.9883297085762024,0.011670291423797607,1.271133542060852,0.024264924228191376,102,5.624502759317295e-06
3153,0.9884238243103027,0.011576175689697266,1.2724453210830688,0.02418486773967743,102,5.624502759317295e-06
3154,0.987960934638977,0.01203906536102295,1.2710142135620117,0.024628818035125732,102,5.624502759317295e-06
3155,0.9882143139839172,0.011785686016082764,1.2788891792297363,0.024456720799207687,102,5.624502759317295e-06
3156,0.9882962107658386,0.011703789234161377,1.278390645980835,0.02437065914273262,102,5.624502759317295e-06
3157,0.9883136749267578,0.011686325073242188,1.2641689777374268,0.024211151525378227,102,5.624502759317295e-06
3158,0.9882220029830933,0.011777997016906738,1.2791367769241333,0.02445158362388611,102,5.624502759317295e-06
3159,0.9878553748130798,0.012144625186920166,1.2689484357833862,0.024712663143873215,102,5.624502759317295e-06
3160,0.9879388213157654,0.01206117868423462,1.2690129280090332,0.024630695581436157,102,5.624502759317295e-06
3161,0.988045871257782,0.011954128742218018,1.2752525806427002,0.02458711341023445,102,5.624502759317295e-06
3162,0.9880548715591431,0.011945128440856934,1.2655528783798218,0.02448120526969433,103,5.34327762135143e-06
3163,0.9882403612136841,0.011759638786315918,1.2664092779159546,0.02430613525211811,103,5.34327762135143e-06
3164,0.9882393479347229,0.0117606520652771,1.277861475944519,0.024421660229563713,103,5.34327762135143e-06
3165,0.9879571199417114,0.012042880058288574,1.2670561075210571,0.024593012407422066,103,5.34327762135143e-06
3166,0.9882137775421143,0.011786222457885742,1.2645829916000366,0.024314191192388535,103,5.34327762135143e-06
3167,0.9881017208099365,0.011898279190063477,1.2613356113433838,0.02439265325665474,103,5.34327762135143e-06
3168,0.9885851740837097,0.011414825916290283,1.272902488708496,0.024029701948165894,103,5.34327762135143e-06
3169,0.9887207746505737,0.01127922534942627,1.2848021984100342,0.02401445433497429,103,5.34327762135143e-06
3170,0.9884429574012756,0.011557042598724365,1.2717418670654297,0.024158891290426254,103,5.34327762135143e-06
3171,0.9883018136024475,0.01169818639755249,1.269846796989441,0.024279672652482986,103,5.34327762135143e-06
3172,0.9880730509757996,0.01192694902420044,1.2746922969818115,0.024554602801799774,103,5.34327762135143e-06
3173,0.9878999590873718,0.012100040912628174,1.276648998260498,0.024745531380176544,103,5.34327762135143e-06
3174,0.9884614944458008,0.011538505554199219,1.2703198194503784,0.024126317352056503,103,5.34327762135143e-06
3175,0.9880594611167908,0.011940538883209229,1.2799108028411865,0.024620242416858673,103,5.34327762135143e-06
3176,0.9883467555046082,0.011653244495391846,1.256890892982483,0.02410561963915825,103,5.34327762135143e-06
3177,0.9886177182197571,0.01138228178024292,1.275560975074768,0.02402406930923462,103,5.34327762135143e-06
3178,0.9882100820541382,0.011789917945861816,1.2771947383880615,0.024443965405225754,103,5.34327762135143e-06
3179,0.9884971976280212,0.01150280237197876,1.2701212167739868,0.024088986217975616,103,5.34327762135143e-06
3180,0.9883099794387817,0.011690020561218262,1.2658276557922363,0.02423139661550522,103,5.34327762135143e-06
3181,0.9884684085845947,0.011531591415405273,1.2685810327529907,0.024102086201310158,103,5.34327762135143e-06
3182,0.9880357384681702,0.011964261531829834,1.2779408693313599,0.02462402731180191,103,5.34327762135143e-06
3183,0.9883929491043091,0.011607050895690918,1.276279330253601,0.02425377443432808,103,5.34327762135143e-06
3184,0.9882522821426392,0.01174771785736084,1.2663397789001465,0.02429363876581192,103,5.34327762135143e-06
3185,0.9886018633842468,0.011398136615753174,1.2796902656555176,0.02408105880022049,103,5.34327762135143e-06
3186,0.9880322217941284,0.011967778205871582,1.2675926685333252,0.02452402561903,103,5.34327762135143e-06
3187,0.9883780479431152,0.011621952056884766,1.2844829559326172,0.024350561201572418,103,5.34327762135143e-06
3188,0.9882685542106628,0.011731445789337158,1.2884793281555176,0.024498924612998962,103,5.34327762135143e-06
3189,0.9882037043571472,0.011796295642852783,1.2739323377609253,0.024417655542492867,103,5.34327762135143e-06
3190,0.9882273077964783,0.011772692203521729,1.2751177549362183,0.02440614253282547,103,5.34327762135143e-06
3191,0.9884364604949951,0.011563539505004883,1.285380244255066,0.02430170774459839,103,5.34327762135143e-06
3192,0.9885485172271729,0.011451482772827148,1.267739176750183,0.024014359340071678,103,5.34327762135143e-06
3193,0.9885610342025757,0.011438965797424316,1.282749891281128,0.02415207400918007,104,5.076113740283858e-06
3194,0.9882335066795349,0.011766493320465088,1.2741118669509888,0.024389946833252907,104,5.076113740283858e-06
3195,0.9883979558944702,0.011602044105529785,1.2751209735870361,0.02423723414540291,104,5.076113740283858e-06
3196,0.9883241057395935,0.011675894260406494,1.2704426050186157,0.02426356077194214,104,5.076113740283858e-06
3197,0.9880578517913818,0.011942148208618164,1.2711981534957886,0.02453470788896084,104,5.076113740283858e-06
3198,0.9880990982055664,0.011900901794433594,1.2930008172988892,0.02471189945936203,104,5.076113740283858e-06
3199,0.9882321953773499,0.011767804622650146,1.2671129703521729,0.024321256205439568,104,5.076113740283858e-06
3200,0.9880560636520386,0.011943936347961426,1.2842528820037842,0.024667024612426758,104,5.076113740283858e-06
3201,0.9883229732513428,0.011677026748657227,1.2763334512710571,0.024323590099811554,104,5.076113740283858e-06
3202,0.9886182546615601,0.011381745338439941,1.2672374248504639,0.023940302431583405,104,5.076113740283858e-06
3203,0.988170325756073,0.011829674243927002,1.269984483718872,0.024411221966147423,104,5.076113740283858e-06
3204,0.9885165691375732,0.011483430862426758,1.2759052515029907,0.024127649143338203,104,5.076113740283858e-06
3205,0.9884395599365234,0.011560440063476562,1.2560580968856812,0.02400541678071022,104,5.076113740283858e-06
3206,0.9887598752975464,0.011240124702453613,1.2925078868865967,0.024052802473306656,104,5.076113740283858e-06
3207,0.9883586764335632,0.011641323566436768,1.2706959247589111,0.024231869727373123,104,5.076113740283858e-06
3208,0.9885033369064331,0.011496663093566895,1.2578336000442505,0.02396003156900406,104,5.076113740283858e-06
3209,0.9881171584129333,0.01188284158706665,1.2705390453338623,0.0244694035500288,104,5.076113740283858e-06
3210,0.9883664846420288,0.011633515357971191,1.2776603698730469,0.02429378405213356,104,5.076113740283858e-06
3211,0.9882292151451111,0.011770784854888916,1.2715293169021606,0.024368369951844215,104,5.076113740283858e-06
3212,0.9882341623306274,0.011765837669372559,1.2762901782989502,0.02441108040511608,104,5.076113740283858e-06
3213,0.9879048466682434,0.012095153331756592,1.2627164125442505,0.024601366370916367,104,5.076113740283858e-06
3214,0.9881108999252319,0.011889100074768066,1.2592747211456299,0.0243629552423954,104,5.076113740283858e-06
3215,0.9882938861846924,0.011706113815307617,1.2753880023956299,0.024342931807041168,104,5.076113740283858e-06
3216,0.9881581664085388,0.011841833591461182,1.2625559568405151,0.024348974227905273,104,5.076113740283858e-06
3217,0.9883586764335632,0.011641323566436768,1.2617769241333008,0.024142678827047348,104,5.076113740283858e-06
3218,0.988225519657135,0.01177448034286499,1.2826603651046753,0.024483337998390198,104,5.076113740283858e-06
3219,0.9881412386894226,0.011858761310577393,1.2690707445144653,0.024430882185697556,104,5.076113740283858e-06
3220,0.9883588552474976,0.011641144752502441,1.2687349319458008,0.024212080985307693,104,5.076113740283858e-06
3221,0.9886074662208557,0.011392533779144287,1.283813714981079,0.024116745218634605,104,5.076113740283858e-06
3222,0.9882869720458984,0.011713027954101562,1.280686616897583,0.024402763694524765,104,5.076113740283858e-06
3223,0.9880701899528503,0.011929810047149658,1.271881341934204,0.02452932670712471,104,5.076113740283858e-06
3224,0.9883610606193542,0.011638939380645752,1.2539477348327637,0.024062026292085648,105,4.8223080532696655e-06
3225,0.9880081415176392,0.01199185848236084,1.2743183374404907,0.024615123867988586,105,4.8223080532696655e-06
3226,0.9882148504257202,0.011785149574279785,1.2763645648956299,0.02443094365298748,105,4.8223080532696655e-06
3227,0.9884270429611206,0.011572957038879395,1.272994041442871,0.02418716624379158,105,4.8223080532696655e-06
3228,0.9884216785430908,0.01157832145690918,1.2754122018814087,0.024216659367084503,105,4.8223080532696655e-06
3229,0.9878947734832764,0.012105226516723633,1.2677074670791626,0.024661248549818993,105,4.8223080532696655e-06
3230,0.9883230924606323,0.011676907539367676,1.2683439254760742,0.02424357831478119,105,4.8223080532696655e-06
3231,0.9884147644042969,0.011585235595703125,1.2862062454223633,0.02433144673705101,105,4.8223080532696655e-06
3232,0.9883444309234619,0.011655569076538086,1.270350456237793,0.024242516607046127,105,4.8223080532696655e-06
3233,0.9885613918304443,0.011438608169555664,1.280583381652832,0.02413005568087101,105,4.8223080532696655e-06
3234,0.988372266292572,0.011627733707427979,1.2840887308120728,0.024352341890335083,105,4.8223080532696655e-06
3235,0.9882557988166809,0.011744201183319092,1.283947229385376,0.02446623146533966,105,4.8223080532696655e-06
3236,0.9879245758056641,0.012075424194335938,1.267151951789856,0.02462618798017502,105,4.8223080532696655e-06
3237,0.9886357188224792,0.011364281177520752,1.275611400604248,0.02400675229728222,105,4.8223080532696655e-06
3238,0.9880533814430237,0.011946618556976318,1.2912397384643555,0.024739548563957214,105,4.8223080532696655e-06
3239,0.9888466596603394,0.011153340339660645,1.276776909828186,0.02380957454442978,105,4.8223080532696655e-06
3240,0.9880536794662476,0.011946320533752441,1.26998770236969,0.02452673390507698,105,4.8223080532696655e-06
3241,0.9887775778770447,0.011222422122955322,1.2642557621002197,0.023752756416797638,105,4.8223080532696655e-06
3242,0.9881244897842407,0.011875510215759277,1.2612853050231934,0.024369608610868454,105,4.8223080532696655e-06
3243,0.9881589412689209,0.011841058731079102,1.2690027952194214,0.024412676692008972,105,4.8223080532696655e-06
3244,0.98830246925354,0.011697530746459961,1.264107346534729,0.02422162890434265,105,4.8223080532696655e-06
3245,0.9881413578987122,0.011858642101287842,1.2748310565948486,0.02448836714029312,105,4.8223080532696655e-06
3246,0.9880509376525879,0.01194906234741211,1.2693368196487427,0.024522939696907997,105,4.8223080532696655e-06
3247,0.9885798692703247,0.011420130729675293,1.2780511379241943,0.024086439982056618,105,4.8223080532696655e-06
3248,0.9886592626571655,0.011340737342834473,1.262601613998413,0.023853346705436707,105,4.8223080532696655e-06
3249,0.9881991147994995,0.011800885200500488,1.2616479396820068,0.02429935522377491,105,4.8223080532696655e-06
3250,0.9881271123886108,0.01187288761138916,1.2679890394210815,0.024434048682451248,105,4.8223080532696655e-06
3251,0.9884355664253235,0.011564433574676514,1.2737250328063965,0.024186039343476295,105,4.8223080532696655e-06
3252,0.9881100654602051,0.011889934539794922,1.2719976902008057,0.02449101209640503,105,4.8223080532696655e-06
3253,0.9879753589630127,0.012024641036987305,1.2804540395736694,0.024708934128284454,105,4.8223080532696655e-06
3254,0.9886775016784668,0.011322498321533203,1.2835086584091187,0.02404436096549034,105,4.8223080532696655e-06
3255,0.9880944490432739,0.011905550956726074,1.2680635452270508,0.02446712926030159,106,4.581192650606182e-06
3256,0.9879852533340454,0.01201474666595459,1.2740223407745361,0.024634823203086853,106,4.581192650606182e-06
3257,0.9885157942771912,0.011484205722808838,1.2705552577972412,0.024074915796518326,106,4.581192650606182e-06
3258,0.9883215427398682,0.011678457260131836,1.2652453184127808,0.02421412616968155,106,4.581192650606182e-06
3259,0.9885428547859192,0.01145714521408081,1.2905977964401245,0.024248551577329636,106,4.581192650606182e-06
3260,0.9886574745178223,0.011342525482177734,1.279815673828125,0.024027258157730103,106,4.581192650606182e-06
3261,0.9879115223884583,0.012088477611541748,1.2698049545288086,0.02466564252972603,106,4.581192650606182e-06
3262,0.9887366890907288,0.01126331090927124,1.263852834701538,0.02378920465707779,106,4.581192650606182e-06
3263,0.9882194399833679,0.01178056001663208,1.2696095705032349,0.024358849972486496,106,4.581192650606182e-06
3264,0.9885081648826599,0.011491835117340088,1.2632957696914673,0.02400987409055233,106,4.581192650606182e-06
3265,0.9882321357727051,0.011767864227294922,1.2781660556793213,0.024431847035884857,106,4.581192650606182e-06
3266,0.9887481331825256,0.011251866817474365,1.2651106119155884,0.023790452629327774,106,4.581192650606182e-06
3267,0.9884279370307922,0.011572062969207764,1.2751719951629639,0.024208061397075653,106,4.581192650606182e-06
3268,0.9883384108543396,0.0116615891456604,1.2733604907989502,0.02427857741713524,106,4.581192650606182e-06
3269,0.9884682893753052,0.011531710624694824,1.2691981792449951,0.02410837449133396,106,4.581192650606182e-06
3270,0.9884447455406189,0.011555254459381104,1.2882508039474487,0.024322209879755974,106,4.581192650606182e-06
3271,0.9882959127426147,0.011704087257385254,1.2798857688903809,0.024385903030633926,106,4.581192650606182e-06
3272,0.9878417253494263,0.01215827465057373,1.2789207696914673,0.02482590079307556,106,4.581192650606182e-06
3273,0.9879292249679565,0.012070775032043457,1.2910888195037842,0.024860955774784088,106,4.581192650606182e-06
3274,0.9882951378822327,0.011704862117767334,1.269313097000122,0.024280942976474762,106,4.581192650606182e-06
3275,0.9883051514625549,0.011694848537445068,1.2687695026397705,0.0242655947804451,106,4.581192650606182e-06
3276,0.9886024594306946,0.01139754056930542,1.268937587738037,0.02397293969988823,106,4.581192650606182e-06
3277,0.9883377552032471,0.01166224479675293,1.2763291597366333,0.024308914318680763,106,4.581192650606182e-06
3278,0.9880619645118713,0.011938035488128662,1.2596418857574463,0.024415072053670883,106,4.581192650606182e-06
3279,0.9880080223083496,0.01199197769165039,1.275068998336792,0.02462274767458439,106,4.581192650606182e-06
3280,0.9883602857589722,0.011639714241027832,1.2627029418945312,0.024150345474481583,106,4.581192650606182e-06
3281,0.9879397749900818,0.012060225009918213,1.275633692741394,0.02469595894217491,106,4.581192650606182e-06
3282,0.9880938529968262,0.011906147003173828,1.2718082666397095,0.024505168199539185,106,4.581192650606182e-06
3283,0.9882828593254089,0.011717140674591064,1.254826307296753,0.024148233234882355,106,4.581192650606182e-06
3284,0.9883123636245728,0.011687636375427246,1.2768949270248413,0.024339709430933,106,4.581192650606182e-06
3285,0.9887183308601379,0.01128166913986206,1.285339593887329,0.02402224764227867,106,4.581192650606182e-06
3286,0.9883950352668762,0.01160496473312378,1.2717007398605347,0.024205923080444336,107,4.3521330180758725e-06
3287,0.9881850481033325,0.01181495189666748,1.2642344236373901,0.02433914691209793,107,4.3521330180758725e-06
3288,0.9883774518966675,0.01162254810333252,1.2803455591201782,0.024309776723384857,107,4.3521330180758725e-06
3289,0.9885497689247131,0.011450231075286865,1.2824757099151611,0.024160485714673996,107,4.3521330180758725e-06
3290,0.988059401512146,0.011940598487854004,1.2746549844741821,0.02456774190068245,107,4.3521330180758725e-06
3291,0.9882046580314636,0.011795341968536377,1.2664934396743774,0.02434232272207737,107,4.3521330180758725e-06
3292,0.9883240461349487,0.01167595386505127,1.2892842292785645,0.02445203810930252,107,4.3521330180758725e-06
3293,0.9883790612220764,0.011620938777923584,1.2734066247940063,0.024238795042037964,107,4.3521330180758725e-06
3294,0.9883474707603455,0.011652529239654541,1.2782015800476074,0.024318020790815353,107,4.3521330180758725e-06
3295,0.9881148338317871,0.01188516616821289,1.2667644023895264,0.024433959275484085,107,4.3521330180758725e-06
3296,0.9881358742713928,0.011864125728607178,1.2737144231796265,0.02448262833058834,107,4.3521330180758725e-06
3297,0.9883425235748291,0.011657476425170898,1.2755824327468872,0.024296727031469345,107,4.3521330180758725e-06
3298,0.9877914190292358,0.01220858097076416,1.2689810991287231,0.024776306003332138,107,4.3521330180758725e-06
3299,0.9882500767707825,0.01174992322921753,1.279571771621704,0.024428140372037888,107,4.3521330180758725e-06
3300,0.9883059859275818,0.011694014072418213,1.2604150772094727,0.024181224405765533,107,4.3521330180758725e-06
3301,0.9888383746147156,0.011161625385284424,1.2690894603729248,0.023740902543067932,107,4.3521330180758725e-06
3302,0.9878444671630859,0.012155532836914062,1.2724223136901855,0.024758201092481613,107,4.3521330180758725e-06
3303,0.9886407256126404,0.01135927438735962,1.2689166069030762,0.023934848606586456,107,4.3521330180758725e-06
3304,0.9885303974151611,0.011469602584838867,1.2830970287322998,0.024185877293348312,107,4.3521330180758725e-06
3305,0.9883849620819092,0.01161503791809082,1.2614970207214355,0.024113858118653297,107,4.3521330180758725e-06
3306,0.9882558584213257,0.011744141578674316,1.273343801498413,0.024360138922929764,107,4.3521330180758725e-06
3307,0.9880537390708923,0.011946260929107666,1.2639961242675781,0.024466760456562042,107,4.3521330180758725e-06
3308,0.9883818626403809,0.01161813735961914,1.2729443311691284,0.024231398478150368,107,4.3521330180758725e-06
3309,0.9885486960411072,0.011451303958892822,1.2724249362945557,0.024061039090156555,107,4.3521330180758725e-06
3310,0.9880930781364441,0.011906921863555908,1.2671900987625122,0.024459753185510635,107,4.3521330180758725e-06
3311,0.9880428910255432,0.011957108974456787,1.273450493812561,0.024572042748332024,107,4.3521330180758725e-06
3312,0.9883514642715454,0.01164853572845459,1.2701795101165771,0.024233844131231308,107,4.3521330180758725e-06
3313,0.9883221387863159,0.011677861213684082,1.2696255445480347,0.024257337674498558,107,4.3521330180758725e-06
3314,0.9886999726295471,0.01130002737045288,1.2782177925109863,0.02396920509636402,107,4.3521330180758725e-06
3315,0.9883787631988525,0.011621236801147461,1.2693817615509033,0.02419884130358696,107,4.3521330180758725e-06
3316,0.9883547425270081,0.011645257472991943,1.2808266878128052,0.024337071925401688,107,4.3521330180758725e-06
3317,0.9886339902877808,0.011366009712219238,1.2738807201385498,0.023991156369447708,108,4.1345263671720786e-06
3318,0.9884235262870789,0.011576473712921143,1.2739591598510742,0.024200301617383957,108,4.1345263671720786e-06
3319,0.9880907535552979,0.011909246444702148,1.2596310377120972,0.024386465549468994,108,4.1345263671720786e-06
3320,0.9884659647941589,0.011534035205841064,1.2700227499008179,0.024118922650814056,108,4.1345263671720786e-06
3321,0.9881559610366821,0.011844038963317871,1.269060730934143,0.024416206404566765,108,4.1345263671720786e-06
3322,0.988160252571106,0.011839747428894043,1.2781250476837158,0.024502601474523544,108,4.1345263671720786e-06
3323,0.9881253242492676,0.011874675750732422,1.2859508991241455,0.024615436792373657,108,4.1345263671720786e-06
3324,0.9881789684295654,0.01182103157043457,1.285552740097046,0.024558348581194878,108,4.1345263671720786e-06
3325,0.9882162809371948,0.011783719062805176,1.2573994398117065,0.024239875376224518,108,4.1345263671720786e-06
3326,0.9879563450813293,0.012043654918670654,1.269845962524414,0.02462167665362358,108,4.1345263671720786e-06
3327,0.9884048700332642,0.01159512996673584,1.2684065103530884,0.024163242429494858,108,4.1345263671720786e-06
3328,0.9884044528007507,0.011595547199249268,1.2703498601913452,0.024183090776205063,108,4.1345263671720786e-06
3329,0.9882292747497559,0.01177072525024414,1.2794427871704102,0.024447444826364517,108,4.1345263671720786e-06
3330,0.9883859157562256,0.011614084243774414,1.2761579751968384,0.024259522557258606,108,4.1345263671720786e-06
3331,0.9884682297706604,0.0115317702293396,1.259177565574646,0.02400822937488556,108,4.1345263671720786e-06
3332,0.9879931807518005,0.012006819248199463,1.2791390419006348,0.024678140878677368,108,4.1345263671720786e-06
3333,0.9882661700248718,0.011733829975128174,1.27125084400177,0.02432899922132492,108,4.1345263671720786e-06
3334,0.9885457754135132,0.011454224586486816,1.262499213218689,0.023964673280715942,108,4.1345263671720786e-06
3335,0.9881218075752258,0.01187819242477417,1.2715952396392822,0.02447536215186119,108,4.1345263671720786e-06
3336,0.9885690212249756,0.011430978775024414,1.2786110639572144,0.02410277910530567,108,4.1345263671720786e-06
3337,0.9887067675590515,0.011293232440948486,1.264527678489685,0.023825576528906822,108,4.1345263671720786e-06
3338,0.988455593585968,0.011544406414031982,1.2723368406295776,0.024152331054210663,108,4.1345263671720786e-06
3339,0.9878644943237305,0.012135505676269531,1.271727204322815,0.02473142370581627,108,4.1345263671720786e-06
3340,0.9884490966796875,0.0115509033203125,1.302243947982788,0.024457834661006927,108,4.1345263671720786e-06
3341,0.9883832931518555,0.011616706848144531,1.275591254234314,0.024256452918052673,108,4.1345263671720786e-06
3342,0.988114058971405,0.01188594102859497,1.2665382623672485,0.024432465434074402,108,4.1345263671720786e-06
3343,0.9887949824333191,0.011205017566680908,1.2773269414901733,0.023866236209869385,108,4.1345263671720786e-06
3344,0.9885613322257996,0.01143866777420044,1.259012222290039,0.023914402350783348,108,4.1345263671720786e-06
3345,0.9882738590240479,0.011726140975952148,1.2785934209823608,0.024394813925027847,108,4.1345263671720786e-06
3346,0.9882509708404541,0.011749029159545898,1.263320803642273,0.0242647472769022,108,4.1345263671720786e-06
3347,0.9878948926925659,0.012105107307434082,1.276072382926941,0.024744780734181404,108,4.1345263671720786e-06
3348,0.9882382750511169,0.011761724948883057,1.2718353271484375,0.024362461641430855,109,3.927800048813474e-06
3349,0.9884200096130371,0.01157999038696289,1.2770626544952393,0.024234816431999207,109,3.927800048813474e-06
3350,0.9884774088859558,0.01152259111404419,1.264534592628479,0.024052709341049194,109,3.927800048813474e-06
3351,0.988433837890625,0.011566162109375,1.2749013900756836,0.024199513718485832,109,3.927800048813474e-06
3352,0.9884498715400696,0.01155012845993042,1.2610433101654053,0.024045061320066452,109,3.927800048813474e-06
3353,0.9880411624908447,0.011958837509155273,1.2814654111862183,0.024653904139995575,109,3.927800048813474e-06
3354,0.9884080290794373,0.011591970920562744,1.293249487876892,0.024408545345067978,109,3.927800048813474e-06
3355,0.9883880019187927,0.011611998081207275,1.2828922271728516,0.024324800819158554,109,3.927800048813474e-06
3356,0.9886037111282349,0.011396288871765137,1.261722445487976,0.02389954961836338,109,3.927800048813474e-06
3357,0.988372266292572,0.011627733707427979,1.2656655311584473,0.024168111383914948,109,3.927800048813474e-06
3358,0.9882346987724304,0.01176530122756958,1.262009620666504,0.02426774427294731,109,3.927800048813474e-06
3359,0.98885178565979,0.011148214340209961,1.2695190906524658,0.02373192273080349,109,3.927800048813474e-06
3360,0.9880319833755493,0.011968016624450684,1.277214527130127,0.024620480835437775,109,3.927800048813474e-06
3361,0.9883806109428406,0.011619389057159424,1.2784545421600342,0.024287741631269455,109,3.927800048813474e-06
3362,0.9880326986312866,0.011967301368713379,1.2729341983795166,0.02457696944475174,109,3.927800048813474e-06
3363,0.9885372519493103,0.011462748050689697,1.2889798879623413,0.024237919598817825,109,3.927800048813474e-06
3364,0.988150954246521,0.011849045753479004,1.2803514003753662,0.024534069001674652,109,3.927800048813474e-06
3365,0.9880614280700684,0.01193857192993164,1.2704830169677734,0.024524016305804253,109,3.927800048813474e-06
3366,0.9883580207824707,0.011641979217529297,1.2778526544570923,0.024304084479808807,109,3.927800048813474e-06
3367,0.9884678721427917,0.011532127857208252,1.2664411067962646,0.024081218987703323,109,3.927800048813474e-06
3368,0.9879574775695801,0.012042522430419922,1.2576117515563965,0.024498214945197105,109,3.927800048813474e-06
3369,0.9883157014846802,0.011684298515319824,1.2678314447402954,0.024245768785476685,109,3.927800048813474e-06
3370,0.988479733467102,0.01152026653289795,1.2686007022857666,0.024091070517897606,109,3.927800048813474e-06
3371,0.988391637802124,0.011608362197875977,1.2640204429626465,0.024132482707500458,109,3.927800048813474e-06
3372,0.9883707165718079,0.011629283428192139,1.2677191495895386,0.024190181866288185,109,3.927800048813474e-06
3373,0.9882142543792725,0.011785745620727539,1.2737200260162354,0.024405088275671005,109,3.927800048813474e-06
3374,0.9881228804588318,0.011877119541168213,1.267736554145813,0.02443571388721466,109,3.927800048813474e-06
3375,0.9883440136909485,0.011655986309051514,1.278859257698059,0.024328019469976425,109,3.927800048813474e-06
3376,0.9880630373954773,0.011936962604522705,1.2856965065002441,0.024674557149410248,109,3.927800048813474e-06
3377,0.9884399175643921,0.01156008243560791,1.2598222494125366,0.024042703211307526,109,3.927800048813474e-06
3378,0.9879084229469299,0.012091577053070068,1.2685331106185913,0.024655992165207863,109,3.927800048813474e-06
3379,0.9879100918769836,0.012089908123016357,1.2677602767944336,0.024646611884236336,110,3.7314100463728006e-06
3380,0.9882275462150574,0.011772453784942627,1.2679359912872314,0.02433408796787262,110,3.7314100463728006e-06
3381,0.9884054064750671,0.011594593524932861,1.2699663639068604,0.024178311228752136,110,3.7314100463728006e-06
3382,0.9887039661407471,0.01129603385925293,1.2740823030471802,0.02392389625310898,110,3.7314100463728006e-06
3383,0.9881472587585449,0.011852741241455078,1.2661738395690918,0.024395952001214027,110,3.7314100463728006e-06
3384,0.9885797500610352,0.011420249938964844,1.2634450197219849,0.023940496146678925,110,3.7314100463728006e-06
3385,0.9881619215011597,0.011838078498840332,1.2667522430419922,0.024387219920754433,110,3.7314100463728006e-06
3386,0.9884647130966187,0.011535286903381348,1.2703535556793213,0.02412346936762333,110,3.7314100463728006e-06
3387,0.9882705211639404,0.01172947883605957,1.2951970100402832,0.02456415444612503,110,3.7314100463728006e-06
3388,0.9885319471359253,0.011468052864074707,1.2556036710739136,0.02390940859913826,110,3.7314100463728006e-06
3389,0.987870991230011,0.012129008769989014,1.2673221826553345,0.024680940434336662,110,3.7314100463728006e-06
3390,0.9885846972465515,0.011415302753448486,1.2930163145065308,0.024231312796473503,110,3.7314100463728006e-06
3391,0.9879340529441833,0.01206594705581665,1.2679086923599243,0.024624373763799667,110,3.7314100463728006e-06
3392,0.9883068203926086,0.011693179607391357,1.281722903251648,0.0243934765458107,110,3.7314100463728006e-06
3393,0.9879658818244934,0.012034118175506592,1.2838741540908813,0.02475251816213131,110,3.7314100463728006e-06
3394,0.9880881309509277,0.011911869049072266,1.2627828121185303,0.02442057803273201,110,3.7314100463728006e-06
3395,0.9882588982582092,0.011741101741790771,1.2827863693237305,0.02445155382156372,110,3.7314100463728006e-06
3396,0.9881427884101868,0.011857211589813232,1.27157723903656,0.02445441111922264,110,3.7314100463728006e-06
3397,0.9881601929664612,0.011839807033538818,1.2737692594528198,0.024459101259708405,110,3.7314100463728006e-06
3398,0.9884582757949829,0.01154172420501709,1.2729476690292358,0.024155784398317337,110,3.7314100463728006e-06
3399,0.9882205724716187,0.011779427528381348,1.2753729820251465,0.024415362626314163,110,3.7314100463728006e-06
3400,0.9881895780563354,0.01181042194366455,1.2549055814743042,0.0242413729429245,110,3.7314100463728006e-06
3401,0.9885935187339783,0.011406481266021729,1.2832146883010864,0.024124562740325928,110,3.7314100463728006e-06
3402,0.9884077310562134,0.011592268943786621,1.2765724658966064,0.024242069572210312,110,3.7314100463728006e-06
3403,0.9884031414985657,0.011596858501434326,1.2695339918136597,0.024176228791475296,110,3.7314100463728006e-06
3404,0.9885308742523193,0.011469125747680664,1.272605538368225,0.024080488830804825,110,3.7314100463728006e-06
3405,0.9884507060050964,0.011549293994903564,1.273799180984497,0.024171791970729828,110,3.7314100463728006e-06
3406,0.9883958697319031,0.011604130268096924,1.2723948955535889,0.02421203814446926,110,3.7314100463728006e-06
3407,0.9886855483055115,0.011314451694488525,1.2701101303100586,0.02390240877866745,110,3.7314100463728006e-06
3408,0.9882099032402039,0.011790096759796143,1.2599395513534546,0.024271592497825623,110,3.7314100463728006e-06
3409,0.988541305065155,0.01145869493484497,1.2768083810806274,0.024112191051244736,110,3.7314100463728006e-06
3410,0.9881954193115234,0.011804580688476562,1.2658594846725464,0.02434512972831726,111,3.5448395440541604e-06
3411,0.988524317741394,0.011475682258605957,1.2603856325149536,0.023964781314134598,111,3.5448395440541604e-06
3412,0.9882188439369202,0.011781156063079834,1.2854719161987305,0.02451806329190731,111,3.5448395440541604e-06
3413,0.9881744980812073,0.011825501918792725,1.2734198570251465,0.024441445246338844,111,3.5448395440541604e-06
3414,0.9881043434143066,0.01189565658569336,1.2900903224945068,0.02467760257422924,111,3.5448395440541604e-06
3415,0.9886201024055481,0.011379897594451904,1.2766474485397339,0.02403257228434086,111,3.5448395440541604e-06
3416,0.9884864687919617,0.01151353120803833,1.2788282632827759,0.02418667823076248,111,3.5448395440541604e-06
3417,0.9885212779045105,0.011478722095489502,1.275264859199524,0.024116583168506622,111,3.5448395440541604e-06
3418,0.988190770149231,0.011809229850769043,1.2642347812652588,0.02433348447084427,111,3.5448395440541604e-06
3419,0.98831707239151,0.01168292760848999,1.258881688117981,0.024154916405677795,111,3.5448395440541604e-06
3420,0.9886460900306702,0.011353909969329834,1.2745987176895142,0.02398635819554329,111,3.5448395440541604e-06
3421,0.9883459210395813,0.011654078960418701,1.2693047523498535,0.024230584502220154,111,3.5448395440541604e-06
3422,0.9880123138427734,0.011987686157226562,1.2647476196289062,0.024515286087989807,111,3.5448395440541604e-06
3423,0.9885654449462891,0.011434555053710938,1.2701685428619385,0.024021895602345467,111,3.5448395440541604e-06
3424,0.9884250164031982,0.011574983596801758,1.2686243057250977,0.024145476520061493,111,3.5448395440541604e-06
3425,0.9883133769035339,0.011686623096466064,1.2698924541473389,0.024268681183457375,111,3.5448395440541604e-06
3426,0.9888679385185242,0.01113206148147583,1.2744791507720947,0.023765532299876213,111,3.5448395440541604e-06
3427,0.9882127642631531,0.011787235736846924,1.2738556861877441,0.024407919496297836,111,3.5448395440541604e-06
3428,0.9880707859992981,0.011929214000701904,1.2644250392913818,0.02445417270064354,111,3.5448395440541604e-06
3429,0.9881886839866638,0.011811316013336182,1.2595195770263672,0.024288397282361984,111,3.5448395440541604e-06
3430,0.9881983399391174,0.011801660060882568,1.2815606594085693,0.02449924871325493,111,3.5448395440541604e-06
3431,0.9884856343269348,0.011514365673065186,1.263199806213379,0.024031220003962517,111,3.5448395440541604e-06
3432,0.9883596897125244,0.011640310287475586,1.2856332063674927,0.024380238726735115,111,3.5448395440541604e-06
3433,0.9881695508956909,0.011830449104309082,1.2757807970046997,0.024469953030347824,111,3.5448395440541604e-06
3434,0.9881296157836914,0.011870384216308594,1.2586567401885986,0.024338249117136,111,3.5448395440541604e-06
3435,0.9885445833206177,0.011455416679382324,1.2712401151657104,0.024053264409303665,111,3.5448395440541604e-06
3436,0.9882186055183411,0.011781394481658936,1.2602579593658447,0.024266159161925316,111,3.5448395440541604e-06
3437,0.9882521033287048,0.011747896671295166,1.291212558746338,0.024542544037103653,111,3.5448395440541604e-06
3438,0.9884026050567627,0.011597394943237305,1.289852499961853,0.024379946291446686,111,3.5448395440541604e-06
3439,0.987739622592926,0.012260377407073975,1.2787925004959106,0.024925697594881058,111,3.5448395440541604e-06
3440,0.9884696006774902,0.011530399322509766,1.2611016035079956,0.024026110768318176,111,3.5448395440541604e-06
3441,0.9883449673652649,0.011655032634735107,1.270858883857727,0.024247070774435997,112,3.3675975668514524e-06
3442,0.988595187664032,0.011404812335968018,1.261389970779419,0.02390466257929802,112,3.3675975668514524e-06
3443,0.9884531497955322,0.011546850204467773,1.2755275964736938,0.02418665774166584,112,3.3675975668514524e-06
3444,0.9886007905006409,0.01139920949935913,1.2856558561325073,0.02414177544414997,112,3.3675975668514524e-06
3445,0.9884322881698608,0.01156771183013916,1.2582042217254639,0.024034077301621437,112,3.3675975668514524e-06
3446,0.9883615374565125,0.011638462543487549,1.2650188207626343,0.024172265082597733,112,3.3675975668514524e-06
3447,0.9881962537765503,0.011803746223449707,1.2748275995254517,0.024433985352516174,112,3.3675975668514524e-06
3448,0.9885866045951843,0.011413395404815674,1.2813668251037598,0.02411292865872383,112,3.3675975668514524e-06
3449,0.9879347681999207,0.012065231800079346,1.269585371017456,0.024640433490276337,112,3.3675975668514524e-06
3450,0.9881945252418518,0.011805474758148193,1.2857372760772705,0.024544794112443924,112,3.3675975668514524e-06
3451,0.9884989857673645,0.011501014232635498,1.2580349445343018,0.02396635338664055,112,3.3675975668514524e-06
3452,0.9886034727096558,0.011396527290344238,1.270028829574585,0.023982848972082138,112,3.3675975668514524e-06
3453,0.9878089427947998,0.012191057205200195,1.2735724449157715,0.024804871529340744,112,3.3675975668514524e-06
3454,0.9882268905639648,0.011773109436035156,1.274811863899231,0.024403497576713562,112,3.3675975668514524e-06
3455,0.9880679249763489,0.011932075023651123,1.2813550233840942,0.02462630346417427,112,3.3675975668514524e-06
3456,0.9883359670639038,0.011664032936096191,1.2674144506454468,0.02422153763473034,112,3.3675975668514524e-06
3457,0.988130509853363,0.011869490146636963,1.2623454332351685,0.024374250322580338,112,3.3675975668514524e-06
3458,0.9884982705116272,0.011501729488372803,1.267568826675415,0.024062398821115494,112,3.3675975668514524e-06
3459,0.9884752631187439,0.011524736881256104,1.2796071767807007,0.024205561727285385,112,3.3675975668514524e-06
3460,0.9889325499534607,0.011067450046539307,1.276105284690857,0.02371782809495926,112,3.3675975668514524e-06
3461,0.9882187247276306,0.011781275272369385,1.2928417921066284,0.024591881781816483,112,3.3675975668514524e-06
3462,0.9882385730743408,0.01176142692565918,1.2677360773086548,0.024321172386407852,112,3.3675975668514524e-06
3463,0.9881089925765991,0.011891007423400879,1.285586953163147,0.024627964943647385,112,3.3675975668514524e-06
3464,0.9883282780647278,0.011671721935272217,1.2587380409240723,0.02414238452911377,112,3.3675975668514524e-06
3465,0.9884780645370483,0.01152193546295166,1.273230791091919,0.024139024317264557,112,3.3675975668514524e-06
3466,0.988154411315918,0.011845588684082031,1.272080421447754,0.024447936564683914,112,3.3675975668514524e-06
3467,0.9879927039146423,0.012007296085357666,1.2709987163543701,0.024597208946943283,112,3.3675975668514524e-06
3468,0.9881144165992737,0.011885583400726318,1.2612009048461914,0.024378735572099686,112,3.3675975668514524e-06
3469,0.9881986379623413,0.011801362037658691,1.2801530361175537,0.024484878405928612,112,3.3675975668514524e-06
3470,0.9882524609565735,0.011747539043426514,1.2640159130096436,0.02427022159099579,112,3.3675975668514524e-06
3471,0.9885960817337036,0.011403918266296387,1.26506507396698,0.02394052967429161,112,3.3675975668514524e-06
3472,0.9879139065742493,0.012086093425750732,1.2814407348632812,0.02477964013814926,113,3.1992176885088796e-06
3473,0.9882694482803345,0.011730551719665527,1.267069697380066,0.024283941835165024,113,3.1992176885088796e-06
3474,0.9883137345314026,0.011686265468597412,1.278363585472107,0.024353038519620895,113,3.1992176885088796e-06
3475,0.98836749792099,0.01163250207901001,1.2654428482055664,0.024170605465769768,113,3.1992176885088796e-06
3476,0.9882604479789734,0.011739552021026611,1.2721822261810303,0.024343978613615036,113,3.1992176885088796e-06
3477,0.9885762333869934,0.011423766613006592,1.2769931554794312,0.02407946065068245,113,3.1992176885088796e-06
3478,0.9881076812744141,0.011892318725585938,1.2714006900787354,0.02448740229010582,113,3.1992176885088796e-06
3479,0.9884285926818848,0.011571407318115234,1.2935378551483154,0.024391071870923042,113,3.1992176885088796e-06
3480,0.9883936643600464,0.011606335639953613,1.2654963731765747,0.024145236238837242,113,3.1992176885088796e-06
3481,0.9881391525268555,0.011860847473144531,1.2692031860351562,0.024434270337224007,113,3.1992176885088796e-06
3482,0.9882768392562866,0.011723160743713379,1.2694377899169922,0.024300307035446167,113,3.1992176885088796e-06
3483,0.9882929921150208,0.011707007884979248,1.273604154586792,0.024325978010892868,113,3.1992176885088796e-06
3484,0.988602340221405,0.01139765977859497,1.2694149017333984,0.02397783100605011,113,3.1992176885088796e-06
3485,0.9882848858833313,0.011715114116668701,1.2690083980560303,0.02428804710507393,113,3.1992176885088796e-06
3486,0.9883823394775391,0.011617660522460938,1.2755588293075562,0.024257071316242218,113,3.1992176885088796e-06
3487,0.9884371161460876,0.011562883853912354,1.2756363153457642,0.024203617125749588,113,3.1992176885088796e-06
3488,0.9882299900054932,0.011770009994506836,1.269794225692749,0.024350252002477646,113,3.1992176885088796e-06
3489,0.9883559942245483,0.01164400577545166,1.2673252820968628,0.024200819432735443,113,3.1992176885088796e-06
3490,0.9882488250732422,0.011751174926757812,1.267768144607544,0.02431134507060051,113,3.1992176885088796e-06
3491,0.9880081415176392,0.01199185848236084,1.2658401727676392,0.02453034184873104,113,3.1992176885088796e-06
3492,0.9883152842521667,0.011684715747833252,1.279491901397705,0.02436278760433197,113,3.1992176885088796e-06
3493,0.9888298511505127,0.011170148849487305,1.2727538347244263,0.023785986006259918,113,3.1992176885088796e-06
3494,0.9883370995521545,0.011662900447845459,1.2710161209106445,0.024256432428956032,113,3.1992176885088796e-06
3495,0.9885010719299316,0.01149892807006836,1.279758334159851,0.02418152242898941,113,3.1992176885088796e-06
3496,0.9884429574012756,0.011557042598724365,1.2562295198440552,0.024003766477108,113,3.1992176885088796e-06
3497,0.9881492853164673,0.011850714683532715,1.2627238035202026,0.02435944601893425,113,3.1992176885088796e-06
3498,0.9879473447799683,0.012052655220031738,1.2686476707458496,0.0246186051517725,113,3.1992176885088796e-06
3499,0.9879552721977234,0.012044727802276611,1.2734460830688477,0.024658741429448128,113,3.1992176885088796e-06
3500,0.9886398315429688,0.01136016845703125,1.2892656326293945,0.024139221757650375,113,3.1992176885088796e-06
3501,0.9882104992866516,0.011789500713348389,1.26719331741333,0.024343539029359818,113,3.1992176885088796e-06
3502,0.9889894723892212,0.011010527610778809,1.2663781642913818,0.023564204573631287,113,3.1992176885088796e-06
3503,0.9880821108818054,0.01191788911819458,1.2585043907165527,0.024383753538131714,114,3.0392568040834356e-06
3504,0.9881708025932312,0.011829197406768799,1.2810940742492676,0.0245218463242054,114,3.0392568040834356e-06
3505,0.9884052872657776,0.011594712734222412,1.271454930305481,0.02419331483542919,114,3.0392568040834356e-06
3506,0.9884520769119263,0.01154792308807373,1.2904698848724365,0.02433714270591736,114,3.0392568040834356e-06
3507,0.9884206652641296,0.011579334735870361,1.2627911567687988,0.024091452360153198,114,3.0392568040834356e-06
3508,0.988599956035614,0.011400043964385986,1.2697100639343262,0.023983143270015717,114,3.0392568040834356e-06
3509,0.9882000684738159,0.011799931526184082,1.282252311706543,0.02450445480644703,114,3.0392568040834356e-06
3510,0.9884242415428162,0.011575758457183838,1.2706692218780518,0.024166692048311234,114,3.0392568040834356e-06
3511,0.9882330298423767,0.011766970157623291,1.2777749300003052,0.024427048861980438,114,3.0392568040834356e-06
3512,0.9884170293807983,0.01158297061920166,1.2639354467391968,0.024106495082378387,114,3.0392568040834356e-06
3513,0.9881665110588074,0.011833488941192627,1.255760669708252,0.02427276037633419,114,3.0392568040834356e-06
3514,0.9882854223251343,0.011714577674865723,1.2642107009887695,0.024239540100097656,114,3.0392568040834356e-06
3515,0.9884812235832214,0.011518776416778564,1.2782580852508545,0.024186167865991592,114,3.0392568040834356e-06
3516,0.9880648851394653,0.011935114860534668,1.2741891145706177,0.024557653814554214,114,3.0392568040834356e-06
3517,0.9883314967155457,0.011668503284454346,1.2754795551300049,0.024306613951921463,114,3.0392568040834356e-06
3518,0.9884675741195679,0.011532425880432129,1.2787818908691406,0.02420492097735405,114,3.0392568040834356e-06
3519,0.9882449507713318,0.011755049228668213,1.2700424194335938,0.024337921291589737,114,3.0392568040834356e-06
3520,0.9881337881088257,0.011866211891174316,1.2726871967315674,0.02447442151606083,114,3.0392568040834356e-06
3521,0.9882033467292786,0.011796653270721436,1.2689834833145142,0.024368520826101303,114,3.0392568040834356e-06
3522,0.9886560440063477,0.011343955993652344,1.2790902853012085,0.024021418765187263,114,3.0392568040834356e-06
3523,0.9887018799781799,0.011298120021820068,1.2564899921417236,0.02375003695487976,114,3.0392568040834356e-06
3524,0.988366425037384,0.011633574962615967,1.2653374671936035,0.024170614778995514,114,3.0392568040834356e-06
3525,0.9882842898368835,0.011715710163116455,1.2611980438232422,0.024210534989833832,114,3.0392568040834356e-06
3526,0.9880768060684204,0.01192319393157959,1.2917938232421875,0.02472190000116825,114,3.0392568040834356e-06
3527,0.9883204698562622,0.011679530143737793,1.274921178817749,0.02431194670498371,114,3.0392568040834356e-06
3528,0.9883005619049072,0.011699438095092773,1.2768158912658691,0.0243506021797657,114,3.0392568040834356e-06
3529,0.9878023266792297,0.012197673320770264,1.2695510387420654,0.024771206080913544,114,3.0392568040834356e-06
3530,0.9884963035583496,0.01150369644165039,1.2622325420379639,0.02401098422706127,114,3.0392568040834356e-06
3531,0.9888487458229065,0.011151254177093506,1.2862725257873535,0.023902466520667076,114,3.0392568040834356e-06
3532,0.9882775545120239,0.011722445487976074,1.267228126525879,0.024277500808238983,114,3.0392568040834356e-06
3533,0.9881542325019836,0.011845767498016357,1.270885705947876,0.024436166509985924,114,3.0392568040834356e-06
3534,0.9885022044181824,0.011497795581817627,1.2542732954025269,0.023925550282001495,115,2.8872939638792635e-06
3535,0.9884729981422424,0.011527001857757568,1.2666429281234741,0.024078160524368286,115,2.8872939638792635e-06
3536,0.988433837890625,0.011566162109375,1.274320363998413,0.02419370412826538,115,2.8872939638792635e-06
3537,0.988254964351654,0.011745035648345947,1.2637393474578857,0.024264980107545853,115,2.8872939638792635e-06
3538,0.9884619116783142,0.011538088321685791,1.2641327381134033,0.02406403422355652,115,2.8872939638792635e-06
3539,0.9884713888168335,0.011528611183166504,1.2640306949615479,0.024053633213043213,115,2.8872939638792635e-06
3540,0.988318145275116,0.011681854724884033,1.2545117139816284,0.024110153317451477,115,2.8872939638792635e-06
3541,0.9881671667098999,0.011832833290100098,1.2761048078536987,0.024475552141666412,115,2.8872939638792635e-06
3542,0.9884082078933716,0.011591792106628418,1.2745776176452637,0.024221651256084442,115,2.8872939638792635e-06
3543,0.9885303378105164,0.011469662189483643,1.2650521993637085,0.02400548756122589,115,2.8872939638792635e-06
3544,0.9884021878242493,0.011597812175750732,1.2689701318740845,0.024171534925699234,115,2.8872939638792635e-06
3545,0.9882822036743164,0.011717796325683594,1.271983027458191,0.0243204478174448,115,2.8872939638792635e-06
3546,0.988330602645874,0.011669397354125977,1.266576886177063,0.024218471720814705,115,2.8872939638792635e-06
3547,0.9884055852890015,0.011594414710998535,1.283880591392517,0.02431727573275566,115,2.8872939638792635e-06
3548,0.9882064461708069,0.011793553829193115,1.283510446548462,0.02451072260737419,115,2.8872939638792635e-06
3549,0.9885289669036865,0.011471033096313477,1.2687764167785645,0.024044087156653404,115,2.8872939638792635e-06
3550,0.9880287647247314,0.011971235275268555,1.2715473175048828,0.024566996842622757,115,2.8872939638792635e-06
3551,0.9881049990653992,0.01189500093460083,1.2795952558517456,0.02457200363278389,115,2.8872939638792635e-06
3552,0.9883387088775635,0.011661291122436523,1.2665667533874512,0.02421034500002861,115,2.8872939638792635e-06
3553,0.9882462024688721,0.01175379753112793,1.286501407623291,0.024501273408532143,115,2.8872939638792635e-06
3554,0.9882779121398926,0.011722087860107422,1.2829865217208862,0.024434732273221016,115,2.8872939638792635e-06
3555,0.9883816838264465,0.011618316173553467,1.282378077507019,0.024325912818312645,115,2.8872939638792635e-06
3556,0.9885671138763428,0.011432886123657227,1.2866761684417725,0.024185318499803543,115,2.8872939638792635e-06
3557,0.988466739654541,0.011533260345458984,1.2650902271270752,0.02406883053481579,115,2.8872939638792635e-06
3558,0.9883387684822083,0.011661231517791748,1.2668251991271973,0.024212870746850967,115,2.8872939638792635e-06
3559,0.9879485368728638,0.01205146312713623,1.2850018739700317,0.024780966341495514,115,2.8872939638792635e-06
3560,0.988068699836731,0.011931300163269043,1.2883408069610596,0.024695396423339844,115,2.8872939638792635e-06
3561,0.9882342219352722,0.011765778064727783,1.2641494274139404,0.02428961545228958,115,2.8872939638792635e-06
3562,0.9886179566383362,0.011382043361663818,1.2642345428466797,0.02391056716442108,115,2.8872939638792635e-06
3563,0.9879695177078247,0.012030482292175293,1.2625600099563599,0.024535778909921646,115,2.8872939638792635e-06
3564,0.9884414672851562,0.01155853271484375,1.2694144248962402,0.024137090891599655,115,2.8872939638792635e-06
3565,0.9887146949768066,0.01128530502319336,1.2770371437072754,0.023942824453115463,116,2.7429292656853003e-06
3566,0.9885057210922241,0.011494278907775879,1.260847806930542,0.023987814784049988,116,2.7429292656853003e-06
3567,0.9886796474456787,0.011320352554321289,1.2688038349151611,0.02389518730342388,116,2.7429292656853003e-06
3568,0.9884046316146851,0.011595368385314941,1.2775607109069824,0.024255022406578064,116,2.7429292656853003e-06
3569,0.9883708357810974,0.011629164218902588,1.2700738906860352,0.02421361207962036,116,2.7429292656853003e-06
3570,0.988214373588562,0.011785626411437988,1.2678148746490479,0.024345919489860535,116,2.7429292656853003e-06
3571,0.9879961609840393,0.012003839015960693,1.2604703903198242,0.024488504976034164,116,2.7429292656853003e-06
3572,0.9881258010864258,0.011874198913574219,1.2848482131958008,0.024603938683867455,116,2.7429292656853003e-06
3573,0.9880316853523254,0.01196831464767456,1.2686936855316162,0.024535566568374634,116,2.7429292656853003e-06
3574,0.9886690974235535,0.011330902576446533,1.2628861665725708,0.023846454918384552,116,2.7429292656853003e-06
3575,0.9886666536331177,0.011333346366882324,1.2902634143829346,0.02412264794111252,116,2.7429292656853003e-06
3576,0.9885542988777161,0.011445701122283936,1.272228479385376,0.024053528904914856,116,2.7429292656853003e-06
3577,0.9881684184074402,0.011831581592559814,1.2739946842193604,0.024453211575746536,116,2.7429292656853003e-06
3578,0.9883732795715332,0.011626720428466797,1.2833071947097778,0.024343524128198624,116,2.7429292656853003e-06
3579,0.9880348443984985,0.011965155601501465,1.2772008180618286,0.0246175117790699,116,2.7429292656853003e-06
3580,0.988101601600647,0.011898398399353027,1.2699660062789917,0.024479074403643608,116,2.7429292656853003e-06
3581,0.9888235330581665,0.011176466941833496,1.2683486938476562,0.023748189210891724,116,2.7429292656853003e-06
3582,0.9881131052970886,0.011886894702911377,1.2785552740097046,0.024553578346967697,116,2.7429292656853003e-06
3583,0.9886054396629333,0.01139456033706665,1.2696934938430786,0.023977549746632576,116,2.7429292656853003e-06
3584,0.9881051182746887,0.01189488172531128,1.2733820676803589,0.02450975403189659,116,2.7429292656853003e-06
3585,0.9878898859024048,0.012110114097595215,1.269043207168579,0.02467944473028183,116,2.7429292656853003e-06
3586,0.9886667728424072,0.011333227157592773,1.2642382383346558,0.02386227622628212,116,2.7429292656853003e-06
3587,0.9880344867706299,0.011965513229370117,1.2768980264663696,0.024614837020635605,116,2.7429292656853003e-06
3588,0.9885323643684387,0.01146763563156128,1.2879565954208374,0.024232525378465652,116,2.7429292656853003e-06
3589,0.9882791638374329,0.011720836162567139,1.2606929540634155,0.024210557341575623,116,2.7429292656853003e-06
3590,0.988421618938446,0.011578381061553955,1.2641783952713013,0.02410438098013401,116,2.7429292656853003e-06
3591,0.9884686470031738,0.011531352996826172,1.2660975456237793,0.02407701499760151,116,2.7429292656853003e-06
3592,0.9880385994911194,0.011961400508880615,1.2675353288650513,0.02451714128255844,116,2.7429292656853003e-06
3593,0.9883474707603455,0.011652529239654541,1.2798538208007812,0.024334542453289032,116,2.7429292656853003e-06
3594,0.9883161783218384,0.011683821678161621,1.2635626792907715,0.024202611297369003,116,2.7429292656853003e-06
3595,0.9876732230186462,0.01232677698135376,1.268441915512085,0.024887926876544952,116,2.7429292656853003e-06
3596,0.988129198551178,0.011870801448822021,1.27424955368042,0.024494588375091553,117,2.605782802401035e-06
3597,0.9883180856704712,0.011681914329528809,1.268773078918457,0.02425282634794712,117,2.605782802401035e-06
3598,0.9884682893753052,0.011531710624694824,1.2703068256378174,0.024119460955262184,117,2.605782802401035e-06
3599,0.9884557723999023,0.011544227600097656,1.2790493965148926,0.024219278246164322,117,2.605782802401035e-06
3600,0.9883295297622681,0.011670470237731934,1.2795730829238892,0.024349495768547058,117,2.605782802401035e-06
3601,0.9882861971855164,0.011713802814483643,1.263161301612854,0.024228278547525406,117,2.605782802401035e-06
3602,0.9884491562843323,0.011550843715667725,1.2623921632766724,0.02405925653874874,117,2.605782802401035e-06
3603,0.988059937953949,0.011940062046051025,1.2789095640182495,0.024609757587313652,117,2.605782802401035e-06
3604,0.9887134432792664,0.011286556720733643,1.2657921314239502,0.02383161336183548,117,2.605782802401035e-06
3605,0.9885274767875671,0.011472523212432861,1.2547860145568848,0.02390565723180771,117,2.605782802401035e-06
3606,0.9879684448242188,0.01203155517578125,1.2670190334320068,0.024581428617239,117,2.605782802401035e-06
3607,0.9887228608131409,0.01127713918685913,1.253738284111023,0.023701749742031097,117,2.605782802401035e-06
3608,0.988207995891571,0.011792004108428955,1.2843066453933716,0.024517148733139038,117,2.605782802401035e-06
3609,0.9883729219436646,0.01162707805633545,1.2684301137924194,0.0241951085627079,117,2.605782802401035e-06
3610,0.9886094927787781,0.011390507221221924,1.263520359992981,0.02391180396080017,117,2.605782802401035e-06
3611,0.9881711602210999,0.011828839778900146,1.2698605060577393,0.024409156292676926,117,2.605782802401035e-06
3612,0.9883548617362976,0.011645138263702393,1.2608000040054321,0.024136686697602272,117,2.605782802401035e-06
3613,0.9881249666213989,0.011875033378601074,1.2878527641296387,0.02463481016457081,117,2.605782802401035e-06
3614,0.988595724105835,0.011404275894165039,1.2734172344207764,0.02402440458536148,117,2.605782802401035e-06
3615,0.9888710379600525,0.01112896203994751,1.260063886642456,0.023618310689926147,117,2.605782802401035e-06
3616,0.9877969026565552,0.012203097343444824,1.2755991220474243,0.024837058037519455,117,2.605782802401035e-06
3617,0.9884663820266724,0.011533617973327637,1.270641803741455,0.02412470057606697,117,2.605782802401035e-06
3618,0.9883357286453247,0.011664271354675293,1.2840465307235718,0.024388093501329422,117,2.605782802401035e-06
3619,0.988370418548584,0.011629581451416016,1.2651214599609375,0.02416449971497059,117,2.605782802401035e-06
3620,0.9880449175834656,0.011955082416534424,1.289414644241333,0.02472967654466629,117,2.605782802401035e-06
3621,0.9885413646697998,0.011458635330200195,1.2752101421356201,0.02409614995121956,117,2.605782802401035e-06
3622,0.9883905053138733,0.011609494686126709,1.2749295234680176,0.024242695420980453,117,2.605782802401035e-06
3623,0.9879623651504517,0.01203763484954834,1.2615418434143066,0.024532675743103027,117,2.605782802401035e-06
3624,0.9880077838897705,0.011992216110229492,1.2819849252700806,0.024692144244909286,117,2.605782802401035e-06
3625,0.987971842288971,0.012028157711029053,1.2873674631118774,0.024781551212072372,117,2.605782802401035e-06
3626,0.9887713193893433,0.011228680610656738,1.268074870109558,0.02379714325070381,117,2.605782802401035e-06
3627,0.9887394309043884,0.011260569095611572,1.2603349685668945,0.023751312866806984,118,2.475493662280983e-06
3628,0.988239049911499,0.011760950088500977,1.2561593055725098,0.024204934015870094,118,2.475493662280983e-06
3629,0.9884357452392578,0.011564254760742188,1.276196002960205,0.024210572242736816,118,2.475493662280983e-06
3630,0.9883605241775513,0.01163947582244873,1.2776459455490112,0.024299539625644684,118,2.475493662280983e-06
3631,0.9882303476333618,0.011769652366638184,1.2811219692230225,0.024463174864649773,118,2.475493662280983e-06
3632,0.9886754751205444,0.011324524879455566,1.2504634857177734,0.02371591329574585,118,2.475493662280983e-06
3633,0.9882864952087402,0.011713504791259766,1.267542839050293,0.024271797388792038,118,2.475493662280983e-06
3634,0.988294243812561,0.011705756187438965,1.2742290496826172,0.0243309885263443,118,2.475493662280983e-06
3635,0.988530158996582,0.011469841003417969,1.2754230499267578,0.02410937286913395,118,2.475493662280983e-06
3636,0.988327145576477,0.01167285442352295,1.2756892442703247,0.02431301772594452,118,2.475493662280983e-06
3637,0.9882528185844421,0.011747181415557861,1.262323021888733,0.024252939969301224,118,2.475493662280983e-06
3638,0.9878867268562317,0.01211327314376831,1.271294116973877,0.024705082178115845,118,2.475493662280983e-06
3639,0.9885172843933105,0.011482715606689453,1.2655776739120483,0.024023663252592087,118,2.475493662280983e-06
3640,0.9879382848739624,0.012061715126037598,1.2702021598815918,0.024643119424581528,118,2.475493662280983e-06
3641,0.9884072542190552,0.011592745780944824,1.2599515914916992,0.02407633513212204,118,2.475493662280983e-06
3642,0.9882012009620667,0.01179879903793335,1.2647861242294312,0.024328671395778656,118,2.475493662280983e-06
3643,0.9885695576667786,0.011430442333221436,1.264952301979065,0.023965660482645035,118,2.475493662280983e-06
3644,0.9881945252418518,0.011805474758148193,1.2663333415985107,0.02435075305402279,118,2.475493662280983e-06
3645,0.988057017326355,0.01194298267364502,1.2679319381713867,0.024502871558070183,118,2.475493662280983e-06
3646,0.9886065125465393,0.011393487453460693,1.282654881477356,0.02410610020160675,118,2.475493662280983e-06
3647,0.9882490038871765,0.011750996112823486,1.2719628810882568,0.024353114888072014,118,2.475493662280983e-06
3648,0.9877586364746094,0.012241363525390625,1.28325355052948,0.02495148405432701,118,2.475493662280983e-06
3649,0.988335907459259,0.011664092540740967,1.2789875268936157,0.024337327107787132,118,2.475493662280983e-06
3650,0.9880156517028809,0.01198434829711914,1.2958871126174927,0.024823375046253204,118,2.475493662280983e-06
3651,0.9885501861572266,0.011449813842773438,1.253872275352478,0.023874038830399513,118,2.475493662280983e-06
3652,0.9886671304702759,0.011332869529724121,1.2848347425460815,0.024067888036370277,118,2.475493662280983e-06
3653,0.9881426692008972,0.011857330799102783,1.2742427587509155,0.024481184780597687,118,2.475493662280983e-06
3654,0.9884433150291443,0.011556684970855713,1.2759244441986084,0.024200361222028732,118,2.475493662280983e-06
3655,0.9885880947113037,0.011411905288696289,1.2753864526748657,0.02405165135860443,118,2.475493662280983e-06
3656,0.9886229634284973,0.011377036571502686,1.2770570516586304,0.024033837020397186,118,2.475493662280983e-06
3657,0.9880797863006592,0.01192021369934082,1.2811764478683472,0.024612776935100555,118,2.475493662280983e-06
3658,0.9882650971412659,0.01173490285873413,1.2754766941070557,0.024372320622205734,119,2.351718979166934e-06
3659,0.9886952042579651,0.011304795742034912,1.2643306255340576,0.02383505366742611,119,2.351718979166934e-06
3660,0.9880900382995605,0.011909961700439453,1.2640318870544434,0.024431180208921432,119,2.351718979166934e-06
3661,0.98808753490448,0.01191246509552002,1.2734613418579102,0.024527953937649727,119,2.351718979166934e-06
3662,0.9878579378128052,0.012142062187194824,1.274566650390625,0.024766307324171066,119,2.351718979166934e-06
3663,0.9884471893310547,0.011552810668945312,1.260602593421936,0.024043308570981026,119,2.351718979166934e-06
3664,0.9881015419960022,0.011898458003997803,1.2613706588745117,0.024393178522586823,119,2.351718979166934e-06
3665,0.9882820844650269,0.011717915534973145,1.2959709167480469,0.024560444056987762,119,2.351718979166934e-06
3666,0.9884228110313416,0.011577188968658447,1.2757004499435425,0.024218421429395676,119,2.351718979166934e-06
3667,0.988761305809021,0.011238694190979004,1.2795895338058472,0.023922203108668327,119,2.351718979166934e-06
3668,0.9880523681640625,0.0119476318359375,1.2673090696334839,0.024501245468854904,119,2.351718979166934e-06
3669,0.9882669448852539,0.011733055114746094,1.2700408697128296,0.024316132068634033,119,2.351718979166934e-06
3670,0.9885782599449158,0.011421740055084229,1.2656364440917969,0.023963887244462967,119,2.351718979166934e-06
3671,0.9887314438819885,0.011268556118011475,1.2538409233093262,0.02369428053498268,119,2.351718979166934e-06
3672,0.9885028600692749,0.011497139930725098,1.275471806526184,0.02413688600063324,119,2.351718979166934e-06
3673,0.9881680607795715,0.011831939220428467,1.2725961208343506,0.024439580738544464,119,2.351718979166934e-06
3674,0.9883614778518677,0.011638522148132324,1.269716501235962,0.024219300597906113,119,2.351718979166934e-06
3675,0.9882915019989014,0.011708498001098633,1.2717612981796265,0.024309026077389717,119,2.351718979166934e-06
3676,0.9884161949157715,0.011583805084228516,1.277510643005371,0.024243073537945747,119,2.351718979166934e-06
3677,0.9879500269889832,0.012049973011016846,1.2859385013580322,0.024788858368992805,119,2.351718979166934e-06
3678,0.9884857535362244,0.011514246463775635,1.2714622020721436,0.024113725870847702,119,2.351718979166934e-06
3679,0.9883908033370972,0.011609196662902832,1.2903022766113281,0.024396127089858055,119,2.351718979166934e-06
3680,0.9881971478462219,0.011802852153778076,1.2721214294433594,0.024406038224697113,119,2.351718979166934e-06
3681,0.9883788228034973,0.011621177196502686,1.2589735984802246,0.024094700813293457,119,2.351718979166934e-06
3682,0.9883155226707458,0.01168447732925415,1.2662934064865112,0.02423056587576866,119,2.351718979166934e-06
3683,0.9885262250900269,0.011473774909973145,1.2643721103668213,0.02400275692343712,119,2.351718979166934e-06
3684,0.9881985187530518,0.011801481246948242,1.2639509439468384,0.024322975426912308,119,2.351718979166934e-06
3685,0.9887549877166748,0.011245012283325195,1.2763487100601196,0.023896049708127975,119,2.351718979166934e-06
3686,0.9882584810256958,0.0117415189743042,1.2693865299224854,0.024317968636751175,119,2.351718979166934e-06
3687,0.9882403016090393,0.011759698390960693,1.2712516784667969,0.024354618042707443,119,2.351718979166934e-06
3688,0.9882030487060547,0.011796951293945312,1.2843915224075317,0.024522896856069565,119,2.351718979166934e-06
3689,0.9887133240699768,0.011286675930023193,1.2622262239456177,0.023796070367097855,120,2.234133030208587e-06
3690,0.9883278608322144,0.011672139167785645,1.2605327367782593,0.02416074462234974,120,2.234133030208587e-06
3691,0.9884672164916992,0.011532783508300781,1.2777979373931885,0.024195436388254166,120,2.234133030208587e-06
3692,0.9883537888526917,0.01164621114730835,1.267574429512024,0.024205492809414864,120,2.234133030208587e-06
3693,0.9883682727813721,0.01163172721862793,1.268828272819519,0.024203691631555557,120,2.234133030208587e-06
3694,0.9881083369255066,0.011891663074493408,1.2612438201904297,0.024385184049606323,120,2.234133030208587e-06
3695,0.9880905151367188,0.01190948486328125,1.2765589952468872,0.024555981159210205,120,2.234133030208587e-06
3696,0.9886141419410706,0.011385858058929443,1.283003568649292,0.02410203590989113,120,2.234133030208587e-06
3697,0.9884036183357239,0.011596381664276123,1.2813427448272705,0.024293845519423485,120,2.234133030208587e-06
3698,0.9880903959274292,0.0119096040725708,1.2788503170013428,0.024579010903835297,120,2.234133030208587e-06
3699,0.9884976744651794,0.011502325534820557,1.273867130279541,0.024125974625349045,120,2.234133030208587e-06
3700,0.9883612990379333,0.01163870096206665,1.2751861810684204,0.024274175986647606,120,2.234133030208587e-06
3701,0.9881718158721924,0.011828184127807617,1.2760063409805298,0.02446996420621872,120,2.234133030208587e-06
3702,0.9884425401687622,0.011557459831237793,1.2682582139968872,0.024124467745423317,120,2.234133030208587e-06
3703,0.9882393479347229,0.0117606520652771,1.2734217643737793,0.024377264082431793,120,2.234133030208587e-06
3704,0.9877085089683533,0.012291491031646729,1.2686634063720703,0.02485520951449871,120,2.234133030208587e-06
3705,0.988506555557251,0.011493444442749023,1.2544218301773071,0.02392272837460041,120,2.234133030208587e-06
3706,0.9884262681007385,0.011573731899261475,1.2529350519180298,0.02398734539747238,120,2.234133030208587e-06
3707,0.9880631566047668,0.011936843395233154,1.2957568168640137,0.02477504312992096,120,2.234133030208587e-06
3708,0.988245964050293,0.011754035949707031,1.2701712846755981,0.02433820813894272,120,2.234133030208587e-06
3709,0.9884920716285706,0.011507928371429443,1.2730828523635864,0.024123677983880043,120,2.234133030208587e-06
3710,0.9883642792701721,0.01163572072982788,1.2893717288970947,0.024413080886006355,120,2.234133030208587e-06
3711,0.9882049560546875,0.0117950439453125,1.267907977104187,0.02435617335140705,120,2.234133030208587e-06
3712,0.9882084727287292,0.011791527271270752,1.2728756666183472,0.024402368813753128,120,2.234133030208587e-06
3713,0.9886430501937866,0.011356949806213379,1.2678157091140747,0.023921538144350052,120,2.234133030208587e-06
3714,0.9881424307823181,0.011857569217681885,1.2701524496078491,0.024440517649054527,120,2.234133030208587e-06
3715,0.9884250164031982,0.011574983596801758,1.263497233390808,0.02409420534968376,120,2.234133030208587e-06
3716,0.9887647032737732,0.011235296726226807,1.260725736618042,0.02373019978404045,120,2.234133030208587e-06
3717,0.988332986831665,0.011667013168334961,1.2643685340881348,0.024194028228521347,120,2.234133030208587e-06
3718,0.9883567690849304,0.01164323091506958,1.2755786180496216,0.024282585829496384,120,2.234133030208587e-06
3719,0.9883953332901001,0.011604666709899902,1.2873320579528809,0.02436194010078907,120,2.234133030208587e-06
3720,0.9877926111221313,0.012207388877868652,1.2784171104431152,0.024869486689567566,121,2.1224263786981576e-06
3721,0.9879382252693176,0.012061774730682373,1.2756985425949097,0.02469814196228981,121,2.1224263786981576e-06
3722,0.9883657693862915,0.011634230613708496,1.252780556678772,0.02404569461941719,121,2.1224263786981576e-06
3723,0.9884637594223022,0.011536240577697754,1.2875800132751465,0.024296678602695465,121,2.1224263786981576e-06
3724,0.9885963797569275,0.01140362024307251,1.2720623016357422,0.024010207504034042,121,2.1224263786981576e-06
3725,0.9881969094276428,0.011803090572357178,1.282679796218872,0.024511856958270073,121,2.1224263786981576e-06
3726,0.9879289269447327,0.012071073055267334,1.2641537189483643,0.024591900408267975,121,2.1224263786981576e-06
3727,0.98813396692276,0.01186603307723999,1.2707027196884155,0.024454399943351746,121,2.1224263786981576e-06
3728,0.9881625771522522,0.011837422847747803,1.2706482410430908,0.024425530806183815,121,2.1224263786981576e-06
3729,0.9888399243354797,0.011160075664520264,1.2629194259643555,0.02367766946554184,121,2.1224263786981576e-06
3730,0.9884764552116394,0.011523544788360596,1.2645797729492188,0.024054106324911118,121,2.1224263786981576e-06
3731,0.988044798374176,0.011955201625823975,1.2759301662445068,0.024594951421022415,121,2.1224263786981576e-06
3732,0.9883963465690613,0.01160365343093872,1.2910752296447754,0.02439836785197258,121,2.1224263786981576e-06
3733,0.9885033369064331,0.011496663093566895,1.2739794254302979,0.024121491238474846,121,2.1224263786981576e-06
3734,0.988582968711853,0.011417031288146973,1.278532862663269,0.024088189005851746,121,2.1224263786981576e-06
3735,0.9883002638816833,0.01169973611831665,1.2768981456756592,0.02435171976685524,121,2.1224263786981576e-06
3736,0.9884850978851318,0.011514902114868164,1.2626699209213257,0.024026453495025635,121,2.1224263786981576e-06
3737,0.988638162612915,0.011361837387084961,1.2770898342132568,0.024019116535782814,121,2.1224263786981576e-06
3738,0.9884136915206909,0.011586308479309082,1.2640316486358643,0.024110760539770126,121,2.1224263786981576e-06
3739,0.9886906147003174,0.011309385299682617,1.2684427499771118,0.023880720138549805,121,2.1224263786981576e-06
3740,0.988095760345459,0.011904239654541016,1.2735944986343384,0.02452114224433899,121,2.1224263786981576e-06
3741,0.9882305264472961,0.011769473552703857,1.299409031867981,0.024645868688821793,121,2.1224263786981576e-06
3742,0.9883638024330139,0.011636197566986084,1.2630724906921387,0.024150559678673744,121,2.1224263786981576e-06
3743,0.9878420829772949,0.012157917022705078,1.2726563215255737,0.024762900546193123,121,2.1224263786981576e-06
3744,0.9883332252502441,0.01166677474975586,1.2560479640960693,0.0241105854511261,121,2.1224263786981576e-06
3745,0.9884921908378601,0.011507809162139893,1.270365595817566,0.02409638650715351,121,2.1224263786981576e-06
3746,0.9887154698371887,0.01128453016281128,1.2605509757995605,0.023777194321155548,121,2.1224263786981576e-06
3747,0.988582968711853,0.011417031288146973,1.262344241142273,0.023926302790641785,121,2.1224263786981576e-06
3748,0.988271951675415,0.011728048324584961,1.2711533308029175,0.024322301149368286,121,2.1224263786981576e-06
3749,0.9885146617889404,0.01148533821105957,1.2615400552749634,0.023985885083675385,121,2.1224263786981576e-06
3750,0.9879961013793945,0.012003898620605469,1.2677116394042969,0.024560976773500443,121,2.1224263786981576e-06
3751,0.9881139993667603,0.011886000633239746,1.268572211265564,0.02445286139845848,122,2.0163050597632494e-06
3752,0.988541841506958,0.011458158493041992,1.2714848518371582,0.024058423936367035,122,2.0163050597632494e-06
3753,0.9886630773544312,0.011336922645568848,1.264315128326416,0.02386670559644699,122,2.0163050597632494e-06
3754,0.9879397749900818,0.012060225009918213,1.277876615524292,0.02471838891506195,122,2.0163050597632494e-06
3755,0.9880646467208862,0.01193535327911377,1.2662391662597656,0.02447839081287384,122,2.0163050597632494e-06
3756,0.9880390763282776,0.011960923671722412,1.2726231813430786,0.02456754632294178,122,2.0163050597632494e-06
3757,0.9886868000030518,0.011313199996948242,1.270078420639038,0.023900851607322693,122,2.0163050597632494e-06
3758,0.9885272979736328,0.011472702026367188,1.2703741788864136,0.024061717092990875,122,2.0163050597632494e-06
3759,0.9888138771057129,0.01118612289428711,1.2550073862075806,0.02362433448433876,122,2.0163050597632494e-06
3760,0.9886912703514099,0.011308729648590088,1.2691872119903564,0.0238875150680542,122,2.0163050597632494e-06
3761,0.988059937953949,0.011940062046051025,1.2662447690963745,0.024483108893036842,122,2.0163050597632494e-06
3762,0.9884968400001526,0.011503159999847412,1.2779583930969238,0.024167712777853012,122,2.0163050597632494e-06
3763,0.988537073135376,0.011462926864624023,1.2558319568634033,0.023906618356704712,122,2.0163050597632494e-06
3764,0.9885984063148499,0.011401593685150146,1.2882500886917114,0.024170078337192535,122,2.0163050597632494e-06
3765,0.9885869026184082,0.011413097381591797,1.2673670053482056,0.023972636088728905,122,2.0163050597632494e-06
3766,0.9884099960327148,0.011590003967285156,1.2692956924438477,0.02416706085205078,122,2.0163050597632494e-06
3767,0.9880245327949524,0.011975467205047607,1.278617262840271,0.024641886353492737,122,2.0163050597632494e-06
3768,0.9885432720184326,0.011456727981567383,1.2781656980514526,0.024123817682266235,122,2.0163050597632494e-06
3769,0.9884901642799377,0.011509835720062256,1.269547462463379,0.02409021183848381,122,2.0163050597632494e-06
3770,0.9886649250984192,0.01133507490158081,1.2888109683990479,0.02410983294248581,122,2.0163050597632494e-06
3771,0.9880442023277283,0.011955797672271729,1.2600637674331665,0.02443687617778778,122,2.0163050597632494e-06
3772,0.9877743721008301,0.012225627899169922,1.2686340808868408,0.024789711460471153,122,2.0163050597632494e-06
3773,0.9884032607078552,0.011596739292144775,1.274788737297058,0.02422865852713585,122,2.0163050597632494e-06
3774,0.9880593419075012,0.01194065809249878,1.272177815437317,0.024543028324842453,122,2.0163050597632494e-06
3775,0.9881637692451477,0.011836230754852295,1.2725554704666138,0.024443423375487328,122,2.0163050597632494e-06
3776,0.9882714748382568,0.011728525161743164,1.280205249786377,0.02441329136490822,122,2.0163050597632494e-06
3777,0.9884920120239258,0.011507987976074219,1.2619602680206299,0.024012509733438492,122,2.0163050597632494e-06
3778,0.988286018371582,0.011713981628417969,1.2554534673690796,0.024151377379894257,122,2.0163050597632494e-06
3779,0.9880371689796448,0.011962831020355225,1.2869292497634888,0.024712495505809784,122,2.0163050597632494e-06
3780,0.9880915284156799,0.011908471584320068,1.2691688537597656,0.024481074884533882,122,2.0163050597632494e-06
3781,0.988415539264679,0.011584460735321045,1.2891762256622314,0.024360377341508865,122,2.0163050597632494e-06
3782,0.988208532333374,0.011791467666625977,1.2686028480529785,0.024359580129384995,123,1.915489806775087e-06
3783,0.9881695508956909,0.011830449104309082,1.2670835256576538,0.024382978677749634,123,1.915489806775087e-06
3784,0.9885258674621582,0.011474132537841797,1.2706624269485474,0.0240660160779953,123,1.915489806775087e-06
3785,0.9883233904838562,0.011676609516143799,1.265204668045044,0.024211889132857323,123,1.915489806775087e-06
3786,0.988622784614563,0.011377215385437012,1.2767643928527832,0.02403108775615692,123,1.915489806775087e-06
3787,0.9882968664169312,0.011703133583068848,1.2823646068572998,0.02440974861383438,123,1.915489806775087e-06
3788,0.9882559776306152,0.011744022369384766,1.276299238204956,0.02438957430422306,123,1.915489806775087e-06
3789,0.9884307980537415,0.011569201946258545,1.2644453048706055,0.02409796416759491,123,1.915489806775087e-06
3790,0.9881045818328857,0.011895418167114258,1.2628754377365112,0.02440521866083145,123,1.915489806775087e-06
3791,0.988451361656189,0.011548638343811035,1.2732926607131958,0.024166079238057137,123,1.915489806775087e-06
3792,0.9885705709457397,0.011429429054260254,1.2705639600753784,0.02402077428996563,123,1.915489806775087e-06
3793,0.9884180426597595,0.011581957340240479,1.278009057044983,0.024246226996183395,123,1.915489806775087e-06
3794,0.9882240891456604,0.0117759108543396,1.281043529510498,0.02446858584880829,123,1.915489806775087e-06
3795,0.9883942008018494,0.011605799198150635,1.2692277431488037,0.024182017892599106,123,1.915489806775087e-06
3796,0.9889746308326721,0.01102536916732788,1.2595809698104858,0.023510925471782684,123,1.915489806775087e-06
3797,0.9882054328918457,0.011794567108154297,1.2580037117004395,0.02425665780901909,123,1.915489806775087e-06
3798,0.9883407950401306,0.011659204959869385,1.2822314500808716,0.024364925920963287,123,1.915489806775087e-06
3799,0.9885377883911133,0.011462211608886719,1.2729265689849854,0.024076856672763824,123,1.915489806775087e-06
3800,0.988297164440155,0.01170283555984497,1.264034628868103,0.024226153269410133,123,1.915489806775087e-06
3801,0.9882790446281433,0.01172095537185669,1.2798824310302734,0.024402569979429245,123,1.915489806775087e-06
3802,0.9880306720733643,0.011969327926635742,1.2779091596603394,0.02462872490286827,123,1.915489806775087e-06
3803,0.9884563088417053,0.011543691158294678,1.2631385326385498,0.024059638381004333,123,1.915489806775087e-06
3804,0.9882330894470215,0.011766910552978516,1.266526222229004,0.024314504116773605,123,1.915489806775087e-06
3805,0.9883399605751038,0.01166003942489624,1.2864305973052979,0.02440774440765381,123,1.915489806775087e-06
3806,0.9882482886314392,0.011751711368560791,1.2660634517669678,0.02429482713341713,123,1.915489806775087e-06
3807,0.9885357618331909,0.011464238166809082,1.269802212715149,0.024047616869211197,123,1.915489806775087e-06
3808,0.9884244799613953,0.011575520038604736,1.2629492282867432,0.024089258164167404,123,1.915489806775087e-06
3809,0.9880282282829285,0.011971771717071533,1.279835820198059,0.024650411680340767,123,1.915489806775087e-06
3810,0.9883020520210266,0.011697947978973389,1.2703783512115479,0.02428475022315979,123,1.915489806775087e-06
3811,0.9881281852722168,0.011871814727783203,1.2690378427505493,0.024443473666906357,123,1.915489806775087e-06
3812,0.9881885051727295,0.011811494827270508,1.2760965824127197,0.02445434406399727,123,1.915489806775087e-06
3813,0.9885034561157227,0.011496543884277344,1.2556604146957397,0.02393818274140358,124,1.8197153164363325e-06
3814,0.9886802434921265,0.011319756507873535,1.272924780845642,0.02393580600619316,124,1.8197153164363325e-06
3815,0.9883567094802856,0.011643290519714355,1.2711753845214844,0.02423861064016819,124,1.8197153164363325e-06
3816,0.988309919834137,0.011690080165863037,1.264738917350769,0.02422056719660759,124,1.8197153164363325e-06
3817,0.9884867668151855,0.011513233184814453,1.2824914455413818,0.02422301471233368,124,1.8197153164363325e-06
3818,0.9883486032485962,0.011651396751403809,1.2742812633514404,0.024277694523334503,124,1.8197153164363325e-06
3819,0.9883788228034973,0.011621177196502686,1.273300051689148,0.024237966164946556,124,1.8197153164363325e-06
3820,0.9882548451423645,0.011745154857635498,1.274484395980835,0.02437254786491394,124,1.8197153164363325e-06
3821,0.9885566234588623,0.011443376541137695,1.2797694206237793,0.02412663772702217,124,1.8197153164363325e-06
3822,0.988054096698761,0.011945903301239014,1.2750030755996704,0.024576473981142044,124,1.8197153164363325e-06
3823,0.9885177612304688,0.01148223876953125,1.260022759437561,0.023967644199728966,124,1.8197153164363325e-06
3824,0.9881736040115356,0.011826395988464355,1.2769992351531982,0.0244781244546175,124,1.8197153164363325e-06
3825,0.9886273145675659,0.011372685432434082,1.2610974311828613,0.02386993169784546,124,1.8197153164363325e-06
3826,0.9881648421287537,0.011835157871246338,1.2604169845581055,0.024320974946022034,124,1.8197153164363325e-06
3827,0.9880546927452087,0.01194530725479126,1.2787847518920898,0.024613700807094574,124,1.8197153164363325e-06
3828,0.9889114499092102,0.011088550090789795,1.2638633251190186,0.023616299033164978,124,1.8197153164363325e-06
3829,0.9886047840118408,0.01139521598815918,1.2868075370788574,0.024149339646100998,124,1.8197153164363325e-06
3830,0.9881613850593567,0.01183861494064331,1.2624043226242065,0.024344272911548615,124,1.8197153164363325e-06
3831,0.9881377220153809,0.01186227798461914,1.258467197418213,0.02432832680642605,124,1.8197153164363325e-06
3832,0.988621711730957,0.011378288269042969,1.274753451347351,0.024012040346860886,124,1.8197153164363325e-06
3833,0.9884451627731323,0.011554837226867676,1.2640702724456787,0.02407999150454998,124,1.8197153164363325e-06
3834,0.9881152510643005,0.011884748935699463,1.2686153650283813,0.024452054873108864,124,1.8197153164363325e-06
3835,0.9883735775947571,0.01162642240524292,1.2696504592895508,0.02420666255056858,124,1.8197153164363325e-06
3836,0.9880297183990479,0.011970281600952148,1.2792375087738037,0.024642953649163246,124,1.8197153164363325e-06
3837,0.9881441593170166,0.011855840682983398,1.278660774230957,0.024523889645934105,124,1.8197153164363325e-06
3838,0.9882664084434509,0.011733591556549072,1.277519941329956,0.024391455575823784,124,1.8197153164363325e-06
3839,0.9882808923721313,0.011719107627868652,1.2729719877243042,0.02433163672685623,124,1.8197153164363325e-06
3840,0.9879376292228699,0.012062370777130127,1.2815207242965698,0.02475695312023163,124,1.8197153164363325e-06
3841,0.9885489344596863,0.01145106554031372,1.275080680847168,0.024087361991405487,124,1.8197153164363325e-06
3842,0.9885027408599854,0.011497259140014648,1.2661309242248535,0.024043595418334007,124,1.8197153164363325e-06
3843,0.9879293441772461,0.012070655822753906,1.2665280103683472,0.024615228176116943,124,1.8197153164363325e-06
3844,0.9887905716896057,0.011209428310394287,1.2644407749176025,0.023741740733385086,125,1.7287295506145157e-06
3845,0.9882540702819824,0.011745929718017578,1.2737334966659546,0.024365805089473724,125,1.7287295506145157e-06
3846,0.9888111352920532,0.011188864707946777,1.2685363292694092,0.02376233972609043,125,1.7287295506145157e-06
3847,0.9885669350624084,0.011433064937591553,1.2613797187805176,0.023932531476020813,125,1.7287295506145157e-06
3848,0.9883363246917725,0.011663675308227539,1.2693102359771729,0.02424013987183571,125,1.7287295506145157e-06
3849,0.9878964424133301,0.012103557586669922,1.27186918258667,0.024701213464140892,125,1.7287295506145157e-06
3850,0.9884854555130005,0.011514544486999512,1.2753387689590454,0.024152785539627075,125,1.7287295506145157e-06
3851,0.9884049892425537,0.011595010757446289,1.2843329906463623,0.02432239055633545,125,1.7287295506145157e-06
3852,0.9885513186454773,0.011448681354522705,1.2834488153457642,0.024168681353330612,125,1.7287295506145157e-06
3853,0.9884698390960693,0.011530160903930664,1.259529709815979,0.024010155349969864,125,1.7287295506145157e-06
3854,0.9884048104286194,0.011595189571380615,1.2749435901641846,0.024228673428297043,125,1.7287295506145157e-06
3855,0.9882381558418274,0.011761844158172607,1.2876472473144531,0.024520698934793472,125,1.7287295506145157e-06
3856,0.9883599877357483,0.011640012264251709,1.276340365409851,0.024287015199661255,125,1.7287295506145157e-06
3857,0.9882975220680237,0.011702477931976318,1.2810355424880981,0.024395808577537537,125,1.7287295506145157e-06
3858,0.9885015487670898,0.011498451232910156,1.2622852325439453,0.024006318300962448,125,1.7287295506145157e-06
3859,0.9882909059524536,0.011709094047546387,1.2772281169891357,0.024364285171031952,125,1.7287295506145157e-06
3860,0.9881524443626404,0.01184755563735962,1.267580270767212,0.02440488338470459,125,1.7287295506145157e-06
3861,0.9880915880203247,0.011908411979675293,1.2592759132385254,0.0243820883333683,125,1.7287295506145157e-06
3862,0.9883359670639038,0.011664032936096191,1.273891568183899,0.024286307394504547,125,1.7287295506145157e-06
3863,0.988193154335022,0.011806845664978027,1.2835664749145508,0.024524442851543427,125,1.7287295506145157e-06
3864,0.9882344603538513,0.011765539646148682,1.2710459232330322,0.024358343333005905,125,1.7287295506145157e-06
3865,0.988276481628418,0.011723518371582031,1.2646795511245728,0.024253077805042267,125,1.7287295506145157e-06
3866,0.9887814521789551,0.011218547821044922,1.2671619653701782,0.023777982220053673,125,1.7287295506145157e-06
3867,0.9881941676139832,0.011805832386016846,1.2674078941345215,0.024361852556467056,125,1.7287295506145157e-06
3868,0.9886392951011658,0.011360704898834229,1.2534631490707397,0.023781727999448776,125,1.7287295506145157e-06
3869,0.9881805181503296,0.01181948184967041,1.276757836341858,0.024468865245580673,125,1.7287295506145157e-06
3870,0.9882121086120605,0.011787891387939453,1.2665239572525024,0.02433525212109089,125,1.7287295506145157e-06
3871,0.9880013465881348,0.011998653411865234,1.261513113975525,0.02449379861354828,125,1.7287295506145157e-06
3872,0.9879361391067505,0.012063860893249512,1.2631901502609253,0.02457512356340885,125,1.7287295506145157e-06
3873,0.9884796738624573,0.011520326137542725,1.2749468088150024,0.02415459230542183,125,1.7287295506145157e-06
3874,0.9884127974510193,0.011587202548980713,1.2910146713256836,0.024381477385759354,125,1.7287295506145157e-06
3875,0.9878787398338318,0.012121260166168213,1.272183895111084,0.024721886962652206,126,1.6422930730837899e-06
3876,0.9883756637573242,0.011624336242675781,1.2694071531295776,0.024202164262533188,126,1.6422930730837899e-06
3877,0.9882925748825073,0.011707425117492676,1.2732309103012085,0.02432265877723694,126,1.6422930730837899e-06
3878,0.988079845905304,0.011920154094696045,1.2692731618881226,0.024493683129549026,126,1.6422930730837899e-06
3879,0.988261878490448,0.011738121509552002,1.2787303924560547,0.024408044293522835,126,1.6422930730837899e-06
3880,0.9884209036827087,0.01157909631729126,1.2599416971206665,0.02406272292137146,126,1.6422930730837899e-06
3881,0.9883854985237122,0.011614501476287842,1.2799891233444214,0.024298246949911118,126,1.6422930730837899e-06
3882,0.9881980419158936,0.011801958084106445,1.2853331565856934,0.02453726902604103,126,1.6422930730837899e-06
3883,0.9879944920539856,0.012005507946014404,1.2658108472824097,0.024543561041355133,126,1.6422930730837899e-06
3884,0.9884364604949951,0.011563539505004883,1.2745087146759033,0.024192992597818375,126,1.6422930730837899e-06
3885,0.9889373779296875,0.0110626220703125,1.2610771656036377,0.02356276661157608,126,1.6422930730837899e-06
3886,0.9881502985954285,0.011849701404571533,1.277031660079956,0.02450152114033699,126,1.6422930730837899e-06
3887,0.9882284998893738,0.01177150011062622,1.2647242546081543,0.02430102787911892,126,1.6422930730837899e-06
3888,0.988796055316925,0.011203944683074951,1.251427412033081,0.023606179282069206,126,1.6422930730837899e-06
3889,0.988491952419281,0.011508047580718994,1.276676893234253,0.024159735068678856,126,1.6422930730837899e-06
3890,0.9882082939147949,0.011791706085205078,1.2817931175231934,0.024491719901561737,126,1.6422930730837899e-06
3891,0.9883094429969788,0.01169055700302124,1.2645595073699951,0.024219246581196785,126,1.6422930730837899e-06
3892,0.9883778095245361,0.011622190475463867,1.266926646232605,0.024175234138965607,126,1.6422930730837899e-06
3893,0.9881584644317627,0.011841535568237305,1.2813787460327148,0.02453690767288208,126,1.6422930730837899e-06
3894,0.988739013671875,0.011260986328125,1.2823854684829712,0.02397223189473152,126,1.6422930730837899e-06
3895,0.9881628155708313,0.011837184429168701,1.2752962112426758,0.024471774697303772,126,1.6422930730837899e-06
3896,0.9883210062980652,0.011678993701934814,1.2702083587646484,0.02426428720355034,126,1.6422930730837899e-06
3897,0.9879581332206726,0.012041866779327393,1.2772046327590942,0.02469349466264248,126,1.6422930730837899e-06
3898,0.9882645010948181,0.011735498905181885,1.2639509439468384,0.024257652461528778,126,1.6422930730837899e-06
3899,0.9883822798728943,0.011617720127105713,1.2624090909957886,0.024125633761286736,126,1.6422930730837899e-06
3900,0.9883030652999878,0.011696934700012207,1.2597872018814087,0.02417783811688423,126,1.6422930730837899e-06
3901,0.9882828593254089,0.011717140674591064,1.2873857021331787,0.024473825469613075,126,1.6422930730837899e-06
3902,0.9883146286010742,0.011685371398925781,1.2666529417037964,0.02423504739999771,126,1.6422930730837899e-06
3903,0.9885538220405579,0.011446177959442139,1.2700623273849487,0.024032339453697205,126,1.6422930730837899e-06
3904,0.988732635974884,0.011267364025115967,1.270829200744629,0.02386298216879368,126,1.6422930730837899e-06
3905,0.9889154434204102,0.011084556579589844,1.2650762796401978,0.023624474182724953,126,1.6422930730837899e-06
3906,0.988713264465332,0.011286735534667969,1.2886614799499512,0.024060484021902084,127,1.5601784194296004e-06
3907,0.9880422353744507,0.011957764625549316,1.2692526578903198,0.024530712515115738,127,1.5601784194296004e-06
3908,0.9883939623832703,0.011606037616729736,1.2594709396362305,0.02408468723297119,127,1.5601784194296004e-06
3909,0.9886202812194824,0.011379718780517578,1.2793831825256348,0.024059753865003586,127,1.5601784194296004e-06
3910,0.9884212017059326,0.011578798294067383,1.2635860443115234,0.024098871275782585,127,1.5601784194296004e-06
3911,0.9883019328117371,0.01169806718826294,1.2640917301177979,0.024222003296017647,127,1.5601784194296004e-06
3912,0.9884463548660278,0.011553645133972168,1.2666937112808228,0.024105045944452286,127,1.5601784194296004e-06
3913,0.9878845810890198,0.012115418910980225,1.272147297859192,0.024715736508369446,127,1.5601784194296004e-06
3914,0.9882262349128723,0.011773765087127686,1.2668864727020264,0.024324892088770866,127,1.5601784194296004e-06
3915,0.9886072874069214,0.011392712593078613,1.2667280435562134,0.023946065455675125,127,1.5601784194296004e-06
3916,0.9885728359222412,0.011427164077758789,1.276299238204956,0.024075884371995926,127,1.5601784194296004e-06
3917,0.9882463216781616,0.011753678321838379,1.2903472185134888,0.024539612233638763,127,1.5601784194296004e-06
3918,0.9882636666297913,0.01173633337020874,1.2712894678115845,0.024331863969564438,127,1.5601784194296004e-06
3919,0.9881635308265686,0.011836469173431396,1.2751325368881226,0.02446942962706089,127,1.5601784194296004e-06
3920,0.988489031791687,0.011510968208312988,1.2635563611984253,0.024031423032283783,127,1.5601784194296004e-06
3921,0.9886066317558289,0.011393368244171143,1.2904516458511353,0.024183951318264008,127,1.5601784194296004e-06
3922,0.9885559678077698,0.011444032192230225,1.2667391300201416,0.023996982723474503,127,1.5601784194296004e-06
3923,0.9883790612220764,0.011620938777923584,1.2829488515853882,0.024334218353033066,127,1.5601784194296004e-06
3924,0.9884898066520691,0.011510193347930908,1.2605432271957397,0.02400052361190319,127,1.5601784194296004e-06
3925,0.9879891276359558,0.01201087236404419,1.2711622714996338,0.024602387100458145,127,1.5601784194296004e-06
3926,0.9880868792533875,0.011913120746612549,1.26361083984375,0.02443009801208973,127,1.5601784194296004e-06
3927,0.9880337119102478,0.011966288089752197,1.2580028772354126,0.0244266539812088,127,1.5601784194296004e-06
3928,0.9880815148353577,0.011918485164642334,1.2867270708084106,0.024666570127010345,127,1.5601784194296004e-06
3929,0.9886698722839355,0.011330127716064453,1.2850074768066406,0.024066900834441185,127,1.5601784194296004e-06
3930,0.9879040122032166,0.012095987796783447,1.2727839946746826,0.02470286749303341,127,1.5601784194296004e-06
3931,0.9883684515953064,0.011631548404693604,1.2696884870529175,0.024212118238210678,127,1.5601784194296004e-06
3932,0.9881601333618164,0.011839866638183594,1.2709267139434814,0.024430735036730766,127,1.5601784194296004e-06
3933,0.9886561632156372,0.011343836784362793,1.2586212158203125,0.023816611617803574,127,1.5601784194296004e-06
3934,0.9883182048797607,0.011681795120239258,1.2525560855865479,0.024090537801384926,127,1.5601784194296004e-06
3935,0.9883031249046326,0.011696875095367432,1.2657376527786255,0.02423728257417679,127,1.5601784194296004e-06
3936,0.9887641072273254,0.01123589277267456,1.277239203453064,0.023895926773548126,127,1.5601784194296004e-06
3937,0.9879554510116577,0.012044548988342285,1.2835237979888916,0.024759341031312943,128,1.4821694984581202e-06
3938,0.9882990717887878,0.011700928211212158,1.275648832321167,0.02434040606021881,128,1.4821694984581202e-06
3939,0.9882051348686218,0.011794865131378174,1.2758538722991943,0.024435454979538918,128,1.4821694984581202e-06
3940,0.988185703754425,0.011814296245574951,1.2691717147827148,0.024387869983911514,128,1.4821694984581202e-06
3941,0.9887086153030396,0.01129138469696045,1.252800464630127,0.023706475272774696,128,1.4821694984581202e-06
3942,0.9886195659637451,0.011380434036254883,1.2545528411865234,0.023812158033251762,128,1.4821694984581202e-06
3943,0.9880895018577576,0.011910498142242432,1.2631086111068726,0.024422477930784225,128,1.4821694984581202e-06
3944,0.9886426329612732,0.011357367038726807,1.2773513793945312,0.02401730790734291,128,1.4821694984581202e-06
3945,0.9886285066604614,0.011371493339538574,1.26932692527771,0.023951048031449318,128,1.4821694984581202e-06
3946,0.988154947757721,0.011845052242279053,1.2811328172683716,0.024537930265069008,128,1.4821694984581202e-06
3947,0.9880534410476685,0.011946558952331543,1.2655750513076782,0.024482842534780502,128,1.4821694984581202e-06
3948,0.9884726405143738,0.01152735948562622,1.263046383857727,0.02404255047440529,128,1.4821694984581202e-06
3949,0.9886468052864075,0.01135319471359253,1.2730042934417725,0.023969706147909164,128,1.4821694984581202e-06
3950,0.988377571105957,0.011622428894042969,1.2710176706314087,0.02421637997031212,128,1.4821694984581202e-06
3951,0.9884157180786133,0.011584281921386719,1.2799813747406006,0.02426825277507305,128,1.4821694984581202e-06
3952,0.9881065487861633,0.01189345121383667,1.2760382890701294,0.02453489974141121,128,1.4821694984581202e-06
3953,0.9885460138320923,0.011453986167907715,1.2750506401062012,0.024089952930808067,128,1.4821694984581202e-06
3954,0.9881333112716675,0.01186668872833252,1.2807114124298096,0.024555135518312454,128,1.4821694984581202e-06
3955,0.988425076007843,0.011574923992156982,1.2695082426071167,0.024154257029294968,128,1.4821694984581202e-06
3956,0.9883454442024231,0.011654555797576904,1.2884032726287842,0.024422042071819305,128,1.4821694984581202e-06
3957,0.988444983959198,0.011555016040802002,1.2616291046142578,0.024055756628513336,128,1.4821694984581202e-06
3958,0.9885280132293701,0.011471986770629883,1.2729758024215698,0.024087024852633476,128,1.4821694984581202e-06
3959,0.9879786968231201,0.012021303176879883,1.2714449167251587,0.024615539237856865,128,1.4821694984581202e-06
3960,0.9882609844207764,0.011739015579223633,1.2816941738128662,0.024438567459583282,128,1.4821694984581202e-06
3961,0.9884741306304932,0.011525869369506836,1.2601158618927002,0.024011768400669098,128,1.4821694984581202e-06
3962,0.9882825613021851,0.011717438697814941,1.2732793092727661,0.024333056062459946,128,1.4821694984581202e-06
3963,0.9883860945701599,0.011613905429840088,1.266875982284546,0.024166526272892952,128,1.4821694984581202e-06
3964,0.9886478781700134,0.011352121829986572,1.2645982503890991,0.02388458326458931,128,1.4821694984581202e-06
3965,0.9883633255958557,0.011636674404144287,1.2864115238189697,0.024384422227740288,128,1.4821694984581202e-06
3966,0.9881783127784729,0.0118216872215271,1.2589508295059204,0.024292979389429092,128,1.4821694984581202e-06
3967,0.9880691170692444,0.011930882930755615,1.2531136274337769,0.02434271015226841,128,1.4821694984581202e-06
3968,0.9881458282470703,0.011854171752929688,1.2684361934661865,0.02441999316215515,129,1.4080610235352142e-06
3969,0.9882230758666992,0.011776924133300781,1.263045310974121,0.024289608001708984,129,1.4080610235352142e-06
3970,0.9881359338760376,0.011864066123962402,1.2696597576141357,0.024442024528980255,129,1.4080610235352142e-06
3971,0.9884105324745178,0.011589467525482178,1.2710893154144287,0.024184465408325195,129,1.4080610235352142e-06
3972,0.9885305166244507,0.011469483375549316,1.263425350189209,0.023989040404558182,129,1.4080610235352142e-06
3973,0.9881824851036072,0.011817514896392822,1.258914589881897,0.024288486689329147,129,1.4080610235352142e-06
3974,0.9884354472160339,0.011564552783966064,1.2816896438598633,0.024265803396701813,129,1.4080610235352142e-06
3975,0.9879132509231567,0.012086749076843262,1.2717291116714478,0.02468317374587059,129,1.4080610235352142e-06
3976,0.9885682463645935,0.011431753635406494,1.2714734077453613,0.024032169952988625,129,1.4080610235352142e-06
3977,0.988128125667572,0.011871874332427979,1.2708131074905396,0.0244612880051136,129,1.4080610235352142e-06
3978,0.9884431958198547,0.011556804180145264,1.2831683158874512,0.024272918701171875,129,1.4080610235352142e-06
3979,0.9878886342048645,0.012111365795135498,1.2750940322875977,0.024741191416978836,129,1.4080610235352142e-06
3980,0.9881840348243713,0.011815965175628662,1.2561076879501343,0.02425888180732727,129,1.4080610235352142e-06
3981,0.9884297251701355,0.011570274829864502,1.2744476795196533,0.024199048057198524,129,1.4080610235352142e-06
3982,0.9888972640037537,0.011102735996246338,1.271541953086853,0.023707127198576927,129,1.4080610235352142e-06
3983,0.988422155380249,0.011577844619750977,1.2686456441879272,0.024148523807525635,129,1.4080610235352142e-06
3984,0.9883663058280945,0.011633694171905518,1.2581210136413574,0.02409856766462326,129,1.4080610235352142e-06
3985,0.9885904788970947,0.011409521102905273,1.270668387413025,0.024002108722925186,129,1.4080610235352142e-06
3986,0.9882254004478455,0.011774599552154541,1.259663701057434,0.024253491312265396,129,1.4080610235352142e-06
3987,0.9884617924690247,0.011538207530975342,1.267396330833435,0.024096788838505745,129,1.4080610235352142e-06
3988,0.9883769750595093,0.011623024940490723,1.291372537612915,0.024420520290732384,129,1.4080610235352142e-06
3989,0.9880251288414001,0.011974871158599854,1.2681483030319214,0.024536605924367905,129,1.4080610235352142e-06
3990,0.9883142709732056,0.011685729026794434,1.2789984941482544,0.024358857423067093,129,1.4080610235352142e-06
3991,0.988142192363739,0.011857807636260986,1.2822519540786743,0.024561747908592224,129,1.4080610235352142e-06
3992,0.9887343049049377,0.011265695095062256,1.2635389566421509,0.02378842793405056,129,1.4080610235352142e-06
3993,0.9886449575424194,0.011355042457580566,1.272473931312561,0.0239662304520607,129,1.4080610235352142e-06
3994,0.9881353378295898,0.011864662170410156,1.2611699104309082,0.024357713758945465,129,1.4080610235352142e-06
3995,0.9884554743766785,0.011544525623321533,1.2788233757019043,0.024217315018177032,129,1.4080610235352142e-06
3996,0.9884154796600342,0.01158452033996582,1.2733783721923828,0.024202458560466766,129,1.4080610235352142e-06
3997,0.9886211156845093,0.011378884315490723,1.277716875076294,0.024042263627052307,129,1.4080610235352142e-06
3998,0.9884679317474365,0.011532068252563477,1.2835729122161865,0.024252476170659065,129,1.4080610235352142e-06
3999,0.9885261654853821,0.01147383451461792,1.2640869617462158,0.02399996668100357,130,1.3376579723584535e-06
4000,0.9879685640335083,0.0120314359664917,1.2658469676971436,0.024569591507315636,130,1.3376579723584535e-06
4001,0.988254189491272,0.011745810508728027,1.2769455909729004,0.02439780905842781,130,1.3376579723584535e-06
4002,0.9884853363037109,0.011514663696289062,1.2636617422103882,0.024036133661866188,130,1.3376579723584535e-06
4003,0.9883826375007629,0.01161736249923706,1.2658872604370117,0.02416006103157997,130,1.3376579723584535e-06
4004,0.9884324669837952,0.011567533016204834,1.269629955291748,0.024148158729076385,130,1.3376579723584535e-06
4005,0.9881556630134583,0.011844336986541748,1.27259361743927,0.024451829493045807,130,1.3376579723584535e-06
4006,0.9884037375450134,0.011596262454986572,1.2876429557800293,0.02435673028230667,130,1.3376579723584535e-06
4007,0.9884821772575378,0.011517822742462158,1.261032223701477,0.024012966081500053,130,1.3376579723584535e-06
4008,0.9881466627120972,0.011853337287902832,1.2742915153503418,0.024477720260620117,130,1.3376579723584535e-06
4009,0.9880772233009338,0.011922776699066162,1.2756651639938354,0.024560200050473213,130,1.3376579723584535e-06
4010,0.9880488514900208,0.011951148509979248,1.2568998336791992,0.024400636553764343,130,1.3376579723584535e-06
4011,0.9882627129554749,0.011737287044525146,1.2828173637390137,0.024448087438941002,130,1.3376579723584535e-06
4012,0.988605260848999,0.011394739151000977,1.2586491107940674,0.023867283016443253,130,1.3376579723584535e-06
4013,0.9881696701049805,0.011830329895019531,1.2845312356948853,0.024557339027523994,130,1.3376579723584535e-06
4014,0.988410234451294,0.011589765548706055,1.2874314785003662,0.02434818260371685,130,1.3376579723584535e-06
4015,0.9888136386871338,0.011186361312866211,1.2673845291137695,0.02374834194779396,130,1.3376579723584535e-06
4016,0.9881918430328369,0.011808156967163086,1.2751575708389282,0.02444165199995041,130,1.3376579723584535e-06
4017,0.9882534146308899,0.011746585369110107,1.2691946029663086,0.024321064352989197,130,1.3376579723584535e-06
4018,0.9885978698730469,0.011402130126953125,1.2863759994506836,0.024151869118213654,130,1.3376579723584535e-06
4019,0.9882814288139343,0.011718571186065674,1.2793164253234863,0.024394549429416656,130,1.3376579723584535e-06
4020,0.9881868958473206,0.011813104152679443,1.272550106048584,0.024420473724603653,130,1.3376579723584535e-06
4021,0.9880755543708801,0.011924445629119873,1.2623363733291626,0.024428565055131912,130,1.3376579723584535e-06
4022,0.9886371493339539,0.011362850666046143,1.2618318796157837,0.023867540061473846,130,1.3376579723584535e-06
4023,0.9887431859970093,0.011256814002990723,1.2657628059387207,0.02380187436938286,130,1.3376579723584535e-06
4024,0.9883444309234619,0.011655569076538086,1.2696515321731567,0.024235527962446213,130,1.3376579723584535e-06
4025,0.9880738258361816,0.01192617416381836,1.268752098083496,0.024494433775544167,130,1.3376579723584535e-06
4026,0.988696813583374,0.011303186416625977,1.2626358270645142,0.023816512897610664,130,1.3376579723584535e-06
4027,0.9884614944458008,0.011538505554199219,1.2621251344680786,0.024044372141361237,130,1.3376579723584535e-06
4028,0.9881387948989868,0.011861205101013184,1.2852537631988525,0.02459513023495674,130,1.3376579723584535e-06
4029,0.988559365272522,0.011440634727478027,1.264187216758728,0.023968100547790527,130,1.3376579723584535e-06
4030,0.9882878661155701,0.011712133884429932,1.266261339187622,0.02425762638449669,131,1.2707750737405307e-06
4031,0.9880352020263672,0.011964797973632812,1.2816919088363647,0.024662069976329803,131,1.2707750737405307e-06
4032,0.9884510636329651,0.011548936367034912,1.2747670412063599,0.024181116372346878,131,1.2707750737405307e-06
4033,0.9884037971496582,0.011596202850341797,1.2824630737304688,0.024304870516061783,131,1.2707750737405307e-06
4034,0.9879940748214722,0.012005925178527832,1.2654054164886475,0.024539919570088387,131,1.2707750737405307e-06
4035,0.988255500793457,0.011744499206542969,1.279956340789795,0.024426616728305817,131,1.2707750737405307e-06
4036,0.9884604215621948,0.011539578437805176,1.2637995481491089,0.024062179028987885,131,1.2707750737405307e-06
4037,0.9882546067237854,0.0117453932762146,1.2842700481414795,0.02447063848376274,131,1.2707750737405307e-06
4038,0.9885866641998291,0.011413335800170898,1.2738337516784668,0.024037539958953857,131,1.2707750737405307e-06
4039,0.9882658123970032,0.011734187602996826,1.2762905359268188,0.024379750713706017,131,1.2707750737405307e-06
4040,0.9885447025299072,0.011455297470092773,1.2705150842666626,0.024045895785093307,131,1.2707750737405307e-06
4041,0.9881582856178284,0.01184171438217163,1.258651852607727,0.02430981583893299,131,1.2707750737405307e-06
4042,0.9885765910148621,0.01142340898513794,1.2801402807235718,0.0241105780005455,131,1.2707750737405307e-06
4043,0.988782525062561,0.011217474937438965,1.2653104066848755,0.023758403956890106,131,1.2707750737405307e-06
4044,0.988182544708252,0.011817455291748047,1.2612855434417725,0.024312134832143784,131,1.2707750737405307e-06
4045,0.9889066219329834,0.011093378067016602,1.27196204662323,0.023702064529061317,131,1.2707750737405307e-06
4046,0.9886254072189331,0.011374592781066895,1.255437970161438,0.023815225809812546,131,1.2707750737405307e-06
4047,0.9881536364555359,0.011846363544464111,1.2557610273361206,0.024285510182380676,131,1.2707750737405307e-06
4048,0.9886413216590881,0.011358678340911865,1.2641023397445679,0.023886114358901978,131,1.2707750737405307e-06
4049,0.9880722165107727,0.011927783489227295,1.2713332176208496,0.0245218388736248,131,1.2707750737405307e-06
4050,0.988251805305481,0.011748194694519043,1.263154149055481,0.02426225319504738,131,1.2707750737405307e-06
4051,0.98780757188797,0.01219242811203003,1.277657389640808,0.02484707720577717,131,1.2707750737405307e-06
4052,0.9883283972740173,0.011671602725982666,1.272946834564209,0.024284355342388153,131,1.2707750737405307e-06
4053,0.9880236387252808,0.011976361274719238,1.2704206705093384,0.024560805410146713,131,1.2707750737405307e-06
4054,0.9885756373405457,0.011424362659454346,1.2783477306365967,0.024093596264719963,131,1.2707750737405307e-06
4055,0.9884478449821472,0.011552155017852783,1.2699629068374634,0.024136263877153397,131,1.2707750737405307e-06
4056,0.9884634613990784,0.01153653860092163,1.2673805952072144,0.024094978347420692,131,1.2707750737405307e-06
4057,0.988097071647644,0.011902928352355957,1.2708860635757446,0.024492759257555008,131,1.2707750737405307e-06
4058,0.9885514378547668,0.011448562145233154,1.2763170003890991,0.024097245186567307,131,1.2707750737405307e-06
4059,0.9884473085403442,0.011552691459655762,1.283074140548706,0.024267904460430145,131,1.2707750737405307e-06
4060,0.9881991147994995,0.011800885200500488,1.2648561000823975,0.024331437423825264,131,1.2707750737405307e-06
4061,0.9884419441223145,0.011558055877685547,1.272928237915039,0.02417175844311714,132,1.2072363200535042e-06
4062,0.9886122345924377,0.011387765407562256,1.2691763639450073,0.02396565116941929,132,1.2072363200535042e-06
4063,0.9885836839675903,0.011416316032409668,1.2684956789016724,0.02398710884153843,132,1.2072363200535042e-06
4064,0.9883288145065308,0.011671185493469238,1.2551312446594238,0.02410578727722168,132,1.2072363200535042e-06
4065,0.9882761836051941,0.011723816394805908,1.2727532386779785,0.02433411031961441,132,1.2072363200535042e-06
4066,0.9881216883659363,0.01187831163406372,1.2635821104049683,0.024395350366830826,132,1.2072363200535042e-06
4067,0.9883114695549011,0.011688530445098877,1.2795330286026,0.02436697483062744,132,1.2072363200535042e-06
4068,0.9882115721702576,0.011788427829742432,1.2706758975982666,0.024377301335334778,132,1.2072363200535042e-06
4069,0.9887857437133789,0.011214256286621094,1.2734589576721191,0.02383670210838318,132,1.2072363200535042e-06
4070,0.9884259104728699,0.011574089527130127,1.2712039947509766,0.024170387536287308,132,1.2072363200535042e-06
4071,0.9882412552833557,0.011758744716644287,1.2642645835876465,0.02428380399942398,132,1.2072363200535042e-06
4072,0.9883115291595459,0.011688470840454102,1.2704260349273682,0.024275846779346466,132,1.2072363200535042e-06
4073,0.9883137941360474,0.011686205863952637,1.273568868637085,0.024305030703544617,132,1.2072363200535042e-06
4074,0.9884888529777527,0.011511147022247314,1.270389437675476,0.02409992925822735,132,1.2072363200535042e-06
4075,0.9884368181228638,0.01156318187713623,1.284459114074707,0.02429214119911194,132,1.2072363200535042e-06
4076,0.9884803295135498,0.011519670486450195,1.2652618885040283,0.024057094007730484,132,1.2072363200535042e-06
4077,0.988162100315094,0.011837899684906006,1.2634665966033936,0.02435418590903282,132,1.2072363200535042e-06
4078,0.988366961479187,0.011633038520812988,1.2614412307739258,0.02413111925125122,132,1.2072363200535042e-06
4079,0.9879351854324341,0.012064814567565918,1.2679877281188965,0.024624042212963104,132,1.2072363200535042e-06
4080,0.9881404042243958,0.011859595775604248,1.267737865447998,0.024418378248810768,132,1.2072363200535042e-06
4081,0.9886869192123413,0.011313080787658691,1.2624260187149048,0.023824211210012436,132,1.2072363200535042e-06
4082,0.9889154434204102,0.011084556579589844,1.2670438289642334,0.02364414930343628,132,1.2072363200535042e-06
4083,0.9879083037376404,0.01209169626235962,1.2739533185958862,0.024710312485694885,132,1.2072363200535042e-06
4084,0.9881766438484192,0.01182335615158081,1.2823489904403687,0.024528611451387405,132,1.2072363200535042e-06
4085,0.9879295229911804,0.01207047700881958,1.273983120918274,0.024689603596925735,132,1.2072363200535042e-06
4086,0.9884523749351501,0.011547625064849854,1.2826560735702515,0.024258708581328392,132,1.2072363200535042e-06
4087,0.9886876344680786,0.011312365531921387,1.2651019096374512,0.02385026216506958,132,1.2072363200535042e-06
4088,0.9882086515426636,0.011791348457336426,1.2672667503356934,0.02434610202908516,132,1.2072363200535042e-06
4089,0.9882892370223999,0.011710762977600098,1.2887637615203857,0.024481292814016342,132,1.2072363200535042e-06
4090,0.988441526889801,0.011558473110198975,1.2798405885696411,0.024241294711828232,132,1.2072363200535042e-06
4091,0.9882072806358337,0.01179271936416626,1.2682394981384277,0.024357188493013382,132,1.2072363200535042e-06
4092,0.9881635904312134,0.011836409568786621,1.2693533897399902,0.024411579594016075,133,1.146874504050829e-06
4093,0.9885517954826355,0.011448204517364502,1.2829452753067017,0.024163175374269485,133,1.146874504050829e-06
4094,0.9882766604423523,0.011723339557647705,1.2677931785583496,0.024284038692712784,133,1.146874504050829e-06
4095,0.9885841012001038,0.01141589879989624,1.2886239290237427,0.024187978357076645,133,1.146874504050829e-06
4096,0.988154947757721,0.011845052242279053,1.2684751749038696,0.024411354213953018,133,1.146874504050829e-06
4097,0.9882722496986389,0.011727750301361084,1.262341022491455,0.024233881384134293,133,1.146874504050829e-06
4098,0.9881916046142578,0.011808395385742188,1.2782224416732788,0.024472534656524658,133,1.146874504050829e-06
4099,0.9884197115898132,0.011580288410186768,1.2654340267181396,0.024118825793266296,133,1.146874504050829e-06
4100,0.98810875415802,0.01189124584197998,1.2729828357696533,0.024502161890268326,133,1.146874504050829e-06
4101,0.9885905385017395,0.011409461498260498,1.290916919708252,0.024204537272453308,133,1.146874504050829e-06
4102,0.9885058999061584,0.011494100093841553,1.2630133628845215,0.02400929108262062,133,1.146874504050829e-06
4103,0.9885573387145996,0.01144266128540039,1.2677233219146729,0.02400546707212925,133,1.146874504050829e-06
4104,0.988398015499115,0.01160198450088501,1.272867202758789,0.02421463653445244,133,1.146874504050829e-06
4105,0.988257646560669,0.011742353439331055,1.2677059173583984,0.024301989004015923,133,1.146874504050829e-06
4106,0.9886458516120911,0.011354148387908936,1.2685483694076538,0.023926090449094772,133,1.146874504050829e-06
4107,0.9880792498588562,0.011920750141143799,1.2711293697357178,0.02451283484697342,133,1.146874504050829e-06
4108,0.9884530901908875,0.011546909809112549,1.2654714584350586,0.024086154997348785,133,1.146874504050829e-06
4109,0.9879949688911438,0.012005031108856201,1.2742557525634766,0.02462753839790821,133,1.146874504050829e-06
4110,0.9884569048881531,0.011543095111846924,1.2610266208648682,0.024037931114435196,133,1.146874504050829e-06
4111,0.9880486726760864,0.011951327323913574,1.2740153074264526,0.024571966379880905,133,1.146874504050829e-06
4112,0.9882535934448242,0.011746406555175781,1.2741531133651733,0.024370472878217697,133,1.146874504050829e-06
4113,0.9885436296463013,0.01145637035369873,1.2674152851104736,0.024015959352254868,133,1.146874504050829e-06
4114,0.988757312297821,0.011242687702178955,1.264051914215088,0.023770779371261597,133,1.146874504050829e-06
4115,0.987964928150177,0.012035071849822998,1.2652744054794312,0.024567466229200363,133,1.146874504050829e-06
4116,0.9887760877609253,0.011223912239074707,1.2776715755462646,0.02388838864862919,133,1.146874504050829e-06
4117,0.9882785677909851,0.011721432209014893,1.2709711790084839,0.024313930422067642,133,1.146874504050829e-06
4118,0.9882307052612305,0.011769294738769531,1.286787509918213,0.024519477039575577,133,1.146874504050829e-06
4119,0.9884129762649536,0.011587023735046387,1.263685941696167,0.02410801127552986,133,1.146874504050829e-06
4120,0.9882282614707947,0.011771738529205322,1.2579684257507324,0.024233706295490265,133,1.146874504050829e-06
4121,0.9884670972824097,0.011532902717590332,1.2596274614334106,0.02401384897530079,133,1.146874504050829e-06
4122,0.9883637428283691,0.01163625717163086,1.273644208908081,0.02425633743405342,133,1.146874504050829e-06
4123,0.9884241819381714,0.011575818061828613,1.2688554525375366,0.024148613214492798,134,1.0895307788482876e-06
4124,0.9880810976028442,0.011918902397155762,1.2840116024017334,0.024639829993247986,134,1.0895307788482876e-06
4125,0.9880930185317993,0.011906981468200684,1.2740780115127563,0.024528691545128822,134,1.0895307788482876e-06
4126,0.9884924292564392,0.011507570743560791,1.2631220817565918,0.024023715406656265,134,1.0895307788482876e-06
4127,0.9883056879043579,0.01169431209564209,1.2661093473434448,0.02423846162855625,134,1.0895307788482876e-06
4128,0.9884588718414307,0.011541128158569336,1.288844347000122,0.024314159527420998,134,1.0895307788482876e-06
4129,0.9881713390350342,0.01182866096496582,1.2799482345581055,0.0245098564773798,134,1.0895307788482876e-06
4130,0.9883667230606079,0.01163327693939209,1.2705496549606323,0.024222441017627716,134,1.0895307788482876e-06
4131,0.9882474541664124,0.011752545833587646,1.2828043699264526,0.024463064968585968,134,1.0895307788482876e-06
4132,0.9879035353660583,0.01209646463394165,1.256469488143921,0.024540193378925323,134,1.0895307788482876e-06
4133,0.9883061051368713,0.011693894863128662,1.2648723125457764,0.02422567829489708,134,1.0895307788482876e-06
4134,0.9884562492370605,0.011543750762939453,1.27092707157135,0.024137582629919052,134,1.0895307788482876e-06
4135,0.9880058169364929,0.01199418306350708,1.2729660272598267,0.02460390143096447,134,1.0895307788482876e-06
4136,0.9880106449127197,0.011989355087280273,1.2687450647354126,0.02455691248178482,134,1.0895307788482876e-06
4137,0.9880248308181763,0.01197516918182373,1.2599011659622192,0.024454429745674133,134,1.0895307788482876e-06
4138,0.9886806607246399,0.011319339275360107,1.2557029724121094,0.023763176053762436,134,1.0895307788482876e-06
4139,0.9885390996932983,0.01146090030670166,1.285370945930481,0.02419999986886978,134,1.0895307788482876e-06
4140,0.9883735775947571,0.01162642240524292,1.2724441289901733,0.024234598502516747,134,1.0895307788482876e-06
4141,0.9886388182640076,0.011361181735992432,1.2787214517593384,0.024034783244132996,134,1.0895307788482876e-06
4142,0.9887800216674805,0.011219978332519531,1.2679882049560547,0.023787660524249077,134,1.0895307788482876e-06
4143,0.988159716129303,0.011840283870697021,1.284614086151123,0.024568021297454834,134,1.0895307788482876e-06
4144,0.9882219433784485,0.011778056621551514,1.2643804550170898,0.02430408075451851,134,1.0895307788482876e-06
4145,0.9887235760688782,0.011276423931121826,1.2630406618118286,0.023794066160917282,134,1.0895307788482876e-06
4146,0.9883325099945068,0.011667490005493164,1.2551124095916748,0.02410193905234337,134,1.0895307788482876e-06
4147,0.9886247515678406,0.011375248432159424,1.2711336612701416,0.023972831666469574,134,1.0895307788482876e-06
4148,0.9882839322090149,0.011716067790985107,1.277742624282837,0.024376332759857178,134,1.0895307788482876e-06
4149,0.9887427091598511,0.011257290840148926,1.2766605615615845,0.02391132339835167,134,1.0895307788482876e-06
4150,0.9880746603012085,0.011925339698791504,1.2748456001281738,0.024554543197155,134,1.0895307788482876e-06
4151,0.9885664582252502,0.011433541774749756,1.2707785367965698,0.024026989936828613,134,1.0895307788482876e-06
4152,0.9883294105529785,0.011670589447021484,1.2682939767837524,0.024236824363470078,134,1.0895307788482876e-06
4153,0.988609790802002,0.011390209197998047,1.2494257688522339,0.023770565167069435,134,1.0895307788482876e-06
4154,0.9887597560882568,0.011240243911743164,1.2799975872039795,0.02392781712114811,135,1.0350542399058731e-06
4155,0.9881452918052673,0.011854708194732666,1.2691404819488525,0.024427566677331924,135,1.0350542399058731e-06
4156,0.987869381904602,0.01213061809539795,1.261193037033081,0.02462124265730381,135,1.0350542399058731e-06
4157,0.9881374835968018,0.011862516403198242,1.2713251113891602,0.024457141757011414,135,1.0350542399058731e-06
4158,0.988339900970459,0.011660099029541016,1.2650253772735596,0.02419375255703926,135,1.0350542399058731e-06
4159,0.9882416725158691,0.01175832748413086,1.286217451095581,0.024502918124198914,135,1.0350542399058731e-06
4160,0.9882853031158447,0.011714696884155273,1.2643173933029175,0.024240724742412567,135,1.0350542399058731e-06
4161,0.9882724285125732,0.011727571487426758,1.263934850692749,0.024249643087387085,135,1.0350542399058731e-06
4162,0.9888538718223572,0.011146128177642822,1.2628610134124756,0.023663276806473732,135,1.0350542399058731e-06
4163,0.9879812598228455,0.012018740177154541,1.2760592699050903,0.02465914562344551,135,1.0350542399058731e-06
4164,0.9883396625518799,0.011660337448120117,1.2695974111557007,0.024239707738161087,135,1.0350542399058731e-06
4165,0.988365113735199,0.011634886264801025,1.2821847200393677,0.02434038370847702,135,1.0350542399058731e-06
4166,0.9886094331741333,0.0113905668258667,1.2639597654342651,0.02391625940799713,135,1.0350542399058731e-06
4167,0.9885782599449158,0.011421740055084229,1.2850284576416016,0.024157807230949402,135,1.0350542399058731e-06
4168,0.9881629943847656,0.011837005615234375,1.270058274269104,0.02441921830177307,135,1.0350542399058731e-06
4169,0.988499104976654,0.011500895023345947,1.2666511535644531,0.024052396416664124,135,1.0350542399058731e-06
4170,0.9884853959083557,0.011514604091644287,1.289243221282959,0.024291889742016792,135,1.0350542399058731e-06
4171,0.988121747970581,0.011878252029418945,1.2784216403961182,0.02454368583858013,135,1.0350542399058731e-06
4172,0.9882123470306396,0.011787652969360352,1.2711645364761353,0.024381421506404877,135,1.0350542399058731e-06
4173,0.9883299469947815,0.011670053005218506,1.2743481397628784,0.024296835064888,135,1.0350542399058731e-06
4174,0.9884092211723328,0.011590778827667236,1.2608381509780884,0.024083252996206284,135,1.0350542399058731e-06
4175,0.9882805347442627,0.011719465255737305,1.2674752473831177,0.02427702397108078,135,1.0350542399058731e-06
4176,0.9883639216423035,0.011636078357696533,1.2599490880966187,0.024119209498167038,135,1.0350542399058731e-06
4177,0.9882110953330994,0.011788904666900635,1.2730097770690918,0.024401113390922546,135,1.0350542399058731e-06
4178,0.9882059097290039,0.011794090270996094,1.2736648321151733,0.024412797763943672,135,1.0350542399058731e-06
4179,0.988735556602478,0.011264443397521973,1.2608954906463623,0.023760754615068436,135,1.0350542399058731e-06
4180,0.9885151386260986,0.011484861373901367,1.2582521438598633,0.023952532559633255,135,1.0350542399058731e-06
4181,0.9885455369949341,0.011454463005065918,1.2769232988357544,0.02410915121436119,135,1.0350542399058731e-06
4182,0.9881361126899719,0.011863887310028076,1.262232780456543,0.024367576465010643,135,1.0350542399058731e-06
4183,0.9885671734809875,0.011432826519012451,1.2835403680801392,0.024153901264071465,135,1.0350542399058731e-06
4184,0.9886918067932129,0.01130819320678711,1.2645113468170166,0.023840224370360374,135,1.0350542399058731e-06
4185,0.9882827997207642,0.01171720027923584,1.2714200019836426,0.02431422844529152,136,9.833015279105794e-07
4186,0.9883657097816467,0.011634290218353271,1.2724806070327759,0.02424275316298008,136,9.833015279105794e-07
4187,0.9883880615234375,0.0116119384765625,1.2740962505340576,0.024236781522631645,136,9.833015279105794e-07
4188,0.9887183308601379,0.01128166913986206,1.286393404006958,0.02403278648853302,136,9.833015279105794e-07
4189,0.988217830657959,0.011782169342041016,1.2803394794464111,0.024467742070555687,136,9.833015279105794e-07
4190,0.988314688205719,0.011685311794281006,1.270162582397461,0.024270083755254745,136,9.833015279105794e-07
4191,0.9879994988441467,0.012000501155853271,1.287434697151184,0.02475484274327755,136,9.833015279105794e-07
4192,0.9884027242660522,0.011597275733947754,1.2931396961212158,0.024412699043750763,136,9.833015279105794e-07
4193,0.9882906079292297,0.011709392070770264,1.2602711915969849,0.024195009842514992,136,9.833015279105794e-07
4194,0.9881261587142944,0.011873841285705566,1.2809252738952637,0.024564355611801147,136,9.833015279105794e-07
4195,0.988152265548706,0.011847734451293945,1.2705141305923462,0.024434398859739304,136,9.833015279105794e-07
4196,0.9882904887199402,0.011709511280059814,1.2705214023590088,0.024297628551721573,136,9.833015279105794e-07
4197,0.9885890483856201,0.011410951614379883,1.249307632446289,0.023789918050169945,136,9.833015279105794e-07
4198,0.9888019561767578,0.011198043823242188,1.272765874862671,0.023813720792531967,136,9.833015279105794e-07
4199,0.988325297832489,0.011674702167510986,1.27736496925354,0.024331605061888695,136,9.833015279105794e-07
4200,0.9881075620651245,0.011892437934875488,1.2733927965164185,0.024507440626621246,136,9.833015279105794e-07
4201,0.9883154630661011,0.011684536933898926,1.2709763050079346,0.024277454242110252,136,9.833015279105794e-07
4202,0.9887548089027405,0.011245191097259521,1.2854301929473877,0.023987039923667908,136,9.833015279105794e-07
4203,0.9884083271026611,0.011591672897338867,1.26153564453125,0.024091113358736038,136,9.833015279105794e-07
4204,0.9886243343353271,0.011375665664672852,1.2608128786087036,0.023870037868618965,136,9.833015279105794e-07
4205,0.9882689714431763,0.01173102855682373,1.2563639879226685,0.02417735755443573,136,9.833015279105794e-07
4206,0.9883895516395569,0.011610448360443115,1.272628903388977,0.024220632389187813,136,9.833015279105794e-07
4207,0.988156795501709,0.011843204498291016,1.2654623985290527,0.024379396811127663,136,9.833015279105794e-07
4208,0.9882856607437134,0.011714339256286621,1.2609460353851318,0.024206656962633133,136,9.833015279105794e-07
4209,0.9883517622947693,0.011648237705230713,1.2656023502349854,0.024187777191400528,136,9.833015279105794e-07
4210,0.9883741140365601,0.011625885963439941,1.2584298849105835,0.024093925952911377,136,9.833015279105794e-07
4211,0.9883226752281189,0.011677324771881104,1.2669718265533447,0.024230269715189934,136,9.833015279105794e-07
4212,0.9884464740753174,0.011553525924682617,1.2579597234725952,0.024017587304115295,136,9.833015279105794e-07
4213,0.9880656599998474,0.011934340000152588,1.2765780687332153,0.024580776691436768,136,9.833015279105794e-07
4214,0.9885563254356384,0.011443674564361572,1.2789514064788818,0.024118751287460327,136,9.833015279105794e-07
4215,0.9883101582527161,0.011689841747283936,1.2618876695632935,0.02419181913137436,136,9.833015279105794e-07
4216,0.9879634976387024,0.012036502361297607,1.286621332168579,0.024782350286841393,137,9.341364515150503e-07
4217,0.9882662296295166,0.011733770370483398,1.2768404483795166,0.024384837597608566,137,9.341364515150503e-07
4218,0.9885526299476624,0.011447370052337646,1.2666010856628418,0.023998906835913658,137,9.341364515150503e-07
4219,0.9882192015647888,0.011780798435211182,1.275855541229248,0.02442154660820961,137,9.341364515150503e-07
4220,0.9883825182914734,0.011617481708526611,1.273391842842102,0.024235224351286888,137,9.341364515150503e-07
4221,0.9881314635276794,0.011868536472320557,1.2685158252716064,0.02443500980734825,137,9.341364515150503e-07
4222,0.988376259803772,0.011623740196228027,1.2681108713150024,0.024188611656427383,137,9.341364515150503e-07
4223,0.9883458018302917,0.011654198169708252,1.2664272785186768,0.024201929569244385,137,9.341364515150503e-07
4224,0.9883328676223755,0.011667132377624512,1.297053575515747,0.02452099695801735,137,9.341364515150503e-07
4225,0.9883850812911987,0.01161491870880127,1.2630259990692139,0.024129029363393784,137,9.341364515150503e-07
4226,0.9886454343795776,0.011354565620422363,1.2773597240447998,0.024014616385102272,137,9.341364515150503e-07
4227,0.9883395433425903,0.011660456657409668,1.276511311531067,0.024308964610099792,137,9.341364515150503e-07
4228,0.9885141253471375,0.011485874652862549,1.2670869827270508,0.024041885510087013,137,9.341364515150503e-07
4229,0.9883679151535034,0.011632084846496582,1.2714602947235107,0.024230368435382843,137,9.341364515150503e-07
4230,0.9879404902458191,0.012059509754180908,1.26798415184021,0.024618756026029587,137,9.341364515150503e-07
4231,0.9886130094528198,0.011386990547180176,1.2635421752929688,0.023908540606498718,137,9.341364515150503e-07
4232,0.9880317449569702,0.011968255043029785,1.272233009338379,0.024570902809500694,137,9.341364515150503e-07
4233,0.9883381724357605,0.011661827564239502,1.2602794170379639,0.02414800226688385,137,9.341364515150503e-07
4234,0.9887307286262512,0.01126927137374878,1.2656283378601074,0.023812860250473022,137,9.341364515150503e-07
4235,0.9885905981063843,0.011409401893615723,1.2622123956680298,0.023917432874441147,137,9.341364515150503e-07
4236,0.9885872602462769,0.011412739753723145,1.2712372541427612,0.02401098608970642,137,9.341364515150503e-07
4237,0.9883281588554382,0.011671841144561768,1.270535945892334,0.02426048368215561,137,9.341364515150503e-07
4238,0.9886763095855713,0.011323690414428711,1.2729815244674683,0.02394026890397072,137,9.341364515150503e-07
4239,0.9882621765136719,0.011737823486328125,1.268714427947998,0.02430758997797966,137,9.341364515150503e-07
4240,0.9883226156234741,0.011677384376525879,1.271183729171753,0.02427244745194912,137,9.341364515150503e-07
4241,0.9882885217666626,0.011711478233337402,1.2674620151519775,0.02426898293197155,137,9.341364515150503e-07
4242,0.9882017970085144,0.011798202991485596,1.2622374296188354,0.024302594363689423,137,9.341364515150503e-07
4243,0.9882603883743286,0.011739611625671387,1.2671802043914795,0.024294018745422363,137,9.341364515150503e-07
4244,0.9881907105445862,0.011809289455413818,1.2750234603881836,0.0244414322078228,137,9.341364515150503e-07
4245,0.9883455634117126,0.011654436588287354,1.2855417728424072,0.02439330890774727,137,9.341364515150503e-07
4246,0.9886307716369629,0.01136922836303711,1.248108148574829,0.0237366184592247,137,9.341364515150503e-07
4247,0.9882969260215759,0.011703073978424072,1.2723292112350464,0.02430933527648449,138,8.874296289392978e-07
4248,0.9882010817527771,0.0117989182472229,1.2691900730133057,0.024372829124331474,138,8.874296289392978e-07
4249,0.9885563850402832,0.011443614959716797,1.2709757089614868,0.02403893508017063,138,8.874296289392978e-07
4250,0.9885620474815369,0.011437952518463135,1.2711455821990967,0.024035029113292694,138,8.874296289392978e-07
4251,0.9880649447441101,0.011935055255889893,1.2652863264083862,0.024468567222356796,138,8.874296289392978e-07
4252,0.9883311986923218,0.011668801307678223,1.2860119342803955,0.024412233382463455,138,8.874296289392978e-07
4253,0.9887457489967346,0.01125425100326538,1.2588114738464355,0.023729823529720306,138,8.874296289392978e-07
4254,0.988132119178772,0.011867880821228027,1.2546980381011963,0.02429618313908577,138,8.874296289392978e-07
4255,0.9884888529777527,0.011511147022247314,1.2623258829116821,0.02401929348707199,138,8.874296289392978e-07
4256,0.9886212944984436,0.011378705501556396,1.2875895500183105,0.02414081245660782,138,8.874296289392978e-07
4257,0.9885905981063843,0.011409401893615723,1.2577013969421387,0.02387232333421707,138,8.874296289392978e-07
4258,0.9883906841278076,0.011609315872192383,1.2823154926300049,0.02431637793779373,138,8.874296289392978e-07
4259,0.9886983633041382,0.011301636695861816,1.2618041038513184,0.023806661367416382,138,8.874296289392978e-07
4260,0.9882768392562866,0.011723160743713379,1.2703218460083008,0.024309147149324417,138,8.874296289392978e-07
4261,0.9885430932044983,0.011456906795501709,1.262206792831421,0.023964405059814453,138,8.874296289392978e-07
4262,0.9881628751754761,0.011837124824523926,1.2789407968521118,0.024508161470294,138,8.874296289392978e-07
4263,0.9881885051727295,0.011811494827270508,1.2655538320541382,0.024348918348550797,138,8.874296289392978e-07
4264,0.9882475733757019,0.011752426624298096,1.2628917694091797,0.024263819679617882,138,8.874296289392978e-07
4265,0.988077700138092,0.011922299861907959,1.272135853767395,0.02452443540096283,138,8.874296289392978e-07
4266,0.9882121682167053,0.011787831783294678,1.2619856595993042,0.0242898091673851,138,8.874296289392978e-07
4267,0.9888642430305481,0.011135756969451904,1.279274582862854,0.023817144334316254,138,8.874296289392978e-07
4268,0.9879713654518127,0.012028634548187256,1.2847938537597656,0.024756286293268204,138,8.874296289392978e-07
4269,0.988149106502533,0.011850893497467041,1.2613718509674072,0.02434610202908516,138,8.874296289392978e-07
4270,0.9884970188140869,0.011502981185913086,1.271713376045227,0.02410508506000042,138,8.874296289392978e-07
4271,0.9883302450180054,0.011669754981994629,1.2694193124771118,0.024247251451015472,138,8.874296289392978e-07
4272,0.9883772134780884,0.011622786521911621,1.278038740158081,0.024286944419145584,138,8.874296289392978e-07
4273,0.9885651469230652,0.011434853076934814,1.2740334272384644,0.024060837924480438,138,8.874296289392978e-07
4274,0.9880579710006714,0.011942028999328613,1.2877737283706665,0.0247003473341465,138,8.874296289392978e-07
4275,0.9883320331573486,0.011667966842651367,1.272193431854248,0.02427322044968605,138,8.874296289392978e-07
4276,0.988583505153656,0.011416494846343994,1.271667718887329,0.02401900663971901,138,8.874296289392978e-07
4277,0.9878860116004944,0.012113988399505615,1.2662348747253418,0.02465519681572914,138,8.874296289392978e-07
4278,0.9883488416671753,0.011651158332824707,1.2723664045333862,0.024258311837911606,139,8.430581474923329e-07
4279,0.9886139631271362,0.01138603687286377,1.2631717920303345,0.023903895169496536,139,8.430581474923329e-07
4280,0.9882405996322632,0.011759400367736816,1.2728960514068604,0.024370767176151276,139,8.430581474923329e-07
4281,0.9885223507881165,0.011477649211883545,1.2696805000305176,0.024059677496552467,139,8.430581474923329e-07
4282,0.9885470271110535,0.011452972888946533,1.2620012760162354,0.02395845577120781,139,8.430581474923329e-07
4283,0.988439679145813,0.011560320854187012,1.2866321802139282,0.024311039596796036,139,8.430581474923329e-07
4284,0.9880301356315613,0.01196986436843872,1.2663891315460205,0.024514056742191315,139,8.430581474923329e-07
4285,0.9885448217391968,0.011455178260803223,1.2658209800720215,0.023998836055397987,139,8.430581474923329e-07
4286,0.9880794286727905,0.011920571327209473,1.265609622001648,0.02445746213197708,139,8.430581474923329e-07
4287,0.9886141419410706,0.011385858058929443,1.2659615278244019,0.02393161505460739,139,8.430581474923329e-07
4288,0.9882181286811829,0.011781871318817139,1.259791374206543,0.024261966347694397,139,8.430581474923329e-07
4289,0.9885768890380859,0.011423110961914062,1.27095627784729,0.024018442258238792,139,8.430581474923329e-07
4290,0.9883801937103271,0.011619806289672852,1.2748324871063232,0.02425193227827549,139,8.430581474923329e-07
4291,0.987901508808136,0.012098491191864014,1.2647533416748047,0.024625040590763092,139,8.430581474923329e-07
4292,0.9886032938957214,0.011396706104278564,1.2724562883377075,0.024007301777601242,139,8.430581474923329e-07
4293,0.9883798360824585,0.011620163917541504,1.2578513622283936,0.024082476273179054,139,8.430581474923329e-07
4294,0.9886678457260132,0.011332154273986816,1.2702668905258179,0.023921500891447067,139,8.430581474923329e-07
4295,0.9883502125740051,0.011649787425994873,1.29270339012146,0.0244603231549263,139,8.430581474923329e-07
4296,0.9881325960159302,0.011867403984069824,1.2643954753875732,0.024392684921622276,139,8.430581474923329e-07
4297,0.9888472557067871,0.01115274429321289,1.2648189067840576,0.023689404129981995,139,8.430581474923329e-07
4298,0.9881764054298401,0.011823594570159912,1.2838786840438843,0.02454414591193199,139,8.430581474923329e-07
4299,0.988086462020874,0.011913537979125977,1.2773419618606567,0.024567821994423866,139,8.430581474923329e-07
4300,0.9882249236106873,0.011775076389312744,1.2802886962890625,0.024460211396217346,139,8.430581474923329e-07
4301,0.9881479740142822,0.011852025985717773,1.2709851264953613,0.024443358182907104,139,8.430581474923329e-07
4302,0.9885154962539673,0.011484503746032715,1.2689610719680786,0.024059269577264786,139,8.430581474923329e-07
4303,0.9887087345123291,0.011291265487670898,1.259763240814209,0.023775983601808548,139,8.430581474923329e-07
4304,0.9884265661239624,0.011573433876037598,1.281179666519165,0.02426949515938759,139,8.430581474923329e-07
4305,0.988300621509552,0.011699378490447998,1.273590326309204,0.024318289011716843,139,8.430581474923329e-07
4306,0.9882907271385193,0.011709272861480713,1.2670190334320068,0.02426237054169178,139,8.430581474923329e-07
4307,0.9881405234336853,0.011859476566314697,1.2664601802825928,0.024405483156442642,139,8.430581474923329e-07
4308,0.9878297448158264,0.012170255184173584,1.2826225757598877,0.02487477846443653,139,8.430581474923329e-07
4309,0.9883037805557251,0.011696219444274902,1.2657012939453125,0.024236269295215607,140,8.009052401177162e-07
4310,0.9885022640228271,0.011497735977172852,1.2631027698516846,0.024013785645365715,140,8.009052401177162e-07
4311,0.9883705377578735,0.011629462242126465,1.2676265239715576,0.024189433082938194,140,8.009052401177162e-07
4312,0.9882270693778992,0.01177293062210083,1.2681430578231812,0.02433663234114647,140,8.009052401177162e-07
4313,0.9889812469482422,0.011018753051757812,1.2657644748687744,0.02356620877981186,140,8.009052401177162e-07
4314,0.9884524345397949,0.011547565460205078,1.2777255773544312,0.024209346622228622,140,8.009052401177162e-07
4315,0.9883909821510315,0.011609017848968506,1.2741279602050781,0.02423420548439026,140,8.009052401177162e-07
4316,0.98834627866745,0.011653721332550049,1.2612018585205078,0.024149201810359955,140,8.009052401177162e-07
4317,0.9883996844291687,0.011600315570831299,1.2764519453048706,0.02424883097410202,140,8.009052401177162e-07
4318,0.9884452819824219,0.011554718017578125,1.2792086601257324,0.024231256917119026,140,8.009052401177162e-07
4319,0.9884864091873169,0.011513590812683105,1.260401964187622,0.024002473801374435,140,8.009052401177162e-07
4320,0.9881824254989624,0.011817574501037598,1.2674012184143066,0.024373412132263184,140,8.009052401177162e-07
4321,0.9880717396736145,0.011928260326385498,1.2684872150421143,0.024493848904967308,140,8.009052401177162e-07
4322,0.9881457686424255,0.011854231357574463,1.2672866582870483,0.024408556520938873,140,8.009052401177162e-07
4323,0.988418459892273,0.01158154010772705,1.2679147720336914,0.024144873023033142,140,8.009052401177162e-07
4324,0.988436222076416,0.011563777923583984,1.271765112876892,0.024165790528059006,140,8.009052401177162e-07
4325,0.9880968928337097,0.011903107166290283,1.2769653797149658,0.024553729221224785,140,8.009052401177162e-07
4326,0.9882804155349731,0.011719584465026855,1.2542030811309814,0.02414441853761673,140,8.009052401177162e-07
4327,0.9887210726737976,0.011278927326202393,1.2617796659469604,0.023783935233950615,140,8.009052401177162e-07
4328,0.9883473515510559,0.011652648448944092,1.2719695568084717,0.024255817756056786,140,8.009052401177162e-07
4329,0.98871248960495,0.011287510395050049,1.2669270038604736,0.023843904957175255,140,8.009052401177162e-07
4330,0.9882678389549255,0.011732161045074463,1.295142412185669,0.02456626296043396,140,8.009052401177162e-07
4331,0.9881061315536499,0.011893868446350098,1.2814122438430786,0.0245890524238348,140,8.009052401177162e-07
4332,0.9885300397872925,0.01146996021270752,1.2705132961273193,0.024060392752289772,140,8.009052401177162e-07
4333,0.9884579181671143,0.011542081832885742,1.2742840051651,0.024169500917196274,140,8.009052401177162e-07
4334,0.9884110689163208,0.0115889310836792,1.2842388153076172,0.024315429851412773,140,8.009052401177162e-07
4335,0.9879812598228455,0.012018740177154541,1.2661786079406738,0.024560339748859406,140,8.009052401177162e-07
4336,0.9882009029388428,0.011799097061157227,1.2644871473312378,0.024325978010892868,140,8.009052401177162e-07
4337,0.9883540272712708,0.011645972728729248,1.2581223249435425,0.024110734462738037,140,8.009052401177162e-07
4338,0.9884251356124878,0.011574864387512207,1.2867424488067627,0.024326540529727936,140,8.009052401177162e-07
4339,0.9880344271659851,0.011965572834014893,1.2783702611923218,0.0246296189725399,140,8.009052401177162e-07
4340,0.9883525371551514,0.011647462844848633,1.2618781328201294,0.02414976805448532,141,7.608599781118303e-07
4341,0.9884465932846069,0.011553406715393066,1.2592284679412842,0.024030156433582306,141,7.608599781118303e-07
4342,0.9882371425628662,0.011762857437133789,1.2571412324905396,0.02421664074063301,141,7.608599781118303e-07
4343,0.9883842468261719,0.011615753173828125,1.2682558298110962,0.024182153865695,141,7.608599781118303e-07
4344,0.9882222414016724,0.011777758598327637,1.273866057395935,0.024398639798164368,141,7.608599781118303e-07
4345,0.9882803559303284,0.01171964406967163,1.2556209564208984,0.02415865659713745,141,7.608599781118303e-07
4346,0.9884703755378723,0.011529624462127686,1.271388053894043,0.024128209799528122,141,7.608599781118303e-07
4347,0.9883556365966797,0.011644363403320312,1.280411958694458,0.024332039058208466,141,7.608599781118303e-07
4348,0.9884686470031738,0.011531352996826172,1.2582679986953735,0.023998718708753586,141,7.608599781118303e-07
4349,0.9885426163673401,0.011457383632659912,1.2604174613952637,0.023946983739733696,141,7.608599781118303e-07
4350,0.9883555173873901,0.011644482612609863,1.2876273393630981,0.024404309689998627,141,7.608599781118303e-07
4351,0.9880192279815674,0.011980772018432617,1.284519910812378,0.0247061625123024,141,7.608599781118303e-07
4352,0.9880355000495911,0.011964499950408936,1.2660937309265137,0.024505792185664177,141,7.608599781118303e-07
4353,0.9884340763092041,0.011565923690795898,1.2740697860717773,0.024190962314605713,141,7.608599781118303e-07
4354,0.9884175062179565,0.011582493782043457,1.2813571691513062,0.024280240759253502,141,7.608599781118303e-07
4355,0.9887691140174866,0.011230885982513428,1.266427755355835,0.023782853037118912,141,7.608599781118303e-07
4356,0.987937867641449,0.012062132358551025,1.2824856042861938,0.02476636692881584,141,7.608599781118303e-07
4357,0.9884087443351746,0.01159125566482544,1.2683565616607666,0.024158909916877747,141,7.608599781118303e-07
4358,0.9882908463478088,0.011709153652191162,1.2606183290481567,0.024198245257139206,141,7.608599781118303e-07
4359,0.9882115125656128,0.011788487434387207,1.2654258012771606,0.02432486042380333,141,7.608599781118303e-07
4360,0.9885593056678772,0.011440694332122803,1.2646604776382446,0.02397289127111435,141,7.608599781118303e-07
4361,0.9885737299919128,0.011426270008087158,1.2731412649154663,0.02404341846704483,141,7.608599781118303e-07
4362,0.9884641766548157,0.011535823345184326,1.2742208242416382,0.024162672460079193,141,7.608599781118303e-07
4363,0.9885873794555664,0.011412620544433594,1.2709394693374634,0.02400788851082325,141,7.608599781118303e-07
4364,0.9880164265632629,0.01198357343673706,1.2797147035598755,0.024660885334014893,141,7.608599781118303e-07
4365,0.9881423115730286,0.011857688426971436,1.2644217014312744,0.02438332885503769,141,7.608599781118303e-07
4366,0.9885386824607849,0.011461317539215088,1.2881131172180176,0.02422783523797989,141,7.608599781118303e-07
4367,0.988189160823822,0.011810839176177979,1.2698774337768555,0.024391505867242813,141,7.608599781118303e-07
4368,0.9889227747917175,0.01107722520828247,1.2713196277618408,0.023679647594690323,141,7.608599781118303e-07
4369,0.9885250926017761,0.011474907398223877,1.269277811050415,0.0240529365837574,141,7.608599781118303e-07
4370,0.9878827333450317,0.012117266654968262,1.284408450126648,0.024840177968144417,141,7.608599781118303e-07
4371,0.9883848428726196,0.011615157127380371,1.2721210718154907,0.024220217019319534,142,7.228169792062388e-07
4372,0.9886776804924011,0.011322319507598877,1.2565239667892456,0.023774337023496628,142,7.228169792062388e-07
4373,0.9881439805030823,0.011856019496917725,1.275831937789917,0.02449577860534191,142,7.228169792062388e-07
4374,0.9884985685348511,0.011501431465148926,1.2663127183914185,0.0240495428442955,142,7.228169792062388e-07
4375,0.9885657429695129,0.01143425703048706,1.270817756652832,0.024028092622756958,142,7.228169792062388e-07
4376,0.9883530139923096,0.01164698600769043,1.2687931060791016,0.024218447506427765,142,7.228169792062388e-07
4377,0.9881758689880371,0.01182413101196289,1.2722804546356201,0.02442869357764721,142,7.228169792062388e-07
4378,0.9883025884628296,0.01169741153717041,1.2775598764419556,0.024356035515666008,142,7.228169792062388e-07
4379,0.9889124631881714,0.011087536811828613,1.2715142965316772,0.023691803216934204,142,7.228169792062388e-07
4380,0.9881063103675842,0.011893689632415771,1.2745230197906494,0.024519983679056168,142,7.228169792062388e-07
4381,0.9879276752471924,0.012072324752807617,1.272616982460022,0.02467777207493782,142,7.228169792062388e-07
4382,0.9884282946586609,0.011571705341339111,1.2692627906799316,0.024148616939783096,142,7.228169792062388e-07
4383,0.9881647825241089,0.011835217475891113,1.265679955482483,0.02437366545200348,142,7.228169792062388e-07
4384,0.9884802103042603,0.011519789695739746,1.2692254781723022,0.02409684658050537,142,7.228169792062388e-07
4385,0.9879922866821289,0.012007713317871094,1.2765448093414307,0.024653084576129913,142,7.228169792062388e-07
4386,0.9883200526237488,0.01167994737625122,1.2615824937820435,0.024178974330425262,142,7.228169792062388e-07
4387,0.9883621335029602,0.011637866497039795,1.2709965705871582,0.024231452494859695,142,7.228169792062388e-07
4388,0.9881928563117981,0.011807143688201904,1.2748841047286987,0.024437913671135902,142,7.228169792062388e-07
4389,0.98841792345047,0.01158207654953003,1.259290337562561,0.02405915968120098,142,7.228169792062388e-07
4390,0.9885018467903137,0.01149815320968628,1.2722933292388916,0.02410610392689705,142,7.228169792062388e-07
4391,0.9882378578186035,0.011762142181396484,1.274087905883789,0.024385400116443634,142,7.228169792062388e-07
4392,0.9883774518966675,0.01162254810333252,1.254684329032898,0.024053165689110756,142,7.228169792062388e-07
4393,0.9883922338485718,0.011607766151428223,1.2687846422195435,0.02417953498661518,142,7.228169792062388e-07
4394,0.9883841872215271,0.0116158127784729,1.2826521396636963,0.024326175451278687,142,7.228169792062388e-07
4395,0.988124430179596,0.011875569820404053,1.269437313079834,0.024451186880469322,142,7.228169792062388e-07
4396,0.9888002872467041,0.011199712753295898,1.2788143157958984,0.023875858634710312,142,7.228169792062388e-07
4397,0.9884135723114014,0.011586427688598633,1.2778472900390625,0.024249035865068436,142,7.228169792062388e-07
4398,0.988345205783844,0.011654794216156006,1.2815086841583252,0.024353332817554474,142,7.228169792062388e-07
4399,0.9883502721786499,0.011649727821350098,1.2853866815567017,0.024387096986174583,142,7.228169792062388e-07
4400,0.9886085391044617,0.01139146089553833,1.257706642150879,0.023854613304138184,142,7.228169792062388e-07
4401,0.9881970286369324,0.011802971363067627,1.2569410800933838,0.02425435185432434,142,7.228169792062388e-07
4402,0.9883241653442383,0.011675834655761719,1.269531488418579,0.024254390969872475,143,6.866761302459269e-07
4403,0.9884673357009888,0.01153266429901123,1.2694615125656128,0.024111952632665634,143,6.866761302459269e-07
4404,0.9881446361541748,0.011855363845825195,1.272322177886963,0.02446003258228302,143,6.866761302459269e-07
4405,0.9879955053329468,0.012004494667053223,1.2953494787216187,0.02483794465661049,143,6.866761302459269e-07
4406,0.988731861114502,0.011268138885498047,1.2645479440689087,0.023800935596227646,143,6.866761302459269e-07
4407,0.9881967902183533,0.011803209781646729,1.2731083631515503,0.024416260421276093,143,6.866761302459269e-07
4408,0.9882943630218506,0.011705636978149414,1.2615463733673096,0.02420404553413391,143,6.866761302459269e-07
4409,0.9881625771522522,0.011837422847747803,1.2565377950668335,0.024284426122903824,143,6.866761302459269e-07
4410,0.9883009195327759,0.011699080467224121,1.2539416551589966,0.02412150613963604,143,6.866761302459269e-07
4411,0.9886466264724731,0.011353373527526855,1.2786649465560913,0.02402648888528347,143,6.866761302459269e-07
4412,0.9884238243103027,0.011576175689697266,1.2815755605697632,0.024276169016957283,143,6.866761302459269e-07
4413,0.988536536693573,0.011463463306427002,1.2660738229751587,0.024009566754102707,143,6.866761302459269e-07
4414,0.9880931973457336,0.011906802654266357,1.2624106407165527,0.024411842226982117,143,6.866761302459269e-07
4415,0.9881333708763123,0.011866629123687744,1.277525544166565,0.024523217231035233,143,6.866761302459269e-07
4416,0.9882987141609192,0.01170128583908081,1.2751085758209229,0.024335358291864395,143,6.866761302459269e-07
4417,0.9884929060935974,0.011507093906402588,1.2748292684555054,0.024140316992998123,143,6.866761302459269e-07
4418,0.9879612922668457,0.012038707733154297,1.2660008668899536,0.024578329175710678,143,6.866761302459269e-07
4419,0.9887285232543945,0.011271476745605469,1.2699949741363525,0.02385871112346649,143,6.866761302459269e-07
4420,0.9883941411972046,0.01160585880279541,1.2620266675949097,0.024110067635774612,143,6.866761302459269e-07
4421,0.9878777861595154,0.01212221384048462,1.2806246280670166,0.024807237088680267,143,6.866761302459269e-07
4422,0.9882478713989258,0.011752128601074219,1.2711553573608398,0.024346161633729935,143,6.866761302459269e-07
4423,0.9884037375450134,0.011596262454986572,1.2734795808792114,0.02421509474515915,143,6.866761302459269e-07
4424,0.9884615540504456,0.011538445949554443,1.270004391670227,0.02412310615181923,143,6.866761302459269e-07
4425,0.9885504841804504,0.01144951581954956,1.2695344686508179,0.02403036504983902,143,6.866761302459269e-07
4426,0.9887285828590393,0.011271417140960693,1.268396258354187,0.023842666298151016,143,6.866761302459269e-07
4427,0.988061249256134,0.011938750743865967,1.259372591972351,0.0244130901992321,143,6.866761302459269e-07
4428,0.9886171221733093,0.011382877826690674,1.2920515537261963,0.02418956533074379,143,6.866761302459269e-07
4429,0.988399863243103,0.011600136756896973,1.2658991813659668,0.024143127724528313,143,6.866761302459269e-07
4430,0.9885088205337524,0.011491179466247559,1.267935872077942,0.02405562624335289,143,6.866761302459269e-07
4431,0.9884601831436157,0.011539816856384277,1.2672978639602661,0.024097397923469543,143,6.866761302459269e-07
4432,0.9886780977249146,0.01132190227508545,1.2704167366027832,0.02391285076737404,143,6.866761302459269e-07
4433,0.9885328412055969,0.011467158794403076,1.271704077720642,0.0240695271641016,144,6.523423237336305e-07
4434,0.9882806539535522,0.011719346046447754,1.267913579940796,0.02428128942847252,144,6.523423237336305e-07
4435,0.9883223176002502,0.011677682399749756,1.288785696029663,0.024448763579130173,144,6.523423237336305e-07
4436,0.9885036945343018,0.011496305465698242,1.287867784500122,0.02426001988351345,144,6.523423237336305e-07
4437,0.9883193373680115,0.011680662631988525,1.2597712278366089,0.0241615679115057,144,6.523423237336305e-07
4438,0.9882192611694336,0.011780738830566406,1.2563828229904175,0.024226758629083633,144,6.523423237336305e-07
4439,0.988571047782898,0.01142895221710205,1.2665811777114868,0.023980475962162018,144,6.523423237336305e-07
4440,0.9881694912910461,0.011830508708953857,1.276388168334961,0.024476084858179092,144,6.523423237336305e-07
4441,0.9878020286560059,0.01219797134399414,1.2731410264968872,0.0248074010014534,144,6.523423237336305e-07
4442,0.9883063435554504,0.01169365644454956,1.2542091608047485,0.024118810892105103,144,6.523423237336305e-07
4443,0.9882054328918457,0.011794567108154297,1.2711217403411865,0.024387838318943977,144,6.523423237336305e-07
4444,0.9878196716308594,0.012180328369140625,1.2873456478118896,0.024931982159614563,144,6.523423237336305e-07
4445,0.9886758327484131,0.011324167251586914,1.2642382383346558,0.023853307589888573,144,6.523423237336305e-07
4446,0.9882014989852905,0.011798501014709473,1.2719058990478516,0.02439957484602928,144,6.523423237336305e-07
4447,0.9884907603263855,0.011509239673614502,1.27690851688385,0.024163231253623962,144,6.523423237336305e-07
4448,0.9884538054466248,0.011546194553375244,1.257173776626587,0.024002470076084137,144,6.523423237336305e-07
4449,0.9882097244262695,0.011790275573730469,1.268640398979187,0.024358775466680527,144,6.523423237336305e-07
4450,0.98833167552948,0.01166832447052002,1.2783828973770142,0.02433547005057335,144,6.523423237336305e-07
4451,0.9883063435554504,0.01169365644454956,1.2607026100158691,0.024183746427297592,144,6.523423237336305e-07
4452,0.9886823892593384,0.011317610740661621,1.256669521331787,0.023771129548549652,144,6.523423237336305e-07
4453,0.9886574149131775,0.01134258508682251,1.2689340114593506,0.023918498307466507,144,6.523423237336305e-07
4454,0.9882878065109253,0.011712193489074707,1.2721000909805298,0.024316072463989258,144,6.523423237336305e-07
4455,0.9884310960769653,0.011568903923034668,1.2661405801773071,0.024114619940519333,144,6.523423237336305e-07
4456,0.9882358312606812,0.011764168739318848,1.2758466005325317,0.024404991418123245,144,6.523423237336305e-07
4457,0.9884508848190308,0.011549115180969238,1.2875962257385254,0.024309586733579636,144,6.523423237336305e-07
4458,0.9884820580482483,0.011517941951751709,1.2659447193145752,0.024062208831310272,144,6.523423237336305e-07
4459,0.9881557822227478,0.011844217777252197,1.2822792530059814,0.024548567831516266,144,6.523423237336305e-07
4460,0.9885005950927734,0.011499404907226562,1.2636080980300903,0.024020491167902946,144,6.523423237336305e-07
4461,0.9888341426849365,0.011165857315063477,1.2815529108047485,0.023869726806879044,144,6.523423237336305e-07
4462,0.9881880283355713,0.011811971664428711,1.2632355690002441,0.024326207116246223,144,6.523423237336305e-07
4463,0.9886834025382996,0.01131659746170044,1.2599138021469116,0.02380256913602352,144,6.523423237336305e-07
4464,0.9884668588638306,0.011533141136169434,1.3048895597457886,0.024466704577207565,145,6.197252075469489e-07
4465,0.9882063269615173,0.011793673038482666,1.2697536945343018,0.02437327429652214,145,6.197252075469489e-07
4466,0.9887049794197083,0.011295020580291748,1.2673592567443848,0.02385566383600235,145,6.197252075469489e-07
4467,0.9883261919021606,0.011673808097839355,1.267032265663147,0.024227391928434372,145,6.197252075469489e-07
4468,0.9882360696792603,0.011763930320739746,1.2637124061584473,0.02428341470658779,145,6.197252075469489e-07
4469,0.9883842468261719,0.011615753173828125,1.2744531631469727,0.024244125932455063,145,6.197252075469489e-07
4470,0.9885699152946472,0.011430084705352783,1.2640959024429321,0.023956742137670517,145,6.197252075469489e-07
4471,0.9882382154464722,0.011761784553527832,1.277000904083252,0.024414174258708954,145,6.197252075469489e-07
4472,0.9886099696159363,0.01139003038406372,1.2673901319503784,0.023950032889842987,145,6.197252075469489e-07
4473,0.9881466627120972,0.011853337287902832,1.270901083946228,0.024443814530968666,145,6.197252075469489e-07
4474,0.9884915351867676,0.011508464813232422,1.2715964317321777,0.02410934492945671,145,6.197252075469489e-07
4475,0.98798006772995,0.012019932270050049,1.2906819581985474,0.02480655163526535,145,6.197252075469489e-07
4476,0.9880608320236206,0.011939167976379395,1.2709259986877441,0.02452903613448143,145,6.197252075469489e-07
4477,0.9889609813690186,0.011039018630981445,1.2788230180740356,0.02371685951948166,145,6.197252075469489e-07
4478,0.988567590713501,0.011432409286499023,1.2646493911743164,0.02396458014845848,145,6.197252075469489e-07
4479,0.9884334802627563,0.011566519737243652,1.2729530334472656,0.02418038621544838,145,6.197252075469489e-07
4480,0.9884682893753052,0.011531710624694824,1.2841706275939941,0.024258099496364594,145,6.197252075469489e-07
4481,0.9885105490684509,0.011489450931549072,1.2526158094406128,0.02390071377158165,145,6.197252075469489e-07
4482,0.988355815410614,0.011644184589385986,1.2588372230529785,0.024116113781929016,145,6.197252075469489e-07
4483,0.9880291223526001,0.011970877647399902,1.2624953985214233,0.024476122111082077,145,6.197252075469489e-07
4484,0.9885393977165222,0.011460602283477783,1.2627383470535278,0.023973379284143448,145,6.197252075469489e-07
4485,0.9879093766212463,0.012090623378753662,1.2687103748321533,0.02465682104229927,145,6.197252075469489e-07
4486,0.9883074164390564,0.011692583560943604,1.26621413230896,0.024237798526883125,145,6.197252075469489e-07
4487,0.9881793856620789,0.011820614337921143,1.2656199932098389,0.024358607828617096,145,6.197252075469489e-07
4488,0.9880634546279907,0.011936545372009277,1.2715586423873901,0.02453276515007019,145,6.197252075469489e-07
4489,0.9883934259414673,0.011606574058532715,1.2745604515075684,0.02423611283302307,145,6.197252075469489e-07
4490,0.988288938999176,0.011711061000823975,1.2783514261245728,0.02437746524810791,145,6.197252075469489e-07
4491,0.9885441660881042,0.011455833911895752,1.2609986066818237,0.02395126223564148,145,6.197252075469489e-07
4492,0.9883219599723816,0.011678040027618408,1.2674305438995361,0.024235565215349197,145,6.197252075469489e-07
4493,0.9883742332458496,0.01162576675415039,1.2752841711044312,0.02426235005259514,145,6.197252075469489e-07
4494,0.9886068105697632,0.011393189430236816,1.26254403591156,0.023904697969555855,145,6.197252075469489e-07
4495,0.9883633255958557,0.011636674404144287,1.2694860696792603,0.02421516925096512,146,5.887389471696014e-07
4496,0.9881176948547363,0.011882305145263672,1.2708559036254883,0.024472041055560112,146,5.887389471696014e-07
4497,0.9883165955543518,0.011683404445648193,1.2819459438323975,0.024386029690504074,146,5.887389471696014e-07
4498,0.9885387420654297,0.011461257934570312,1.2555046081542969,0.023901691660284996,146,5.887389471696014e-07
4499,0.9882856011390686,0.011714398860931396,1.2595479488372803,0.02419273555278778,146,5.887389471696014e-07
4500,0.9887254238128662,0.011274576187133789,1.2746632099151611,0.02390846237540245,146,5.887389471696014e-07
4501,0.988259494304657,0.011740505695343018,1.2737873792648315,0.02436097338795662,146,5.887389471696014e-07
4502,0.9883295893669128,0.011670410633087158,1.2817227840423584,0.024370934814214706,146,5.887389471696014e-07
4503,0.9880110025405884,0.011988997459411621,1.2680346965789795,0.0245494544506073,146,5.887389471696014e-07
4504,0.9881307482719421,0.011869251728057861,1.2638243436813354,0.02438880130648613,146,5.887389471696014e-07
4505,0.9881963729858398,0.011803627014160156,1.279185175895691,0.024477442726492882,146,5.887389471696014e-07
4506,0.9884018301963806,0.011598169803619385,1.2895355224609375,0.024377543479204178,146,5.887389471696014e-07
4507,0.9884507656097412,0.011549234390258789,1.2577106952667236,0.024010848253965378,146,5.887389471696014e-07
4508,0.9886178374290466,0.01138216257095337,1.2780331373214722,0.02404867112636566,146,5.887389471696014e-07
4509,0.9882411956787109,0.011758804321289062,1.267432451248169,0.024315539747476578,146,5.887389471696014e-07
4510,0.9883547425270081,0.011645257472991943,1.2705936431884766,0.024234741926193237,146,5.887389471696014e-07
4511,0.9881622195243835,0.011837780475616455,1.2735276222229004,0.02445467934012413,146,5.887389471696014e-07
4512,0.9884667992591858,0.011533200740814209,1.2848594188690186,0.02426646277308464,146,5.887389471696014e-07
4513,0.988921046257019,0.011078953742980957,1.2562905550003052,0.023531069979071617,146,5.887389471696014e-07
4514,0.9885349869728088,0.011465013027191162,1.2868411540985107,0.02421877346932888,146,5.887389471696014e-07
4515,0.9883349537849426,0.011665046215057373,1.270764708518982,0.024256043136119843,146,5.887389471696014e-07
4516,0.9884843826293945,0.011515617370605469,1.267454981803894,0.024075010791420937,146,5.887389471696014e-07
4517,0.9881624579429626,0.011837542057037354,1.2658329010009766,0.024377495050430298,146,5.887389471696014e-07
4518,0.9881124496459961,0.011887550354003906,1.2714002132415771,0.02448267862200737,146,5.887389471696014e-07
4519,0.988205075263977,0.01179492473602295,1.268196940422058,0.024358944967389107,146,5.887389471696014e-07
4520,0.9884135127067566,0.011586487293243408,1.264201283454895,0.024112634360790253,146,5.887389471696014e-07
4521,0.9885419607162476,0.011458039283752441,1.2556027173995972,0.023899484425783157,146,5.887389471696014e-07
4522,0.9885826110839844,0.011417388916015625,1.2706642150878906,0.024009857326745987,146,5.887389471696014e-07
4523,0.9884837865829468,0.011516213417053223,1.2667442560195923,0.024068493396043777,146,5.887389471696014e-07
4524,0.9881265163421631,0.011873483657836914,1.2717835903167725,0.024472584947943687,146,5.887389471696014e-07
4525,0.9884318113327026,0.011568188667297363,1.2681407928466797,0.024133915081620216,146,5.887389471696014e-07
4526,0.9884406924247742,0.01155930757522583,1.2650694847106934,0.024094410240650177,147,5.593019998111213e-07
4527,0.9880245327949524,0.011975467205047607,1.2770713567733765,0.02462642639875412,147,5.593019998111213e-07
4528,0.9885389804840088,0.011461019515991211,1.2688367366790771,0.0240347757935524,147,5.593019998111213e-07
4529,0.9883669018745422,0.011633098125457764,1.2600795030593872,0.024117562919855118,147,5.593019998111213e-07
4530,0.9884189367294312,0.011581063270568848,1.2661877870559692,0.024127129465341568,147,5.593019998111213e-07
4531,0.9885016083717346,0.01149839162826538,1.2666449546813965,0.024049855768680573,147,5.593019998111213e-07
4532,0.9880528450012207,0.011947154998779297,1.2713836431503296,0.024541519582271576,147,5.593019998111213e-07
4533,0.9881449937820435,0.011855006217956543,1.2804760932922363,0.0245412178337574,147,5.593019998111213e-07
4534,0.9884964823722839,0.011503517627716064,1.2614952325820923,0.02400343492627144,147,5.593019998111213e-07
4535,0.9881690144538879,0.01183098554611206,1.2960832118988037,0.02467350661754608,147,5.593019998111213e-07
4536,0.9884112477302551,0.011588752269744873,1.2601327896118164,0.024074193090200424,147,5.593019998111213e-07
4537,0.9880949854850769,0.011905014514923096,1.2571419477462769,0.02435738407075405,147,5.593019998111213e-07
4538,0.9884894490242004,0.01151055097579956,1.2706538438796997,0.02410198375582695,147,5.593019998111213e-07
4539,0.9888468384742737,0.011153161525726318,1.2973850965499878,0.024015480652451515,147,5.593019998111213e-07
4540,0.9886195063591003,0.011380493640899658,1.2686113119125366,0.023952800780534744,147,5.593019998111213e-07
4541,0.9878931641578674,0.012106835842132568,1.2789585590362549,0.024775352329015732,147,5.593019998111213e-07
4542,0.9886557459831238,0.01134425401687622,1.2611935138702393,0.023842746391892433,147,5.593019998111213e-07
4543,0.9885307550430298,0.011469244956970215,1.2652323246002197,0.024006875231862068,147,5.593019998111213e-07
4544,0.988764762878418,0.011235237121582031,1.2625343799591064,0.023748228326439857,147,5.593019998111213e-07
4545,0.9882842898368835,0.011715710163116455,1.2689101696014404,0.02428765594959259,147,5.593019998111213e-07
4546,0.9878345727920532,0.012165427207946777,1.2587536573410034,0.024631310254335403,147,5.593019998111213e-07
4547,0.9878679513931274,0.012132048606872559,1.266860842704773,0.024679336696863174,147,5.593019998111213e-07
4548,0.9885895848274231,0.011410415172576904,1.2612415552139282,0.02390872687101364,147,5.593019998111213e-07
4549,0.9883018732070923,0.011698126792907715,1.273041844367981,0.02431156300008297,147,5.593019998111213e-07
4550,0.9883865118026733,0.01161348819732666,1.277530550956726,0.024272657930850983,147,5.593019998111213e-07
4551,0.9882794618606567,0.011720538139343262,1.2619714736938477,0.024223048239946365,147,5.593019998111213e-07
4552,0.9886443614959717,0.01135563850402832,1.2665133476257324,0.023907214403152466,147,5.593019998111213e-07
4553,0.988211452960968,0.011788547039031982,1.2781591415405273,0.02445225417613983,147,5.593019998111213e-07
4554,0.9882878661155701,0.011712133884429932,1.269676685333252,0.024291779845952988,147,5.593019998111213e-07
4555,0.9883935451507568,0.011606454849243164,1.2702873945236206,0.024193264544010162,147,5.593019998111213e-07
4556,0.9887415170669556,0.011258482933044434,1.308951735496521,0.02423541620373726,147,5.593019998111213e-07
4557,0.9884759187698364,0.011524081230163574,1.29423189163208,0.02435115911066532,148,5.313368998205652e-07
4558,0.9885492324829102,0.011450767517089844,1.268306851387024,0.024019327014684677,148,5.313368998205652e-07
4559,0.9884913563728333,0.011508643627166748,1.2800017595291138,0.024193573743104935,148,5.313368998205652e-07
4560,0.9884318709373474,0.011568129062652588,1.2742500305175781,0.024194948375225067,148,5.313368998205652e-07
4561,0.9883192777633667,0.0116807222366333,1.2710095643997192,0.024274010211229324,148,5.313368998205652e-07
4562,0.9880428314208984,0.011957168579101562,1.2640719413757324,0.02447831630706787,148,5.313368998205652e-07
4563,0.988093376159668,0.011906623840332031,1.2790013551712036,0.02457757107913494,148,5.313368998205652e-07
4564,0.9885636568069458,0.0114363431930542,1.2616055011749268,0.02393803372979164,148,5.313368998205652e-07
4565,0.988360583782196,0.011639416217803955,1.2781754732131958,0.02430477738380432,148,5.313368998205652e-07
4566,0.9880030155181885,0.011996984481811523,1.2640953063964844,0.0245179682970047,148,5.313368998205652e-07
4567,0.9885638952255249,0.011436104774475098,1.255417823791504,0.023875921964645386,148,5.313368998205652e-07
4568,0.988487958908081,0.011512041091918945,1.2722705602645874,0.024119626730680466,148,5.313368998205652e-07
4569,0.9883659482002258,0.01163405179977417,1.2718925476074219,0.024236636236310005,148,5.313368998205652e-07
4570,0.9882315993309021,0.0117684006690979,1.287873387336731,0.02452944964170456,148,5.313368998205652e-07
4571,0.9885414838790894,0.011458516120910645,1.2748883962631226,0.024092815816402435,148,5.313368998205652e-07
4572,0.9879888892173767,0.012011110782623291,1.2683823108673096,0.024574823677539825,148,5.313368998205652e-07
4573,0.9886579513549805,0.011342048645019531,1.2708808183670044,0.023937437683343887,148,5.313368998205652e-07
4574,0.9886031150817871,0.01139688491821289,1.2615079879760742,0.023897996172308922,148,5.313368998205652e-07
4575,0.9883992075920105,0.011600792407989502,1.2778838872909546,0.024263624101877213,148,5.313368998205652e-07
4576,0.988438069820404,0.011561930179595947,1.2609606981277466,0.02405591681599617,148,5.313368998205652e-07
4577,0.9887832999229431,0.011216700077056885,1.266972303390503,0.02377425506711006,148,5.313368998205652e-07
4578,0.9883909225463867,0.011609077453613281,1.2628226280212402,0.02412121370434761,148,5.313368998205652e-07
4579,0.9886304140090942,0.011369585990905762,1.2716230154037476,0.023972120136022568,148,5.313368998205652e-07
4580,0.9885303974151611,0.011469602584838867,1.2656898498535156,0.024011805653572083,148,5.313368998205652e-07
4581,0.9881381392478943,0.011861860752105713,1.266945719718933,0.024412699043750763,148,5.313368998205652e-07
4582,0.9882023930549622,0.011797606945037842,1.2848927974700928,0.024528559297323227,148,5.313368998205652e-07
4583,0.988304853439331,0.011695146560668945,1.2636134624481201,0.024214329198002815,148,5.313368998205652e-07
4584,0.9879490733146667,0.012050926685333252,1.2633517980575562,0.02456393465399742,148,5.313368998205652e-07
4585,0.9880722165107727,0.011927783489227295,1.2657419443130493,0.024465925991535187,148,5.313368998205652e-07
4586,0.9884117245674133,0.01158827543258667,1.2723580598831177,0.024195972830057144,148,5.313368998205652e-07
4587,0.9881772994995117,0.011822700500488281,1.2593721151351929,0.02429819479584694,148,5.313368998205652e-07
4588,0.988170325756073,0.011829674243927002,1.2823203802108765,0.02453458122909069,149,5.047700548295369e-07
4589,0.9883866906166077,0.011613309383392334,1.2544349431991577,0.02404152601957321,149,5.047700548295369e-07
4590,0.9884011149406433,0.01159888505935669,1.260735034942627,0.024090245366096497,149,5.047700548295369e-07
4591,0.9881977438926697,0.011802256107330322,1.2710480690002441,0.02439471334218979,149,5.047700548295369e-07
4592,0.9883068203926086,0.011693179607391357,1.2741289138793945,0.024317536503076553,149,5.047700548295369e-07
4593,0.988817036151886,0.011182963848114014,1.277402639389038,0.023845160380005836,149,5.047700548295369e-07
4594,0.9882602691650391,0.011739730834960938,1.2775301933288574,0.024397635832428932,149,5.047700548295369e-07
4595,0.9884616732597351,0.011538326740264893,1.2748006582260132,0.024170950055122375,149,5.047700548295369e-07
4596,0.9880979657173157,0.011902034282684326,1.2718714475631714,0.024501727893948555,149,5.047700548295369e-07
4597,0.9884037375450134,0.011596262454986572,1.2591451406478882,0.024071751162409782,149,5.047700548295369e-07
4598,0.9880781769752502,0.011921823024749756,1.287544846534729,0.024678053334355354,149,5.047700548295369e-07
4599,0.9885134100914001,0.011486589908599854,1.2660648822784424,0.02403237298130989,149,5.047700548295369e-07
4600,0.98824143409729,0.011758565902709961,1.280646800994873,0.024447448551654816,149,5.047700548295369e-07
4601,0.9884840250015259,0.011515974998474121,1.2804254293441772,0.024205069988965988,149,5.047700548295369e-07
4602,0.98813796043396,0.011862039566040039,1.2687727212905884,0.024431146681308746,149,5.047700548295369e-07
4603,0.9883922934532166,0.011607706546783447,1.270553708076477,0.024197164922952652,149,5.047700548295369e-07
4604,0.9886285662651062,0.011371433734893799,1.2788037061691284,0.024045756086707115,149,5.047700548295369e-07
4605,0.9888994693756104,0.011100530624389648,1.2556054592132568,0.023545579984784126,149,5.047700548295369e-07
4606,0.9885011911392212,0.011498808860778809,1.2658389806747437,0.02404221147298813,149,5.047700548295369e-07
4607,0.9880895614624023,0.011910438537597656,1.2760220766067505,0.024551555514335632,149,5.047700548295369e-07
4608,0.9879835247993469,0.012016475200653076,1.2691311836242676,0.02458762191236019,149,5.047700548295369e-07
4609,0.9885671138763428,0.011432886123657227,1.280297040939331,0.02412152662873268,149,5.047700548295369e-07
4610,0.9882524609565735,0.011747539043426514,1.2575311660766602,0.024205375462770462,149,5.047700548295369e-07
4611,0.9883979558944702,0.011602044105529785,1.2986916303634644,0.02447294071316719,149,5.047700548295369e-07
4612,0.9886045455932617,0.011395454406738281,1.2691473960876465,0.023972973227500916,149,5.047700548295369e-07
4613,0.9880717992782593,0.011928200721740723,1.2655556201934814,0.024464474990963936,149,5.047700548295369e-07
4614,0.9883834719657898,0.011616528034210205,1.259864091873169,0.02409900352358818,149,5.047700548295369e-07
4615,0.9888815879821777,0.011118412017822266,1.2698748111724854,0.023705976083874702,149,5.047700548295369e-07
4616,0.9883448481559753,0.011655151844024658,1.2560678720474243,0.024099279195070267,149,5.047700548295369e-07
4617,0.9883305430412292,0.011669456958770752,1.258144497871399,0.024134207516908646,149,5.047700548295369e-07
4618,0.9879423379898071,0.012057662010192871,1.2619733810424805,0.02455681934952736,149,5.047700548295369e-07
4619,0.9885234236717224,0.011476576328277588,1.2612746953964233,0.023974556475877762,150,4.7953155208806e-07
4620,0.9881927371025085,0.011807262897491455,1.2739884853363037,0.0244290754199028,150,4.7953155208806e-07
4621,0.9885119795799255,0.011488020420074463,1.2441898584365845,0.023815039545297623,150,4.7953155208806e-07
4622,0.9880440831184387,0.01195591688156128,1.277463436126709,0.024610992521047592,150,4.7953155208806e-07
4623,0.9883534908294678,0.011646509170532227,1.279249668121338,0.024322539567947388,150,4.7953155208806e-07
4624,0.9884780049324036,0.011521995067596436,1.2748351097106934,0.02415512502193451,150,4.7953155208806e-07
4625,0.9883996844291687,0.011600315570831299,1.2618407011032104,0.024102719500660896,150,4.7953155208806e-07
4626,0.9883386492729187,0.011661350727081299,1.2665228843688965,0.024209965020418167,150,4.7953155208806e-07
4627,0.9883511066436768,0.011648893356323242,1.2829639911651611,0.024362044408917427,150,4.7953155208806e-07
4628,0.9882073402404785,0.011792659759521484,1.2761965990066528,0.024436697363853455,150,4.7953155208806e-07
4629,0.9884639382362366,0.011536061763763428,1.2666645050048828,0.024087347090244293,150,4.7953155208806e-07
4630,0.9884272813796997,0.011572718620300293,1.2662006616592407,0.024118997156620026,150,4.7953155208806e-07
4631,0.9883773326873779,0.01162266731262207,1.2626088857650757,0.02413252927362919,150,4.7953155208806e-07
4632,0.9887158870697021,0.011284112930297852,1.267331838607788,0.023844590410590172,150,4.7953155208806e-07
4633,0.9881208539009094,0.011879146099090576,1.2623915672302246,0.0243842713534832,150,4.7953155208806e-07
4634,0.9885877966880798,0.011412203311920166,1.2718905210494995,0.024016987532377243,150,4.7953155208806e-07
4635,0.9885050058364868,0.011494994163513184,1.2852132320404053,0.024232177063822746,150,4.7953155208806e-07
4636,0.9885138869285583,0.01148611307144165,1.293359398841858,0.024304844439029694,150,4.7953155208806e-07
4637,0.9883045554161072,0.011695444583892822,1.274285078048706,0.024321340024471283,150,4.7953155208806e-07
4638,0.988161563873291,0.011838436126708984,1.2585124969482422,0.024305175989866257,150,4.7953155208806e-07
4639,0.9882432818412781,0.011756718158721924,1.2650609016418457,0.02428976073861122,150,4.7953155208806e-07
4640,0.9879855513572693,0.012014448642730713,1.272338628768921,0.024617690593004227,150,4.7953155208806e-07
4641,0.988807201385498,0.011192798614501953,1.2604458332061768,0.023685328662395477,150,4.7953155208806e-07
4642,0.9885966777801514,0.011403322219848633,1.2657172679901123,0.023946460336446762,150,4.7953155208806e-07
4643,0.988071084022522,0.011928915977478027,1.2626899480819702,0.024436526000499725,150,4.7953155208806e-07
4644,0.9884649515151978,0.011535048484802246,1.2653710842132568,0.02407340705394745,150,4.7953155208806e-07
4645,0.9883256554603577,0.011674344539642334,1.27469003200531,0.024304501712322235,150,4.7953155208806e-07
4646,0.9880855083465576,0.011914491653442383,1.2720985412597656,0.024516332894563675,150,4.7953155208806e-07
4647,0.9882042407989502,0.011795759201049805,1.2732832431793213,0.024410633370280266,150,4.7953155208806e-07
4648,0.9888671636581421,0.01113283634185791,1.2814066410064697,0.023835573345422745,150,4.7953155208806e-07
4649,0.9878960847854614,0.012103915214538574,1.2871037721633911,0.024853913113474846,150,4.7953155208806e-07
4650,0.9886119961738586,0.011388003826141357,1.276916742324829,0.024043291807174683,151,4.55554974483657e-07
4651,0.9883293509483337,0.01167064905166626,1.2750847339630127,0.024304788559675217,151,4.55554974483657e-07
4652,0.9887177348136902,0.011282265186309814,1.255395531654358,0.02372339740395546,151,4.55554974483657e-07
4653,0.9884410500526428,0.011558949947357178,1.2792927026748657,0.0242362879216671,151,4.55554974483657e-07
4654,0.9881092309951782,0.011890769004821777,1.289980173110962,0.024671662598848343,151,4.55554974483657e-07
4655,0.9884458184242249,0.011554181575775146,1.2605319023132324,0.024043958634138107,151,4.55554974483657e-07
4656,0.9880870580673218,0.011912941932678223,1.275033950805664,0.02454415149986744,151,4.55554974483657e-07
4657,0.9882821440696716,0.01171785593032837,1.2678852081298828,0.024279529228806496,151,4.55554974483657e-07
4658,0.9885778427124023,0.011422157287597656,1.2727457284927368,0.024035394191741943,151,4.55554974483657e-07
4659,0.9884843826293945,0.011515617370605469,1.270824909210205,0.024108709767460823,151,4.55554974483657e-07
4660,0.9885815382003784,0.011418461799621582,1.2649126052856445,0.023953402414917946,151,4.55554974483657e-07
4661,0.9882354140281677,0.011764585971832275,1.2832040786743164,0.024478981271386147,151,4.55554974483657e-07
4662,0.9882729053497314,0.011727094650268555,1.2746784687042236,0.024356607347726822,151,4.55554974483657e-07
4663,0.9884458780288696,0.011554121971130371,1.2662965059280396,0.02410154603421688,151,4.55554974483657e-07
4664,0.9885395169258118,0.011460483074188232,1.2713476419448853,0.02405935525894165,151,4.55554974483657e-07
4665,0.9884627461433411,0.011537253856658936,1.274724006652832,0.02416912093758583,151,4.55554974483657e-07
4666,0.9885207414627075,0.01147925853729248,1.2600364685058594,0.023964829742908478,151,4.55554974483657e-07
4667,0.988392174243927,0.011607825756072998,1.2627507448196411,0.02411925420165062,151,4.55554974483657e-07
4668,0.9880241751670837,0.01197582483291626,1.2748253345489502,0.024604320526123047,151,4.55554974483657e-07
4669,0.9885327219963074,0.011467278003692627,1.2740771770477295,0.024093376472592354,151,4.55554974483657e-07
4670,0.9880814552307129,0.01191854476928711,1.2836942672729492,0.024636302143335342,151,4.55554974483657e-07
4671,0.9880377650260925,0.01196223497390747,1.2728564739227295,0.02457117661833763,151,4.55554974483657e-07
4672,0.9880281090736389,0.011971890926361084,1.2559688091278076,0.02441186085343361,151,4.55554974483657e-07
4673,0.9887339472770691,0.011266052722930908,1.283341407775879,0.023986805230379105,151,4.55554974483657e-07
4674,0.9884978532791138,0.01150214672088623,1.2646875381469727,0.02403400093317032,151,4.55554974483657e-07
4675,0.9882733225822449,0.011726677417755127,1.2591288089752197,0.024200698360800743,151,4.55554974483657e-07
4676,0.9885252714157104,0.01147472858428955,1.2620186805725098,0.023980166763067245,151,4.55554974483657e-07
4677,0.9878882169723511,0.012111783027648926,1.262362003326416,0.024614285677671432,151,4.55554974483657e-07
4678,0.988628089427948,0.011371910572052002,1.2676684856414795,0.023934874683618546,151,4.55554974483657e-07
4679,0.9880486726760864,0.011951327323913574,1.2641329765319824,0.024473143741488457,151,4.55554974483657e-07
4680,0.9886013269424438,0.011398673057556152,1.2787539958953857,0.024072226136922836,151,4.55554974483657e-07
4681,0.9884852170944214,0.011514782905578613,1.2726773023605347,0.024126406759023666,152,4.327772257594741e-07
4682,0.9884373545646667,0.011562645435333252,1.2849420309066772,0.024296440184116364,152,4.327772257594741e-07
4683,0.9880668520927429,0.01193314790725708,1.2766411304473877,0.024580227211117744,152,4.327772257594741e-07
4684,0.9882205128669739,0.011779487133026123,1.2812410593032837,0.02447410300374031,152,4.327772257594741e-07
4685,0.988240659236908,0.011759340763092041,1.2561635971069336,0.024203382432460785,152,4.327772257594741e-07
4686,0.9885135293006897,0.011486470699310303,1.2759923934936523,0.02413152903318405,152,4.327772257594741e-07
4687,0.9877668023109436,0.012233197689056396,1.2720470428466797,0.024831335991621017,152,4.327772257594741e-07
4688,0.98890620470047,0.01109379529953003,1.270667552947998,0.02368953265249729,152,4.327772257594741e-07
4689,0.9885440468788147,0.011455953121185303,1.271098017692566,0.024052374064922333,152,4.327772257594741e-07
4690,0.9882730841636658,0.011726915836334229,1.2623136043548584,0.024232782423496246,152,4.327772257594741e-07
4691,0.9881956577301025,0.011804342269897461,1.2699005603790283,0.024385303258895874,152,4.327772257594741e-07
4692,0.9883747100830078,0.011625289916992188,1.2630802392959595,0.02413984015583992,152,4.327772257594741e-07
4693,0.9886990189552307,0.011300981044769287,1.2732713222503662,0.023920685052871704,152,4.327772257594741e-07
4694,0.9885187149047852,0.011481285095214844,1.2627943754196167,0.023994415998458862,152,4.327772257594741e-07
4695,0.9884939193725586,0.011506080627441406,1.2607790231704712,0.023998809978365898,152,4.327772257594741e-07
4696,0.9888035655021667,0.011196434497833252,1.279697060585022,0.023881439119577408,152,4.327772257594741e-07
4697,0.9883230924606323,0.011676907539367676,1.294579267501831,0.02450593188405037,152,4.327772257594741e-07
4698,0.9883973002433777,0.011602699756622314,1.2822635173797607,0.02430930733680725,152,4.327772257594741e-07
4699,0.9879559874534607,0.012044012546539307,1.2684966325759888,0.024608539417386055,152,4.327772257594741e-07
4700,0.9889267683029175,0.01107323169708252,1.2714650630950928,0.023677149787545204,152,4.327772257594741e-07
4701,0.988620400428772,0.011379599571228027,1.2708218097686768,0.023974021896719933,152,4.327772257594741e-07
4702,0.9881782531738281,0.011821746826171875,1.2707487344741821,0.024411015212535858,152,4.327772257594741e-07
4703,0.9881986379623413,0.011801362037658691,1.2529038190841675,0.024212386459112167,152,4.327772257594741e-07
4704,0.9883432984352112,0.011656701564788818,1.269216775894165,0.024232301861047745,152,4.327772257594741e-07
4705,0.9880197644233704,0.011980235576629639,1.2618627548217773,0.024479061365127563,152,4.327772257594741e-07
4706,0.9885360598564148,0.011463940143585205,1.2603464126586914,0.02395276352763176,152,4.327772257594741e-07
4707,0.9880975484848022,0.011902451515197754,1.2797319889068604,0.02458074688911438,152,4.327772257594741e-07
4708,0.9883295297622681,0.011670470237731934,1.2650060653686523,0.024203825742006302,152,4.327772257594741e-07
4709,0.9880867004394531,0.011913299560546875,1.27411687374115,0.02453533560037613,152,4.327772257594741e-07
4710,0.9884412288665771,0.011558771133422852,1.2557172775268555,0.02400035597383976,152,4.327772257594741e-07
4711,0.9884663224220276,0.011533677577972412,1.2704777717590332,0.024123117327690125,152,4.327772257594741e-07
4712,0.9884382486343384,0.011561751365661621,1.2796097993850708,0.024242231622338295,153,4.111383644715004e-07
4713,0.9883386492729187,0.011661350727081299,1.2562170028686523,0.024106906726956367,153,4.111383644715004e-07
4714,0.9881241321563721,0.01187586784362793,1.2875102758407593,0.02463221177458763,153,4.111383644715004e-07
4715,0.9881158471107483,0.011884152889251709,1.2587180137634277,0.02435249090194702,153,4.111383644715004e-07
4716,0.9883890748023987,0.011610925197601318,1.2583433389663696,0.02407824993133545,153,4.111383644715004e-07
4717,0.9885618686676025,0.011438131332397461,1.2758201360702515,0.02408195100724697,153,4.111383644715004e-07
4718,0.988579273223877,0.011420726776123047,1.2631374597549438,0.02393789403140545,153,4.111383644715004e-07
4719,0.9887861609458923,0.011213839054107666,1.2546406984329224,0.023648107424378395,153,4.111383644715004e-07
4720,0.9885985255241394,0.011401474475860596,1.2610477209091187,0.023897936567664146,153,4.111383644715004e-07
4721,0.9877780079841614,0.012221992015838623,1.273500680923462,0.024834778159856796,153,4.111383644715004e-07
4722,0.9882900714874268,0.011709928512573242,1.2703510522842407,0.024296339601278305,153,4.111383644715004e-07
4723,0.9886305928230286,0.011369407176971436,1.2567142248153687,0.023822855204343796,153,4.111383644715004e-07
4724,0.9884488582611084,0.011551141738891602,1.2835129499435425,0.024270759895443916,153,4.111383644715004e-07
4725,0.9882151484489441,0.011784851551055908,1.2779982089996338,0.024446984753012657,153,4.111383644715004e-07
4726,0.9882413148880005,0.011758685111999512,1.2722760438919067,0.024363858625292778,153,4.111383644715004e-07
4727,0.9885420799255371,0.01145792007446289,1.291229248046875,0.02425563335418701,153,4.111383644715004e-07
4728,0.9884335994720459,0.011566400527954102,1.2761313915252686,0.024212051182985306,153,4.111383644715004e-07
4729,0.9880837202072144,0.011916279792785645,1.256282925605774,0.024359945207834244,153,4.111383644715004e-07
4730,0.9883244633674622,0.011675536632537842,1.2671343088150024,0.024230124428868294,153,4.111383644715004e-07
4731,0.9886612892150879,0.01133871078491211,1.2692997455596924,0.02391832135617733,153,4.111383644715004e-07
4732,0.9878318905830383,0.01216810941696167,1.2719730138778687,0.024766158312559128,153,4.111383644715004e-07
4733,0.988250195980072,0.011749804019927979,1.2673420906066895,0.02430572733283043,153,4.111383644715004e-07
4734,0.9882349967956543,0.011765003204345703,1.2743184566497803,0.024390537291765213,153,4.111383644715004e-07
4735,0.9884815812110901,0.011518418788909912,1.2659854888916016,0.02406308799982071,153,4.111383644715004e-07
4736,0.9879819750785828,0.012018024921417236,1.2699168920516968,0.024597013369202614,153,4.111383644715004e-07
4737,0.9886752367019653,0.011324763298034668,1.2877798080444336,0.02408931404352188,153,4.111383644715004e-07
4738,0.9885386824607849,0.011461317539215088,1.2688772678375244,0.02403547614812851,153,4.111383644715004e-07
4739,0.988408088684082,0.011591911315917969,1.2941288948059082,0.02441728115081787,153,4.111383644715004e-07
4740,0.98859041929245,0.011409580707550049,1.2732099294662476,0.024027584120631218,153,4.111383644715004e-07
4741,0.9883505702018738,0.01164942979812622,1.2627052068710327,0.024159986525774002,153,4.111383644715004e-07
4742,0.9884355068206787,0.011564493179321289,1.2489378452301025,0.02393822744488716,153,4.111383644715004e-07
4743,0.9882530570030212,0.01174694299697876,1.2859022617340088,0.02448849566280842,154,3.905814462479254e-07
4744,0.9882392287254333,0.01176077127456665,1.2684991359710693,0.02432815358042717,154,3.905814462479254e-07
4745,0.9886172413825989,0.011382758617401123,1.2863839864730835,0.02413277141749859,154,3.905814462479254e-07
4746,0.9884839057922363,0.011516094207763672,1.266031265258789,0.02406124584376812,154,3.905814462479254e-07
4747,0.9887403845787048,0.011259615421295166,1.2810150384902954,0.02395717054605484,154,3.905814462479254e-07
4748,0.9884725213050842,0.011527478694915771,1.272918462753296,0.02414138987660408,154,3.905814462479254e-07
4749,0.988400399684906,0.011599600315093994,1.2663075923919678,0.024146679788827896,154,3.905814462479254e-07
4750,0.9886098504066467,0.011390149593353271,1.2531787157058716,0.023808035999536514,154,3.905814462479254e-07
4751,0.9880887866020203,0.011911213397979736,1.2659991979599,0.024452093988656998,154,3.905814462479254e-07
4752,0.9884621500968933,0.01153784990310669,1.261665940284729,0.0240391306579113,154,3.905814462479254e-07
4753,0.9884090423583984,0.011590957641601562,1.273799180984497,0.024213038384914398,154,3.905814462479254e-07
4754,0.9881533980369568,0.011846601963043213,1.2647637128829956,0.02437577396631241,154,3.905814462479254e-07
4755,0.9878491759300232,0.012150824069976807,1.2666232585906982,0.02469554916024208,154,3.905814462479254e-07
4756,0.9882067441940308,0.011793255805969238,1.282081127166748,0.024496134370565414,154,3.905814462479254e-07
4757,0.988601565361023,0.01139843463897705,1.2606194019317627,0.023890644311904907,154,3.905814462479254e-07
4758,0.9883432984352112,0.011656701564788818,1.2660118341445923,0.024200253188610077,154,3.905814462479254e-07
4759,0.9881372451782227,0.011862754821777344,1.277146577835083,0.02451559342443943,154,3.905814462479254e-07
4760,0.9882404804229736,0.011759519577026367,1.2617545127868652,0.024259470403194427,154,3.905814462479254e-07
4761,0.9886542558670044,0.011345744132995605,1.2788041830062866,0.024020329117774963,154,3.905814462479254e-07
4762,0.9886992573738098,0.011300742626190186,1.2572875022888184,0.023760609328746796,154,3.905814462479254e-07
4763,0.9882268309593201,0.011773169040679932,1.272519588470459,0.024380633607506752,154,3.905814462479254e-07
4764,0.9883948564529419,0.011605143547058105,1.2735754251480103,0.024224847555160522,154,3.905814462479254e-07
4765,0.9884185194969177,0.011581480503082275,1.2731531858444214,0.024197198450565338,154,3.905814462479254e-07
4766,0.9883711338043213,0.011628866195678711,1.2760649919509888,0.024273227900266647,154,3.905814462479254e-07
4767,0.9882645606994629,0.01173543930053711,1.2784755229949951,0.024402840062975883,154,3.905814462479254e-07
4768,0.9880107045173645,0.011989295482635498,1.2593777179718018,0.02446318045258522,154,3.905814462479254e-07
4769,0.9880748987197876,0.011925101280212402,1.260744571685791,0.024413295090198517,154,3.905814462479254e-07
4770,0.9886390566825867,0.01136094331741333,1.2590211629867554,0.02383754402399063,154,3.905814462479254e-07
4771,0.9883909225463867,0.011609077453613281,1.2770755290985107,0.024263743311166763,154,3.905814462479254e-07
4772,0.9885342121124268,0.011465787887573242,1.2871272563934326,0.024222401902079582,154,3.905814462479254e-07
4773,0.9884028434753418,0.011597156524658203,1.267579436302185,0.024156980216503143,154,3.905814462479254e-07
4774,0.9881378412246704,0.01186215877532959,1.279098391532898,0.024534519761800766,155,3.710523739355291e-07
4775,0.988243043422699,0.011756956577301025,1.2633743286132812,0.024273131042718887,155,3.710523739355291e-07
4776,0.9881185293197632,0.011881470680236816,1.2778428792953491,0.024541083723306656,155,3.710523739355291e-07
4777,0.9885342121124268,0.011465787887573242,1.2677042484283447,0.024028170853853226,155,3.710523739355291e-07
4778,0.9882223606109619,0.011777639389038086,1.2676825523376465,0.024336688220500946,155,3.710523739355291e-07
4779,0.9883179068565369,0.011682093143463135,1.287728190422058,0.024442553520202637,155,3.710523739355291e-07
4780,0.9882490038871765,0.011750996112823486,1.2729288339614868,0.024362774565815926,155,3.710523739355291e-07
4781,0.98853999376297,0.01146000623703003,1.2586042881011963,0.02393144741654396,155,3.710523739355291e-07
4782,0.9885984659194946,0.011401534080505371,1.288055419921875,0.024168072268366814,155,3.710523739355291e-07
4783,0.988437831401825,0.011562168598175049,1.270206332206726,0.0241486094892025,155,3.710523739355291e-07
4784,0.9883731007575989,0.011626899242401123,1.2646510601043701,0.024157140403985977,155,3.710523739355291e-07
4785,0.9880315661430359,0.011968433856964111,1.2684086561203003,0.02453283593058586,155,3.710523739355291e-07
4786,0.9882307648658752,0.011769235134124756,1.2814502716064453,0.024466045200824738,155,3.710523739355291e-07
4787,0.9882532358169556,0.011746764183044434,1.2672544717788696,0.024301841855049133,155,3.710523739355291e-07
4788,0.9880930185317993,0.011906981468200684,1.2670984268188477,0.02445889636874199,155,3.710523739355291e-07
4789,0.9888150691986084,0.011184930801391602,1.2731997966766357,0.023805078119039536,155,3.710523739355291e-07
4790,0.9889439344406128,0.011056065559387207,1.2718714475631714,0.023664219304919243,155,3.710523739355291e-07
4791,0.9882709383964539,0.011729061603546143,1.2635891437530518,0.024247661232948303,155,3.710523739355291e-07
4792,0.9885941743850708,0.0114058256149292,1.271468162536621,0.024006448686122894,155,3.710523739355291e-07
4793,0.9887291789054871,0.01127082109451294,1.2607182264328003,0.02376529574394226,155,3.710523739355291e-07
4794,0.9882751107215881,0.011724889278411865,1.2689032554626465,0.024296673014760017,155,3.710523739355291e-07
4795,0.9883916974067688,0.011608302593231201,1.2681677341461182,0.02417389675974846,155,3.710523739355291e-07
4796,0.9884126782417297,0.011587321758270264,1.2764211893081665,0.024235660210251808,155,3.710523739355291e-07
4797,0.9884304404258728,0.011569559574127197,1.267016053199768,0.0241240244358778,155,3.710523739355291e-07
4798,0.9881452918052673,0.011854708194732666,1.2904993295669556,0.02464115433394909,155,3.710523739355291e-07
4799,0.987881064414978,0.012118935585021973,1.2674431800842285,0.02467217668890953,155,3.710523739355291e-07
4800,0.9886749386787415,0.011325061321258545,1.259437084197998,0.02380618080496788,155,3.710523739355291e-07
4801,0.9884587526321411,0.011541247367858887,1.2622284889221191,0.02404811978340149,155,3.710523739355291e-07
4802,0.9883406758308411,0.011659324169158936,1.254683494567871,0.024089565500617027,155,3.710523739355291e-07
4803,0.9882022142410278,0.011797785758972168,1.2744009494781494,0.024423817172646523,155,3.710523739355291e-07
4804,0.9884706735610962,0.011529326438903809,1.2714532613754272,0.024128565564751625,155,3.710523739355291e-07
4805,0.9884096384048462,0.011590361595153809,1.2748095989227295,0.02422255463898182,156,3.524997552387526e-07
4806,0.9880403280258179,0.011959671974182129,1.2740734815597534,0.024580810219049454,156,3.524997552387526e-07
4807,0.9882056713104248,0.011794328689575195,1.2625223398208618,0.02430160716176033,156,3.524997552387526e-07
4808,0.9880144000053406,0.011985599994659424,1.2633848190307617,0.024499591439962387,156,3.524997552387526e-07
4809,0.9886403679847717,0.011359632015228271,1.2646710872650146,0.02389274537563324,156,3.524997552387526e-07
4810,0.9888182282447815,0.011181771755218506,1.2640471458435059,0.023710425943136215,156,3.524997552387526e-07
4811,0.9886080622673035,0.011391937732696533,1.2583377361297607,0.023861395195126534,156,3.524997552387526e-07
4812,0.9880046248435974,0.011995375156402588,1.2617994546890259,0.024493414908647537,156,3.524997552387526e-07
4813,0.9883403778076172,0.011659622192382812,1.2700995206832886,0.024244021624326706,156,3.524997552387526e-07
4814,0.9884042739868164,0.011595726013183594,1.281275987625122,0.02429252862930298,156,3.524997552387526e-07
4815,0.9881224632263184,0.01187753677368164,1.2700830698013306,0.0244595929980278,156,3.524997552387526e-07
4816,0.9881935715675354,0.0118064284324646,1.271256446838379,0.024400928989052773,156,3.524997552387526e-07
4817,0.9881721138954163,0.01182788610458374,1.283311367034912,0.02454272098839283,156,3.524997552387526e-07
4818,0.9883036613464355,0.011696338653564453,1.2863478660583496,0.024442855268716812,156,3.524997552387526e-07
4819,0.9886159896850586,0.011384010314941406,1.2675819396972656,0.023945989087224007,156,3.524997552387526e-07
4820,0.9884982109069824,0.011501789093017578,1.25900399684906,0.02397681027650833,156,3.524997552387526e-07
4821,0.9881059527397156,0.011894047260284424,1.2662042379379272,0.02443714812397957,156,3.524997552387526e-07
4822,0.9882556796073914,0.011744320392608643,1.2924643754959106,0.024551520124077797,156,3.524997552387526e-07
4823,0.9884492754936218,0.011550724506378174,1.2644453048706055,0.024079669266939163,156,3.524997552387526e-07
4824,0.9884363412857056,0.011563658714294434,1.2639459371566772,0.024087481200695038,156,3.524997552387526e-07
4825,0.988459587097168,0.011540412902832031,1.2692815065383911,0.02411782369017601,156,3.524997552387526e-07
4826,0.9885554909706116,0.011444509029388428,1.2789435386657715,0.024119500070810318,156,3.524997552387526e-07
4827,0.9888061881065369,0.011193811893463135,1.2757501602172852,0.023839375004172325,156,3.524997552387526e-07
4828,0.988542377948761,0.011457622051239014,1.2500005960464478,0.023843051865696907,156,3.524997552387526e-07
4829,0.988399863243103,0.011600136756896973,1.2797253131866455,0.024281390011310577,156,3.524997552387526e-07
4830,0.9884344339370728,0.011565566062927246,1.2779533863067627,0.024229444563388824,156,3.524997552387526e-07
4831,0.9881840944290161,0.011815905570983887,1.2638131380081177,0.02433587796986103,156,3.524997552387526e-07
4832,0.9882550239562988,0.011744976043701172,1.2734016180038452,0.024361541494727135,156,3.524997552387526e-07
4833,0.9885072708129883,0.011492729187011719,1.279258131980896,0.02417038381099701,156,3.524997552387526e-07
4834,0.9883630275726318,0.011636972427368164,1.2658463716506958,0.024179067462682724,156,3.524997552387526e-07
4835,0.9882081151008606,0.011791884899139404,1.2666949033737183,0.0243409164249897,156,3.524997552387526e-07
4836,0.9882315993309021,0.0117684006690979,1.2832586765289307,0.02448330447077751,157,3.34874767476815e-07
4837,0.9882377982139587,0.01176220178604126,1.2963101863861084,0.02460768073797226,157,3.34874767476815e-07
4838,0.988167405128479,0.011832594871520996,1.2578983306884766,0.02429325133562088,157,3.34874767476815e-07
4839,0.9883400797843933,0.01165992021560669,1.2603304386138916,0.02414662577211857,157,3.34874767476815e-07
4840,0.9885427355766296,0.011457264423370361,1.26145339012146,0.023957226425409317,157,3.34874767476815e-07
4841,0.9882623553276062,0.011737644672393799,1.2675981521606445,0.024296250194311142,157,3.34874767476815e-07
4842,0.9881230592727661,0.011876940727233887,1.2736554145812988,0.024494726210832596,157,3.34874767476815e-07
4843,0.9886466264724731,0.011353373527526855,1.2627211809158325,0.023867052048444748,157,3.34874767476815e-07
4844,0.9880971908569336,0.011902809143066406,1.2657274007797241,0.024441055953502655,157,3.34874767476815e-07
4845,0.988383948802948,0.011616051197052002,1.258746862411499,0.02408735826611519,157,3.34874767476815e-07
4846,0.9884300231933594,0.011569976806640625,1.265282154083252,0.02410709857940674,157,3.34874767476815e-07
4847,0.9881709218025208,0.011829078197479248,1.2606674432754517,0.024317461997270584,157,3.34874767476815e-07
4848,0.9886469841003418,0.011353015899658203,1.2766612768173218,0.02400609850883484,157,3.34874767476815e-07
4849,0.9887233972549438,0.011276602745056152,1.265648365020752,0.02382032200694084,157,3.34874767476815e-07
4850,0.9883448481559753,0.011655151844024658,1.2752645015716553,0.02429124526679516,157,3.34874767476815e-07
4851,0.988916277885437,0.011083722114562988,1.2757601737976074,0.023730486631393433,157,3.34874767476815e-07
4852,0.9884232878684998,0.011576712131500244,1.2794363498687744,0.024255309253931046,157,3.34874767476815e-07
4853,0.9882928133010864,0.011707186698913574,1.2693967819213867,0.024284083396196365,157,3.34874767476815e-07
4854,0.9886885285377502,0.011311471462249756,1.2747973203659058,0.023946329951286316,157,3.34874767476815e-07
4855,0.9881672859191895,0.011832714080810547,1.2724963426589966,0.02443934977054596,157,3.34874767476815e-07
4856,0.9880193471908569,0.011980652809143066,1.2670514583587646,0.02453136071562767,157,3.34874767476815e-07
4857,0.9886728525161743,0.011327147483825684,1.2785578966140747,0.02399945631623268,157,3.34874767476815e-07
4858,0.9880099296569824,0.011990070343017578,1.2695565223693848,0.02456573396921158,157,3.34874767476815e-07
4859,0.9880682229995728,0.011931777000427246,1.26119863986969,0.024424444884061813,157,3.34874767476815e-07
4860,0.9888119697570801,0.011188030242919922,1.2725634574890137,0.023801784962415695,157,3.34874767476815e-07
4861,0.9883307814598083,0.01166921854019165,1.2679187059402466,0.024231713265180588,157,3.34874767476815e-07
4862,0.9881669878959656,0.011833012104034424,1.2739640474319458,0.024454321712255478,157,3.34874767476815e-07
4863,0.9884044528007507,0.011595547199249268,1.2641983032226562,0.02412157505750656,157,3.34874767476815e-07
4864,0.988240122795105,0.01175987720489502,1.285517930984497,0.02449745684862137,157,3.34874767476815e-07
4865,0.9885363578796387,0.011463642120361328,1.2648603916168213,0.023997608572244644,157,3.34874767476815e-07
4866,0.9881823658943176,0.011817634105682373,1.2727200984954834,0.0244266577064991,157,3.34874767476815e-07
4867,0.988456666469574,0.011543333530426025,1.2706561088562012,0.02413446083664894,158,3.181310291029742e-07
4868,0.9883558750152588,0.011644124984741211,1.2866265773773193,0.024393949657678604,158,3.181310291029742e-07
4869,0.9882324934005737,0.01176750659942627,1.2697001695632935,0.024346832185983658,158,3.181310291029742e-07
4870,0.98836749792099,0.01163250207901001,1.2636616230010986,0.024152792990207672,158,3.181310291029742e-07
4871,0.9880452752113342,0.011954724788665771,1.2634357213974,0.024469533935189247,158,3.181310291029742e-07
4872,0.988642692565918,0.011357307434082031,1.2710899114608765,0.023954633623361588,158,3.181310291029742e-07
4873,0.9886776208877563,0.011322379112243652,1.2788619995117188,0.023997776210308075,158,3.181310291029742e-07
4874,0.9884661436080933,0.011533856391906738,1.2691981792449951,0.024110499769449234,158,3.181310291029742e-07
4875,0.9884758591651917,0.01152414083480835,1.2718207836151123,0.024127107113599777,158,3.181310291029742e-07
4876,0.9888770580291748,0.011122941970825195,1.2709665298461914,0.023721378296613693,158,3.181310291029742e-07
4877,0.988213837146759,0.011786162853240967,1.2752803564071655,0.024421103298664093,158,3.181310291029742e-07
4878,0.9883686304092407,0.011631369590759277,1.2778688669204712,0.024293743073940277,158,3.181310291029742e-07
4879,0.9886201620101929,0.011379837989807129,1.2666914463043213,0.02393295429646969,158,3.181310291029742e-07
4880,0.9884960055351257,0.011503994464874268,1.2755482196807861,0.024144437164068222,158,3.181310291029742e-07
4881,0.9882376790046692,0.01176232099533081,1.2547240257263184,0.02419193834066391,158,3.181310291029742e-07
4882,0.9881280660629272,0.011871933937072754,1.2639570236206055,0.024392783641815186,158,3.181310291029742e-07
4883,0.9883548021316528,0.011645197868347168,1.271592140197754,0.02424466609954834,158,3.181310291029742e-07
4884,0.9882996082305908,0.01170039176940918,1.263168215751648,0.02421506866812706,158,3.181310291029742e-07
4885,0.9883341789245605,0.011665821075439453,1.2584059238433838,0.024133220314979553,158,3.181310291029742e-07
4886,0.9883313179016113,0.011668682098388672,1.2682613134384155,0.024234607815742493,158,3.181310291029742e-07
4887,0.9882761240005493,0.011723875999450684,1.265405297279358,0.024260690435767174,158,3.181310291029742e-07
4888,0.9886927604675293,0.011307239532470703,1.2773337364196777,0.023967504501342773,158,3.181310291029742e-07
4889,0.9883670210838318,0.011632978916168213,1.2627657651901245,0.024144306778907776,158,3.181310291029742e-07
4890,0.9882411956787109,0.011758804321289062,1.2735041379928589,0.02437625825405121,158,3.181310291029742e-07
4891,0.9880287051200867,0.01197129487991333,1.2734215259552002,0.024585796520113945,158,3.181310291029742e-07
4892,0.9878893494606018,0.012110650539398193,1.2947578430175781,0.02493712306022644,158,3.181310291029742e-07
4893,0.988295316696167,0.011704683303833008,1.2675622701644897,0.024263259023427963,158,3.181310291029742e-07
4894,0.9883840680122375,0.011615931987762451,1.2770748138427734,0.024270519614219666,158,3.181310291029742e-07
4895,0.9883626699447632,0.011637330055236816,1.2587661743164062,0.02410861849784851,158,3.181310291029742e-07
4896,0.9883697628974915,0.011630237102508545,1.2549786567687988,0.024063721299171448,158,3.181310291029742e-07
4897,0.9886232018470764,0.011376798152923584,1.2916213274002075,0.02417924255132675,158,3.181310291029742e-07
4898,0.9889877438545227,0.011012256145477295,1.274651050567627,0.023648643866181374,159,3.0222447764782547e-07
4899,0.9881516098976135,0.011848390102386475,1.2718043327331543,0.02444794960319996,159,3.0222447764782547e-07
4900,0.9878430366516113,0.012156963348388672,1.2708576917648315,0.02474397048354149,159,3.0222447764782547e-07
4901,0.9885817170143127,0.011418282985687256,1.2605842351913452,0.02390994131565094,159,3.0222447764782547e-07
4902,0.9881826639175415,0.011817336082458496,1.2694100141525269,0.024393262341618538,159,3.0222447764782547e-07
4903,0.9881900548934937,0.011809945106506348,1.2760725021362305,0.0244525708258152,159,3.0222447764782547e-07
4904,0.9883519411087036,0.011648058891296387,1.2848036289215088,0.024379614740610123,159,3.0222447764782547e-07
4905,0.9883736371994019,0.011626362800598145,1.2639168500900269,0.024149268865585327,159,3.0222447764782547e-07
4906,0.9884361624717712,0.01156383752822876,1.2762244939804077,0.02421044372022152,159,3.0222447764782547e-07
4907,0.9883706569671631,0.011629343032836914,1.2852438688278198,0.024365488439798355,159,3.0222447764782547e-07
4908,0.9884238839149475,0.01157611608505249,1.2631455659866333,0.02409180998802185,159,3.0222447764782547e-07
4909,0.9884868860244751,0.011513113975524902,1.2613215446472168,0.024011198431253433,159,3.0222447764782547e-07
4910,0.9884026646614075,0.01159733533859253,1.2624411582946777,0.024105772376060486,159,3.0222447764782547e-07
4911,0.9883356690406799,0.011664330959320068,1.2603697776794434,0.024151384830474854,159,3.0222447764782547e-07
4912,0.9881972074508667,0.0118027925491333,1.2649900913238525,0.02433466538786888,159,3.0222447764782547e-07
4913,0.9883489608764648,0.011651039123535156,1.27957022190094,0.024330230429768562,159,3.0222447764782547e-07
4914,0.9883256554603577,0.011674344539642334,1.2723349332809448,0.02428095042705536,159,3.0222447764782547e-07
4915,0.9887125492095947,0.011287450790405273,1.266634464263916,0.023840920999646187,159,3.0222447764782547e-07
4916,0.9885073900222778,0.011492609977722168,1.268220067024231,0.024059884250164032,159,3.0222447764782547e-07
4917,0.9882875084877014,0.011712491512298584,1.2552213668823242,0.024147579446434975,159,3.0222447764782547e-07
4918,0.9884313941001892,0.011568605899810791,1.3041921854019165,0.024494841694831848,159,3.0222447764782547e-07
4919,0.9885225892066956,0.011477410793304443,1.2734699249267578,0.02409733459353447,159,3.0222447764782547e-07
4920,0.9884817600250244,0.011518239974975586,1.2580790519714355,0.023983847349882126,159,3.0222447764782547e-07
4921,0.9882746338844299,0.011725366115570068,1.283384919166565,0.02444196119904518,159,3.0222447764782547e-07
4922,0.9882569909095764,0.011743009090423584,1.2681167125701904,0.02430674619972706,159,3.0222447764782547e-07
4923,0.9881307482719421,0.011869251728057861,1.268014669418335,0.024430707097053528,159,3.0222447764782547e-07
4924,0.9882153272628784,0.011784672737121582,1.2728769779205322,0.024395596235990524,159,3.0222447764782547e-07
4925,0.9885528087615967,0.01144719123840332,1.2678296566009521,0.02401101589202881,159,3.0222447764782547e-07
4926,0.9881401658058167,0.01185983419418335,1.2646175622940063,0.024387411773204803,159,3.0222447764782547e-07
4927,0.9885309338569641,0.011469066143035889,1.265251636505127,0.02400689199566841,159,3.0222447764782547e-07
4928,0.9883934855461121,0.01160651445388794,1.2677929401397705,0.024168379604816437,159,3.0222447764782547e-07
4929,0.988365113735199,0.011634886264801025,1.2749912738800049,0.02426844835281372,160,2.8711325376543416e-07
4930,0.9887282848358154,0.01127171516418457,1.2787113189697266,0.023946110159158707,160,2.8711325376543416e-07
4931,0.9879254102706909,0.012074589729309082,1.2704123258590698,0.024657966569066048,160,2.8711325376543416e-07
4932,0.9883880615234375,0.0116119384765625,1.2804416418075562,0.024300236254930496,160,2.8711325376543416e-07
4933,0.9885092377662659,0.01149076223373413,1.2690812349319458,0.02406666800379753,160,2.8711325376543416e-07
4934,0.9886075854301453,0.011392414569854736,1.2616679668426514,0.02389517053961754,160,2.8711325376543416e-07
4935,0.9881026744842529,0.01189732551574707,1.2636394500732422,0.024414747953414917,160,2.8711325376543416e-07
4936,0.9882575273513794,0.011742472648620605,1.270524024963379,0.02433028817176819,160,2.8711325376543416e-07
4937,0.9883980751037598,0.011601924896240234,1.2603014707565308,0.024088919162750244,160,2.8711325376543416e-07
4938,0.9886413216590881,0.011358678340911865,1.2882250547409058,0.02412734180688858,160,2.8711325376543416e-07
4939,0.9881306290626526,0.011869370937347412,1.2789007425308228,0.024539684876799583,160,2.8711325376543416e-07
4940,0.9881672859191895,0.011832714080810547,1.2721201181411743,0.024435587227344513,160,2.8711325376543416e-07
4941,0.9883102178573608,0.01168978214263916,1.2575551271438599,0.02414843440055847,160,2.8711325376543416e-07
4942,0.9882233738899231,0.011776626110076904,1.2756441831588745,0.024415303021669388,160,2.8711325376543416e-07
4943,0.9886786937713623,0.011321306228637695,1.2684153318405151,0.023892246186733246,160,2.8711325376543416e-07
4944,0.9878606200218201,0.012139379978179932,1.2649564743041992,0.02466754987835884,160,2.8711325376543416e-07
4945,0.9885481595993042,0.0114518404006958,1.269830346107483,0.024035625159740448,160,2.8711325376543416e-07
4946,0.988309383392334,0.011690616607666016,1.2687535285949707,0.024261245504021645,160,2.8711325376543416e-07
4947,0.9884098768234253,0.011590123176574707,1.282569169998169,0.02429991215467453,160,2.8711325376543416e-07
4948,0.9881381988525391,0.011861801147460938,1.2728060483932495,0.02447124384343624,160,2.8711325376543416e-07
4949,0.9885554313659668,0.011444568634033203,1.2617264986038208,0.02394738793373108,160,2.8711325376543416e-07
4950,0.9885556101799011,0.011444389820098877,1.2650816440582275,0.023980762809515,160,2.8711325376543416e-07
4951,0.9888656735420227,0.011134326457977295,1.2688602209091187,0.023711584508419037,160,2.8711325376543416e-07
4952,0.9885274171829224,0.011472582817077637,1.2611596584320068,0.02396945282816887,160,2.8711325376543416e-07
4953,0.9886345863342285,0.011365413665771484,1.2822164297103882,0.024073924869298935,160,2.8711325376543416e-07
4954,0.9881739616394043,0.011826038360595703,1.2758758068084717,0.024466536939144135,160,2.8711325376543416e-07
4955,0.9885281920433044,0.011471807956695557,1.2692350149154663,0.024049440398812294,160,2.8711325376543416e-07
4956,0.9879240989685059,0.01207590103149414,1.259246587753296,0.024547606706619263,160,2.8711325376543416e-07
4957,0.9882239699363708,0.01177603006362915,1.270438551902771,0.024362655356526375,160,2.8711325376543416e-07
4958,0.9882291555404663,0.011770844459533691,1.2724360227584839,0.024377495050430298,160,2.8711325376543416e-07
4959,0.9884700179100037,0.011529982089996338,1.2626359462738037,0.02404104173183441,160,2.8711325376543416e-07
4960,0.9884310960769653,0.011568903923034668,1.2683155536651611,0.024136370047926903,161,2.7275759107716244e-07
4961,0.9884687066078186,0.011531293392181396,1.268033504486084,0.02409631572663784,161,2.7275759107716244e-07
4962,0.9883511066436768,0.011648893356323242,1.2674731016159058,0.024207133799791336,161,2.7275759107716244e-07
4963,0.9883522987365723,0.011647701263427734,1.2816234827041626,0.0243474580347538,161,2.7275759107716244e-07
4964,0.9884584546089172,0.011541545391082764,1.2566291093826294,0.023992421105504036,161,2.7275759107716244e-07
4965,0.9881565570831299,0.011843442916870117,1.2549221515655518,0.024274230003356934,161,2.7275759107716244e-07
4966,0.9884542226791382,0.011545777320861816,1.2672685384750366,0.02410300448536873,161,2.7275759107716244e-07
4967,0.9887467622756958,0.0112532377243042,1.2684239149093628,0.023824945092201233,161,2.7275759107716244e-07
4968,0.9882161617279053,0.011783838272094727,1.2679702043533325,0.024345701560378075,161,2.7275759107716244e-07
4969,0.9884406328201294,0.011559367179870605,1.2840290069580078,0.024284062907099724,161,2.7275759107716244e-07
4970,0.9883327484130859,0.011667251586914062,1.2819812297821045,0.02437039092183113,161,2.7275759107716244e-07
4971,0.9883403778076172,0.011659622192382812,1.2692172527313232,0.0242351982742548,161,2.7275759107716244e-07
4972,0.9884162545204163,0.01158374547958374,1.273559331893921,0.024203501641750336,161,2.7275759107716244e-07
4973,0.9883425235748291,0.011657476425170898,1.2613074779510498,0.024153977632522583,161,2.7275759107716244e-07
4974,0.9882937073707581,0.011706292629241943,1.2622871398925781,0.024212101474404335,161,2.7275759107716244e-07
4975,0.9882100224494934,0.011789977550506592,1.2589027881622314,0.024261105805635452,161,2.7275759107716244e-07
4976,0.9883601069450378,0.011639893054962158,1.2637639045715332,0.02416113391518593,161,2.7275759107716244e-07
4977,0.9880934357643127,0.011906564235687256,1.274274468421936,0.02453024312853813,161,2.7275759107716244e-07
4978,0.9881290793418884,0.011870920658111572,1.2679686546325684,0.024431897327303886,161,2.7275759107716244e-07
4979,0.9884306192398071,0.011569380760192871,1.269660234451294,0.024150289595127106,161,2.7275759107716244e-07
4980,0.9885033965110779,0.01149660348892212,1.2822014093399048,0.024203650653362274,161,2.7275759107716244e-07
4981,0.9887964129447937,0.011203587055206299,1.2597349882125854,0.023688901215791702,161,2.7275759107716244e-07
4982,0.9882675409317017,0.01173245906829834,1.2704826593399048,0.024319961667060852,161,2.7275759107716244e-07
4983,0.9886427521705627,0.011357247829437256,1.2691832780838013,0.023935507982969284,161,2.7275759107716244e-07
4984,0.988390326499939,0.011609673500061035,1.278076410293579,0.024274341762065887,161,2.7275759107716244e-07
4985,0.9884918928146362,0.01150810718536377,1.2752026319503784,0.024145051836967468,161,2.7275759107716244e-07
4986,0.9880021810531616,0.011997818946838379,1.2838178873062134,0.02471601963043213,161,2.7275759107716244e-07
4987,0.9888661503791809,0.011133849620819092,1.2688672542572021,0.023711182177066803,161,2.7275759107716244e-07
4988,0.9883686900138855,0.011631309986114502,1.2818106412887573,0.024333104491233826,161,2.7275759107716244e-07
4989,0.988111674785614,0.011888325214385986,1.2626358270645142,0.02439580112695694,161,2.7275759107716244e-07
4990,0.9878165125846863,0.01218348741531372,1.2845946550369263,0.02490760013461113,161,2.7275759107716244e-07
4991,0.9886307120323181,0.011369287967681885,1.2550289630889893,0.023805884644389153,162,2.591197115233043e-07
4992,0.9881526231765747,0.011847376823425293,1.2717673778533936,0.024446576833724976,162,2.591197115233043e-07
4993,0.9882020354270935,0.011797964572906494,1.2713319063186646,0.02439330331981182,162,2.591197115233043e-07
4994,0.988321840763092,0.011678159236907959,1.2774686813354492,0.024336064234375954,162,2.591197115233043e-07
4995,0.9884404540061951,0.011559545993804932,1.267442226409912,0.024118371307849884,162,2.591197115233043e-07
4996,0.988656759262085,0.011343240737915039,1.2750086784362793,0.023979894816875458,162,2.591197115233043e-07
4997,0.988222599029541,0.011777400970458984,1.2711048126220703,0.024370674043893814,162,2.591197115233043e-07
4998,0.9883366823196411,0.011663317680358887,1.2776297330856323,0.024322981014847755,162,2.591197115233043e-07
4999,0.988402247428894,0.011597752571105957,1.2667312622070312,0.024149086326360703,162,2.591197115233043e-07
5000,0.9880434274673462,0.011956572532653809,1.289749264717102,0.02473449893295765,162,2.591197115233043e-07
5001,0.9881981611251831,0.011801838874816895,1.264224648475647,0.02432606741786003,162,2.591197115233043e-07
5002,0.9883242845535278,0.011675715446472168,1.276802659034729,0.024326983839273453,162,2.591197115233043e-07
5003,0.988156259059906,0.011843740940093994,1.2772849798202515,0.02449815347790718,162,2.591197115233043e-07
5004,0.988463282585144,0.011536717414855957,1.2606980800628662,0.02402833104133606,162,2.591197115233043e-07
5005,0.9886149168014526,0.011385083198547363,1.2623846530914307,0.023895079270005226,162,2.591197115233043e-07
5006,0.9885828495025635,0.011417150497436523,1.2592066526412964,0.02389504387974739,162,2.591197115233043e-07
5007,0.9885349273681641,0.011465072631835938,1.26912522315979,0.02404167503118515,162,2.591197115233043e-07
5008,0.9881559610366821,0.011844038963317871,1.260375738143921,0.024329356849193573,162,2.591197115233043e-07
5009,0.988172173500061,0.011827826499938965,1.2765648365020752,0.02447519637644291,162,2.591197115233043e-07
5010,0.988648533821106,0.011351466178894043,1.2714385986328125,0.023952338844537735,162,2.591197115233043e-07
5011,0.9883134961128235,0.011686503887176514,1.2617069482803345,0.02418670803308487,162,2.591197115233043e-07
5012,0.9885091781616211,0.011490821838378906,1.2700945138931274,0.024076858535408974,162,2.591197115233043e-07
5013,0.9880596399307251,0.011940360069274902,1.2878010272979736,0.02469896525144577,162,2.591197115233043e-07
5014,0.988521158695221,0.011478841304779053,1.2622007131576538,0.023986060172319412,162,2.591197115233043e-07
5015,0.9885931611061096,0.01140683889389038,1.2499878406524658,0.023792648687958717,162,2.591197115233043e-07
5016,0.9884390830993652,0.011560916900634766,1.2644894123077393,0.024090200662612915,162,2.591197115233043e-07
5017,0.9886524081230164,0.011347591876983643,1.294082522392273,0.024174939841032028,162,2.591197115233043e-07
5018,0.9882897138595581,0.011710286140441895,1.2650684118270874,0.02424386702477932,162,2.591197115233043e-07
5019,0.9887392520904541,0.011260747909545898,1.270079493522644,0.023848935961723328,162,2.591197115233043e-07
5020,0.9881740808486938,0.011825919151306152,1.2786213159561157,0.024493873119354248,162,2.591197115233043e-07
5021,0.9877875447273254,0.01221245527267456,1.2723138332366943,0.024813469499349594,162,2.591197115233043e-07
5022,0.9879288077354431,0.012071192264556885,1.2755482196807861,0.024705961346626282,163,2.4616372594713905e-07
5023,0.9882176518440247,0.011782348155975342,1.275249719619751,0.02441702038049698,163,2.4616372594713905e-07
5024,0.9885550737380981,0.011444926261901855,1.2500016689300537,0.023830492049455643,163,2.4616372594713905e-07
5025,0.9885080456733704,0.011491954326629639,1.268420696258545,0.024061240255832672,163,2.4616372594713905e-07
5026,0.988247275352478,0.011752724647521973,1.2876970767974854,0.024512168020009995,163,2.4616372594713905e-07
5027,0.9883090257644653,0.011690974235534668,1.2698432207107544,0.024272495880723,163,2.4616372594713905e-07
5028,0.9879968762397766,0.012003123760223389,1.277618169784546,0.024659274145960808,163,2.4616372594713905e-07
5029,0.9883012175559998,0.011698782444000244,1.2877966165542603,0.024459760636091232,163,2.4616372594713905e-07
5030,0.9882355332374573,0.011764466762542725,1.2816662788391113,0.024463485926389694,163,2.4616372594713905e-07
5031,0.9884817004203796,0.011518299579620361,1.261047124862671,0.024013586342334747,163,2.4616372594713905e-07
5032,0.9885711073875427,0.011428892612457275,1.2828108072280884,0.024142712354660034,163,2.4616372594713905e-07
5033,0.9885388612747192,0.011461138725280762,1.264460802078247,0.023991134017705917,163,2.4616372594713905e-07
5034,0.9882476329803467,0.01175236701965332,1.2579071521759033,0.024213913828134537,163,2.4616372594713905e-07
5035,0.988489031791687,0.011510968208312988,1.275752067565918,0.02415337786078453,163,2.4616372594713905e-07
5036,0.9884092211723328,0.011590778827667236,1.268511414527893,0.024159984663128853,163,2.4616372594713905e-07
5037,0.9885898232460022,0.011410176753997803,1.2666497230529785,0.02396257221698761,163,2.4616372594713905e-07
5038,0.9886063933372498,0.011393606662750244,1.2594637870788574,0.02387430891394615,163,2.4616372594713905e-07
5039,0.9886599183082581,0.011340081691741943,1.2695775032043457,0.023922454565763474,163,2.4616372594713905e-07
5040,0.9883233904838562,0.011676609516143799,1.2526379823684692,0.024086222052574158,163,2.4616372594713905e-07
5041,0.9883117079734802,0.011688292026519775,1.2673856019973755,0.024245265871286392,163,2.4616372594713905e-07
5042,0.9882028698921204,0.011797130107879639,1.2850205898284912,0.024529363960027695,163,2.4616372594713905e-07
5043,0.9882954955101013,0.011704504489898682,1.2717504501342773,0.024304963648319244,163,2.4616372594713905e-07
5044,0.9885973930358887,0.011402606964111328,1.261248230934143,0.023901063948869705,163,2.4616372594713905e-07
5045,0.9884262681007385,0.011573731899261475,1.2704732418060303,0.02416272647678852,163,2.4616372594713905e-07
5046,0.9884478449821472,0.011552155017852783,1.2811657190322876,0.024248290807008743,163,2.4616372594713905e-07
5047,0.988298237323761,0.011701762676239014,1.2738115787506104,0.024322859942913055,163,2.4616372594713905e-07
5048,0.9880469441413879,0.01195305585861206,1.2620973587036133,0.024454498663544655,163,2.4616372594713905e-07
5049,0.9883471727371216,0.011652827262878418,1.267215371131897,0.02420845255255699,163,2.4616372594713905e-07
5050,0.9881888031959534,0.01181119680404663,1.274458408355713,0.024437669664621353,163,2.4616372594713905e-07
5051,0.9884979128837585,0.011502087116241455,1.2620221376419067,0.024007286876440048,163,2.4616372594713905e-07
5052,0.988515317440033,0.011484682559967041,1.2712829113006592,0.024082664400339127,163,2.4616372594713905e-07
5053,0.9878590106964111,0.012140989303588867,1.2857799530029297,0.024877378717064857,164,2.3385553964978208e-07
5054,0.9879055023193359,0.012094497680664062,1.2640480995178223,0.024614032357931137,164,2.3385553964978208e-07
5055,0.9885980486869812,0.011401951313018799,1.2648842334747314,0.02393677458167076,164,2.3385553964978208e-07
5056,0.9886260628700256,0.011373937129974365,1.2733960151672363,0.02399415709078312,164,2.3385553964978208e-07
5057,0.9887964725494385,0.011203527450561523,1.2580232620239258,0.023671723902225494,164,2.3385553964978208e-07
5058,0.9885124564170837,0.01148754358291626,1.2875092029571533,0.024247759953141212,164,2.3385553964978208e-07
5059,0.9884355664253235,0.011564433574676514,1.2625231742858887,0.024074021726846695,164,2.3385553964978208e-07
5060,0.9885016679763794,0.011498332023620605,1.2578858137130737,0.02396220713853836,164,2.3385553964978208e-07
5061,0.9882109761238098,0.011789023876190186,1.2762824296951294,0.024433957412838936,164,2.3385553964978208e-07
5062,0.9881911873817444,0.011808812618255615,1.2692950963974,0.024383675307035446,164,2.3385553964978208e-07
5063,0.9885168671607971,0.01148313283920288,1.2624015808105469,0.02399231679737568,164,2.3385553964978208e-07
5064,0.9879361391067505,0.012063860893249512,1.2890989780426025,0.02483421191573143,164,2.3385553964978208e-07
5065,0.9886773228645325,0.01132267713546753,1.2638840675354004,0.023848291486501694,164,2.3385553964978208e-07
5066,0.9881315231323242,0.011868476867675781,1.2710448503494263,0.024460241198539734,164,2.3385553964978208e-07
5067,0.9884321093559265,0.011567890644073486,1.2660894393920898,0.024113107472658157,164,2.3385553964978208e-07
5068,0.9881548881530762,0.011845111846923828,1.2706793546676636,0.024433452636003494,164,2.3385553964978208e-07
5069,0.9885926842689514,0.011407315731048584,1.2733614444732666,0.02402685582637787,164,2.3385553964978208e-07
5070,0.9884342551231384,0.011565744876861572,1.261216163635254,0.024062249809503555,164,2.3385553964978208e-07
5071,0.9879871606826782,0.012012839317321777,1.2693415880203247,0.02458612620830536,164,2.3385553964978208e-07
5072,0.9884138107299805,0.011586189270019531,1.256134033203125,0.024031667038798332,164,2.3385553964978208e-07
5073,0.9883519411087036,0.011648058891296387,1.2697758674621582,0.02422933652997017,164,2.3385553964978208e-07
5074,0.9883597493171692,0.01164025068283081,1.2911297082901,0.024435143917798996,164,2.3385553964978208e-07
5075,0.9883902668952942,0.01160973310470581,1.2659766674041748,0.02415340393781662,164,2.3385553964978208e-07
5076,0.9879715442657471,0.01202845573425293,1.271529197692871,0.024623462930321693,164,2.3385553964978208e-07
5077,0.9884347319602966,0.01156526803970337,1.2651911973953247,0.02410152740776539,164,2.3385553964978208e-07
5078,0.9885552525520325,0.01144474744796753,1.2859636545181274,0.024189935997128487,164,2.3385553964978208e-07
5079,0.9887747168540955,0.011225283145904541,1.2710273265838623,0.02382330410182476,164,2.3385553964978208e-07
5080,0.9883755445480347,0.011624455451965332,1.2583279609680176,0.024091489613056183,164,2.3385553964978208e-07
5081,0.9882375597953796,0.011762440204620361,1.2727662324905396,0.02437247708439827,164,2.3385553964978208e-07
5082,0.9889951348304749,0.011004865169525146,1.2696529626846313,0.02359134703874588,164,2.3385553964978208e-07
5083,0.9879716038703918,0.012028396129608154,1.2793532609939575,0.024701643735170364,164,2.3385553964978208e-07
5084,0.9881656765937805,0.011834323406219482,1.2663156986236572,0.02437913790345192,165,2.2216276266729297e-07
5085,0.9884979724884033,0.01150202751159668,1.2597746849060059,0.023984752595424652,165,2.2216276266729297e-07
5086,0.9885093569755554,0.01149064302444458,1.2678565979003906,0.024054301902651787,165,2.2216276266729297e-07
5087,0.9883599281311035,0.011640071868896484,1.2765120267868042,0.02428879216313362,165,2.2216276266729297e-07
5088,0.988655149936676,0.011344850063323975,1.2783761024475098,0.024015162140130997,165,2.2216276266729297e-07
5089,0.9884057641029358,0.011594235897064209,1.2738043069839478,0.024216335266828537,165,2.2216276266729297e-07
5090,0.9883373379707336,0.011662662029266357,1.2754430770874023,0.02430046536028385,165,2.2216276266729297e-07
5091,0.9884434938430786,0.011556506156921387,1.2699214220046997,0.02414015494287014,165,2.2216276266729297e-07
5092,0.9880363941192627,0.011963605880737305,1.2700141668319702,0.024544112384319305,165,2.2216276266729297e-07
5093,0.9882681369781494,0.011731863021850586,1.2751610279083252,0.02436615526676178,165,2.2216276266729297e-07
5094,0.988490879535675,0.011509120464324951,1.2746318578720093,0.02414034679532051,165,2.2216276266729297e-07
5095,0.9880197048187256,0.011980295181274414,1.2636616230010986,0.024497108533978462,165,2.2216276266729297e-07
5096,0.9884249567985535,0.011575043201446533,1.262089490890503,0.02408018708229065,165,2.2216276266729297e-07
5097,0.9881675243377686,0.011832475662231445,1.2642714977264404,0.024356866255402565,165,2.2216276266729297e-07
5098,0.9886206984519958,0.01137930154800415,1.290805697441101,0.024173565208911896,165,2.2216276266729297e-07
5099,0.9885780215263367,0.01142197847366333,1.261300802230835,0.02392076700925827,165,2.2216276266729297e-07
5100,0.9886083006858826,0.011391699314117432,1.2465087175369263,0.02374286949634552,165,2.2216276266729297e-07
5101,0.9883474111557007,0.011652588844299316,1.2679227590560913,0.02421529032289982,165,2.2216276266729297e-07
5102,0.9878361225128174,0.012163877487182617,1.2771821022033691,0.02481405809521675,165,2.2216276266729297e-07
5103,0.9881768822669983,0.011823117733001709,1.2721025943756104,0.024425912648439407,165,2.2216276266729297e-07
5104,0.988135039806366,0.011864960193634033,1.2953959703445435,0.024700269103050232,165,2.2216276266729297e-07
5105,0.9883108735084534,0.01168912649154663,1.2679469585418701,0.024251703172922134,165,2.2216276266729297e-07
5106,0.9884166121482849,0.011583387851715088,1.2697893381118774,0.024165447801351547,165,2.2216276266729297e-07
5107,0.9886928796768188,0.011307120323181152,1.2665375471115112,0.023859424516558647,165,2.2216276266729297e-07
5108,0.9886566996574402,0.011343300342559814,1.2462973594665527,0.023692840710282326,165,2.2216276266729297e-07
5109,0.9887948036193848,0.011205196380615234,1.270710825920105,0.023800252005457878,165,2.2216276266729297e-07
5110,0.9887842535972595,0.011215746402740479,1.2765462398529053,0.023869052529335022,165,2.2216276266729297e-07
5111,0.9880829453468323,0.011917054653167725,1.278220295906067,0.024580087512731552,165,2.2216276266729297e-07
5112,0.9883524179458618,0.011647582054138184,1.2691905498504639,0.02422301098704338,165,2.2216276266729297e-07
5113,0.9881572127342224,0.011842787265777588,1.277634859085083,0.024500709027051926,165,2.2216276266729297e-07
5114,0.9880660772323608,0.01193392276763916,1.2637373208999634,0.024451956152915955,165,2.2216276266729297e-07
5115,0.9883369207382202,0.011663079261779785,1.2715671062469482,0.024262119084596634,166,2.110546245339283e-07
5116,0.9884296655654907,0.011570334434509277,1.2730084657669067,0.024184715002775192,166,2.110546245339283e-07
5117,0.9887964725494385,0.011203527450561523,1.264717698097229,0.023738669231534004,166,2.110546245339283e-07
5118,0.9884266257286072,0.011573374271392822,1.265434741973877,0.02411198802292347,166,2.110546245339283e-07
5119,0.9883676171302795,0.011632382869720459,1.2752100229263306,0.02426815778017044,166,2.110546245339283e-07
5120,0.9881448149681091,0.01185518503189087,1.2678918838500977,0.024415552616119385,166,2.110546245339283e-07
5121,0.9883801937103271,0.011619806289672852,1.286719560623169,0.02437080442905426,166,2.110546245339283e-07
5122,0.9883747100830078,0.011625289916992188,1.2571510076522827,0.0240805484354496,166,2.110546245339283e-07
5123,0.9885177612304688,0.01148223876953125,1.2695318460464478,0.024062734097242355,166,2.110546245339283e-07
5124,0.9883643984794617,0.01163560152053833,1.2671928405761719,0.024191174656152725,166,2.110546245339283e-07
5125,0.9883930683135986,0.011606931686401367,1.260135293006897,0.024092216044664383,166,2.110546245339283e-07
5126,0.9881212115287781,0.011878788471221924,1.2693400382995605,0.024453401565551758,166,2.110546245339283e-07
5127,0.9882091283798218,0.011790871620178223,1.2730324268341064,0.0244032870978117,166,2.110546245339283e-07
5128,0.9883081912994385,0.011691808700561523,1.2767999172210693,0.024342888966202736,166,2.110546245339283e-07
5129,0.9880274534225464,0.011972546577453613,1.2730450630187988,0.024583272635936737,166,2.110546245339283e-07
5130,0.9884878396987915,0.011512160301208496,1.2707549333572388,0.024104587733745575,166,2.110546245339283e-07
5131,0.9883537888526917,0.01164621114730835,1.2737610340118408,0.02426736056804657,166,2.110546245339283e-07
5132,0.9881947040557861,0.011805295944213867,1.2653765678405762,0.024341009557247162,166,2.110546245339283e-07
5133,0.988797664642334,0.011202335357666016,1.2658506631851196,0.023748818784952164,166,2.110546245339283e-07
5134,0.9882791042327881,0.011720895767211914,1.2727701663970947,0.024331387132406235,166,2.110546245339283e-07
5135,0.9884811043739319,0.011518895626068115,1.2643929719924927,0.02404763549566269,166,2.110546245339283e-07
5136,0.9884589314460754,0.01154106855392456,1.272728681564331,0.02415294572710991,166,2.110546245339283e-07
5137,0.9886124134063721,0.01138758659362793,1.2514935731887817,0.02378864586353302,166,2.110546245339283e-07
5138,0.9883909821510315,0.011609017848968506,1.2762569189071655,0.02425549551844597,166,2.110546245339283e-07
5139,0.9883294701576233,0.011670529842376709,1.2881100177764893,0.024434924125671387,166,2.110546245339283e-07
5140,0.9881605505943298,0.011839449405670166,1.2664272785186768,0.024385327473282814,166,2.110546245339283e-07
5141,0.9883050918579102,0.011694908142089844,1.2763735055923462,0.02434169501066208,166,2.110546245339283e-07
5142,0.9881836175918579,0.01181638240814209,1.2744030952453613,0.024442249909043312,166,2.110546245339283e-07
5143,0.9882722496986389,0.011727750301361084,1.2692196369171143,0.024302668869495392,166,2.110546245339283e-07
5144,0.988753080368042,0.011246919631958008,1.2725826501846313,0.023860275745391846,166,2.110546245339283e-07
5145,0.9881904125213623,0.011809587478637695,1.263669490814209,0.024328187108039856,166,2.110546245339283e-07
5146,0.9884167909622192,0.011583209037780762,1.2900466918945312,0.024367842823266983,167,2.0050189330723186e-07
5147,0.9887157678604126,0.011284232139587402,1.2519960403442383,0.02369135059416294,167,2.0050189330723186e-07
5148,0.9884490966796875,0.0115509033203125,1.2752655744552612,0.024188049137592316,167,2.0050189330723186e-07
5149,0.9883893132209778,0.011610686779022217,1.286309838294983,0.02435767650604248,167,2.0050189330723186e-07
5150,0.9882571697235107,0.011742830276489258,1.2729357481002808,0.024354759603738785,167,2.0050189330723186e-07
5151,0.9886687994003296,0.01133120059967041,1.275936484336853,0.02397725358605385,167,2.0050189330723186e-07
5152,0.9886103868484497,0.011389613151550293,1.2570340633392334,0.023846056312322617,167,2.0050189330723186e-07
5153,0.9884886741638184,0.01151132583618164,1.2691236734390259,0.02408744767308235,167,2.0050189330723186e-07
5154,0.9880374073982239,0.011962592601776123,1.2650279998779297,0.024493247270584106,167,2.0050189330723186e-07
5155,0.9884116649627686,0.011588335037231445,1.2710362672805786,0.024182815104722977,167,2.0050189330723186e-07
5156,0.988345205783844,0.011654794216156006,1.283196210861206,0.024370208382606506,167,2.0050189330723186e-07
5157,0.9884324669837952,0.011567533016204834,1.2712591886520386,0.02416444942355156,167,2.0050189330723186e-07
5158,0.9881157875061035,0.011884212493896484,1.2715709209442139,0.02448107860982418,167,2.0050189330723186e-07
5159,0.988542914390564,0.011457085609436035,1.2674134969711304,0.024016648530960083,167,2.0050189330723186e-07
5160,0.988714873790741,0.011285126209259033,1.2795425653457642,0.023967700079083443,167,2.0050189330723186e-07
5161,0.988274097442627,0.011725902557373047,1.258880615234375,0.024197448045015335,167,2.0050189330723186e-07
5162,0.9885411262512207,0.011458873748779297,1.259332299232483,0.023937607184052467,167,2.0050189330723186e-07
5163,0.9881451725959778,0.011854827404022217,1.2786420583724976,0.024522699415683746,167,2.0050189330723186e-07
5164,0.9879608750343323,0.012039124965667725,1.2588282823562622,0.02450701594352722,167,2.0050189330723186e-07
5165,0.9882493615150452,0.011750638484954834,1.2777748107910156,0.024410881102085114,167,2.0050189330723186e-07
5166,0.9880132079124451,0.011986792087554932,1.2557538747787476,0.024424463510513306,167,2.0050189330723186e-07
5167,0.9885293245315552,0.011470675468444824,1.273220181465149,0.024088170379400253,167,2.0050189330723186e-07
5168,0.9883121252059937,0.011687874794006348,1.2628909349441528,0.02419990673661232,167,2.0050189330723186e-07
5169,0.9884366393089294,0.011563360691070557,1.2641348838806152,0.02408907562494278,167,2.0050189330723186e-07
5170,0.9882221221923828,0.011777877807617188,1.266263723373413,0.024322737008333206,167,2.0050189330723186e-07
5171,0.9881617426872253,0.011838257312774658,1.2749499082565308,0.024469373747706413,167,2.0050189330723186e-07
5172,0.9882532358169556,0.011746764183044434,1.2703821659088135,0.02433311752974987,167,2.0050189330723186e-07
5173,0.9887124300003052,0.011287569999694824,1.2809330224990845,0.023984024301171303,167,2.0050189330723186e-07
5174,0.9881486892700195,0.011851310729980469,1.2646597623825073,0.024379394948482513,167,2.0050189330723186e-07
5175,0.9886008501052856,0.011399149894714355,1.27458655834198,0.024031024426221848,167,2.0050189330723186e-07
5176,0.9882653951644897,0.011734604835510254,1.2702704668045044,0.024319963529706,167,2.0050189330723186e-07
5177,0.9881537556648254,0.01184624433517456,1.2597213983535767,0.024324994534254074,168,1.9047679864187027e-07
5178,0.9886696338653564,0.011330366134643555,1.273611307144165,0.02395317517220974,168,1.9047679864187027e-07
5179,0.9882040619850159,0.01179593801498413,1.2761703729629517,0.024439681321382523,168,1.9047679864187027e-07
5180,0.9883710145950317,0.011628985404968262,1.26468825340271,0.02415957674384117,168,1.9047679864187027e-07
5181,0.9886555075645447,0.011344492435455322,1.2620736360549927,0.023851783946156502,168,1.9047679864187027e-07
5182,0.988402247428894,0.011597752571105957,1.2530875205993652,0.024012649431824684,168,1.9047679864187027e-07
5183,0.987943708896637,0.012056291103363037,1.267164707183838,0.024607375264167786,168,1.9047679864187027e-07
5184,0.9882965087890625,0.0117034912109375,1.2760106325149536,0.02434656396508217,168,1.9047679864187027e-07
5185,0.9883488416671753,0.011651158332824707,1.267715334892273,0.02421179972589016,168,1.9047679864187027e-07
5186,0.9882985353469849,0.011701464653015137,1.281243085861206,0.024396881461143494,168,1.9047679864187027e-07
5187,0.9885717630386353,0.011428236961364746,1.2699215412139893,0.02401316910982132,168,1.9047679864187027e-07
5188,0.9884388446807861,0.011561155319213867,1.2711408138275146,0.024156950414180756,168,1.9047679864187027e-07
5189,0.988373875617981,0.011626124382019043,1.26565420627594,0.024166405200958252,168,1.9047679864187027e-07
5190,0.9882968664169312,0.011703133583068848,1.2684326171875,0.024270428344607353,168,1.9047679864187027e-07
5191,0.988545298576355,0.01145470142364502,1.261590838432312,0.023956062272191048,168,1.9047679864187027e-07
5192,0.9886732697486877,0.011326730251312256,1.2572414875030518,0.023785877972841263,168,1.9047679864187027e-07
5193,0.9886245131492615,0.011375486850738525,1.3018825054168701,0.02428055740892887,168,1.9047679864187027e-07
5194,0.9881951212882996,0.01180487871170044,1.2832770347595215,0.024519599974155426,168,1.9047679864187027e-07
5195,0.9882330298423767,0.011766970157623291,1.2679717540740967,0.024329017847776413,168,1.9047679864187027e-07
5196,0.9881296753883362,0.011870324611663818,1.2664668560028076,0.02441629022359848,168,1.9047679864187027e-07
5197,0.9883536100387573,0.011646389961242676,1.283821940422058,0.02436814457178116,168,1.9047679864187027e-07
5198,0.9885720014572144,0.011427998542785645,1.2781037092208862,0.024094756692647934,168,1.9047679864187027e-07
5199,0.9881064891815186,0.011893510818481445,1.2705395221710205,0.024479970335960388,168,1.9047679864187027e-07
5200,0.9881300926208496,0.01186990737915039,1.2722957134246826,0.024474166333675385,168,1.9047679864187027e-07
5201,0.9885472059249878,0.011452794075012207,1.2531168460845947,0.023869434371590614,168,1.9047679864187027e-07
5202,0.988250195980072,0.011749804019927979,1.2855095863342285,0.02448740229010582,168,1.9047679864187027e-07
5203,0.9883804321289062,0.01161956787109375,1.2630839347839355,0.024134211242198944,168,1.9047679864187027e-07
5204,0.9885485768318176,0.011451423168182373,1.2658722400665283,0.02399563044309616,168,1.9047679864187027e-07
5205,0.9882774949073792,0.01172250509262085,1.275749921798706,0.024362780153751373,168,1.9047679864187027e-07
5206,0.9884437322616577,0.011556267738342285,1.261702537536621,0.02405773103237152,168,1.9047679864187027e-07
5207,0.9884992241859436,0.011500775814056396,1.2724872827529907,0.024110641330480576,168,1.9047679864187027e-07
5208,0.9882258772850037,0.011774122714996338,1.2600507736206055,0.024256888777017593,169,1.8095295870977674e-07
5209,0.9883804321289062,0.01161956787109375,1.2641552686691284,0.02414492517709732,169,1.8095295870977674e-07
5210,0.9882457256317139,0.011754274368286133,1.2625560760498047,0.024262292310595512,169,1.8095295870977674e-07
5211,0.9883131980895996,0.01168680191040039,1.2626047134399414,0.02419598028063774,169,1.8095295870977674e-07
5212,0.9884766340255737,0.01152336597442627,1.2623387575149536,0.024031519889831543,169,1.8095295870977674e-07
5213,0.9882413148880005,0.011758685111999512,1.2805724143981934,0.024446822702884674,169,1.8095295870977674e-07
5214,0.9886208772659302,0.011379122734069824,1.2769579887390137,0.024034911766648293,169,1.8095295870977674e-07
5215,0.9885538816452026,0.011446118354797363,1.2741565704345703,0.024073222652077675,169,1.8095295870977674e-07
5216,0.9885534644126892,0.011446535587310791,1.2819682359695435,0.0241517536342144,169,1.8095295870977674e-07
5217,0.9883098006248474,0.011690199375152588,1.2765531539916992,0.02433883026242256,169,1.8095295870977674e-07
5218,0.9886105060577393,0.011389493942260742,1.283724308013916,0.024112841114401817,169,1.8095295870977674e-07
5219,0.9887799620628357,0.011220037937164307,1.26495361328125,0.02375737391412258,169,1.8095295870977674e-07
5220,0.9879225492477417,0.0120774507522583,1.2740747928619385,0.024697422981262207,169,1.8095295870977674e-07
5221,0.988047182559967,0.011952817440032959,1.2813011407852173,0.024646300822496414,169,1.8095295870977674e-07
5222,0.9885281920433044,0.011471807956695557,1.2795683145523071,0.02415277436375618,169,1.8095295870977674e-07
5223,0.9885202050209045,0.011479794979095459,1.261673092842102,0.0239817276597023,169,1.8095295870977674e-07
5224,0.98828125,0.01171875,1.269686222076416,0.024298425763845444,169,1.8095295870977674e-07
5225,0.9887908101081848,0.011209189891815186,1.259642481803894,0.023693522438406944,169,1.8095295870977674e-07
5226,0.9877580404281616,0.012241959571838379,1.2710574865341187,0.024830114096403122,169,1.8095295870977674e-07
5227,0.9882171750068665,0.011782824993133545,1.2771652936935425,0.024436648935079575,169,1.8095295870977674e-07
5228,0.9883108139038086,0.011689186096191406,1.2615373134613037,0.024187665432691574,169,1.8095295870977674e-07
5229,0.9885335564613342,0.011466443538665771,1.2701276540756226,0.02405305579304695,169,1.8095295870977674e-07
5230,0.9883671402931213,0.011632859706878662,1.2644749879837036,0.02416127920150757,169,1.8095295870977674e-07
5231,0.9880602359771729,0.011939764022827148,1.262162446975708,0.02444199100136757,169,1.8095295870977674e-07
5232,0.9882177710533142,0.011782228946685791,1.2670810222625732,0.024335216730833054,169,1.8095295870977674e-07
5233,0.9883042573928833,0.0116957426071167,1.2671927213668823,0.024250712245702744,169,1.8095295870977674e-07
5234,0.9884504079818726,0.011549592018127441,1.2940003871917725,0.02437409944832325,169,1.8095295870977674e-07
5235,0.9883469343185425,0.01165306568145752,1.2642927169799805,0.02417946234345436,169,1.8095295870977674e-07
5236,0.9886330366134644,0.011366963386535645,1.2588039636611938,0.023841332644224167,169,1.8095295870977674e-07
5237,0.9885416626930237,0.011458337306976318,1.2770235538482666,0.024113990366458893,169,1.8095295870977674e-07
5238,0.9883571863174438,0.011642813682556152,1.265284776687622,0.024179233238101006,169,1.8095295870977674e-07
5239,0.9884585738182068,0.011541426181793213,1.2628834247589111,0.024054845795035362,170,1.719053107742879e-07
5240,0.9884922504425049,0.011507749557495117,1.2606003284454346,0.023998675867915154,170,1.719053107742879e-07
5241,0.9883034229278564,0.011696577072143555,1.277698278427124,0.024356592446565628,170,1.719053107742879e-07
5242,0.9884759783744812,0.011524021625518799,1.2776507139205933,0.024185288697481155,170,1.719053107742879e-07
5243,0.9880983233451843,0.011901676654815674,1.256899118423462,0.02435165084898472,170,1.719053107742879e-07
5244,0.9882552027702332,0.011744797229766846,1.285216212272644,0.024479512125253677,170,1.719053107742879e-07
5245,0.9881291389465332,0.011870861053466797,1.262768268585205,0.024379834532737732,170,1.719053107742879e-07
5246,0.9883792400360107,0.011620759963989258,1.2744946479797363,0.024249497801065445,170,1.719053107742879e-07
5247,0.9884706139564514,0.011529386043548584,1.2683463096618652,0.02409755438566208,170,1.719053107742879e-07
5248,0.9885392189025879,0.01146078109741211,1.2885074615478516,0.02423124760389328,170,1.719053107742879e-07
5249,0.9880030155181885,0.011996984481811523,1.2721363306045532,0.024598378688097,170,1.719053107742879e-07
5250,0.9884152412414551,0.011584758758544922,1.2672518491744995,0.024141430854797363,170,1.719053107742879e-07
5251,0.9887367486953735,0.011263251304626465,1.2693043947219849,0.023843662813305855,170,1.719053107742879e-07
5252,0.9880109429359436,0.011989057064056396,1.2654772996902466,0.024523939937353134,170,1.719053107742879e-07
5253,0.9887349009513855,0.011265099048614502,1.26808762550354,0.023833323270082474,170,1.719053107742879e-07
5254,0.9884859919548035,0.011514008045196533,1.2817187309265137,0.024216055870056152,170,1.719053107742879e-07
5255,0.9882352948188782,0.011764705181121826,1.2674750089645386,0.02432180941104889,170,1.719053107742879e-07
5256,0.9882615208625793,0.011738479137420654,1.2668180465698242,0.024289274588227272,170,1.719053107742879e-07
5257,0.9885323643684387,0.01146763563156128,1.2661269903182983,0.024014228954911232,170,1.719053107742879e-07
5258,0.9879633784294128,0.012036621570587158,1.2729846239089966,0.024646101519465446,170,1.719053107742879e-07
5259,0.988448977470398,0.01155102252960205,1.2614362239837646,0.024049874395132065,170,1.719053107742879e-07
5260,0.9881840944290161,0.011815905570983887,1.2723324298858643,0.024421069771051407,170,1.719053107742879e-07
5261,0.9884180426597595,0.011581957340240479,1.2685456275939941,0.024151593446731567,170,1.719053107742879e-07
5262,0.9886525869369507,0.011347413063049316,1.2781620025634766,0.024015558883547783,170,1.719053107742879e-07
5263,0.988314151763916,0.011685848236083984,1.2632591724395752,0.02420158125460148,170,1.719053107742879e-07
5264,0.9882466197013855,0.011753380298614502,1.2710704803466797,0.024346550926566124,170,1.719053107742879e-07
5265,0.9884653687477112,0.011534631252288818,1.2637206315994263,0.024056490510702133,170,1.719053107742879e-07
5266,0.9884435534477234,0.011556446552276611,1.2591166496276855,0.024032048881053925,170,1.719053107742879e-07
5267,0.9887886643409729,0.0112113356590271,1.2913283109664917,0.024012506008148193,170,1.719053107742879e-07
5268,0.9883119463920593,0.011688053607940674,1.2707856893539429,0.024279030039906502,170,1.719053107742879e-07
5269,0.9882428646087646,0.011757135391235352,1.2651087045669556,0.024290651082992554,170,1.719053107742879e-07
5270,0.9885337352752686,0.011466264724731445,1.2676866054534912,0.024028468877077103,171,1.633100452355735e-07
5271,0.9882692098617554,0.011730790138244629,1.2873854637145996,0.024487337097525597,171,1.633100452355735e-07
5272,0.9882038831710815,0.011796116828918457,1.271190881729126,0.02439006417989731,171,1.633100452355735e-07
5273,0.9881250858306885,0.011874914169311523,1.26431405544281,0.024399304762482643,171,1.633100452355735e-07
5274,0.9886288642883301,0.011371135711669922,1.2855708599090576,0.024113133549690247,171,1.633100452355735e-07
5275,0.988262951374054,0.011737048625946045,1.250575065612793,0.02412542887032032,171,1.633100452355735e-07
5276,0.9883501529693604,0.011649847030639648,1.2719966173171997,0.02425331436097622,171,1.633100452355735e-07
5277,0.9882856607437134,0.011714339256286621,1.2689218521118164,0.024286413565278053,171,1.633100452355735e-07
5278,0.9883245825767517,0.011675417423248291,1.2685590982437134,0.02424425259232521,171,1.633100452355735e-07
5279,0.9883888959884644,0.011611104011535645,1.2775211334228516,0.024270202964544296,171,1.633100452355735e-07
5280,0.9886364936828613,0.011363506317138672,1.276290774345398,0.02401277795433998,171,1.633100452355735e-07
5281,0.9887968301773071,0.011203169822692871,1.2581241130828857,0.023672379553318024,171,1.633100452355735e-07
5282,0.9879463911056519,0.012053608894348145,1.2812527418136597,0.024745598435401917,171,1.633100452355735e-07
5283,0.9885587096214294,0.011441290378570557,1.266646385192871,0.023993341252207756,171,1.633100452355735e-07
5284,0.9884498715400696,0.01155012845993042,1.2697837352752686,0.024132464081048965,171,1.633100452355735e-07
5285,0.9882221817970276,0.011777818202972412,1.2792580127716064,0.02445261925458908,171,1.633100452355735e-07
5286,0.9882315397262573,0.011768460273742676,1.2651158571243286,0.024301934987306595,171,1.633100452355735e-07
5287,0.9883995056152344,0.011600494384765625,1.2669785022735596,0.02415427565574646,171,1.633100452355735e-07
5288,0.9883402585983276,0.011659741401672363,1.268813133239746,0.02423127554357052,171,1.633100452355735e-07
5289,0.9884578585624695,0.011542141437530518,1.2507778406143188,0.0239344984292984,171,1.633100452355735e-07
5290,0.9883764982223511,0.011623501777648926,1.2721976041793823,0.024229243397712708,171,1.633100452355735e-07
5291,0.988078236579895,0.01192176342010498,1.27303147315979,0.0245328601449728,171,1.633100452355735e-07
5292,0.9885038733482361,0.011496126651763916,1.261364221572876,0.0239948071539402,171,1.633100452355735e-07
5293,0.9879688620567322,0.012031137943267822,1.269493579864502,0.02460576221346855,171,1.633100452355735e-07
5294,0.9887009859085083,0.0112990140914917,1.2847732305526733,0.02403375506401062,171,1.633100452355735e-07
5295,0.988601565361023,0.01139843463897705,1.2630950212478638,0.023915398865938187,171,1.633100452355735e-07
5296,0.9880685806274414,0.011931419372558594,1.2622705698013306,0.024434810504317284,171,1.633100452355735e-07
5297,0.9884476661682129,0.01155233383178711,1.2804735898971558,0.024241546168923378,171,1.633100452355735e-07
5298,0.9885098934173584,0.011490106582641602,1.2620561122894287,0.023995766416192055,171,1.633100452355735e-07
5299,0.9886758327484131,0.011324167251586914,1.274492621421814,0.023955851793289185,171,1.633100452355735e-07
5300,0.9880247116088867,0.011975288391113281,1.282848834991455,0.02468402311205864,171,1.633100452355735e-07
5301,0.9879865050315857,0.012013494968414307,1.2754693031311035,0.02464805170893669,172,1.5514454297379483e-07
5302,0.9884598851203918,0.011540114879608154,1.2613940238952637,0.024038653820753098,172,1.5514454297379483e-07
5303,0.9883980751037598,0.011601924896240234,1.274841070175171,0.024234315380454063,172,1.5514454297379483e-07
5304,0.9880368709564209,0.011963129043579102,1.2660562992095947,0.02450406178832054,172,1.5514454297379483e-07
5305,0.9886628985404968,0.011337101459503174,1.2632243633270264,0.023855973035097122,172,1.5514454297379483e-07
5306,0.9885239005088806,0.011476099491119385,1.276016354560852,0.024121500551700592,172,1.5514454297379483e-07
5307,0.9881987571716309,0.01180124282836914,1.28369140625,0.024520143866539,172,1.5514454297379483e-07
5308,0.9886320233345032,0.011367976665496826,1.279044270515442,0.024044739082455635,172,1.5514454297379483e-07
5309,0.9879962205886841,0.012003779411315918,1.2692890167236328,0.02457663230597973,172,1.5514454297379483e-07
5310,0.988700807094574,0.011299192905426025,1.2692967653274536,0.023879168555140495,172,1.5514454297379483e-07
5311,0.988369882106781,0.011630117893218994,1.274005651473999,0.02425387315452099,172,1.5514454297379483e-07
5312,0.9884662628173828,0.011533737182617188,1.2696681022644043,0.024115081876516342,172,1.5514454297379483e-07
5313,0.9883548617362976,0.011645138263702393,1.2674636840820312,0.02420332282781601,172,1.5514454297379483e-07
5314,0.9882042407989502,0.011795759201049805,1.2587796449661255,0.024265598505735397,172,1.5514454297379483e-07
5315,0.9886717200279236,0.011328279972076416,1.2873921394348145,0.024088919162750244,172,1.5514454297379483e-07
5316,0.9879627227783203,0.012037277221679688,1.278876781463623,0.02470567263662815,172,1.5514454297379483e-07
5317,0.9886786937713623,0.011321306228637695,1.2707114219665527,0.023915208876132965,172,1.5514454297379483e-07
5318,0.9885400533676147,0.011459946632385254,1.2668870687484741,0.024014217779040337,172,1.5514454297379483e-07
5319,0.9882066249847412,0.011793375015258789,1.2637078762054443,0.024312520399689674,172,1.5514454297379483e-07
5320,0.9882281422615051,0.011771857738494873,1.2731702327728271,0.024385841563344002,172,1.5514454297379483e-07
5321,0.9884623885154724,0.011537611484527588,1.252231240272522,0.023944547399878502,172,1.5514454297379483e-07
5322,0.9884670972824097,0.011532902717590332,1.264037847518921,0.02405795268714428,172,1.5514454297379483e-07
5323,0.988469660282135,0.01153033971786499,1.2858525514602661,0.02427356131374836,172,1.5514454297379483e-07
5324,0.9885334968566895,0.011466503143310547,1.2831974029541016,0.024183811619877815,172,1.5514454297379483e-07
5325,0.9883659482002258,0.01163405179977417,1.2735657691955566,0.024253368377685547,172,1.5514454297379483e-07
5326,0.9883712530136108,0.01162874698638916,1.2648518085479736,0.024160977452993393,172,1.5514454297379483e-07
5327,0.9881754517555237,0.011824548244476318,1.2596733570098877,0.02430303581058979,172,1.5514454297379483e-07
5328,0.9885808229446411,0.011419177055358887,1.2689170837402344,0.02399415522813797,172,1.5514454297379483e-07
5329,0.9882144927978516,0.011785507202148438,1.268315076828003,0.024350803345441818,172,1.5514454297379483e-07
5330,0.9883866310119629,0.01161336898803711,1.2541172504425049,0.0240384079515934,172,1.5514454297379483e-07
5331,0.9880841970443726,0.011915802955627441,1.2764661312103271,0.024561304599046707,172,1.5514454297379483e-07
5332,0.9884127974510193,0.011587202548980713,1.2688020467758179,0.024159349501132965,173,1.473873158251051e-07
5333,0.988441526889801,0.011558473110198975,1.2554384469985962,0.023997273296117783,173,1.473873158251051e-07
5334,0.9883398413658142,0.011660158634185791,1.270106315612793,0.02424461953341961,173,1.473873158251051e-07
5335,0.9878476858139038,0.012152314186096191,1.2700128555297852,0.024730920791625977,173,1.473873158251051e-07
5336,0.9878377318382263,0.012162268161773682,1.277668833732605,0.0248173326253891,173,1.473873158251051e-07
5337,0.9883288741111755,0.011671125888824463,1.277267336845398,0.02432708814740181,173,1.473873158251051e-07
5338,0.9887133836746216,0.011286616325378418,1.2613517045974731,0.02378726750612259,173,1.473873158251051e-07
5339,0.9883416891098022,0.011658310890197754,1.2683104276657104,0.02422483265399933,173,1.473873158251051e-07
5340,0.9881316423416138,0.01186835765838623,1.288707971572876,0.024636752903461456,173,1.473873158251051e-07
5341,0.988258957862854,0.011741042137145996,1.2580548524856567,0.024204179644584656,173,1.473873158251051e-07
5342,0.988421618938446,0.011578381061553955,1.2610137462615967,0.024072734639048576,173,1.473873158251051e-07
5343,0.988056480884552,0.011943519115447998,1.2560287714004517,0.02438437193632126,173,1.473873158251051e-07
5344,0.9881771206855774,0.011822879314422607,1.2658956050872803,0.024363607168197632,173,1.473873158251051e-07
5345,0.9882575273513794,0.011742472648620605,1.2861123085021973,0.02448616921901703,173,1.473873158251051e-07
5346,0.9884814620018005,0.011518537998199463,1.2711946964263916,0.024115299805998802,173,1.473873158251051e-07
5347,0.98868727684021,0.011312723159790039,1.2695142030715942,0.023894738405942917,173,1.473873158251051e-07
5348,0.9886819124221802,0.011318087577819824,1.2607829570770264,0.023812737315893173,173,1.473873158251051e-07
5349,0.9885678291320801,0.011432170867919922,1.2743364572525024,0.024061214178800583,173,1.473873158251051e-07
5350,0.9881613850593567,0.01183861494064331,1.2593015432357788,0.024313244968652725,173,1.473873158251051e-07
5351,0.9886131286621094,0.011386871337890625,1.2575801610946655,0.02384880557656288,173,1.473873158251051e-07
5352,0.9887742400169373,0.011225759983062744,1.2563221454620361,0.02367672324180603,173,1.473873158251051e-07
5353,0.9883647561073303,0.011635243892669678,1.2993779182434082,0.024512670934200287,173,1.473873158251051e-07
5354,0.9883736968040466,0.01162630319595337,1.2844929695129395,0.024354970082640648,173,1.473873158251051e-07
5355,0.9883297085762024,0.011670291423797607,1.2641876935958862,0.024195466190576553,173,1.473873158251051e-07
5356,0.9885449409484863,0.011455059051513672,1.262200951576233,0.023962516337633133,173,1.473873158251051e-07
5357,0.9888623356819153,0.011137664318084717,1.2817639112472534,0.023843925446271896,173,1.473873158251051e-07
5358,0.9882083535194397,0.011791646480560303,1.279183030128479,0.024465560913085938,173,1.473873158251051e-07
5359,0.9883612990379333,0.01163870096206665,1.2764654159545898,0.024286968633532524,173,1.473873158251051e-07
5360,0.9884133338928223,0.011586666107177734,1.2848107814788818,0.024318907409906387,173,1.473873158251051e-07
5361,0.9882339835166931,0.011766016483306885,1.264577031135559,0.02429412677884102,173,1.473873158251051e-07
5362,0.988253116607666,0.011746883392333984,1.2659528255462646,0.02428894303739071,173,1.473873158251051e-07
5363,0.9884207248687744,0.011579275131225586,1.2661211490631104,0.024124693125486374,174,1.4001795003384983e-07
5364,0.988492488861084,0.011507511138916016,1.2688175439834595,0.024080611765384674,174,1.4001795003384983e-07
5365,0.988020122051239,0.011979877948760986,1.2791798114776611,0.02465187758207321,174,1.4001795003384983e-07
5366,0.9885793924331665,0.011420607566833496,1.2555054426193237,0.023861456662416458,174,1.4001795003384983e-07
5367,0.9883311986923218,0.011668801307678223,1.271079182624817,0.02426290512084961,174,1.4001795003384983e-07
5368,0.9881500601768494,0.011849939823150635,1.2801309823989868,0.024532750248908997,174,1.4001795003384983e-07
5369,0.9885332584381104,0.011466741561889648,1.2649643421173096,0.024001717567443848,174,1.4001795003384983e-07
5370,0.9882138967514038,0.011786103248596191,1.275818943977356,0.024426430463790894,174,1.4001795003384983e-07
5371,0.988510251045227,0.01148974895477295,1.2778291702270508,0.024153143167495728,174,1.4001795003384983e-07
5372,0.9886686205863953,0.011331379413604736,1.264691948890686,0.0238649845123291,174,1.4001795003384983e-07
5373,0.9887462854385376,0.011253714561462402,1.25813889503479,0.023722566664218903,174,1.4001795003384983e-07
5374,0.9886239767074585,0.011376023292541504,1.2665146589279175,0.023927409201860428,174,1.4001795003384983e-07
5375,0.988499641418457,0.011500358581542969,1.2915399074554443,0.024300754070281982,174,1.4001795003384983e-07
5376,0.9879106283187866,0.012089371681213379,1.2665472030639648,0.024633949622511864,174,1.4001795003384983e-07
5377,0.9885390996932983,0.01146090030670166,1.2745945453643799,0.024092236533761024,174,1.4001795003384983e-07
5378,0.9881885051727295,0.011811494827270508,1.2641363143920898,0.02433474361896515,174,1.4001795003384983e-07
5379,0.9880247712135315,0.011975228786468506,1.2800570726394653,0.02465604618191719,174,1.4001795003384983e-07
5380,0.9882602691650391,0.011739730834960938,1.2647945880889893,0.024270279332995415,174,1.4001795003384983e-07
5381,0.9887886047363281,0.011211395263671875,1.261763095855713,0.023716911673545837,174,1.4001795003384983e-07
5382,0.988181471824646,0.011818528175354004,1.266453504562378,0.024364877492189407,174,1.4001795003384983e-07
5383,0.988175094127655,0.01182490587234497,1.277701497077942,0.02448367141187191,174,1.4001795003384983e-07
5384,0.9888314604759216,0.01116853952407837,1.2755658626556396,0.023812513798475266,174,1.4001795003384983e-07
5385,0.9881933927536011,0.011806607246398926,1.2897239923477173,0.02458578161895275,174,1.4001795003384983e-07
5386,0.9887322783470154,0.01126772165298462,1.279687523841858,0.023951919749379158,174,1.4001795003384983e-07
5387,0.9880547523498535,0.011945247650146484,1.2605764865875244,0.024431560188531876,174,1.4001795003384983e-07
5388,0.9881959557533264,0.011804044246673584,1.2664676904678345,0.02435068041086197,174,1.4001795003384983e-07
5389,0.988353967666626,0.011646032333374023,1.2663466930389404,0.024193039163947105,174,1.4001795003384983e-07
5390,0.9881417751312256,0.011858224868774414,1.2727314233779907,0.02446695603430271,174,1.4001795003384983e-07
5391,0.9882286190986633,0.01177138090133667,1.2613940238952637,0.02426760643720627,174,1.4001795003384983e-07
5392,0.9882498979568481,0.011750102043151855,1.2678114175796509,0.02431071549654007,174,1.4001795003384983e-07
5393,0.9887664914131165,0.011233508586883545,1.2556343078613281,0.023677516728639603,174,1.4001795003384983e-07
5394,0.9884396195411682,0.011560380458831787,1.2806899547576904,0.024251675233244896,175,1.3301705253215733e-07
5395,0.9883711934089661,0.011628806591033936,1.2663694620132446,0.024176213890314102,175,1.3301705253215733e-07
5396,0.9882279634475708,0.0117720365524292,1.2681853771209717,0.02433617040514946,175,1.3301705253215733e-07
5397,0.9884968996047974,0.011503100395202637,1.2729179859161377,0.024117249995470047,175,1.3301705253215733e-07
5398,0.9883760213851929,0.011623978614807129,1.2581011056900024,0.024088749662041664,175,1.3301705253215733e-07
5399,0.9882540106773376,0.011745989322662354,1.2706594467163086,0.024335123598575592,175,1.3301705253215733e-07
5400,0.9881498217582703,0.011850178241729736,1.2903553247451782,0.024635229259729385,175,1.3301705253215733e-07
5401,0.9883488416671753,0.011651158332824707,1.2606902122497559,0.024141550064086914,175,1.3301705253215733e-07
5402,0.9882387518882751,0.011761248111724854,1.2768993377685547,0.024412628263235092,175,1.3301705253215733e-07
5403,0.9881957769393921,0.01180422306060791,1.2615773677825928,0.024301953613758087,175,1.3301705253215733e-07
5404,0.9881704449653625,0.011829555034637451,1.2748198509216309,0.024459458887577057,175,1.3301705253215733e-07
5405,0.9882051348686218,0.011794865131378174,1.2690905332565308,0.02436782233417034,175,1.3301705253215733e-07
5406,0.9885056614875793,0.011494338512420654,1.2814631462097168,0.024194026365876198,175,1.3301705253215733e-07
5407,0.988641619682312,0.011358380317687988,1.2583551406860352,0.02382834628224373,175,1.3301705253215733e-07
5408,0.9885402917861938,0.011459708213806152,1.2671911716461182,0.02401702105998993,175,1.3301705253215733e-07
5409,0.9885205030441284,0.011479496955871582,1.2623027563095093,0.023987729102373123,175,1.3301705253215733e-07
5410,0.9887630343437195,0.011236965656280518,1.2688676118850708,0.023813271895051003,175,1.3301705253215733e-07
5411,0.9881911277770996,0.01180887222290039,1.2779306173324585,0.024470089003443718,175,1.3301705253215733e-07
5412,0.9885964393615723,0.011403560638427734,1.2752234935760498,0.024041760712862015,175,1.3301705253215733e-07
5413,0.9881837964057922,0.011816203594207764,1.2828869819641113,0.024526912719011307,175,1.3301705253215733e-07
5414,0.9879736304283142,0.012026369571685791,1.272984504699707,0.024635951966047287,175,1.3301705253215733e-07
5415,0.9885916113853455,0.011408388614654541,1.2747924327850342,0.024042228236794472,175,1.3301705253215733e-07
5416,0.9883338809013367,0.01166611909866333,1.2678693532943726,0.024228151887655258,175,1.3301705253215733e-07
5417,0.9881916046142578,0.011808395385742188,1.2746717929840088,0.024437028914690018,175,1.3301705253215733e-07
5418,0.988652765750885,0.01134723424911499,1.2587978839874268,0.023821741342544556,175,1.3301705253215733e-07
5419,0.9882386326789856,0.011761367321014404,1.2701032161712646,0.024344785138964653,175,1.3301705253215733e-07
5420,0.9883996248245239,0.011600375175476074,1.256759524345398,0.02405196614563465,175,1.3301705253215733e-07
5421,0.9883954524993896,0.011604547500610352,1.2585570812225342,0.024074072018265724,175,1.3301705253215733e-07
5422,0.9887277483940125,0.011272251605987549,1.2761895656585693,0.02392142452299595,175,1.3301705253215733e-07
5423,0.9884077906608582,0.011592209339141846,1.273658275604248,0.024212870746850967,175,1.3301705253215733e-07
5424,0.9880065321922302,0.011993467807769775,1.269504189491272,0.024568574503064156,175,1.3301705253215733e-07
5425,0.9884012937545776,0.011598706245422363,1.262157917022705,0.024104297161102295,176,1.2636619990554947e-07
5426,0.9883648753166199,0.011635124683380127,1.2791749238967896,0.02431052178144455,176,1.2636619990554947e-07
5427,0.9886956810951233,0.011304318904876709,1.2869415283203125,0.02406069077551365,176,1.2636619990554947e-07
5428,0.9886741042137146,0.0113258957862854,1.271325945854187,0.023925896733999252,176,1.2636619990554947e-07
5429,0.9882082939147949,0.011791706085205078,1.2661694288253784,0.024335483089089394,176,1.2636619990554947e-07
5430,0.9885672330856323,0.011432766914367676,1.266141414642334,0.023979853838682175,176,1.2636619990554947e-07
5431,0.9882557988166809,0.011744201183319092,1.2695064544677734,0.024321824312210083,176,1.2636619990554947e-07
5432,0.9881109595298767,0.011889040470123291,1.264337420463562,0.024413524195551872,176,1.2636619990554947e-07
5433,0.9881200790405273,0.011879920959472656,1.264741063117981,0.024408530443906784,176,1.2636619990554947e-07
5434,0.9878799915313721,0.01212000846862793,1.2721970081329346,0.024720778688788414,176,1.2636619990554947e-07
5435,0.9885996580123901,0.011400341987609863,1.2553483247756958,0.02383982203900814,176,1.2636619990554947e-07
5436,0.9881343245506287,0.011865675449371338,1.257383108139038,0.024320848286151886,176,1.2636619990554947e-07
5437,0.9884440898895264,0.011555910110473633,1.260663628578186,0.024046987295150757,176,1.2636619990554947e-07
5438,0.988623857498169,0.011376142501831055,1.2844926118850708,0.024107307195663452,176,1.2636619990554947e-07
5439,0.988103985786438,0.011896014213562012,1.2630906105041504,0.02440796047449112,176,1.2636619990554947e-07
5440,0.9883419871330261,0.011658012866973877,1.2605843544006348,0.02414727583527565,176,1.2636619990554947e-07
5441,0.9885669350624084,0.011433064937591553,1.2652578353881836,0.0239713117480278,176,1.2636619990554947e-07
5442,0.9883942008018494,0.011605799198150635,1.2682294845581055,0.024172035977244377,176,1.2636619990554947e-07
5443,0.9879651069641113,0.012034893035888672,1.2601042985916138,0.024515587836503983,176,1.2636619990554947e-07
5444,0.9885606169700623,0.011439383029937744,1.2777639627456665,0.024102628231048584,176,1.2636619990554947e-07
5445,0.9884629249572754,0.01153707504272461,1.256967306137085,0.023991376161575317,176,1.2636619990554947e-07
5446,0.9883703589439392,0.011629641056060791,1.2789714336395264,0.02430306002497673,176,1.2636619990554947e-07
5447,0.9887089729309082,0.011291027069091797,1.2540597915649414,0.023718714714050293,176,1.2636619990554947e-07
5448,0.9883696436882019,0.011630356311798096,1.280332326889038,0.02431737631559372,176,1.2636619990554947e-07
5449,0.9886001944541931,0.011399805545806885,1.2861732244491577,0.02414754033088684,176,1.2636619990554947e-07
5450,0.9881868362426758,0.011813163757324219,1.2786517143249512,0.024481549859046936,176,1.2636619990554947e-07
5451,0.9889275431632996,0.01107245683670044,1.2711392641067505,0.023673124611377716,176,1.2636619990554947e-07
5452,0.9881183505058289,0.011881649494171143,1.28680419921875,0.024630874395370483,176,1.2636619990554947e-07
5453,0.9880769848823547,0.011923015117645264,1.2646979093551636,0.024450764060020447,176,1.2636619990554947e-07
5454,0.9884307980537415,0.011569201946258545,1.2865474224090576,0.024318983778357506,176,1.2636619990554947e-07
5455,0.9880975484848022,0.011902451515197754,1.2779897451400757,0.024563323706388474,176,1.2636619990554947e-07
5456,0.9886056184768677,0.011394381523132324,1.2678940296173096,0.02395937778055668,177,1.20047889910272e-07
5457,0.988226592540741,0.011773407459259033,1.2670989036560059,0.024326663464307785,177,1.20047889910272e-07
5458,0.9883748292922974,0.011625170707702637,1.2715309858322144,0.024224229156970978,177,1.20047889910272e-07
5459,0.9881449937820435,0.011855006217956543,1.2672805786132812,0.024409260600805283,177,1.20047889910272e-07
5460,0.988408625125885,0.01159137487411499,1.290757656097412,0.02438303828239441,177,1.20047889910272e-07
5461,0.9884071350097656,0.011592864990234375,1.2594386339187622,0.02407132275402546,177,1.20047889910272e-07
5462,0.9883489012718201,0.011651098728179932,1.274734616279602,0.024281933903694153,177,1.20047889910272e-07
5463,0.9880834221839905,0.011916577816009521,1.272128939628601,0.024518702179193497,177,1.20047889910272e-07
5464,0.9888204336166382,0.011179566383361816,1.2693952322006226,0.023761723190546036,177,1.20047889910272e-07
5465,0.9883449077606201,0.011655092239379883,1.277485966682434,0.02431340143084526,177,1.20047889910272e-07
5466,0.988063633441925,0.011936366558074951,1.277022361755371,0.024587225168943405,177,1.20047889910272e-07
5467,0.9887250661849976,0.011274933815002441,1.2577728033065796,0.02373991161584854,177,1.20047889910272e-07
5468,0.9881775379180908,0.01182246208190918,1.2921156883239746,0.024625394493341446,177,1.20047889910272e-07
5469,0.988311231136322,0.011688768863677979,1.2657138109207153,0.0242290198802948,177,1.20047889910272e-07
5470,0.988440752029419,0.011559247970581055,1.2887818813323975,0.02433147467672825,177,1.20047889910272e-07
5471,0.9883754253387451,0.011624574661254883,1.2805871963500977,0.02431420050561428,177,1.20047889910272e-07
5472,0.9878462553024292,0.0121537446975708,1.2662373781204224,0.02469458058476448,177,1.20047889910272e-07
5473,0.9885944128036499,0.011405587196350098,1.2591232061386108,0.02388276346027851,177,1.20047889910272e-07
5474,0.9880833029747009,0.011916697025299072,1.2758134603500366,0.024555664509534836,177,1.20047889910272e-07
5475,0.9881269335746765,0.011873066425323486,1.2714284658432007,0.024468619376420975,177,1.20047889910272e-07
5476,0.9883360266685486,0.011663973331451416,1.2503107786178589,0.02405044063925743,177,1.20047889910272e-07
5477,0.98842853307724,0.01157146692276001,1.2863209247589111,0.024318959563970566,177,1.20047889910272e-07
5478,0.9883791208267212,0.011620879173278809,1.2719261646270752,0.0242239311337471,177,1.20047889910272e-07
5479,0.9885878562927246,0.01141214370727539,1.2542712688446045,0.023840734735131264,177,1.20047889910272e-07
5480,0.9883591532707214,0.011640846729278564,1.2704106569290161,0.024228543043136597,177,1.20047889910272e-07
5481,0.9883478879928589,0.011652112007141113,1.2692723274230957,0.02422831580042839,177,1.20047889910272e-07
5482,0.9886663556098938,0.011333644390106201,1.259793996810913,0.0238182470202446,177,1.20047889910272e-07
5483,0.988471269607544,0.011528730392456055,1.2499887943267822,0.02391333132982254,177,1.20047889910272e-07
5484,0.9884064793586731,0.011593520641326904,1.2694449424743652,0.024172034114599228,177,1.20047889910272e-07
5485,0.9888227581977844,0.011177241802215576,1.2737998962402344,0.0238034687936306,177,1.20047889910272e-07
5486,0.9880345463752747,0.011965453624725342,1.2655500173568726,0.024501299485564232,177,1.20047889910272e-07
5487,0.9884029030799866,0.011597096920013428,1.2737985849380493,0.02421911060810089,178,1.1404549541475839e-07
5488,0.9885779023170471,0.01142209768295288,1.2658885717391968,0.02396676316857338,178,1.1404549541475839e-07
5489,0.9883115291595459,0.011688470840454102,1.2725621461868286,0.024297207593917847,178,1.1404549541475839e-07
5490,0.9886466264724731,0.011353373527526855,1.2763893604278564,0.024003732949495316,178,1.1404549541475839e-07
5491,0.9883700013160706,0.011629998683929443,1.2740803956985474,0.02425450272858143,178,1.1404549541475839e-07
5492,0.9885916709899902,0.011408329010009766,1.2529994249343872,0.023824241012334824,178,1.1404549541475839e-07
5493,0.9886526465415955,0.011347353458404541,1.2862792015075684,0.024096671491861343,178,1.1404549541475839e-07
5494,0.9885883331298828,0.011411666870117188,1.274990200996399,0.024047452956438065,178,1.1404549541475839e-07
5495,0.988097071647644,0.011902928352355957,1.2811555862426758,0.024595454335212708,178,1.1404549541475839e-07
5496,0.9879993796348572,0.012000620365142822,1.2713476419448853,0.02459409087896347,178,1.1404549541475839e-07
5497,0.988199770450592,0.011800229549407959,1.2609838247299194,0.02429206483066082,178,1.1404549541475839e-07
5498,0.9884634613990784,0.01153653860092163,1.2765765190124512,0.024186939001083374,178,1.1404549541475839e-07
5499,0.988250732421875,0.011749267578125,1.2545151710510254,0.02417692542076111,178,1.1404549541475839e-07
5500,0.9887837767601013,0.011216223239898682,1.276534080505371,0.023869402706623077,178,1.1404549541475839e-07
5501,0.9884077310562134,0.011592268943786621,1.2692089080810547,0.024168435484170914,178,1.1404549541475839e-07
5502,0.9883278608322144,0.011672139167785645,1.2698475122451782,0.02425389364361763,178,1.1404549541475839e-07
5503,0.9881881475448608,0.01181185245513916,1.266523838043213,0.024358972907066345,178,1.1404549541475839e-07
5504,0.9885372519493103,0.011462748050689697,1.274342656135559,0.02409154735505581,178,1.1404549541475839e-07
5505,0.9885454177856445,0.011454582214355469,1.2668967247009277,0.02400900423526764,178,1.1404549541475839e-07
5506,0.988093376159668,0.011906623840332031,1.2605276107788086,0.024392833933234215,178,1.1404549541475839e-07
5507,0.9884408712387085,0.011559128761291504,1.267648458480835,0.024120021611452103,178,1.1404549541475839e-07
5508,0.98818039894104,0.011819601058959961,1.2769176959991455,0.024470582604408264,178,1.1404549541475839e-07
5509,0.988144040107727,0.01185595989227295,1.2702558040618896,0.024439958855509758,178,1.1404549541475839e-07
5510,0.9883444309234619,0.011655569076538086,1.2686684131622314,0.024225696921348572,178,1.1404549541475839e-07
5511,0.9882009029388428,0.011799097061157227,1.263121485710144,0.024312321096658707,178,1.1404549541475839e-07
5512,0.9885118007659912,0.011488199234008789,1.2847784757614136,0.024221103638410568,178,1.1404549541475839e-07
5513,0.988084614276886,0.011915385723114014,1.2779854536056519,0.024576086550951004,178,1.1404549541475839e-07
5514,0.988283097743988,0.011716902256011963,1.2708842754364014,0.024308577179908752,178,1.1404549541475839e-07
5515,0.9887111783027649,0.011288821697235107,1.2569471597671509,0.023745404556393623,178,1.1404549541475839e-07
5516,0.9881380200386047,0.011861979961395264,1.2726843357086182,0.02447020262479782,178,1.1404549541475839e-07
5517,0.9884478449821472,0.011552155017852783,1.26014244556427,0.024038057774305344,178,1.1404549541475839e-07
5518,0.988368809223175,0.011631190776824951,1.2735540866851807,0.024250419810414314,179,1.0834322064402047e-07
5519,0.9881030321121216,0.011896967887878418,1.2642245292663574,0.02442024275660515,179,1.0834322064402047e-07
5520,0.9884174466133118,0.011582553386688232,1.2623264789581299,0.0240899920463562,179,1.0834322064402047e-07
5521,0.9886364340782166,0.011363565921783447,1.266096591949463,0.023910894989967346,179,1.0834322064402047e-07
5522,0.9886174201965332,0.011382579803466797,1.26991868019104,0.023967940360307693,179,1.0834322064402047e-07
5523,0.9885534644126892,0.011446535587310791,1.265795111656189,0.023990020155906677,179,1.0834322064402047e-07
5524,0.9885630011558533,0.011436998844146729,1.27689528465271,0.024091580882668495,179,1.0834322064402047e-07
5525,0.9881960153579712,0.011803984642028809,1.2775216102600098,0.024461161345243454,179,1.0834322064402047e-07
5526,0.9881365895271301,0.011863410472869873,1.2710378170013428,0.024455154314637184,179,1.0834322064402047e-07
5527,0.9883800148963928,0.011619985103607178,1.2634479999542236,0.02413826435804367,179,1.0834322064402047e-07
5528,0.9881839752197266,0.011816024780273438,1.269167184829712,0.024389537051320076,179,1.0834322064402047e-07
5529,0.988176703453064,0.011823296546936035,1.2585912942886353,0.02429097518324852,179,1.0834322064402047e-07
5530,0.9884575605392456,0.011542439460754395,1.2493560314178467,0.0239205751568079,179,1.0834322064402047e-07
5531,0.9881779551506042,0.011822044849395752,1.2575511932373047,0.024279337376356125,179,1.0834322064402047e-07
5532,0.9883824586868286,0.011617541313171387,1.3004802465438843,0.02450616843998432,179,1.0834322064402047e-07
5533,0.988218367099762,0.011781632900238037,1.2608482837677002,0.02427230030298233,179,1.0834322064402047e-07
5534,0.9886759519577026,0.011324048042297363,1.2540603876113892,0.023751411586999893,179,1.0834322064402047e-07
5535,0.9883937239646912,0.011606276035308838,1.2626280784606934,0.02411649376153946,179,1.0834322064402047e-07
5536,0.9882438778877258,0.01175612211227417,1.2789695262908936,0.02442825585603714,179,1.0834322064402047e-07
5537,0.9882328510284424,0.011767148971557617,1.2942904233932495,0.024592380970716476,179,1.0834322064402047e-07
5538,0.9885988235473633,0.011401176452636719,1.2679698467254639,0.023966863751411438,179,1.0834322064402047e-07
5539,0.9882270693778992,0.01177293062210083,1.2737958431243896,0.02439315989613533,179,1.0834322064402047e-07
5540,0.9882009029388428,0.011799097061157227,1.273516297340393,0.02441626787185669,179,1.0834322064402047e-07
5541,0.9881344437599182,0.011865556240081787,1.2740819454193115,0.02448771893978119,179,1.0834322064402047e-07
5542,0.987962543964386,0.012037456035614014,1.2691386938095093,0.024608468636870384,179,1.0834322064402047e-07
5543,0.988335371017456,0.011664628982543945,1.2732744216918945,0.02428072690963745,179,1.0834322064402047e-07
5544,0.9886360168457031,0.011363983154296875,1.2750928401947021,0.024001270532608032,179,1.0834322064402047e-07
5545,0.988269567489624,0.011730432510375977,1.2697482109069824,0.024310611188411713,179,1.0834322064402047e-07
5546,0.9886371493339539,0.011362850666046143,1.2890357971191406,0.024139579385519028,179,1.0834322064402047e-07
5547,0.988959789276123,0.011040210723876953,1.2567121982574463,0.023496929556131363,179,1.0834322064402047e-07
5548,0.9884191751480103,0.011580824851989746,1.2781797647476196,0.024246813729405403,179,1.0834322064402047e-07
5549,0.9883816242218018,0.011618375778198242,1.2796084880828857,0.024298276752233505,180,1.0292605961181944e-07
5550,0.9883952140808105,0.011604785919189453,1.2590988874435425,0.02407972700893879,180,1.0292605961181944e-07
5551,0.9886929392814636,0.011307060718536377,1.2731932401657104,0.02392592281103134,180,1.0292605961181944e-07
5552,0.9879428148269653,0.012057185173034668,1.273589849472046,0.024672511965036392,180,1.0292605961181944e-07
5553,0.988631010055542,0.011368989944458008,1.271612286567688,0.023971423506736755,180,1.0292605961181944e-07
5554,0.9886999130249023,0.011300086975097656,1.2550840377807617,0.02373792603611946,180,1.0292605961181944e-07
5555,0.9879963994026184,0.012003600597381592,1.2762978076934814,0.024646542966365814,180,1.0292605961181944e-07
5556,0.988300621509552,0.011699378490447998,1.2752784490585327,0.024335168302059174,180,1.0292605961181944e-07
5557,0.9885513782501221,0.01144862174987793,1.259314775466919,0.02392728254199028,180,1.0292605961181944e-07
5558,0.9881556630134583,0.011844336986541748,1.2655168771743774,0.024381063878536224,180,1.0292605961181944e-07
5559,0.9883706569671631,0.011629343032836914,1.2756397724151611,0.02426944673061371,180,1.0292605961181944e-07
5560,0.9881504774093628,0.011849522590637207,1.2599177360534668,0.024330204352736473,180,1.0292605961181944e-07
5561,0.9880223870277405,0.011977612972259521,1.278416633605957,0.02464200183749199,180,1.0292605961181944e-07
5562,0.9883949756622314,0.011605024337768555,1.2626290321350098,0.024115264415740967,180,1.0292605961181944e-07
5563,0.9884336590766907,0.011566340923309326,1.2788074016571045,0.024238750338554382,180,1.0292605961181944e-07
5564,0.9885925650596619,0.011407434940338135,1.2799876928329468,0.02409323677420616,180,1.0292605961181944e-07
5565,0.9882878661155701,0.011712133884429932,1.2653480768203735,0.02424849197268486,180,1.0292605961181944e-07
5566,0.9884126782417297,0.011587321758270264,1.2760580778121948,0.024232029914855957,180,1.0292605961181944e-07
5567,0.988201916217804,0.011798083782196045,1.2696189880371094,0.024376291781663895,180,1.0292605961181944e-07
5568,0.9882178902626038,0.01178210973739624,1.2687299251556396,0.024351589381694794,180,1.0292605961181944e-07
5569,0.9885852336883545,0.011414766311645508,1.2549140453338623,0.023849759250879288,180,1.0292605961181944e-07
5570,0.9882957339286804,0.01170426607131958,1.2889519929885864,0.02447674423456192,180,1.0292605961181944e-07
5571,0.9880400896072388,0.01195991039276123,1.2783390283584595,0.024623701348900795,180,1.0292605961181944e-07
5572,0.9883313775062561,0.011668622493743896,1.2557579278945923,0.02410951629281044,180,1.0292605961181944e-07
5573,0.9886701703071594,0.011329829692840576,1.2741543054580688,0.023958073928952217,180,1.0292605961181944e-07
5574,0.9882755279541016,0.011724472045898438,1.2810713052749634,0.0244179405272007,180,1.0292605961181944e-07
5575,0.9884450435638428,0.011554956436157227,1.2714297771453857,0.024153705686330795,180,1.0292605961181944e-07
5576,0.9886621832847595,0.011337816715240479,1.2565850019454956,0.02379028871655464,180,1.0292605961181944e-07
5577,0.988502562046051,0.011497437953948975,1.2848893404006958,0.024231355637311935,180,1.0292605961181944e-07
5578,0.9882709383964539,0.011729061603546143,1.2646361589431763,0.02425813302397728,180,1.0292605961181944e-07
5579,0.9888138771057129,0.01118612289428711,1.258298397064209,0.023657245561480522,180,1.0292605961181944e-07
5580,0.9881122708320618,0.011887729167938232,1.2676358222961426,0.02444520965218544,181,9.777975663122845e-08
5581,0.9882712960243225,0.01172870397567749,1.2697486877441406,0.024308903142809868,181,9.777975663122845e-08
5582,0.9886660575866699,0.011333942413330078,1.2602741718292236,0.023823345080018044,181,9.777975663122845e-08
5583,0.9884780645370483,0.01152193546295166,1.2777273654937744,0.024183988571166992,181,9.777975663122845e-08
5584,0.9887270927429199,0.011272907257080078,1.263114333152771,0.023791320621967316,181,9.777975663122845e-08
5585,0.9884081482887268,0.011591851711273193,1.266827940940857,0.024144213646650314,181,9.777975663122845e-08
5586,0.9885632991790771,0.011436700820922852,1.2824679613113403,0.02414701320230961,181,9.777975663122845e-08
5587,0.9882999658584595,0.011700034141540527,1.2642745971679688,0.024225778877735138,181,9.777975663122845e-08
5588,0.9884098172187805,0.011590182781219482,1.2638604640960693,0.02411288395524025,181,9.777975663122845e-08
5589,0.9881624579429626,0.011837542057037354,1.2815393209457397,0.0245345588773489,181,9.777975663122845e-08
5590,0.9885355234146118,0.011464476585388184,1.2663553953170776,0.02401338517665863,181,9.777975663122845e-08
5591,0.9882767200469971,0.01172327995300293,1.284071683883667,0.0244467630982399,181,9.777975663122845e-08
5592,0.9884982109069824,0.011501789093017578,1.2851502895355225,0.02423827350139618,181,9.777975663122845e-08
5593,0.9883435368537903,0.011656463146209717,1.271946668624878,0.02425936609506607,181,9.777975663122845e-08
5594,0.9884332418441772,0.011566758155822754,1.2727715969085693,0.02417880669236183,181,9.777975663122845e-08
5595,0.9883237481117249,0.011676251888275146,1.2597061395645142,0.02415654994547367,181,9.777975663122845e-08
5596,0.9884155988693237,0.01158440113067627,1.2568819522857666,0.024037376046180725,181,9.777975663122845e-08
5597,0.9883395433425903,0.011660456657409668,1.2728594541549683,0.02427244558930397,181,9.777975663122845e-08
5598,0.9882141947746277,0.011785805225372314,1.2777639627456665,0.024445585906505585,181,9.777975663122845e-08
5599,0.9884575605392456,0.011542439460754395,1.2723605632781982,0.02415062114596367,181,9.777975663122845e-08
5600,0.988315761089325,0.011684238910675049,1.2699947357177734,0.024267343804240227,181,9.777975663122845e-08
5601,0.9884569644927979,0.011543035507202148,1.2827391624450684,0.024254996329545975,181,9.777975663122845e-08
5602,0.9884082078933716,0.011591792106628418,1.2657591104507446,0.02413346618413925,181,9.777975663122845e-08
5603,0.9884287714958191,0.011571228504180908,1.264193058013916,0.024097446352243423,181,9.777975663122845e-08
5604,0.9884656667709351,0.011534333229064941,1.2701613903045654,0.024120602756738663,181,9.777975663122845e-08
5605,0.9881712794303894,0.011828720569610596,1.2573137283325195,0.024283569306135178,181,9.777975663122845e-08
5606,0.9881263375282288,0.01187366247177124,1.26847243309021,0.024439651519060135,181,9.777975663122845e-08
5607,0.988602340221405,0.01139765977859497,1.2817821502685547,0.024101505056023598,181,9.777975663122845e-08
5608,0.9882084131240845,0.011791586875915527,1.2697666883468628,0.02437133714556694,181,9.777975663122845e-08
5609,0.9883753061294556,0.011624693870544434,1.2608256340026855,0.024116702377796173,181,9.777975663122845e-08
5610,0.9878839254379272,0.012116074562072754,1.2654926776885986,0.024649839848279953,181,9.777975663122845e-08
5611,0.9886360168457031,0.011363983154296875,1.284501314163208,0.024095356464385986,182,9.289076879966702e-08
5612,0.9881961941719055,0.011803805828094482,1.267889380455017,0.024364661425352097,182,9.289076879966702e-08
5613,0.9884119033813477,0.011588096618652344,1.2742074728012085,0.02421429008245468,182,9.289076879966702e-08
5614,0.9887220859527588,0.011277914047241211,1.2744073867797852,0.023909207433462143,182,9.289076879966702e-08
5615,0.9887323379516602,0.011267662048339844,1.293992519378662,0.02409491129219532,182,9.289076879966702e-08
5616,0.9883581399917603,0.011641860008239746,1.282774806022644,0.024353189393877983,182,9.289076879966702e-08
5617,0.9882140159606934,0.01178598403930664,1.2804509401321411,0.024472633376717567,182,9.289076879966702e-08
5618,0.9884633421897888,0.011536657810211182,1.2554190158843994,0.02397548034787178,182,9.289076879966702e-08
5619,0.9884008765220642,0.011599123477935791,1.263711929321289,0.024120250716805458,182,9.289076879966702e-08
5620,0.9884504079818726,0.011549592018127441,1.2655080556869507,0.024089176207780838,182,9.289076879966702e-08
5621,0.9881953001022339,0.011804699897766113,1.2686723470687866,0.0243733748793602,182,9.289076879966702e-08
5622,0.988772988319397,0.011227011680603027,1.2622519731521606,0.023737261071801186,182,9.289076879966702e-08
5623,0.9886715412139893,0.011328458786010742,1.2745559215545654,0.02396073378622532,182,9.289076879966702e-08
5624,0.9881492257118225,0.01185077428817749,1.2652124166488647,0.02438439056277275,182,9.289076879966702e-08
5625,0.9884942770004272,0.011505722999572754,1.2601301670074463,0.023991966620087624,182,9.289076879966702e-08
5626,0.9882966876029968,0.011703312397003174,1.2559967041015625,0.024146247655153275,182,9.289076879966702e-08
5627,0.9881242513656616,0.011875748634338379,1.2594643831253052,0.024351634085178375,182,9.289076879966702e-08
5628,0.9881890416145325,0.01181095838546753,1.2751433849334717,0.024444282054901123,182,9.289076879966702e-08
5629,0.9885911345481873,0.011408865451812744,1.2744371891021729,0.024039149284362793,182,9.289076879966702e-08
5630,0.988146960735321,0.011853039264678955,1.2651456594467163,0.024385966360569,182,9.289076879966702e-08
5631,0.9882806539535522,0.011719346046447754,1.2665443420410156,0.024267595261335373,182,9.289076879966702e-08
5632,0.9885122776031494,0.011487722396850586,1.2831764221191406,0.024204609915614128,182,9.289076879966702e-08
5633,0.9881245493888855,0.011875450611114502,1.2750768661499023,0.024507462978363037,182,9.289076879966702e-08
5634,0.9881872534751892,0.011812746524810791,1.2639751434326172,0.024334371089935303,182,9.289076879966702e-08
5635,0.9882836937904358,0.011716306209564209,1.2714757919311523,0.024313900619745255,182,9.289076879966702e-08
5636,0.9882833361625671,0.011716663837432861,1.2588130235671997,0.02418762817978859,182,9.289076879966702e-08
5637,0.9881013035774231,0.011898696422576904,1.2660764455795288,0.024440474808216095,182,9.289076879966702e-08
5638,0.9881894588470459,0.011810541152954102,1.2775146961212158,0.024467581883072853,182,9.289076879966702e-08
5639,0.9885648488998413,0.011435151100158691,1.2539695501327515,0.023860495537519455,182,9.289076879966702e-08
5640,0.9885796904563904,0.01142030954360962,1.2753007411956787,0.02405911311507225,182,9.289076879966702e-08
5641,0.9881095886230469,0.011890411376953125,1.28125,0.024584006518125534,182,9.289076879966702e-08
5642,0.9881740212440491,0.011825978755950928,1.2793962955474854,0.024501681327819824,183,8.824623035968367e-08
5643,0.9887695908546448,0.011230409145355225,1.2630019187927246,0.02374812588095665,183,8.824623035968367e-08
5644,0.9884534478187561,0.011546552181243896,1.2663285732269287,0.024094372987747192,183,8.824623035968367e-08
5645,0.9882282018661499,0.011771798133850098,1.2829686403274536,0.02448376640677452,183,8.824623035968367e-08
5646,0.9883960485458374,0.011603951454162598,1.2735422849655151,0.024223335087299347,183,8.824623035968367e-08
5647,0.9882199764251709,0.011780023574829102,1.271174669265747,0.024373970925807953,183,8.824623035968367e-08
5648,0.9885154366493225,0.01148456335067749,1.2633731365203857,0.024003449827432632,183,8.824623035968367e-08
5649,0.9882128238677979,0.011787176132202148,1.2718164920806885,0.02438746765255928,183,8.824623035968367e-08
5650,0.9887030124664307,0.011296987533569336,1.2623717784881592,0.02380773425102234,183,8.824623035968367e-08
5651,0.9885958433151245,0.011404156684875488,1.2626243829727173,0.02391635999083519,183,8.824623035968367e-08
5652,0.9887323975563049,0.011267602443695068,1.2939894199371338,0.024094820022583008,183,8.824623035968367e-08
5653,0.9885205626487732,0.011479437351226807,1.2537916898727417,0.023902559652924538,183,8.824623035968367e-08
5654,0.9879850149154663,0.012014985084533691,1.271083116531372,0.02460566535592079,183,8.824623035968367e-08
5655,0.9883549213409424,0.011645078659057617,1.2679458856582642,0.024208087474107742,183,8.824623035968367e-08
5656,0.988473653793335,0.011526346206665039,1.2680622339248657,0.024091705679893494,183,8.824623035968367e-08
5657,0.9881525039672852,0.011847496032714844,1.2733224630355835,0.024462245404720306,183,8.824623035968367e-08
5658,0.9880865216255188,0.011913478374481201,1.2700583934783936,0.024494927376508713,183,8.824623035968367e-08
5659,0.9879266619682312,0.012073338031768799,1.2664589881896973,0.02461719512939453,183,8.824623035968367e-08
5660,0.9881472587585449,0.011852741241455078,1.265477180480957,0.024388983845710754,183,8.824623035968367e-08
5661,0.9886127710342407,0.011387228965759277,1.2675410509109497,0.02394876629114151,183,8.824623035968367e-08
5662,0.9882645606994629,0.01173543930053711,1.2753417491912842,0.024371501058340073,183,8.824623035968367e-08
5663,0.988726019859314,0.011273980140686035,1.2839261293411255,0.02400050312280655,183,8.824623035968367e-08
5664,0.9886640906333923,0.011335909366607666,1.26702880859375,0.0238928385078907,183,8.824623035968367e-08
5665,0.988429844379425,0.011570155620574951,1.2597695589065552,0.024052150547504425,183,8.824623035968367e-08
5666,0.988313615322113,0.011686384677886963,1.2798272371292114,0.024367794394493103,183,8.824623035968367e-08
5667,0.9882122278213501,0.011787772178649902,1.2614551782608032,0.024284446612000465,183,8.824623035968367e-08
5668,0.988504946231842,0.011495053768157959,1.294211983680725,0.02432222291827202,183,8.824623035968367e-08
5669,0.9882894158363342,0.011710584163665771,1.2690397500991821,0.02428387477993965,183,8.824623035968367e-08
5670,0.9886127710342407,0.011387228965759277,1.2549307346343994,0.023822665214538574,183,8.824623035968367e-08
5671,0.9879563450813293,0.012043654918670654,1.268509030342102,0.02460830844938755,183,8.824623035968367e-08
5672,0.9882352948188782,0.011764705181121826,1.2664190530776978,0.02431124821305275,183,8.824623035968367e-08
5673,0.9879289269447327,0.012071073055267334,1.2842555046081543,0.02479291707277298,184,8.383391884169949e-08
5674,0.9883368611335754,0.01166313886642456,1.2493643760681152,0.02404015138745308,184,8.383391884169949e-08
5675,0.9881505370140076,0.011849462985992432,1.2672151327133179,0.024403119459748268,184,8.383391884169949e-08
5676,0.9885408282279968,0.011459171772003174,1.2808440923690796,0.02415302023291588,184,8.383391884169949e-08
5677,0.9882771968841553,0.011722803115844727,1.2614903450012207,0.024220477789640427,184,8.383391884169949e-08
5678,0.9879682660102844,0.012031733989715576,1.2683093547821045,0.024594509974122047,184,8.383391884169949e-08
5679,0.9885537624359131,0.011446237564086914,1.2789660692214966,0.02412143535912037,184,8.383391884169949e-08
5680,0.9886624813079834,0.011337518692016602,1.257813572883606,0.02380227856338024,184,8.383391884169949e-08
5681,0.988112211227417,0.011887788772583008,1.2741209268569946,0.02451011911034584,184,8.383391884169949e-08
5682,0.988158106803894,0.011841893196105957,1.2688499689102173,0.024411972612142563,184,8.383391884169949e-08
5683,0.988232433795929,0.011767566204071045,1.2795813083648682,0.024445703253149986,184,8.383391884169949e-08
5684,0.9883941411972046,0.01160585880279541,1.2826906442642212,0.024316705763339996,184,8.383391884169949e-08
5685,0.9882474541664124,0.011752545833587646,1.2682101726531982,0.024317122995853424,184,8.383391884169949e-08
5686,0.9885101318359375,0.0114898681640625,1.2680975198745728,0.02405594475567341,184,8.383391884169949e-08
5687,0.9884544014930725,0.01154559850692749,1.2528163194656372,0.023958304896950722,184,8.383391884169949e-08
5688,0.9884850382804871,0.01151496171951294,1.2637672424316406,0.02403748407959938,184,8.383391884169949e-08
5689,0.9885872602462769,0.011412739753723145,1.2900954484939575,0.02419956773519516,184,8.383391884169949e-08
5690,0.9886749982833862,0.01132500171661377,1.265438437461853,0.023866135627031326,184,8.383391884169949e-08
5691,0.9880896210670471,0.01191037893295288,1.278691053390503,0.024578183889389038,184,8.383391884169949e-08
5692,0.9885968565940857,0.011403143405914307,1.25416100025177,0.023830723017454147,184,8.383391884169949e-08
5693,0.9884567856788635,0.011543214321136475,1.2859903573989868,0.024287685751914978,184,8.383391884169949e-08
5694,0.9879738688468933,0.01202613115310669,1.264831304550171,0.024554181843996048,184,8.383391884169949e-08
5695,0.9885130524635315,0.011486947536468506,1.2574081420898438,0.023946158587932587,184,8.383391884169949e-08
5696,0.9883505702018738,0.01164942979812622,1.27549409866333,0.0242878757417202,184,8.383391884169949e-08
5697,0.9885222911834717,0.01147770881652832,1.2645127773284912,0.02400805801153183,184,8.383391884169949e-08
5698,0.988321840763092,0.011678159236907959,1.266377329826355,0.024225151166319847,184,8.383391884169949e-08
5699,0.9885568618774414,0.011443138122558594,1.2695646286010742,0.024024352431297302,184,8.383391884169949e-08
5700,0.9883354306221008,0.01166456937789917,1.2740509510040283,0.02428843453526497,184,8.383391884169949e-08
5701,0.9887318015098572,0.011268198490142822,1.2757484912872314,0.023913001641631126,184,8.383391884169949e-08
5702,0.988078236579895,0.01192176342010498,1.2713680267333984,0.02451622486114502,184,8.383391884169949e-08
5703,0.9889200329780579,0.011079967021942139,1.2767186164855957,0.02373635396361351,184,8.383391884169949e-08
5704,0.9888965487480164,0.011103451251983643,1.2841012477874756,0.02383342944085598,185,7.964222289961451e-08
5705,0.987960934638977,0.01203906536102295,1.2765214443206787,0.024683889001607895,185,7.964222289961451e-08
5706,0.9880611300468445,0.011938869953155518,1.2800861597061157,0.02462034299969673,185,7.964222289961451e-08
5707,0.9886224269866943,0.011377573013305664,1.2661128044128418,0.023924924433231354,185,7.964222289961451e-08
5708,0.9886975288391113,0.011302471160888672,1.2667967081069946,0.023857414722442627,185,7.964222289961451e-08
5709,0.9882476329803467,0.01175236701965332,1.2624949216842651,0.024259792640805244,185,7.964222289961451e-08
5710,0.9882174730300903,0.011782526969909668,1.2806934118270874,0.02447163499891758,185,7.964222289961451e-08
5711,0.9882208108901978,0.011779189109802246,1.273183822631836,0.0243932344019413,185,7.964222289961451e-08
5712,0.9884759187698364,0.011524081230163574,1.2579708099365234,0.023988548666238785,185,7.964222289961451e-08
5713,0.9878737330436707,0.012126266956329346,1.2669196128845215,0.024674199521541595,185,7.964222289961451e-08
5714,0.9883541464805603,0.011645853519439697,1.2631025314331055,0.024160420522093773,185,7.964222289961451e-08
5715,0.9882556200027466,0.011744379997253418,1.2649972438812256,0.024276908487081528,185,7.964222289961451e-08
5716,0.9883782267570496,0.01162177324295044,1.2707839012145996,0.0242133941501379,185,7.964222289961451e-08
5717,0.9888575673103333,0.011142432689666748,1.2505364418029785,0.023536372929811478,185,7.964222289961451e-08
5718,0.9886434078216553,0.011356592178344727,1.2699841260910034,0.023942867293953896,185,7.964222289961451e-08
5719,0.9883554577827454,0.011644542217254639,1.2711832523345947,0.024239929392933846,185,7.964222289961451e-08
5720,0.988419234752655,0.01158076524734497,1.2721521854400635,0.024186480790376663,185,7.964222289961451e-08
5721,0.9884092211723328,0.011590778827667236,1.2736316919326782,0.024211186915636063,185,7.964222289961451e-08
5722,0.9883357882499695,0.011664211750030518,1.2796827554702759,0.024344397708773613,185,7.964222289961451e-08
5723,0.9883180260658264,0.011681973934173584,1.2733592987060547,0.02429874613881111,185,7.964222289961451e-08
5724,0.9883482456207275,0.011651754379272461,1.2910655736923218,0.02444589138031006,185,7.964222289961451e-08
5725,0.9883251190185547,0.011674880981445312,1.2735519409179688,0.024293651804327965,185,7.964222289961451e-08
5726,0.9882388710975647,0.011761128902435303,1.252873420715332,0.024172252044081688,185,7.964222289961451e-08
5727,0.9884756207466125,0.011524379253387451,1.275115728378296,0.024160291999578476,185,7.964222289961451e-08
5728,0.9885220527648926,0.011477947235107422,1.267775535583496,0.02404092252254486,185,7.964222289961451e-08
5729,0.9883440732955933,0.011655926704406738,1.2736155986785889,0.0242755226790905,185,7.964222289961451e-08
5730,0.9884424805641174,0.011557519435882568,1.264574646949768,0.02408768981695175,185,7.964222289961451e-08
5731,0.9879785180091858,0.012021481990814209,1.2811307907104492,0.02471257373690605,185,7.964222289961451e-08
5732,0.9879903197288513,0.012009680271148682,1.2621383666992188,0.02451096661388874,185,7.964222289961451e-08
5733,0.9885314106941223,0.011468589305877686,1.2616146802902222,0.023970048874616623,185,7.964222289961451e-08
5734,0.9888701438903809,0.01112985610961914,1.2685472965240479,0.023704029619693756,185,7.964222289961451e-08
5735,0.9880143404006958,0.0119856595993042,1.2862688302993774,0.02472849190235138,186,7.566011175463377e-08
5736,0.9883776307106018,0.011622369289398193,1.2825639247894287,0.02433178573846817,186,7.566011175463377e-08
5737,0.9886823892593384,0.011317610740661621,1.273260235786438,0.023937035351991653,186,7.566011175463377e-08
5738,0.9883379936218262,0.011662006378173828,1.2473375797271729,0.02401876077055931,186,7.566011175463377e-08
5739,0.9879510402679443,0.012048959732055664,1.266837477684021,0.024596843868494034,186,7.566011175463377e-08
5740,0.9887203574180603,0.011279642581939697,1.2622206211090088,0.023789051920175552,186,7.566011175463377e-08
5741,0.9885449409484863,0.011455059051513672,1.266730546951294,0.02400781214237213,186,7.566011175463377e-08
5742,0.9884278178215027,0.011572182178497314,1.2759369611740112,0.024215828627347946,186,7.566011175463377e-08
5743,0.9882020354270935,0.011797964572906494,1.267684817314148,0.02435683272778988,186,7.566011175463377e-08
5744,0.9884856343269348,0.011514365673065186,1.2691971063613892,0.024091193452477455,186,7.566011175463377e-08
5745,0.988412618637085,0.011587381362915039,1.2567075490951538,0.024038583040237427,186,7.566011175463377e-08
5746,0.9885895252227783,0.01141047477722168,1.2787201404571533,0.024083571508526802,186,7.566011175463377e-08
5747,0.9883310794830322,0.011668920516967773,1.278694987297058,0.024339180439710617,186,7.566011175463377e-08
5748,0.9883760213851929,0.011623978614807129,1.261819839477539,0.02412593737244606,186,7.566011175463377e-08
5749,0.9881278872489929,0.01187211275100708,1.273512840270996,0.02448851987719536,186,7.566011175463377e-08
5750,0.9884179830551147,0.011582016944885254,1.2549039125442505,0.024015236645936966,186,7.566011175463377e-08
5751,0.9884430766105652,0.011556923389434814,1.2619506120681763,0.02406086027622223,186,7.566011175463377e-08
5752,0.9884694814682007,0.011530518531799316,1.2711718082427979,0.02412693202495575,186,7.566011175463377e-08
5753,0.9884511828422546,0.011548817157745361,1.268053412437439,0.024113863706588745,186,7.566011175463377e-08
5754,0.9882286190986633,0.01177138090133667,1.262445330619812,0.024278119206428528,186,7.566011175463377e-08
5755,0.9883140921592712,0.01168590784072876,1.2689242362976074,0.024258291348814964,186,7.566011175463377e-08
5756,0.9879990220069885,0.012000977993011475,1.2836626768112183,0.02471759542822838,186,7.566011175463377e-08
5757,0.9884341955184937,0.011565804481506348,1.2686500549316406,0.024136647582054138,186,7.566011175463377e-08
5758,0.9883736968040466,0.01162630319595337,1.2789404392242432,0.024299444630742073,186,7.566011175463377e-08
5759,0.9881839156150818,0.011816084384918213,1.2906357049942017,0.024604279547929764,186,7.566011175463377e-08
5760,0.988234281539917,0.011765718460083008,1.2655328512191772,0.024303389713168144,186,7.566011175463377e-08
5761,0.9883131980895996,0.01168680191040039,1.2559483051300049,0.024129416793584824,186,7.566011175463377e-08
5762,0.9884319305419922,0.011568069458007812,1.2692245244979858,0.02414463460445404,186,7.566011175463377e-08
5763,0.9883366823196411,0.011663317680358887,1.2751996517181396,0.02429868094623089,186,7.566011175463377e-08
5764,0.9887138605117798,0.011286139488220215,1.2689094543457031,0.02386237308382988,186,7.566011175463377e-08
5765,0.9885770082473755,0.011422991752624512,1.2915908098220825,0.024224668741226196,186,7.566011175463377e-08
5766,0.9884169101715088,0.011583089828491211,1.2684682607650757,0.024151941761374474,187,7.187710616690207e-08
5767,0.988683819770813,0.011316180229187012,1.2549264430999756,0.023752283304929733,187,7.187710616690207e-08
5768,0.98846834897995,0.011531651020050049,1.2697478532791138,0.024113811552524567,187,7.187710616690207e-08
5769,0.9883725643157959,0.011627435684204102,1.2748684883117676,0.024259846657514572,187,7.187710616690207e-08
5770,0.988700270652771,0.011299729347229004,1.2737822532653809,0.023924553766846657,187,7.187710616690207e-08
5771,0.9888128042221069,0.011187195777893066,1.2882648706436157,0.02395797148346901,187,7.187710616690207e-08
5772,0.9883852601051331,0.011614739894866943,1.272314429283142,0.024221736937761307,187,7.187710616690207e-08
5773,0.9882903695106506,0.011709630489349365,1.2655389308929443,0.024247922003269196,187,7.187710616690207e-08
5774,0.9880802035331726,0.011919796466827393,1.2640684843063354,0.02444128319621086,187,7.187710616690207e-08
5775,0.9880574941635132,0.011942505836486816,1.2694447040557861,0.024517526850104332,187,7.187710616690207e-08
5776,0.9886733293533325,0.01132667064666748,1.2620970010757446,0.02383437380194664,187,7.187710616690207e-08
5777,0.9883662462234497,0.011633753776550293,1.2707575559616089,0.024224992841482162,187,7.187710616690207e-08
5778,0.9882298111915588,0.011770188808441162,1.2833352088928223,0.024485839530825615,187,7.187710616690207e-08
5779,0.9882468581199646,0.0117531418800354,1.2654892206192017,0.024290502071380615,187,7.187710616690207e-08
5780,0.988315224647522,0.011684775352478027,1.2551618814468384,0.02411954663693905,187,7.187710616690207e-08
5781,0.9883817434310913,0.011618256568908691,1.2625930309295654,0.024128004908561707,187,7.187710616690207e-08
5782,0.9884865880012512,0.01151341199874878,1.2938623428344727,0.02433690056204796,187,7.187710616690207e-08
5783,0.9883496165275574,0.011650383472442627,1.278198480606079,0.024315863847732544,187,7.187710616690207e-08
5784,0.9883291125297546,0.011670887470245361,1.2765439748764038,0.024319618940353394,187,7.187710616690207e-08
5785,0.9885047674179077,0.011495232582092285,1.2606697082519531,0.023986976593732834,187,7.187710616690207e-08
5786,0.9885351061820984,0.011464893817901611,1.2668054103851318,0.0240182988345623,187,7.187710616690207e-08
5787,0.9881162643432617,0.011883735656738281,1.2860450744628906,0.024625349789857864,187,7.187710616690207e-08
5788,0.9884910583496094,0.011508941650390625,1.2800376415252686,0.024194229394197464,187,7.187710616690207e-08
5789,0.9881107211112976,0.011889278888702393,1.2824407815933228,0.02459479495882988,187,7.187710616690207e-08
5790,0.9880684614181519,0.011931538581848145,1.2581658363342285,0.024393880739808083,187,7.187710616690207e-08
5791,0.9889680743217468,0.011031925678253174,1.256817102432251,0.023489776998758316,187,7.187710616690207e-08
5792,0.987835168838501,0.012164831161499023,1.2636637687683105,0.024679820984601974,187,7.187710616690207e-08
5793,0.9884551763534546,0.01154482364654541,1.2716130018234253,0.02414550632238388,187,7.187710616690207e-08
5794,0.9881452918052673,0.011854708194732666,1.2726043462753296,0.024462204426527023,187,7.187710616690207e-08
5795,0.9885225892066956,0.011477410793304443,1.2588847875595093,0.023951483890414238,187,7.187710616690207e-08
5796,0.9880319833755493,0.011968016624450684,1.2695260047912598,0.02454359643161297,187,7.187710616690207e-08
5797,0.9883835911750793,0.011616408824920654,1.276211142539978,0.024262355640530586,188,6.828325085855697e-08
5798,0.9885541796684265,0.011445820331573486,1.2761578559875488,0.024092940613627434,188,6.828325085855697e-08
5799,0.9884545803070068,0.011545419692993164,1.2860718965530396,0.02429068461060524,188,6.828325085855697e-08
5800,0.9882738590240479,0.011726140975952148,1.2724902629852295,0.024333782494068146,188,6.828325085855697e-08
5801,0.9881109595298767,0.011889040470123291,1.268805742263794,0.024458207190036774,188,6.828325085855697e-08
5802,0.9883384704589844,0.011661529541015625,1.2644681930541992,0.024189595133066177,188,6.828325085855697e-08
5803,0.9882228970527649,0.011777102947235107,1.275447130203247,0.024413801729679108,188,6.828325085855697e-08
5804,0.9882493615150452,0.011750638484954834,1.2830840349197388,0.024463973939418793,188,6.828325085855697e-08
5805,0.9883987307548523,0.011601269245147705,1.2713679075241089,0.02419893443584442,188,6.828325085855697e-08
5806,0.9884123206138611,0.011587679386138916,1.2726802825927734,0.024198604747653008,188,6.828325085855697e-08
5807,0.9881907105445862,0.011809289455413818,1.2596166133880615,0.024287361651659012,188,6.828325085855697e-08
5808,0.9885969758033752,0.011403024196624756,1.280742883682251,0.024096421897411346,188,6.828325085855697e-08
5809,0.9884058833122253,0.011594116687774658,1.2538825273513794,0.024017000570893288,188,6.828325085855697e-08
5810,0.9883578419685364,0.011642158031463623,1.2630383968353271,0.0241561196744442,188,6.828325085855697e-08
5811,0.9886963963508606,0.011303603649139404,1.2723122835159302,0.023913690820336342,188,6.828325085855697e-08
5812,0.9883933663368225,0.01160663366317749,1.25565505027771,0.024047117680311203,188,6.828325085855697e-08
5813,0.9880986213684082,0.011901378631591797,1.2869454622268677,0.024651817977428436,188,6.828325085855697e-08
5814,0.9886687397956848,0.011331260204315186,1.274312138557434,0.02396106906235218,188,6.828325085855697e-08
5815,0.9884303212165833,0.011569678783416748,1.2537193298339844,0.0239911749958992,188,6.828325085855697e-08
5816,0.9881678819656372,0.011832118034362793,1.2804890871047974,0.024518687278032303,188,6.828325085855697e-08
5817,0.9883120656013489,0.011687934398651123,1.2770836353302002,0.024341892451047897,188,6.828325085855697e-08
5818,0.988377034664154,0.011622965335845947,1.2620009183883667,0.024126743897795677,188,6.828325085855697e-08
5819,0.9884366393089294,0.011563360691070557,1.2656692266464233,0.024104420095682144,188,6.828325085855697e-08
5820,0.9882652163505554,0.01173478364944458,1.2734887599945068,0.02435232326388359,188,6.828325085855697e-08
5821,0.98862624168396,0.011373758316040039,1.2723212242126465,0.02398323267698288,188,6.828325085855697e-08
5822,0.9877342581748962,0.01226574182510376,1.261966586112976,0.024762749671936035,188,6.828325085855697e-08
5823,0.988534688949585,0.011465311050415039,1.2563949823379517,0.023914607241749763,188,6.828325085855697e-08
5824,0.9883717894554138,0.011628210544586182,1.269061803817749,0.02420254610478878,188,6.828325085855697e-08
5825,0.9886948466300964,0.011305153369903564,1.2763078212738037,0.02395518124103546,188,6.828325085855697e-08
5826,0.9885033965110779,0.01149660348892212,1.272007942199707,0.02410171553492546,188,6.828325085855697e-08
5827,0.9883029460906982,0.011697053909301758,1.259786605834961,0.024177949875593185,188,6.828325085855697e-08
5828,0.9883968234062195,0.011603176593780518,1.2590049505233765,0.024077193811535835,189,6.486908831562912e-08
5829,0.9885395169258118,0.011460483074188232,1.2681409120559692,0.02402728796005249,189,6.486908831562912e-08
5830,0.9887905716896057,0.011209428310394287,1.2673742771148682,0.023771077394485474,189,6.486908831562912e-08
5831,0.9884840250015259,0.011515974998474121,1.2719796895980835,0.02412061206996441,189,6.486908831562912e-08
5832,0.9883802533149719,0.011619746685028076,1.2898741960525513,0.02440229058265686,189,6.486908831562912e-08
5833,0.9885684251785278,0.011431574821472168,1.259362816810608,0.02391088753938675,189,6.486908831562912e-08
5834,0.9882600903511047,0.011739909648895264,1.273903727531433,0.024361547082662582,189,6.486908831562912e-08
5835,0.988351047039032,0.011648952960968018,1.2755662202835083,0.024288125336170197,189,6.486908831562912e-08
5836,0.9883801937103271,0.011619806289672852,1.2682806253433228,0.02418641373515129,189,6.486908831562912e-08
5837,0.9880253672599792,0.011974632740020752,1.2618558406829834,0.024473443627357483,189,6.486908831562912e-08
5838,0.9885318875312805,0.011468112468719482,1.2686731815338135,0.024040162563323975,189,6.486908831562912e-08
5839,0.9881941676139832,0.011805832386016846,1.2668938636779785,0.02435671165585518,189,6.486908831562912e-08
5840,0.9882823824882507,0.011717617511749268,1.2737172842025757,0.024337613955140114,189,6.486908831562912e-08
5841,0.9885700345039368,0.011429965496063232,1.2836360931396484,0.02415202558040619,189,6.486908831562912e-08
5842,0.9882198572158813,0.011780142784118652,1.2715826034545898,0.02437816746532917,189,6.486908831562912e-08
5843,0.9885697960853577,0.011430203914642334,1.2700426578521729,0.024016328155994415,189,6.486908831562912e-08
5844,0.9886861443519592,0.011313855648040771,1.253279447555542,0.023733511567115784,189,6.486908831562912e-08
5845,0.9881789088249207,0.011821091175079346,1.2719597816467285,0.024422477930784225,189,6.486908831562912e-08
5846,0.9881594181060791,0.011840581893920898,1.2626839876174927,0.024349015206098557,189,6.486908831562912e-08
5847,0.9881597757339478,0.011840224266052246,1.2699605226516724,0.02442142739892006,189,6.486908831562912e-08
5848,0.9882708191871643,0.011729180812835693,1.2713909149169922,0.024325799196958542,189,6.486908831562912e-08
5849,0.9885061979293823,0.011493802070617676,1.2870044708251953,0.024248909205198288,189,6.486908831562912e-08
5850,0.9885215163230896,0.0114784836769104,1.2719212770462036,0.024082910269498825,189,6.486908831562912e-08
5851,0.9883132576942444,0.011686742305755615,1.2696342468261719,0.024266216903924942,189,6.486908831562912e-08
5852,0.9884099364280701,0.011590063571929932,1.2670369148254395,0.024144532158970833,189,6.486908831562912e-08
5853,0.9880649447441101,0.011935055255889893,1.264007806777954,0.024455782026052475,189,6.486908831562912e-08
5854,0.9884850382804871,0.01151496171951294,1.2717328071594238,0.024117140099406242,189,6.486908831562912e-08
5855,0.9883707165718079,0.011629283428192139,1.2631645202636719,0.02414463460445404,189,6.486908831562912e-08
5856,0.9883775115013123,0.011622488498687744,1.281556487083435,0.02432182803750038,189,6.486908831562912e-08
5857,0.988213837146759,0.011786162853240967,1.279678225517273,0.024465084075927734,189,6.486908831562912e-08
5858,0.9883518815040588,0.011648118495941162,1.2588489055633545,0.02412012591958046,189,6.486908831562912e-08
5859,0.9884712100028992,0.01152878999710083,1.267565369606018,0.024089155718684196,190,6.162563389984765e-08
5860,0.9879412055015564,0.012058794498443604,1.255144715309143,0.02448965236544609,190,6.162563389984765e-08
5861,0.9882525205612183,0.011747479438781738,1.2682783603668213,0.024312788620591164,190,6.162563389984765e-08
5862,0.9881325960159302,0.011867403984069824,1.2699719667434692,0.024448450654745102,190,6.162563389984765e-08
5863,0.9881138205528259,0.011886179447174072,1.2768279314041138,0.02453559637069702,190,6.162563389984765e-08
5864,0.9884099960327148,0.011590003967285156,1.2661343812942505,0.024135448038578033,190,6.162563389984765e-08
5865,0.9879053831100464,0.012094616889953613,1.270940899848938,0.02468308061361313,190,6.162563389984765e-08
5866,0.9886922240257263,0.011307775974273682,1.2872743606567383,0.02406744286417961,190,6.162563389984765e-08
5867,0.9887015223503113,0.01129847764968872,1.271329402923584,0.023898787796497345,190,6.162563389984765e-08
5868,0.9887174367904663,0.011282563209533691,1.2629081010818481,0.02379881963133812,190,6.162563389984765e-08
5869,0.9886063933372498,0.011393606662750244,1.2606773376464844,0.02388644404709339,190,6.162563389984765e-08
5870,0.9881575107574463,0.011842489242553711,1.2647876739501953,0.02437194064259529,190,6.162563389984765e-08
5871,0.988575279712677,0.011424720287322998,1.2699872255325317,0.024010345339775085,190,6.162563389984765e-08
5872,0.9890721440315247,0.010927855968475342,1.273612141609192,0.023554697632789612,190,6.162563389984765e-08
5873,0.9884793162345886,0.011520683765411377,1.2746334075927734,0.024151811376214027,190,6.162563389984765e-08
5874,0.9883230328559875,0.011676967144012451,1.281702995300293,0.02437722682952881,190,6.162563389984765e-08
5875,0.9882839322090149,0.011716067790985107,1.2670097351074219,0.02426900342106819,190,6.162563389984765e-08
5876,0.9883641004562378,0.011635899543762207,1.259775161743164,0.02411729097366333,190,6.162563389984765e-08
5877,0.9879336357116699,0.012066364288330078,1.2771953344345093,0.024717655032873154,190,6.162563389984765e-08
5878,0.9883388876914978,0.011661112308502197,1.2648905515670776,0.024193406105041504,190,6.162563389984765e-08
5879,0.9882439970970154,0.01175600290298462,1.260056495666504,0.024239007383584976,190,6.162563389984765e-08
5880,0.9885810017585754,0.01141899824142456,1.2600891590118408,0.02390570007264614,190,6.162563389984765e-08
5881,0.9883050918579102,0.011694908142089844,1.3071104288101196,0.024649063125252724,190,6.162563389984765e-08
5882,0.9880433082580566,0.01195669174194336,1.2668622732162476,0.024505747482180595,190,6.162563389984765e-08
5883,0.988019585609436,0.011980414390563965,1.269482135772705,0.024555429816246033,190,6.162563389984765e-08
5884,0.9881322383880615,0.011867761611938477,1.2707372903823853,0.024456456303596497,190,6.162563389984765e-08
5885,0.9882320165634155,0.011767983436584473,1.2766954898834229,0.02441725879907608,190,6.162563389984765e-08
5886,0.9885292649269104,0.0114707350730896,1.2586168050765991,0.023942194879055023,190,6.162563389984765e-08
5887,0.9886203408241272,0.011379659175872803,1.2797349691390991,0.02406321093440056,190,6.162563389984765e-08
5888,0.9886370301246643,0.011362969875335693,1.2750639915466309,0.023999979719519615,190,6.162563389984765e-08
5889,0.9887204766273499,0.011279523372650146,1.2546005249023438,0.023712731897830963,190,6.162563389984765e-08
5890,0.9882943034172058,0.01170569658279419,1.2684681415557861,0.02427332103252411,191,5.854435220485527e-08
5891,0.9883347153663635,0.011665284633636475,1.2685965299606323,0.024234596639871597,191,5.854435220485527e-08
5892,0.9881883859634399,0.011811614036560059,1.26241135597229,0.024317611008882523,191,5.854435220485527e-08
5893,0.9883312582969666,0.011668741703033447,1.2844195365905762,0.024396248161792755,191,5.854435220485527e-08
5894,0.9883376955986023,0.011662304401397705,1.274675965309143,0.024292441084980965,191,5.854435220485527e-08
5895,0.9886025786399841,0.01139742136001587,1.2770094871520996,0.0240535419434309,191,5.854435220485527e-08
5896,0.9885219931602478,0.011478006839752197,1.2545294761657715,0.023908521980047226,191,5.854435220485527e-08
5897,0.9879807233810425,0.01201927661895752,1.2648640871047974,0.024547724053263664,191,5.854435220485527e-08
5898,0.9883598685264587,0.01164013147354126,1.2759016752243042,0.024282746016979218,191,5.854435220485527e-08
5899,0.9881078600883484,0.011892139911651611,1.2655140161514282,0.024428358301520348,191,5.854435220485527e-08
5900,0.9888971447944641,0.011102855205535889,1.2840797901153564,0.023832622915506363,191,5.854435220485527e-08
5901,0.9882572293281555,0.011742770671844482,1.2785297632217407,0.024410638958215714,191,5.854435220485527e-08
5902,0.9882130026817322,0.011786997318267822,1.2811005115509033,0.02448013238608837,191,5.854435220485527e-08
5903,0.9882572293281555,0.011742770671844482,1.269326090812683,0.024318603798747063,191,5.854435220485527e-08
5904,0.9884089231491089,0.011591076850891113,1.2843246459960938,0.024318411946296692,191,5.854435220485527e-08
5905,0.9882824420928955,0.011717557907104492,1.2880785465240479,0.024481168016791344,191,5.854435220485527e-08
5906,0.9889523983001709,0.011047601699829102,1.2654865980148315,0.023591991513967514,191,5.854435220485527e-08
5907,0.9881545305252075,0.01184546947479248,1.2699342966079712,0.024426355957984924,191,5.854435220485527e-08
5908,0.9882529973983765,0.011747002601623535,1.2627184391021729,0.024256717413663864,191,5.854435220485527e-08
5909,0.9879235029220581,0.012076497077941895,1.2666327953338623,0.024622060358524323,191,5.854435220485527e-08
5910,0.9886659979820251,0.011334002017974854,1.248473882675171,0.02370540052652359,191,5.854435220485527e-08
5911,0.9883198142051697,0.011680185794830322,1.2718456983566284,0.02428184077143669,191,5.854435220485527e-08
5912,0.9884606599807739,0.011539340019226074,1.2623674869537354,0.024047620594501495,191,5.854435220485527e-08
5913,0.9886196851730347,0.011380314826965332,1.2537105083465576,0.02380361780524254,191,5.854435220485527e-08
5914,0.9881196618080139,0.011880338191986084,1.2847414016723633,0.024608947336673737,191,5.854435220485527e-08
5915,0.9883900284767151,0.011609971523284912,1.2639232873916626,0.0241331048309803,191,5.854435220485527e-08
5916,0.9881372451782227,0.011862754821777344,1.2644555568695068,0.02438868209719658,191,5.854435220485527e-08
5917,0.9885047078132629,0.01149529218673706,1.277258038520813,0.02415291965007782,191,5.854435220485527e-08
5918,0.9884124398231506,0.011587560176849365,1.2674615383148193,0.024146299809217453,191,5.854435220485527e-08
5919,0.9884128570556641,0.011587142944335938,1.25017511844635,0.023973021656274796,191,5.854435220485527e-08
5920,0.989151120185852,0.01084887981414795,1.287278413772583,0.02361317351460457,191,5.854435220485527e-08
5921,0.9881272315979004,0.01187276840209961,1.2695930004119873,0.024449970573186874,192,5.56171345946125e-08
5922,0.9881845116615295,0.011815488338470459,1.2620680332183838,0.024318013340234756,192,5.56171345946125e-08
5923,0.9882056713104248,0.011794328689575195,1.2793042659759521,0.02446942776441574,192,5.56171345946125e-08
5924,0.9884638786315918,0.011536121368408203,1.2654849290847778,0.02407560870051384,192,5.56171345946125e-08
5925,0.9885079860687256,0.011492013931274414,1.2831465005874634,0.024208558723330498,192,5.56171345946125e-08
5926,0.9886983633041382,0.011301636695861816,1.2558844089508057,0.023747464641928673,192,5.56171345946125e-08
5927,0.9882903695106506,0.011709630489349365,1.271476149559021,0.02430729568004608,192,5.56171345946125e-08
5928,0.9884702563285828,0.011529743671417236,1.256496548652649,0.023979410529136658,192,5.56171345946125e-08
5929,0.9884250164031982,0.011574983596801758,1.2762888669967651,0.024222122505307198,192,5.56171345946125e-08
5930,0.9887109398841858,0.011289060115814209,1.2679328918457031,0.02385549806058407,192,5.56171345946125e-08
5931,0.9881572127342224,0.011842787265777588,1.2780468463897705,0.024504827335476875,192,5.56171345946125e-08
5932,0.9882088899612427,0.011791110038757324,1.282475471496582,0.024497952312231064,192,5.56171345946125e-08
5933,0.9884912967681885,0.011508703231811523,1.265799880027771,0.024051614105701447,192,5.56171345946125e-08
5934,0.98850417137146,0.011495828628540039,1.2835931777954102,0.024216800928115845,192,5.56171345946125e-08
5935,0.988766610622406,0.011233389377593994,1.2611327171325684,0.02373238280415535,192,5.56171345946125e-08
5936,0.9883076548576355,0.011692345142364502,1.2610113620758057,0.024185534566640854,192,5.56171345946125e-08
5937,0.9880121350288391,0.011987864971160889,1.2747688293457031,0.02461567521095276,192,5.56171345946125e-08
5938,0.9882736206054688,0.01172637939453125,1.2644574642181396,0.024253688752651215,192,5.56171345946125e-08
5939,0.9883697628974915,0.011630237102508545,1.272072672843933,0.02423465996980667,192,5.56171345946125e-08
5940,0.9884558916091919,0.011544108390808105,1.2774097919464111,0.02420276403427124,192,5.56171345946125e-08
5941,0.9882450103759766,0.011754989624023438,1.2730002403259277,0.0243674423545599,192,5.56171345946125e-08
5942,0.9884141087532043,0.011585891246795654,1.267256736755371,0.02414260059595108,192,5.56171345946125e-08
5943,0.9880779385566711,0.011922061443328857,1.264423131942749,0.02444707229733467,192,5.56171345946125e-08
5944,0.9884679913520813,0.011532008647918701,1.274265170097351,0.02415934018790722,192,5.56171345946125e-08
5945,0.9886765480041504,0.01132345199584961,1.2742749452590942,0.023952966555953026,192,5.56171345946125e-08
5946,0.9886894226074219,0.011310577392578125,1.2693860530853271,0.023891333490610123,192,5.56171345946125e-08
5947,0.9882763028144836,0.011723697185516357,1.266058325767517,0.0242670439183712,192,5.56171345946125e-08
5948,0.9885151386260986,0.011484861373901367,1.2794520854949951,0.024164533242583275,192,5.56171345946125e-08
5949,0.9883848428726196,0.011615157127380371,1.2673200368881226,0.024172205477952957,192,5.56171345946125e-08
5950,0.9881598949432373,0.011840105056762695,1.2673722505569458,0.024395426735281944,192,5.56171345946125e-08
5951,0.9880080223083496,0.01199197769165039,1.2655470371246338,0.024527527391910553,192,5.56171345946125e-08
5952,0.9882985353469849,0.011701464653015137,1.266018033027649,0.024244630709290504,193,5.2836277864881873e-08
5953,0.9883455634117126,0.011654436588287354,1.273571252822876,0.024273604154586792,193,5.2836277864881873e-08
5954,0.98824542760849,0.01175457239151001,1.2737253904342651,0.024374280124902725,193,5.2836277864881873e-08
5955,0.9881869554519653,0.011813044548034668,1.285646915435791,0.024551384150981903,193,5.2836277864881873e-08
5956,0.9884796142578125,0.0115203857421875,1.2649574279785156,0.0240547563880682,193,5.2836277864881873e-08
5957,0.9884759783744812,0.011524021625518799,1.2613078355789185,0.02402186021208763,193,5.2836277864881873e-08
5958,0.9878446459770203,0.012155354022979736,1.2740564346313477,0.02477436512708664,193,5.2836277864881873e-08
5959,0.9883537888526917,0.01164621114730835,1.2645524740219116,0.02417527325451374,193,5.2836277864881873e-08
5960,0.9881672263145447,0.011832773685455322,1.2585645914077759,0.024300090968608856,193,5.2836277864881873e-08
5961,0.9884973764419556,0.011502623558044434,1.2688769102096558,0.024076366797089577,193,5.2836277864881873e-08
5962,0.9885509610176086,0.011449038982391357,1.2827255725860596,0.02416180446743965,193,5.2836277864881873e-08
5963,0.9884105324745178,0.011589467525482178,1.2735378742218018,0.024208951741456985,193,5.2836277864881873e-08
5964,0.9884663224220276,0.011533677577972412,1.2591902017593384,0.024010242894291878,193,5.2836277864881873e-08
5965,0.9883244037628174,0.011675596237182617,1.2673503160476685,0.024232342839241028,193,5.2836277864881873e-08
5966,0.9886451363563538,0.01135486364364624,1.2547283172607422,0.02378859743475914,193,5.2836277864881873e-08
5967,0.9883796572685242,0.01162034273147583,1.2738068103790283,0.024242207407951355,193,5.2836277864881873e-08
5968,0.9880832433700562,0.011916756629943848,1.2604138851165771,0.024401728063821793,193,5.2836277864881873e-08
5969,0.9885914921760559,0.011408507823944092,1.2728707790374756,0.024023130536079407,193,5.2836277864881873e-08
5970,0.9884645938873291,0.011535406112670898,1.2659037113189697,0.024079088121652603,193,5.2836277864881873e-08
5971,0.988153874874115,0.01184612512588501,1.2687116861343384,0.024414781481027603,193,5.2836277864881873e-08
5972,0.9884207844734192,0.01157921552658081,1.2798218727111816,0.02426164224743843,193,5.2836277864881873e-08
5973,0.9882583618164062,0.01174163818359375,1.27363920211792,0.02436061203479767,193,5.2836277864881873e-08
5974,0.9887065291404724,0.011293470859527588,1.2730000019073486,0.023910535499453545,193,5.2836277864881873e-08
5975,0.9886587262153625,0.011341273784637451,1.2575420141220093,0.023803280666470528,193,5.2836277864881873e-08
5976,0.9879873394966125,0.012012660503387451,1.2742407321929932,0.024634940549731255,193,5.2836277864881873e-08
5977,0.9887006878852844,0.011299312114715576,1.2575374841690063,0.023761693388223648,193,5.2836277864881873e-08
5978,0.9879758954048157,0.012024104595184326,1.2725648880004883,0.024629510939121246,193,5.2836277864881873e-08
5979,0.9879873991012573,0.012012600898742676,1.2694613933563232,0.02458708919584751,193,5.2836277864881873e-08
5980,0.988598108291626,0.011401891708374023,1.2795604467391968,0.02408347651362419,193,5.2836277864881873e-08
5981,0.988712728023529,0.011287271976470947,1.2888652086257935,0.024063050746917725,193,5.2836277864881873e-08
5982,0.988588273525238,0.011411726474761963,1.2877593040466309,0.02417520247399807,193,5.2836277864881873e-08
5983,0.9885943531990051,0.011405646800994873,1.2682782411575317,0.023974373936653137,194,5.019446397163778e-08
5984,0.9883585572242737,0.011641442775726318,1.264525055885315,0.024170279502868652,194,5.019446397163778e-08
5985,0.9885144233703613,0.011485576629638672,1.2769417762756348,0.024140138179063797,194,5.019446397163778e-08
5986,0.9881426692008972,0.011857330799102783,1.2709861993789673,0.024448618292808533,194,5.019446397163778e-08
5987,0.9883363842964172,0.011663615703582764,1.272597074508667,0.024272950366139412,194,5.019446397163778e-08
5988,0.988703191280365,0.01129680871963501,1.2741472721099854,0.023925313726067543,194,5.019446397163778e-08
5989,0.9880783557891846,0.01192164421081543,1.2721420526504517,0.024523846805095673,194,5.019446397163778e-08
5990,0.988220751285553,0.011779248714447021,1.2826249599456787,0.024487704038619995,194,5.019446397163778e-08
5991,0.9885106682777405,0.011489331722259521,1.284124493598938,0.024215683341026306,194,5.019446397163778e-08
5992,0.988345205783844,0.011654794216156006,1.2651863098144531,0.024190109223127365,194,5.019446397163778e-08
5993,0.98824542760849,0.01175457239151001,1.2796869277954102,0.02443389594554901,194,5.019446397163778e-08
5994,0.988195538520813,0.011804461479187012,1.2704867124557495,0.024391284212470055,194,5.019446397163778e-08
5995,0.9881601929664612,0.011839807033538818,1.2755589485168457,0.024476997554302216,194,5.019446397163778e-08
5996,0.988404393196106,0.011595606803894043,1.2858792543411255,0.02433844283223152,194,5.019446397163778e-08
5997,0.9881095290184021,0.0118904709815979,1.2587352991104126,0.024358918890357018,194,5.019446397163778e-08
5998,0.9882030487060547,0.011796951293945312,1.2795493602752686,0.024474475532770157,194,5.019446397163778e-08
5999,0.9880638718605042,0.01193612813949585,1.2566943168640137,0.024383708834648132,194,5.019446397163778e-08
6000,0.9882546663284302,0.011745333671569824,1.2720900774002075,0.024348780512809753,194,5.019446397163778e-08
6001,0.988365888595581,0.011634111404418945,1.2646043300628662,0.024163812398910522,194,5.019446397163778e-08
6002,0.9886333346366882,0.011366665363311768,1.26296865940094,0.023882683366537094,194,5.019446397163778e-08
6003,0.9887992143630981,0.011200785636901855,1.2640410661697388,0.02372918836772442,194,5.019446397163778e-08
6004,0.9881175756454468,0.011882424354553223,1.269944190979004,0.024463042616844177,194,5.019446397163778e-08
6005,0.9886689186096191,0.01133108139038086,1.2596752643585205,0.023814523592591286,194,5.019446397163778e-08
6006,0.9885868430137634,0.011413156986236572,1.2634652853012085,0.02393367886543274,194,5.019446397163778e-08
6007,0.9885313510894775,0.011468648910522461,1.2601367235183716,0.0239553302526474,194,5.019446397163778e-08
6008,0.9881783723831177,0.011821627616882324,1.2678943872451782,0.02438235469162464,194,5.019446397163778e-08
6009,0.9884288907051086,0.011571109294891357,1.2580968141555786,0.024036366492509842,194,5.019446397163778e-08
6010,0.9887019395828247,0.011298060417175293,1.2634055614471436,0.02381913550198078,194,5.019446397163778e-08
6011,0.9885151386260986,0.011484861373901367,1.2890286445617676,0.024260297417640686,194,5.019446397163778e-08
6012,0.9881106019020081,0.011889398097991943,1.2781376838684082,0.024551881477236748,194,5.019446397163778e-08
6013,0.9884156584739685,0.011584341526031494,1.2606927156448364,0.024075426161289215,194,5.019446397163778e-08
6014,0.9884246587753296,0.01157534122467041,1.2670928239822388,0.02413051575422287,195,4.7684740773055885e-08
6015,0.9883281588554382,0.011671841144561768,1.2628237009048462,0.024183358997106552,195,4.7684740773055885e-08
6016,0.9884312152862549,0.011568784713745117,1.2605940103530884,0.024059036746621132,195,4.7684740773055885e-08
6017,0.9884481430053711,0.011551856994628906,1.2797632217407227,0.024233970791101456,195,4.7684740773055885e-08
6018,0.9880223870277405,0.011977612972259521,1.278835654258728,0.02464619278907776,195,4.7684740773055885e-08
6019,0.98903888463974,0.01096111536026001,1.2647278308868408,0.0234987810254097,195,4.7684740773055885e-08
6020,0.9885423183441162,0.011457681655883789,1.2534866333007812,0.02387797087430954,195,4.7684740773055885e-08
6021,0.9885396361351013,0.011460363864898682,1.2760815620422363,0.024106575176119804,195,4.7684740773055885e-08
6022,0.98851078748703,0.01148921251296997,1.2630490064620972,0.02400480955839157,195,4.7684740773055885e-08
6023,0.9883381128311157,0.011661887168884277,1.2659480571746826,0.02420474961400032,195,4.7684740773055885e-08
6024,0.9883937835693359,0.011606216430664062,1.2788169384002686,0.024278324097394943,195,4.7684740773055885e-08
6025,0.9883401393890381,0.011659860610961914,1.2673721313476562,0.02421698346734047,195,4.7684740773055885e-08
6026,0.9882844090461731,0.011715590953826904,1.278728723526001,0.02438572235405445,195,4.7684740773055885e-08
6027,0.9884161353111267,0.011583864688873291,1.2747372388839722,0.024215398356318474,195,4.7684740773055885e-08
6028,0.9884127974510193,0.011587202548980713,1.2703700065612793,0.02417502924799919,195,4.7684740773055885e-08
6029,0.9882229566574097,0.011777043342590332,1.2631535530090332,0.02429080754518509,195,4.7684740773055885e-08
6030,0.9884794354438782,0.011520564556121826,1.262268304824829,0.02402804046869278,195,4.7684740773055885e-08
6031,0.9881929755210876,0.011807024478912354,1.2570304870605469,0.024259258061647415,195,4.7684740773055885e-08
6032,0.988228976726532,0.011771023273468018,1.2672231197357178,0.024325544014573097,195,4.7684740773055885e-08
6033,0.9885097742080688,0.011490225791931152,1.268227219581604,0.024057596921920776,195,4.7684740773055885e-08
6034,0.9881144165992737,0.011885583400726318,1.2717781066894531,0.024484507739543915,195,4.7684740773055885e-08
6035,0.9884377717971802,0.011562228202819824,1.272390604019165,0.024170512333512306,195,4.7684740773055885e-08
6036,0.988517165184021,0.011482834815979004,1.2975043058395386,0.02434304915368557,195,4.7684740773055885e-08
6037,0.988399088382721,0.011600911617279053,1.2766244411468506,0.024251146242022514,195,4.7684740773055885e-08
6038,0.988584578037262,0.011415421962738037,1.274212121963501,0.024043388664722443,195,4.7684740773055885e-08
6039,0.9881388545036316,0.011861145496368408,1.2574727535247803,0.024317260831594467,195,4.7684740773055885e-08
6040,0.9882644414901733,0.01173555850982666,1.277358055114746,0.02439178340137005,195,4.7684740773055885e-08
6041,0.9881300330162048,0.011869966983795166,1.2662558555603027,0.0244138240814209,195,4.7684740773055885e-08
6042,0.9882636666297913,0.01173633337020874,1.2755078077316284,0.02437404729425907,195,4.7684740773055885e-08
6043,0.988362729549408,0.011637270450592041,1.2738676071166992,0.024259574711322784,195,4.7684740773055885e-08
6044,0.9882041811943054,0.01179581880569458,1.2735220193862915,0.024413079023361206,195,4.7684740773055885e-08
6045,0.988365888595581,0.011634111404418945,1.295578122138977,0.02447355166077614,196,4.530050373440309e-08
6046,0.9883242249488831,0.011675775051116943,1.2681727409362793,0.02424074336886406,196,4.530050373440309e-08
6047,0.9878652691841125,0.012134730815887451,1.2860578298568726,0.02487396076321602,196,4.530050373440309e-08
6048,0.9884332418441772,0.011566758155822754,1.2597687244415283,0.024048777297139168,196,4.530050373440309e-08
6049,0.9881032109260559,0.011896789073944092,1.2687329053878784,0.024465151131153107,196,4.530050373440309e-08
6050,0.9883812069892883,0.01161879301071167,1.2752835750579834,0.02425543963909149,196,4.530050373440309e-08
6051,0.9883604645729065,0.011639535427093506,1.256184697151184,0.024084987118840218,196,4.530050373440309e-08
6052,0.9883807897567749,0.011619210243225098,1.2845584154129028,0.024348601698875427,196,4.530050373440309e-08
6053,0.9884812831878662,0.011518716812133789,1.2734811305999756,0.02413834072649479,196,4.530050373440309e-08
6054,0.9884604215621948,0.011539578437805176,1.264039397239685,0.024064576253294945,196,4.530050373440309e-08
6055,0.9884548187255859,0.011545181274414062,1.2700780630111694,0.024130510166287422,196,4.530050373440309e-08
6056,0.9881919026374817,0.01180809736251831,1.2755500078201294,0.024445516988635063,196,4.530050373440309e-08
6057,0.9885859489440918,0.011414051055908203,1.2676752805709839,0.023976663127541542,196,4.530050373440309e-08
6058,0.9883919358253479,0.0116080641746521,1.2721220254898071,0.02421320229768753,196,4.530050373440309e-08
6059,0.988291323184967,0.011708676815032959,1.259975790977478,0.024191347882151604,196,4.530050373440309e-08
6060,0.988383412361145,0.01161658763885498,1.2566205263137817,0.024066627025604248,196,4.530050373440309e-08
6061,0.9884625673294067,0.011537432670593262,1.274406909942627,0.024166127666831017,196,4.530050373440309e-08
6062,0.9882150888442993,0.011784911155700684,1.2703237533569336,0.02437029965221882,196,4.530050373440309e-08
6063,0.9882495403289795,0.011750459671020508,1.2608513832092285,0.02424146980047226,196,4.530050373440309e-08
6064,0.9881839156150818,0.011816084384918213,1.2657818794250488,0.02435574308037758,196,4.530050373440309e-08
6065,0.9882957339286804,0.01170426607131958,1.2710292339324951,0.02429751679301262,196,4.530050373440309e-08
6066,0.988334596157074,0.011665403842926025,1.2670701742172241,0.0242194514721632,196,4.530050373440309e-08
6067,0.9883223176002502,0.011677682399749756,1.2769896984100342,0.024330802261829376,196,4.530050373440309e-08
6068,0.9886264204978943,0.011373579502105713,1.2657644748687744,0.023917488753795624,196,4.530050373440309e-08
6069,0.9879888296127319,0.012011170387268066,1.2766566276550293,0.02465762570500374,196,4.530050373440309e-08
6070,0.9885491132736206,0.011450886726379395,1.2694945335388184,0.024031322449445724,196,4.530050373440309e-08
6071,0.9886249303817749,0.011375069618225098,1.2634737491607666,0.023896057158708572,196,4.530050373440309e-08
6072,0.9887170791625977,0.011282920837402344,1.2569127082824707,0.023739218711853027,196,4.530050373440309e-08
6073,0.9884802103042603,0.011519789695739746,1.269031286239624,0.024094903841614723,196,4.530050373440309e-08
6074,0.9886319637298584,0.011368036270141602,1.283846139907837,0.024092817679047585,196,4.530050373440309e-08
6075,0.988549530506134,0.011450469493865967,1.265636682510376,0.023992331698536873,196,4.530050373440309e-08
6076,0.9888733625411987,0.01112663745880127,1.2724133729934692,0.02373950555920601,197,4.3035478547682935e-08
6077,0.9885591864585876,0.011440813541412354,1.2602596282958984,0.02392899990081787,197,4.3035478547682935e-08
6078,0.9886313676834106,0.011368632316589355,1.2740881443023682,0.02399582788348198,197,4.3035478547682935e-08
6079,0.9883900880813599,0.011609911918640137,1.266664743423462,0.024160459637641907,197,4.3035478547682935e-08
6080,0.9887173175811768,0.011282682418823242,1.266540288925171,0.023835256695747375,197,4.3035478547682935e-08
6081,0.9884096384048462,0.011590361595153809,1.2597575187683105,0.024072032421827316,197,4.3035478547682935e-08
6082,0.988061249256134,0.011938750743865967,1.2610085010528564,0.024429447948932648,197,4.3035478547682935e-08
6083,0.9880825877189636,0.011917412281036377,1.2664828300476074,0.024463066831231117,197,4.3035478547682935e-08
6084,0.9882168173789978,0.011783182621002197,1.279595971107483,0.024461310356855392,197,4.3035478547682935e-08
6085,0.9884742498397827,0.011525750160217285,1.2698806524276733,0.02410929836332798,197,4.3035478547682935e-08
6086,0.9881975054740906,0.011802494525909424,1.2645339965820312,0.024329809471964836,197,4.3035478547682935e-08
6087,0.9884296655654907,0.011570334434509277,1.2823472023010254,0.024278104305267334,197,4.3035478547682935e-08
6088,0.988543689250946,0.011456310749053955,1.2700220346450806,0.02404196746647358,197,4.3035478547682935e-08
6089,0.9881852269172668,0.011814773082733154,1.2792454957962036,0.024489080533385277,197,4.3035478547682935e-08
6090,0.98821622133255,0.011783778667449951,1.2671113014221191,0.024337053298950195,197,4.3035478547682935e-08
6091,0.9882752895355225,0.011724710464477539,1.2678442001342773,0.024285905063152313,197,4.3035478547682935e-08
6092,0.9880977869033813,0.011902213096618652,1.2816388607025146,0.024599578231573105,197,4.3035478547682935e-08
6093,0.9883763790130615,0.011623620986938477,1.2743338346481323,0.02425072342157364,197,4.3035478547682935e-08
6094,0.9884862899780273,0.011513710021972656,1.2685023546218872,0.024083595722913742,197,4.3035478547682935e-08
6095,0.9880723357200623,0.011927664279937744,1.2748967409133911,0.024557355791330338,197,4.3035478547682935e-08
6096,0.988499641418457,0.011500358581542969,1.2625645399093628,0.024011000990867615,197,4.3035478547682935e-08
6097,0.988315224647522,0.011684775352478027,1.264022707939148,0.024208154529333115,197,4.3035478547682935e-08
6098,0.9881771802902222,0.011822819709777832,1.266252875328064,0.02436712011694908,197,4.3035478547682935e-08
6099,0.9885362982749939,0.011463701725006104,1.2740943431854248,0.024090008810162544,197,4.3035478547682935e-08
6100,0.9886798858642578,0.011320114135742188,1.2628257274627686,0.02383517101407051,197,4.3035478547682935e-08
6101,0.9886614680290222,0.011338531970977783,1.2730698585510254,0.023955844342708588,197,4.3035478547682935e-08
6102,0.988251268863678,0.011748731136322021,1.2732692956924438,0.024363936856389046,197,4.3035478547682935e-08
6103,0.9882864952087402,0.011713504791259766,1.2972782850265503,0.024569151923060417,197,4.3035478547682935e-08
6104,0.9883580803871155,0.011641919612884521,1.2608132362365723,0.024133633822202682,197,4.3035478547682935e-08
6105,0.9883409738540649,0.011659026145935059,1.2669464349746704,0.02421189844608307,197,4.3035478547682935e-08
6106,0.9882020950317383,0.011797904968261719,1.2661679983139038,0.024341605603694916,197,4.3035478547682935e-08
6107,0.9885055422782898,0.011494457721710205,1.2621688842773438,0.02400120161473751,198,4.0883704620298786e-08
6108,0.9883474707603455,0.011652529239654541,1.2858198881149292,0.0243942029774189,198,4.0883704620298786e-08
6109,0.9881594777107239,0.011840522289276123,1.273159384727478,0.02445371076464653,198,4.0883704620298786e-08
6110,0.988338828086853,0.011661171913146973,1.2717164754867554,0.024261724203824997,198,4.0883704620298786e-08
6111,0.9884284734725952,0.011571526527404785,1.266837477684021,0.024124186486005783,198,4.0883704620298786e-08
6112,0.9884656667709351,0.011534333229064941,1.2591744661331177,0.024010734632611275,198,4.0883704620298786e-08
6113,0.988665759563446,0.011334240436553955,1.2656254768371582,0.023877153173089027,198,4.0883704620298786e-08
6114,0.9882037043571472,0.011796295642852783,1.2700505256652832,0.024378836154937744,198,4.0883704620298786e-08
6115,0.9882979989051819,0.011702001094818115,1.2900049686431885,0.02448503114283085,198,4.0883704620298786e-08
6116,0.9884195923805237,0.011580407619476318,1.2814652919769287,0.02427925541996956,198,4.0883704620298786e-08
6117,0.9885039925575256,0.011496007442474365,1.2757587432861328,0.024138635024428368,198,4.0883704620298786e-08
6118,0.9881817698478699,0.011818230152130127,1.2672648429870605,0.02437269687652588,198,4.0883704620298786e-08
6119,0.9884474873542786,0.011552512645721436,1.281951665878296,0.024256505072116852,198,4.0883704620298786e-08
6120,0.9879568219184875,0.012043178081512451,1.276892900466919,0.02469167485833168,198,4.0883704620298786e-08
6121,0.988182008266449,0.011817991733551025,1.2661263942718506,0.024361073970794678,198,4.0883704620298786e-08
6122,0.9886786937713623,0.011321306228637695,1.2499089241027832,0.023707183077931404,198,4.0883704620298786e-08
6123,0.9886687994003296,0.01133120059967041,1.2698802947998047,0.023916691541671753,198,4.0883704620298786e-08
6124,0.9883540272712708,0.011645972728729248,1.2680301666259766,0.02420981414616108,198,4.0883704620298786e-08
6125,0.988246500492096,0.011753499507904053,1.265953540802002,0.024295499548316002,198,4.0883704620298786e-08
6126,0.9888126850128174,0.011187314987182617,1.248500108718872,0.02356044203042984,198,4.0883704620298786e-08
6127,0.9881592988967896,0.01184070110321045,1.269948124885559,0.024421775713562965,198,4.0883704620298786e-08
6128,0.9883600473403931,0.011639952659606934,1.2596757411956787,0.024120310321450233,198,4.0883704620298786e-08
6129,0.9883778095245361,0.011622190475463867,1.2631893157958984,0.024137862026691437,198,4.0883704620298786e-08
6130,0.9883106350898743,0.011689364910125732,1.2778921127319336,0.024351391941308975,198,4.0883704620298786e-08
6131,0.9883286952972412,0.011671304702758789,1.2810420989990234,0.024365011602640152,198,4.0883704620298786e-08
6132,0.9880409836769104,0.0119590163230896,1.2684506177902222,0.024523932486772537,198,4.0883704620298786e-08
6133,0.988490879535675,0.011509120464324951,1.2829879522323608,0.02422390878200531,198,4.0883704620298786e-08
6134,0.9884483814239502,0.011551618576049805,1.2610970735549927,0.02404707297682762,198,4.0883704620298786e-08
6135,0.9885697364807129,0.01143026351928711,1.264620304107666,0.02396216429769993,198,4.0883704620298786e-08
6136,0.9885277152061462,0.01147228479385376,1.2689573764801025,0.024047136306762695,198,4.0883704620298786e-08
6137,0.9879387617111206,0.012061238288879395,1.2807968854904175,0.02474859543144703,198,4.0883704620298786e-08
6138,0.9879014492034912,0.012098550796508789,1.282626986503601,0.02480383589863777,199,3.883951938928385e-08
6139,0.9885249733924866,0.011475026607513428,1.2691782712936401,0.024052059277892113,199,3.883951938928385e-08
6140,0.9883608818054199,0.011639118194580078,1.275830864906311,0.024281036108732224,199,3.883951938928385e-08
6141,0.9887043237686157,0.011295676231384277,1.2660971879959106,0.023843690752983093,199,3.883951938928385e-08
6142,0.9884305596351624,0.011569440364837646,1.2691665887832642,0.02414541132748127,199,3.883951938928385e-08
6143,0.988003671169281,0.011996328830718994,1.2652068138122559,0.02452843263745308,199,3.883951938928385e-08
6144,0.9884048104286194,0.011595189571380615,1.2861350774765015,0.024340588599443436,199,3.883951938928385e-08
6145,0.9882898926734924,0.011710107326507568,1.2675769329071045,0.024268776178359985,199,3.883951938928385e-08
6146,0.9886689186096191,0.01133108139038086,1.261873483657837,0.02383650466799736,199,3.883951938928385e-08
6147,0.988224983215332,0.011775016784667969,1.27616548538208,0.024418920278549194,199,3.883951938928385e-08
6148,0.9886857271194458,0.0113142728805542,1.2779991626739502,0.02398112043738365,199,3.883951938928385e-08
6149,0.9882717728614807,0.011728227138519287,1.2686043977737427,0.024296987801790237,199,3.883951938928385e-08
6150,0.9885027408599854,0.011497259140014648,1.2757571935653687,0.024139858782291412,199,3.883951938928385e-08
6151,0.9883402585983276,0.011659741401672363,1.2684731483459473,0.024227876216173172,199,3.883951938928385e-08
6152,0.9881545305252075,0.01184546947479248,1.2608561515808105,0.024335576221346855,199,3.883951938928385e-08
6153,0.9881818890571594,0.011818110942840576,1.2739721536636353,0.024439651519060135,199,3.883951938928385e-08
6154,0.9880147576332092,0.011985242366790771,1.273829698562622,0.02460368722677231,199,3.883951938928385e-08
6155,0.9884855151176453,0.011514484882354736,1.260748028755188,0.02400682121515274,199,3.883951938928385e-08
6156,0.9881876111030579,0.011812388896942139,1.2868952751159668,0.024563217535614967,199,3.883951938928385e-08
6157,0.9880333542823792,0.01196664571762085,1.2670842409133911,0.02451782114803791,199,3.883951938928385e-08
6158,0.988612949848175,0.011387050151824951,1.2821168899536133,0.024094348773360252,199,3.883951938928385e-08
6159,0.9887612462043762,0.01123875379562378,1.2779524326324463,0.023905890062451363,199,3.883951938928385e-08
6160,0.9884516000747681,0.011548399925231934,1.2585768699645996,0.024018684402108192,199,3.883951938928385e-08
6161,0.9882358908653259,0.011764109134674072,1.266939640045166,0.024315863847732544,199,3.883951938928385e-08
6162,0.9882429838180542,0.0117570161819458,1.2613918781280518,0.02425336465239525,199,3.883951938928385e-08
6163,0.9883230924606323,0.011676907539367676,1.2506086826324463,0.024066224694252014,199,3.883951938928385e-08
6164,0.9883092641830444,0.011690735816955566,1.2623202800750732,0.024197030812501907,199,3.883951938928385e-08
6165,0.9887287020683289,0.011271297931671143,1.2734555006027222,0.023893140256404877,199,3.883951938928385e-08
6166,0.9882572293281555,0.011742770671844482,1.2615458965301514,0.024240802973508835,199,3.883951938928385e-08
6167,0.9887219667434692,0.011278033256530762,1.2739665508270264,0.023904917761683464,199,3.883951938928385e-08
6168,0.9885717034339905,0.011428296566009521,1.2779648303985596,0.024093661457300186,199,3.883951938928385e-08
6169,0.9881687760353088,0.011831223964691162,1.2764647006988525,0.024477558210492134,200,3.689754341981965e-08
6170,0.9883254170417786,0.011674582958221436,1.2617518901824951,0.024175355210900307,200,3.689754341981965e-08
6171,0.9883073568344116,0.011692643165588379,1.2614737749099731,0.024190453812479973,200,3.689754341981965e-08
6172,0.9882920384407043,0.011707961559295654,1.2635959386825562,0.0242268405854702,200,3.689754341981965e-08
6173,0.9885138869285583,0.01148611307144165,1.285278081893921,0.02422403171658516,200,3.689754341981965e-08
6174,0.9880970120429993,0.011902987957000732,1.2715848684310913,0.024499807506799698,200,3.689754341981965e-08
6175,0.9884539246559143,0.011546075344085693,1.2551686763763428,0.023982301354408264,200,3.689754341981965e-08
6176,0.9881516695022583,0.0118483304977417,1.274229884147644,0.024472147226333618,200,3.689754341981965e-08
6177,0.9885815382003784,0.011418461799621582,1.2652757167816162,0.023957032710313797,200,3.689754341981965e-08
6178,0.9881976246833801,0.011802375316619873,1.259192705154419,0.024276278913021088,200,3.689754341981965e-08
6179,0.9881510138511658,0.011848986148834229,1.2648191452026367,0.024378687143325806,200,3.689754341981965e-08
6180,0.988655149936676,0.011344850063323975,1.269759178161621,0.023928992450237274,200,3.689754341981965e-08
6181,0.9884253144264221,0.01157468557357788,1.272755742073059,0.024186495691537857,200,3.689754341981965e-08
6182,0.9881935715675354,0.0118064284324646,1.266418218612671,0.0243525467813015,200,3.689754341981965e-08
6183,0.9881401062011719,0.011859893798828125,1.274951457977295,0.024490809068083763,200,3.689754341981965e-08
6184,0.9885720610618591,0.01142793893814087,1.283860683441162,0.02415226772427559,200,3.689754341981965e-08
6185,0.9884393215179443,0.011560678482055664,1.2713838815689087,0.024158909916877747,200,3.689754341981965e-08
6186,0.9883425831794739,0.011657416820526123,1.2694419622421265,0.024235263466835022,200,3.689754341981965e-08
6187,0.9886472225189209,0.011352777481079102,1.2664344310760498,0.02390359342098236,200,3.689754341981965e-08
6188,0.9879624247550964,0.012037575244903564,1.2691256999969482,0.02460845559835434,200,3.689754341981965e-08
6189,0.9881585836410522,0.011841416358947754,1.2867728471755981,0.024590730667114258,200,3.689754341981965e-08
6190,0.9884985089302063,0.011501491069793701,1.2714965343475342,0.024101441726088524,200,3.689754341981965e-08
6191,0.9887523651123047,0.011247634887695312,1.2491400241851807,0.023626558482646942,200,3.689754341981965e-08
6192,0.988008439540863,0.011991560459136963,1.2637324333190918,0.024508967995643616,200,3.689754341981965e-08
6193,0.9885477423667908,0.011452257633209229,1.2680573463439941,0.024018308147788048,200,3.689754341981965e-08
6194,0.9887895584106445,0.011210441589355469,1.2728615999221802,0.023826953023672104,200,3.689754341981965e-08
6195,0.9886220693588257,0.011377930641174316,1.2981336116790771,0.02424548752605915,200,3.689754341981965e-08
6196,0.9879328012466431,0.012067198753356934,1.274114966392517,0.02468767762184143,200,3.689754341981965e-08
6197,0.988544225692749,0.011455774307250977,1.2606717348098755,0.023947933688759804,200,3.689754341981965e-08
6198,0.9888080358505249,0.011191964149475098,1.280430555343628,0.023884348571300507,200,3.689754341981965e-08
6199,0.9881943464279175,0.01180565357208252,1.2616722583770752,0.02430431917309761,200,3.689754341981965e-08
