Step,dice,loss,fp,fn,tn,tp,fp_rate,fn_rate,fp_ratio,gv_ratio
0,0.9312259554862976,0.06877404451370239,106072.0,2610.0,16558395.0,110139.0,0.006365159992128611,0.023148763924837112,0.25047168135643005,0.5105469226837158
1,0.9310656785964966,0.06893432140350342,106479.0,2700.0,16557424.0,110613.0,0.006389799527823925,0.023827804252505302,0.24789884686470032,0.5054222345352173
2,0.9306830167770386,0.06931698322296143,108564.0,2610.0,16554108.0,111934.0,0.006515401415526867,0.022786004468798637,0.24698953330516815,0.5016459822654724
3,0.9307913780212402,0.06920862197875977,111625.0,2529.0,16549688.0,113374.0,0.006699651945382357,0.02181996963918209,0.24950769543647766,0.5029247999191284
4,0.9304050803184509,0.06959491968154907,113709.0,2453.0,16546458.0,114596.0,0.00682520167902112,0.020957035943865776,0.24979789555072784,0.5015443563461304
