scene,radius,d,backend,epochs,frames,dice_mean,loss_mean,fp_mean,fn_mean,fp_rate_mean,fn_rate_mean,fp_ratio_mean,gv_ratio_mean,infer_time_mean,infer_time_pure_mean,interleaver_time_mean,sparse_core_time_mean,deinterleaver_time_mean,peak_mem,density_mean,train_exp_dir,metrics_output_dir,timing_output_dir,predicted_pvv_folder,metrics_log,timing_log
bigcity,r30,8,fvdb,100,97,0.9908040006136157,0.009195999386384265,140349.56701030929,1138.1855670103093,0.008404640322455071,0.0143158564982532,0.3145195347132142,0.4878770205163464,32.039005498425546,27.91302872614728,0.21589264878518105,27.91302872614728,3.8103700434669125,369.30419921875,0.026570444254531075,"/var/tmp/atighedl_runs/NEURALPVS_MAY19_SYNTHETIC_100EP/fvdb_out/OACNNsInterleaved_synthetic_may19_r30_1000_t3000_dice,no_guess_20260521-015106_synthetic_may19_r30_fvdb_d8_b3_depth3_100ep_Gj9L3PP1",/var/tmp/atighedl_runs/final_all_inference_complete_100ep/fvdb_out/OACNNsInterleaved_final_infer_bigcity_r30_dice_20260523-221824_synthetic_may19_r30_fvdb_d8_b3_depth3_100ep-final_bigcity_r30_fvdb_d8_100ep_metrics_Fd4ClCIU,/var/tmp/atighedl_runs/final_all_inference_complete_100ep/fvdb_out/OACNNsInterleaved_final_infer_bigcity_r30_dice_20260523-221849_synthetic_may19_r30_fvdb_d8_b3_depth3_100ep-final_bigcity_r30_fvdb_d8_100ep_timing_VjuNtyly,/var/tmp/atighedl_runs/final_all_inference_complete_100ep/fvdb_out/OACNNsInterleaved_final_infer_bigcity_r30_dice_20260523-221824_synthetic_may19_r30_fvdb_d8_b3_depth3_100ep-final_bigcity_r30_fvdb_d8_100ep_metrics_Fd4ClCIU/inference/0,/var/tmp/atighedl_runs/final_all_inference_complete_100ep/logs/infer_bigcity_r30_fvdb_d8_100ep_metrics.log,/var/tmp/atighedl_runs/final_all_inference_complete_100ep/logs/infer_bigcity_r30_fvdb_d8_100ep_timing.log
industrial,r30,8,fvdb,100,459,0.9938204261212568,0.0061795738787432395,70282.95860566449,580.4400871459695,0.00420740104183014,0.007966292478511373,0.39806963857222744,0.8126657755806036,30.342745492375936,28.00581471697953,0.21604348170997886,28.00581471697953,1.9723199274337202,306.576171875,0.01051964972793147,"/var/tmp/atighedl_runs/NEURALPVS_MAY19_SYNTHETIC_100EP/fvdb_out/OACNNsInterleaved_synthetic_may19_r30_1000_t3000_dice,no_guess_20260521-015106_synthetic_may19_r30_fvdb_d8_b3_depth3_100ep_Gj9L3PP1",/var/tmp/atighedl_runs/final_all_inference_complete_100ep/fvdb_out/OACNNsInterleaved_final_infer_industrial_r30_dice_20260523-221929_synthetic_may19_r30_fvdb_d8_b3_depth3_100ep-final_industrial_r30_fvdb_d8_100ep_metrics_qXyTJFrt,/var/tmp/atighedl_runs/final_all_inference_complete_100ep/fvdb_out/OACNNsInterleaved_final_infer_industrial_r30_dice_20260523-222040_synthetic_may19_r30_fvdb_d8_b3_depth3_100ep-final_industrial_r30_fvdb_d8_100ep_timing_fRuwvQmh,/var/tmp/atighedl_runs/final_all_inference_complete_100ep/fvdb_out/OACNNsInterleaved_final_infer_industrial_r30_dice_20260523-221929_synthetic_may19_r30_fvdb_d8_b3_depth3_100ep-final_industrial_r30_fvdb_d8_100ep_metrics_qXyTJFrt/inference/0,/var/tmp/atighedl_runs/final_all_inference_complete_100ep/logs/infer_industrial_r30_fvdb_d8_100ep_metrics.log,/var/tmp/atighedl_runs/final_all_inference_complete_100ep/logs/infer_industrial_r30_fvdb_d8_100ep_timing.log
robotlab,r30,8,fvdb,100,129,0.9813267232835755,0.018673276716424467,123508.80620155038,4490.426356589147,0.0074127394337813015,0.038956343911068336,0.40332649590433106,0.7664939701095108,31.28902784083039,27.955000872161843,0.2163685448661757,27.955000872161843,3.0257513337061703,353.458984375,0.018247169579646384,"/var/tmp/atighedl_runs/NEURALPVS_MAY19_SYNTHETIC_100EP/fvdb_out/OACNNsInterleaved_synthetic_may19_r30_1000_t3000_dice,no_guess_20260521-015106_synthetic_may19_r30_fvdb_d8_b3_depth3_100ep_Gj9L3PP1",/var/tmp/atighedl_runs/final_all_inference_complete_100ep/fvdb_out/OACNNsInterleaved_final_infer_robotlab_r30_dice_20260523-222158_synthetic_may19_r30_fvdb_d8_b3_depth3_100ep-final_robotlab_r30_fvdb_d8_100ep_metrics_64uExEB4,/var/tmp/atighedl_runs/final_all_inference_complete_100ep/fvdb_out/OACNNsInterleaved_final_infer_robotlab_r30_dice_20260523-222235_synthetic_may19_r30_fvdb_d8_b3_depth3_100ep-final_robotlab_r30_fvdb_d8_100ep_timing_L3u21dYi,/var/tmp/atighedl_runs/final_all_inference_complete_100ep/fvdb_out/OACNNsInterleaved_final_infer_robotlab_r30_dice_20260523-222158_synthetic_may19_r30_fvdb_d8_b3_depth3_100ep-final_robotlab_r30_fvdb_d8_100ep_metrics_64uExEB4/inference/0,/var/tmp/atighedl_runs/final_all_inference_complete_100ep/logs/infer_robotlab_r30_fvdb_d8_100ep_metrics.log,/var/tmp/atighedl_runs/final_all_inference_complete_100ep/logs/infer_robotlab_r30_fvdb_d8_100ep_timing.log
sponza,r30,8,fvdb,100,281,0.989783138142786,0.010216861857213955,317430.42348754447,1259.3914590747331,0.019026829632416687,0.013197735427577144,0.4528544956679022,0.5847651103637397,35.684890221929884,28.51089113722661,0.2158780352474423,28.51089113722661,6.9436282606808195,449.37890625,0.042099212624424294,"/var/tmp/atighedl_runs/NEURALPVS_MAY19_SYNTHETIC_100EP/fvdb_out/OACNNsInterleaved_synthetic_may19_r30_1000_t3000_dice,no_guess_20260521-015106_synthetic_may19_r30_fvdb_d8_b3_depth3_100ep_Gj9L3PP1",/var/tmp/atighedl_runs/final_all_inference_complete_100ep/fvdb_out/OACNNsInterleaved_final_infer_sponza_r30_dice_20260523-222318_synthetic_may19_r30_fvdb_d8_b3_depth3_100ep-final_sponza_r30_fvdb_d8_100ep_metrics_K5yoxUTt,/var/tmp/atighedl_runs/final_all_inference_complete_100ep/fvdb_out/OACNNsInterleaved_final_infer_sponza_r30_dice_20260523-222454_synthetic_may19_r30_fvdb_d8_b3_depth3_100ep-final_sponza_r30_fvdb_d8_100ep_timing_xfu7e2sx,/var/tmp/atighedl_runs/final_all_inference_complete_100ep/fvdb_out/OACNNsInterleaved_final_infer_sponza_r30_dice_20260523-222318_synthetic_may19_r30_fvdb_d8_b3_depth3_100ep-final_sponza_r30_fvdb_d8_100ep_metrics_K5yoxUTt/inference/0,/var/tmp/atighedl_runs/final_all_inference_complete_100ep/logs/infer_sponza_r30_fvdb_d8_100ep_metrics.log,/var/tmp/atighedl_runs/final_all_inference_complete_100ep/logs/infer_sponza_r30_fvdb_d8_100ep_timing.log
viking,r30,8,fvdb,100,818,0.9626666908596431,0.0373333091403569,170666.82029339854,8166.971882640587,0.010233408474297304,0.0805977628586818,0.38352431196601,0.5833727863132225,31.821596235054532,27.859670183776565,0.2162909312998333,27.859670183776565,3.650612030841111,353.90673828125,0.02631514113223349,"/var/tmp/atighedl_runs/NEURALPVS_MAY19_SYNTHETIC_100EP/fvdb_out/OACNNsInterleaved_synthetic_may19_r30_1000_t3000_dice,no_guess_20260521-015106_synthetic_may19_r30_fvdb_d8_b3_depth3_100ep_Gj9L3PP1",/var/tmp/atighedl_runs/final_all_inference_complete_100ep/fvdb_out/OACNNsInterleaved_final_infer_viking_r30_dice_20260523-222552_synthetic_may19_r30_fvdb_d8_b3_depth3_100ep-final_viking_r30_fvdb_d8_100ep_metrics_RjacSwyO,/var/tmp/atighedl_runs/final_all_inference_complete_100ep/fvdb_out/OACNNsInterleaved_final_infer_viking_r30_dice_20260523-222847_synthetic_may19_r30_fvdb_d8_b3_depth3_100ep-final_viking_r30_fvdb_d8_100ep_timing_1IHAVVcS,/var/tmp/atighedl_runs/final_all_inference_complete_100ep/fvdb_out/OACNNsInterleaved_final_infer_viking_r30_dice_20260523-222552_synthetic_may19_r30_fvdb_d8_b3_depth3_100ep-final_viking_r30_fvdb_d8_100ep_metrics_RjacSwyO/inference/0,/var/tmp/atighedl_runs/final_all_inference_complete_100ep/logs/infer_viking_r30_fvdb_d8_100ep_metrics.log,/var/tmp/atighedl_runs/final_all_inference_complete_100ep/logs/infer_viking_r30_fvdb_d8_100ep_timing.log
bigcity,r30,8,spconv,100,97,0.9920888850369405,0.007911114963059521,97549.70103092784,1061.8144329896907,0.005841647994886918,0.013452866324103512,0.21848339963819563,0.3920129774157534,17.264814631098172,16.835478097420175,0.21613381371813983,nan,0.21320271995985726,316.63232421875,0.026570444254531075,"/var/tmp/atighedl_runs/NEURALPVS_MAY19_SYNTHETIC_100EP/spconv_out/OACNNsInterleaved_synthetic_may19_r30_1000_t3000_dice,no_guess_20260521-053357_synthetic_may19_r30_spconv_d8_b3_depth3_100ep_gptw6kVv",/var/tmp/atighedl_runs/final_all_inference_complete_100ep/spconv_out/OACNNsInterleaved_final_infer_bigcity_r30_dice_20260523-223135_synthetic_may19_r30_spconv_d8_b3_depth3_100ep-final_bigcity_r30_spconv_d8_100ep_metrics_K8SdPOvI,/var/tmp/atighedl_runs/final_all_inference_complete_100ep/spconv_out/OACNNsInterleaved_final_infer_bigcity_r30_dice_20260523-223241_synthetic_may19_r30_spconv_d8_b3_depth3_100ep-final_bigcity_r30_spconv_d8_100ep_timing_PiKPb8l6,/var/tmp/atighedl_runs/final_all_inference_complete_100ep/spconv_out/OACNNsInterleaved_final_infer_bigcity_r30_dice_20260523-223135_synthetic_may19_r30_spconv_d8_b3_depth3_100ep-final_bigcity_r30_spconv_d8_100ep_metrics_K8SdPOvI/inference/0,/var/tmp/atighedl_runs/final_all_inference_complete_100ep/logs/infer_bigcity_r30_spconv_d8_100ep_metrics.log,/var/tmp/atighedl_runs/final_all_inference_complete_100ep/logs/infer_bigcity_r30_spconv_d8_100ep_timing.log
industrial,r30,8,spconv,100,459,0.9939241646941191,0.006075835305880827,54903.62309368192,693.2483660130719,0.0032867561956798075,0.009567074883160536,0.3110233237865444,0.7249236223744411,17.220824186792566,16.790993299709292,0.21624601983057803,nan,0.21358486725269663,280.4580078125,0.01051964972793147,"/var/tmp/atighedl_runs/NEURALPVS_MAY19_SYNTHETIC_100EP/spconv_out/OACNNsInterleaved_synthetic_may19_r30_1000_t3000_dice,no_guess_20260521-053357_synthetic_may19_r30_spconv_d8_b3_depth3_100ep_gptw6kVv",/var/tmp/atighedl_runs/final_all_inference_complete_100ep/spconv_out/OACNNsInterleaved_final_infer_industrial_r30_dice_20260523-223401_synthetic_may19_r30_spconv_d8_b3_depth3_100ep-final_industrial_r30_spconv_d8_100ep_metrics_vno2dYU0,/var/tmp/atighedl_runs/final_all_inference_complete_100ep/spconv_out/OACNNsInterleaved_final_infer_industrial_r30_dice_20260523-223552_synthetic_may19_r30_spconv_d8_b3_depth3_100ep-final_industrial_r30_spconv_d8_100ep_timing_05WbiokN,/var/tmp/atighedl_runs/final_all_inference_complete_100ep/spconv_out/OACNNsInterleaved_final_infer_industrial_r30_dice_20260523-223401_synthetic_may19_r30_spconv_d8_b3_depth3_100ep-final_industrial_r30_spconv_d8_100ep_metrics_vno2dYU0/inference/0,/var/tmp/atighedl_runs/final_all_inference_complete_100ep/logs/infer_industrial_r30_spconv_d8_100ep_metrics.log,/var/tmp/atighedl_runs/final_all_inference_complete_100ep/logs/infer_industrial_r30_spconv_d8_100ep_timing.log
robotlab,r30,8,spconv,100,129,0.9797129626421965,0.020287037357803416,107339.82945736434,4763.976744186047,0.006442304592319649,0.041312994883041916,0.3516558186952458,0.713963855606641,17.287341643381733,16.86473905175306,0.2094455625095482,nan,0.2131570291191262,306.69580078125,0.018247169579646384,"/var/tmp/atighedl_runs/NEURALPVS_MAY19_SYNTHETIC_100EP/spconv_out/OACNNsInterleaved_synthetic_may19_r30_1000_t3000_dice,no_guess_20260521-053357_synthetic_may19_r30_spconv_d8_b3_depth3_100ep_gptw6kVv",/var/tmp/atighedl_runs/final_all_inference_complete_100ep/spconv_out/OACNNsInterleaved_final_infer_robotlab_r30_dice_20260523-223752_synthetic_may19_r30_spconv_d8_b3_depth3_100ep-final_robotlab_r30_spconv_d8_100ep_metrics_3Lgob1a3,/var/tmp/atighedl_runs/final_all_inference_complete_100ep/spconv_out/OACNNsInterleaved_final_infer_robotlab_r30_dice_20260523-223915_synthetic_may19_r30_spconv_d8_b3_depth3_100ep-final_robotlab_r30_spconv_d8_100ep_timing_SL2quiSf,/var/tmp/atighedl_runs/final_all_inference_complete_100ep/spconv_out/OACNNsInterleaved_final_infer_robotlab_r30_dice_20260523-223752_synthetic_may19_r30_spconv_d8_b3_depth3_100ep-final_robotlab_r30_spconv_d8_100ep_metrics_3Lgob1a3/inference/0,/var/tmp/atighedl_runs/final_all_inference_complete_100ep/logs/infer_robotlab_r30_spconv_d8_100ep_metrics.log,/var/tmp/atighedl_runs/final_all_inference_complete_100ep/logs/infer_robotlab_r30_spconv_d8_100ep_timing.log
sponza,r30,8,spconv,100,281,0.9898643928490499,0.010135607150949993,209666.73665480426,1482.5266903914592,0.012567537707472137,0.015585113415375195,0.298379838095441,0.4299731490026589,17.65965526877627,17.238500123714292,0.20920169223488,nan,0.2119534528270985,366.48486328125,0.042099212624424294,"/var/tmp/atighedl_runs/NEURALPVS_MAY19_SYNTHETIC_100EP/spconv_out/OACNNsInterleaved_synthetic_may19_r30_1000_t3000_dice,no_guess_20260521-053357_synthetic_may19_r30_spconv_d8_b3_depth3_100ep_gptw6kVv",/var/tmp/atighedl_runs/final_all_inference_complete_100ep/spconv_out/OACNNsInterleaved_final_infer_sponza_r30_dice_20260523-224040_synthetic_may19_r30_spconv_d8_b3_depth3_100ep-final_sponza_r30_spconv_d8_100ep_metrics_FsaWIHuo,/var/tmp/atighedl_runs/final_all_inference_complete_100ep/spconv_out/OACNNsInterleaved_final_infer_sponza_r30_dice_20260523-224238_synthetic_may19_r30_spconv_d8_b3_depth3_100ep-final_sponza_r30_spconv_d8_100ep_timing_9RoPI1o8,/var/tmp/atighedl_runs/final_all_inference_complete_100ep/spconv_out/OACNNsInterleaved_final_infer_sponza_r30_dice_20260523-224040_synthetic_may19_r30_spconv_d8_b3_depth3_100ep-final_sponza_r30_spconv_d8_100ep_metrics_FsaWIHuo/inference/0,/var/tmp/atighedl_runs/final_all_inference_complete_100ep/logs/infer_sponza_r30_spconv_d8_100ep_metrics.log,/var/tmp/atighedl_runs/final_all_inference_complete_100ep/logs/infer_sponza_r30_spconv_d8_100ep_timing.log
viking,r30,8,spconv,100,818,0.9551512198226667,0.044848780177333195,120905.06601466992,9392.275061124694,0.00724983414974341,0.09023426248849091,0.27253912283622256,0.47015808930752623,17.196832048303456,16.774631306441083,0.2093908625441448,nan,0.21280987931822892,307.2177734375,0.02631514113223349,"/var/tmp/atighedl_runs/NEURALPVS_MAY19_SYNTHETIC_100EP/spconv_out/OACNNsInterleaved_synthetic_may19_r30_1000_t3000_dice,no_guess_20260521-053357_synthetic_may19_r30_spconv_d8_b3_depth3_100ep_gptw6kVv",/var/tmp/atighedl_runs/final_all_inference_complete_100ep/spconv_out/OACNNsInterleaved_final_infer_viking_r30_dice_20260523-224417_synthetic_may19_r30_spconv_d8_b3_depth3_100ep-final_viking_r30_spconv_d8_100ep_metrics_g1qyvwX9,/var/tmp/atighedl_runs/final_all_inference_complete_100ep/spconv_out/OACNNsInterleaved_final_infer_viking_r30_dice_20260523-224728_synthetic_may19_r30_spconv_d8_b3_depth3_100ep-final_viking_r30_spconv_d8_100ep_timing_BPeGyvcu,/var/tmp/atighedl_runs/final_all_inference_complete_100ep/spconv_out/OACNNsInterleaved_final_infer_viking_r30_dice_20260523-224417_synthetic_may19_r30_spconv_d8_b3_depth3_100ep-final_viking_r30_spconv_d8_100ep_metrics_g1qyvwX9/inference/0,/var/tmp/atighedl_runs/final_all_inference_complete_100ep/logs/infer_viking_r30_spconv_d8_100ep_metrics.log,/var/tmp/atighedl_runs/final_all_inference_complete_100ep/logs/infer_viking_r30_spconv_d8_100ep_timing.log
bigcity,r30,16,fvdb,100,97,0.9863994416502333,0.013600558349766624,183001.9175257732,1017.4948453608248,0.010958763847569164,0.01280883878359048,0.41060328760097936,0.5842368353887931,34.477738362947505,27.46040855923698,0.20031365237664434,27.46040855923698,6.8267595853555845,467.3359375,0.026570444254531075,"/var/tmp/atighedl_runs/NEURALPVS_MAY19_SYNTHETIC_100EP/fvdb_out/OACNNsInterleaved_synthetic_may19_r30_1000_t3000_dice,no_guess_20260520-184547_synthetic_may19_r30_fvdb_d16_b3_depth3_100ep_sHahS4ZK",/var/tmp/atighedl_runs/final_all_inference_complete_100ep/fvdb_out/OACNNsInterleaved_final_infer_bigcity_r30_dice_20260523-224920_synthetic_may19_r30_fvdb_d16_b3_depth3_100ep-final_bigcity_r30_fvdb_d16_100ep_metrics_JBPqxAvH,/var/tmp/atighedl_runs/final_all_inference_complete_100ep/fvdb_out/OACNNsInterleaved_final_infer_bigcity_r30_dice_20260523-224944_synthetic_may19_r30_fvdb_d16_b3_depth3_100ep-final_bigcity_r30_fvdb_d16_100ep_timing_cIdPpVw3,/var/tmp/atighedl_runs/final_all_inference_complete_100ep/fvdb_out/OACNNsInterleaved_final_infer_bigcity_r30_dice_20260523-224920_synthetic_may19_r30_fvdb_d16_b3_depth3_100ep-final_bigcity_r30_fvdb_d16_100ep_metrics_JBPqxAvH/inference/0,/var/tmp/atighedl_runs/final_all_inference_complete_100ep/logs/infer_bigcity_r30_fvdb_d16_100ep_metrics.log,/var/tmp/atighedl_runs/final_all_inference_complete_100ep/logs/infer_bigcity_r30_fvdb_d16_100ep_timing.log
industrial,r30,16,fvdb,100,459,0.9884274869443025,0.011572513055697457,74322.02832244009,836.1220043572985,0.004449169360981771,0.011492925750097709,0.4185906674607387,0.8316715881715413,31.420476738276193,27.26013169170904,0.20023333756253123,27.26013169170904,3.7923318108148654,393.6806640625,0.01051964972793147,"/var/tmp/atighedl_runs/NEURALPVS_MAY19_SYNTHETIC_100EP/fvdb_out/OACNNsInterleaved_synthetic_may19_r30_1000_t3000_dice,no_guess_20260520-184547_synthetic_may19_r30_fvdb_d16_b3_depth3_100ep_sHahS4ZK",/var/tmp/atighedl_runs/final_all_inference_complete_100ep/fvdb_out/OACNNsInterleaved_final_infer_industrial_r30_dice_20260523-225022_synthetic_may19_r30_fvdb_d16_b3_depth3_100ep-final_industrial_r30_fvdb_d16_100ep_metrics_chhWZiV4,/var/tmp/atighedl_runs/final_all_inference_complete_100ep/fvdb_out/OACNNsInterleaved_final_infer_industrial_r30_dice_20260523-225139_synthetic_may19_r30_fvdb_d16_b3_depth3_100ep-final_industrial_r30_fvdb_d16_100ep_timing_PfVBsrAU,/var/tmp/atighedl_runs/final_all_inference_complete_100ep/fvdb_out/OACNNsInterleaved_final_infer_industrial_r30_dice_20260523-225022_synthetic_may19_r30_fvdb_d16_b3_depth3_100ep-final_industrial_r30_fvdb_d16_100ep_metrics_chhWZiV4/inference/0,/var/tmp/atighedl_runs/final_all_inference_complete_100ep/logs/infer_industrial_r30_fvdb_d16_100ep_metrics.log,/var/tmp/atighedl_runs/final_all_inference_complete_100ep/logs/infer_industrial_r30_fvdb_d16_100ep_timing.log
robotlab,r30,16,fvdb,100,129,0.9802998392156852,0.01970016078431472,157126.31782945737,3799.5193798449613,0.009430403106434355,0.03295417940027486,0.5121750898601473,0.877676245778106,34.649620567255745,27.64729450415635,0.200298078157939,27.64729450415635,6.672592509382715,461.4365234375,0.018247169579646384,"/var/tmp/atighedl_runs/NEURALPVS_MAY19_SYNTHETIC_100EP/fvdb_out/OACNNsInterleaved_synthetic_may19_r30_1000_t3000_dice,no_guess_20260520-184547_synthetic_may19_r30_fvdb_d16_b3_depth3_100ep_sHahS4ZK",/var/tmp/atighedl_runs/final_all_inference_complete_100ep/fvdb_out/OACNNsInterleaved_final_infer_robotlab_r30_dice_20260523-225256_synthetic_may19_r30_fvdb_d16_b3_depth3_100ep-final_robotlab_r30_fvdb_d16_100ep_metrics_aRvmuDOK,/var/tmp/atighedl_runs/final_all_inference_complete_100ep/fvdb_out/OACNNsInterleaved_final_infer_robotlab_r30_dice_20260523-225332_synthetic_may19_r30_fvdb_d16_b3_depth3_100ep-final_robotlab_r30_fvdb_d16_100ep_timing_bJeWjLk0,/var/tmp/atighedl_runs/final_all_inference_complete_100ep/fvdb_out/OACNNsInterleaved_final_infer_robotlab_r30_dice_20260523-225256_synthetic_may19_r30_fvdb_d16_b3_depth3_100ep-final_robotlab_r30_fvdb_d16_100ep_metrics_aRvmuDOK/inference/0,/var/tmp/atighedl_runs/final_all_inference_complete_100ep/logs/infer_robotlab_r30_fvdb_d16_100ep_metrics.log,/var/tmp/atighedl_runs/final_all_inference_complete_100ep/logs/infer_robotlab_r30_fvdb_d16_100ep_timing.log
sponza,r30,16,fvdb,100,281,0.9832541857749966,0.016745814225003337,349101.42704626336,1559.8967971530249,0.02092541781423138,0.016373931796097703,0.49676749120827673,0.6282599398674066,40.06963937357068,28.224001044742344,0.2001555703487247,28.224001044742344,11.539449109907514,608.134765625,0.042099212624424294,"/var/tmp/atighedl_runs/NEURALPVS_MAY19_SYNTHETIC_100EP/fvdb_out/OACNNsInterleaved_synthetic_may19_r30_1000_t3000_dice,no_guess_20260520-184547_synthetic_may19_r30_fvdb_d16_b3_depth3_100ep_sHahS4ZK",/var/tmp/atighedl_runs/final_all_inference_complete_100ep/fvdb_out/OACNNsInterleaved_final_infer_sponza_r30_dice_20260523-225414_synthetic_may19_r30_fvdb_d16_b3_depth3_100ep-final_sponza_r30_fvdb_d16_100ep_metrics_01Ji6V2Y,/var/tmp/atighedl_runs/final_all_inference_complete_100ep/fvdb_out/OACNNsInterleaved_final_infer_sponza_r30_dice_20260523-225550_synthetic_may19_r30_fvdb_d16_b3_depth3_100ep-final_sponza_r30_fvdb_d16_100ep_timing_rWwZhWo3,/var/tmp/atighedl_runs/final_all_inference_complete_100ep/fvdb_out/OACNNsInterleaved_final_infer_sponza_r30_dice_20260523-225414_synthetic_may19_r30_fvdb_d16_b3_depth3_100ep-final_sponza_r30_fvdb_d16_100ep_metrics_01Ji6V2Y/inference/0,/var/tmp/atighedl_runs/final_all_inference_complete_100ep/logs/infer_sponza_r30_fvdb_d16_100ep_metrics.log,/var/tmp/atighedl_runs/final_all_inference_complete_100ep/logs/infer_sponza_r30_fvdb_d16_100ep_timing.log
viking,r30,16,fvdb,100,818,0.9850188944042457,0.014981105595754189,206841.3533007335,2267.1601466992665,0.012401800049345863,0.02204037977972867,0.4638938866282442,0.6766597313810969,34.46120314606249,27.574097154314046,0.20034658598713578,27.574097154314046,6.696573925670237,462.2333984375,0.02631514113223349,"/var/tmp/atighedl_runs/NEURALPVS_MAY19_SYNTHETIC_100EP/fvdb_out/OACNNsInterleaved_synthetic_may19_r30_1000_t3000_dice,no_guess_20260520-184547_synthetic_may19_r30_fvdb_d16_b3_depth3_100ep_sHahS4ZK",/var/tmp/atighedl_runs/final_all_inference_complete_100ep/fvdb_out/OACNNsInterleaved_final_infer_viking_r30_dice_20260523-225646_synthetic_may19_r30_fvdb_d16_b3_depth3_100ep-final_viking_r30_fvdb_d16_100ep_metrics_X5xoT7Wt,/var/tmp/atighedl_runs/final_all_inference_complete_100ep/fvdb_out/OACNNsInterleaved_final_infer_viking_r30_dice_20260523-225946_synthetic_may19_r30_fvdb_d16_b3_depth3_100ep-final_viking_r30_fvdb_d16_100ep_timing_OV3me8lr,/var/tmp/atighedl_runs/final_all_inference_complete_100ep/fvdb_out/OACNNsInterleaved_final_infer_viking_r30_dice_20260523-225646_synthetic_may19_r30_fvdb_d16_b3_depth3_100ep-final_viking_r30_fvdb_d16_100ep_metrics_X5xoT7Wt/inference/0,/var/tmp/atighedl_runs/final_all_inference_complete_100ep/logs/infer_viking_r30_fvdb_d16_100ep_metrics.log,/var/tmp/atighedl_runs/final_all_inference_complete_100ep/logs/infer_viking_r30_fvdb_d16_100ep_timing.log
bigcity,r30,16,spconv,100,97,0.9862643044019482,0.01373569559805167,137493.28865979382,1257.6907216494844,0.008233505738034951,0.015819474979130905,0.30810320331263785,0.48119231044631644,17.729547020794936,17.314813179746498,0.20199038452934473,nan,0.21274345651909243,386.44482421875,0.026570444254531075,"/var/tmp/atighedl_runs/NEURALPVS_MAY19_SYNTHETIC_100EP/spconv_out/OACNNsInterleaved_synthetic_may19_r30_1000_t3000_dice,no_guess_20260520-222434_synthetic_may19_r30_spconv_d16_b3_depth3_100ep_PBL6z7sy",/var/tmp/atighedl_runs/final_all_inference_complete_100ep/spconv_out/OACNNsInterleaved_final_infer_bigcity_r30_dice_20260523-230231_synthetic_may19_r30_spconv_d16_b3_depth3_100ep-final_bigcity_r30_spconv_d16_100ep_metrics_BsFkl5LJ,/var/tmp/atighedl_runs/final_all_inference_complete_100ep/spconv_out/OACNNsInterleaved_final_infer_bigcity_r30_dice_20260523-230337_synthetic_may19_r30_spconv_d16_b3_depth3_100ep-final_bigcity_r30_spconv_d16_100ep_timing_upzaYwnK,/var/tmp/atighedl_runs/final_all_inference_complete_100ep/spconv_out/OACNNsInterleaved_final_infer_bigcity_r30_dice_20260523-230231_synthetic_may19_r30_spconv_d16_b3_depth3_100ep-final_bigcity_r30_spconv_d16_100ep_metrics_BsFkl5LJ/inference/0,/var/tmp/atighedl_runs/final_all_inference_complete_100ep/logs/infer_bigcity_r30_spconv_d16_100ep_metrics.log,/var/tmp/atighedl_runs/final_all_inference_complete_100ep/logs/infer_bigcity_r30_spconv_d16_100ep_timing.log
industrial,r30,16,spconv,100,459,0.9884133207772032,0.011586679222796686,74430.22875816993,662.0043572984749,0.0044556766365956586,0.009074694030065437,0.42063361620591355,0.8348024703059062,17.704991720429238,17.289878492986748,0.2019752883212641,nan,0.2131379391212249,341.55810546875,0.01051964972793147,"/var/tmp/atighedl_runs/NEURALPVS_MAY19_SYNTHETIC_100EP/spconv_out/OACNNsInterleaved_synthetic_may19_r30_1000_t3000_dice,no_guess_20260520-222434_synthetic_may19_r30_spconv_d16_b3_depth3_100ep_PBL6z7sy",/var/tmp/atighedl_runs/final_all_inference_complete_100ep/spconv_out/OACNNsInterleaved_final_infer_industrial_r30_dice_20260523-230454_synthetic_may19_r30_spconv_d16_b3_depth3_100ep-final_industrial_r30_spconv_d16_100ep_metrics_1ZKm2njL,/var/tmp/atighedl_runs/final_all_inference_complete_100ep/spconv_out/OACNNsInterleaved_final_infer_industrial_r30_dice_20260523-230648_synthetic_may19_r30_spconv_d16_b3_depth3_100ep-final_industrial_r30_spconv_d16_100ep_timing_mwhoUALt,/var/tmp/atighedl_runs/final_all_inference_complete_100ep/spconv_out/OACNNsInterleaved_final_infer_industrial_r30_dice_20260523-230454_synthetic_may19_r30_spconv_d16_b3_depth3_100ep-final_industrial_r30_spconv_d16_100ep_metrics_1ZKm2njL/inference/0,/var/tmp/atighedl_runs/final_all_inference_complete_100ep/logs/infer_industrial_r30_spconv_d16_100ep_metrics.log,/var/tmp/atighedl_runs/final_all_inference_complete_100ep/logs/infer_industrial_r30_spconv_d16_100ep_timing.log
robotlab,r30,16,spconv,100,129,0.9814400192379027,0.018559980762097215,151980.3100775194,3235.9457364341083,0.009121545449678936,0.028040075912898317,0.4955207520677138,0.862930976143179,17.69250282086432,17.277031524834843,0.20231180347967892,nan,0.2131594925497969,382.7392578125,0.018247169579646384,"/var/tmp/atighedl_runs/NEURALPVS_MAY19_SYNTHETIC_100EP/spconv_out/OACNNsInterleaved_synthetic_may19_r30_1000_t3000_dice,no_guess_20260520-222434_synthetic_may19_r30_spconv_d16_b3_depth3_100ep_PBL6z7sy",/var/tmp/atighedl_runs/final_all_inference_complete_100ep/spconv_out/OACNNsInterleaved_final_infer_robotlab_r30_dice_20260523-230846_synthetic_may19_r30_spconv_d16_b3_depth3_100ep-final_robotlab_r30_spconv_d16_100ep_metrics_RM6LtaBH,/var/tmp/atighedl_runs/final_all_inference_complete_100ep/spconv_out/OACNNsInterleaved_final_infer_robotlab_r30_dice_20260523-231008_synthetic_may19_r30_spconv_d16_b3_depth3_100ep-final_robotlab_r30_spconv_d16_100ep_timing_LCT4w8ru,/var/tmp/atighedl_runs/final_all_inference_complete_100ep/spconv_out/OACNNsInterleaved_final_infer_robotlab_r30_dice_20260523-230846_synthetic_may19_r30_spconv_d16_b3_depth3_100ep-final_robotlab_r30_spconv_d16_100ep_metrics_RM6LtaBH/inference/0,/var/tmp/atighedl_runs/final_all_inference_complete_100ep/logs/infer_robotlab_r30_spconv_d16_100ep_metrics.log,/var/tmp/atighedl_runs/final_all_inference_complete_100ep/logs/infer_robotlab_r30_spconv_d16_100ep_timing.log
sponza,r30,16,spconv,100,281,0.9773413541053962,0.02265864589460375,287549.7473309609,3136.373665480427,0.017235871523724706,0.03293530618294645,0.40987006943421006,0.5391548430792378,18.647548839965747,18.23131315799716,0.20235175671987235,nan,0.21388392524871355,470.380859375,0.042099212624424294,"/var/tmp/atighedl_runs/NEURALPVS_MAY19_SYNTHETIC_100EP/spconv_out/OACNNsInterleaved_synthetic_may19_r30_1000_t3000_dice,no_guess_20260520-222434_synthetic_may19_r30_spconv_d16_b3_depth3_100ep_PBL6z7sy",/var/tmp/atighedl_runs/final_all_inference_complete_100ep/spconv_out/OACNNsInterleaved_final_infer_sponza_r30_dice_20260523-231131_synthetic_may19_r30_spconv_d16_b3_depth3_100ep-final_sponza_r30_spconv_d16_100ep_metrics_fF3DejEs,/var/tmp/atighedl_runs/final_all_inference_complete_100ep/spconv_out/OACNNsInterleaved_final_infer_sponza_r30_dice_20260523-231339_synthetic_may19_r30_spconv_d16_b3_depth3_100ep-final_sponza_r30_spconv_d16_100ep_timing_QsAR9gio,/var/tmp/atighedl_runs/final_all_inference_complete_100ep/spconv_out/OACNNsInterleaved_final_infer_sponza_r30_dice_20260523-231131_synthetic_may19_r30_spconv_d16_b3_depth3_100ep-final_sponza_r30_spconv_d16_100ep_metrics_fF3DejEs/inference/0,/var/tmp/atighedl_runs/final_all_inference_complete_100ep/logs/infer_sponza_r30_spconv_d16_100ep_metrics.log,/var/tmp/atighedl_runs/final_all_inference_complete_100ep/logs/infer_sponza_r30_spconv_d16_100ep_timing.log
viking,r30,16,spconv,100,818,0.9850440832688347,0.01495591673116516,201843.26772616137,2038.7506112469437,0.012103215378565634,0.019854262406587057,0.4493455261647847,0.6625632648435956,17.73588549707362,17.320866308695653,0.20204489442985504,nan,0.21297429394811235,382.98779296875,0.02631514113223349,"/var/tmp/atighedl_runs/NEURALPVS_MAY19_SYNTHETIC_100EP/spconv_out/OACNNsInterleaved_synthetic_may19_r30_1000_t3000_dice,no_guess_20260520-222434_synthetic_may19_r30_spconv_d16_b3_depth3_100ep_PBL6z7sy",/var/tmp/atighedl_runs/final_all_inference_complete_100ep/spconv_out/OACNNsInterleaved_final_infer_viking_r30_dice_20260523-231518_synthetic_may19_r30_spconv_d16_b3_depth3_100ep-final_viking_r30_spconv_d16_100ep_metrics_7ntYqIgS,/var/tmp/atighedl_runs/final_all_inference_complete_100ep/spconv_out/OACNNsInterleaved_final_infer_viking_r30_dice_20260523-231847_synthetic_may19_r30_spconv_d16_b3_depth3_100ep-final_viking_r30_spconv_d16_100ep_timing_355qXTOM,/var/tmp/atighedl_runs/final_all_inference_complete_100ep/spconv_out/OACNNsInterleaved_final_infer_viking_r30_dice_20260523-231518_synthetic_may19_r30_spconv_d16_b3_depth3_100ep-final_viking_r30_spconv_d16_100ep_metrics_7ntYqIgS/inference/0,/var/tmp/atighedl_runs/final_all_inference_complete_100ep/logs/infer_viking_r30_spconv_d16_100ep_metrics.log,/var/tmp/atighedl_runs/final_all_inference_complete_100ep/logs/infer_viking_r30_spconv_d16_100ep_timing.log
bigcity,r30,32,fvdb,100,97,0.9752517281119356,0.024748271888064305,131658.23711340205,2555.7113402061855,0.007884169491871994,0.032209390398719756,0.29537155164271284,0.46551646123227386,37.22339165052054,25.43059108852111,0.24314417476610592,25.43059108852111,11.526347259959122,804.66845703125,0.026570444254531075,"/var/tmp/atighedl_runs/NEURALPVS_MAY19_SYNTHETIC_100EP/fvdb_out/OACNNsInterleaved_synthetic_may19_r30_1000_t3000_dice,no_guess_20260521-131647_synthetic_may19_r30_fvdb_d32_b3_depth3_100ep_MLxWZrVT",/var/tmp/atighedl_runs/final_all_inference_complete_100ep/fvdb_out/OACNNsInterleaved_final_infer_bigcity_r30_dice_20260523-232041_synthetic_may19_r30_fvdb_d32_b3_depth3_100ep-final_bigcity_r30_fvdb_d32_100ep_metrics_rHZJzcG8,/var/tmp/atighedl_runs/final_all_inference_complete_100ep/fvdb_out/OACNNsInterleaved_final_infer_bigcity_r30_dice_20260523-232109_synthetic_may19_r30_fvdb_d32_b3_depth3_100ep-final_bigcity_r30_fvdb_d32_100ep_timing_DDzotB3d,/var/tmp/atighedl_runs/final_all_inference_complete_100ep/fvdb_out/OACNNsInterleaved_final_infer_bigcity_r30_dice_20260523-232041_synthetic_may19_r30_fvdb_d32_b3_depth3_100ep-final_bigcity_r30_fvdb_d32_100ep_metrics_rHZJzcG8/inference/0,/var/tmp/atighedl_runs/final_all_inference_complete_100ep/logs/infer_bigcity_r30_fvdb_d32_100ep_metrics.log,/var/tmp/atighedl_runs/final_all_inference_complete_100ep/logs/infer_bigcity_r30_fvdb_d32_100ep_timing.log
industrial,r30,32,fvdb,100,459,0.9659756933681846,0.03402430663181541,62658.464052287585,3892.1525054466233,0.0037509420909969064,0.053503460163546755,0.35411805995539125,0.7492570458933678,33.62349737373074,24.899858713789442,0.24290584480678218,24.899858713789442,8.338802702492103,709.56640625,0.01051964972793147,"/var/tmp/atighedl_runs/NEURALPVS_MAY19_SYNTHETIC_100EP/fvdb_out/OACNNsInterleaved_synthetic_may19_r30_1000_t3000_dice,no_guess_20260521-131647_synthetic_may19_r30_fvdb_d32_b3_depth3_100ep_MLxWZrVT",/var/tmp/atighedl_runs/final_all_inference_complete_100ep/fvdb_out/OACNNsInterleaved_final_infer_industrial_r30_dice_20260523-232148_synthetic_may19_r30_fvdb_d32_b3_depth3_100ep-final_industrial_r30_fvdb_d32_100ep_metrics_IQfGtS3P,/var/tmp/atighedl_runs/final_all_inference_complete_100ep/fvdb_out/OACNNsInterleaved_final_infer_industrial_r30_dice_20260523-232336_synthetic_may19_r30_fvdb_d32_b3_depth3_100ep-final_industrial_r30_fvdb_d32_100ep_timing_5wAqrM59,/var/tmp/atighedl_runs/final_all_inference_complete_100ep/fvdb_out/OACNNsInterleaved_final_infer_industrial_r30_dice_20260523-232148_synthetic_may19_r30_fvdb_d32_b3_depth3_100ep-final_industrial_r30_fvdb_d32_100ep_metrics_IQfGtS3P/inference/0,/var/tmp/atighedl_runs/final_all_inference_complete_100ep/logs/infer_industrial_r30_fvdb_d32_100ep_metrics.log,/var/tmp/atighedl_runs/final_all_inference_complete_100ep/logs/infer_industrial_r30_fvdb_d32_100ep_timing.log
robotlab,r30,32,fvdb,100,129,0.9561803627383801,0.043819637261619825,151852.56589147286,9127.22480620155,0.009113875939691204,0.07912993555267646,0.49617543123489205,0.844418535860934,38.01740840285537,25.38421802631946,0.24318949085482885,25.38421802631946,12.269718694023606,809.98876953125,0.018247169579646384,"/var/tmp/atighedl_runs/NEURALPVS_MAY19_SYNTHETIC_100EP/fvdb_out/OACNNsInterleaved_synthetic_may19_r30_1000_t3000_dice,no_guess_20260521-131647_synthetic_may19_r30_fvdb_d32_b3_depth3_100ep_MLxWZrVT",/var/tmp/atighedl_runs/final_all_inference_complete_100ep/fvdb_out/OACNNsInterleaved_final_infer_robotlab_r30_dice_20260523-232454_synthetic_may19_r30_fvdb_d32_b3_depth3_100ep-final_robotlab_r30_fvdb_d32_100ep_metrics_uIRgD07D,/var/tmp/atighedl_runs/final_all_inference_complete_100ep/fvdb_out/OACNNsInterleaved_final_infer_robotlab_r30_dice_20260523-232539_synthetic_may19_r30_fvdb_d32_b3_depth3_100ep-final_robotlab_r30_fvdb_d32_100ep_timing_CU4vInv0,/var/tmp/atighedl_runs/final_all_inference_complete_100ep/fvdb_out/OACNNsInterleaved_final_infer_robotlab_r30_dice_20260523-232454_synthetic_may19_r30_fvdb_d32_b3_depth3_100ep-final_robotlab_r30_fvdb_d32_100ep_metrics_uIRgD07D/inference/0,/var/tmp/atighedl_runs/final_all_inference_complete_100ep/logs/infer_robotlab_r30_fvdb_d32_100ep_metrics.log,/var/tmp/atighedl_runs/final_all_inference_complete_100ep/logs/infer_robotlab_r30_fvdb_d32_100ep_timing.log
sponza,r30,32,fvdb,100,281,0.9527250967416051,0.04727490325839489,284215.3060498221,7228.437722419929,0.017036293918313242,0.07632749236695914,0.4033051194669513,0.5268634083644351,44.91982540431699,26.681317965143382,0.24130546742872827,26.681317965143382,17.967492527012446,972.89501953125,0.042099212624424294,"/var/tmp/atighedl_runs/NEURALPVS_MAY19_SYNTHETIC_100EP/fvdb_out/OACNNsInterleaved_synthetic_may19_r30_1000_t3000_dice,no_guess_20260521-131647_synthetic_may19_r30_fvdb_d32_b3_depth3_100ep_MLxWZrVT",/var/tmp/atighedl_runs/final_all_inference_complete_100ep/fvdb_out/OACNNsInterleaved_final_infer_sponza_r30_dice_20260523-232621_synthetic_may19_r30_fvdb_d32_b3_depth3_100ep-final_sponza_r30_fvdb_d32_100ep_metrics_pl4dloSx,/var/tmp/atighedl_runs/final_all_inference_complete_100ep/fvdb_out/OACNNsInterleaved_final_infer_sponza_r30_dice_20260523-232804_synthetic_may19_r30_fvdb_d32_b3_depth3_100ep-final_sponza_r30_fvdb_d32_100ep_timing_jOe8nZRu,/var/tmp/atighedl_runs/final_all_inference_complete_100ep/fvdb_out/OACNNsInterleaved_final_infer_sponza_r30_dice_20260523-232621_synthetic_may19_r30_fvdb_d32_b3_depth3_100ep-final_sponza_r30_fvdb_d32_100ep_metrics_pl4dloSx/inference/0,/var/tmp/atighedl_runs/final_all_inference_complete_100ep/logs/infer_sponza_r30_fvdb_d32_100ep_metrics.log,/var/tmp/atighedl_runs/final_all_inference_complete_100ep/logs/infer_sponza_r30_fvdb_d32_100ep_timing.log
viking,r30,32,fvdb,100,818,0.9599655905242072,0.04003440947579283,170818.84596577016,7176.156479217604,0.010241920064706627,0.06926020882045449,0.38842140160009153,0.5908170880927434,37.26184562504015,25.39532910796062,0.24231775923232948,25.39532910796062,11.556484777247535,806.4931640625,0.02631514113223349,"/var/tmp/atighedl_runs/NEURALPVS_MAY19_SYNTHETIC_100EP/fvdb_out/OACNNsInterleaved_synthetic_may19_r30_1000_t3000_dice,no_guess_20260521-131647_synthetic_may19_r30_fvdb_d32_b3_depth3_100ep_MLxWZrVT",/var/tmp/atighedl_runs/final_all_inference_complete_100ep/fvdb_out/OACNNsInterleaved_final_infer_viking_r30_dice_20260523-232901_synthetic_may19_r30_fvdb_d32_b3_depth3_100ep-final_viking_r30_fvdb_d32_100ep_metrics_vB3k6zU9,/var/tmp/atighedl_runs/final_all_inference_complete_100ep/fvdb_out/OACNNsInterleaved_final_infer_viking_r30_dice_20260523-233246_synthetic_may19_r30_fvdb_d32_b3_depth3_100ep-final_viking_r30_fvdb_d32_100ep_timing_aCMQB52l,/var/tmp/atighedl_runs/final_all_inference_complete_100ep/fvdb_out/OACNNsInterleaved_final_infer_viking_r30_dice_20260523-232901_synthetic_may19_r30_fvdb_d32_b3_depth3_100ep-final_viking_r30_fvdb_d32_100ep_metrics_vB3k6zU9/inference/0,/var/tmp/atighedl_runs/final_all_inference_complete_100ep/logs/infer_viking_r30_fvdb_d32_100ep_metrics.log,/var/tmp/atighedl_runs/final_all_inference_complete_100ep/logs/infer_viking_r30_fvdb_d32_100ep_timing.log
bigcity,r30,32,spconv,100,97,0.9728233617605623,0.027176638239437726,111831.71134020618,3197.0309278350514,0.006696933621214173,0.04050746224772603,0.2507553009950009,0.41944474135477516,23.550725004749435,23.098675034021266,0.24591290103160737,nan,0.2061370696965605,666.9423828125,0.026570444254531075,"/var/tmp/atighedl_runs/NEURALPVS_MAY19_SYNTHETIC_100EP/spconv_out/OACNNsInterleaved_synthetic_may19_r30_1000_t3000_dice,no_guess_20260521-165718_synthetic_may19_r30_spconv_d32_b3_depth3_100ep_KGmtfP45",/var/tmp/atighedl_runs/final_all_inference_complete_100ep/spconv_out/OACNNsInterleaved_final_infer_bigcity_r30_dice_20260523-233528_synthetic_may19_r30_spconv_d32_b3_depth3_100ep-final_bigcity_r30_spconv_d32_100ep_metrics_Tl8IndQm,/var/tmp/atighedl_runs/final_all_inference_complete_100ep/spconv_out/OACNNsInterleaved_final_infer_bigcity_r30_dice_20260523-233642_synthetic_may19_r30_spconv_d32_b3_depth3_100ep-final_bigcity_r30_spconv_d32_100ep_timing_jy6pi1p2,/var/tmp/atighedl_runs/final_all_inference_complete_100ep/spconv_out/OACNNsInterleaved_final_infer_bigcity_r30_dice_20260523-233528_synthetic_may19_r30_spconv_d32_b3_depth3_100ep-final_bigcity_r30_spconv_d32_100ep_metrics_Tl8IndQm/inference/0,/var/tmp/atighedl_runs/final_all_inference_complete_100ep/logs/infer_bigcity_r30_spconv_d32_100ep_metrics.log,/var/tmp/atighedl_runs/final_all_inference_complete_100ep/logs/infer_bigcity_r30_spconv_d32_100ep_timing.log
industrial,r30,32,spconv,100,459,0.9725560740707746,0.027443925929225302,66092.39215686274,2578.9869281045753,0.003956477757348489,0.03554127256113074,0.3728640943700711,0.7757741955630401,22.95598957459058,22.50480767686467,0.2445504351053387,nan,0.20663146262057122,610.9326171875,0.01051964972793147,"/var/tmp/atighedl_runs/NEURALPVS_MAY19_SYNTHETIC_100EP/spconv_out/OACNNsInterleaved_synthetic_may19_r30_1000_t3000_dice,no_guess_20260521-165718_synthetic_may19_r30_spconv_d32_b3_depth3_100ep_KGmtfP45",/var/tmp/atighedl_runs/final_all_inference_complete_100ep/spconv_out/OACNNsInterleaved_final_infer_industrial_r30_dice_20260523-233806_synthetic_may19_r30_spconv_d32_b3_depth3_100ep-final_industrial_r30_spconv_d32_100ep_metrics_2gZaPrkN,/var/tmp/atighedl_runs/final_all_inference_complete_100ep/spconv_out/OACNNsInterleaved_final_infer_industrial_r30_dice_20260523-234035_synthetic_may19_r30_spconv_d32_b3_depth3_100ep-final_industrial_r30_spconv_d32_100ep_timing_0VmpnhIQ,/var/tmp/atighedl_runs/final_all_inference_complete_100ep/spconv_out/OACNNsInterleaved_final_infer_industrial_r30_dice_20260523-233806_synthetic_may19_r30_spconv_d32_b3_depth3_100ep-final_industrial_r30_spconv_d32_100ep_metrics_2gZaPrkN/inference/0,/var/tmp/atighedl_runs/final_all_inference_complete_100ep/logs/infer_industrial_r30_spconv_d32_100ep_metrics.log,/var/tmp/atighedl_runs/final_all_inference_complete_100ep/logs/infer_industrial_r30_spconv_d32_100ep_timing.log
robotlab,r30,32,spconv,100,129,0.9661549237347389,0.033845076265261106,152323.07751937985,6715.108527131783,0.009142116289730173,0.058193035914685325,0.49772603960000267,0.8538822795069495,23.331861011142475,22.880530302041198,0.24452704929059285,nan,0.2068036598106846,671.943359375,0.018247169579646384,"/var/tmp/atighedl_runs/NEURALPVS_MAY19_SYNTHETIC_100EP/spconv_out/OACNNsInterleaved_synthetic_may19_r30_1000_t3000_dice,no_guess_20260521-165718_synthetic_may19_r30_spconv_d32_b3_depth3_100ep_KGmtfP45",/var/tmp/atighedl_runs/final_all_inference_complete_100ep/spconv_out/OACNNsInterleaved_final_infer_robotlab_r30_dice_20260523-234242_synthetic_may19_r30_spconv_d32_b3_depth3_100ep-final_robotlab_r30_spconv_d32_100ep_metrics_dh9xVXYg,/var/tmp/atighedl_runs/final_all_inference_complete_100ep/spconv_out/OACNNsInterleaved_final_infer_robotlab_r30_dice_20260523-234417_synthetic_may19_r30_spconv_d32_b3_depth3_100ep-final_robotlab_r30_spconv_d32_100ep_timing_e4XMAcUt,/var/tmp/atighedl_runs/final_all_inference_complete_100ep/spconv_out/OACNNsInterleaved_final_infer_robotlab_r30_dice_20260523-234242_synthetic_may19_r30_spconv_d32_b3_depth3_100ep-final_robotlab_r30_spconv_d32_100ep_metrics_dh9xVXYg/inference/0,/var/tmp/atighedl_runs/final_all_inference_complete_100ep/logs/infer_robotlab_r30_spconv_d32_100ep_metrics.log,/var/tmp/atighedl_runs/final_all_inference_complete_100ep/logs/infer_robotlab_r30_spconv_d32_100ep_timing.log
sponza,r30,32,spconv,100,281,0.9617397914577633,0.03826020854223661,270129.5693950178,6034.345195729537,0.0161918804970871,0.06394695847218991,0.38424513263634513,0.5093908116910806,23.83381597187725,23.382637171762934,0.2443686845292133,nan,0.20681011558510362,770.4609375,0.042099212624424294,"/var/tmp/atighedl_runs/NEURALPVS_MAY19_SYNTHETIC_100EP/spconv_out/OACNNsInterleaved_synthetic_may19_r30_1000_t3000_dice,no_guess_20260521-165718_synthetic_may19_r30_spconv_d32_b3_depth3_100ep_KGmtfP45",/var/tmp/atighedl_runs/final_all_inference_complete_100ep/spconv_out/OACNNsInterleaved_final_infer_sponza_r30_dice_20260523-234545_synthetic_may19_r30_spconv_d32_b3_depth3_100ep-final_sponza_r30_spconv_d32_100ep_metrics_iO7M9LPa,/var/tmp/atighedl_runs/final_all_inference_complete_100ep/spconv_out/OACNNsInterleaved_final_infer_sponza_r30_dice_20260523-234810_synthetic_may19_r30_spconv_d32_b3_depth3_100ep-final_sponza_r30_spconv_d32_100ep_timing_5rB5tVHV,/var/tmp/atighedl_runs/final_all_inference_complete_100ep/spconv_out/OACNNsInterleaved_final_infer_sponza_r30_dice_20260523-234545_synthetic_may19_r30_spconv_d32_b3_depth3_100ep-final_sponza_r30_spconv_d32_100ep_metrics_iO7M9LPa/inference/0,/var/tmp/atighedl_runs/final_all_inference_complete_100ep/logs/infer_sponza_r30_spconv_d32_100ep_metrics.log,/var/tmp/atighedl_runs/final_all_inference_complete_100ep/logs/infer_sponza_r30_spconv_d32_100ep_timing.log
viking,r30,32,spconv,100,818,0.9715240606468872,0.02847593935311273,175890.77383863082,4631.553789731051,0.010546015117836562,0.04550838174667286,0.3964817112990288,0.6039599563498369,23.481049149695068,23.0290758294296,0.24572103674633097,nan,0.20625228351913394,668.94189453125,0.02631514113223349,"/var/tmp/atighedl_runs/NEURALPVS_MAY19_SYNTHETIC_100EP/spconv_out/OACNNsInterleaved_synthetic_may19_r30_1000_t3000_dice,no_guess_20260521-165718_synthetic_may19_r30_spconv_d32_b3_depth3_100ep_KGmtfP45",/var/tmp/atighedl_runs/final_all_inference_complete_100ep/spconv_out/OACNNsInterleaved_final_infer_viking_r30_dice_20260523-234956_synthetic_may19_r30_spconv_d32_b3_depth3_100ep-final_viking_r30_spconv_d32_100ep_metrics_vQhEaMfe,/var/tmp/atighedl_runs/final_all_inference_complete_100ep/spconv_out/OACNNsInterleaved_final_infer_viking_r30_dice_20260523-235404_synthetic_may19_r30_spconv_d32_b3_depth3_100ep-final_viking_r30_spconv_d32_100ep_timing_20whzWUK,/var/tmp/atighedl_runs/final_all_inference_complete_100ep/spconv_out/OACNNsInterleaved_final_infer_viking_r30_dice_20260523-234956_synthetic_may19_r30_spconv_d32_b3_depth3_100ep-final_viking_r30_spconv_d32_100ep_metrics_vQhEaMfe/inference/0,/var/tmp/atighedl_runs/final_all_inference_complete_100ep/logs/infer_viking_r30_spconv_d32_100ep_metrics.log,/var/tmp/atighedl_runs/final_all_inference_complete_100ep/logs/infer_viking_r30_spconv_d32_100ep_timing.log
bigcity,r60,8,fvdb,100,55,0.977586421099576,0.022413578900423885,119124.25454545455,4230.618181818182,0.007140411910685583,0.04439990491690957,0.26649163473736154,0.46780223521319303,32.24106809013905,28.232806293539745,0.21295117750802697,28.232806293539745,3.7834176431318984,367.9013671875,0.02660337578166615,"/var/tmp/atighedl_runs/NEURALPVS_MAY19_SYNTHETIC_100EP/fvdb_out/OACNNsInterleaved_synthetic_may19_r60_1000_t3000_dice,no_guess_20260522-033305_synthetic_may19_r60_fvdb_d8_b3_depth3_100ep_bUT7qiIY",/var/tmp/atighedl_runs/final_all_inference_complete_100ep/fvdb_out/OACNNsInterleaved_final_infer_bigcity_r60_dice_20260523-235601_synthetic_may19_r60_fvdb_d8_b3_depth3_100ep-final_bigcity_r60_fvdb_d8_100ep_metrics_rujokNiN,/var/tmp/atighedl_runs/final_all_inference_complete_100ep/fvdb_out/OACNNsInterleaved_final_infer_bigcity_r60_dice_20260523-235616_synthetic_may19_r60_fvdb_d8_b3_depth3_100ep-final_bigcity_r60_fvdb_d8_100ep_timing_gNYo5KDE,/var/tmp/atighedl_runs/final_all_inference_complete_100ep/fvdb_out/OACNNsInterleaved_final_infer_bigcity_r60_dice_20260523-235601_synthetic_may19_r60_fvdb_d8_b3_depth3_100ep-final_bigcity_r60_fvdb_d8_100ep_metrics_rujokNiN/inference/0,/var/tmp/atighedl_runs/final_all_inference_complete_100ep/logs/infer_bigcity_r60_fvdb_d8_100ep_metrics.log,/var/tmp/atighedl_runs/final_all_inference_complete_100ep/logs/infer_bigcity_r60_fvdb_d8_100ep_timing.log
industrial,r60,8,fvdb,100,246,0.9891068390229854,0.010893160977014633,53759.61382113821,1527.780487804878,0.00321836943919879,0.020717730149399535,0.30540319774451297,0.7170131320391244,30.31860468133042,28.105233149116422,0.21655669393658172,28.105233149116422,1.9815986372011067,306.576171875,0.01050811206422201,"/var/tmp/atighedl_runs/NEURALPVS_MAY19_SYNTHETIC_100EP/fvdb_out/OACNNsInterleaved_synthetic_may19_r60_1000_t3000_dice,no_guess_20260522-033305_synthetic_may19_r60_fvdb_d8_b3_depth3_100ep_bUT7qiIY",/var/tmp/atighedl_runs/final_all_inference_complete_100ep/fvdb_out/OACNNsInterleaved_final_infer_industrial_r60_dice_20260523-235649_synthetic_may19_r60_fvdb_d8_b3_depth3_100ep-final_industrial_r60_fvdb_d8_100ep_metrics_N6NSpf5K,/var/tmp/atighedl_runs/final_all_inference_complete_100ep/fvdb_out/OACNNsInterleaved_final_infer_industrial_r60_dice_20260523-235729_synthetic_may19_r60_fvdb_d8_b3_depth3_100ep-final_industrial_r60_fvdb_d8_100ep_timing_IAXs988w,/var/tmp/atighedl_runs/final_all_inference_complete_100ep/fvdb_out/OACNNsInterleaved_final_infer_industrial_r60_dice_20260523-235649_synthetic_may19_r60_fvdb_d8_b3_depth3_100ep-final_industrial_r60_fvdb_d8_100ep_metrics_N6NSpf5K/inference/0,/var/tmp/atighedl_runs/final_all_inference_complete_100ep/logs/infer_industrial_r60_fvdb_d8_100ep_metrics.log,/var/tmp/atighedl_runs/final_all_inference_complete_100ep/logs/infer_industrial_r60_fvdb_d8_100ep_timing.log
robotlab,r60,8,fvdb,100,66,0.9637615120772159,0.036238487922784016,93961.68181818182,9169.181818181818,0.005641433092850131,0.0756697741647561,0.30682663213122974,0.6730586651599768,31.882389604297888,27.89134483189426,0.21483128390294343,27.89134483189426,3.0176912208581452,350.060546875,0.018293038462147568,"/var/tmp/atighedl_runs/NEURALPVS_MAY19_SYNTHETIC_100EP/fvdb_out/OACNNsInterleaved_synthetic_may19_r60_1000_t3000_dice,no_guess_20260522-033305_synthetic_may19_r60_fvdb_d8_b3_depth3_100ep_bUT7qiIY",/var/tmp/atighedl_runs/final_all_inference_complete_100ep/fvdb_out/OACNNsInterleaved_final_infer_robotlab_r60_dice_20260523-235824_synthetic_may19_r60_fvdb_d8_b3_depth3_100ep-final_robotlab_r60_fvdb_d8_100ep_metrics_nEDLLOMj,/var/tmp/atighedl_runs/final_all_inference_complete_100ep/fvdb_out/OACNNsInterleaved_final_infer_robotlab_r60_dice_20260523-235847_synthetic_may19_r60_fvdb_d8_b3_depth3_100ep-final_robotlab_r60_fvdb_d8_100ep_timing_1MkeIsZG,/var/tmp/atighedl_runs/final_all_inference_complete_100ep/fvdb_out/OACNNsInterleaved_final_infer_robotlab_r60_dice_20260523-235824_synthetic_may19_r60_fvdb_d8_b3_depth3_100ep-final_robotlab_r60_fvdb_d8_100ep_metrics_nEDLLOMj/inference/0,/var/tmp/atighedl_runs/final_all_inference_complete_100ep/logs/infer_robotlab_r60_fvdb_d8_100ep_metrics.log,/var/tmp/atighedl_runs/final_all_inference_complete_100ep/logs/infer_robotlab_r60_fvdb_d8_100ep_timing.log
sponza,r60,8,fvdb,100,146,0.9801829694068596,0.019817030593140442,191173.45205479453,3933.609589041096,0.011466167401522348,0.03733144480454386,0.2738590858978768,0.41772922077407576,35.81727885424957,28.528164656811647,0.2094662153249374,28.528164656811647,6.988975056608778,449.5830078125,0.04179177463871159,"/var/tmp/atighedl_runs/NEURALPVS_MAY19_SYNTHETIC_100EP/fvdb_out/OACNNsInterleaved_synthetic_may19_r60_1000_t3000_dice,no_guess_20260522-033305_synthetic_may19_r60_fvdb_d8_b3_depth3_100ep_bUT7qiIY",/var/tmp/atighedl_runs/final_all_inference_complete_100ep/fvdb_out/OACNNsInterleaved_final_infer_sponza_r60_dice_20260523-235921_synthetic_may19_r60_fvdb_d8_b3_depth3_100ep-final_sponza_r60_fvdb_d8_100ep_metrics_h13H1UuU,/var/tmp/atighedl_runs/final_all_inference_complete_100ep/fvdb_out/OACNNsInterleaved_final_infer_sponza_r60_dice_20260524-000003_synthetic_may19_r60_fvdb_d8_b3_depth3_100ep-final_sponza_r60_fvdb_d8_100ep_timing_hC1hfFxR,/var/tmp/atighedl_runs/final_all_inference_complete_100ep/fvdb_out/OACNNsInterleaved_final_infer_sponza_r60_dice_20260523-235921_synthetic_may19_r60_fvdb_d8_b3_depth3_100ep-final_sponza_r60_fvdb_d8_100ep_metrics_h13H1UuU/inference/0,/var/tmp/atighedl_runs/final_all_inference_complete_100ep/logs/infer_sponza_r60_fvdb_d8_100ep_metrics.log,/var/tmp/atighedl_runs/final_all_inference_complete_100ep/logs/infer_sponza_r60_fvdb_d8_100ep_timing.log
viking,r60,8,fvdb,100,443,0.912127340216669,0.08787265978333102,108739.8893905192,18417.56659142212,0.006523354180287478,0.17133220587489165,0.2443160847603064,0.4356254843099392,31.111002703029545,27.742068626717227,0.21762599186141693,27.742068626717227,3.022174304771989,353.474609375,0.0262561848147459,"/var/tmp/atighedl_runs/NEURALPVS_MAY19_SYNTHETIC_100EP/fvdb_out/OACNNsInterleaved_synthetic_may19_r60_1000_t3000_dice,no_guess_20260522-033305_synthetic_may19_r60_fvdb_d8_b3_depth3_100ep_bUT7qiIY",/var/tmp/atighedl_runs/final_all_inference_complete_100ep/fvdb_out/OACNNsInterleaved_final_infer_viking_r60_dice_20260524-000046_synthetic_may19_r60_fvdb_d8_b3_depth3_100ep-final_viking_r60_fvdb_d8_100ep_metrics_YjjPkZrD,/var/tmp/atighedl_runs/final_all_inference_complete_100ep/fvdb_out/OACNNsInterleaved_final_infer_viking_r60_dice_20260524-000214_synthetic_may19_r60_fvdb_d8_b3_depth3_100ep-final_viking_r60_fvdb_d8_100ep_timing_XLGg0zBu,/var/tmp/atighedl_runs/final_all_inference_complete_100ep/fvdb_out/OACNNsInterleaved_final_infer_viking_r60_dice_20260524-000046_synthetic_may19_r60_fvdb_d8_b3_depth3_100ep-final_viking_r60_fvdb_d8_100ep_metrics_YjjPkZrD/inference/0,/var/tmp/atighedl_runs/final_all_inference_complete_100ep/logs/infer_viking_r60_fvdb_d8_100ep_metrics.log,/var/tmp/atighedl_runs/final_all_inference_complete_100ep/logs/infer_viking_r60_fvdb_d8_100ep_timing.log
bigcity,r60,8,spconv,100,55,0.9827247793024236,0.017275220697576296,120034.65454545454,3174.7272727272725,0.0071949297138912665,0.033359795588661284,0.26848843829198316,0.4721559031443162,17.244174491598045,16.812995844014655,0.21550507166345298,nan,0.21567357591993644,314.61767578125,0.02660337578166615,"/var/tmp/atighedl_runs/NEURALPVS_MAY19_SYNTHETIC_100EP/spconv_out/OACNNsInterleaved_synthetic_may19_r60_1000_t3000_dice,no_guess_20260522-072138_synthetic_may19_r60_spconv_d8_b3_depth3_100ep_OeRxHbQg",/var/tmp/atighedl_runs/final_all_inference_complete_100ep/spconv_out/OACNNsInterleaved_final_infer_bigcity_r60_dice_20260524-000420_synthetic_may19_r60_spconv_d8_b3_depth3_100ep-final_bigcity_r60_spconv_d8_100ep_metrics_cyvVF98T,/var/tmp/atighedl_runs/final_all_inference_complete_100ep/spconv_out/OACNNsInterleaved_final_infer_bigcity_r60_dice_20260524-000529_synthetic_may19_r60_spconv_d8_b3_depth3_100ep-final_bigcity_r60_spconv_d8_100ep_timing_hNZj1vRf,/var/tmp/atighedl_runs/final_all_inference_complete_100ep/spconv_out/OACNNsInterleaved_final_infer_bigcity_r60_dice_20260524-000420_synthetic_may19_r60_spconv_d8_b3_depth3_100ep-final_bigcity_r60_spconv_d8_100ep_metrics_cyvVF98T/inference/0,/var/tmp/atighedl_runs/final_all_inference_complete_100ep/logs/infer_bigcity_r60_spconv_d8_100ep_metrics.log,/var/tmp/atighedl_runs/final_all_inference_complete_100ep/logs/infer_bigcity_r60_spconv_d8_100ep_timing.log
industrial,r60,8,spconv,100,246,0.9933353090673928,0.006664690932607215,61933.11382113821,734.3821138211382,0.003707643532065425,0.010028476629271768,0.35113806120021557,0.7673084433001232,17.14724015120787,16.71568315449308,0.2160677721646304,nan,0.215489224550159,280.45703125,0.01050811206422201,"/var/tmp/atighedl_runs/NEURALPVS_MAY19_SYNTHETIC_100EP/spconv_out/OACNNsInterleaved_synthetic_may19_r60_1000_t3000_dice,no_guess_20260522-072138_synthetic_may19_r60_spconv_d8_b3_depth3_100ep_OeRxHbQg",/var/tmp/atighedl_runs/final_all_inference_complete_100ep/spconv_out/OACNNsInterleaved_final_infer_industrial_r60_dice_20260524-000652_synthetic_may19_r60_spconv_d8_b3_depth3_100ep-final_industrial_r60_spconv_d8_100ep_metrics_EtA46W8p,/var/tmp/atighedl_runs/final_all_inference_complete_100ep/spconv_out/OACNNsInterleaved_final_infer_industrial_r60_dice_20260524-000821_synthetic_may19_r60_spconv_d8_b3_depth3_100ep-final_industrial_r60_spconv_d8_100ep_timing_zYmppDCR,/var/tmp/atighedl_runs/final_all_inference_complete_100ep/spconv_out/OACNNsInterleaved_final_infer_industrial_r60_dice_20260524-000652_synthetic_may19_r60_spconv_d8_b3_depth3_100ep-final_industrial_r60_spconv_d8_100ep_metrics_EtA46W8p/inference/0,/var/tmp/atighedl_runs/final_all_inference_complete_100ep/logs/infer_industrial_r60_spconv_d8_100ep_metrics.log,/var/tmp/atighedl_runs/final_all_inference_complete_100ep/logs/infer_industrial_r60_spconv_d8_100ep_timing.log
robotlab,r60,8,spconv,100,66,0.979666553663485,0.020333446336514974,110331.95454545454,5021.30303030303,0.006624282584666707,0.041464294871371765,0.3607947939273083,0.7408574611851664,17.247874062139026,16.8160676120017,0.2159701185494972,nan,0.21583633158782808,306.28955078125,0.018293038462147568,"/var/tmp/atighedl_runs/NEURALPVS_MAY19_SYNTHETIC_100EP/spconv_out/OACNNsInterleaved_synthetic_may19_r60_1000_t3000_dice,no_guess_20260522-072138_synthetic_may19_r60_spconv_d8_b3_depth3_100ep_OeRxHbQg",/var/tmp/atighedl_runs/final_all_inference_complete_100ep/spconv_out/OACNNsInterleaved_final_infer_robotlab_r60_dice_20260524-001008_synthetic_may19_r60_spconv_d8_b3_depth3_100ep-final_robotlab_r60_spconv_d8_100ep_metrics_cWBV4M2M,/var/tmp/atighedl_runs/final_all_inference_complete_100ep/spconv_out/OACNNsInterleaved_final_infer_robotlab_r60_dice_20260524-001119_synthetic_may19_r60_spconv_d8_b3_depth3_100ep-final_robotlab_r60_spconv_d8_100ep_timing_UL6ux3vE,/var/tmp/atighedl_runs/final_all_inference_complete_100ep/spconv_out/OACNNsInterleaved_final_infer_robotlab_r60_dice_20260524-001008_synthetic_may19_r60_spconv_d8_b3_depth3_100ep-final_robotlab_r60_spconv_d8_100ep_metrics_cWBV4M2M/inference/0,/var/tmp/atighedl_runs/final_all_inference_complete_100ep/logs/infer_robotlab_r60_spconv_d8_100ep_metrics.log,/var/tmp/atighedl_runs/final_all_inference_complete_100ep/logs/infer_robotlab_r60_spconv_d8_100ep_timing.log
sponza,r60,8,spconv,100,146,0.9874880183232974,0.012511981676702581,216925.53424657535,2183.527397260274,0.01301083089911361,0.020747670525850755,0.309750035405159,0.4561096587001461,17.66395703586094,17.235588380114486,0.21601868550836417,nan,0.21234997023808924,366.58837890625,0.04179177463871159,"/var/tmp/atighedl_runs/NEURALPVS_MAY19_SYNTHETIC_100EP/spconv_out/OACNNsInterleaved_synthetic_may19_r60_1000_t3000_dice,no_guess_20260522-072138_synthetic_may19_r60_spconv_d8_b3_depth3_100ep_OeRxHbQg",/var/tmp/atighedl_runs/final_all_inference_complete_100ep/spconv_out/OACNNsInterleaved_final_infer_sponza_r60_dice_20260524-001246_synthetic_may19_r60_spconv_d8_b3_depth3_100ep-final_sponza_r60_spconv_d8_100ep_metrics_t5RWbnTC,/var/tmp/atighedl_runs/final_all_inference_complete_100ep/spconv_out/OACNNsInterleaved_final_infer_sponza_r60_dice_20260524-001419_synthetic_may19_r60_spconv_d8_b3_depth3_100ep-final_sponza_r60_spconv_d8_100ep_timing_H0jCDyKJ,/var/tmp/atighedl_runs/final_all_inference_complete_100ep/spconv_out/OACNNsInterleaved_final_infer_sponza_r60_dice_20260524-001246_synthetic_may19_r60_spconv_d8_b3_depth3_100ep-final_sponza_r60_spconv_d8_100ep_metrics_t5RWbnTC/inference/0,/var/tmp/atighedl_runs/final_all_inference_complete_100ep/logs/infer_sponza_r60_spconv_d8_100ep_metrics.log,/var/tmp/atighedl_runs/final_all_inference_complete_100ep/logs/infer_sponza_r60_spconv_d8_100ep_timing.log
viking,r60,8,spconv,100,443,0.9614407083789059,0.03855929162109405,128494.61625282167,8922.018058690745,0.00770820294029619,0.08108588470183899,0.2892806023762942,0.5017700946088838,17.369859906870662,16.947455020244682,0.20914283724171884,nan,0.21326204938425994,306.7138671875,0.0262561848147459,"/var/tmp/atighedl_runs/NEURALPVS_MAY19_SYNTHETIC_100EP/spconv_out/OACNNsInterleaved_synthetic_may19_r60_1000_t3000_dice,no_guess_20260522-072138_synthetic_may19_r60_spconv_d8_b3_depth3_100ep_OeRxHbQg",/var/tmp/atighedl_runs/final_all_inference_complete_100ep/spconv_out/OACNNsInterleaved_final_infer_viking_r60_dice_20260524-001548_synthetic_may19_r60_spconv_d8_b3_depth3_100ep-final_viking_r60_spconv_d8_100ep_metrics_NOFPRmeO,/var/tmp/atighedl_runs/final_all_inference_complete_100ep/spconv_out/OACNNsInterleaved_final_infer_viking_r60_dice_20260524-001802_synthetic_may19_r60_spconv_d8_b3_depth3_100ep-final_viking_r60_spconv_d8_100ep_timing_t8a8cMno,/var/tmp/atighedl_runs/final_all_inference_complete_100ep/spconv_out/OACNNsInterleaved_final_infer_viking_r60_dice_20260524-001548_synthetic_may19_r60_spconv_d8_b3_depth3_100ep-final_viking_r60_spconv_d8_100ep_metrics_NOFPRmeO/inference/0,/var/tmp/atighedl_runs/final_all_inference_complete_100ep/logs/infer_viking_r60_spconv_d8_100ep_metrics.log,/var/tmp/atighedl_runs/final_all_inference_complete_100ep/logs/infer_viking_r60_spconv_d8_100ep_timing.log
bigcity,r60,16,fvdb,100,55,0.9711386182091453,0.028861381790854675,134489.63636363635,5066.8,0.008061333500187453,0.0532884000377221,0.3008105597712777,0.5001710772514343,34.42310384787262,27.410127524708912,0.20053410761058327,27.410127524708912,6.759410040654443,464.76123046875,0.02660337578166615,"/var/tmp/atighedl_runs/NEURALPVS_MAY19_SYNTHETIC_100EP/fvdb_out/OACNNsInterleaved_synthetic_may19_r60_1000_t3000_dice,no_guess_20260521-203109_synthetic_may19_r60_fvdb_d16_b3_depth3_100ep_w4vzws4p",/var/tmp/atighedl_runs/final_all_inference_complete_100ep/fvdb_out/OACNNsInterleaved_final_infer_bigcity_r60_dice_20260524-001916_synthetic_may19_r60_fvdb_d16_b3_depth3_100ep-final_bigcity_r60_fvdb_d16_100ep_metrics_R2xxWc6M,/var/tmp/atighedl_runs/final_all_inference_complete_100ep/fvdb_out/OACNNsInterleaved_final_infer_bigcity_r60_dice_20260524-001932_synthetic_may19_r60_fvdb_d16_b3_depth3_100ep-final_bigcity_r60_fvdb_d16_100ep_timing_Qz3NRusj,/var/tmp/atighedl_runs/final_all_inference_complete_100ep/fvdb_out/OACNNsInterleaved_final_infer_bigcity_r60_dice_20260524-001916_synthetic_may19_r60_fvdb_d16_b3_depth3_100ep-final_bigcity_r60_fvdb_d16_100ep_metrics_R2xxWc6M/inference/0,/var/tmp/atighedl_runs/final_all_inference_complete_100ep/logs/infer_bigcity_r60_fvdb_d16_100ep_metrics.log,/var/tmp/atighedl_runs/final_all_inference_complete_100ep/logs/infer_bigcity_r60_fvdb_d16_100ep_timing.log
industrial,r60,16,fvdb,100,246,0.9869017751236272,0.013098224876372744,65742.35365853658,1207.0975609756097,0.003935664856230895,0.01632076915585061,0.37346051687874443,0.7871498136016412,31.43594315406517,27.318013353444833,0.20047301296144726,27.318013353444833,3.7814438293155814,391.046875,0.01050811206422201,"/var/tmp/atighedl_runs/NEURALPVS_MAY19_SYNTHETIC_100EP/fvdb_out/OACNNsInterleaved_synthetic_may19_r60_1000_t3000_dice,no_guess_20260521-203109_synthetic_may19_r60_fvdb_d16_b3_depth3_100ep_w4vzws4p",/var/tmp/atighedl_runs/final_all_inference_complete_100ep/fvdb_out/OACNNsInterleaved_final_infer_industrial_r60_dice_20260524-002004_synthetic_may19_r60_fvdb_d16_b3_depth3_100ep-final_industrial_r60_fvdb_d16_100ep_metrics_i3Pi3pt9,/var/tmp/atighedl_runs/final_all_inference_complete_100ep/fvdb_out/OACNNsInterleaved_final_infer_industrial_r60_dice_20260524-002048_synthetic_may19_r60_fvdb_d16_b3_depth3_100ep-final_industrial_r60_fvdb_d16_100ep_timing_2U6pOYNs,/var/tmp/atighedl_runs/final_all_inference_complete_100ep/fvdb_out/OACNNsInterleaved_final_infer_industrial_r60_dice_20260524-002004_synthetic_may19_r60_fvdb_d16_b3_depth3_100ep-final_industrial_r60_fvdb_d16_100ep_metrics_i3Pi3pt9/inference/0,/var/tmp/atighedl_runs/final_all_inference_complete_100ep/logs/infer_industrial_r60_fvdb_d16_100ep_metrics.log,/var/tmp/atighedl_runs/final_all_inference_complete_100ep/logs/infer_industrial_r60_fvdb_d16_100ep_timing.log
robotlab,r60,16,fvdb,100,66,0.9532288439346083,0.04677115606539173,112187.9696969697,11437.833333333334,0.006735711506652512,0.0943515626995852,0.36592696471647784,0.7248646960113988,34.74362718568753,27.779354703566316,0.20034486852120612,27.779354703566316,6.654363777028936,461.1044921875,0.018293038462147568,"/var/tmp/atighedl_runs/NEURALPVS_MAY19_SYNTHETIC_100EP/fvdb_out/OACNNsInterleaved_synthetic_may19_r60_1000_t3000_dice,no_guess_20260521-203109_synthetic_may19_r60_fvdb_d16_b3_depth3_100ep_w4vzws4p",/var/tmp/atighedl_runs/final_all_inference_complete_100ep/fvdb_out/OACNNsInterleaved_final_infer_robotlab_r60_dice_20260524-002141_synthetic_may19_r60_fvdb_d16_b3_depth3_100ep-final_robotlab_r60_fvdb_d16_100ep_metrics_in08mHBJ,/var/tmp/atighedl_runs/final_all_inference_complete_100ep/fvdb_out/OACNNsInterleaved_final_infer_robotlab_r60_dice_20260524-002205_synthetic_may19_r60_fvdb_d16_b3_depth3_100ep-final_robotlab_r60_fvdb_d16_100ep_timing_odUJLvw9,/var/tmp/atighedl_runs/final_all_inference_complete_100ep/fvdb_out/OACNNsInterleaved_final_infer_robotlab_r60_dice_20260524-002141_synthetic_may19_r60_fvdb_d16_b3_depth3_100ep-final_robotlab_r60_fvdb_d16_100ep_metrics_in08mHBJ/inference/0,/var/tmp/atighedl_runs/final_all_inference_complete_100ep/logs/infer_robotlab_r60_fvdb_d16_100ep_metrics.log,/var/tmp/atighedl_runs/final_all_inference_complete_100ep/logs/infer_robotlab_r60_fvdb_d16_100ep_timing.log
sponza,r60,16,fvdb,100,146,0.9651536757815374,0.034846324218462545,239106.02739726027,6567.2945205479455,0.014341162702655499,0.06254583606113713,0.34251899976436406,0.4827230652309444,39.98544774413671,28.30516285983856,0.2003125476790592,28.30516285983856,11.522406368484637,602.6494140625,0.04179177463871159,"/var/tmp/atighedl_runs/NEURALPVS_MAY19_SYNTHETIC_100EP/fvdb_out/OACNNsInterleaved_synthetic_may19_r60_1000_t3000_dice,no_guess_20260521-203109_synthetic_may19_r60_fvdb_d16_b3_depth3_100ep_w4vzws4p",/var/tmp/atighedl_runs/final_all_inference_complete_100ep/fvdb_out/OACNNsInterleaved_final_infer_sponza_r60_dice_20260524-002240_synthetic_may19_r60_fvdb_d16_b3_depth3_100ep-final_sponza_r60_fvdb_d16_100ep_metrics_O83haiCt,/var/tmp/atighedl_runs/final_all_inference_complete_100ep/fvdb_out/OACNNsInterleaved_final_infer_sponza_r60_dice_20260524-002327_synthetic_may19_r60_fvdb_d16_b3_depth3_100ep-final_sponza_r60_fvdb_d16_100ep_timing_TdqLGjHf,/var/tmp/atighedl_runs/final_all_inference_complete_100ep/fvdb_out/OACNNsInterleaved_final_infer_sponza_r60_dice_20260524-002240_synthetic_may19_r60_fvdb_d16_b3_depth3_100ep-final_sponza_r60_fvdb_d16_100ep_metrics_O83haiCt/inference/0,/var/tmp/atighedl_runs/final_all_inference_complete_100ep/logs/infer_sponza_r60_fvdb_d16_100ep_metrics.log,/var/tmp/atighedl_runs/final_all_inference_complete_100ep/logs/infer_sponza_r60_fvdb_d16_100ep_timing.log
viking,r60,16,fvdb,100,443,0.9621414507215771,0.03785854927842284,150210.30699774265,8355.882618510159,0.0090105406483782,0.0771019263193011,0.33759583906180163,0.5510226181344577,34.56915552438847,27.692902433809447,0.20064280240330845,27.692902433809447,6.672087170494099,462.2333984375,0.0262561848147459,"/var/tmp/atighedl_runs/NEURALPVS_MAY19_SYNTHETIC_100EP/fvdb_out/OACNNsInterleaved_synthetic_may19_r60_1000_t3000_dice,no_guess_20260521-203109_synthetic_may19_r60_fvdb_d16_b3_depth3_100ep_w4vzws4p",/var/tmp/atighedl_runs/final_all_inference_complete_100ep/fvdb_out/OACNNsInterleaved_final_infer_viking_r60_dice_20260524-002410_synthetic_may19_r60_fvdb_d16_b3_depth3_100ep-final_viking_r60_fvdb_d16_100ep_metrics_wyk8Gmz2,/var/tmp/atighedl_runs/final_all_inference_complete_100ep/fvdb_out/OACNNsInterleaved_final_infer_viking_r60_dice_20260524-002546_synthetic_may19_r60_fvdb_d16_b3_depth3_100ep-final_viking_r60_fvdb_d16_100ep_timing_wgUs5LwQ,/var/tmp/atighedl_runs/final_all_inference_complete_100ep/fvdb_out/OACNNsInterleaved_final_infer_viking_r60_dice_20260524-002410_synthetic_may19_r60_fvdb_d16_b3_depth3_100ep-final_viking_r60_fvdb_d16_100ep_metrics_wyk8Gmz2/inference/0,/var/tmp/atighedl_runs/final_all_inference_complete_100ep/logs/infer_viking_r60_fvdb_d16_100ep_metrics.log,/var/tmp/atighedl_runs/final_all_inference_complete_100ep/logs/infer_viking_r60_fvdb_d16_100ep_timing.log
bigcity,r60,16,spconv,100,55,0.9712399244308472,0.028760075569152783,123023.85454545454,5099.236363636363,0.007374070855704177,0.053701147335496774,0.27557396428151565,0.4748595741662112,17.67323567661993,17.258294892381848,0.20205486591439697,nan,0.21288591832368792,384.81982421875,0.02660337578166615,"/var/tmp/atighedl_runs/NEURALPVS_MAY19_SYNTHETIC_100EP/spconv_out/OACNNsInterleaved_synthetic_may19_r60_1000_t3000_dice,no_guess_20260522-000458_synthetic_may19_r60_spconv_d16_b3_depth3_100ep_rafyascd",/var/tmp/atighedl_runs/final_all_inference_complete_100ep/spconv_out/OACNNsInterleaved_final_infer_bigcity_r60_dice_20260524-002751_synthetic_may19_r60_spconv_d16_b3_depth3_100ep-final_bigcity_r60_spconv_d16_100ep_metrics_uogqhDuF,/var/tmp/atighedl_runs/final_all_inference_complete_100ep/spconv_out/OACNNsInterleaved_final_infer_bigcity_r60_dice_20260524-002856_synthetic_may19_r60_spconv_d16_b3_depth3_100ep-final_bigcity_r60_spconv_d16_100ep_timing_BLcsWJpL,/var/tmp/atighedl_runs/final_all_inference_complete_100ep/spconv_out/OACNNsInterleaved_final_infer_bigcity_r60_dice_20260524-002751_synthetic_may19_r60_spconv_d16_b3_depth3_100ep-final_bigcity_r60_spconv_d16_100ep_metrics_uogqhDuF/inference/0,/var/tmp/atighedl_runs/final_all_inference_complete_100ep/logs/infer_bigcity_r60_spconv_d16_100ep_metrics.log,/var/tmp/atighedl_runs/final_all_inference_complete_100ep/logs/infer_bigcity_r60_spconv_d16_100ep_timing.log
industrial,r60,16,spconv,100,246,0.9873617618549161,0.01263823814508387,62427.73170731707,1272.341463414634,0.0037372207715803993,0.017149103741181355,0.3540177373139839,0.7672585602698287,17.547032583848033,17.131887843951002,0.2020447213109583,nan,0.2131000185860709,339.16650390625,0.01050811206422201,"/var/tmp/atighedl_runs/NEURALPVS_MAY19_SYNTHETIC_100EP/spconv_out/OACNNsInterleaved_synthetic_may19_r60_1000_t3000_dice,no_guess_20260522-000458_synthetic_may19_r60_spconv_d16_b3_depth3_100ep_rafyascd",/var/tmp/atighedl_runs/final_all_inference_complete_100ep/spconv_out/OACNNsInterleaved_final_infer_industrial_r60_dice_20260524-003013_synthetic_may19_r60_spconv_d16_b3_depth3_100ep-final_industrial_r60_spconv_d16_100ep_metrics_j27j0PmM,/var/tmp/atighedl_runs/final_all_inference_complete_100ep/spconv_out/OACNNsInterleaved_final_infer_industrial_r60_dice_20260524-003146_synthetic_may19_r60_spconv_d16_b3_depth3_100ep-final_industrial_r60_spconv_d16_100ep_timing_5eZHrumq,/var/tmp/atighedl_runs/final_all_inference_complete_100ep/spconv_out/OACNNsInterleaved_final_infer_industrial_r60_dice_20260524-003013_synthetic_may19_r60_spconv_d16_b3_depth3_100ep-final_industrial_r60_spconv_d16_100ep_metrics_j27j0PmM/inference/0,/var/tmp/atighedl_runs/final_all_inference_complete_100ep/logs/infer_industrial_r60_spconv_d16_100ep_metrics.log,/var/tmp/atighedl_runs/final_all_inference_complete_100ep/logs/infer_industrial_r60_spconv_d16_100ep_timing.log
robotlab,r60,16,spconv,100,66,0.9576014244195187,0.04239857558048128,111018.45454545454,10370.484848484848,0.006665507910039338,0.08578679140544293,0.36185724717198,0.7240737775961558,17.96127778042348,17.546671562843137,0.20161054366733877,nan,0.2129956739130042,382.42626953125,0.018293038462147568,"/var/tmp/atighedl_runs/NEURALPVS_MAY19_SYNTHETIC_100EP/spconv_out/OACNNsInterleaved_synthetic_may19_r60_1000_t3000_dice,no_guess_20260522-000458_synthetic_may19_r60_spconv_d16_b3_depth3_100ep_rafyascd",/var/tmp/atighedl_runs/final_all_inference_complete_100ep/spconv_out/OACNNsInterleaved_final_infer_robotlab_r60_dice_20260524-003327_synthetic_may19_r60_spconv_d16_b3_depth3_100ep-final_robotlab_r60_spconv_d16_100ep_metrics_EQuOs1p3,/var/tmp/atighedl_runs/final_all_inference_complete_100ep/spconv_out/OACNNsInterleaved_final_infer_robotlab_r60_dice_20260524-003440_synthetic_may19_r60_spconv_d16_b3_depth3_100ep-final_robotlab_r60_spconv_d16_100ep_timing_T5T3gLWp,/var/tmp/atighedl_runs/final_all_inference_complete_100ep/spconv_out/OACNNsInterleaved_final_infer_robotlab_r60_dice_20260524-003327_synthetic_may19_r60_spconv_d16_b3_depth3_100ep-final_robotlab_r60_spconv_d16_100ep_metrics_EQuOs1p3/inference/0,/var/tmp/atighedl_runs/final_all_inference_complete_100ep/logs/infer_robotlab_r60_spconv_d16_100ep_metrics.log,/var/tmp/atighedl_runs/final_all_inference_complete_100ep/logs/infer_robotlab_r60_spconv_d16_100ep_timing.log
sponza,r60,16,spconv,100,146,0.9518203939477058,0.04817960605229412,195442.86301369863,9716.72602739726,0.011722343616595772,0.092994518616326,0.2794373530435236,0.41493329038358717,18.76360347253804,18.3484829340556,0.201810257434845,nan,0.21331028104759753,467.12548828125,0.04179177463871159,"/var/tmp/atighedl_runs/NEURALPVS_MAY19_SYNTHETIC_100EP/spconv_out/OACNNsInterleaved_synthetic_may19_r60_1000_t3000_dice,no_guess_20260522-000458_synthetic_may19_r60_spconv_d16_b3_depth3_100ep_rafyascd",/var/tmp/atighedl_runs/final_all_inference_complete_100ep/spconv_out/OACNNsInterleaved_final_infer_sponza_r60_dice_20260524-003603_synthetic_may19_r60_spconv_d16_b3_depth3_100ep-final_sponza_r60_spconv_d16_100ep_metrics_ya7VkcHF,/var/tmp/atighedl_runs/final_all_inference_complete_100ep/spconv_out/OACNNsInterleaved_final_infer_sponza_r60_dice_20260524-003735_synthetic_may19_r60_spconv_d16_b3_depth3_100ep-final_sponza_r60_spconv_d16_100ep_timing_7Lsx2X89,/var/tmp/atighedl_runs/final_all_inference_complete_100ep/spconv_out/OACNNsInterleaved_final_infer_sponza_r60_dice_20260524-003603_synthetic_may19_r60_spconv_d16_b3_depth3_100ep-final_sponza_r60_spconv_d16_100ep_metrics_ya7VkcHF/inference/0,/var/tmp/atighedl_runs/final_all_inference_complete_100ep/logs/infer_sponza_r60_spconv_d16_100ep_metrics.log,/var/tmp/atighedl_runs/final_all_inference_complete_100ep/logs/infer_sponza_r60_spconv_d16_100ep_timing.log
viking,r60,16,spconv,100,443,0.968044556155969,0.03195544384403095,151420.2663656885,7129.390519187359,0.009083465134838452,0.064746792507032,0.3395066047024243,0.5558500129805193,17.523208104718762,17.108183935913075,0.20214343416038902,nan,0.2128807346452959,382.98779296875,0.0262561848147459,"/var/tmp/atighedl_runs/NEURALPVS_MAY19_SYNTHETIC_100EP/spconv_out/OACNNsInterleaved_synthetic_may19_r60_1000_t3000_dice,no_guess_20260522-000458_synthetic_may19_r60_spconv_d16_b3_depth3_100ep_rafyascd",/var/tmp/atighedl_runs/final_all_inference_complete_100ep/spconv_out/OACNNsInterleaved_final_infer_viking_r60_dice_20260524-003906_synthetic_may19_r60_spconv_d16_b3_depth3_100ep-final_viking_r60_spconv_d16_100ep_metrics_RLiqS2gX,/var/tmp/atighedl_runs/final_all_inference_complete_100ep/spconv_out/OACNNsInterleaved_final_infer_viking_r60_dice_20260524-004127_synthetic_may19_r60_spconv_d16_b3_depth3_100ep-final_viking_r60_spconv_d16_100ep_timing_VWbYBQFj,/var/tmp/atighedl_runs/final_all_inference_complete_100ep/spconv_out/OACNNsInterleaved_final_infer_viking_r60_dice_20260524-003906_synthetic_may19_r60_spconv_d16_b3_depth3_100ep-final_viking_r60_spconv_d16_100ep_metrics_RLiqS2gX/inference/0,/var/tmp/atighedl_runs/final_all_inference_complete_100ep/logs/infer_viking_r60_spconv_d16_100ep_metrics.log,/var/tmp/atighedl_runs/final_all_inference_complete_100ep/logs/infer_viking_r60_spconv_d16_100ep_timing.log
bigcity,r60,32,fvdb,100,55,0.959643811529333,0.04035618847066702,101447.14545454546,7152.254545454545,0.006080805103887168,0.07530449181795115,0.2269587378610264,0.42162016901102933,38.15319752990917,25.52646276366431,0.2428380249434018,25.52646276366431,12.325831257352016,811.642578125,0.02660337578166615,"/var/tmp/atighedl_runs/NEURALPVS_MAY19_SYNTHETIC_100EP/fvdb_out/OACNNsInterleaved_synthetic_may19_r60_1000_t3000_dice,no_guess_20260522-105126_synthetic_may19_r60_fvdb_d32_b3_depth3_100ep_EJOre3QD",/var/tmp/atighedl_runs/final_all_inference_complete_100ep/fvdb_out/OACNNsInterleaved_final_infer_bigcity_r60_dice_20260524-004242_synthetic_may19_r60_fvdb_d32_b3_depth3_100ep-final_bigcity_r60_fvdb_d32_100ep_metrics_e99oTPW9,/var/tmp/atighedl_runs/final_all_inference_complete_100ep/fvdb_out/OACNNsInterleaved_final_infer_bigcity_r60_dice_20260524-004301_synthetic_may19_r60_fvdb_d32_b3_depth3_100ep-final_bigcity_r60_fvdb_d32_100ep_timing_5MRgt0Z1,/var/tmp/atighedl_runs/final_all_inference_complete_100ep/fvdb_out/OACNNsInterleaved_final_infer_bigcity_r60_dice_20260524-004242_synthetic_may19_r60_fvdb_d32_b3_depth3_100ep-final_bigcity_r60_fvdb_d32_100ep_metrics_e99oTPW9/inference/0,/var/tmp/atighedl_runs/final_all_inference_complete_100ep/logs/infer_bigcity_r60_fvdb_d32_100ep_metrics.log,/var/tmp/atighedl_runs/final_all_inference_complete_100ep/logs/infer_bigcity_r60_fvdb_d32_100ep_timing.log
industrial,r60,32,fvdb,100,246,0.9587510925967518,0.04124890740324807,55570.13821138212,5307.349593495935,0.003326732674764978,0.0727121304357197,0.31579873741157655,0.7055576717465873,33.656555906894475,24.955255643751897,0.2429989307198585,24.955255643751897,8.355685240433864,709.56640625,0.01050811206422201,"/var/tmp/atighedl_runs/NEURALPVS_MAY19_SYNTHETIC_100EP/fvdb_out/OACNNsInterleaved_synthetic_may19_r60_1000_t3000_dice,no_guess_20260522-105126_synthetic_may19_r60_fvdb_d32_b3_depth3_100ep_EJOre3QD",/var/tmp/atighedl_runs/final_all_inference_complete_100ep/fvdb_out/OACNNsInterleaved_final_infer_industrial_r60_dice_20260524-004334_synthetic_may19_r60_fvdb_d32_b3_depth3_100ep-final_industrial_r60_fvdb_d32_100ep_metrics_TPktEmKX,/var/tmp/atighedl_runs/final_all_inference_complete_100ep/fvdb_out/OACNNsInterleaved_final_infer_industrial_r60_dice_20260524-004436_synthetic_may19_r60_fvdb_d32_b3_depth3_100ep-final_industrial_r60_fvdb_d32_100ep_timing_mcopW4jd,/var/tmp/atighedl_runs/final_all_inference_complete_100ep/fvdb_out/OACNNsInterleaved_final_infer_industrial_r60_dice_20260524-004334_synthetic_may19_r60_fvdb_d32_b3_depth3_100ep-final_industrial_r60_fvdb_d32_100ep_metrics_TPktEmKX/inference/0,/var/tmp/atighedl_runs/final_all_inference_complete_100ep/logs/infer_industrial_r60_fvdb_d32_100ep_metrics.log,/var/tmp/atighedl_runs/final_all_inference_complete_100ep/logs/infer_industrial_r60_fvdb_d32_100ep_timing.log
robotlab,r60,32,fvdb,100,66,0.9446887988032717,0.05531120119672829,136452.4393939394,13358.878787878788,0.008192554751241697,0.1100955825637687,0.4445693768335111,0.7970159062833497,37.96921310166716,25.567525295191444,0.24335325181129439,25.567525295191444,12.422800717148476,818.8798828125,0.018293038462147568,"/var/tmp/atighedl_runs/NEURALPVS_MAY19_SYNTHETIC_100EP/fvdb_out/OACNNsInterleaved_synthetic_may19_r60_1000_t3000_dice,no_guess_20260522-105126_synthetic_may19_r60_fvdb_d32_b3_depth3_100ep_EJOre3QD",/var/tmp/atighedl_runs/final_all_inference_complete_100ep/fvdb_out/OACNNsInterleaved_final_infer_robotlab_r60_dice_20260524-004530_synthetic_may19_r60_fvdb_d32_b3_depth3_100ep-final_robotlab_r60_fvdb_d32_100ep_metrics_vhSqXdJ8,/var/tmp/atighedl_runs/final_all_inference_complete_100ep/fvdb_out/OACNNsInterleaved_final_infer_robotlab_r60_dice_20260524-004558_synthetic_may19_r60_fvdb_d32_b3_depth3_100ep-final_robotlab_r60_fvdb_d32_100ep_timing_7A7rwegk,/var/tmp/atighedl_runs/final_all_inference_complete_100ep/fvdb_out/OACNNsInterleaved_final_infer_robotlab_r60_dice_20260524-004530_synthetic_may19_r60_fvdb_d32_b3_depth3_100ep-final_robotlab_r60_fvdb_d32_100ep_metrics_vhSqXdJ8/inference/0,/var/tmp/atighedl_runs/final_all_inference_complete_100ep/logs/infer_robotlab_r60_fvdb_d32_100ep_metrics.log,/var/tmp/atighedl_runs/final_all_inference_complete_100ep/logs/infer_robotlab_r60_fvdb_d32_100ep_timing.log
sponza,r60,32,fvdb,100,146,0.9322656123605493,0.06773438763945065,225386.34246575343,13931.602739726028,0.01351852758392074,0.133663461020548,0.3197943106906055,0.4491794593121907,44.645642083196435,26.583680817758832,0.24250239675997623,26.583680817758832,17.8490875662176,967.24560546875,0.04179177463871159,"/var/tmp/atighedl_runs/NEURALPVS_MAY19_SYNTHETIC_100EP/fvdb_out/OACNNsInterleaved_synthetic_may19_r60_1000_t3000_dice,no_guess_20260522-105126_synthetic_may19_r60_fvdb_d32_b3_depth3_100ep_EJOre3QD",/var/tmp/atighedl_runs/final_all_inference_complete_100ep/fvdb_out/OACNNsInterleaved_final_infer_sponza_r60_dice_20260524-004632_synthetic_may19_r60_fvdb_d32_b3_depth3_100ep-final_sponza_r60_fvdb_d32_100ep_metrics_SiZSKcIt,/var/tmp/atighedl_runs/final_all_inference_complete_100ep/fvdb_out/OACNNsInterleaved_final_infer_sponza_r60_dice_20260524-004728_synthetic_may19_r60_fvdb_d32_b3_depth3_100ep-final_sponza_r60_fvdb_d32_100ep_timing_NMrX6dXb,/var/tmp/atighedl_runs/final_all_inference_complete_100ep/fvdb_out/OACNNsInterleaved_final_infer_sponza_r60_dice_20260524-004632_synthetic_may19_r60_fvdb_d32_b3_depth3_100ep-final_sponza_r60_fvdb_d32_100ep_metrics_SiZSKcIt/inference/0,/var/tmp/atighedl_runs/final_all_inference_complete_100ep/logs/infer_sponza_r60_fvdb_d32_100ep_metrics.log,/var/tmp/atighedl_runs/final_all_inference_complete_100ep/logs/infer_sponza_r60_fvdb_d32_100ep_timing.log
viking,r60,32,fvdb,100,443,0.9458892540522676,0.0541107459477323,142725.0361173815,11810.392776523702,0.008560910006316485,0.10774153374286857,0.32393990120688626,0.5300174361561545,37.13930129694442,25.34921714481004,0.24312095512591655,25.34921714481004,11.465388923005031,804.66845703125,0.0262561848147459,"/var/tmp/atighedl_runs/NEURALPVS_MAY19_SYNTHETIC_100EP/fvdb_out/OACNNsInterleaved_synthetic_may19_r60_1000_t3000_dice,no_guess_20260522-105126_synthetic_may19_r60_fvdb_d32_b3_depth3_100ep_EJOre3QD",/var/tmp/atighedl_runs/final_all_inference_complete_100ep/fvdb_out/OACNNsInterleaved_final_infer_viking_r60_dice_20260524-004812_synthetic_may19_r60_fvdb_d32_b3_depth3_100ep-final_viking_r60_fvdb_d32_100ep_metrics_tYv6oiZP,/var/tmp/atighedl_runs/final_all_inference_complete_100ep/fvdb_out/OACNNsInterleaved_final_infer_viking_r60_dice_20260524-005010_synthetic_may19_r60_fvdb_d32_b3_depth3_100ep-final_viking_r60_fvdb_d32_100ep_timing_tlV24SpS,/var/tmp/atighedl_runs/final_all_inference_complete_100ep/fvdb_out/OACNNsInterleaved_final_infer_viking_r60_dice_20260524-004812_synthetic_may19_r60_fvdb_d32_b3_depth3_100ep-final_viking_r60_fvdb_d32_100ep_metrics_tYv6oiZP/inference/0,/var/tmp/atighedl_runs/final_all_inference_complete_100ep/logs/infer_viking_r60_fvdb_d32_100ep_metrics.log,/var/tmp/atighedl_runs/final_all_inference_complete_100ep/logs/infer_viking_r60_fvdb_d32_100ep_timing.log
bigcity,r60,32,spconv,100,55,0.9606018467382951,0.03939815326170484,121135.70909090909,6901.109090909091,0.007260936862704377,0.0726067175919359,0.2710300792347301,0.4662505973469127,23.216556183696312,22.765654989630725,0.24423954894744035,nan,0.20666164511814714,672.943359375,0.02660337578166615,"/var/tmp/atighedl_runs/NEURALPVS_MAY19_SYNTHETIC_100EP/spconv_out/OACNNsInterleaved_synthetic_may19_r60_1000_t3000_dice,no_guess_20260522-204228_synthetic_may19_r60_spconv_d32_b3_depth3_100ep_MDuth33Z",/var/tmp/atighedl_runs/final_all_inference_complete_100ep/spconv_out/OACNNsInterleaved_final_infer_bigcity_r60_dice_20260524-005219_synthetic_may19_r60_spconv_d32_b3_depth3_100ep-final_bigcity_r60_spconv_d32_100ep_metrics_WIRlbpOG,/var/tmp/atighedl_runs/final_all_inference_complete_100ep/spconv_out/OACNNsInterleaved_final_infer_bigcity_r60_dice_20260524-005328_synthetic_may19_r60_spconv_d32_b3_depth3_100ep-final_bigcity_r60_spconv_d32_100ep_timing_LmHh2lRU,/var/tmp/atighedl_runs/final_all_inference_complete_100ep/spconv_out/OACNNsInterleaved_final_infer_bigcity_r60_dice_20260524-005219_synthetic_may19_r60_spconv_d32_b3_depth3_100ep-final_bigcity_r60_spconv_d32_100ep_metrics_WIRlbpOG/inference/0,/var/tmp/atighedl_runs/final_all_inference_complete_100ep/logs/infer_bigcity_r60_spconv_d32_100ep_metrics.log,/var/tmp/atighedl_runs/final_all_inference_complete_100ep/logs/infer_bigcity_r60_spconv_d32_100ep_timing.log
industrial,r60,32,spconv,100,246,0.9615644209268617,0.03843557907313831,57970.39837398374,5489.731707317073,0.0034703984298190046,0.07570738968159244,0.32902283784819814,0.7175592748614831,23.021346417900787,22.57077668156966,0.24424922566616994,nan,0.2063205106649548,610.9326171875,0.01050811206422201,"/var/tmp/atighedl_runs/NEURALPVS_MAY19_SYNTHETIC_100EP/spconv_out/OACNNsInterleaved_synthetic_may19_r60_1000_t3000_dice,no_guess_20260522-204228_synthetic_may19_r60_spconv_d32_b3_depth3_100ep_MDuth33Z",/var/tmp/atighedl_runs/final_all_inference_complete_100ep/spconv_out/OACNNsInterleaved_final_infer_industrial_r60_dice_20260524-005453_synthetic_may19_r60_spconv_d32_b3_depth3_100ep-final_industrial_r60_spconv_d32_100ep_metrics_rUecsbAf,/var/tmp/atighedl_runs/final_all_inference_complete_100ep/spconv_out/OACNNsInterleaved_final_infer_industrial_r60_dice_20260524-005638_synthetic_may19_r60_spconv_d32_b3_depth3_100ep-final_industrial_r60_spconv_d32_100ep_timing_t1935GtP,/var/tmp/atighedl_runs/final_all_inference_complete_100ep/spconv_out/OACNNsInterleaved_final_infer_industrial_r60_dice_20260524-005453_synthetic_may19_r60_spconv_d32_b3_depth3_100ep-final_industrial_r60_spconv_d32_100ep_metrics_rUecsbAf/inference/0,/var/tmp/atighedl_runs/final_all_inference_complete_100ep/logs/infer_industrial_r60_spconv_d32_100ep_metrics.log,/var/tmp/atighedl_runs/final_all_inference_complete_100ep/logs/infer_industrial_r60_spconv_d32_100ep_timing.log
robotlab,r60,32,spconv,100,66,0.944496571114569,0.05550342888543096,126274.27272727272,13809.984848484848,0.007581432406423628,0.11369532075795258,0.41166943898706726,0.7630161968144503,23.694219005092066,23.24296221274432,0.24455136970417307,nan,0.2067054226435721,675.943359375,0.018293038462147568,"/var/tmp/atighedl_runs/NEURALPVS_MAY19_SYNTHETIC_100EP/spconv_out/OACNNsInterleaved_synthetic_may19_r60_1000_t3000_dice,no_guess_20260522-204228_synthetic_may19_r60_spconv_d32_b3_depth3_100ep_MDuth33Z",/var/tmp/atighedl_runs/final_all_inference_complete_100ep/spconv_out/OACNNsInterleaved_final_infer_robotlab_r60_dice_20260524-005821_synthetic_may19_r60_spconv_d32_b3_depth3_100ep-final_robotlab_r60_spconv_d32_100ep_metrics_M9zNLhCx,/var/tmp/atighedl_runs/final_all_inference_complete_100ep/spconv_out/OACNNsInterleaved_final_infer_robotlab_r60_dice_20260524-005944_synthetic_may19_r60_spconv_d32_b3_depth3_100ep-final_robotlab_r60_spconv_d32_100ep_timing_n9krMT1m,/var/tmp/atighedl_runs/final_all_inference_complete_100ep/spconv_out/OACNNsInterleaved_final_infer_robotlab_r60_dice_20260524-005821_synthetic_may19_r60_spconv_d32_b3_depth3_100ep-final_robotlab_r60_spconv_d32_100ep_metrics_M9zNLhCx/inference/0,/var/tmp/atighedl_runs/final_all_inference_complete_100ep/logs/infer_robotlab_r60_spconv_d32_100ep_metrics.log,/var/tmp/atighedl_runs/final_all_inference_complete_100ep/logs/infer_robotlab_r60_spconv_d32_100ep_timing.log
sponza,r60,32,spconv,100,146,0.9257103694628362,0.07428963053716367,233339.64383561644,14815.45890410959,0.013995580266752837,0.14193504114877684,0.33182608366829075,0.46010030234513216,23.803297219515482,23.349723583639147,0.24484308203682303,nan,0.20873055383951092,766.4599609375,0.04179177463871159,"/var/tmp/atighedl_runs/NEURALPVS_MAY19_SYNTHETIC_100EP/spconv_out/OACNNsInterleaved_synthetic_may19_r60_1000_t3000_dice,no_guess_20260522-204228_synthetic_may19_r60_spconv_d32_b3_depth3_100ep_MDuth33Z",/var/tmp/atighedl_runs/final_all_inference_complete_100ep/spconv_out/OACNNsInterleaved_final_infer_sponza_r60_dice_20260524-010108_synthetic_may19_r60_spconv_d32_b3_depth3_100ep-final_sponza_r60_spconv_d32_100ep_metrics_CllCRhEn,/var/tmp/atighedl_runs/final_all_inference_complete_100ep/spconv_out/OACNNsInterleaved_final_infer_sponza_r60_dice_20260524-010252_synthetic_may19_r60_spconv_d32_b3_depth3_100ep-final_sponza_r60_spconv_d32_100ep_timing_qeNyyChR,/var/tmp/atighedl_runs/final_all_inference_complete_100ep/spconv_out/OACNNsInterleaved_final_infer_sponza_r60_dice_20260524-010108_synthetic_may19_r60_spconv_d32_b3_depth3_100ep-final_sponza_r60_spconv_d32_100ep_metrics_CllCRhEn/inference/0,/var/tmp/atighedl_runs/final_all_inference_complete_100ep/logs/infer_sponza_r60_spconv_d32_100ep_metrics.log,/var/tmp/atighedl_runs/final_all_inference_complete_100ep/logs/infer_sponza_r60_spconv_d32_100ep_timing.log
viking,r60,32,spconv,100,443,0.9471731679703258,0.05282683202967413,142396.0519187359,11386.074492099322,0.008541370632702912,0.10620611755736589,0.32091571578995637,0.5273926546019302,23.539391177938157,23.087666275559585,0.2458971868978724,nan,0.20582771548070014,666.94189453125,0.0262561848147459,"/var/tmp/atighedl_runs/NEURALPVS_MAY19_SYNTHETIC_100EP/spconv_out/OACNNsInterleaved_synthetic_may19_r60_1000_t3000_dice,no_guess_20260522-204228_synthetic_may19_r60_spconv_d32_b3_depth3_100ep_MDuth33Z",/var/tmp/atighedl_runs/final_all_inference_complete_100ep/spconv_out/OACNNsInterleaved_final_infer_viking_r60_dice_20260524-010421_synthetic_may19_r60_spconv_d32_b3_depth3_100ep-final_viking_r60_spconv_d32_100ep_metrics_t84bvf0w,/var/tmp/atighedl_runs/final_all_inference_complete_100ep/spconv_out/OACNNsInterleaved_final_infer_viking_r60_dice_20260524-010700_synthetic_may19_r60_spconv_d32_b3_depth3_100ep-final_viking_r60_spconv_d32_100ep_timing_XMh51rzk,/var/tmp/atighedl_runs/final_all_inference_complete_100ep/spconv_out/OACNNsInterleaved_final_infer_viking_r60_dice_20260524-010421_synthetic_may19_r60_spconv_d32_b3_depth3_100ep-final_viking_r60_spconv_d32_100ep_metrics_t84bvf0w/inference/0,/var/tmp/atighedl_runs/final_all_inference_complete_100ep/logs/infer_viking_r60_spconv_d32_100ep_metrics.log,/var/tmp/atighedl_runs/final_all_inference_complete_100ep/logs/infer_viking_r60_spconv_d32_100ep_timing.log
bigcity,r90,8,fvdb,100,41,0.9508106955667821,0.04918930443321782,113446.53658536586,11781.609756097561,0.006811061930819935,0.09722656311421855,0.2546841807481719,0.5004862314317284,32.36108591644875,28.254803760755955,0.21557850511938645,28.254803760755955,3.787121443687133,367.5634765625,0.026545600193302807,"/var/tmp/atighedl_runs/NEURALPVS_MAY19_SYNTHETIC_100EP/fvdb_out/OACNNsInterleaved_synthetic_may19_r90_1000_t3000_dice,no_guess_20260523-073303_synthetic_may19_r90_fvdb_d8_b3_depth3_100ep_WFr6Z2Tf",/var/tmp/atighedl_runs/final_all_inference_complete_100ep/fvdb_out/OACNNsInterleaved_final_infer_bigcity_r90_dice_20260524-010816_synthetic_may19_r90_fvdb_d8_b3_depth3_100ep-final_bigcity_r90_fvdb_d8_100ep_metrics_KTUc7nHp,/var/tmp/atighedl_runs/final_all_inference_complete_100ep/fvdb_out/OACNNsInterleaved_final_infer_bigcity_r90_dice_20260524-010829_synthetic_may19_r90_fvdb_d8_b3_depth3_100ep-final_bigcity_r90_fvdb_d8_100ep_timing_DUo9ikFd,/var/tmp/atighedl_runs/final_all_inference_complete_100ep/fvdb_out/OACNNsInterleaved_final_infer_bigcity_r90_dice_20260524-010816_synthetic_may19_r90_fvdb_d8_b3_depth3_100ep-final_bigcity_r90_fvdb_d8_100ep_metrics_KTUc7nHp/inference/0,/var/tmp/atighedl_runs/final_all_inference_complete_100ep/logs/infer_bigcity_r90_fvdb_d8_100ep_metrics.log,/var/tmp/atighedl_runs/final_all_inference_complete_100ep/logs/infer_bigcity_r90_fvdb_d8_100ep_timing.log
industrial,r90,8,fvdb,100,170,0.9935555265230291,0.006444473476970846,60021.51764705883,806.5411764705882,0.003593540686073062,0.01075856418020142,0.3368242911556188,0.7564506344935473,30.384527768403515,27.789344544807033,0.2154473592090653,27.789344544807033,1.9644260881558204,305.98876953125,0.010611399131662706,"/var/tmp/atighedl_runs/NEURALPVS_MAY19_SYNTHETIC_100EP/fvdb_out/OACNNsInterleaved_synthetic_may19_r90_1000_t3000_dice,no_guess_20260523-073303_synthetic_may19_r90_fvdb_d8_b3_depth3_100ep_WFr6Z2Tf",/var/tmp/atighedl_runs/final_all_inference_complete_100ep/fvdb_out/OACNNsInterleaved_final_infer_industrial_r90_dice_20260524-010900_synthetic_may19_r90_fvdb_d8_b3_depth3_100ep-final_industrial_r90_fvdb_d8_100ep_metrics_HB9bg1b0,/var/tmp/atighedl_runs/final_all_inference_complete_100ep/fvdb_out/OACNNsInterleaved_final_infer_industrial_r90_dice_20260524-010931_synthetic_may19_r90_fvdb_d8_b3_depth3_100ep-final_industrial_r90_fvdb_d8_100ep_timing_Rn3U9PCH,/var/tmp/atighedl_runs/final_all_inference_complete_100ep/fvdb_out/OACNNsInterleaved_final_infer_industrial_r90_dice_20260524-010900_synthetic_may19_r90_fvdb_d8_b3_depth3_100ep-final_industrial_r90_fvdb_d8_100ep_metrics_HB9bg1b0/inference/0,/var/tmp/atighedl_runs/final_all_inference_complete_100ep/logs/infer_industrial_r90_fvdb_d8_100ep_metrics.log,/var/tmp/atighedl_runs/final_all_inference_complete_100ep/logs/infer_industrial_r90_fvdb_d8_100ep_timing.log
robotlab,r90,8,fvdb,100,45,0.9690347287389968,0.030965271261003242,97191.37777777777,7937.288888888889,0.005836907888038248,0.0632695813145902,0.31669881211386786,0.7016142249107361,31.725680011271532,28.174729618829875,0.216074352482489,28.174729618829875,2.9966923907332257,348.611328125,0.018304883109198675,"/var/tmp/atighedl_runs/NEURALPVS_MAY19_SYNTHETIC_100EP/fvdb_out/OACNNsInterleaved_synthetic_may19_r90_1000_t3000_dice,no_guess_20260523-073303_synthetic_may19_r90_fvdb_d8_b3_depth3_100ep_WFr6Z2Tf",/var/tmp/atighedl_runs/final_all_inference_complete_100ep/fvdb_out/OACNNsInterleaved_final_infer_robotlab_r90_dice_20260524-011017_synthetic_may19_r90_fvdb_d8_b3_depth3_100ep-final_robotlab_r90_fvdb_d8_100ep_metrics_JFm3ry1X,/var/tmp/atighedl_runs/final_all_inference_complete_100ep/fvdb_out/OACNNsInterleaved_final_infer_robotlab_r90_dice_20260524-011036_synthetic_may19_r90_fvdb_d8_b3_depth3_100ep-final_robotlab_r90_fvdb_d8_100ep_timing_aScHq7Cp,/var/tmp/atighedl_runs/final_all_inference_complete_100ep/fvdb_out/OACNNsInterleaved_final_infer_robotlab_r90_dice_20260524-011017_synthetic_may19_r90_fvdb_d8_b3_depth3_100ep-final_robotlab_r90_fvdb_d8_100ep_metrics_JFm3ry1X/inference/0,/var/tmp/atighedl_runs/final_all_inference_complete_100ep/logs/infer_robotlab_r90_fvdb_d8_100ep_metrics.log,/var/tmp/atighedl_runs/final_all_inference_complete_100ep/logs/infer_robotlab_r90_fvdb_d8_100ep_timing.log
sponza,r90,8,fvdb,100,98,0.9780855026780343,0.0219144973219657,216012.74489795917,4655.2959183673465,0.01296198339562631,0.04081512300525692,0.3098643552892062,0.46438583731651306,35.65483274027467,28.431512242109005,0.21559252438116044,28.431512242109005,6.931208597323922,449.1513671875,0.04167758262887293,"/var/tmp/atighedl_runs/NEURALPVS_MAY19_SYNTHETIC_100EP/fvdb_out/OACNNsInterleaved_synthetic_may19_r90_1000_t3000_dice,no_guess_20260523-073303_synthetic_may19_r90_fvdb_d8_b3_depth3_100ep_WFr6Z2Tf",/var/tmp/atighedl_runs/final_all_inference_complete_100ep/fvdb_out/OACNNsInterleaved_final_infer_sponza_r90_dice_20260524-011109_synthetic_may19_r90_fvdb_d8_b3_depth3_100ep-final_sponza_r90_fvdb_d8_100ep_metrics_lez5Uoyd,/var/tmp/atighedl_runs/final_all_inference_complete_100ep/fvdb_out/OACNNsInterleaved_final_infer_sponza_r90_dice_20260524-011142_synthetic_may19_r90_fvdb_d8_b3_depth3_100ep-final_sponza_r90_fvdb_d8_100ep_timing_1rnxrrsp,/var/tmp/atighedl_runs/final_all_inference_complete_100ep/fvdb_out/OACNNsInterleaved_final_infer_sponza_r90_dice_20260524-011109_synthetic_may19_r90_fvdb_d8_b3_depth3_100ep-final_sponza_r90_fvdb_d8_100ep_metrics_lez5Uoyd/inference/0,/var/tmp/atighedl_runs/final_all_inference_complete_100ep/logs/infer_sponza_r90_fvdb_d8_100ep_metrics.log,/var/tmp/atighedl_runs/final_all_inference_complete_100ep/logs/infer_sponza_r90_fvdb_d8_100ep_timing.log
viking,r90,8,fvdb,100,304,0.9370189507148767,0.06298104928512317,117921.86184210527,14269.83552631579,0.007076844243688067,0.1260965526851482,0.2651756637680687,0.4782221029071431,31.2284435382726,27.791751438053325,0.21605738104941943,27.791751438053325,3.0546206921316323,353.8115234375,0.026183256193211202,"/var/tmp/atighedl_runs/NEURALPVS_MAY19_SYNTHETIC_100EP/fvdb_out/OACNNsInterleaved_synthetic_may19_r90_1000_t3000_dice,no_guess_20260523-073303_synthetic_may19_r90_fvdb_d8_b3_depth3_100ep_WFr6Z2Tf",/var/tmp/atighedl_runs/final_all_inference_complete_100ep/fvdb_out/OACNNsInterleaved_final_infer_viking_r90_dice_20260524-011220_synthetic_may19_r90_fvdb_d8_b3_depth3_100ep-final_viking_r90_fvdb_d8_100ep_metrics_LOn9if5O,/var/tmp/atighedl_runs/final_all_inference_complete_100ep/fvdb_out/OACNNsInterleaved_final_infer_viking_r90_dice_20260524-011326_synthetic_may19_r90_fvdb_d8_b3_depth3_100ep-final_viking_r90_fvdb_d8_100ep_timing_5Ts7UmYz,/var/tmp/atighedl_runs/final_all_inference_complete_100ep/fvdb_out/OACNNsInterleaved_final_infer_viking_r90_dice_20260524-011220_synthetic_may19_r90_fvdb_d8_b3_depth3_100ep-final_viking_r90_fvdb_d8_100ep_metrics_LOn9if5O/inference/0,/var/tmp/atighedl_runs/final_all_inference_complete_100ep/logs/infer_viking_r90_fvdb_d8_100ep_metrics.log,/var/tmp/atighedl_runs/final_all_inference_complete_100ep/logs/infer_viking_r90_fvdb_d8_100ep_timing.log
bigcity,r90,8,spconv,100,41,0.9724445532007915,0.02755544679920844,124856.39024390244,7096.707317073171,0.007496268829194458,0.059124624174905945,0.27962637638173454,0.5357925223141182,17.55238013758667,17.122774542309088,0.21596927982560976,nan,0.21363631545197373,313.9482421875,0.026545600193302807,"/var/tmp/atighedl_runs/NEURALPVS_MAY19_SYNTHETIC_100EP/spconv_out/OACNNsInterleaved_synthetic_may19_r90_1000_t3000_dice,no_guess_20260523-111420_synthetic_may19_r90_spconv_d8_b3_depth3_100ep_roo2MMVC",/var/tmp/atighedl_runs/final_all_inference_complete_100ep/spconv_out/OACNNsInterleaved_final_infer_bigcity_r90_dice_20260524-011517_synthetic_may19_r90_spconv_d8_b3_depth3_100ep-final_bigcity_r90_spconv_d8_100ep_metrics_DiNkGq3o,/var/tmp/atighedl_runs/final_all_inference_complete_100ep/spconv_out/OACNNsInterleaved_final_infer_bigcity_r90_dice_20260524-011622_synthetic_may19_r90_spconv_d8_b3_depth3_100ep-final_bigcity_r90_spconv_d8_100ep_timing_TViBOrVG,/var/tmp/atighedl_runs/final_all_inference_complete_100ep/spconv_out/OACNNsInterleaved_final_infer_bigcity_r90_dice_20260524-011517_synthetic_may19_r90_spconv_d8_b3_depth3_100ep-final_bigcity_r90_spconv_d8_100ep_metrics_DiNkGq3o/inference/0,/var/tmp/atighedl_runs/final_all_inference_complete_100ep/logs/infer_bigcity_r90_spconv_d8_100ep_metrics.log,/var/tmp/atighedl_runs/final_all_inference_complete_100ep/logs/infer_bigcity_r90_spconv_d8_100ep_timing.log
industrial,r90,8,spconv,100,170,0.9931586640722612,0.006841335927738813,57493.72352941176,875.064705882353,0.003442210060379912,0.01167755052721233,0.3228335805675563,0.7420830596895779,17.202602228136968,16.773004879681977,0.2160890711141595,nan,0.21350827734083092,279.12353515625,0.010611399131662706,"/var/tmp/atighedl_runs/NEURALPVS_MAY19_SYNTHETIC_100EP/spconv_out/OACNNsInterleaved_synthetic_may19_r90_1000_t3000_dice,no_guess_20260523-111420_synthetic_may19_r90_spconv_d8_b3_depth3_100ep_roo2MMVC",/var/tmp/atighedl_runs/final_all_inference_complete_100ep/spconv_out/OACNNsInterleaved_final_infer_industrial_r90_dice_20260524-011744_synthetic_may19_r90_spconv_d8_b3_depth3_100ep-final_industrial_r90_spconv_d8_100ep_metrics_EYMQioPP,/var/tmp/atighedl_runs/final_all_inference_complete_100ep/spconv_out/OACNNsInterleaved_final_infer_industrial_r90_dice_20260524-011908_synthetic_may19_r90_spconv_d8_b3_depth3_100ep-final_industrial_r90_spconv_d8_100ep_timing_9HkunDkz,/var/tmp/atighedl_runs/final_all_inference_complete_100ep/spconv_out/OACNNsInterleaved_final_infer_industrial_r90_dice_20260524-011744_synthetic_may19_r90_spconv_d8_b3_depth3_100ep-final_industrial_r90_spconv_d8_100ep_metrics_EYMQioPP/inference/0,/var/tmp/atighedl_runs/final_all_inference_complete_100ep/logs/infer_industrial_r90_spconv_d8_100ep_metrics.log,/var/tmp/atighedl_runs/final_all_inference_complete_100ep/logs/infer_industrial_r90_spconv_d8_100ep_timing.log
robotlab,r90,8,spconv,100,45,0.9754647811253866,0.024535218874613393,102178.93333333333,6261.133333333333,0.006136440392583563,0.05001034169561328,0.3336691929234399,0.7240998307863872,17.2517585130569,16.822150426142183,0.21589952404125745,nan,0.21370856287345907,306.13330078125,0.018304883109198675,"/var/tmp/atighedl_runs/NEURALPVS_MAY19_SYNTHETIC_100EP/spconv_out/OACNNsInterleaved_synthetic_may19_r90_1000_t3000_dice,no_guess_20260523-111420_synthetic_may19_r90_spconv_d8_b3_depth3_100ep_roo2MMVC",/var/tmp/atighedl_runs/final_all_inference_complete_100ep/spconv_out/OACNNsInterleaved_final_infer_robotlab_r90_dice_20260524-012042_synthetic_may19_r90_spconv_d8_b3_depth3_100ep-final_robotlab_r90_spconv_d8_100ep_metrics_Hk42wT4k,/var/tmp/atighedl_runs/final_all_inference_complete_100ep/spconv_out/OACNNsInterleaved_final_infer_robotlab_r90_dice_20260524-012154_synthetic_may19_r90_spconv_d8_b3_depth3_100ep-final_robotlab_r90_spconv_d8_100ep_timing_mHs28H1j,/var/tmp/atighedl_runs/final_all_inference_complete_100ep/spconv_out/OACNNsInterleaved_final_infer_robotlab_r90_dice_20260524-012042_synthetic_may19_r90_spconv_d8_b3_depth3_100ep-final_robotlab_r90_spconv_d8_100ep_metrics_Hk42wT4k/inference/0,/var/tmp/atighedl_runs/final_all_inference_complete_100ep/logs/infer_robotlab_r90_spconv_d8_100ep_metrics.log,/var/tmp/atighedl_runs/final_all_inference_complete_100ep/logs/infer_robotlab_r90_spconv_d8_100ep_timing.log
sponza,r90,8,spconv,100,98,0.9758579390389579,0.024142060961042086,214802.11224489796,5195.030612244898,0.012889527012498967,0.04615420485105438,0.3066371872412915,0.4602523750188399,17.683090002838746,17.254754502132293,0.21624942187433288,nan,0.21208607883212,366.3544921875,0.04167758262887293,"/var/tmp/atighedl_runs/NEURALPVS_MAY19_SYNTHETIC_100EP/spconv_out/OACNNsInterleaved_synthetic_may19_r90_1000_t3000_dice,no_guess_20260523-111420_synthetic_may19_r90_spconv_d8_b3_depth3_100ep_roo2MMVC",/var/tmp/atighedl_runs/final_all_inference_complete_100ep/spconv_out/OACNNsInterleaved_final_infer_sponza_r90_dice_20260524-012317_synthetic_may19_r90_spconv_d8_b3_depth3_100ep-final_sponza_r90_spconv_d8_100ep_metrics_0iHnjMBk,/var/tmp/atighedl_runs/final_all_inference_complete_100ep/spconv_out/OACNNsInterleaved_final_infer_sponza_r90_dice_20260524-012438_synthetic_may19_r90_spconv_d8_b3_depth3_100ep-final_sponza_r90_spconv_d8_100ep_timing_oNJ7VXWf,/var/tmp/atighedl_runs/final_all_inference_complete_100ep/spconv_out/OACNNsInterleaved_final_infer_sponza_r90_dice_20260524-012317_synthetic_may19_r90_spconv_d8_b3_depth3_100ep-final_sponza_r90_spconv_d8_100ep_metrics_0iHnjMBk/inference/0,/var/tmp/atighedl_runs/final_all_inference_complete_100ep/logs/infer_sponza_r90_spconv_d8_100ep_metrics.log,/var/tmp/atighedl_runs/final_all_inference_complete_100ep/logs/infer_sponza_r90_spconv_d8_100ep_timing.log
viking,r90,8,spconv,100,304,0.9605438599461004,0.039456140053899615,128540.47039473684,9312.684210526315,0.007714354096127527,0.08192013890948142,0.2880372293293476,0.5120731641195322,17.31491075815781,16.88566268975859,0.21612954618467484,nan,0.21311852221454808,307.11279296875,0.026183256193211202,"/var/tmp/atighedl_runs/NEURALPVS_MAY19_SYNTHETIC_100EP/spconv_out/OACNNsInterleaved_synthetic_may19_r90_1000_t3000_dice,no_guess_20260523-111420_synthetic_may19_r90_spconv_d8_b3_depth3_100ep_roo2MMVC",/var/tmp/atighedl_runs/final_all_inference_complete_100ep/spconv_out/OACNNsInterleaved_final_infer_viking_r90_dice_20260524-012602_synthetic_may19_r90_spconv_d8_b3_depth3_100ep-final_viking_r90_spconv_d8_100ep_metrics_WZygeotn,/var/tmp/atighedl_runs/final_all_inference_complete_100ep/spconv_out/OACNNsInterleaved_final_infer_viking_r90_dice_20260524-012754_synthetic_may19_r90_spconv_d8_b3_depth3_100ep-final_viking_r90_spconv_d8_100ep_timing_w8bzz7qg,/var/tmp/atighedl_runs/final_all_inference_complete_100ep/spconv_out/OACNNsInterleaved_final_infer_viking_r90_dice_20260524-012602_synthetic_may19_r90_spconv_d8_b3_depth3_100ep-final_viking_r90_spconv_d8_100ep_metrics_WZygeotn/inference/0,/var/tmp/atighedl_runs/final_all_inference_complete_100ep/logs/infer_viking_r90_spconv_d8_100ep_metrics.log,/var/tmp/atighedl_runs/final_all_inference_complete_100ep/logs/infer_viking_r90_spconv_d8_100ep_timing.log
bigcity,r90,16,fvdb,100,41,0.9635709335164326,0.036429066483567356,144920.21951219512,8719.658536585366,0.008700628321981237,0.07149207144521354,0.32574530672736285,0.5782848284011934,34.42513858835685,27.586059200904934,0.20009929760359227,27.586059200904934,6.574377814888374,460.08056640625,0.026545600193302807,"/var/tmp/atighedl_runs/NEURALPVS_MAY19_SYNTHETIC_100EP/fvdb_out/OACNNsInterleaved_synthetic_may19_r90_1000_t3000_dice,no_guess_20260523-001822_synthetic_may19_r90_fvdb_d16_b3_depth3_100ep_ue01Zmoe",/var/tmp/atighedl_runs/final_all_inference_complete_100ep/fvdb_out/OACNNsInterleaved_final_infer_bigcity_r90_dice_20260524-012854_synthetic_may19_r90_fvdb_d16_b3_depth3_100ep-final_bigcity_r90_fvdb_d16_100ep_metrics_gYOCFQST,/var/tmp/atighedl_runs/final_all_inference_complete_100ep/fvdb_out/OACNNsInterleaved_final_infer_bigcity_r90_dice_20260524-012909_synthetic_may19_r90_fvdb_d16_b3_depth3_100ep-final_bigcity_r90_fvdb_d16_100ep_timing_3ppAuRf0,/var/tmp/atighedl_runs/final_all_inference_complete_100ep/fvdb_out/OACNNsInterleaved_final_infer_bigcity_r90_dice_20260524-012854_synthetic_may19_r90_fvdb_d16_b3_depth3_100ep-final_bigcity_r90_fvdb_d16_100ep_metrics_gYOCFQST/inference/0,/var/tmp/atighedl_runs/final_all_inference_complete_100ep/logs/infer_bigcity_r90_fvdb_d16_100ep_metrics.log,/var/tmp/atighedl_runs/final_all_inference_complete_100ep/logs/infer_bigcity_r90_fvdb_d16_100ep_timing.log
industrial,r90,16,fvdb,100,170,0.9863817306125865,0.013618269387413427,65084.111764705885,1509.3411764705882,0.003896665306049627,0.0201075095479395,0.36463961627553493,0.7802744886454414,31.460809706616562,27.533387905370525,0.20117316974326968,27.533387905370525,3.77513565266631,391.77294921875,0.010611399131662706,"/var/tmp/atighedl_runs/NEURALPVS_MAY19_SYNTHETIC_100EP/fvdb_out/OACNNsInterleaved_synthetic_may19_r90_1000_t3000_dice,no_guess_20260523-001822_synthetic_may19_r90_fvdb_d16_b3_depth3_100ep_ue01Zmoe",/var/tmp/atighedl_runs/final_all_inference_complete_100ep/fvdb_out/OACNNsInterleaved_final_infer_industrial_r90_dice_20260524-012941_synthetic_may19_r90_fvdb_d16_b3_depth3_100ep-final_industrial_r90_fvdb_d16_100ep_metrics_kF8K4ZrE,/var/tmp/atighedl_runs/final_all_inference_complete_100ep/fvdb_out/OACNNsInterleaved_final_infer_industrial_r90_dice_20260524-013016_synthetic_may19_r90_fvdb_d16_b3_depth3_100ep-final_industrial_r90_fvdb_d16_100ep_timing_LFTU2ExY,/var/tmp/atighedl_runs/final_all_inference_complete_100ep/fvdb_out/OACNNsInterleaved_final_infer_industrial_r90_dice_20260524-012941_synthetic_may19_r90_fvdb_d16_b3_depth3_100ep-final_industrial_r90_fvdb_d16_100ep_metrics_kF8K4ZrE/inference/0,/var/tmp/atighedl_runs/final_all_inference_complete_100ep/logs/infer_industrial_r90_fvdb_d16_100ep_metrics.log,/var/tmp/atighedl_runs/final_all_inference_complete_100ep/logs/infer_industrial_r90_fvdb_d16_100ep_timing.log
robotlab,r90,16,fvdb,100,45,0.9604722738265992,0.039527726173400834,116133.35555555555,10023.266666666666,0.006974449888285613,0.07976230697499377,0.37807651228374906,0.7561217440499199,34.42468954575541,27.625204656319436,0.20079022302292288,27.625204656319436,6.504128236692496,459.3330078125,0.018304883109198675,"/var/tmp/atighedl_runs/NEURALPVS_MAY19_SYNTHETIC_100EP/fvdb_out/OACNNsInterleaved_synthetic_may19_r90_1000_t3000_dice,no_guess_20260523-001822_synthetic_may19_r90_fvdb_d16_b3_depth3_100ep_ue01Zmoe",/var/tmp/atighedl_runs/final_all_inference_complete_100ep/fvdb_out/OACNNsInterleaved_final_infer_robotlab_r90_dice_20260524-013102_synthetic_may19_r90_fvdb_d16_b3_depth3_100ep-final_robotlab_r90_fvdb_d16_100ep_metrics_Y2wiwvFh,/var/tmp/atighedl_runs/final_all_inference_complete_100ep/fvdb_out/OACNNsInterleaved_final_infer_robotlab_r90_dice_20260524-013122_synthetic_may19_r90_fvdb_d16_b3_depth3_100ep-final_robotlab_r90_fvdb_d16_100ep_timing_F1yoNidw,/var/tmp/atighedl_runs/final_all_inference_complete_100ep/fvdb_out/OACNNsInterleaved_final_infer_robotlab_r90_dice_20260524-013102_synthetic_may19_r90_fvdb_d16_b3_depth3_100ep-final_robotlab_r90_fvdb_d16_100ep_metrics_Y2wiwvFh/inference/0,/var/tmp/atighedl_runs/final_all_inference_complete_100ep/logs/infer_robotlab_r90_fvdb_d16_100ep_metrics.log,/var/tmp/atighedl_runs/final_all_inference_complete_100ep/logs/infer_robotlab_r90_fvdb_d16_100ep_timing.log
sponza,r90,16,fvdb,100,98,0.9559483607204593,0.044051639279540665,260406.88775510204,9169.602040816326,0.015625792698060324,0.08087910125412195,0.3750368937545893,0.5231284313664144,40.116539882496,28.292340082432126,0.2012330319453031,28.292340082432126,11.438163004773246,599.24267578125,0.04167758262887293,"/var/tmp/atighedl_runs/NEURALPVS_MAY19_SYNTHETIC_100EP/fvdb_out/OACNNsInterleaved_synthetic_may19_r90_1000_t3000_dice,no_guess_20260523-001822_synthetic_may19_r90_fvdb_d16_b3_depth3_100ep_ue01Zmoe",/var/tmp/atighedl_runs/final_all_inference_complete_100ep/fvdb_out/OACNNsInterleaved_final_infer_sponza_r90_dice_20260524-013154_synthetic_may19_r90_fvdb_d16_b3_depth3_100ep-final_sponza_r90_fvdb_d16_100ep_metrics_7e8oihG9,/var/tmp/atighedl_runs/final_all_inference_complete_100ep/fvdb_out/OACNNsInterleaved_final_infer_sponza_r90_dice_20260524-013232_synthetic_may19_r90_fvdb_d16_b3_depth3_100ep-final_sponza_r90_fvdb_d16_100ep_timing_U7G3vWJJ,/var/tmp/atighedl_runs/final_all_inference_complete_100ep/fvdb_out/OACNNsInterleaved_final_infer_sponza_r90_dice_20260524-013154_synthetic_may19_r90_fvdb_d16_b3_depth3_100ep-final_sponza_r90_fvdb_d16_100ep_metrics_7e8oihG9/inference/0,/var/tmp/atighedl_runs/final_all_inference_complete_100ep/logs/infer_sponza_r90_fvdb_d16_100ep_metrics.log,/var/tmp/atighedl_runs/final_all_inference_complete_100ep/logs/infer_sponza_r90_fvdb_d16_100ep_timing.log
viking,r90,16,fvdb,100,304,0.9638675041496754,0.03613249585032458,156125.29934210525,8542.27302631579,0.009369131461043158,0.07381409726191406,0.35066122350920187,0.5766654455740201,34.488092053777955,27.502730749112523,0.2008073397120461,27.502730749112523,6.681581757962703,463.60498046875,0.026183256193211202,"/var/tmp/atighedl_runs/NEURALPVS_MAY19_SYNTHETIC_100EP/fvdb_out/OACNNsInterleaved_synthetic_may19_r90_1000_t3000_dice,no_guess_20260523-001822_synthetic_may19_r90_fvdb_d16_b3_depth3_100ep_ue01Zmoe",/var/tmp/atighedl_runs/final_all_inference_complete_100ep/fvdb_out/OACNNsInterleaved_final_infer_viking_r90_dice_20260524-013310_synthetic_may19_r90_fvdb_d16_b3_depth3_100ep-final_viking_r90_fvdb_d16_100ep_metrics_2CdQNgQL,/var/tmp/atighedl_runs/final_all_inference_complete_100ep/fvdb_out/OACNNsInterleaved_final_infer_viking_r90_dice_20260524-013422_synthetic_may19_r90_fvdb_d16_b3_depth3_100ep-final_viking_r90_fvdb_d16_100ep_timing_RyeJsZQb,/var/tmp/atighedl_runs/final_all_inference_complete_100ep/fvdb_out/OACNNsInterleaved_final_infer_viking_r90_dice_20260524-013310_synthetic_may19_r90_fvdb_d16_b3_depth3_100ep-final_viking_r90_fvdb_d16_100ep_metrics_2CdQNgQL/inference/0,/var/tmp/atighedl_runs/final_all_inference_complete_100ep/logs/infer_viking_r90_fvdb_d16_100ep_metrics.log,/var/tmp/atighedl_runs/final_all_inference_complete_100ep/logs/infer_viking_r90_fvdb_d16_100ep_timing.log
bigcity,r90,16,spconv,100,41,0.9659766860124541,0.03402331398754581,155737.51219512196,8083.8536585365855,0.009350150335216613,0.0665589464010625,0.34926841426186445,0.6032252369857416,17.52729349569385,17.113258482985415,0.20018576782662423,nan,0.2138492448818094,380.48583984375,0.026545600193302807,"/var/tmp/atighedl_runs/NEURALPVS_MAY19_SYNTHETIC_100EP/spconv_out/OACNNsInterleaved_synthetic_may19_r90_1000_t3000_dice,no_guess_20260523-040116_synthetic_may19_r90_spconv_d16_b3_depth3_100ep_rO5Dhm8a",/var/tmp/atighedl_runs/final_all_inference_complete_100ep/spconv_out/OACNNsInterleaved_final_infer_bigcity_r90_dice_20260524-013622_synthetic_may19_r90_spconv_d16_b3_depth3_100ep-final_bigcity_r90_spconv_d16_100ep_metrics_LuI0If83,/var/tmp/atighedl_runs/final_all_inference_complete_100ep/spconv_out/OACNNsInterleaved_final_infer_bigcity_r90_dice_20260524-013742_synthetic_may19_r90_spconv_d16_b3_depth3_100ep-final_bigcity_r90_spconv_d16_100ep_timing_obxciPaU,/var/tmp/atighedl_runs/final_all_inference_complete_100ep/spconv_out/OACNNsInterleaved_final_infer_bigcity_r90_dice_20260524-013622_synthetic_may19_r90_spconv_d16_b3_depth3_100ep-final_bigcity_r90_spconv_d16_100ep_metrics_LuI0If83/inference/0,/var/tmp/atighedl_runs/final_all_inference_complete_100ep/logs/infer_bigcity_r90_spconv_d16_100ep_metrics.log,/var/tmp/atighedl_runs/final_all_inference_complete_100ep/logs/infer_bigcity_r90_spconv_d16_100ep_timing.log
industrial,r90,16,spconv,100,170,0.9865347287234139,0.013465271276586149,70247.22352941177,1147.5,0.004205814650391779,0.01526753645825113,0.3941553341991761,0.8119422856499167,17.53920633256292,17.125166887939287,0.2001919377595186,nan,0.2138475068641128,339.79248046875,0.010611399131662706,"/var/tmp/atighedl_runs/NEURALPVS_MAY19_SYNTHETIC_100EP/spconv_out/OACNNsInterleaved_synthetic_may19_r90_1000_t3000_dice,no_guess_20260523-040116_synthetic_may19_r90_spconv_d16_b3_depth3_100ep_rO5Dhm8a",/var/tmp/atighedl_runs/final_all_inference_complete_100ep/spconv_out/OACNNsInterleaved_final_infer_industrial_r90_dice_20260524-013905_synthetic_may19_r90_spconv_d16_b3_depth3_100ep-final_industrial_r90_spconv_d16_100ep_metrics_PdhhG1ox,/var/tmp/atighedl_runs/final_all_inference_complete_100ep/spconv_out/OACNNsInterleaved_final_infer_industrial_r90_dice_20260524-014032_synthetic_may19_r90_spconv_d16_b3_depth3_100ep-final_industrial_r90_spconv_d16_100ep_timing_rQORgw6S,/var/tmp/atighedl_runs/final_all_inference_complete_100ep/spconv_out/OACNNsInterleaved_final_infer_industrial_r90_dice_20260524-013905_synthetic_may19_r90_spconv_d16_b3_depth3_100ep-final_industrial_r90_spconv_d16_100ep_metrics_PdhhG1ox/inference/0,/var/tmp/atighedl_runs/final_all_inference_complete_100ep/logs/infer_industrial_r90_spconv_d16_100ep_metrics.log,/var/tmp/atighedl_runs/final_all_inference_complete_100ep/logs/infer_industrial_r90_spconv_d16_100ep_timing.log
robotlab,r90,16,spconv,100,45,0.9731650047832066,0.02683499521679344,130380.91111111111,6428.444444444444,0.007830121068076906,0.05131227696935331,0.423605783118142,0.8134331663449605,17.608763890678695,17.194870987865116,0.20046221519820392,nan,0.2134306876153763,379.609375,0.018304883109198675,"/var/tmp/atighedl_runs/NEURALPVS_MAY19_SYNTHETIC_100EP/spconv_out/OACNNsInterleaved_synthetic_may19_r90_1000_t3000_dice,no_guess_20260523-040116_synthetic_may19_r90_spconv_d16_b3_depth3_100ep_rO5Dhm8a",/var/tmp/atighedl_runs/final_all_inference_complete_100ep/spconv_out/OACNNsInterleaved_final_infer_robotlab_r90_dice_20260524-014216_synthetic_may19_r90_spconv_d16_b3_depth3_100ep-final_robotlab_r90_spconv_d16_100ep_metrics_iCtYXbJZ,/var/tmp/atighedl_runs/final_all_inference_complete_100ep/spconv_out/OACNNsInterleaved_final_infer_robotlab_r90_dice_20260524-014336_synthetic_may19_r90_spconv_d16_b3_depth3_100ep-final_robotlab_r90_spconv_d16_100ep_timing_YDAB634m,/var/tmp/atighedl_runs/final_all_inference_complete_100ep/spconv_out/OACNNsInterleaved_final_infer_robotlab_r90_dice_20260524-014216_synthetic_may19_r90_spconv_d16_b3_depth3_100ep-final_robotlab_r90_spconv_d16_100ep_metrics_iCtYXbJZ/inference/0,/var/tmp/atighedl_runs/final_all_inference_complete_100ep/logs/infer_robotlab_r90_spconv_d16_100ep_metrics.log,/var/tmp/atighedl_runs/final_all_inference_complete_100ep/logs/infer_robotlab_r90_spconv_d16_100ep_timing.log
sponza,r90,16,spconv,100,98,0.9685293697580999,0.03147063024190002,285622.35714285716,6397.551020408163,0.017139375913051876,0.056859078113825914,0.4082829064252425,0.5602218949673127,18.948266718353175,18.534509508575926,0.20080505510326474,nan,0.21295215467398518,465.123046875,0.04167758262887293,"/var/tmp/atighedl_runs/NEURALPVS_MAY19_SYNTHETIC_100EP/spconv_out/OACNNsInterleaved_synthetic_may19_r90_1000_t3000_dice,no_guess_20260523-040116_synthetic_may19_r90_spconv_d16_b3_depth3_100ep_rO5Dhm8a",/var/tmp/atighedl_runs/final_all_inference_complete_100ep/spconv_out/OACNNsInterleaved_final_infer_sponza_r90_dice_20260524-014508_synthetic_may19_r90_spconv_d16_b3_depth3_100ep-final_sponza_r90_spconv_d16_100ep_metrics_6BJ7SIgk,/var/tmp/atighedl_runs/final_all_inference_complete_100ep/spconv_out/OACNNsInterleaved_final_infer_sponza_r90_dice_20260524-014644_synthetic_may19_r90_spconv_d16_b3_depth3_100ep-final_sponza_r90_spconv_d16_100ep_timing_wkxA6Ada,/var/tmp/atighedl_runs/final_all_inference_complete_100ep/spconv_out/OACNNsInterleaved_final_infer_sponza_r90_dice_20260524-014508_synthetic_may19_r90_spconv_d16_b3_depth3_100ep-final_sponza_r90_spconv_d16_100ep_metrics_6BJ7SIgk/inference/0,/var/tmp/atighedl_runs/final_all_inference_complete_100ep/logs/infer_sponza_r90_spconv_d16_100ep_metrics.log,/var/tmp/atighedl_runs/final_all_inference_complete_100ep/logs/infer_sponza_r90_spconv_d16_100ep_timing.log
viking,r90,16,spconv,100,304,0.977611134318929,0.022388865681070978,182360.71710526315,4655.6546052631575,0.010943160554712686,0.04038717164152518,0.4092096554017381,0.6436099835524434,17.935233944643116,17.521518944543885,0.20014655299484732,nan,0.2135684471043836,384.19189453125,0.026183256193211202,"/var/tmp/atighedl_runs/NEURALPVS_MAY19_SYNTHETIC_100EP/spconv_out/OACNNsInterleaved_synthetic_may19_r90_1000_t3000_dice,no_guess_20260523-040116_synthetic_may19_r90_spconv_d16_b3_depth3_100ep_rO5Dhm8a",/var/tmp/atighedl_runs/final_all_inference_complete_100ep/spconv_out/OACNNsInterleaved_final_infer_viking_r90_dice_20260524-014823_synthetic_may19_r90_spconv_d16_b3_depth3_100ep-final_viking_r90_spconv_d16_100ep_metrics_Bx5sFsIn,/var/tmp/atighedl_runs/final_all_inference_complete_100ep/spconv_out/OACNNsInterleaved_final_infer_viking_r90_dice_20260524-015031_synthetic_may19_r90_spconv_d16_b3_depth3_100ep-final_viking_r90_spconv_d16_100ep_timing_JT2DgJf2,/var/tmp/atighedl_runs/final_all_inference_complete_100ep/spconv_out/OACNNsInterleaved_final_infer_viking_r90_dice_20260524-014823_synthetic_may19_r90_spconv_d16_b3_depth3_100ep-final_viking_r90_spconv_d16_100ep_metrics_Bx5sFsIn/inference/0,/var/tmp/atighedl_runs/final_all_inference_complete_100ep/logs/infer_viking_r90_spconv_d16_100ep_metrics.log,/var/tmp/atighedl_runs/final_all_inference_complete_100ep/logs/infer_viking_r90_spconv_d16_100ep_timing.log
bigcity,r90,32,fvdb,100,41,0.9220150767303095,0.07798492326969049,97233.14634146342,18878.121951219513,0.005837808527824674,0.15645684574435392,0.21849617071268035,0.4483087033760257,37.61756787325179,25.359232608943877,0.24598248742347328,25.359232608943877,11.635257411466608,808.31787109375,0.026545600193302807,"/var/tmp/atighedl_runs/NEURALPVS_MAY19_SYNTHETIC_100EP/fvdb_out/OACNNsInterleaved_synthetic_may19_r90_1000_t3000_dice,no_guess_20260523-144349_synthetic_may19_r90_fvdb_d32_b3_depth3_100ep_MCQOU6Oh",/var/tmp/atighedl_runs/final_all_inference_complete_100ep/fvdb_out/OACNNsInterleaved_final_infer_bigcity_r90_dice_20260524-015131_synthetic_may19_r90_fvdb_d32_b3_depth3_100ep-final_bigcity_r90_fvdb_d32_100ep_metrics_zWTFAW8Y,/var/tmp/atighedl_runs/final_all_inference_complete_100ep/fvdb_out/OACNNsInterleaved_final_infer_bigcity_r90_dice_20260524-015148_synthetic_may19_r90_fvdb_d32_b3_depth3_100ep-final_bigcity_r90_fvdb_d32_100ep_timing_5jYGXwtQ,/var/tmp/atighedl_runs/final_all_inference_complete_100ep/fvdb_out/OACNNsInterleaved_final_infer_bigcity_r90_dice_20260524-015131_synthetic_may19_r90_fvdb_d32_b3_depth3_100ep-final_bigcity_r90_fvdb_d32_100ep_metrics_zWTFAW8Y/inference/0,/var/tmp/atighedl_runs/final_all_inference_complete_100ep/logs/infer_bigcity_r90_fvdb_d32_100ep_metrics.log,/var/tmp/atighedl_runs/final_all_inference_complete_100ep/logs/infer_bigcity_r90_fvdb_d32_100ep_timing.log
industrial,r90,32,fvdb,100,170,0.9521851932301241,0.04781480676987588,58012.10588235294,6751.305882352941,0.0034731971291715098,0.0902666832265608,0.3260551616549492,0.7123732780708986,33.651871727810764,24.91891553940539,0.24578008555164116,24.91891553940539,8.390202953208547,710.95703125,0.010611399131662706,"/var/tmp/atighedl_runs/NEURALPVS_MAY19_SYNTHETIC_100EP/fvdb_out/OACNNsInterleaved_synthetic_may19_r90_1000_t3000_dice,no_guess_20260523-144349_synthetic_may19_r90_fvdb_d32_b3_depth3_100ep_MCQOU6Oh",/var/tmp/atighedl_runs/final_all_inference_complete_100ep/fvdb_out/OACNNsInterleaved_final_infer_industrial_r90_dice_20260524-015220_synthetic_may19_r90_fvdb_d32_b3_depth3_100ep-final_industrial_r90_fvdb_d32_100ep_metrics_K1RVcu66,/var/tmp/atighedl_runs/final_all_inference_complete_100ep/fvdb_out/OACNNsInterleaved_final_infer_industrial_r90_dice_20260524-015306_synthetic_may19_r90_fvdb_d32_b3_depth3_100ep-final_industrial_r90_fvdb_d32_100ep_timing_nF5xJVRV,/var/tmp/atighedl_runs/final_all_inference_complete_100ep/fvdb_out/OACNNsInterleaved_final_infer_industrial_r90_dice_20260524-015220_synthetic_may19_r90_fvdb_d32_b3_depth3_100ep-final_industrial_r90_fvdb_d32_100ep_metrics_K1RVcu66/inference/0,/var/tmp/atighedl_runs/final_all_inference_complete_100ep/logs/infer_industrial_r90_fvdb_d32_100ep_metrics.log,/var/tmp/atighedl_runs/final_all_inference_complete_100ep/logs/infer_industrial_r90_fvdb_d32_100ep_timing.log
robotlab,r90,32,fvdb,100,45,0.9364921728769938,0.06350782712300615,129531.22222222222,16676.51111111111,0.007779055026670248,0.1333127203914854,0.42309426665306094,0.7791734483506945,38.2156912601759,25.58373682063111,0.2457838592818007,25.58373682063111,12.332119093356065,811.642578125,0.018304883109198675,"/var/tmp/atighedl_runs/NEURALPVS_MAY19_SYNTHETIC_100EP/fvdb_out/OACNNsInterleaved_synthetic_may19_r90_1000_t3000_dice,no_guess_20260523-144349_synthetic_may19_r90_fvdb_d32_b3_depth3_100ep_MCQOU6Oh",/var/tmp/atighedl_runs/final_all_inference_complete_100ep/fvdb_out/OACNNsInterleaved_final_infer_robotlab_r90_dice_20260524-015353_synthetic_may19_r90_fvdb_d32_b3_depth3_100ep-final_robotlab_r90_fvdb_d32_100ep_metrics_tyeZtIgD,/var/tmp/atighedl_runs/final_all_inference_complete_100ep/fvdb_out/OACNNsInterleaved_final_infer_robotlab_r90_dice_20260524-015416_synthetic_may19_r90_fvdb_d32_b3_depth3_100ep-final_robotlab_r90_fvdb_d32_100ep_timing_k2WTUt2e,/var/tmp/atighedl_runs/final_all_inference_complete_100ep/fvdb_out/OACNNsInterleaved_final_infer_robotlab_r90_dice_20260524-015353_synthetic_may19_r90_fvdb_d32_b3_depth3_100ep-final_robotlab_r90_fvdb_d32_100ep_metrics_tyeZtIgD/inference/0,/var/tmp/atighedl_runs/final_all_inference_complete_100ep/logs/infer_robotlab_r90_fvdb_d32_100ep_metrics.log,/var/tmp/atighedl_runs/final_all_inference_complete_100ep/logs/infer_robotlab_r90_fvdb_d32_100ep_timing.log
sponza,r90,32,fvdb,100,98,0.9003235235506174,0.09967647644938252,232724.6530612245,21273.479591836734,0.013964907009610662,0.18854561364468264,0.3329239657946995,0.4635326199385585,44.545056472483004,26.6811797380487,0.24536560089992626,26.6811797380487,17.831846317356646,966.5830078125,0.04167758262887293,"/var/tmp/atighedl_runs/NEURALPVS_MAY19_SYNTHETIC_100EP/fvdb_out/OACNNsInterleaved_synthetic_may19_r90_1000_t3000_dice,no_guess_20260523-144349_synthetic_may19_r90_fvdb_d32_b3_depth3_100ep_MCQOU6Oh",/var/tmp/atighedl_runs/final_all_inference_complete_100ep/fvdb_out/OACNNsInterleaved_final_infer_sponza_r90_dice_20260524-015449_synthetic_may19_r90_fvdb_d32_b3_depth3_100ep-final_sponza_r90_fvdb_d32_100ep_metrics_wKMZ6LpI,/var/tmp/atighedl_runs/final_all_inference_complete_100ep/fvdb_out/OACNNsInterleaved_final_infer_sponza_r90_dice_20260524-015529_synthetic_may19_r90_fvdb_d32_b3_depth3_100ep-final_sponza_r90_fvdb_d32_100ep_timing_ozbd4C88,/var/tmp/atighedl_runs/final_all_inference_complete_100ep/fvdb_out/OACNNsInterleaved_final_infer_sponza_r90_dice_20260524-015449_synthetic_may19_r90_fvdb_d32_b3_depth3_100ep-final_sponza_r90_fvdb_d32_100ep_metrics_wKMZ6LpI/inference/0,/var/tmp/atighedl_runs/final_all_inference_complete_100ep/logs/infer_sponza_r90_fvdb_d32_100ep_metrics.log,/var/tmp/atighedl_runs/final_all_inference_complete_100ep/logs/infer_sponza_r90_fvdb_d32_100ep_timing.log
viking,r90,32,fvdb,100,304,0.920986067111555,0.07901393288844505,136450.32565789475,18214.39144736842,0.008187094600687339,0.162114639251836,0.30973055468578087,0.5137492730037162,37.240178217352536,25.459504060489763,0.24550433066629226,25.459504060489763,11.502010874524288,804.66845703125,0.026183256193211202,"/var/tmp/atighedl_runs/NEURALPVS_MAY19_SYNTHETIC_100EP/fvdb_out/OACNNsInterleaved_synthetic_may19_r90_1000_t3000_dice,no_guess_20260523-144349_synthetic_may19_r90_fvdb_d32_b3_depth3_100ep_MCQOU6Oh",/var/tmp/atighedl_runs/final_all_inference_complete_100ep/fvdb_out/OACNNsInterleaved_final_infer_viking_r90_dice_20260524-015609_synthetic_may19_r90_fvdb_d32_b3_depth3_100ep-final_viking_r90_fvdb_d32_100ep_metrics_bvKyN31z,/var/tmp/atighedl_runs/final_all_inference_complete_100ep/fvdb_out/OACNNsInterleaved_final_infer_viking_r90_dice_20260524-015730_synthetic_may19_r90_fvdb_d32_b3_depth3_100ep-final_viking_r90_fvdb_d32_100ep_timing_sbKqvAHI,/var/tmp/atighedl_runs/final_all_inference_complete_100ep/fvdb_out/OACNNsInterleaved_final_infer_viking_r90_dice_20260524-015609_synthetic_may19_r90_fvdb_d32_b3_depth3_100ep-final_viking_r90_fvdb_d32_100ep_metrics_bvKyN31z/inference/0,/var/tmp/atighedl_runs/final_all_inference_complete_100ep/logs/infer_viking_r90_fvdb_d32_100ep_metrics.log,/var/tmp/atighedl_runs/final_all_inference_complete_100ep/logs/infer_viking_r90_fvdb_d32_100ep_timing.log
bigcity,r90,32,spconv,100,41,0.9555361474432597,0.04446385255674032,132242.24390243902,11133.487804878048,0.00793967911655579,0.09237257300353627,0.29720139430790415,0.544393687713437,23.459287011608584,23.00705260904615,0.24590422560269123,nan,0.2063301769597456,670.9423828125,0.026545600193302807,"/var/tmp/atighedl_runs/NEURALPVS_MAY19_SYNTHETIC_100EP/spconv_out/OACNNsInterleaved_synthetic_may19_r90_1000_t3000_dice,no_guess_20260523-184440_synthetic_may19_r90_spconv_d32_b3_depth3_100ep_aM73Soln",/var/tmp/atighedl_runs/final_all_inference_complete_100ep/spconv_out/OACNNsInterleaved_final_infer_bigcity_r90_dice_20260524-015922_synthetic_may19_r90_spconv_d32_b3_depth3_100ep-final_bigcity_r90_spconv_d32_100ep_metrics_TO8MCiHX,/var/tmp/atighedl_runs/final_all_inference_complete_100ep/spconv_out/OACNNsInterleaved_final_infer_bigcity_r90_dice_20260524-020044_synthetic_may19_r90_spconv_d32_b3_depth3_100ep-final_bigcity_r90_spconv_d32_100ep_timing_IsVk50HO,/var/tmp/atighedl_runs/final_all_inference_complete_100ep/spconv_out/OACNNsInterleaved_final_infer_bigcity_r90_dice_20260524-015922_synthetic_may19_r90_spconv_d32_b3_depth3_100ep-final_bigcity_r90_spconv_d32_100ep_metrics_TO8MCiHX/inference/0,/var/tmp/atighedl_runs/final_all_inference_complete_100ep/logs/infer_bigcity_r90_spconv_d32_100ep_metrics.log,/var/tmp/atighedl_runs/final_all_inference_complete_100ep/logs/infer_bigcity_r90_spconv_d32_100ep_timing.log
industrial,r90,32,spconv,100,170,0.976834011779112,0.023165988220887977,79364.79411764706,1603.629411764706,0.004751538952319449,0.02134167142417825,0.44582040625460007,0.8613892804173863,23.18294568168413,22.73095649049477,0.24552238162695653,nan,0.20646680956240746,611.93310546875,0.010611399131662706,"/var/tmp/atighedl_runs/NEURALPVS_MAY19_SYNTHETIC_100EP/spconv_out/OACNNsInterleaved_synthetic_may19_r90_1000_t3000_dice,no_guess_20260523-184440_synthetic_may19_r90_spconv_d32_b3_depth3_100ep_aM73Soln",/var/tmp/atighedl_runs/final_all_inference_complete_100ep/spconv_out/OACNNsInterleaved_final_infer_industrial_r90_dice_20260524-020208_synthetic_may19_r90_spconv_d32_b3_depth3_100ep-final_industrial_r90_spconv_d32_100ep_metrics_LQ8Ddwfq,/var/tmp/atighedl_runs/final_all_inference_complete_100ep/spconv_out/OACNNsInterleaved_final_infer_industrial_r90_dice_20260524-020342_synthetic_may19_r90_spconv_d32_b3_depth3_100ep-final_industrial_r90_spconv_d32_100ep_timing_1bAOabBI,/var/tmp/atighedl_runs/final_all_inference_complete_100ep/spconv_out/OACNNsInterleaved_final_infer_industrial_r90_dice_20260524-020208_synthetic_may19_r90_spconv_d32_b3_depth3_100ep-final_industrial_r90_spconv_d32_100ep_metrics_LQ8Ddwfq/inference/0,/var/tmp/atighedl_runs/final_all_inference_complete_100ep/logs/infer_industrial_r90_spconv_d32_100ep_metrics.log,/var/tmp/atighedl_runs/final_all_inference_complete_100ep/logs/infer_industrial_r90_spconv_d32_100ep_timing.log
robotlab,r90,32,spconv,100,45,0.9728405051761203,0.027159494823879627,155886.53333333333,4670.111111111111,0.009361839832531025,0.037236461457278956,0.5074148794015249,0.9032441933949789,23.563241146115736,23.111221482854663,0.24577356481348117,nan,0.20624609844759106,672.943359375,0.018304883109198675,"/var/tmp/atighedl_runs/NEURALPVS_MAY19_SYNTHETIC_100EP/spconv_out/OACNNsInterleaved_synthetic_may19_r90_1000_t3000_dice,no_guess_20260523-184440_synthetic_may19_r90_spconv_d32_b3_depth3_100ep_aM73Soln",/var/tmp/atighedl_runs/final_all_inference_complete_100ep/spconv_out/OACNNsInterleaved_final_infer_robotlab_r90_dice_20260524-020522_synthetic_may19_r90_spconv_d32_b3_depth3_100ep-final_robotlab_r90_spconv_d32_100ep_metrics_Ria5VW60,/var/tmp/atighedl_runs/final_all_inference_complete_100ep/spconv_out/OACNNsInterleaved_final_infer_robotlab_r90_dice_20260524-020637_synthetic_may19_r90_spconv_d32_b3_depth3_100ep-final_robotlab_r90_spconv_d32_100ep_timing_gGSApUHC,/var/tmp/atighedl_runs/final_all_inference_complete_100ep/spconv_out/OACNNsInterleaved_final_infer_robotlab_r90_dice_20260524-020522_synthetic_may19_r90_spconv_d32_b3_depth3_100ep-final_robotlab_r90_spconv_d32_100ep_metrics_Ria5VW60/inference/0,/var/tmp/atighedl_runs/final_all_inference_complete_100ep/logs/infer_robotlab_r90_spconv_d32_100ep_metrics.log,/var/tmp/atighedl_runs/final_all_inference_complete_100ep/logs/infer_robotlab_r90_spconv_d32_100ep_timing.log
sponza,r90,32,spconv,100,98,0.9463310083564447,0.05366899164355527,334667.0918367347,10620.132653061224,0.020082156592029644,0.09383032220054642,0.4795135019385085,0.6254940854043377,23.71115379269407,23.259750853559908,0.2450961953074467,nan,0.2063067438267171,765.9599609375,0.04167758262887293,"/var/tmp/atighedl_runs/NEURALPVS_MAY19_SYNTHETIC_100EP/spconv_out/OACNNsInterleaved_synthetic_may19_r90_1000_t3000_dice,no_guess_20260523-184440_synthetic_may19_r90_spconv_d32_b3_depth3_100ep_aM73Soln",/var/tmp/atighedl_runs/final_all_inference_complete_100ep/spconv_out/OACNNsInterleaved_final_infer_sponza_r90_dice_20260524-020809_synthetic_may19_r90_spconv_d32_b3_depth3_100ep-final_sponza_r90_spconv_d32_100ep_metrics_BWzhKfiH,/var/tmp/atighedl_runs/final_all_inference_complete_100ep/spconv_out/OACNNsInterleaved_final_infer_sponza_r90_dice_20260524-020939_synthetic_may19_r90_spconv_d32_b3_depth3_100ep-final_sponza_r90_spconv_d32_100ep_timing_TUH7rSsE,/var/tmp/atighedl_runs/final_all_inference_complete_100ep/spconv_out/OACNNsInterleaved_final_infer_sponza_r90_dice_20260524-020809_synthetic_may19_r90_spconv_d32_b3_depth3_100ep-final_sponza_r90_spconv_d32_100ep_metrics_BWzhKfiH/inference/0,/var/tmp/atighedl_runs/final_all_inference_complete_100ep/logs/infer_sponza_r90_spconv_d32_100ep_metrics.log,/var/tmp/atighedl_runs/final_all_inference_complete_100ep/logs/infer_sponza_r90_spconv_d32_100ep_timing.log
viking,r90,32,spconv,100,304,0.968656700104475,0.03134329989552493,192009.84539473685,5751.296052631579,0.011520897885355555,0.05065442359850027,0.4348556475811883,0.6667140820308736,23.38789004199294,22.93666194874991,0.2442744687654166,nan,0.20695362447761,666.94189453125,0.026183256193211202,"/var/tmp/atighedl_runs/NEURALPVS_MAY19_SYNTHETIC_100EP/spconv_out/OACNNsInterleaved_synthetic_may19_r90_1000_t3000_dice,no_guess_20260523-184440_synthetic_may19_r90_spconv_d32_b3_depth3_100ep_aM73Soln",/var/tmp/atighedl_runs/final_all_inference_complete_100ep/spconv_out/OACNNsInterleaved_final_infer_viking_r90_dice_20260524-021112_synthetic_may19_r90_spconv_d32_b3_depth3_100ep-final_viking_r90_spconv_d32_100ep_metrics_NypnSbN0,/var/tmp/atighedl_runs/final_all_inference_complete_100ep/spconv_out/OACNNsInterleaved_final_infer_viking_r90_dice_20260524-021332_synthetic_may19_r90_spconv_d32_b3_depth3_100ep-final_viking_r90_spconv_d32_100ep_timing_L6gKshsf,/var/tmp/atighedl_runs/final_all_inference_complete_100ep/spconv_out/OACNNsInterleaved_final_infer_viking_r90_dice_20260524-021112_synthetic_may19_r90_spconv_d32_b3_depth3_100ep-final_viking_r90_spconv_d32_100ep_metrics_NypnSbN0/inference/0,/var/tmp/atighedl_runs/final_all_inference_complete_100ep/logs/infer_viking_r90_spconv_d32_100ep_metrics.log,/var/tmp/atighedl_runs/final_all_inference_complete_100ep/logs/infer_viking_r90_spconv_d32_100ep_timing.log
