Step,dice,loss_SparseWeightedDiceLoss,loss_NoGuessLoss,loss,epoch,lr
0,0.790534496307373,0.20946550369262695,1.2916638851165771,0.22028748691082,1,0.001
1,0.8066083788871765,0.1933916211128235,1.3020447492599487,0.20447814464569092,1,0.001
2,0.8285287618637085,0.1714712381362915,1.3203232288360596,0.18295976519584656,1,0.001
3,0.857717752456665,0.14228224754333496,1.296081304550171,0.1538202315568924,1,0.001
4,0.8865544199943542,0.11344558000564575,1.3162972927093506,0.12547409534454346,1,0.001
5,0.9108277559280396,0.08917224407196045,1.284805178642273,0.10112857073545456,1,0.001
6,0.9345570802688599,0.06544291973114014,1.289320945739746,0.07768169790506363,1,0.001
7,0.948035478591919,0.051964521408081055,1.2967822551727295,0.06441269814968109,1,0.001
8,0.9634358286857605,0.0365641713142395,1.2813684940338135,0.049012213945388794,1,0.001
9,0.9735250473022461,0.026474952697753906,1.307723045349121,0.03928743302822113,1,0.001
10,0.9734697341918945,0.02653026580810547,1.2721086740493774,0.038986049592494965,1,0.001
11,0.9752203226089478,0.024779677391052246,1.2817635536193848,0.03734951466321945,1,0.001
12,0.9729286432266235,0.027071356773376465,1.270348310470581,0.03950412571430206,1,0.001
13,0.9787542223930359,0.02124577760696411,1.3016397953033447,0.03404971957206726,1,0.001
14,0.9799397587776184,0.020060241222381592,1.2782806158065796,0.03264244645833969,1,0.001
15,0.9799760580062866,0.02002394199371338,1.2976176738739014,0.03279987722635269,1,0.001
16,0.9799673557281494,0.020032644271850586,1.3040322065353394,0.03287263959646225,1,0.001
17,0.979961097240448,0.020038902759552002,1.284653663635254,0.0326850488781929,1,0.001
18,0.9845795631408691,0.01542043685913086,1.2994458675384521,0.028260689228773117,2,0.00095
19,0.9864873290061951,0.013512670993804932,1.3104954957962036,0.02648250013589859,2,0.00095
20,0.9867745041847229,0.0132254958152771,1.3438247442245483,0.026531487703323364,2,0.00095
21,0.9863638877868652,0.013636112213134766,1.3600919246673584,0.02710067108273506,2,0.00095
22,0.9864277243614197,0.013572275638580322,1.3551619052886963,0.02698817104101181,2,0.00095
23,0.9862199425697327,0.013780057430267334,1.3565713167190552,0.02720797061920166,2,0.00095
24,0.9877718687057495,0.012228131294250488,1.3428198099136353,0.025534048676490784,2,0.00095
25,0.9863622188568115,0.013637781143188477,1.339980959892273,0.026901213452219963,2,0.00095
26,0.9893720746040344,0.010627925395965576,1.337367296218872,0.023895319551229477,2,0.00095
27,0.987276017665863,0.012723982334136963,1.307395339012146,0.025670696049928665,2,0.00095
28,0.9883559942245483,0.01164400577545166,1.315514326095581,0.024682708084583282,2,0.00095
29,0.9863100647926331,0.013689935207366943,1.3050726652145386,0.026603762060403824,2,0.00095
30,0.9893352389335632,0.010664761066436768,1.3252968788146973,0.023811083287000656,2,0.00095
31,0.9890480637550354,0.0109519362449646,1.3409947156906128,0.02425236441195011,2,0.00095
32,0.9866218566894531,0.013378143310546875,1.3435903787612915,0.026680264621973038,2,0.00095
33,0.9895669221878052,0.010433077812194824,1.341830849647522,0.02374705672264099,2,0.00095
34,0.9880512952804565,0.011948704719543457,1.3605622053146362,0.025434840470552444,2,0.00095
35,0.9886109828948975,0.011389017105102539,1.3093233108520508,0.02436836063861847,2,0.00095
36,0.9887688159942627,0.011231184005737305,1.3506537675857544,0.02462540939450264,3,0.0009025
37,0.9894287586212158,0.01057124137878418,1.3568040132522583,0.024033568799495697,3,0.0009025
38,0.9900156855583191,0.009984314441680908,1.351538896560669,0.02339985966682434,3,0.0009025
39,0.9893579483032227,0.010642051696777344,1.358567237854004,0.024121303111314774,3,0.0009025
40,0.9895709156990051,0.010429084300994873,1.3535152673721313,0.023859946057200432,3,0.0009025
41,0.9889076352119446,0.01109236478805542,1.3289215564727783,0.02427065744996071,3,0.0009025
42,0.9897701144218445,0.010229885578155518,1.3465745449066162,0.02359333261847496,3,0.0009025
43,0.9902114272117615,0.009788572788238525,1.3401631116867065,0.023092318326234818,3,0.0009025
44,0.9901650547981262,0.00983494520187378,1.354174256324768,0.023278336971998215,3,0.0009025
45,0.990166187286377,0.009833812713623047,1.3399510383605957,0.023134984076023102,3,0.0009025
46,0.9895974397659302,0.010402560234069824,1.3537261486053467,0.023835796862840652,3,0.0009025
47,0.9904673099517822,0.009532690048217773,1.3241831064224243,0.022679194808006287,3,0.0009025
48,0.9893741011619568,0.010625898838043213,1.3489738702774048,0.024009376764297485,3,0.0009025
49,0.9902420043945312,0.00975799560546875,1.3483452796936035,0.023143868893384933,3,0.0009025
50,0.9896817207336426,0.010318279266357422,1.3646233081817627,0.02386133000254631,3,0.0009025
51,0.9894819259643555,0.010518074035644531,1.3403127193450928,0.023816019296646118,3,0.0009025
52,0.9892939329147339,0.010706067085266113,1.338658332824707,0.023985590785741806,3,0.0009025
53,0.9898689985275269,0.010131001472473145,1.3141287565231323,0.02317097783088684,3,0.0009025
54,0.9897587895393372,0.010241210460662842,1.3574832677841187,0.023713629692792892,4,0.000857375
55,0.9902217388153076,0.009778261184692383,1.3345109224319458,0.02302558720111847,4,0.000857375
56,0.9902661442756653,0.009733855724334717,1.3448537588119507,0.023085054010152817,4,0.000857375
57,0.9906414747238159,0.009358525276184082,1.3133690357208252,0.022398630157113075,4,0.000857375
58,0.9897316098213196,0.01026839017868042,1.3386225700378418,0.023551931604743004,4,0.000857375
59,0.9903221130371094,0.009677886962890625,1.325627088546753,0.022837378084659576,4,0.000857375
60,0.9908953905105591,0.009104609489440918,1.3222883939743042,0.022236447781324387,4,0.000857375
61,0.9901012778282166,0.009898722171783447,1.332753300666809,0.023127267137169838,4,0.000857375
62,0.9905835390090942,0.009416460990905762,1.3193646669387817,0.02251594327390194,4,0.000857375
63,0.9895867109298706,0.010413289070129395,1.3584444522857666,0.023893600329756737,4,0.000857375
64,0.9904652237892151,0.009534776210784912,1.3461989164352417,0.022901415824890137,4,0.000857375
65,0.9904350638389587,0.00956493616104126,1.3379552364349365,0.022848838940262794,4,0.000857375
66,0.9905981421470642,0.009401857852935791,1.3221160173416138,0.0225289985537529,4,0.000857375
67,0.9903899431228638,0.00961005687713623,1.3475940227508545,0.022989895194768906,4,0.000857375
68,0.9907317757606506,0.009268224239349365,1.3305290937423706,0.022480832412838936,4,0.000857375
69,0.9901522994041443,0.009847700595855713,1.322368860244751,0.022972911596298218,4,0.000857375
70,0.9905515909194946,0.009448409080505371,1.3214399814605713,0.022568324580788612,4,0.000857375
71,0.9911810755729675,0.00881892442703247,1.2916927337646484,0.021647661924362183,4,0.000857375
72,0.9910378456115723,0.008962154388427734,1.3374841213226318,0.022247374057769775,5,0.0008145062499999999
73,0.9894557595252991,0.010544240474700928,1.3563027381896973,0.024001825600862503,5,0.0008145062499999999
74,0.9907094836235046,0.009290516376495361,1.3228899240493774,0.022426510229706764,5,0.0008145062499999999
75,0.9906793236732483,0.009320676326751709,1.3434337377548218,0.022661807015538216,5,0.0008145062499999999
76,0.9904767274856567,0.009523272514343262,1.343780517578125,0.022865844890475273,5,0.0008145062499999999
77,0.990450918674469,0.009549081325531006,1.3218193054199219,0.022671783342957497,5,0.0008145062499999999
78,0.9909469485282898,0.009053051471710205,1.3104692697525024,0.02206721343100071,5,0.0008145062499999999
79,0.9911724328994751,0.008827567100524902,1.3047326803207397,0.02178661897778511,5,0.0008145062499999999
80,0.9903462529182434,0.009653747081756592,1.317047357559204,0.022727683186531067,5,0.0008145062499999999
81,0.9911953210830688,0.008804678916931152,1.296809196472168,0.02168472483754158,5,0.0008145062499999999
82,0.9904065132141113,0.009593486785888672,1.3087265491485596,0.022584818303585052,5,0.0008145062499999999
83,0.9905750155448914,0.009424984455108643,1.3367301225662231,0.022698035463690758,5,0.0008145062499999999
84,0.9914255738258362,0.008574426174163818,1.3049206733703613,0.021537888795137405,5,0.0008145062499999999
85,0.990403413772583,0.009596586227416992,1.3380340337753296,0.022880960255861282,5,0.0008145062499999999
86,0.9908289313316345,0.009171068668365479,1.3226253986358643,0.02230561152100563,5,0.0008145062499999999
87,0.9907994270324707,0.009200572967529297,1.3511260747909546,0.022619828581809998,5,0.0008145062499999999
88,0.9910911917686462,0.00890880823135376,1.3079801797866821,0.021899521350860596,5,0.0008145062499999999
89,0.9908308386802673,0.009169161319732666,1.3338186740875244,0.022415656596422195,5,0.0008145062499999999
90,0.9907506108283997,0.009249389171600342,1.3492218255996704,0.022649113088846207,6,0.0007737809374999998
91,0.9912611842155457,0.008738815784454346,1.3054413795471191,0.02170584164559841,6,0.0007737809374999998
92,0.9911902546882629,0.00880974531173706,1.3238980770111084,0.021960627287626266,6,0.0007737809374999998
93,0.9908859133720398,0.009114086627960205,1.331012487411499,0.022333070635795593,6,0.0007737809374999998
94,0.990979015827179,0.009020984172821045,1.308158040046692,0.02201235480606556,6,0.0007737809374999998
95,0.9907572865486145,0.009242713451385498,1.3206819295883179,0.02235710620880127,6,0.0007737809374999998
96,0.9913905262947083,0.008609473705291748,1.3051649332046509,0.02157502807676792,6,0.0007737809374999998
97,0.9915463328361511,0.008453667163848877,1.3271276950836182,0.021640408784151077,6,0.0007737809374999998
98,0.9907326102256775,0.00926738977432251,1.3583118915557861,0.022757835686206818,6,0.0007737809374999998
99,0.9910526275634766,0.008947372436523438,1.3267107009887695,0.0221250057220459,6,0.0007737809374999998
100,0.9906202554702759,0.009379744529724121,1.3315849304199219,0.022601796314120293,6,0.0007737809374999998
101,0.991216242313385,0.00878375768661499,1.3295378684997559,0.021991297602653503,6,0.0007737809374999998
102,0.9909419417381287,0.009058058261871338,1.3051477670669556,0.022018954157829285,6,0.0007737809374999998
103,0.9906907081604004,0.00930929183959961,1.3180158138275146,0.022396355867385864,6,0.0007737809374999998
104,0.9916104674339294,0.008389532566070557,1.3215278387069702,0.021520916372537613,6,0.0007737809374999998
105,0.9914295077323914,0.008570492267608643,1.3240389823913574,0.021725177764892578,6,0.0007737809374999998
106,0.9906281232833862,0.00937187671661377,1.2954508066177368,0.022232666611671448,6,0.0007737809374999998
107,0.9907355904579163,0.00926440954208374,1.3442641496658325,0.022614406421780586,6,0.0007737809374999998
108,0.9908434152603149,0.009156584739685059,1.307834267616272,0.02214336022734642,7,0.0007350918906249997
109,0.9915180206298828,0.008481979370117188,1.3191664218902588,0.021588824689388275,7,0.0007350918906249997
110,0.9912323951721191,0.00876760482788086,1.3236017227172852,0.021915946155786514,7,0.0007350918906249997
111,0.9907441139221191,0.00925588607788086,1.3152817487716675,0.02231614477932453,7,0.0007350918906249997
112,0.9917033314704895,0.008296668529510498,1.3015666007995605,0.021229367703199387,7,0.0007350918906249997
113,0.9910796880722046,0.00892031192779541,1.316646695137024,0.021997574716806412,7,0.0007350918906249997
114,0.9910072088241577,0.008992791175842285,1.328244686126709,0.0221853107213974,7,0.0007350918906249997
115,0.9909094572067261,0.009090542793273926,1.3335503339767456,0.02233514003455639,7,0.0007350918906249997
116,0.9910433292388916,0.008956670761108398,1.3507187366485596,0.022374290972948074,7,0.0007350918906249997
117,0.9911173582077026,0.008882641792297363,1.308333158493042,0.021877147257328033,7,0.0007350918906249997
118,0.9913791418075562,0.008620858192443848,1.3244378566741943,0.021779026836156845,7,0.0007350918906249997
119,0.9917640686035156,0.008235931396484375,1.2880643606185913,0.02103421464562416,7,0.0007350918906249997
120,0.9912654757499695,0.008734524250030518,1.3283848762512207,0.021931027993559837,7,0.0007350918906249997
121,0.9917562007904053,0.008243799209594727,1.3043534755706787,0.02120489627122879,7,0.0007350918906249997
122,0.9913080930709839,0.008691906929016113,1.3407524824142456,0.022012513130903244,7,0.0007350918906249997
123,0.9908077716827393,0.009192228317260742,1.322140097618103,0.022321706637740135,7,0.0007350918906249997
124,0.9910503029823303,0.008949697017669678,1.3024903535842896,0.0218851026147604,7,0.0007350918906249997
125,0.9920044541358948,0.007995545864105225,1.3077000379562378,0.020992591977119446,7,0.0007350918906249997
126,0.9914216995239258,0.008578300476074219,1.3229261636734009,0.02172177843749523,8,0.0006983372960937497
127,0.9913409352302551,0.008659064769744873,1.3122024536132812,0.021694498136639595,8,0.0006983372960937497
128,0.9912338852882385,0.008766114711761475,1.317561388015747,0.021854067221283913,8,0.0006983372960937497
129,0.9915153980255127,0.008484601974487305,1.3123266696929932,0.021523021161556244,8,0.0006983372960937497
130,0.9919053316116333,0.0080946683883667,1.314369559288025,0.021157417446374893,8,0.0006983372960937497
131,0.9911482334136963,0.008851766586303711,1.3000156879425049,0.021763406693935394,8,0.0006983372960937497
132,0.9911372661590576,0.008862733840942383,1.3136177062988281,0.021910283714532852,8,0.0006983372960937497
133,0.9921978712081909,0.007802128791809082,1.3139419555664062,0.020863527432084084,8,0.0006983372960937497
134,0.9913580417633057,0.008641958236694336,1.3041564226150513,0.021597102284431458,8,0.0006983372960937497
135,0.9909729957580566,0.00902700424194336,1.3239368200302124,0.022176101803779602,8,0.0006983372960937497
136,0.9915075898170471,0.00849241018295288,1.3224176168441772,0.02163166180253029,8,0.0006983372960937497
137,0.9911382794380188,0.008861720561981201,1.316213607788086,0.02193523943424225,8,0.0006983372960937497
138,0.990919828414917,0.009080171585083008,1.3188703060150146,0.02217807248234749,8,0.0006983372960937497
139,0.991244912147522,0.008755087852478027,1.3068969249725342,0.0217365063726902,8,0.0006983372960937497
140,0.9908220767974854,0.009177923202514648,1.2967864274978638,0.02205400913953781,8,0.0006983372960937497
141,0.9909327626228333,0.009067237377166748,1.3144911527633667,0.022121476009488106,8,0.0006983372960937497
142,0.9919531941413879,0.00804680585861206,1.2858498096466064,0.02082483470439911,8,0.0006983372960937497
143,0.9906859993934631,0.009314000606536865,1.330008625984192,0.022520948201417923,8,0.0006983372960937497
144,0.9915938377380371,0.00840616226196289,1.3147518634796143,0.021469619125127792,9,0.0006634204312890621
145,0.9917766451835632,0.008223354816436768,1.312552571296692,0.021266646683216095,9,0.0006634204312890621
146,0.9910951852798462,0.008904814720153809,1.3195970058441162,0.022011736407876015,9,0.0006634204312890621
147,0.9918527007102966,0.00814729928970337,1.3215224742889404,0.021281050518155098,9,0.0006634204312890621
148,0.9911351203918457,0.008864879608154297,1.3425917625427246,0.022202149033546448,9,0.0006634204312890621
149,0.991398274898529,0.008601725101470947,1.3174763917922974,0.021690472960472107,9,0.0006634204312890621
150,0.9911693334579468,0.008830666542053223,1.3199061155319214,0.021941421553492546,9,0.0006634204312890621
151,0.9915179014205933,0.008482098579406738,1.3027464151382446,0.02142474055290222,9,0.0006634204312890621
152,0.9916723966598511,0.008327603340148926,1.2780535221099854,0.021024862304329872,9,0.0006634204312890621
153,0.991129457950592,0.008870542049407959,1.3168901205062866,0.02195073664188385,9,0.0006634204312890621
154,0.9916223883628845,0.008377611637115479,1.290407419204712,0.021197909489274025,9,0.0006634204312890621
155,0.9918295741081238,0.00817042589187622,1.2879955768585205,0.02096867747604847,9,0.0006634204312890621
156,0.9911882281303406,0.008811771869659424,1.3275035619735718,0.021998688578605652,9,0.0006634204312890621
157,0.9918369650840759,0.008163034915924072,1.3179289102554321,0.021260693669319153,9,0.0006634204312890621
158,0.991323709487915,0.008676290512084961,1.3454179763793945,0.022043706849217415,9,0.0006634204312890621
159,0.9910609126091003,0.008939087390899658,1.3381094932556152,0.022230790928006172,9,0.0006634204312890621
160,0.9910614490509033,0.00893855094909668,1.317057490348816,0.02201974019408226,9,0.0006634204312890621
161,0.9907464981079102,0.009253501892089844,1.314384937286377,0.02230481430888176,9,0.0006634204312890621
162,0.9913491606712341,0.00865083932876587,1.303955316543579,0.021603882312774658,10,0.000630249409724609
163,0.9917169809341431,0.008283019065856934,1.3136049509048462,0.021336238831281662,10,0.000630249409724609
164,0.991353452205658,0.008646547794342041,1.3207093477249146,0.02176717482507229,10,0.000630249409724609
165,0.9921178817749023,0.007882118225097656,1.3079599142074585,0.020882895216345787,10,0.000630249409724609
166,0.990575909614563,0.009424090385437012,1.3314251899719238,0.022644102573394775,10,0.000630249409724609
167,0.9913529753684998,0.008647024631500244,1.3107123374938965,0.02166767790913582,10,0.000630249409724609
168,0.9910268783569336,0.008973121643066406,1.3123725652694702,0.022007115185260773,10,0.000630249409724609
169,0.9914759993553162,0.008524000644683838,1.3330752849578857,0.021769512444734573,10,0.000630249409724609
170,0.9918768405914307,0.008123159408569336,1.3246573209762573,0.021288499236106873,10,0.000630249409724609
171,0.9918054342269897,0.008194565773010254,1.302996039390564,0.02114257961511612,10,0.000630249409724609
172,0.991095781326294,0.008904218673706055,1.2891645431518555,0.021706823259592056,10,0.000630249409724609
173,0.9915776252746582,0.008422374725341797,1.2994385957717896,0.02133253589272499,10,0.000630249409724609
174,0.9912202954292297,0.008779704570770264,1.3198797702789307,0.021890705451369286,10,0.000630249409724609
175,0.9913719892501831,0.008628010749816895,1.3090016841888428,0.021631747484207153,10,0.000630249409724609
176,0.9913714528083801,0.008628547191619873,1.3042067289352417,0.02158432826399803,10,0.000630249409724609
177,0.991695761680603,0.008304238319396973,1.2985687255859375,0.02120688185095787,10,0.000630249409724609
178,0.9920712113380432,0.007928788661956787,1.3041656017303467,0.020891156047582626,10,0.000630249409724609
179,0.9914422631263733,0.008557736873626709,1.3827229738235474,0.0222993902862072,10,0.000630249409724609
180,0.9916115999221802,0.008388400077819824,1.322829008102417,0.021532805636525154,11,0.0005987369392383785
181,0.991148054599762,0.008851945400238037,1.3088239431381226,0.021851666271686554,11,0.0005987369392383785
182,0.9910231828689575,0.00897681713104248,1.3138201236724854,0.022025249898433685,11,0.0005987369392383785
183,0.9916647672653198,0.008335232734680176,1.3280272483825684,0.021532151848077774,11,0.0005987369392383785
184,0.9918177723884583,0.008182227611541748,1.3157222270965576,0.02125762775540352,11,0.0005987369392383785
185,0.9913163781166077,0.008683621883392334,1.307898759841919,0.021675772964954376,11,0.0005987369392383785
186,0.9919487237930298,0.008051276206970215,1.2981219291687012,0.020951982587575912,11,0.0005987369392383785
187,0.9919571876525879,0.00804281234741211,1.3248064517974854,0.021210448816418648,11,0.0005987369392383785
188,0.9919189214706421,0.00808107852935791,1.2903683185577393,0.020903950557112694,11,0.0005987369392383785
189,0.9918674230575562,0.008132576942443848,1.3002102375030518,0.02105335332453251,11,0.0005987369392383785
190,0.992411732673645,0.0075882673263549805,1.297581672668457,0.020488200709223747,11,0.0005987369392383785
191,0.9916141033172607,0.008385896682739258,1.3037242889404297,0.021339280530810356,11,0.0005987369392383785
192,0.9914621710777283,0.008537828922271729,1.2988834381103516,0.02144128456711769,11,0.0005987369392383785
193,0.9917747378349304,0.00822526216506958,1.3276560306549072,0.021419569849967957,11,0.0005987369392383785
194,0.9918551445007324,0.008144855499267578,1.292801856994629,0.020991425961256027,11,0.0005987369392383785
195,0.9916411638259888,0.00835883617401123,1.3096641302108765,0.021371889859437943,11,0.0005987369392383785
196,0.9918466210365295,0.008153378963470459,1.2863552570343018,0.02093539759516716,11,0.0005987369392383785
197,0.9906041026115417,0.009395897388458252,1.3492764234542847,0.022794701159000397,11,0.0005987369392383785
198,0.9922099113464355,0.007790088653564453,1.3137918710708618,0.020850105211138725,12,0.0005688000922764595
199,0.9924783706665039,0.007521629333496094,1.285750389099121,0.020303916186094284,12,0.0005688000922764595
200,0.9913106560707092,0.008689343929290771,1.3283641338348389,0.02188609167933464,12,0.0005688000922764595
201,0.99168860912323,0.00831139087677002,1.3401281833648682,0.021629557013511658,12,0.0005688000922764595
202,0.9920440912246704,0.00795590877532959,1.296971321105957,0.020846061408519745,12,0.0005688000922764595
203,0.9918370842933655,0.008162915706634521,1.3080525398254395,0.02116181142628193,12,0.0005688000922764595
204,0.9920605421066284,0.007939457893371582,1.309727668762207,0.0209573395550251,12,0.0005688000922764595
205,0.991365373134613,0.008634626865386963,1.2926970720291138,0.021475251764059067,12,0.0005688000922764595
206,0.9919376969337463,0.008062303066253662,1.313807487487793,0.021119754761457443,12,0.0005688000922764595
207,0.9919910430908203,0.008008956909179688,1.289358377456665,0.020822450518608093,12,0.0005688000922764595
208,0.9911163449287415,0.008883655071258545,1.3006236553192139,0.02180105447769165,12,0.0005688000922764595
209,0.9919865727424622,0.008013427257537842,1.2736928462982178,0.020670220255851746,12,0.0005688000922764595
210,0.9918625354766846,0.00813746452331543,1.2966033220291138,0.021022122353315353,12,0.0005688000922764595
211,0.9917449951171875,0.0082550048828125,1.3035285472869873,0.021207740530371666,12,0.0005688000922764595
212,0.9915100336074829,0.00848996639251709,1.3183979988098145,0.021589046344161034,12,0.0005688000922764595
213,0.9919342994689941,0.00806570053100586,1.3305436372756958,0.021290479227900505,12,0.0005688000922764595
214,0.9919376969337463,0.008062303066253662,1.3009406328201294,0.020991086959838867,12,0.0005688000922764595
215,0.9924138784408569,0.007586121559143066,1.2817981243133545,0.02032824046909809,12,0.0005688000922764595
216,0.9924762845039368,0.007523715496063232,1.288304328918457,0.020331520587205887,13,0.0005403600876626365
217,0.9921169281005859,0.007883071899414062,1.3032011985778809,0.020836252719163895,13,0.0005403600876626365
218,0.9917166829109192,0.00828331708908081,1.3047853708267212,0.021248336881399155,13,0.0005403600876626365
219,0.9917443990707397,0.008255600929260254,1.3194169998168945,0.021367214620113373,13,0.0005403600876626365
220,0.9915092587471008,0.00849074125289917,1.3013197183609009,0.02141902968287468,13,0.0005403600876626365
221,0.9924144148826599,0.007585585117340088,1.28074049949646,0.020317133516073227,13,0.0005403600876626365
222,0.9923949837684631,0.007605016231536865,1.2994780540466309,0.02052374556660652,13,0.0005403600876626365
223,0.9916889667510986,0.008311033248901367,1.2995558977127075,0.021223481744527817,13,0.0005403600876626365
224,0.9919484257698059,0.008051574230194092,1.2941460609436035,0.020912518724799156,13,0.0005403600876626365
225,0.9920489192008972,0.007951080799102783,1.296087622642517,0.020832445472478867,13,0.0005403600876626365
226,0.9921156764030457,0.007884323596954346,1.2911453247070312,0.02071693353354931,13,0.0005403600876626365
227,0.9914928078651428,0.008507192134857178,1.311527132987976,0.02153739146888256,13,0.0005403600876626365
228,0.9922990202903748,0.007700979709625244,1.3034937381744385,0.020658906549215317,13,0.0005403600876626365
229,0.9918528199195862,0.008147180080413818,1.3128851652145386,0.02119455859065056,13,0.0005403600876626365
230,0.9920353293418884,0.007964670658111572,1.3230910301208496,0.02111593261361122,13,0.0005403600876626365
231,0.9917788505554199,0.008221149444580078,1.2907048463821411,0.0210459865629673,13,0.0005403600876626365
232,0.9916911125183105,0.008308887481689453,1.3093345165252686,0.02131914347410202,13,0.0005403600876626365
233,0.9927176237106323,0.007282376289367676,1.2536389827728271,0.01974594220519066,13,0.0005403600876626365
234,0.9922391176223755,0.007760882377624512,1.3131366968154907,0.020814640447497368,14,0.0005133420832795047
235,0.9920873045921326,0.007912695407867432,1.3059556484222412,0.020893124863505363,14,0.0005133420832795047
236,0.9921983480453491,0.007801651954650879,1.3038976192474365,0.0207626111805439,14,0.0005133420832795047
237,0.9920395612716675,0.00796043872833252,1.295583724975586,0.02083667181432247,14,0.0005133420832795047
238,0.9921861290931702,0.007813870906829834,1.297133445739746,0.020707067102193832,14,0.0005133420832795047
239,0.9922868013381958,0.007713198661804199,1.2926208972930908,0.020562276244163513,14,0.0005133420832795047
240,0.9926113486289978,0.007388651371002197,1.3040624856948853,0.020355388522148132,14,0.0005133420832795047
241,0.9919875264167786,0.008012473583221436,1.2947590351104736,0.020879939198493958,14,0.0005133420832795047
242,0.9917511940002441,0.00824880599975586,1.3109791278839111,0.021276108920574188,14,0.0005133420832795047
243,0.9920775294303894,0.007922470569610596,1.2911912202835083,0.020755156874656677,14,0.0005133420832795047
244,0.9918719530105591,0.008128046989440918,1.2948064804077148,0.02099483087658882,14,0.0005133420832795047
245,0.9914883971214294,0.008511602878570557,1.2785316705703735,0.02121180295944214,14,0.0005133420832795047
246,0.9921601414680481,0.007839858531951904,1.3112064599990845,0.020873524248600006,14,0.0005133420832795047
247,0.9923633337020874,0.007636666297912598,1.2902247905731201,0.02046254649758339,14,0.0005133420832795047
248,0.9918542504310608,0.008145749568939209,1.2973964214324951,0.021038256585597992,14,0.0005133420832795047
249,0.9925749897956848,0.0074250102043151855,1.2683333158493042,0.020034093409776688,14,0.0005133420832795047
250,0.991798996925354,0.008201003074645996,1.2999355792999268,0.021118348464369774,14,0.0005133420832795047
251,0.9911035299301147,0.008896470069885254,1.2664519548416138,0.0214720256626606,14,0.0005133420832795047
252,0.9922071695327759,0.007792830467224121,1.2962844371795654,0.02067774534225464,15,0.00048767497911552944
253,0.9919601678848267,0.00803983211517334,1.3083120584487915,0.021042553707957268,15,0.00048767497911552944
254,0.9920315146446228,0.007968485355377197,1.3003950119018555,0.020892750471830368,15,0.00048767497911552944
255,0.9921003580093384,0.007899641990661621,1.295740008354187,0.020778045058250427,15,0.00048767497911552944
256,0.9918810129165649,0.008118987083435059,1.3000028133392334,0.02103782445192337,15,0.00048767497911552944
257,0.9922261834144592,0.0077738165855407715,1.3095811605453491,0.02079189009964466,15,0.00048767497911552944
258,0.9924321174621582,0.007567882537841797,1.2817741632461548,0.020309945568442345,15,0.00048767497911552944
259,0.9923170208930969,0.007682979106903076,1.303444266319275,0.02064059115946293,15,0.00048767497911552944
260,0.9918769001960754,0.00812309980392456,1.300131916999817,0.021043188869953156,15,0.00048767497911552944
261,0.9918454885482788,0.008154511451721191,1.3359599113464355,0.02143256552517414,15,0.00048767497911552944
262,0.9921796917915344,0.007820308208465576,1.3022264242172241,0.020764369517564774,15,0.00048767497911552944
263,0.9917271137237549,0.008272886276245117,1.3065000772476196,0.02125515788793564,15,0.00048767497911552944
264,0.9922708868980408,0.0077291131019592285,1.2745449542999268,0.02039727196097374,15,0.00048767497911552944
265,0.9925743937492371,0.0074256062507629395,1.2953323125839233,0.020304672420024872,15,0.00048767497911552944
266,0.9921780228614807,0.007821977138519287,1.2854962348937988,0.020598718896508217,15,0.00048767497911552944
267,0.9922124147415161,0.007787585258483887,1.2856745719909668,0.020566454157233238,15,0.00048767497911552944
268,0.9921727180480957,0.007827281951904297,1.3027442693710327,0.020776452496647835,15,0.00048767497911552944
269,0.9921223521232605,0.007877647876739502,1.269347906112671,0.020492350682616234,15,0.00048767497911552944
270,0.9921629428863525,0.007837057113647461,1.2781774997711182,0.02054046094417572,16,0.00046329123015975297
271,0.9920626282691956,0.007937371730804443,1.3073570728302002,0.02093156799674034,16,0.00046329123015975297
272,0.9919306635856628,0.008069336414337158,1.3011186122894287,0.020999828353524208,16,0.00046329123015975297
273,0.9922988414764404,0.00770115852355957,1.3040465116500854,0.02066461183130741,16,0.00046329123015975297
274,0.9921656250953674,0.007834374904632568,1.296994924545288,0.020725980401039124,16,0.00046329123015975297
275,0.992184579372406,0.007815420627593994,1.3106285333633423,0.02084355056285858,16,0.00046329123015975297
276,0.991963803768158,0.008036196231842041,1.2915359735488892,0.020871194079518318,16,0.00046329123015975297
277,0.9924708604812622,0.007529139518737793,1.3272204399108887,0.020726053044199944,16,0.00046329123015975297
278,0.9923781752586365,0.007621824741363525,1.2776117324829102,0.020321723073720932,16,0.00046329123015975297
279,0.9925429821014404,0.00745701789855957,1.2690900564193726,0.02007334679365158,16,0.00046329123015975297
280,0.9914844632148743,0.008515536785125732,1.3089768886566162,0.02152014896273613,16,0.00046329123015975297
281,0.9923025369644165,0.007697463035583496,1.2903248071670532,0.020523736253380775,16,0.00046329123015975297
282,0.9924036860466003,0.007596313953399658,1.274036169052124,0.020260712131857872,16,0.00046329123015975297
283,0.9920318722724915,0.007968127727508545,1.2779537439346313,0.02066798508167267,16,0.00046329123015975297
284,0.9925174713134766,0.0074825286865234375,1.3022387027740479,0.02043008990585804,16,0.00046329123015975297
285,0.9921741485595703,0.007825851440429688,1.2822099924087524,0.02056969329714775,16,0.00046329123015975297
286,0.9921742081642151,0.007825791835784912,1.3029553890228271,0.020777087658643723,16,0.00046329123015975297
287,0.9922234416007996,0.0077765583992004395,1.3113374710083008,0.02081216871738434,16,0.00046329123015975297
288,0.9925820231437683,0.0074179768562316895,1.2822318077087402,0.02016611397266388,17,0.0004401266686517653
289,0.9923356175422668,0.007664382457733154,1.2937512397766113,0.0205252505838871,17,0.0004401266686517653
290,0.9929690361022949,0.007030963897705078,1.259929895401001,0.01955995336174965,17,0.0004401266686517653
291,0.9919702410697937,0.008029758930206299,1.294216513633728,0.020891625434160233,17,0.0004401266686517653
292,0.9924024343490601,0.007597565650939941,1.2840421199798584,0.020362012088298798,17,0.0004401266686517653
293,0.992768406867981,0.007231593132019043,1.2741482257843018,0.019900759682059288,17,0.0004401266686517653
294,0.9920234680175781,0.007976531982421875,1.3022418022155762,0.020919185131788254,17,0.0004401266686517653
295,0.9927895069122314,0.007210493087768555,1.2748644351959229,0.019887031987309456,17,0.0004401266686517653
296,0.9916741251945496,0.00832587480545044,1.2852827310562134,0.02109544351696968,17,0.0004401266686517653
297,0.9923787117004395,0.007621288299560547,1.2860534191131592,0.020405609160661697,17,0.0004401266686517653
298,0.992530345916748,0.007469654083251953,1.2903884649276733,0.02029884234070778,17,0.0004401266686517653
299,0.9919230341911316,0.008076965808868408,1.3088417053222656,0.021084612235426903,17,0.0004401266686517653
300,0.9922108054161072,0.007789194583892822,1.2894773483276367,0.02060607448220253,17,0.0004401266686517653
301,0.9921767711639404,0.00782322883605957,1.293076753616333,0.020675763487815857,17,0.0004401266686517653
302,0.9919414520263672,0.008058547973632812,1.306626796722412,0.021044230088591576,17,0.0004401266686517653
303,0.9923324584960938,0.00766754150390625,1.311143398284912,0.02070230059325695,17,0.0004401266686517653
304,0.9928320646286011,0.007167935371398926,1.3122729063034058,0.0202189851552248,17,0.0004401266686517653
305,0.9916109442710876,0.008389055728912354,1.3365216255187988,0.021670380607247353,17,0.0004401266686517653
306,0.9925920963287354,0.0074079036712646484,1.2927899360656738,0.020261723548173904,18,0.00041812033521917703
307,0.9923241138458252,0.007675886154174805,1.275547981262207,0.020354606211185455,18,0.00041812033521917703
308,0.992330014705658,0.007669985294342041,1.2757296562194824,0.020350582897663116,18,0.00041812033521917703
309,0.9925768971443176,0.007423102855682373,1.2573111057281494,0.019921982660889626,18,0.00041812033521917703
310,0.9919126629829407,0.008087337017059326,1.280768871307373,0.02081415243446827,18,0.00041812033521917703
311,0.9925361275672913,0.00746387243270874,1.2863788604736328,0.020253023132681847,18,0.00041812033521917703
312,0.9920198917388916,0.007980108261108398,1.2939202785491943,0.02083950862288475,18,0.00041812033521917703
313,0.9923062324523926,0.007693767547607422,1.306624412536621,0.02068307250738144,18,0.00041812033521917703
314,0.9924654364585876,0.0075345635414123535,1.277397632598877,0.020233193412423134,18,0.00041812033521917703
315,0.9917165637016296,0.008283436298370361,1.2818315029144287,0.021018916741013527,18,0.00041812033521917703
316,0.9918968677520752,0.008103132247924805,1.3128151893615723,0.0211502518504858,18,0.00041812033521917703
317,0.9923774600028992,0.00762253999710083,1.3003695011138916,0.020550008863210678,18,0.00041812033521917703
318,0.992134690284729,0.007865309715270996,1.308590292930603,0.020872559398412704,18,0.00041812033521917703
319,0.99294513463974,0.00705486536026001,1.2936015129089355,0.019920330494642258,18,0.00041812033521917703
320,0.9927236437797546,0.007276356220245361,1.2937344312667847,0.020140936598181725,18,0.00041812033521917703
321,0.9928054809570312,0.00719451904296875,1.2655526399612427,0.01977810077369213,18,0.00041812033521917703
322,0.99235600233078,0.007643997669219971,1.2805787324905396,0.02037334442138672,18,0.00041812033521917703
323,0.9926203489303589,0.007379651069641113,1.2928396463394165,0.020234251394867897,18,0.00041812033521917703
324,0.9924346804618835,0.007565319538116455,1.3055521249771118,0.02054518833756447,19,0.00039721431845821814
325,0.992791473865509,0.007208526134490967,1.2806601524353027,0.01994304172694683,19,0.00039721431845821814
326,0.9922848343849182,0.007715165615081787,1.2849477529525757,0.02048749104142189,19,0.00039721431845821814
327,0.9922360777854919,0.007763922214508057,1.3007385730743408,0.020693669095635414,19,0.00039721431845821814
328,0.9928409457206726,0.007159054279327393,1.2755179405212402,0.019842643290758133,19,0.00039721431845821814
329,0.9926647543907166,0.007335245609283447,1.2978429794311523,0.02024032361805439,19,0.00039721431845821814
330,0.9924483299255371,0.007551670074462891,1.2928659915924072,0.020404813811182976,19,0.00039721431845821814
331,0.9918884634971619,0.008111536502838135,1.286577582359314,0.020896196365356445,19,0.00039721431845821814
332,0.9922982454299927,0.007701754570007324,1.2711665630340576,0.02033640258014202,19,0.00039721431845821814
333,0.992678165435791,0.007321834564208984,1.269931674003601,0.01994793303310871,19,0.00039721431845821814
334,0.9924055933952332,0.007594406604766846,1.2982031106948853,0.020500492304563522,19,0.00039721431845821814
335,0.9925024509429932,0.007497549057006836,1.2824468612670898,0.020247042179107666,19,0.00039721431845821814
336,0.9925876259803772,0.007412374019622803,1.2795610427856445,0.020133860409259796,19,0.00039721431845821814
337,0.9926655888557434,0.007334411144256592,1.2939954996109009,0.020201021805405617,19,0.00039721431845821814
338,0.9922686219215393,0.007731378078460693,1.2657203674316406,0.0203112680464983,19,0.00039721431845821814
339,0.9920840263366699,0.007915973663330078,1.2929964065551758,0.02076677791774273,19,0.00039721431845821814
340,0.9926026463508606,0.007397353649139404,1.2851135730743408,0.02017451636493206,19,0.00039721431845821814
341,0.9924083352088928,0.007591664791107178,1.2625731229782104,0.02014147862792015,19,0.00039721431845821814
342,0.9927460551261902,0.0072539448738098145,1.3046573400497437,0.020227978006005287,20,0.0003773536025353072
343,0.9924409985542297,0.007559001445770264,1.2738178968429565,0.020221590995788574,20,0.0003773536025353072
344,0.9926279187202454,0.007372081279754639,1.2801215648651123,0.02009957656264305,20,0.0003773536025353072
345,0.9926220774650574,0.007377922534942627,1.2891991138458252,0.020196134224534035,20,0.0003773536025353072
346,0.9924777746200562,0.007522225379943848,1.297795295715332,0.02042495645582676,20,0.0003773536025353072
347,0.9926921129226685,0.007307887077331543,1.2944717407226562,0.020179525017738342,20,0.0003773536025353072
348,0.99235600233078,0.007643997669219971,1.2812373638153076,0.0203799307346344,20,0.0003773536025353072
349,0.992494523525238,0.007505476474761963,1.2773807048797607,0.020204229280352592,20,0.0003773536025353072
350,0.9928426146507263,0.007157385349273682,1.2642985582351685,0.019728796556591988,20,0.0003773536025353072
351,0.9918907880783081,0.008109211921691895,1.2866536378860474,0.02089465595781803,20,0.0003773536025353072
352,0.9922906160354614,0.007709383964538574,1.3035228252410889,0.02066751755774021,20,0.0003773536025353072
353,0.9925434589385986,0.007456541061401367,1.2924319505691528,0.020306294783949852,20,0.0003773536025353072
354,0.9925075769424438,0.007492423057556152,1.2761313915252686,0.020178813487291336,20,0.0003773536025353072
355,0.992540717124939,0.007459282875061035,1.2846311330795288,0.02023100107908249,20,0.0003773536025353072
356,0.992925763130188,0.007074236869812012,1.278243064880371,0.01978592574596405,20,0.0003773536025353072
357,0.9922537803649902,0.007746219635009766,1.2819404602050781,0.020488161593675613,20,0.0003773536025353072
358,0.9927196502685547,0.0072803497314453125,1.288578748703003,0.02009333297610283,20,0.0003773536025353072
359,0.9927210211753845,0.0072789788246154785,1.294217824935913,0.020148366689682007,20,0.0003773536025353072
360,0.9925016760826111,0.007498323917388916,1.2845133543014526,0.020268473774194717,21,0.0003584859224085418
361,0.992861270904541,0.007138729095458984,1.2732080221176147,0.019799422472715378,21,0.0003584859224085418
362,0.9931176900863647,0.006882309913635254,1.2642992734909058,0.01945647969841957,21,0.0003584859224085418
363,0.992546021938324,0.007453978061676025,1.287339448928833,0.020252833142876625,21,0.0003584859224085418
364,0.9927558302879333,0.00724416971206665,1.2936232089996338,0.02010796032845974,21,0.0003584859224085418
365,0.9928256869316101,0.007174313068389893,1.2611445188522339,0.01971401460468769,21,0.0003584859224085418
366,0.9928444027900696,0.00715559720993042,1.2913355827331543,0.01999739743769169,21,0.0003584859224085418
367,0.9922415614128113,0.007758438587188721,1.2753455638885498,0.020434308797121048,21,0.0003584859224085418
368,0.992295503616333,0.007704496383666992,1.2791728973388672,0.020419180393218994,21,0.0003584859224085418
369,0.9927116632461548,0.007288336753845215,1.3016958236694336,0.020232411101460457,21,0.0003584859224085418
370,0.9923498034477234,0.007650196552276611,1.2808258533477783,0.020381953567266464,21,0.0003584859224085418
371,0.99263995885849,0.00736004114151001,1.2776813507080078,0.020063254982233047,21,0.0003584859224085418
372,0.9923279881477356,0.007672011852264404,1.3032084703445435,0.020627375692129135,21,0.0003584859224085418
373,0.9922256469726562,0.00777435302734375,1.282701849937439,0.02052362821996212,21,0.0003584859224085418
374,0.9928052425384521,0.0071947574615478516,1.2800803184509277,0.019923612475395203,21,0.0003584859224085418
375,0.9924774765968323,0.007522523403167725,1.2863893508911133,0.02031119167804718,21,0.0003584859224085418
376,0.9922798275947571,0.00772017240524292,1.2823965549468994,0.020466936752200127,21,0.0003584859224085418
377,0.9929535388946533,0.00704646110534668,1.2787505388259888,0.01976350136101246,21,0.0003584859224085418
378,0.9923402070999146,0.007659792900085449,1.288896918296814,0.02047216333448887,22,0.0003405616262881147
379,0.9918391108512878,0.008160889148712158,1.2611850500106812,0.020691130310297012,22,0.0003405616262881147
380,0.9924784898757935,0.007521510124206543,1.279882550239563,0.02024511992931366,22,0.0003405616262881147
381,0.9930179715156555,0.006982028484344482,1.2632710933685303,0.019544918090105057,22,0.0003405616262881147
382,0.9931158423423767,0.006884157657623291,1.2823715209960938,0.0196390300989151,22,0.0003405616262881147
383,0.9927212595939636,0.007278740406036377,1.3011424541473389,0.020217377692461014,22,0.0003405616262881147
384,0.9923812747001648,0.007618725299835205,1.2867982387542725,0.02041052095592022,22,0.0003405616262881147
385,0.992370069026947,0.0076299309730529785,1.286366581916809,0.02041729725897312,22,0.0003405616262881147
386,0.9928393959999084,0.007160604000091553,1.297021746635437,0.020059214904904366,22,0.0003405616262881147
387,0.992371141910553,0.0076288580894470215,1.2788145542144775,0.02034071460366249,22,0.0003405616262881147
388,0.9927188158035278,0.007281184196472168,1.2859785556793213,0.020068157464265823,22,0.0003405616262881147
389,0.9926926493644714,0.0073073506355285645,1.2746962308883667,0.01998123899102211,22,0.0003405616262881147
390,0.99272221326828,0.007277786731719971,1.2810899019241333,0.020015908405184746,22,0.0003405616262881147
391,0.9923003315925598,0.0076996684074401855,1.282521367073059,0.020447885617613792,22,0.0003405616262881147
392,0.9928985238075256,0.007101476192474365,1.2860839366912842,0.019891301169991493,22,0.0003405616262881147
393,0.9927413463592529,0.00725865364074707,1.2858147621154785,0.02004421502351761,22,0.0003405616262881147
394,0.9923136234283447,0.0076863765716552734,1.2756471633911133,0.020365983247756958,22,0.0003405616262881147
395,0.9931711554527283,0.0068288445472717285,1.2590644359588623,0.01935119926929474,22,0.0003405616262881147
396,0.992400586605072,0.0075994133949279785,1.2782235145568848,0.020305654034018517,23,0.00032353354497370894
397,0.9928629994392395,0.007137000560760498,1.28907310962677,0.01995636150240898,23,0.00032353354497370894
398,0.9922634959220886,0.007736504077911377,1.2856837511062622,0.02051597647368908,23,0.00032353354497370894
399,0.9929227828979492,0.007077217102050781,1.2791078090667725,0.019797522574663162,23,0.00032353354497370894
400,0.9929497838020325,0.007050216197967529,1.2717589139938354,0.01969730295240879,23,0.00032353354497370894
401,0.9929041862487793,0.007095813751220703,1.2920668125152588,0.019945522770285606,23,0.00032353354497370894
402,0.9928295016288757,0.007170498371124268,1.2763433456420898,0.019862227141857147,23,0.00032353354497370894
403,0.9927833080291748,0.007216691970825195,1.2768956422805786,0.019913481548428535,23,0.00032353354497370894
404,0.9926591515541077,0.007340848445892334,1.2832776308059692,0.020100215449929237,23,0.00032353354497370894
405,0.9926992058753967,0.0073007941246032715,1.2724580764770508,0.01995236612856388,23,0.00032353354497370894
406,0.9925322532653809,0.007467746734619141,1.295839548110962,0.020351465791463852,23,0.00032353354497370894
407,0.9925404787063599,0.007459521293640137,1.2734521627426147,0.020119447261095047,23,0.00032353354497370894
408,0.9929946064949036,0.0070053935050964355,1.255751609802246,0.019492855295538902,23,0.00032353354497370894
409,0.9925064444541931,0.007493555545806885,1.2885295152664185,0.020303914323449135,23,0.00032353354497370894
410,0.9927687048912048,0.007231295108795166,1.274601936340332,0.019905000925064087,23,0.00032353354497370894
411,0.9924253225326538,0.007574677467346191,1.304042100906372,0.02053935080766678,23,0.00032353354497370894
412,0.9924317002296448,0.007568299770355225,1.2807601690292358,0.02030021697282791,23,0.00032353354497370894
413,0.9921449422836304,0.007855057716369629,1.3028337955474854,0.020804844796657562,23,0.00032353354497370894
414,0.9928334951400757,0.007166504859924316,1.2712293863296509,0.019807133823633194,24,0.00030735686772502346
415,0.9925209283828735,0.007479071617126465,1.2871772050857544,0.020276052877306938,24,0.00030735686772502346
416,0.9924070239067078,0.007592976093292236,1.2893528938293457,0.020410574972629547,24,0.00030735686772502346
417,0.992885172367096,0.007114827632904053,1.2662925720214844,0.01970660500228405,24,0.00030735686772502346
418,0.9925576448440552,0.007442355155944824,1.2828192710876465,0.02019612491130829,24,0.00030735686772502346
419,0.9925413131713867,0.007458686828613281,1.2877678871154785,0.02026177942752838,24,0.00030735686772502346
420,0.9925352931022644,0.007464706897735596,1.2744395732879639,0.0201344545930624,24,0.00030735686772502346
421,0.9926733374595642,0.007326662540435791,1.274186611175537,0.01999526098370552,24,0.00030735686772502346
422,0.9928203225135803,0.007179677486419678,1.2778878211975098,0.01988675817847252,24,0.00030735686772502346
423,0.992790162563324,0.007209837436676025,1.2808116674423218,0.01994585618376732,24,0.00030735686772502346
424,0.9929797649383545,0.007020235061645508,1.2680190801620483,0.019630223512649536,24,0.00030735686772502346
425,0.992635190486908,0.007364809513092041,1.2805191278457642,0.020096352323889732,24,0.00030735686772502346
426,0.9926123023033142,0.007387697696685791,1.2887160778045654,0.020200980827212334,24,0.00030735686772502346
427,0.9928156733512878,0.007184326648712158,1.2926831245422363,0.020039314404129982,24,0.00030735686772502346
428,0.9929733276367188,0.00702667236328125,1.284523844718933,0.01980164274573326,24,0.00030735686772502346
429,0.9929762482643127,0.007023751735687256,1.2668675184249878,0.019622188061475754,24,0.00030735686772502346
430,0.9927524924278259,0.007247507572174072,1.2549190521240234,0.019724221900105476,24,0.00030735686772502346
431,0.9924525022506714,0.007547497749328613,1.3025023937225342,0.020497046411037445,24,0.00030735686772502346
432,0.9928995370864868,0.007100462913513184,1.2759020328521729,0.019788477569818497,25,0.00029198902433877225
433,0.9929996728897095,0.007000327110290527,1.2942109107971191,0.019872432574629784,25,0.00029198902433877225
434,0.9927478432655334,0.007252156734466553,1.2773246765136719,0.019952882081270218,25,0.00029198902433877225
435,0.992466926574707,0.007533073425292969,1.2766796350479126,0.020224539563059807,25,0.00029198902433877225
436,0.9929365515708923,0.007063448429107666,1.2640726566314697,0.019633539021015167,25,0.00029198902433877225
437,0.9927169680595398,0.007283031940460205,1.278787612915039,0.019998077303171158,25,0.00029198902433877225
438,0.9929267764091492,0.00707322359085083,1.2879393100738525,0.01988188549876213,25,0.00029198902433877225
439,0.9923198819160461,0.007680118083953857,1.2838257551193237,0.020441574975848198,25,0.00029198902433877225
440,0.9925091862678528,0.007490813732147217,1.2868629693984985,0.020284535363316536,25,0.00029198902433877225
441,0.9922651052474976,0.007734894752502441,1.2848221063613892,0.020505767315626144,25,0.00029198902433877225
442,0.9929826855659485,0.007017314434051514,1.2726694345474243,0.01967383548617363,25,0.00029198902433877225
443,0.9930145144462585,0.006985485553741455,1.2683663368225098,0.019599294289946556,25,0.00029198902433877225
444,0.9928346276283264,0.007165372371673584,1.2758708000183105,0.019852425903081894,25,0.00029198902433877225
445,0.992631733417511,0.007368266582489014,1.292233943939209,0.0202169232070446,25,0.00029198902433877225
446,0.9926465749740601,0.007353425025939941,1.265721321105957,0.019937103614211082,25,0.00029198902433877225
447,0.9930387139320374,0.0069612860679626465,1.2575254440307617,0.019466927275061607,25,0.00029198902433877225
448,0.9929060339927673,0.007093966007232666,1.2794618606567383,0.019817644730210304,25,0.00029198902433877225
449,0.9935212135314941,0.006478786468505859,1.281214952468872,0.01922614686191082,25,0.00029198902433877225
450,0.9928270578384399,0.007172942161560059,1.2687586545944214,0.019788797944784164,26,0.00027738957312183364
451,0.9928012490272522,0.007198750972747803,1.2952955961227417,0.0200797189027071,26,0.00027738957312183364
452,0.9924765825271606,0.0075234174728393555,1.2800121307373047,0.020248305052518845,26,0.00027738957312183364
453,0.9928406476974487,0.0071593523025512695,1.2704856395721436,0.01979261450469494,26,0.00027738957312183364
454,0.9928281903266907,0.007171809673309326,1.2750641107559204,0.019850732758641243,26,0.00027738957312183364
455,0.992338240146637,0.007661759853363037,1.265900731086731,0.02024414949119091,26,0.00027738957312183364
456,0.9924063086509705,0.007593691349029541,1.2762832641601562,0.020280586555600166,26,0.00027738957312183364
457,0.9932158589363098,0.0067841410636901855,1.2781792879104614,0.01949809119105339,26,0.00027738957312183364
458,0.9931080341339111,0.006891965866088867,1.2726948261260986,0.01954999379813671,26,0.00027738957312183364
459,0.9928175210952759,0.007182478904724121,1.2766268253326416,0.01987692341208458,26,0.00027738957312183364
460,0.9929060935974121,0.007093906402587891,1.2873343229293823,0.019896309822797775,26,0.00027738957312183364
461,0.9925654530525208,0.007434546947479248,1.2874705791473389,0.020234907045960426,26,0.00027738957312183364
462,0.9926578402519226,0.007342159748077393,1.2849582433700562,0.020118320360779762,26,0.00027738957312183364
463,0.9927890300750732,0.007210969924926758,1.2663991451263428,0.019802851602435112,26,0.00027738957312183364
464,0.992956280708313,0.007043719291687012,1.284715175628662,0.019820433109998703,26,0.00027738957312183364
465,0.9932305216789246,0.0067694783210754395,1.2609210014343262,0.01931099407374859,26,0.00027738957312183364
466,0.9931139945983887,0.006886005401611328,1.2575280666351318,0.019392425194382668,26,0.00027738957312183364
467,0.9927449822425842,0.0072550177574157715,1.2908064126968384,0.020090531557798386,26,0.00027738957312183364
468,0.992914080619812,0.007085919380187988,1.2632943391799927,0.019648002460598946,27,0.0002635200944657419
469,0.9929128289222717,0.0070871710777282715,1.2790627479553223,0.01980692520737648,27,0.0002635200944657419
470,0.9927703142166138,0.0072296857833862305,1.2763996124267578,0.019921384751796722,27,0.0002635200944657419
471,0.992938220500946,0.007061779499053955,1.2927665710449219,0.01991882734000683,27,0.0002635200944657419
472,0.9927523732185364,0.007247626781463623,1.2803062200546265,0.01997821219265461,27,0.0002635200944657419
473,0.9932199120521545,0.006780087947845459,1.2658685445785522,0.019370973110198975,27,0.0002635200944657419
474,0.9931336045265198,0.006866395473480225,1.276991605758667,0.019567647948861122,27,0.0002635200944657419
475,0.9924507141113281,0.007549285888671875,1.2753278017044067,0.02022707089781761,27,0.0002635200944657419
476,0.992746114730835,0.007253885269165039,1.2683504819869995,0.019864849746227264,27,0.0002635200944657419
477,0.9931473135948181,0.006852686405181885,1.2884511947631836,0.01966867223381996,27,0.0002635200944657419
478,0.9924788475036621,0.007521152496337891,1.2799991369247437,0.020245932042598724,27,0.0002635200944657419
479,0.9923297166824341,0.007670283317565918,1.2799065113067627,0.02039264515042305,27,0.0002635200944657419
480,0.9932909607887268,0.006709039211273193,1.2681034803390503,0.019322983920574188,27,0.0002635200944657419
481,0.9928277730941772,0.007172226905822754,1.2841274738311768,0.019941778853535652,27,0.0002635200944657419
482,0.99283367395401,0.00716632604598999,1.286098837852478,0.019955649971961975,27,0.0002635200944657419
483,0.9930452108383179,0.006954789161682129,1.262107253074646,0.019506312906742096,27,0.0002635200944657419
484,0.9931250810623169,0.0068749189376831055,1.253875732421875,0.01934492588043213,27,0.0002635200944657419
485,0.9917790293693542,0.008220970630645752,1.2746469974517822,0.020885230973362923,27,0.0002635200944657419
486,0.9928015470504761,0.007198452949523926,1.2619054317474365,0.01974552311003208,28,0.0002503440897424548
487,0.9928880929946899,0.007111907005310059,1.2892897129058838,0.019933685660362244,28,0.0002503440897424548
488,0.9929009675979614,0.007099032402038574,1.2689533233642578,0.01971757411956787,28,0.0002503440897424548
489,0.9926288723945618,0.007371127605438232,1.2896195650100708,0.020193610340356827,28,0.0002503440897424548
490,0.9931023716926575,0.006897628307342529,1.277085781097412,0.019599510356783867,28,0.0002503440897424548
491,0.9928473234176636,0.007152676582336426,1.2787460088729858,0.019868608564138412,28,0.0002503440897424548
492,0.9929180145263672,0.0070819854736328125,1.2746849060058594,0.019758015871047974,28,0.0002503440897424548
493,0.9924822449684143,0.007517755031585693,1.2908008098602295,0.020350586622953415,28,0.0002503440897424548
494,0.9925349950790405,0.007465004920959473,1.2788631916046143,0.020178986713290215,28,0.0002503440897424548
495,0.9928669929504395,0.007133007049560547,1.27509343624115,0.019812610000371933,28,0.0002503440897424548
496,0.9927718043327332,0.007228195667266846,1.2843348979949951,0.01999926194548607,28,0.0002503440897424548
497,0.9932196140289307,0.006780385971069336,1.2754548788070679,0.019467130303382874,28,0.0002503440897424548
498,0.9930271506309509,0.006972849369049072,1.2710890769958496,0.01961401104927063,28,0.0002503440897424548
499,0.9929960370063782,0.007003962993621826,1.2727502584457397,0.019661426544189453,28,0.0002503440897424548
500,0.992598831653595,0.007401168346405029,1.2598446607589722,0.01992560364305973,28,0.0002503440897424548
501,0.9926413893699646,0.0073586106300354,1.2720305919647217,0.020005330443382263,28,0.0002503440897424548
502,0.9931808114051819,0.006819188594818115,1.2745702266693115,0.019496697932481766,28,0.0002503440897424548
503,0.9927791953086853,0.007220804691314697,1.2674731016159058,0.019823327660560608,28,0.0002503440897424548
504,0.9931566119194031,0.006843388080596924,1.2691501379013062,0.019466456025838852,29,0.00023782688525533205
505,0.9926289319992065,0.007371068000793457,1.2748589515686035,0.020045947283506393,29,0.00023782688525533205
506,0.9929558038711548,0.007044196128845215,1.269810438156128,0.019671857357025146,29,0.00023782688525533205
507,0.9928769469261169,0.007123053073883057,1.2658644914627075,0.019710466265678406,29,0.00023782688525533205
508,0.9927375316619873,0.007262468338012695,1.293398141860962,0.02012382447719574,29,0.00023782688525533205
509,0.9931325316429138,0.006867468357086182,1.2791322469711304,0.019590117037296295,29,0.00023782688525533205
510,0.9927164912223816,0.007283508777618408,1.272706389427185,0.01993773691356182,29,0.00023782688525533205
511,0.9928922653198242,0.007107734680175781,1.270828366279602,0.019744940102100372,29,0.00023782688525533205
512,0.9925375580787659,0.007462441921234131,1.2596122026443481,0.019983939826488495,29,0.00023782688525533205
513,0.9930324554443359,0.0069675445556640625,1.285711646080017,0.019754985347390175,29,0.00023782688525533205
514,0.9926764369010925,0.007323563098907471,1.2919914722442627,0.020170241594314575,29,0.00023782688525533205
515,0.9930863380432129,0.006913661956787109,1.286299228668213,0.019707515835762024,29,0.00023782688525533205
516,0.9927598237991333,0.007240176200866699,1.2808902263641357,0.019976677373051643,29,0.00023782688525533205
517,0.9927765130996704,0.00722348690032959,1.2666293382644653,0.019817546010017395,29,0.00023782688525533205
518,0.9930639266967773,0.006936073303222656,1.2580212354660034,0.019446924328804016,29,0.00023782688525533205
519,0.9926928877830505,0.007307112216949463,1.2770946025848389,0.020004987716674805,29,0.00023782688525533205
520,0.9928421378135681,0.007157862186431885,1.2822104692459106,0.01990838721394539,29,0.00023782688525533205
521,0.9930950999259949,0.006904900074005127,1.2593140602111816,0.01942899078130722,29,0.00023782688525533205
522,0.9928578734397888,0.007142126560211182,1.2636719942092896,0.01970742456614971,30,0.00022593554099256544
523,0.9929220080375671,0.007077991962432861,1.284103512763977,0.01984824612736702,30,0.00022593554099256544
524,0.9931498765945435,0.006850123405456543,1.2778024673461914,0.019559646025300026,30,0.00022593554099256544
525,0.9933024048805237,0.006697595119476318,1.2528949975967407,0.01915956847369671,30,0.00022593554099256544
526,0.9931480288505554,0.00685197114944458,1.2803242206573486,0.01958669349551201,30,0.00022593554099256544
527,0.9927206039428711,0.007279396057128906,1.267845869064331,0.01988505944609642,30,0.00022593554099256544
528,0.9931410551071167,0.006858944892883301,1.2626891136169434,0.01941724680364132,30,0.00022593554099256544
529,0.9927759170532227,0.007224082946777344,1.2734943628311157,0.019886784255504608,30,0.00022593554099256544
530,0.9930494427680969,0.006950557231903076,1.2791084051132202,0.01967213675379753,30,0.00022593554099256544
531,0.9926156997680664,0.007384300231933594,1.2942931652069092,0.020253390073776245,30,0.00022593554099256544
532,0.9929981827735901,0.007001817226409912,1.2761917114257812,0.019693715497851372,30,0.00022593554099256544
533,0.9924877882003784,0.007512211799621582,1.286486029624939,0.020301949232816696,30,0.00022593554099256544
534,0.9927793145179749,0.0072206854820251465,1.2687251567840576,0.019835729151964188,30,0.00022593554099256544
535,0.992827296257019,0.007172703742980957,1.2740333080291748,0.019841309636831284,30,0.00022593554099256544
536,0.9930515885353088,0.006948411464691162,1.270748496055603,0.019586412236094475,30,0.00022593554099256544
537,0.993074893951416,0.006925106048583984,1.2728681564331055,0.0195845365524292,30,0.00022593554099256544
538,0.9927442669868469,0.007255733013153076,1.278479814529419,0.019967973232269287,30,0.00022593554099256544
539,0.9923685789108276,0.007631421089172363,1.2882159948349,0.020437266677618027,30,0.00022593554099256544
540,0.9927464127540588,0.007253587245941162,1.2819414138793945,0.020000465214252472,31,0.00021463876394293716
541,0.9930904507637024,0.006909549236297607,1.2817878723144531,0.01965833269059658,31,0.00021463876394293716
542,0.9931861162185669,0.0068138837814331055,1.2703765630722046,0.01944950968027115,31,0.00021463876394293716
543,0.9930166006088257,0.006983399391174316,1.2770546674728394,0.019684111699461937,31,0.00021463876394293716
544,0.9928975105285645,0.007102489471435547,1.2763073444366455,0.019794536754488945,31,0.00021463876394293716
545,0.9928493499755859,0.0071506500244140625,1.2791612148284912,0.019870756193995476,31,0.00021463876394293716
546,0.99317866563797,0.006821334362030029,1.2653824090957642,0.019406944513320923,31,0.00021463876394293716
547,0.9930418729782104,0.006958127021789551,1.2695621252059937,0.01958416774868965,31,0.00021463876394293716
548,0.9932120442390442,0.0067879557609558105,1.2651737928390503,0.019371815025806427,31,0.00021463876394293716
549,0.9925800561904907,0.007419943809509277,1.2760653495788574,0.020106397569179535,31,0.00021463876394293716
550,0.9928281903266907,0.007171809673309326,1.273868441581726,0.01983877643942833,31,0.00021463876394293716
551,0.9929764866828918,0.007023513317108154,1.2624436616897583,0.019577713683247566,31,0.00021463876394293716
552,0.9928728938102722,0.007127106189727783,1.2578034400939941,0.01963386870920658,31,0.00021463876394293716
553,0.992626965045929,0.007373034954071045,1.2919399738311768,0.020218703895807266,31,0.00021463876394293716
554,0.9928183555603027,0.007181644439697266,1.2710833549499512,0.01982066035270691,31,0.00021463876394293716
555,0.9931244254112244,0.006875574588775635,1.2569479942321777,0.019376298412680626,31,0.00021463876394293716
556,0.9930173754692078,0.006982624530792236,1.2859227657318115,0.01977202482521534,31,0.00021463876394293716
557,0.9932332038879395,0.006766796112060547,1.2764250040054321,0.019463378936052322,31,0.00021463876394293716
558,0.9931396842002869,0.006860315799713135,1.2651628255844116,0.019443340599536896,32,0.0002039068257457903
559,0.9932246208190918,0.006775379180908203,1.27553129196167,0.019462939351797104,32,0.0002039068257457903
560,0.9928166270256042,0.007183372974395752,1.2722904682159424,0.019834443926811218,32,0.0002039068257457903
561,0.9927325248718262,0.007267475128173828,1.289426326751709,0.02008906379342079,32,0.0002039068257457903
562,0.9926574230194092,0.00734257698059082,1.2764530181884766,0.020033681765198708,32,0.0002039068257457903
563,0.9927228689193726,0.007277131080627441,1.2714459896087646,0.01991881988942623,32,0.0002039068257457903
564,0.9930037260055542,0.006996273994445801,1.2711905241012573,0.019638216122984886,32,0.0002039068257457903
565,0.9931343197822571,0.00686568021774292,1.2632527351379395,0.01942955143749714,32,0.0002039068257457903
566,0.9931251406669617,0.00687485933303833,1.2670950889587402,0.019477061927318573,32,0.0002039068257457903
567,0.9932790398597717,0.0067209601402282715,1.262618899345398,0.01927994005382061,32,0.0002039068257457903
568,0.9930895566940308,0.006910443305969238,1.2846078872680664,0.019687417894601822,32,0.0002039068257457903
569,0.9930224418640137,0.006977558135986328,1.2673892974853516,0.01958167552947998,32,0.0002039068257457903
570,0.9929117560386658,0.0070882439613342285,1.2730591297149658,0.01974795199930668,32,0.0002039068257457903
571,0.9932489395141602,0.006751060485839844,1.2716858386993408,0.019400406628847122,32,0.0002039068257457903
572,0.9928752183914185,0.007124781608581543,1.2660664319992065,0.019714197143912315,32,0.0002039068257457903
573,0.9928058981895447,0.007194101810455322,1.2846709489822388,0.019968871027231216,32,0.0002039068257457903
574,0.9930422306060791,0.0069577693939208984,1.2602896690368652,0.019491087645292282,32,0.0002039068257457903
575,0.9930530190467834,0.006946980953216553,1.2800931930541992,0.019678443670272827,32,0.0002039068257457903
576,0.9928980469703674,0.007101953029632568,1.278353214263916,0.019814465194940567,33,0.00019371148445850077
577,0.9931119680404663,0.006888031959533691,1.2689921855926514,0.019509073346853256,33,0.00019371148445850077
578,0.9926435351371765,0.007356464862823486,1.2778667211532593,0.020061567425727844,33,0.00019371148445850077
579,0.9932109117507935,0.006789088249206543,1.263997197151184,0.019361168146133423,33,0.00019371148445850077
580,0.9930266737937927,0.006973326206207275,1.2697947025299072,0.01960153877735138,33,0.00019371148445850077
581,0.9929912686347961,0.007008731365203857,1.2719709873199463,0.019658353179693222,33,0.00019371148445850077
582,0.9932409524917603,0.006759047508239746,1.2497955560684204,0.019189411774277687,33,0.00019371148445850077
583,0.9927597045898438,0.00724029541015625,1.2844059467315674,0.02001195214688778,33,0.00019371148445850077
584,0.9928892254829407,0.007110774517059326,1.2721201181411743,0.019760867580771446,33,0.00019371148445850077
585,0.993178129196167,0.006821870803833008,1.2757349014282227,0.01951100118458271,33,0.00019371148445850077
586,0.9925184845924377,0.007481515407562256,1.2688660621643066,0.020095359534025192,33,0.00019371148445850077
587,0.9931080341339111,0.006891965866088867,1.2691700458526611,0.019514746963977814,33,0.00019371148445850077
588,0.9934955835342407,0.006504416465759277,1.2661302089691162,0.019100673496723175,33,0.00019371148445850077
589,0.9932287335395813,0.006771266460418701,1.2777916193008423,0.019481468945741653,33,0.00019371148445850077
590,0.993120014667511,0.006879985332489014,1.2679798603057861,0.019490983337163925,33,0.00019371148445850077
591,0.9929607510566711,0.007039248943328857,1.2802915573120117,0.019771771505475044,33,0.00019371148445850077
592,0.9926921725273132,0.007307827472686768,1.2680705785751343,0.01991545408964157,33,0.00019371148445850077
593,0.9929114580154419,0.0070885419845581055,1.3041982650756836,0.02005963958799839,33,0.00019371148445850077
594,0.9930042028427124,0.006995797157287598,1.2722169160842896,0.019648008048534393,34,0.00018402591023557573
595,0.993060827255249,0.0069391727447509766,1.2544989585876465,0.01941477134823799,34,0.00018402591023557573
596,0.9931403994560242,0.00685960054397583,1.2588034868240356,0.019379038363695145,34,0.00018402591023557573
597,0.9928600192070007,0.007139980792999268,1.2773411273956299,0.019841991364955902,34,0.00018402591023557573
598,0.9934202432632446,0.006579756736755371,1.261117696762085,0.019125135615468025,34,0.00018402591023557573
599,0.993004560470581,0.006995439529418945,1.282871127128601,0.01975419744849205,34,0.00018402591023557573
600,0.9929673671722412,0.007032632827758789,1.2732642889022827,0.019694950431585312,34,0.00018402591023557573
601,0.9931550025939941,0.006844997406005859,1.259859561920166,0.019375143572688103,34,0.00018402591023557573
602,0.9928153157234192,0.0071846842765808105,1.2849096059799194,0.01996193453669548,34,0.00018402591023557573
603,0.9928539991378784,0.007146000862121582,1.2718348503112793,0.019792888313531876,34,0.00018402591023557573
604,0.9932610392570496,0.0067389607429504395,1.280664086341858,0.019478213042020798,34,0.00018402591023557573
605,0.9930461049079895,0.006953895092010498,1.273488163948059,0.019619237631559372,34,0.00018402591023557573
606,0.9930989146232605,0.006901085376739502,1.2578186988830566,0.019410260021686554,34,0.00018402591023557573
607,0.9930093288421631,0.006990671157836914,1.2686151266098022,0.01960691623389721,34,0.00018402591023557573
608,0.9933832883834839,0.006616711616516113,1.261971116065979,0.019170254468917847,34,0.00018402591023557573
609,0.9927257299423218,0.007274270057678223,1.28500235080719,0.02005155012011528,34,0.00018402591023557573
610,0.9929608702659607,0.007039129734039307,1.28410804271698,0.019809819757938385,34,0.00018402591023557573
611,0.9917329549789429,0.008267045021057129,1.2627785205841064,0.020812159404158592,34,0.00018402591023557573
612,0.9931231737136841,0.006876826286315918,1.2749593257904053,0.0195576511323452,35,0.00017482461472379692
613,0.9932449460029602,0.006755053997039795,1.2707977294921875,0.019395479932427406,35,0.00017482461472379692
614,0.9929293990135193,0.007070600986480713,1.266489863395691,0.019664794206619263,35,0.00017482461472379692
615,0.9929777383804321,0.007022261619567871,1.2713227272033691,0.019665267318487167,35,0.00017482461472379692
616,0.9927119612693787,0.007288038730621338,1.2818270921707153,0.020033428445458412,35,0.00017482461472379692
617,0.992885410785675,0.007114589214324951,1.273066759109497,0.01977411098778248,35,0.00017482461472379692
618,0.9931531548500061,0.0068468451499938965,1.2837175130844116,0.019615551456809044,35,0.00017482461472379692
619,0.9923892617225647,0.007610738277435303,1.273677945137024,0.020271409302949905,35,0.00017482461472379692
620,0.9931662678718567,0.0068337321281433105,1.2590117454528809,0.01935551129281521,35,0.00017482461472379692
621,0.9932931065559387,0.006706893444061279,1.2623172998428345,0.019262997433543205,35,0.00017482461472379692
622,0.9928523302078247,0.007147669792175293,1.2775123119354248,0.019851315766572952,35,0.00017482461472379692
623,0.9932547807693481,0.0067452192306518555,1.2694109678268433,0.01937187649309635,35,0.00017482461472379692
624,0.99344402551651,0.00655597448348999,1.247366189956665,0.018964076414704323,35,0.00017482461472379692
625,0.992996335029602,0.007003664970397949,1.2824821472167969,0.019758449867367744,35,0.00017482461472379692
626,0.9929625391960144,0.007037460803985596,1.290146827697754,0.019868554547429085,35,0.00017482461472379692
627,0.9932076334953308,0.0067923665046691895,1.2732338905334473,0.019456781446933746,35,0.00017482461472379692
628,0.9930418729782104,0.006958127021789551,1.2686105966567993,0.01957465149462223,35,0.00017482461472379692
629,0.9929888248443604,0.0070111751556396484,1.2569506168365479,0.01951056905090809,35,0.00017482461472379692
630,0.9926717281341553,0.0073282718658447266,1.2868729829788208,0.020123718306422234,36,0.00016608338398760707
631,0.9929786920547485,0.007021307945251465,1.2771177291870117,0.01972227171063423,36,0.00016608338398760707
632,0.993230938911438,0.006769061088562012,1.2657819986343384,0.01935919001698494,36,0.00016608338398760707
633,0.9930129647254944,0.006987035274505615,1.273478388786316,0.019651949405670166,36,0.00016608338398760707
634,0.9930229783058167,0.00697702169418335,1.2607730627059937,0.019514981657266617,36,0.00016608338398760707
635,0.993366003036499,0.0066339969635009766,1.2687788009643555,0.019255444407463074,36,0.00016608338398760707
636,0.9931403994560242,0.00685960054397583,1.252179741859436,0.019312800839543343,36,0.00016608338398760707
637,0.9932411313056946,0.00675886869430542,1.2672114372253418,0.019363394007086754,36,0.00016608338398760707
638,0.9930947422981262,0.006905257701873779,1.2728261947631836,0.019564466550946236,36,0.00016608338398760707
639,0.993032693862915,0.006967306137084961,1.2712010145187378,0.019609643146395683,36,0.00016608338398760707
640,0.9926878809928894,0.007312119007110596,1.2805707454681396,0.020044704899191856,36,0.00016608338398760707
641,0.9929133653640747,0.007086634635925293,1.2771762609481812,0.019787531346082687,36,0.00016608338398760707
642,0.9934169054031372,0.006583094596862793,1.255745530128479,0.01907471939921379,36,0.00016608338398760707
643,0.9928950071334839,0.007104992866516113,1.279062032699585,0.019824564456939697,36,0.00016608338398760707
644,0.9931576251983643,0.006842374801635742,1.262982726097107,0.01940377801656723,36,0.00016608338398760707
645,0.9932387471199036,0.0067612528800964355,1.2598246335983276,0.019291887059807777,36,0.00016608338398760707
646,0.9930084943771362,0.0069915056228637695,1.2795829772949219,0.019717419520020485,36,0.00016608338398760707
647,0.9930151104927063,0.006984889507293701,1.277330756187439,0.019688347354531288,36,0.00016608338398760707
648,0.9932615756988525,0.006738424301147461,1.2638317346572876,0.019309356808662415,37,0.0001577792147882267
649,0.9930817484855652,0.0069182515144348145,1.2756297588348389,0.01960536651313305,37,0.0001577792147882267
650,0.9927238821983337,0.00727611780166626,1.282859206199646,0.020031949505209923,37,0.0001577792147882267
651,0.992928147315979,0.007071852684020996,1.254959225654602,0.01955072581768036,37,0.0001577792147882267
652,0.9928930997848511,0.007106900215148926,1.2844676971435547,0.01988050900399685,37,0.0001577792147882267
653,0.9931473731994629,0.006852626800537109,1.2547367811203003,0.019331468269228935,37,0.0001577792147882267
654,0.9928358197212219,0.007164180278778076,1.2706358432769775,0.019798897206783295,37,0.0001577792147882267
655,0.9932076334953308,0.0067923665046691895,1.2712733745574951,0.01943717710673809,37,0.0001577792147882267
656,0.9929121732711792,0.007087826728820801,1.2806679010391235,0.019823627546429634,37,0.0001577792147882267
657,0.9929559230804443,0.007044076919555664,1.2744470834732056,0.01971810683608055,37,0.0001577792147882267
658,0.9928976893424988,0.007102310657501221,1.2738386392593384,0.01976967416703701,37,0.0001577792147882267
659,0.9930796027183533,0.0069203972816467285,1.2902928590774536,0.01975412294268608,37,0.0001577792147882267
660,0.9930323958396912,0.006967604160308838,1.2717329263687134,0.019615257158875465,37,0.0001577792147882267
661,0.9935629963874817,0.0064370036125183105,1.2596356868743896,0.018968990072607994,37,0.0001577792147882267
662,0.9934362769126892,0.006563723087310791,1.24028742313385,0.018900960683822632,37,0.0001577792147882267
663,0.9930620789527893,0.006937921047210693,1.2628426551818848,0.019496968016028404,37,0.0001577792147882267
664,0.9930175542831421,0.00698244571685791,1.2713778018951416,0.019626399502158165,37,0.0001577792147882267
665,0.9934467077255249,0.006553292274475098,1.2633942365646362,0.019121700897812843,37,0.0001577792147882267
666,0.9933859705924988,0.006614029407501221,1.2634161710739136,0.019182050600647926,38,0.00014989025404881537
667,0.9932019710540771,0.0067980289459228516,1.2727696895599365,0.019457746297121048,38,0.00014989025404881537
668,0.9932364225387573,0.006763577461242676,1.259251594543457,0.019288457930088043,38,0.00014989025404881537
669,0.9930987358093262,0.006901264190673828,1.2847942113876343,0.019680192694067955,38,0.00014989025404881537
670,0.992858350276947,0.0071416497230529785,1.2832281589508057,0.019902514293789864,38,0.00014989025404881537
671,0.9929377436637878,0.007062256336212158,1.2851649522781372,0.01984328217804432,38,0.00014989025404881537
672,0.9932259321212769,0.0067740678787231445,1.263931393623352,0.019345641136169434,38,0.00014989025404881537
673,0.9934164881706238,0.006583511829376221,1.2463961839675903,0.01898163929581642,38,0.00014989025404881537
674,0.9932632446289062,0.00673675537109375,1.2680615186691284,0.019350003451108932,38,0.00014989025404881537
675,0.9929179549217224,0.007082045078277588,1.2650387287139893,0.019661612808704376,38,0.00014989025404881537
676,0.9926515221595764,0.007348477840423584,1.2833083868026733,0.02010807767510414,38,0.00014989025404881537
677,0.9928666353225708,0.007133364677429199,1.273451805114746,0.019796548411250114,38,0.00014989025404881537
678,0.9932606220245361,0.006739377975463867,1.264452576637268,0.01931650936603546,38,0.00014989025404881537
679,0.9928908348083496,0.007109165191650391,1.274389624595642,0.019781969487667084,38,0.00014989025404881537
680,0.9930383563041687,0.006961643695831299,1.2686398029327393,0.019578425213694572,38,0.00014989025404881537
681,0.9929980635643005,0.007001936435699463,1.2766746282577515,0.01969866268336773,38,0.00014989025404881537
682,0.993415355682373,0.006584644317626953,1.2530239820480347,0.019049037247896194,38,0.00014989025404881537
683,0.9931625127792358,0.00683748722076416,1.2602825164794922,0.019371937960386276,38,0.00014989025404881537
684,0.9928998947143555,0.007100105285644531,1.2746410369873047,0.019775515422225,39,0.00014239574134637458
685,0.9932827949523926,0.006717205047607422,1.2728031873703003,0.019378064200282097,39,0.00014239574134637458
686,0.9928812384605408,0.0071187615394592285,1.2802579402923584,0.019850153475999832,39,0.00014239574134637458
687,0.9932368993759155,0.006763100624084473,1.2607702016830444,0.019303172826766968,39,0.00014239574134637458
688,0.992952287197113,0.007047712802886963,1.2686399221420288,0.01966363564133644,39,0.00014239574134637458
689,0.9932220578193665,0.006777942180633545,1.2629152536392212,0.019339315593242645,39,0.00014239574134637458
690,0.9932261109352112,0.006773889064788818,1.2567143440246582,0.019273292273283005,39,0.00014239574134637458
691,0.9928045868873596,0.007195413112640381,1.2752964496612549,0.019876424223184586,39,0.00014239574134637458
692,0.992729663848877,0.007270336151123047,1.2752498388290405,0.019950130954384804,39,0.00014239574134637458
693,0.9932585954666138,0.0067414045333862305,1.2677757740020752,0.019351746886968613,39,0.00014239574134637458
694,0.9933199286460876,0.0066800713539123535,1.2631222009658813,0.019244492053985596,39,0.00014239574134637458
695,0.9928752779960632,0.007124722003936768,1.2848169803619385,0.019901644438505173,39,0.00014239574134637458
696,0.9931535124778748,0.006846487522125244,1.2705484628677368,0.019483506679534912,39,0.00014239574134637458
697,0.9931662082672119,0.006833791732788086,1.2617206573486328,0.01938265934586525,39,0.00014239574134637458
698,0.9933033585548401,0.006696641445159912,1.2609139680862427,0.01923881471157074,39,0.00014239574134637458
699,0.9934991598129272,0.006500840187072754,1.264406442642212,0.019079895690083504,39,0.00014239574134637458
700,0.9930747151374817,0.0069252848625183105,1.2735921144485474,0.019591953605413437,39,0.00014239574134637458
701,0.9930848479270935,0.006915152072906494,1.2391879558563232,0.019237879663705826,39,0.00014239574134637458
702,0.9934353828430176,0.006564617156982422,1.258744478225708,0.01908641681075096,40,0.00013527595427905584
703,0.9931499361991882,0.006850063800811768,1.2712011337280273,0.019493574276566505,40,0.00013527595427905584
704,0.9931482672691345,0.0068517327308654785,1.2617011070251465,0.019400225952267647,40,0.00013527595427905584
705,0.9931370615959167,0.006862938404083252,1.2718696594238281,0.019513005390763283,40,0.00013527595427905584
706,0.9930192828178406,0.006980717182159424,1.2682771682739258,0.019593682140111923,40,0.00013527595427905584
707,0.9931282997131348,0.006871700286865234,1.2681998014450073,0.019484981894493103,40,0.00013527595427905584
708,0.9930381774902344,0.006961822509765625,1.2774114608764648,0.019666317850351334,40,0.00013527595427905584
709,0.992879331111908,0.007120668888092041,1.279732584953308,0.019846787676215172,40,0.00013527595427905584
710,0.9933515191078186,0.0066484808921813965,1.271762490272522,0.019299620762467384,40,0.00013527595427905584
711,0.9932959675788879,0.0067040324211120605,1.2692567110061646,0.019329559057950974,40,0.00013527595427905584
712,0.9927024245262146,0.0072975754737854,1.2676341533660889,0.019900940358638763,40,0.00013527595427905584
713,0.9932644963264465,0.006735503673553467,1.256627082824707,0.019234418869018555,40,0.00013527595427905584
714,0.9930963516235352,0.006903648376464844,1.274929404258728,0.01958390511572361,40,0.00013527595427905584
715,0.9931443333625793,0.006855666637420654,1.2804272174835205,0.019591381773352623,40,0.00013527595427905584
716,0.993011474609375,0.006988525390625,1.2765214443206787,0.019683854654431343,40,0.00013527595427905584
717,0.9935217499732971,0.006478250026702881,1.259581446647644,0.01900928094983101,40,0.00013527595427905584
718,0.9926841855049133,0.00731581449508667,1.2584455013275146,0.019827110692858696,40,0.00013527595427905584
719,0.9934033155441284,0.006596684455871582,1.2393386363983154,0.018924104049801826,40,0.00013527595427905584
720,0.9935507774353027,0.006449222564697266,1.2555077075958252,0.018939808011054993,41,0.00012851215656510304
721,0.9932223558425903,0.006777644157409668,1.272208571434021,0.019431952387094498,41,0.00012851215656510304
722,0.9927557110786438,0.007244288921356201,1.2754746675491333,0.019926592707633972,41,0.00012851215656510304
723,0.9932656288146973,0.006734371185302734,1.2724082469940186,0.01939111016690731,41,0.00012851215656510304
724,0.9931198954582214,0.0068801045417785645,1.2814377546310425,0.019625680521130562,41,0.00012851215656510304
725,0.9928537607192993,0.007146239280700684,1.2866308689117432,0.01994108408689499,41,0.00012851215656510304
726,0.9931541681289673,0.006845831871032715,1.2618649005889893,0.019396021962165833,41,0.00012851215656510304
727,0.9933675527572632,0.006632447242736816,1.2500542402267456,0.019066665321588516,41,0.00012851215656510304
728,0.9934464693069458,0.006553530693054199,1.2655340433120728,0.01914333552122116,41,0.00012851215656510304
729,0.9933406114578247,0.006659388542175293,1.2561886310577393,0.019154680892825127,41,0.00012851215656510304
730,0.9929988980293274,0.007001101970672607,1.278825044631958,0.01971934176981449,41,0.00012851215656510304
731,0.9931233525276184,0.006876647472381592,1.2596874237060547,0.019404754042625427,41,0.00012851215656510304
732,0.9934837818145752,0.006516218185424805,1.2550249099731445,0.019001305103302002,41,0.00012851215656510304
733,0.9927352666854858,0.00726473331451416,1.2659058570861816,0.019851144403219223,41,0.00012851215656510304
734,0.9926556944847107,0.007344305515289307,1.2646008729934692,0.019916869699954987,41,0.00012851215656510304
735,0.9931068420410156,0.006893157958984375,1.279819369316101,0.019622420892119408,41,0.00012851215656510304
736,0.9931043386459351,0.006895661354064941,1.2782129049301147,0.019608832895755768,41,0.00012851215656510304
737,0.9929414391517639,0.007058560848236084,1.2767201662063599,0.019755177199840546,41,0.00012851215656510304
738,0.9930598735809326,0.006940126419067383,1.2642935514450073,0.019513659179210663,42,0.00012208654873684788
739,0.9933948516845703,0.0066051483154296875,1.2629170417785645,0.019168267026543617,42,0.00012208654873684788
740,0.9932152628898621,0.0067847371101379395,1.2643316984176636,0.01936020702123642,42,0.00012208654873684788
741,0.9933405518531799,0.006659448146820068,1.259261131286621,0.019185464829206467,42,0.00012208654873684788
742,0.9931551814079285,0.006844818592071533,1.2699682712554932,0.01947605237364769,42,0.00012208654873684788
743,0.9931811094284058,0.006818890571594238,1.2799363136291504,0.019550064578652382,42,0.00012208654873684788
744,0.9933617115020752,0.006638288497924805,1.271624207496643,0.01928814873099327,42,0.00012208654873684788
745,0.9932816624641418,0.006718337535858154,1.2734811305999756,0.019385965541005135,42,0.00012208654873684788
746,0.9929410219192505,0.007058978080749512,1.274035930633545,0.01972874626517296,42,0.00012208654873684788
747,0.9929104447364807,0.007089555263519287,1.2742465734481812,0.01976112462580204,42,0.00012208654873684788
748,0.9932106733322144,0.0067893266677856445,1.2704555988311768,0.01942598819732666,42,0.00012208654873684788
749,0.9932548403739929,0.00674515962600708,1.2622429132461548,0.01930013671517372,42,0.00012208654873684788
750,0.9927998781204224,0.007200121879577637,1.2766826152801514,0.019894946366548538,42,0.00012208654873684788
751,0.9931896328926086,0.006810367107391357,1.259900450706482,0.01934126764535904,42,0.00012208654873684788
752,0.9926620125770569,0.007337987422943115,1.2654879093170166,0.019919486716389656,42,0.00012208654873684788
753,0.9929040670394897,0.007095932960510254,1.2662228345870972,0.01968720182776451,42,0.00012208654873684788
754,0.9934263825416565,0.006573617458343506,1.2512544393539429,0.019020425155758858,42,0.00012208654873684788
755,0.993412971496582,0.006587028503417969,1.2632051706314087,0.019153209403157234,42,0.00012208654873684788
756,0.993324875831604,0.006675124168395996,1.2607462406158447,0.019215835258364677,43,0.00011598222130000548
757,0.9933742880821228,0.006625711917877197,1.2631291151046753,0.019190745428204536,43,0.00011598222130000548
758,0.9931591153144836,0.006840884685516357,1.2565325498580933,0.01933780126273632,43,0.00011598222130000548
759,0.9929390549659729,0.0070609450340271,1.2831952571868896,0.019822288304567337,43,0.00011598222130000548
760,0.9932042956352234,0.006795704364776611,1.2596372365951538,0.01932412013411522,43,0.00011598222130000548
761,0.993127703666687,0.006872296333312988,1.2685118913650513,0.01948869228363037,43,0.00011598222130000548
762,0.9929616451263428,0.0070383548736572266,1.2635114192962646,0.01960308477282524,43,0.00011598222130000548
763,0.9933338165283203,0.0066661834716796875,1.2763062715530396,0.01936258375644684,43,0.00011598222130000548
764,0.9932298064231873,0.006770193576812744,1.2591301202774048,0.01929379254579544,43,0.00011598222130000548
765,0.9932888746261597,0.006711125373840332,1.2621675729751587,0.019265688955783844,43,0.00011598222130000548
766,0.9927947521209717,0.00720524787902832,1.283105731010437,0.019964253529906273,43,0.00011598222130000548
767,0.9934198260307312,0.006580173969268799,1.2604774236679077,0.019119147211313248,43,0.00011598222130000548
768,0.9929763674736023,0.007023632526397705,1.2794013023376465,0.019747409969568253,43,0.00011598222130000548
769,0.9931889772415161,0.006811022758483887,1.265002965927124,0.019392943009734154,43,0.00011598222130000548
770,0.9931827187538147,0.006817281246185303,1.2736120223999023,0.0194852277636528,43,0.00011598222130000548
771,0.9933120012283325,0.0066879987716674805,1.2583272457122803,0.019204391166567802,43,0.00011598222130000548
772,0.993044376373291,0.006955623626708984,1.2697052955627441,0.019583119079470634,43,0.00011598222130000548
773,0.9924336671829224,0.007566332817077637,1.2637724876403809,0.020128393545746803,43,0.00011598222130000548
774,0.9936428070068359,0.0063571929931640625,1.2466408014297485,0.01876002922654152,44,0.00011018311023500519
775,0.9931221604347229,0.0068778395652771,1.274441123008728,0.019553471356630325,44,0.00011018311023500519
776,0.9935868978500366,0.006413102149963379,1.2484910488128662,0.018833881244063377,44,0.00011018311023500519
777,0.9930852651596069,0.006914734840393066,1.275523066520691,0.019600817933678627,44,0.00011018311023500519
778,0.9932097792625427,0.006790220737457275,1.2771079540252686,0.01949339732527733,44,0.00011018311023500519
779,0.9931790232658386,0.006820976734161377,1.2676854133605957,0.01942962035536766,44,0.00011018311023500519
780,0.9931275248527527,0.0068724751472473145,1.267250895500183,0.019476259127259254,44,0.00011018311023500519
781,0.9931257367134094,0.006874263286590576,1.2647137641906738,0.01945265755057335,44,0.00011018311023500519
782,0.9931765794754028,0.006823420524597168,1.2648603916168213,0.019403789192438126,44,0.00011018311023500519
783,0.9928973317146301,0.007102668285369873,1.2678749561309814,0.019710391759872437,44,0.00011018311023500519
784,0.993125855922699,0.006874144077301025,1.2606275081634521,0.01941167749464512,44,0.00011018311023500519
785,0.9930317997932434,0.006968200206756592,1.2667700052261353,0.019566217437386513,44,0.00011018311023500519
786,0.9930165410041809,0.006983458995819092,1.276336669921875,0.019676990807056427,44,0.00011018311023500519
787,0.993012011051178,0.0069879889488220215,1.2714070081710815,0.01963217929005623,44,0.00011018311023500519
788,0.9934555888175964,0.0065444111824035645,1.256899118423462,0.01904795691370964,44,0.00011018311023500519
789,0.9929347038269043,0.007065296173095703,1.2847479581832886,0.01984212175011635,44,0.00011018311023500519
790,0.9930428266525269,0.0069571733474731445,1.2803761959075928,0.019691362977027893,44,0.00011018311023500519
791,0.9931079745292664,0.006892025470733643,1.2515943050384521,0.019339047372341156,44,0.00011018311023500519
792,0.9930365085601807,0.006963491439819336,1.2787469625473022,0.019681327044963837,45,0.00010467395472325493
793,0.9931787252426147,0.006821274757385254,1.2630977630615234,0.01938403956592083,45,0.00010467395472325493
794,0.9934521913528442,0.006547808647155762,1.2572948932647705,0.019055278971791267,45,0.00010467395472325493
795,0.9931682348251343,0.006831765174865723,1.2656724452972412,0.019420171156525612,45,0.00010467395472325493
796,0.9931098818778992,0.00689011812210083,1.2543874979019165,0.019365090876817703,45,0.00010467395472325493
797,0.9930257797241211,0.006974220275878906,1.2859842777252197,0.01976432092487812,45,0.00010467395472325493
798,0.9929354190826416,0.0070645809173583984,1.2827705144882202,0.019821640104055405,45,0.00010467395472325493
799,0.993474006652832,0.006525993347167969,1.2493836879730225,0.018954569473862648,45,0.00010467395472325493
800,0.9932720065116882,0.006727993488311768,1.255981206893921,0.01922052539885044,45,0.00010467395472325493
801,0.9932126402854919,0.006787359714508057,1.2680631875991821,0.01940011791884899,45,0.00010467395472325493
802,0.993349015712738,0.006650984287261963,1.2581921815872192,0.01916639506816864,45,0.00010467395472325493
803,0.9928163290023804,0.007183670997619629,1.2667841911315918,0.01977967470884323,45,0.00010467395472325493
804,0.9933736324310303,0.0066263675689697266,1.2594406604766846,0.019154511392116547,45,0.00010467395472325493
805,0.9933497905731201,0.006650209426879883,1.2792555093765259,0.01937626302242279,45,0.00010467395472325493
806,0.9928656220436096,0.007134377956390381,1.2732421159744263,0.019795455038547516,45,0.00010467395472325493
807,0.9930242896080017,0.006975710391998291,1.2714736461639404,0.019620690494775772,45,0.00010467395472325493
808,0.9932316541671753,0.006768345832824707,1.2550313472747803,0.01925097592175007,45,0.00010467395472325493
809,0.9931976795196533,0.00680232048034668,1.274350643157959,0.019477803260087967,45,0.00010467395472325493
810,0.9933193922042847,0.006680607795715332,1.2677931785583496,0.01929173246026039,46,9.944025698709218e-05
811,0.9935594201087952,0.006440579891204834,1.2443969249725342,0.0188201442360878,46,9.944025698709218e-05
812,0.9930893778800964,0.0069106221199035645,1.2847353219985962,0.019688868895173073,46,9.944025698709218e-05
813,0.993084728717804,0.006915271282196045,1.258715271949768,0.019433271139860153,46,9.944025698709218e-05
814,0.9929657578468323,0.007034242153167725,1.2571306228637695,0.019535206258296967,46,9.944025698709218e-05
815,0.9932350516319275,0.00676494836807251,1.2674468755722046,0.019371766597032547,46,9.944025698709218e-05
816,0.9930934309959412,0.006906569004058838,1.275818109512329,0.019595684483647346,46,9.944025698709218e-05
817,0.9931212663650513,0.0068787336349487305,1.268370509147644,0.019493650645017624,46,9.944025698709218e-05
818,0.9930691123008728,0.006930887699127197,1.2658389806747437,0.019519967958331108,46,9.944025698709218e-05
819,0.9934309720993042,0.006569027900695801,1.2629581689834595,0.01913291960954666,46,9.944025698709218e-05
820,0.9933934807777405,0.0066065192222595215,1.2615699768066406,0.01915615424513817,46,9.944025698709218e-05
821,0.9929891228675842,0.0070108771324157715,1.2802295684814453,0.019743064418435097,46,9.944025698709218e-05
822,0.9932589530944824,0.006741046905517578,1.272898554801941,0.019402621313929558,46,9.944025698709218e-05
823,0.9932767152786255,0.006723284721374512,1.2546038627624512,0.019202090799808502,46,9.944025698709218e-05
824,0.9930983781814575,0.0069016218185424805,1.2626298666000366,0.01945890486240387,46,9.944025698709218e-05
825,0.9930838942527771,0.0069161057472229,1.2769659757614136,0.01961660385131836,46,9.944025698709218e-05
826,0.9928714036941528,0.007128596305847168,1.273351788520813,0.019790828227996826,46,9.944025698709218e-05
827,0.9935470223426819,0.006452977657318115,1.2349488735198975,0.01873793639242649,46,9.944025698709218e-05
828,0.9929478764533997,0.007052123546600342,1.2692055702209473,0.019673658534884453,47,9.446824413773756e-05
829,0.9932936429977417,0.006706357002258301,1.2568119764328003,0.019207414239645004,47,9.446824413773756e-05
830,0.9934424757957458,0.00655752420425415,1.2637879848480225,0.019129827618598938,47,9.446824413773756e-05
831,0.9931445121765137,0.006855487823486328,1.2719883918762207,0.01950681582093239,47,9.446824413773756e-05
832,0.9930617809295654,0.00693821907043457,1.270555853843689,0.019574394449591637,47,9.446824413773756e-05
833,0.9931573271751404,0.006842672824859619,1.2707558870315552,0.019481804221868515,47,9.446824413773756e-05
834,0.9931506514549255,0.006849348545074463,1.280287504196167,0.019583730027079582,47,9.446824413773756e-05
835,0.9928449392318726,0.007155060768127441,1.259308934211731,0.01967659965157509,47,9.446824413773756e-05
836,0.9931608438491821,0.006839156150817871,1.26310396194458,0.019401803612709045,47,9.446824413773756e-05
837,0.9928585290908813,0.007141470909118652,1.273360013961792,0.01980365626513958,47,9.446824413773756e-05
838,0.9933732748031616,0.006626725196838379,1.2797040939331055,0.019357498735189438,47,9.446824413773756e-05
839,0.9931499361991882,0.006850063800811768,1.2716572284698486,0.019498135894536972,47,9.446824413773756e-05
840,0.993256151676178,0.0067438483238220215,1.2503381967544556,0.01917979121208191,47,9.446824413773756e-05
841,0.9933499097824097,0.006650090217590332,1.2699205875396729,0.01928279548883438,47,9.446824413773756e-05
842,0.9935550093650818,0.006444990634918213,1.2505751848220825,0.018886292353272438,47,9.446824413773756e-05
843,0.9934436082839966,0.006556391716003418,1.2579294443130493,0.01907012239098549,47,9.446824413773756e-05
844,0.9930111765861511,0.006988823413848877,1.2751033306121826,0.019669968634843826,47,9.446824413773756e-05
845,0.9934825301170349,0.006517469882965088,1.2369431257247925,0.018821725621819496,47,9.446824413773756e-05
846,0.9927969574928284,0.007203042507171631,1.2716675996780396,0.01984768733382225,48,8.974483193085068e-05
847,0.9928545951843262,0.007145404815673828,1.2836920022964478,0.019910871982574463,48,8.974483193085068e-05
848,0.9932754039764404,0.00672459602355957,1.266172170639038,0.019319072365760803,48,8.974483193085068e-05
849,0.9933363199234009,0.006663680076599121,1.2621296644210815,0.019218340516090393,48,8.974483193085068e-05
850,0.9931960105895996,0.006803989410400391,1.2810004949569702,0.01954595372080803,48,8.974483193085068e-05
851,0.9932758808135986,0.006724119186401367,1.263209342956543,0.01928897202014923,48,8.974483193085068e-05
852,0.9935521483421326,0.006447851657867432,1.2552905082702637,0.0189362782984972,48,8.974483193085068e-05
853,0.9935439229011536,0.0064560770988464355,1.267655849456787,0.019068075343966484,48,8.974483193085068e-05
854,0.9928874373435974,0.007112562656402588,1.2773284912109375,0.01981472223997116,48,8.974483193085068e-05
855,0.9935564398765564,0.0064435601234436035,1.2399961948394775,0.0187790859490633,48,8.974483193085068e-05
856,0.9931693077087402,0.006830692291259766,1.2730958461761475,0.019493343308568,48,8.974483193085068e-05
857,0.9929652214050293,0.007034778594970703,1.250540852546692,0.019469838589429855,48,8.974483193085068e-05
858,0.993249237537384,0.006750762462615967,1.2574763298034668,0.01925801858305931,48,8.974483193085068e-05
859,0.9933645725250244,0.006635427474975586,1.2624276876449585,0.01919334940612316,48,8.974483193085068e-05
860,0.9932244420051575,0.006775557994842529,1.260948657989502,0.01931728795170784,48,8.974483193085068e-05
861,0.9931226968765259,0.006877303123474121,1.2709832191467285,0.01951836235821247,48,8.974483193085068e-05
862,0.9930593967437744,0.006940603256225586,1.2771819829940796,0.019643016159534454,48,8.974483193085068e-05
863,0.9930384755134583,0.006961524486541748,1.2664347887039185,0.019556257873773575,48,8.974483193085068e-05
864,0.9931008815765381,0.006899118423461914,1.2666558027267456,0.01949668489396572,49,8.525759033430814e-05
865,0.9931952357292175,0.006804764270782471,1.2573927640914917,0.019310643896460533,49,8.525759033430814e-05
866,0.9933052062988281,0.006694793701171875,1.2557580471038818,0.019185425713658333,49,8.525759033430814e-05
867,0.9930475950241089,0.006952404975891113,1.264706015586853,0.01952994056046009,49,8.525759033430814e-05
868,0.9930621981620789,0.006937801837921143,1.2722351551055908,0.019590776413679123,49,8.525759033430814e-05
869,0.9931468367576599,0.006853163242340088,1.278721809387207,0.019571850076317787,49,8.525759033430814e-05
870,0.9934943318367004,0.0065056681632995605,1.2579025030136108,0.019019637256860733,49,8.525759033430814e-05
871,0.9929899573326111,0.007010042667388916,1.2770662307739258,0.01971060410141945,49,8.525759033430814e-05
872,0.9931607842445374,0.0068392157554626465,1.2663744688034058,0.019434567540884018,49,8.525759033430814e-05
873,0.9930196404457092,0.0069803595542907715,1.2702083587646484,0.019612640142440796,49,8.525759033430814e-05
874,0.9930649995803833,0.006935000419616699,1.2592189311981201,0.01945783942937851,49,8.525759033430814e-05
875,0.9930375218391418,0.006962478160858154,1.2769954204559326,0.019662808626890182,49,8.525759033430814e-05
876,0.993568480014801,0.006431519985198975,1.2372105121612549,0.018739309161901474,49,8.525759033430814e-05
877,0.9931811094284058,0.006818890571594238,1.2815035581588745,0.01956573687493801,49,8.525759033430814e-05
878,0.9934185743331909,0.006581425666809082,1.2673473358154297,0.019189083948731422,49,8.525759033430814e-05
879,0.9935305118560791,0.0064694881439208984,1.2466117143630981,0.01887091062963009,49,8.525759033430814e-05
880,0.9932184815406799,0.006781518459320068,1.267467975616455,0.019388381391763687,49,8.525759033430814e-05
881,0.9929512143135071,0.00704878568649292,1.288679599761963,0.019865093752741814,49,8.525759033430814e-05
882,0.9931791424751282,0.006820857524871826,1.266764521598816,0.01942029409110546,50,8.099471081759274e-05
883,0.9932625889778137,0.006737411022186279,1.2625184059143066,0.0192952211946249,50,8.099471081759274e-05
884,0.9928871393203735,0.007112860679626465,1.2711220979690552,0.019752953201532364,50,8.099471081759274e-05
885,0.9932618141174316,0.006738185882568359,1.2692471742630005,0.019363274797797203,50,8.099471081759274e-05
886,0.9934744238853455,0.006525576114654541,1.2597947120666504,0.019058266654610634,50,8.099471081759274e-05
887,0.9934016466140747,0.006598353385925293,1.2569973468780518,0.019102342426776886,50,8.099471081759274e-05
888,0.9934149384498596,0.006585061550140381,1.2754700183868408,0.01927391067147255,50,8.099471081759274e-05
889,0.9932636618614197,0.006736338138580322,1.257993221282959,0.019248906522989273,50,8.099471081759274e-05
890,0.9931066036224365,0.0068933963775634766,1.2793080806732178,0.019617542624473572,50,8.099471081759274e-05
891,0.9933651685714722,0.006634831428527832,1.249348759651184,0.019061971455812454,50,8.099471081759274e-05
892,0.9932568073272705,0.006743192672729492,1.2536823749542236,0.01921258494257927,50,8.099471081759274e-05
893,0.9930133819580078,0.0069866180419921875,1.2648884057998657,0.019565636292099953,50,8.099471081759274e-05
894,0.9934269785881042,0.006573021411895752,1.2588186264038086,0.01909547671675682,50,8.099471081759274e-05
895,0.992950975894928,0.0070490241050720215,1.2774800062179565,0.019753333181142807,50,8.099471081759274e-05
896,0.9929542541503906,0.007045745849609375,1.272057056427002,0.019695859402418137,50,8.099471081759274e-05
897,0.9932997226715088,0.006700277328491211,1.2605758905410767,0.0192390326410532,50,8.099471081759274e-05
898,0.9931136965751648,0.006886303424835205,1.2739686965942383,0.019557125866413116,50,8.099471081759274e-05
899,0.9933105111122131,0.006689488887786865,1.2712997198104858,0.019335590302944183,50,8.099471081759274e-05
900,0.9931836724281311,0.0068163275718688965,1.2714085578918457,0.01946225017309189,51,7.69449752767131e-05
901,0.9932359457015991,0.006764054298400879,1.2682323455810547,0.01937873661518097,51,7.69449752767131e-05
902,0.9933453798294067,0.006654620170593262,1.2698664665222168,0.019286738708615303,51,7.69449752767131e-05
903,0.9932785630226135,0.006721436977386475,1.2629179954528809,0.01928340271115303,51,7.69449752767131e-05
904,0.9928116202354431,0.007188379764556885,1.2754675149917603,0.019871171563863754,51,7.69449752767131e-05
905,0.9929456114768982,0.007054388523101807,1.2780598402023315,0.01976444199681282,51,7.69449752767131e-05
906,0.993310809135437,0.006689190864562988,1.257758378982544,0.019199881702661514,51,7.69449752767131e-05
907,0.9931474328041077,0.006852567195892334,1.2696170806884766,0.019480211660265923,51,7.69449752767131e-05
908,0.9933280348777771,0.0066719651222229,1.2559475898742676,0.01916472055017948,51,7.69449752767131e-05
909,0.9933487176895142,0.00665128231048584,1.273779273033142,0.019322561100125313,51,7.69449752767131e-05
910,0.9934468865394592,0.0065531134605407715,1.2648506164550781,0.019136087968945503,51,7.69449752767131e-05
911,0.9929506182670593,0.007049381732940674,1.2734699249267578,0.019713588058948517,51,7.69449752767131e-05
912,0.993599534034729,0.006400465965270996,1.257589340209961,0.018912354484200478,51,7.69449752767131e-05
913,0.9933227896690369,0.006677210330963135,1.257401943206787,0.019184457138180733,51,7.69449752767131e-05
914,0.9932910203933716,0.006708979606628418,1.258771538734436,0.019229605793952942,51,7.69449752767131e-05
915,0.9932552576065063,0.006744742393493652,1.2486646175384521,0.019163940101861954,51,7.69449752767131e-05
916,0.9929145574569702,0.007085442543029785,1.2593244314193726,0.01960783265531063,51,7.69449752767131e-05
917,0.9927741289138794,0.0072258710861206055,1.2642821073532104,0.019796432927250862,51,7.69449752767131e-05
918,0.9931560754776001,0.006843924522399902,1.258826494216919,0.019363749772310257,52,7.309772651287744e-05
919,0.993322491645813,0.006677508354187012,1.2569092512130737,0.019179824739694595,52,7.309772651287744e-05
920,0.9934753775596619,0.006524622440338135,1.2557737827301025,0.019017113372683525,52,7.309772651287744e-05
921,0.9935786128044128,0.006421387195587158,1.2559894323349,0.01891706883907318,52,7.309772651287744e-05
922,0.9933573603630066,0.006642639636993408,1.2672100067138672,0.019248314201831818,52,7.309772651287744e-05
923,0.9930500984191895,0.006949901580810547,1.2681362628936768,0.0195617638528347,52,7.309772651287744e-05
924,0.9931671023368835,0.006832897663116455,1.2664246559143066,0.019428815692663193,52,7.309772651287744e-05
925,0.9931715130805969,0.006828486919403076,1.274507999420166,0.019505281001329422,52,7.309772651287744e-05
926,0.9932413101196289,0.006758689880371094,1.2683016061782837,0.019374117255210876,52,7.309772651287744e-05
927,0.9931391477584839,0.006860852241516113,1.2744172811508179,0.019536416977643967,52,7.309772651287744e-05
928,0.9931448698043823,0.006855130195617676,1.271532416343689,0.019501902163028717,52,7.309772651287744e-05
929,0.9930691123008728,0.006930887699127197,1.2604544162750244,0.01946612261235714,52,7.309772651287744e-05
930,0.9932378530502319,0.006762146949768066,1.2650327682495117,0.01934485323727131,52,7.309772651287744e-05
931,0.9929476380348206,0.007052361965179443,1.2744685411453247,0.019726522266864777,52,7.309772651287744e-05
932,0.9931679368019104,0.0068320631980896,1.2679649591445923,0.019443392753601074,52,7.309772651287744e-05
933,0.9934872388839722,0.006512761116027832,1.2706210613250732,0.019153844565153122,52,7.309772651287744e-05
934,0.9927993416786194,0.007200658321380615,1.2712584733963013,0.019841236993670464,52,7.309772651287744e-05
935,0.9932740330696106,0.006725966930389404,1.257380485534668,0.019232511520385742,52,7.309772651287744e-05
936,0.9935645461082458,0.00643545389175415,1.244615912437439,0.01881725713610649,53,6.944284018723356e-05
937,0.9933273196220398,0.006672680377960205,1.2659599781036377,0.01926555298268795,53,6.944284018723356e-05
938,0.9933692812919617,0.00663071870803833,1.2529261112213135,0.019093671813607216,53,6.944284018723356e-05
939,0.9931191205978394,0.0068808794021606445,1.2521895170211792,0.019333966076374054,53,6.944284018723356e-05
940,0.9929520487785339,0.0070479512214660645,1.2825093269348145,0.01980256475508213,53,6.944284018723356e-05
941,0.9933702945709229,0.0066297054290771484,1.2658065557479858,0.0192214734852314,53,6.944284018723356e-05
942,0.9931979179382324,0.006802082061767578,1.2685484886169434,0.01941954530775547,53,6.944284018723356e-05
943,0.993492603302002,0.006507396697998047,1.2703404426574707,0.019145727157592773,53,6.944284018723356e-05
944,0.9932609796524048,0.006739020347595215,1.2573537826538086,0.019245168194174767,53,6.944284018723356e-05
945,0.9930102229118347,0.006989777088165283,1.2584490776062012,0.019504370167851448,53,6.944284018723356e-05
946,0.9932266473770142,0.00677335262298584,1.2768771648406982,0.019474390894174576,53,6.944284018723356e-05
947,0.9929307103157043,0.007069289684295654,1.28109872341156,0.019809583202004433,53,6.944284018723356e-05
948,0.9930620789527893,0.006937921047210693,1.2735906839370728,0.019604448229074478,53,6.944284018723356e-05
949,0.993177056312561,0.006822943687438965,1.283131718635559,0.01958603225648403,53,6.944284018723356e-05
950,0.9934917092323303,0.006508290767669678,1.2501312494277954,0.018944520503282547,53,6.944284018723356e-05
951,0.9931535124778748,0.006846487522125244,1.2673349380493164,0.01945137232542038,53,6.944284018723356e-05
952,0.9931468367576599,0.006853163242340088,1.2583476305007935,0.019368108361959457,53,6.944284018723356e-05
953,0.9932084679603577,0.006791532039642334,1.2734028100967407,0.01945764385163784,53,6.944284018723356e-05
954,0.9931135177612305,0.006886482238769531,1.2703555822372437,0.01952117308974266,54,6.597069817787189e-05
955,0.9931217432022095,0.006878256797790527,1.2687331438064575,0.01949680596590042,54,6.597069817787189e-05
956,0.9932146668434143,0.006785333156585693,1.2725739479064941,0.019443217664957047,54,6.597069817787189e-05
957,0.9932523965835571,0.006747603416442871,1.265742301940918,0.019337549805641174,54,6.597069817787189e-05
958,0.9935954213142395,0.006404578685760498,1.2458200454711914,0.01879873313009739,54,6.597069817787189e-05
959,0.9932404160499573,0.006759583950042725,1.2676655054092407,0.019368642941117287,54,6.597069817787189e-05
960,0.9933850765228271,0.0066149234771728516,1.2639864683151245,0.019188638776540756,54,6.597069817787189e-05
961,0.9933961629867554,0.006603837013244629,1.2551047801971436,0.01908884570002556,54,6.597069817787189e-05
962,0.9933883547782898,0.006611645221710205,1.2608999013900757,0.01915452629327774,54,6.597069817787189e-05
963,0.9930023550987244,0.006997644901275635,1.2724603414535522,0.019652271643280983,54,6.597069817787189e-05
964,0.9933605194091797,0.0066394805908203125,1.2630375623703003,0.019203461706638336,54,6.597069817787189e-05
965,0.9926458597183228,0.007354140281677246,1.2712469100952148,0.019993066787719727,54,6.597069817787189e-05
966,0.9933503866195679,0.006649613380432129,1.2683939933776855,0.01926705613732338,54,6.597069817787189e-05
967,0.9930586218833923,0.006941378116607666,1.2727488279342651,0.01959945261478424,54,6.597069817787189e-05
968,0.9934155344963074,0.006584465503692627,1.2726225852966309,0.01924484595656395,54,6.597069817787189e-05
969,0.9928672313690186,0.007132768630981445,1.2670001983642578,0.019731443375349045,54,6.597069817787189e-05
970,0.9934812188148499,0.0065187811851501465,1.249477744102478,0.018948370590806007,54,6.597069817787189e-05
971,0.9935428500175476,0.006457149982452393,1.2379428148269653,0.018772006034851074,54,6.597069817787189e-05
972,0.9932061433792114,0.006793856620788574,1.2789603471755981,0.019515521824359894,55,6.267216326897829e-05
973,0.9934458136558533,0.0065541863441467285,1.2654048204421997,0.019142691045999527,55,6.267216326897829e-05
974,0.9930480122566223,0.0069519877433776855,1.2555910348892212,0.019438378512859344,55,6.267216326897829e-05
975,0.9932721257209778,0.006727874279022217,1.2685458660125732,0.019346054643392563,55,6.267216326897829e-05
976,0.9931548833847046,0.00684511661529541,1.2562695741653442,0.019339360296726227,55,6.267216326897829e-05
977,0.9932498931884766,0.0067501068115234375,1.2627805471420288,0.01931041106581688,55,6.267216326897829e-05
978,0.9932752847671509,0.006724715232849121,1.2487212419509888,0.019144680351018906,55,6.267216326897829e-05
979,0.9929784536361694,0.007021546363830566,1.2812936305999756,0.019764266908168793,55,6.267216326897829e-05
980,0.9933024644851685,0.006697535514831543,1.252204179763794,0.019152602180838585,55,6.267216326897829e-05
981,0.9931113719940186,0.006888628005981445,1.2728649377822876,0.019548390060663223,55,6.267216326897829e-05
982,0.9936179518699646,0.0063820481300354,1.2605663537979126,0.018923891708254814,55,6.267216326897829e-05
983,0.9933225512504578,0.006677448749542236,1.2507349252700806,0.01911802403628826,55,6.267216326897829e-05
984,0.993018388748169,0.006981611251831055,1.2804325819015503,0.01971612125635147,55,6.267216326897829e-05
985,0.99312424659729,0.006875753402709961,1.2669014930725098,0.019476011395454407,55,6.267216326897829e-05
986,0.9932947754859924,0.006705224514007568,1.2734004259109497,0.019372176378965378,55,6.267216326897829e-05
987,0.9931705594062805,0.006829440593719482,1.2625155448913574,0.019386300817131996,55,6.267216326897829e-05
988,0.993425726890564,0.006574273109436035,1.2563287019729614,0.01907181739807129,55,6.267216326897829e-05
989,0.9936894178390503,0.006310582160949707,1.2630650997161865,0.01887812651693821,55,6.267216326897829e-05
990,0.9932433366775513,0.0067566633224487305,1.2686583995819092,0.01937568187713623,56,5.953855510552937e-05
991,0.9932904243469238,0.006709575653076172,1.2742273807525635,0.019384752959012985,56,5.953855510552937e-05
992,0.9932169914245605,0.006783008575439453,1.2715890407562256,0.019431069493293762,56,5.953855510552937e-05
993,0.9929920434951782,0.007007956504821777,1.2711330652236938,0.019649207592010498,56,5.953855510552937e-05
994,0.9933392405509949,0.006660759449005127,1.2551839351654053,0.019145991653203964,56,5.953855510552937e-05
995,0.9935798645019531,0.006420135498046875,1.2471073865890503,0.018827008083462715,56,5.953855510552937e-05
996,0.9936228394508362,0.006377160549163818,1.2499723434448242,0.018813112750649452,56,5.953855510552937e-05
997,0.993315577507019,0.006684422492980957,1.2721768617630005,0.019339347258210182,56,5.953855510552937e-05
998,0.9929207563400269,0.0070792436599731445,1.2649977207183838,0.01965842768549919,56,5.953855510552937e-05
999,0.9928063154220581,0.0071936845779418945,1.2782031297683716,0.01990377902984619,56,5.953855510552937e-05
1000,0.9932225942611694,0.006777405738830566,1.2702069282531738,0.01941170170903206,56,5.953855510552937e-05
1001,0.9930203557014465,0.006979644298553467,1.2699016332626343,0.019608864560723305,56,5.953855510552937e-05
1002,0.993329644203186,0.006670355796813965,1.264701008796692,0.01925066113471985,56,5.953855510552937e-05
1003,0.9932259321212769,0.0067740678787231445,1.2679758071899414,0.019386084750294685,56,5.953855510552937e-05
1004,0.9935570359230042,0.00644296407699585,1.249883770942688,0.01887737214565277,56,5.953855510552937e-05
1005,0.9932286739349365,0.0067713260650634766,1.2613983154296875,0.019317595288157463,56,5.953855510552937e-05
1006,0.9932218790054321,0.006778120994567871,1.255763053894043,0.019267970696091652,56,5.953855510552937e-05
1007,0.9933221340179443,0.006677865982055664,1.26932954788208,0.019304383546113968,56,5.953855510552937e-05
1008,0.9934712052345276,0.006528794765472412,1.2512203454971313,0.01897571049630642,57,5.65616273502529e-05
1009,0.9933854341506958,0.006614565849304199,1.265106201171875,0.01919948123395443,57,5.65616273502529e-05
1010,0.9934953451156616,0.006504654884338379,1.2635066509246826,0.01907467469573021,57,5.65616273502529e-05
1011,0.9933247566223145,0.006675243377685547,1.2686139345169067,0.019294630736112595,57,5.65616273502529e-05
1012,0.9931108355522156,0.006889164447784424,1.2612355947494507,0.01943262852728367,57,5.65616273502529e-05
1013,0.9936935901641846,0.00630640983581543,1.246172308921814,0.01870506815612316,57,5.65616273502529e-05
1014,0.9934512972831726,0.006548702716827393,1.2515175342559814,0.018998391926288605,57,5.65616273502529e-05
1015,0.9931833744049072,0.0068166255950927734,1.2695783376693726,0.019444242119789124,57,5.65616273502529e-05
1016,0.9934099912643433,0.006590008735656738,1.2653228044509888,0.019177336245775223,57,5.65616273502529e-05
1017,0.9930886030197144,0.0069113969802856445,1.2740920782089233,0.01958320289850235,57,5.65616273502529e-05
1018,0.9926662445068359,0.0073337554931640625,1.2656731605529785,0.01991714909672737,57,5.65616273502529e-05
1019,0.9932047128677368,0.006795287132263184,1.2651617527008057,0.01937895268201828,57,5.65616273502529e-05
1020,0.9930087327957153,0.006991267204284668,1.2695059776306152,0.019616413861513138,57,5.65616273502529e-05
1021,0.9930413365364075,0.006958663463592529,1.274239420890808,0.01963147148489952,57,5.65616273502529e-05
1022,0.9929723143577576,0.007027685642242432,1.2815645933151245,0.019773054867982864,57,5.65616273502529e-05
1023,0.9932719469070435,0.006728053092956543,1.2637379169464111,0.01929815113544464,57,5.65616273502529e-05
1024,0.9935176372528076,0.006482362747192383,1.2512998580932617,0.01893053762614727,57,5.65616273502529e-05
1025,0.9930878281593323,0.006912171840667725,1.2702757120132446,0.01954580657184124,57,5.65616273502529e-05
1026,0.9934251308441162,0.006574869155883789,1.2567144632339478,0.019076265394687653,58,5.373354598274025e-05
1027,0.9934923648834229,0.0065076351165771484,1.2644351720809937,0.019086910411715508,58,5.373354598274025e-05
1028,0.9931508302688599,0.006849169731140137,1.2755314111709595,0.019535992294549942,58,5.373354598274025e-05
1029,0.9934669733047485,0.006533026695251465,1.253555178642273,0.01900324784219265,58,5.373354598274025e-05
1030,0.993169367313385,0.00683063268661499,1.2660094499588013,0.019422421231865883,58,5.373354598274025e-05
1031,0.9932665824890137,0.006733417510986328,1.2702914476394653,0.01936899684369564,58,5.373354598274025e-05
1032,0.9931639432907104,0.006836056709289551,1.27048921585083,0.01947258785367012,58,5.373354598274025e-05
1033,0.9935882091522217,0.00641179084777832,1.2513070106506348,0.018860742449760437,58,5.373354598274025e-05
1034,0.9931782484054565,0.006821751594543457,1.2675422430038452,0.019428957253694534,58,5.373354598274025e-05
1035,0.9933224320411682,0.006677567958831787,1.2603086233139038,0.019213877618312836,58,5.373354598274025e-05
1036,0.9933125972747803,0.0066874027252197266,1.262111783027649,0.01924164593219757,58,5.373354598274025e-05
1037,0.9932724833488464,0.0067275166511535645,1.2600215673446655,0.019260456785559654,58,5.373354598274025e-05
1038,0.9929007291793823,0.007099270820617676,1.2674189805984497,0.019702468067407608,58,5.373354598274025e-05
1039,0.9934087991714478,0.006591200828552246,1.270425796508789,0.019229546189308167,58,5.373354598274025e-05
1040,0.9935582876205444,0.006441712379455566,1.262616753578186,0.01900346204638481,58,5.373354598274025e-05
1041,0.992984414100647,0.007015585899353027,1.2531037330627441,0.01947646774351597,58,5.373354598274025e-05
1042,0.9929717183113098,0.0070282816886901855,1.2775750160217285,0.019733749330043793,58,5.373354598274025e-05
1043,0.99267578125,0.00732421875,1.2649246454238892,0.01990022324025631,58,5.373354598274025e-05
1044,0.9931445121765137,0.006855487823486328,1.2702984809875488,0.019489917904138565,59,5.104686868360323e-05
1045,0.993218183517456,0.006781816482543945,1.2677351236343384,0.01939135044813156,59,5.104686868360323e-05
1046,0.9929375052452087,0.00706249475479126,1.283397912979126,0.019825849682092667,59,5.104686868360323e-05
1047,0.9932816028594971,0.00671839714050293,1.2559657096862793,0.019210871309041977,59,5.104686868360323e-05
1048,0.9930936098098755,0.006906390190124512,1.2751637697219849,0.01958896405994892,59,5.104686868360323e-05
1049,0.9934659600257874,0.0065340399742126465,1.2658531665802002,0.01912723109126091,59,5.104686868360323e-05
1050,0.9935626983642578,0.0064373016357421875,1.2567033767700195,0.01893996074795723,59,5.104686868360323e-05
1051,0.993340253829956,0.006659746170043945,1.2641502618789673,0.01923465169966221,59,5.104686868360323e-05
1052,0.9932584166526794,0.006741583347320557,1.2629352807998657,0.019303519278764725,59,5.104686868360323e-05
1053,0.9930186867713928,0.006981313228607178,1.25554621219635,0.019466962665319443,59,5.104686868360323e-05
1054,0.9931449294090271,0.0068550705909729,1.2590746879577637,0.019377266988158226,59,5.104686868360323e-05
1055,0.9934514164924622,0.006548583507537842,1.264767050743103,0.01913076639175415,59,5.104686868360323e-05
1056,0.9932278394699097,0.006772160530090332,1.266542673110962,0.019369864836335182,59,5.104686868360323e-05
1057,0.9932435154914856,0.006756484508514404,1.2638378143310547,0.019327297806739807,59,5.104686868360323e-05
1058,0.993046224117279,0.006953775882720947,1.2578269243240356,0.019462507218122482,59,5.104686868360323e-05
1059,0.993499755859375,0.006500244140625,1.2599835395812988,0.01903507672250271,59,5.104686868360323e-05
1060,0.9934012293815613,0.006598770618438721,1.2459088563919067,0.018991870805621147,59,5.104686868360323e-05
1061,0.9935103058815002,0.006489694118499756,1.2914605140686035,0.01933940127491951,59,5.104686868360323e-05
1062,0.9934247732162476,0.006575226783752441,1.269896388053894,0.01920843869447708,60,4.849452524942307e-05
1063,0.9932436943054199,0.006756305694580078,1.2634851932525635,0.019323594868183136,60,4.849452524942307e-05
1064,0.9934402704238892,0.00655972957611084,1.2561061382293701,0.019055193290114403,60,4.849452524942307e-05
1065,0.9934253096580505,0.006574690341949463,1.2622441053390503,0.019131384789943695,60,4.849452524942307e-05
1066,0.9932774901390076,0.006722509860992432,1.2700263261795044,0.019355548545718193,60,4.849452524942307e-05
1067,0.9934119582176208,0.00658804178237915,1.2511628866195679,0.01903378963470459,60,4.849452524942307e-05
1068,0.9933342933654785,0.006665706634521484,1.2661172151565552,0.01926022209227085,60,4.849452524942307e-05
1069,0.9931309223175049,0.006869077682495117,1.2706708908081055,0.019507095217704773,60,4.849452524942307e-05
1070,0.993459165096283,0.006540834903717041,1.2646057605743408,0.019121484830975533,60,4.849452524942307e-05
1071,0.993243396282196,0.006756603717803955,1.2607711553573608,0.01929674856364727,60,4.849452524942307e-05
1072,0.993493914604187,0.006506085395812988,1.261289358139038,0.01905391737818718,60,4.849452524942307e-05
1073,0.9932910799980164,0.006708920001983643,1.2627414464950562,0.019269244745373726,60,4.849452524942307e-05
1074,0.993015468120575,0.006984531879425049,1.2695294618606567,0.019609980285167694,60,4.849452524942307e-05
1075,0.9927557706832886,0.007244229316711426,1.2819162607192993,0.0199909508228302,60,4.849452524942307e-05
1076,0.9931686520576477,0.006831347942352295,1.263289451599121,0.01939592882990837,60,4.849452524942307e-05
1077,0.9934079647064209,0.0065920352935791016,1.247876524925232,0.019004879519343376,60,4.849452524942307e-05
1078,0.9929595589637756,0.007040441036224365,1.2648450136184692,0.019618486985564232,60,4.849452524942307e-05
1079,0.9933428168296814,0.0066571831703186035,1.2489233016967773,0.019079845398664474,60,4.849452524942307e-05
1080,0.9933120012283325,0.0066879987716674805,1.2550735473632812,0.019171852618455887,61,4.606979898695191e-05
1081,0.9934282898902893,0.006571710109710693,1.2615336179733276,0.019121330231428146,61,4.606979898695191e-05
1082,0.993396520614624,0.0066034793853759766,1.2577333450317383,0.019114777445793152,61,4.606979898695191e-05
1083,0.9934478402137756,0.006552159786224365,1.2599296569824219,0.01908593438565731,61,4.606979898695191e-05
1084,0.9932312369346619,0.006768763065338135,1.2514688968658447,0.019215764477849007,61,4.606979898695191e-05
1085,0.9931433200836182,0.006856679916381836,1.2684714794158936,0.019472826272249222,61,4.606979898695191e-05
1086,0.9932103753089905,0.0067896246910095215,1.265284538269043,0.019374573603272438,61,4.606979898695191e-05
1087,0.9934982061386108,0.00650179386138916,1.2542057037353516,0.01897883228957653,61,4.606979898695191e-05
1088,0.9930980205535889,0.006901979446411133,1.266494870185852,0.019497908651828766,61,4.606979898695191e-05
1089,0.9932542443275452,0.006745755672454834,1.263378381729126,0.01931208185851574,61,4.606979898695191e-05
1090,0.9930368065834045,0.006963193416595459,1.2608814239501953,0.01950237527489662,61,4.606979898695191e-05
1091,0.9931945204734802,0.006805479526519775,1.2800205945968628,0.019537631422281265,61,4.606979898695191e-05
1092,0.9931270480155945,0.006872951984405518,1.2697327136993408,0.019501550123095512,61,4.606979898695191e-05
1093,0.9932979345321655,0.006702065467834473,1.261403203010559,0.019249076023697853,61,4.606979898695191e-05
1094,0.9929115176200867,0.00708848237991333,1.2720671892166138,0.019738268107175827,61,4.606979898695191e-05
1095,0.9935068488121033,0.0064931511878967285,1.2635486125946045,0.019063705578446388,61,4.606979898695191e-05
1096,0.9933831095695496,0.0066168904304504395,1.2758774757385254,0.019309496507048607,61,4.606979898695191e-05
1097,0.9935368895530701,0.006463110446929932,1.2570712566375732,0.01896919310092926,61,4.606979898695191e-05
1098,0.9933072924613953,0.006692707538604736,1.2496918439865112,0.01912269927561283,62,4.376630903760431e-05
1099,0.9932749271392822,0.0067250728607177734,1.2587730884552002,0.019245553761720657,62,4.376630903760431e-05
1100,0.9930776357650757,0.006922364234924316,1.2793155908584595,0.01964629627764225,62,4.376630903760431e-05
1101,0.9933593273162842,0.00664067268371582,1.2626736164093018,0.019201001152396202,62,4.376630903760431e-05
1102,0.993492066860199,0.006507933139801025,1.256249189376831,0.019005345180630684,62,4.376630903760431e-05
1103,0.9932578802108765,0.006742119789123535,1.2635279893875122,0.019309978932142258,62,4.376630903760431e-05
1104,0.9931616187095642,0.006838381290435791,1.263920545578003,0.01940920203924179,62,4.376630903760431e-05
1105,0.9935166835784912,0.006483316421508789,1.2450473308563232,0.018868956714868546,62,4.376630903760431e-05
1106,0.9936345219612122,0.006365478038787842,1.2630559206008911,0.01893238164484501,62,4.376630903760431e-05
1107,0.9932637810707092,0.0067362189292907715,1.265479326248169,0.019323648884892464,62,4.376630903760431e-05
1108,0.9929444193840027,0.0070555806159973145,1.2593841552734375,0.01957886666059494,62,4.376630903760431e-05
1109,0.9931726455688477,0.006827354431152344,1.2793796062469482,0.01955287717282772,62,4.376630903760431e-05
1110,0.9935797452926636,0.006420254707336426,1.2444498538970947,0.01880054920911789,62,4.376630903760431e-05
1111,0.993219256401062,0.006780743598937988,1.2596741914749146,0.019309677183628082,62,4.376630903760431e-05
1112,0.9929892420768738,0.007010757923126221,1.280778408050537,0.01974843442440033,62,4.376630903760431e-05
1113,0.9932807683944702,0.006719231605529785,1.2677510976791382,0.019329549744725227,62,4.376630903760431e-05
1114,0.9930912852287292,0.006908714771270752,1.27408766746521,0.019580503925681114,62,4.376630903760431e-05
1115,0.9932874441146851,0.006712555885314941,1.2700891494750977,0.019346321001648903,62,4.376630903760431e-05
1116,0.993324339389801,0.006675660610198975,1.2648886442184448,0.019257789477705956,63,4.157799358572409e-05
1117,0.993463933467865,0.00653606653213501,1.246130347251892,0.018932009115815163,63,4.157799358572409e-05
1118,0.9933256506919861,0.006674349308013916,1.2619719505310059,0.019227325916290283,63,4.157799358572409e-05
1119,0.9934438467025757,0.006556153297424316,1.2452608346939087,0.018943199887871742,63,4.157799358572409e-05
1120,0.9931136965751648,0.006886303424835205,1.2697302103042603,0.019514743238687515,63,4.157799358572409e-05
1121,0.9935274124145508,0.006472587585449219,1.264481544494629,0.019052676856517792,63,4.157799358572409e-05
1122,0.992888867855072,0.0071111321449279785,1.2697069644927979,0.019737090915441513,63,4.157799358572409e-05
1123,0.9932740926742554,0.006725907325744629,1.2629525661468506,0.01928817480802536,63,4.157799358572409e-05
1124,0.9932388067245483,0.00676119327545166,1.277077555656433,0.01946435682475567,63,4.157799358572409e-05
1125,0.9931502342224121,0.006849765777587891,1.2666828632354736,0.019448095932602882,63,4.157799358572409e-05
1126,0.9935355186462402,0.006464481353759766,1.2585105895996094,0.018984941765666008,63,4.157799358572409e-05
1127,0.9935160875320435,0.006483912467956543,1.2477024793624878,0.01889609731733799,63,4.157799358572409e-05
1128,0.992983877658844,0.007016122341156006,1.2793281078338623,0.019739242270588875,63,4.157799358572409e-05
1129,0.9933601021766663,0.00663989782333374,1.2575998306274414,0.019149497151374817,63,4.157799358572409e-05
1130,0.9931685924530029,0.00683140754699707,1.2641854286193848,0.019404947757720947,63,4.157799358572409e-05
1131,0.9934546947479248,0.006545305252075195,1.2580653429031372,0.01906050555408001,63,4.157799358572409e-05
1132,0.9928929209709167,0.007107079029083252,1.2772026062011719,0.019808033481240273,63,4.157799358572409e-05
1133,0.9933193922042847,0.006680607795715332,1.2707009315490723,0.019320810213685036,63,4.157799358572409e-05
1134,0.9930784106254578,0.006921589374542236,1.2623140811920166,0.019475514069199562,64,3.9499093906437885e-05
1135,0.9933751225471497,0.006624877452850342,1.25409996509552,0.019099628552794456,64,3.9499093906437885e-05
1136,0.9934915900230408,0.0065084099769592285,1.2661622762680054,0.01910494826734066,64,3.9499093906437885e-05
1137,0.9935124516487122,0.006487548351287842,1.2515068054199219,0.018937740474939346,64,3.9499093906437885e-05
1138,0.993133008480072,0.0068669915199279785,1.2643283605575562,0.019441604614257812,64,3.9499093906437885e-05
1139,0.9932453632354736,0.006754636764526367,1.2736048698425293,0.019423138350248337,64,3.9499093906437885e-05
1140,0.9932723641395569,0.006727635860443115,1.2588376998901367,0.019248737022280693,64,3.9499093906437885e-05
1141,0.9930583238601685,0.006941676139831543,1.2656224966049194,0.019528483971953392,64,3.9499093906437885e-05
1142,0.9930470585823059,0.006952941417694092,1.2807437181472778,0.019690848886966705,64,3.9499093906437885e-05
1143,0.9935044050216675,0.0064955949783325195,1.2556016445159912,0.0189866553992033,64,3.9499093906437885e-05
1144,0.9932910799980164,0.006708920001983643,1.262300968170166,0.019264839589595795,64,3.9499093906437885e-05
1145,0.9935836791992188,0.00641632080078125,1.2520521879196167,0.018872680142521858,64,3.9499093906437885e-05
1146,0.9932246804237366,0.006775319576263428,1.2610101699829102,0.019317667931318283,64,3.9499093906437885e-05
1147,0.9932582974433899,0.006741702556610107,1.2610645294189453,0.0192849300801754,64,3.9499093906437885e-05
1148,0.9932226538658142,0.006777346134185791,1.267030119895935,0.019379872828722,64,3.9499093906437885e-05
1149,0.9933853149414062,0.00661468505859375,1.257653832435608,0.01912507601082325,64,3.9499093906437885e-05
1150,0.9930583834648132,0.006941616535186768,1.2737486362457275,0.019609685987234116,64,3.9499093906437885e-05
1151,0.9932506084442139,0.006749391555786133,1.2737116813659668,0.01941901445388794,64,3.9499093906437885e-05
1152,0.9931043386459351,0.006895661354064941,1.2751548290252686,0.019578251987695694,65,3.752413921111599e-05
1153,0.993493378162384,0.006506621837615967,1.262728214263916,0.01906883716583252,65,3.752413921111599e-05
1154,0.9927656054496765,0.007234394550323486,1.2650095224380493,0.019812146201729774,65,3.752413921111599e-05
1155,0.9932719469070435,0.006728053092956543,1.2683559656143188,0.019344331696629524,65,3.752413921111599e-05
1156,0.9929287433624268,0.007071256637573242,1.2645196914672852,0.01964573934674263,65,3.752413921111599e-05
1157,0.9930474162101746,0.0069525837898254395,1.2806341648101807,0.019689399749040604,65,3.752413921111599e-05
1158,0.9932938814163208,0.006706118583679199,1.249745488166809,0.019136512652039528,65,3.752413921111599e-05
1159,0.9933879375457764,0.006612062454223633,1.257440447807312,0.019120346754789352,65,3.752413921111599e-05
1160,0.9934641718864441,0.006535828113555908,1.2595243453979492,0.01906571164727211,65,3.752413921111599e-05
1161,0.9935416579246521,0.0064583420753479,1.254637598991394,0.018940133973956108,65,3.752413921111599e-05
1162,0.9935829043388367,0.00641709566116333,1.2637317180633545,0.01899024099111557,65,3.752413921111599e-05
1163,0.9933992624282837,0.006600737571716309,1.2678337097167969,0.01921306550502777,65,3.752413921111599e-05
1164,0.993567168712616,0.006432831287384033,1.2546477317810059,0.018914978951215744,65,3.752413921111599e-05
1165,0.9934079051017761,0.006592094898223877,1.250439167022705,0.01903056539595127,65,3.752413921111599e-05
1166,0.9932527542114258,0.006747245788574219,1.2632286548614502,0.01931205950677395,65,3.752413921111599e-05
1167,0.9931523203849792,0.006847679615020752,1.2724725008010864,0.01950392685830593,65,3.752413921111599e-05
1168,0.9932710528373718,0.006728947162628174,1.2567298412322998,0.01922895573079586,65,3.752413921111599e-05
1169,0.9930503368377686,0.006949663162231445,1.2816153764724731,0.019696319475769997,65,3.752413921111599e-05
1170,0.9933716058731079,0.00662839412689209,1.2594941854476929,0.019157052040100098,66,3.564793225056019e-05
1171,0.9933223128318787,0.006677687168121338,1.2629001140594482,0.019239909946918488,66,3.564793225056019e-05
1172,0.9935981035232544,0.0064018964767456055,1.2461336851119995,0.01879921369254589,66,3.564793225056019e-05
1173,0.9933504462242126,0.0066495537757873535,1.249813199043274,0.01908119022846222,66,3.564793225056019e-05
1174,0.9933497905731201,0.006650209426879883,1.2563499212265015,0.019147206097841263,66,3.564793225056019e-05
1175,0.9935128688812256,0.006487131118774414,1.262141466140747,0.01904367282986641,66,3.564793225056019e-05
1176,0.9930189251899719,0.006981074810028076,1.2703150510787964,0.019614415243268013,66,3.564793225056019e-05
1177,0.9932861924171448,0.006713807582855225,1.274859070777893,0.019395260140299797,66,3.564793225056019e-05
1178,0.9926175475120544,0.007382452487945557,1.2734065055847168,0.020042693242430687,66,3.564793225056019e-05
1179,0.9930751323699951,0.006924867630004883,1.263814926147461,0.019493767991662025,66,3.564793225056019e-05
1180,0.9933499693870544,0.006650030612945557,1.2645041942596436,0.01922857202589512,66,3.564793225056019e-05
1181,0.9933757185935974,0.006624281406402588,1.252173662185669,0.019079774618148804,66,3.564793225056019e-05
1182,0.993602454662323,0.006397545337677002,1.251098871231079,0.01884455978870392,66,3.564793225056019e-05
1183,0.9930810928344727,0.006918907165527344,1.2780836820602417,0.0196305550634861,66,3.564793225056019e-05
1184,0.9929560422897339,0.007043957710266113,1.2895342111587524,0.01986886002123356,66,3.564793225056019e-05
1185,0.9935443997383118,0.006455600261688232,1.2521848678588867,0.018912892788648605,66,3.564793225056019e-05
1186,0.9934548139572144,0.0065451860427856445,1.2545061111450195,0.019024794921278954,66,3.564793225056019e-05
1187,0.9930704236030579,0.006929576396942139,1.2811533212661743,0.019671814516186714,66,3.564793225056019e-05
1188,0.9936307668685913,0.006369233131408691,1.249619483947754,0.01880173571407795,67,3.3865535638032174e-05
1189,0.9932395219802856,0.0067604780197143555,1.2634044885635376,0.019326917827129364,67,3.3865535638032174e-05
1190,0.9930286407470703,0.0069713592529296875,1.2802866697311401,0.019704511389136314,67,3.3865535638032174e-05
1191,0.9933891296386719,0.006610870361328125,1.2604846954345703,0.01914960891008377,67,3.3865535638032174e-05
1192,0.9934760928153992,0.00652390718460083,1.2539725303649902,0.018998391926288605,67,3.3865535638032174e-05
1193,0.9933498501777649,0.006650149822235107,1.2592501640319824,0.019176149740815163,67,3.3865535638032174e-05
1194,0.9934036731719971,0.00659632682800293,1.2620359659194946,0.01915072277188301,67,3.3865535638032174e-05
1195,0.9932506680488586,0.006749331951141357,1.2688000202178955,0.019369838759303093,67,3.3865535638032174e-05
1196,0.9932984113693237,0.0067015886306762695,1.2532950639724731,0.019167523831129074,67,3.3865535638032174e-05
1197,0.9932616949081421,0.00673830509185791,1.2733978033065796,0.019404899328947067,67,3.3865535638032174e-05
1198,0.9930860996246338,0.006913900375366211,1.2669535875320435,0.0195142962038517,67,3.3865535638032174e-05
1199,0.9932652711868286,0.006734728813171387,1.2679239511489868,0.01934662088751793,67,3.3865535638032174e-05
1200,0.9930823445320129,0.0069176554679870605,1.2596783638000488,0.019445262849330902,67,3.3865535638032174e-05
1201,0.9933066368103027,0.006693363189697266,1.2569446563720703,0.01919587515294552,67,3.3865535638032174e-05
1202,0.9933047294616699,0.006695270538330078,1.2673234939575195,0.019301552325487137,67,3.3865535638032174e-05
1203,0.993157148361206,0.006842851638793945,1.269840121269226,0.019472824409604073,67,3.3865535638032174e-05
1204,0.9934372901916504,0.006562709808349609,1.2512085437774658,0.019009167328476906,67,3.3865535638032174e-05
1205,0.9932215809822083,0.006778419017791748,1.260924220085144,0.01931987702846527,67,3.3865535638032174e-05
1206,0.9932777285575867,0.00672227144241333,1.2668654918670654,0.01932370290160179,68,3.2172258856130564e-05
1207,0.9934413433074951,0.006558656692504883,1.2643942832946777,0.01913701370358467,68,3.2172258856130564e-05
1208,0.9935391545295715,0.006460845470428467,1.2474663257598877,0.018870899453759193,68,3.2172258856130564e-05
1209,0.9933198690414429,0.006680130958557129,1.2656313180923462,0.019269641488790512,68,3.2172258856130564e-05
1210,0.9935100078582764,0.006489992141723633,1.2435582876205444,0.018860675394535065,68,3.2172258856130564e-05
1211,0.9933308959007263,0.006669104099273682,1.2584004402160645,0.019186418503522873,68,3.2172258856130564e-05
1212,0.9929424524307251,0.007057547569274902,1.285913109779358,0.019846104085445404,68,3.2172258856130564e-05
1213,0.9934203624725342,0.00657963752746582,1.267857313156128,0.019192414358258247,68,3.2172258856130564e-05
1214,0.9935004711151123,0.006499528884887695,1.25237238407135,0.018958257511258125,68,3.2172258856130564e-05
1215,0.993545413017273,0.006454586982727051,1.2536426782608032,0.0189264677464962,68,3.2172258856130564e-05
1216,0.993105411529541,0.006894588470458984,1.2602572441101074,0.01942821592092514,68,3.2172258856130564e-05
1217,0.9930158853530884,0.006984114646911621,1.2774173021316528,0.019688446074724197,68,3.2172258856130564e-05
1218,0.9930784106254578,0.006921589374542236,1.261539340019226,0.01946776732802391,68,3.2172258856130564e-05
1219,0.9930701851844788,0.00692981481552124,1.2581900358200073,0.019442416727542877,68,3.2172258856130564e-05
1220,0.9932169914245605,0.006783008575439453,1.2658209800720215,0.019373387098312378,68,3.2172258856130564e-05
1221,0.9935736656188965,0.006426334381103516,1.260832667350769,0.018970396369695663,68,3.2172258856130564e-05
1222,0.9930147528648376,0.0069852471351623535,1.2757563591003418,0.019672958180308342,68,3.2172258856130564e-05
1223,0.9935263395309448,0.006473660469055176,1.2563213109970093,0.018972136080265045,68,3.2172258856130564e-05
1224,0.9935835003852844,0.006416499614715576,1.2488162517547607,0.018840497359633446,69,3.056364591332403e-05
1225,0.993387758731842,0.006612241268157959,1.253414273262024,0.019080260768532753,69,3.056364591332403e-05
1226,0.9935023188591003,0.006497681140899658,1.2542985677719116,0.018975690007209778,69,3.056364591332403e-05
1227,0.9932495951652527,0.0067504048347473145,1.265700101852417,0.019339900463819504,69,3.056364591332403e-05
1228,0.9928568005561829,0.007143199443817139,1.2671730518341064,0.019743498414754868,69,3.056364591332403e-05
1229,0.9933471083641052,0.006652891635894775,1.2643524408340454,0.019229887053370476,69,3.056364591332403e-05
1230,0.9935727119445801,0.006427288055419922,1.2644412517547607,0.019007427617907524,69,3.056364591332403e-05
1231,0.9933681488037109,0.0066318511962890625,1.2706326246261597,0.019271858036518097,69,3.056364591332403e-05
1232,0.9929730296134949,0.007026970386505127,1.2639936208724976,0.019596636295318604,69,3.056364591332403e-05
1233,0.9935668706893921,0.00643312931060791,1.2607470750808716,0.01897626742720604,69,3.056364591332403e-05
1234,0.993270993232727,0.006729006767272949,1.2632718086242676,0.019294433295726776,69,3.056364591332403e-05
1235,0.9930195808410645,0.006980419158935547,1.2769546508789062,0.019680161029100418,69,3.056364591332403e-05
1236,0.9931995272636414,0.006800472736358643,1.254626989364624,0.019278736785054207,69,3.056364591332403e-05
1237,0.9936257600784302,0.006374239921569824,1.25154447555542,0.018825940787792206,69,3.056364591332403e-05
1238,0.9930368065834045,0.006963193416595459,1.269517183303833,0.019588733091950417,69,3.056364591332403e-05
1239,0.9933682084083557,0.006631791591644287,1.2580955028533936,0.019146427512168884,69,3.056364591332403e-05
1240,0.9931124448776245,0.006887555122375488,1.2666103839874268,0.019484782591462135,69,3.056364591332403e-05
1241,0.9930471777915955,0.006952822208404541,1.2844891548156738,0.01972818560898304,69,3.056364591332403e-05
1242,0.9934781789779663,0.006521821022033691,1.2719587087631226,0.019176188856363297,70,2.903546361765783e-05
1243,0.9932056665420532,0.006794333457946777,1.2814722061157227,0.019541112706065178,70,2.903546361765783e-05
1244,0.99326092004776,0.00673907995223999,1.2537914514541626,0.01920960284769535,70,2.903546361765783e-05
1245,0.993532121181488,0.006467878818511963,1.2534477710723877,0.018937677145004272,70,2.903546361765783e-05
1246,0.993408203125,0.006591796875,1.2497913837432861,0.019023792818188667,70,2.903546361765783e-05
1247,0.9930088520050049,0.006991147994995117,1.264949083328247,0.0195707269012928,70,2.903546361765783e-05
1248,0.9932270050048828,0.0067729949951171875,1.2657736539840698,0.019363000988960266,70,2.903546361765783e-05
1249,0.9933925867080688,0.006607413291931152,1.2635853290557861,0.019177192822098732,70,2.903546361765783e-05
1250,0.9927108287811279,0.00728917121887207,1.2659265995025635,0.01987554505467415,70,2.903546361765783e-05
1251,0.9933028817176819,0.006697118282318115,1.2678884267807007,0.0193090308457613,70,2.903546361765783e-05
1252,0.9934862852096558,0.006513714790344238,1.250170111656189,0.01895027793943882,70,2.903546361765783e-05
1253,0.9931908845901489,0.006809115409851074,1.256109595298767,0.019302120432257652,70,2.903546361765783e-05
1254,0.993465006351471,0.006534993648529053,1.2633246183395386,0.01910289004445076,70,2.903546361765783e-05
1255,0.9931778311729431,0.006822168827056885,1.2689684629440308,0.019443631172180176,70,2.903546361765783e-05
1256,0.9931243062019348,0.0068756937980651855,1.267101526260376,0.019477952271699905,70,2.903546361765783e-05
1257,0.9934189319610596,0.00658106803894043,1.2660009860992432,0.019175266847014427,70,2.903546361765783e-05
1258,0.9936129450798035,0.006387054920196533,1.255514144897461,0.018878325819969177,70,2.903546361765783e-05
1259,0.9934117794036865,0.0065882205963134766,1.2467314004898071,0.018989652395248413,70,2.903546361765783e-05
1260,0.9934971332550049,0.006502866744995117,1.2611253261566162,0.019049091264605522,71,2.758369043677494e-05
1261,0.9935484528541565,0.006451547145843506,1.2604408264160156,0.018991440534591675,71,2.758369043677494e-05
1262,0.9931977987289429,0.006802201271057129,1.2623445987701416,0.019357625395059586,71,2.758369043677494e-05
1263,0.9935658574104309,0.006434142589569092,1.2384347915649414,0.018754148855805397,71,2.758369043677494e-05
1264,0.9932239651679993,0.006776034832000732,1.2605609893798828,0.019313883036375046,71,2.758369043677494e-05
1265,0.9933175444602966,0.006682455539703369,1.268758773803711,0.01930321753025055,71,2.758369043677494e-05
1266,0.9933956265449524,0.006604373455047607,1.2568707466125488,0.019107036292552948,71,2.758369043677494e-05
1267,0.9933483004570007,0.006651699542999268,1.2630078792572021,0.019215261563658714,71,2.758369043677494e-05
1268,0.9933598637580872,0.006640136241912842,1.2554547786712646,0.019128281623125076,71,2.758369043677494e-05
1269,0.9934203624725342,0.00657963752746582,1.2751665115356445,0.01926550641655922,71,2.758369043677494e-05
1270,0.9930372834205627,0.006962716579437256,1.2518017292022705,0.019411105662584305,71,2.758369043677494e-05
1271,0.9931946992874146,0.006805300712585449,1.2696188688278198,0.019433435052633286,71,2.758369043677494e-05
1272,0.9930408596992493,0.006959140300750732,1.28018319606781,0.019691381603479385,71,2.758369043677494e-05
1273,0.9931761026382446,0.006823897361755371,1.26114821434021,0.019367139786481857,71,2.758369043677494e-05
1274,0.9930140376091003,0.006985962390899658,1.2660101652145386,0.01957620307803154,71,2.758369043677494e-05
1275,0.9932980537414551,0.006701946258544922,1.2573537826538086,0.01920846477150917,71,2.758369043677494e-05
1276,0.9934019446372986,0.006598055362701416,1.2676160335540771,0.019208233803510666,71,2.758369043677494e-05
1277,0.9934110045433044,0.006588995456695557,1.2676454782485962,0.019199559465050697,71,2.758369043677494e-05
1278,0.9934430718421936,0.0065569281578063965,1.2638980150222778,0.019130337983369827,72,2.620450591493619e-05
1279,0.993235170841217,0.006764829158782959,1.2602977752685547,0.019300159066915512,72,2.620450591493619e-05
1280,0.993453860282898,0.006546139717102051,1.2717305421829224,0.019197983667254448,72,2.620450591493619e-05
1281,0.9932611584663391,0.006738841533660889,1.2489755153656006,0.019161207601428032,72,2.620450591493619e-05
1282,0.9931138157844543,0.006886184215545654,1.2753289937973022,0.01957061141729355,72,2.620450591493619e-05
1283,0.9929616451263428,0.0070383548736572266,1.2621231079101562,0.019589202478528023,72,2.620450591493619e-05
1284,0.993498682975769,0.006501317024230957,1.2472057342529297,0.018908360973000526,72,2.620450591493619e-05
1285,0.9934946894645691,0.006505310535430908,1.255815029144287,0.0189984068274498,72,2.620450591493619e-05
1286,0.9930844902992249,0.0069155097007751465,1.2756600379943848,0.019602954387664795,72,2.620450591493619e-05
1287,0.9931191205978394,0.0068808794021606445,1.2756258249282837,0.01956832781434059,72,2.620450591493619e-05
1288,0.9933330416679382,0.006666958332061768,1.2642313241958618,0.019242601469159126,72,2.620450591493619e-05
1289,0.9934996962547302,0.006500303745269775,1.2535229921340942,0.018970530480146408,72,2.620450591493619e-05
1290,0.993334949016571,0.006665050983428955,1.266706943511963,0.019265469163656235,72,2.620450591493619e-05
1291,0.9932823777198792,0.00671762228012085,1.2568408250808716,0.01921885460615158,72,2.620450591493619e-05
1292,0.9932563900947571,0.00674360990524292,1.2563362121582031,0.019239535555243492,72,2.620450591493619e-05
1293,0.9933538436889648,0.006646156311035156,1.265395998954773,0.01923365518450737,72,2.620450591493619e-05
1294,0.9934991002082825,0.006500899791717529,1.2522335052490234,0.01895822584629059,72,2.620450591493619e-05
1295,0.9930459856987,0.006954014301300049,1.2761133909225464,0.019645608961582184,72,2.620450591493619e-05
1296,0.9934247732162476,0.006575226783752441,1.2506508827209473,0.019015982747077942,73,2.489428061918938e-05
1297,0.9932639002799988,0.006736099720001221,1.2666655778884888,0.019335394725203514,73,2.489428061918938e-05
1298,0.993362307548523,0.006637692451477051,1.2771837711334229,0.01934315264225006,73,2.489428061918938e-05
1299,0.9933902621269226,0.006609737873077393,1.2535649538040161,0.019079290330410004,73,2.489428061918938e-05
1300,0.9934961795806885,0.0065038204193115234,1.2590473890304565,0.01902925595641136,73,2.489428061918938e-05
1301,0.9933708310127258,0.00662916898727417,1.2678864002227783,0.01924174092710018,73,2.489428061918938e-05
1302,0.9932582378387451,0.006741762161254883,1.267296314239502,0.019347306340932846,73,2.489428061918938e-05
1303,0.9933525919914246,0.0066474080085754395,1.2524296045303345,0.019105229526758194,73,2.489428061918938e-05
1304,0.9929055571556091,0.007094442844390869,1.2672779560089111,0.019696276634931564,73,2.489428061918938e-05
1305,0.9933735132217407,0.006626486778259277,1.2584999799728394,0.019145220518112183,73,2.489428061918938e-05
1306,0.9932631850242615,0.006736814975738525,1.2690306901931763,0.019359752535820007,73,2.489428061918938e-05
1307,0.9934495687484741,0.006550431251525879,1.253713607788086,0.019022062420845032,73,2.489428061918938e-05
1308,0.99365234375,0.00634765625,1.2435015439987183,0.01871919445693493,73,2.489428061918938e-05
1309,0.9931255578994751,0.006874442100524902,1.2691596746444702,0.01949729397892952,73,2.489428061918938e-05
1310,0.9933694005012512,0.006630599498748779,1.2623733282089233,0.01918802596628666,73,2.489428061918938e-05
1311,0.9931093454360962,0.006890654563903809,1.2720849514007568,0.019542597234249115,73,2.489428061918938e-05
1312,0.9933639764785767,0.00663602352142334,1.2673784494400024,0.019243447110056877,73,2.489428061918938e-05
1313,0.992232620716095,0.007767379283905029,1.2558149099349976,0.02024785429239273,73,2.489428061918938e-05
1314,0.9933580160140991,0.006641983985900879,1.2639713287353516,0.019215276464819908,74,2.364956658822991e-05
1315,0.9933788180351257,0.006621181964874268,1.27876615524292,0.019342631101608276,74,2.364956658822991e-05
1316,0.9934641718864441,0.006535828113555908,1.2665822505950928,0.01913629099726677,74,2.364956658822991e-05
1317,0.9934655427932739,0.006534457206726074,1.25083327293396,0.018977444618940353,74,2.364956658822991e-05
1318,0.9932637810707092,0.0067362189292907715,1.2596694231033325,0.0192655511200428,74,2.364956658822991e-05
1319,0.9931681752204895,0.006831824779510498,1.2481462955474854,0.0192449688911438,74,2.364956658822991e-05
1320,0.9934136271476746,0.0065863728523254395,1.252457618713379,0.019045084714889526,74,2.364956658822991e-05
1321,0.9930185675621033,0.0069814324378967285,1.2626001834869385,0.01953762024641037,74,2.364956658822991e-05
1322,0.9933537840843201,0.006646215915679932,1.2599917650222778,0.01917967200279236,74,2.364956658822991e-05
1323,0.9931856989860535,0.006814301013946533,1.2652084827423096,0.019398242235183716,74,2.364956658822991e-05
1324,0.9935385584831238,0.006461441516876221,1.2674367427825928,0.019071195274591446,74,2.364956658822991e-05
1325,0.9930931925773621,0.0069068074226379395,1.2702901363372803,0.019540641456842422,74,2.364956658822991e-05
1326,0.9932219982147217,0.00677800178527832,1.2657978534698486,0.01936820149421692,74,2.364956658822991e-05
1327,0.9938651919364929,0.00613480806350708,1.2433847188949585,0.018507305532693863,74,2.364956658822991e-05
1328,0.9930474162101746,0.0069525837898254395,1.2737637758255005,0.01962069608271122,74,2.364956658822991e-05
1329,0.9933725595474243,0.006627440452575684,1.262624979019165,0.01918741501867771,74,2.364956658822991e-05
1330,0.9930763840675354,0.0069236159324646,1.2612394094467163,0.01946677453815937,74,2.364956658822991e-05
1331,0.993135929107666,0.006864070892333984,1.262854814529419,0.01942397840321064,74,2.364956658822991e-05
1332,0.9931049942970276,0.006895005702972412,1.2649409770965576,0.019475465640425682,75,2.2467088258818413e-05
1333,0.9934231638908386,0.006576836109161377,1.2659351825714111,0.01917041838169098,75,2.2467088258818413e-05
1334,0.9934301376342773,0.006569862365722656,1.2646926641464233,0.01915108971297741,75,2.2467088258818413e-05
1335,0.9928863048553467,0.00711369514465332,1.2702436447143555,0.0197449941188097,75,2.2467088258818413e-05
1336,0.9934501647949219,0.006549835205078125,1.25735604763031,0.019057895988225937,75,2.2467088258818413e-05
1337,0.9930182695388794,0.0069817304611206055,1.275760531425476,0.019669517874717712,75,2.2467088258818413e-05
1338,0.9932594299316406,0.006740570068359375,1.2475181818008423,0.019148346036672592,75,2.2467088258818413e-05
1339,0.9931631684303284,0.006836831569671631,1.270752191543579,0.019475985318422318,75,2.2467088258818413e-05
1340,0.9932312369346619,0.006768763065338135,1.263121247291565,0.019332287833094597,75,2.2467088258818413e-05
1341,0.9935340881347656,0.006465911865234375,1.2493396997451782,0.018894650042057037,75,2.2467088258818413e-05
1342,0.9932816624641418,0.006718337535858154,1.256234884262085,0.01921350322663784,75,2.2467088258818413e-05
1343,0.9932669401168823,0.006733059883117676,1.2746872901916504,0.019412601366639137,75,2.2467088258818413e-05
1344,0.9936443567276001,0.006355643272399902,1.2623974084854126,0.018916061148047447,75,2.2467088258818413e-05
1345,0.9935327172279358,0.006467282772064209,1.2514472007751465,0.018917081877589226,75,2.2467088258818413e-05
1346,0.9934170842170715,0.006582915782928467,1.2556517124176025,0.0190736036747694,75,2.2467088258818413e-05
1347,0.993148148059845,0.006851851940155029,1.280148983001709,0.01958482339978218,75,2.2467088258818413e-05
1348,0.9935141205787659,0.006485879421234131,1.2410907745361328,0.018831927329301834,75,2.2467088258818413e-05
1349,0.9932348728179932,0.006765127182006836,1.2632313966751099,0.019329790025949478,75,2.2467088258818413e-05
1350,0.9933186769485474,0.006681323051452637,1.263925313949585,0.019253762438893318,76,2.134373384587749e-05
1351,0.9935599565505981,0.0064400434494018555,1.2634083032608032,0.019009726122021675,76,2.134373384587749e-05
1352,0.9933583736419678,0.0066416263580322266,1.2564209699630737,0.019139420241117477,76,2.134373384587749e-05
1353,0.993338406085968,0.006661593914031982,1.2728651762008667,0.019323628395795822,76,2.134373384587749e-05
1354,0.9932164549827576,0.006783545017242432,1.2618731260299683,0.019334441050887108,76,2.134373384587749e-05
1355,0.9930949211120605,0.006905078887939453,1.2710415124893188,0.019546443596482277,76,2.134373384587749e-05
1356,0.9933270215988159,0.006672978401184082,1.2678991556167603,0.019285239279270172,76,2.134373384587749e-05
1357,0.9936004281044006,0.006399571895599365,1.24704909324646,0.01880606636404991,76,2.134373384587749e-05
1358,0.9931012988090515,0.006898701190948486,1.2572734355926514,0.01940244808793068,76,2.134373384587749e-05
1359,0.9931023120880127,0.006897687911987305,1.2820559740066528,0.019649270921945572,76,2.134373384587749e-05
1360,0.9932979941368103,0.006702005863189697,1.2477574348449707,0.019112560898065567,76,2.134373384587749e-05
1361,0.9933617115020752,0.006638288497924805,1.2548354864120483,0.019120261073112488,76,2.134373384587749e-05
1362,0.9933978915214539,0.006602108478546143,1.269600749015808,0.019232094287872314,76,2.134373384587749e-05
1363,0.9934439063072205,0.006556093692779541,1.2485368251800537,0.01897590048611164,76,2.134373384587749e-05
1364,0.9934134483337402,0.006586551666259766,1.266082763671875,0.019181514158844948,76,2.134373384587749e-05
1365,0.9929921627044678,0.0070078372955322266,1.2689793109893799,0.01962755247950554,76,2.134373384587749e-05
1366,0.9933631420135498,0.006636857986450195,1.2546483278274536,0.019116973504424095,76,2.134373384587749e-05
1367,0.9935207366943359,0.0064792633056640625,1.2425328493118286,0.018839798867702484,76,2.134373384587749e-05
1368,0.9934713244438171,0.006528675556182861,1.2580840587615967,0.01904422789812088,77,2.0276547153583614e-05
1369,0.993409276008606,0.006590723991394043,1.2619117498397827,0.019143933430314064,77,2.0276547153583614e-05
1370,0.9935711622238159,0.006428837776184082,1.2533327341079712,0.018897876143455505,77,2.0276547153583614e-05
1371,0.9929790496826172,0.0070209503173828125,1.2813353538513184,0.019764093682169914,77,2.0276547153583614e-05
1372,0.9932595491409302,0.006740450859069824,1.266705870628357,0.01934010535478592,77,2.0276547153583614e-05
1373,0.9935672283172607,0.006432771682739258,1.2459993362426758,0.018828436732292175,77,2.0276547153583614e-05
1374,0.9933874607086182,0.006612539291381836,1.2651619911193848,0.019198033958673477,77,2.0276547153583614e-05
1375,0.9933009743690491,0.006699025630950928,1.2520331144332886,0.019152365624904633,77,2.0276547153583614e-05
1376,0.9933165907859802,0.006683409214019775,1.2684354782104492,0.019300930202007294,77,2.0276547153583614e-05
1377,0.9933066368103027,0.006693363189697266,1.2658238410949707,0.019284667447209358,77,2.0276547153583614e-05
1378,0.9933127760887146,0.0066872239112854,1.2629181146621704,0.019249532371759415,77,2.0276547153583614e-05
1379,0.9931950569152832,0.006804943084716797,1.254690170288086,0.019283795729279518,77,2.0276547153583614e-05
1380,0.9935851693153381,0.006414830684661865,1.2520625591278076,0.018871307373046875,77,2.0276547153583614e-05
1381,0.9933115839958191,0.006688416004180908,1.2747677564620972,0.019369209185242653,77,2.0276547153583614e-05
1382,0.9931573271751404,0.006842672824859619,1.262021780014038,0.019394462928175926,77,2.0276547153583614e-05
1383,0.9932102560997009,0.006789743900299072,1.2674423456192017,0.01939626969397068,77,2.0276547153583614e-05
1384,0.9930102229118347,0.006989777088165283,1.258083701133728,0.019500717520713806,77,2.0276547153583614e-05
1385,0.99318528175354,0.006814718246459961,1.2629810571670532,0.01937638223171234,77,2.0276547153583614e-05
1386,0.993715763092041,0.006284236907958984,1.2533016204833984,0.01875440962612629,78,1.9262719795904432e-05
1387,0.9929444789886475,0.007055521011352539,1.2560086250305176,0.0195450522005558,78,1.9262719795904432e-05
1388,0.9932307600975037,0.006769239902496338,1.26544189453125,0.01935596764087677,78,1.9262719795904432e-05
1389,0.9934808611869812,0.006519138813018799,1.2536529302597046,0.018990477547049522,78,1.9262719795904432e-05
1390,0.9933551549911499,0.006644845008850098,1.2554621696472168,0.01913301832973957,78,1.9262719795904432e-05
1391,0.9932342171669006,0.006765782833099365,1.2625927925109863,0.019324053078889847,78,1.9262719795904432e-05
1392,0.9932491779327393,0.006750822067260742,1.2678167819976807,0.019361481070518494,78,1.9262719795904432e-05
1393,0.9929847717285156,0.007015228271484375,1.2584035396575928,0.019529111683368683,78,1.9262719795904432e-05
1394,0.9934700727462769,0.0065299272537231445,1.2691428661346436,0.01915605552494526,78,1.9262719795904432e-05
1395,0.9932588338851929,0.006741166114807129,1.2612513303756714,0.019286267459392548,78,1.9262719795904432e-05
1396,0.9935079216957092,0.0064920783042907715,1.2586485147476196,0.019013643264770508,78,1.9262719795904432e-05
1397,0.9932946562767029,0.006705343723297119,1.257583498954773,0.019214125350117683,78,1.9262719795904432e-05
1398,0.9932368397712708,0.006763160228729248,1.2733508348464966,0.019429035484790802,78,1.9262719795904432e-05
1399,0.993289053440094,0.006710946559906006,1.268836498260498,0.019332202151417732,78,1.9262719795904432e-05
1400,0.9934350252151489,0.006564974784851074,1.265036702156067,0.019149690866470337,78,1.9262719795904432e-05
1401,0.9932323098182678,0.006767690181732178,1.2622380256652832,0.019322393462061882,78,1.9262719795904432e-05
1402,0.9934520125389099,0.006547987461090088,1.2593504190444946,0.019076012074947357,78,1.9262719795904432e-05
1403,0.9933179020881653,0.006682097911834717,1.2698700428009033,0.019313976168632507,78,1.9262719795904432e-05
1404,0.9933735132217407,0.006626486778259277,1.2658886909484863,0.019219107925891876,79,1.829958380610921e-05
1405,0.9933566451072693,0.006643354892730713,1.2600634098052979,0.019177556037902832,79,1.829958380610921e-05
1406,0.9933803081512451,0.006619691848754883,1.2724730968475342,0.019278226420283318,79,1.829958380610921e-05
1407,0.9934490323066711,0.006550967693328857,1.2521554231643677,0.019007012248039246,79,1.829958380610921e-05
1408,0.9932440519332886,0.006755948066711426,1.2804027795791626,0.019492415711283684,79,1.829958380610921e-05
1409,0.9930707812309265,0.006929218769073486,1.2605547904968262,0.019465474411845207,79,1.829958380610921e-05
1410,0.9933782815933228,0.006621718406677246,1.272780179977417,0.019283302128314972,79,1.829958380610921e-05
1411,0.9931578636169434,0.006842136383056641,1.2571924924850464,0.019345639273524284,79,1.829958380610921e-05
1412,0.9935385584831238,0.006461441516876221,1.2429389953613281,0.018826216459274292,79,1.829958380610921e-05
1413,0.9931502342224121,0.006849765777587891,1.2680909633636475,0.01946217752993107,79,1.829958380610921e-05
1414,0.9932372570037842,0.00676274299621582,1.2585139274597168,0.01928025484085083,79,1.829958380610921e-05
1415,0.9933216571807861,0.006678342819213867,1.2536953687667847,0.019148513674736023,79,1.829958380610921e-05
1416,0.9930442571640015,0.006955742835998535,1.2679632902145386,0.019565818831324577,79,1.829958380610921e-05
1417,0.9934711456298828,0.0065288543701171875,1.248732566833496,0.018950890749692917,79,1.829958380610921e-05
1418,0.9935801029205322,0.0064198970794677734,1.262028694152832,0.018975984305143356,79,1.829958380610921e-05
1419,0.9935146570205688,0.006485342979431152,1.2506393194198608,0.01892688125371933,79,1.829958380610921e-05
1420,0.9931719899177551,0.006828010082244873,1.2738945484161377,0.01949867606163025,79,1.829958380610921e-05
1421,0.993202805519104,0.006797194480895996,1.2631887197494507,0.019361108541488647,79,1.829958380610921e-05
1422,0.993530809879303,0.0064691901206970215,1.2595932483673096,0.019000429660081863,80,1.738460461580375e-05
1423,0.9931324124336243,0.006867587566375732,1.2657662630081177,0.019456572830677032,80,1.738460461580375e-05
1424,0.9934030771255493,0.006596922874450684,1.2521966695785522,0.019052919000387192,80,1.738460461580375e-05
1425,0.993098258972168,0.006901741027832031,1.2649450302124023,0.019482173025608063,80,1.738460461580375e-05
1426,0.993220865726471,0.006779134273529053,1.273261308670044,0.019443955272436142,80,1.738460461580375e-05
1427,0.9933414459228516,0.0066585540771484375,1.254127860069275,0.019133247435092926,80,1.738460461580375e-05
1428,0.9935696721076965,0.006430327892303467,1.2569169998168945,0.018935194239020348,80,1.738460461580375e-05
1429,0.9934106469154358,0.006589353084564209,1.2522468566894531,0.019045928493142128,80,1.738460461580375e-05
1430,0.9933699369430542,0.006630063056945801,1.2706685066223145,0.01927044801414013,80,1.738460461580375e-05
1431,0.9929602742195129,0.0070397257804870605,1.274778127670288,0.019717110320925713,80,1.738460461580375e-05
1432,0.9928906559944153,0.007109344005584717,1.2627601623535156,0.019665852189064026,80,1.738460461580375e-05
1433,0.9933766722679138,0.006623327732086182,1.264464259147644,0.01920173689723015,80,1.738460461580375e-05
1434,0.9932565689086914,0.006743431091308594,1.2620205879211426,0.019296202808618546,80,1.738460461580375e-05
1435,0.9932842254638672,0.0067157745361328125,1.2680684328079224,0.01932930201292038,80,1.738460461580375e-05
1436,0.993434727191925,0.006565272808074951,1.255296230316162,0.01905258186161518,80,1.738460461580375e-05
1437,0.9935740828514099,0.006425917148590088,1.259108543395996,0.0189527440816164,80,1.738460461580375e-05
1438,0.9937434792518616,0.006256520748138428,1.242358922958374,0.018617544323205948,80,1.738460461580375e-05
1439,0.9927312731742859,0.007268726825714111,1.2887035608291626,0.020083075389266014,80,1.738460461580375e-05
1440,0.9931883215904236,0.006811678409576416,1.2545068264007568,0.019288629293441772,81,1.6515374385013564e-05
1441,0.9934149980545044,0.0065850019454956055,1.2536156177520752,0.019055306911468506,81,1.6515374385013564e-05
1442,0.993306040763855,0.0066939592361450195,1.2570706605911255,0.019197724759578705,81,1.6515374385013564e-05
1443,0.9930064082145691,0.006993591785430908,1.2671620845794678,0.019595276564359665,81,1.6515374385013564e-05
1444,0.9932965636253357,0.006703436374664307,1.2657604217529297,0.019294006749987602,81,1.6515374385013564e-05
1445,0.9928340315818787,0.007165968418121338,1.2720367908477783,0.01981467753648758,81,1.6515374385013564e-05
1446,0.9934667944908142,0.006533205509185791,1.255325436592102,0.019021127372980118,81,1.6515374385013564e-05
1447,0.9935144782066345,0.0064855217933654785,1.260349154472351,0.019024157896637917,81,1.6515374385013564e-05
1448,0.9932383298873901,0.006761670112609863,1.2778363227844238,0.01947241649031639,81,1.6515374385013564e-05
1449,0.9933404922485352,0.006659507751464844,1.2563016414642334,0.01915592886507511,81,1.6515374385013564e-05
1450,0.9933019876480103,0.006698012351989746,1.2677794694900513,0.019308825954794884,81,1.6515374385013564e-05
1451,0.9935435652732849,0.006456434726715088,1.2658535242080688,0.01905040442943573,81,1.6515374385013564e-05
1452,0.9934024214744568,0.006597578525543213,1.2553833723068237,0.019085437059402466,81,1.6515374385013564e-05
1453,0.9933976531028748,0.006602346897125244,1.2675124406814575,0.01921144872903824,81,1.6515374385013564e-05
1454,0.9935435652732849,0.006456434726715088,1.2491673231124878,0.018883543089032173,81,1.6515374385013564e-05
1455,0.9933520555496216,0.006647944450378418,1.266319751739502,0.019244661554694176,81,1.6515374385013564e-05
1456,0.9933211803436279,0.00667881965637207,1.260340690612793,0.01921543851494789,81,1.6515374385013564e-05
1457,0.9932323694229126,0.006767630577087402,1.2338106632232666,0.019038060680031776,81,1.6515374385013564e-05
1458,0.9934183955192566,0.006581604480743408,1.2678892612457275,0.01919468119740486,82,1.5689605665762886e-05
1459,0.9931319952011108,0.00686800479888916,1.2753363847732544,0.01955268904566765,82,1.5689605665762886e-05
1460,0.9929345846176147,0.007065415382385254,1.2662420272827148,0.019657181575894356,82,1.5689605665762886e-05
1461,0.9933887720108032,0.006611227989196777,1.2594919204711914,0.019140034914016724,82,1.5689605665762886e-05
1462,0.9930787682533264,0.006921231746673584,1.2669079303741455,0.01952109858393669,82,1.5689605665762886e-05
1463,0.9929344058036804,0.00706559419631958,1.2767717838287354,0.019762655720114708,82,1.5689605665762886e-05
1464,0.9935781359672546,0.006421864032745361,1.2454266548156738,0.018811911344528198,82,1.5689605665762886e-05
1465,0.9934824705123901,0.006517529487609863,1.2625423669815063,0.019077777862548828,82,1.5689605665762886e-05
1466,0.9936098456382751,0.0063901543617248535,1.2536746263504028,0.018862998113036156,82,1.5689605665762886e-05
1467,0.9931238889694214,0.006876111030578613,1.2708518505096436,0.01951586827635765,82,1.5689605665762886e-05
1468,0.9934401512145996,0.006559848785400391,1.2591392993927002,0.01908564195036888,82,1.5689605665762886e-05
1469,0.9932451844215393,0.006754815578460693,1.268904685974121,0.01937631517648697,82,1.5689605665762886e-05
1470,0.9933844208717346,0.006615579128265381,1.2415024042129517,0.01896444708108902,82,1.5689605665762886e-05
1471,0.9934859275817871,0.006514072418212891,1.2526460886001587,0.0189753919839859,82,1.5689605665762886e-05
1472,0.9933506846427917,0.006649315357208252,1.280414342880249,0.01938696578145027,82,1.5689605665762886e-05
1473,0.9935537576675415,0.006446242332458496,1.2467646598815918,0.01884942501783371,82,1.5689605665762886e-05
1474,0.9933130145072937,0.006686985492706299,1.2512133121490479,0.019132249057292938,82,1.5689605665762886e-05
1475,0.9935492873191833,0.00645071268081665,1.2546570301055908,0.018932774662971497,82,1.5689605665762886e-05
1476,0.9934504628181458,0.006549537181854248,1.2565513849258423,0.01904955506324768,83,1.490512538247474e-05
1477,0.9932312965393066,0.006768703460693359,1.2621846199035645,0.019322862848639488,83,1.490512538247474e-05
1478,0.9935202598571777,0.006479740142822266,1.2623299360275269,0.019038241356611252,83,1.490512538247474e-05
1479,0.9934910535812378,0.006508946418762207,1.2482391595840454,0.01892624795436859,83,1.490512538247474e-05
1480,0.9934335350990295,0.006566464900970459,1.2583222389221191,0.01908402144908905,83,1.490512538247474e-05
1481,0.993060827255249,0.0069391727447509766,1.2787787914276123,0.019657569006085396,83,1.490512538247474e-05
1482,0.9936670064926147,0.006332993507385254,1.2543790340423584,0.01881345361471176,83,1.490512538247474e-05
1483,0.9932947754859924,0.006705224514007568,1.264320731163025,0.019281379878520966,83,1.490512538247474e-05
1484,0.9932144284248352,0.006785571575164795,1.2608078718185425,0.019325794652104378,83,1.490512538247474e-05
1485,0.9934813976287842,0.00651860237121582,1.2553852796554565,0.01900726929306984,83,1.490512538247474e-05
1486,0.993274986743927,0.006725013256072998,1.2697546482086182,0.019355308264493942,83,1.490512538247474e-05
1487,0.993280827999115,0.00671917200088501,1.2679964303970337,0.01933194510638714,83,1.490512538247474e-05
1488,0.9933373928070068,0.006662607192993164,1.2589592933654785,0.019185572862625122,83,1.490512538247474e-05
1489,0.9931451082229614,0.006854891777038574,1.2661470174789429,0.0194478128105402,83,1.490512538247474e-05
1490,0.9927829504013062,0.007217049598693848,1.2719800472259521,0.019864678382873535,83,1.490512538247474e-05
1491,0.9935377240180969,0.006462275981903076,1.2394686937332153,0.01879233866930008,83,1.490512538247474e-05
1492,0.9931249618530273,0.006875038146972656,1.2767610549926758,0.019573897123336792,83,1.490512538247474e-05
1493,0.9938352108001709,0.0061647891998291016,1.2427841424942017,0.018530983477830887,83,1.490512538247474e-05
1494,0.9934248328208923,0.006575167179107666,1.2474461793899536,0.018983876332640648,84,1.4159869113351003e-05
1495,0.9937340617179871,0.0062659382820129395,1.2618136405944824,0.018821414560079575,84,1.4159869113351003e-05
1496,0.9932581782341003,0.006741821765899658,1.2680004835128784,0.019354408606886864,84,1.4159869113351003e-05
1497,0.9933783411979675,0.006621658802032471,1.2444689273834229,0.019000131636857986,84,1.4159869113351003e-05
1498,0.9934799075126648,0.006520092487335205,1.2521145343780518,0.018976036459207535,84,1.4159869113351003e-05
1499,0.9932770133018494,0.006722986698150635,1.2581820487976074,0.01923757791519165,84,1.4159869113351003e-05
1500,0.9930470585823059,0.006952941417694092,1.277223825454712,0.019655650481581688,84,1.4159869113351003e-05
1501,0.9934355020523071,0.006564497947692871,1.2538291215896606,0.019037144258618355,84,1.4159869113351003e-05
1502,0.9932896494865417,0.006710350513458252,1.2643526792526245,0.01928677409887314,84,1.4159869113351003e-05
1503,0.9934328198432922,0.006567180156707764,1.271383285522461,0.01921534165740013,84,1.4159869113351003e-05
1504,0.9934030771255493,0.006596922874450684,1.2562506198883057,0.019093459472060204,84,1.4159869113351003e-05
1505,0.99313884973526,0.00686115026473999,1.2703781127929688,0.019496319815516472,84,1.4159869113351003e-05
1506,0.9933456182479858,0.00665438175201416,1.2471636533737183,0.019059473648667336,84,1.4159869113351003e-05
1507,0.9935570955276489,0.006442904472351074,1.2573914527893066,0.018952390179038048,84,1.4159869113351003e-05
1508,0.992751955986023,0.007248044013977051,1.2630765438079834,0.019806329160928726,84,1.4159869113351003e-05
1509,0.9932703375816345,0.0067296624183654785,1.2770370244979858,0.019432734698057175,84,1.4159869113351003e-05
1510,0.9933518171310425,0.0066481828689575195,1.269601821899414,0.019277717918157578,84,1.4159869113351003e-05
1511,0.9931137561798096,0.00688624382019043,1.2691466808319092,0.0195088479667902,84,1.4159869113351003e-05
1512,0.993342399597168,0.006657600402832031,1.2455321550369263,0.019046345725655556,85,1.3451875657683452e-05
1513,0.993523895740509,0.006476104259490967,1.2441120147705078,0.018852462992072105,85,1.3451875657683452e-05
1514,0.9931351542472839,0.0068648457527160645,1.2720447778701782,0.01951664499938488,85,1.3451875657683452e-05
1515,0.9931139945983887,0.006886005401611328,1.2610845565795898,0.019427990540862083,85,1.3451875657683452e-05
1516,0.9933134913444519,0.006686508655548096,1.2591793537139893,0.019211437553167343,85,1.3451875657683452e-05
1517,0.9933335185050964,0.0066664814949035645,1.248464822769165,0.019084464758634567,85,1.3451875657683452e-05
1518,0.9929969310760498,0.007003068923950195,1.2839504480361938,0.019772542640566826,85,1.3451875657683452e-05
1519,0.9935057759284973,0.0064942240715026855,1.2470594644546509,0.01889987662434578,85,1.3451875657683452e-05
1520,0.9933536052703857,0.006646394729614258,1.261261224746704,0.019192542880773544,85,1.3451875657683452e-05
1521,0.9930166006088257,0.006983399391174316,1.27224862575531,0.01963605172932148,85,1.3451875657683452e-05
1522,0.9933339357376099,0.006666064262390137,1.2633092403411865,0.0192324947565794,85,1.3451875657683452e-05
1523,0.9933051466941833,0.00669485330581665,1.2682223320007324,0.019310127943754196,85,1.3451875657683452e-05
1524,0.9934351444244385,0.0065648555755615234,1.2730040550231934,0.01922924816608429,85,1.3451875657683452e-05
1525,0.9935307502746582,0.006469249725341797,1.2653406858444214,0.01905796304345131,85,1.3451875657683452e-05
1526,0.9934378862380981,0.0065621137619018555,1.2557272911071777,0.019053764641284943,85,1.3451875657683452e-05
1527,0.9934305548667908,0.0065694451332092285,1.2582058906555176,0.019085809588432312,85,1.3451875657683452e-05
1528,0.9935126900672913,0.00648730993270874,1.2606427669525146,0.019028864800930023,85,1.3451875657683452e-05
1529,0.9931778311729431,0.006822168827056885,1.2687519788742065,0.01944146677851677,85,1.3451875657683452e-05
1530,0.9935839176177979,0.0064160823822021484,1.2509140968322754,0.018861062824726105,86,1.277928187479928e-05
1531,0.9931223392486572,0.0068776607513427734,1.2754346132278442,0.019563231617212296,86,1.277928187479928e-05
1532,0.9933648109436035,0.006635189056396484,1.2576470375061035,0.019145308062434196,86,1.277928187479928e-05
1533,0.9932538866996765,0.006746113300323486,1.273037075996399,0.019409023225307465,86,1.277928187479928e-05
1534,0.9933186769485474,0.006681323051452637,1.2499676942825317,0.019114186987280846,86,1.277928187479928e-05
1535,0.9930304884910583,0.00696951150894165,1.2695658206939697,0.019595474004745483,86,1.277928187479928e-05
1536,0.9932891726493835,0.006710827350616455,1.2617212533950806,0.019260931760072708,86,1.277928187479928e-05
1537,0.993496835231781,0.006503164768218994,1.2581768035888672,0.019019901752471924,86,1.277928187479928e-05
1538,0.9930693507194519,0.006930649280548096,1.2572895288467407,0.019434237852692604,86,1.277928187479928e-05
1539,0.9932937622070312,0.00670623779296875,1.2525787353515625,0.01916496269404888,86,1.277928187479928e-05
1540,0.9934340119361877,0.006565988063812256,1.2673653364181519,0.019173981621861458,86,1.277928187479928e-05
1541,0.9933211803436279,0.00667881965637207,1.2534042596817017,0.01914607360959053,86,1.277928187479928e-05
1542,0.9933770298957825,0.006622970104217529,1.2563985586166382,0.019120724871754646,86,1.277928187479928e-05
1543,0.993371307849884,0.006628692150115967,1.2750219106674194,0.019312623888254166,86,1.277928187479928e-05
1544,0.9934720396995544,0.006527960300445557,1.26505708694458,0.01911325193941593,86,1.277928187479928e-05
1545,0.9934508204460144,0.006549179553985596,1.2569217681884766,0.019052904099225998,86,1.277928187479928e-05
1546,0.9934335947036743,0.006566405296325684,1.2547719478607178,0.019048459827899933,86,1.277928187479928e-05
1547,0.9930732250213623,0.006926774978637695,1.2774829864501953,0.019632337614893913,86,1.277928187479928e-05
1548,0.9933910369873047,0.0066089630126953125,1.2559866905212402,0.01910274103283882,87,1.2140317781059316e-05
1549,0.9932236671447754,0.006776332855224609,1.2584495544433594,0.01929306425154209,87,1.2140317781059316e-05
1550,0.9931522011756897,0.006847798824310303,1.2570871114730835,0.019350191578269005,87,1.2140317781059316e-05
1551,0.9931963682174683,0.006803631782531738,1.2717090845108032,0.019452685490250587,87,1.2140317781059316e-05
1552,0.9933924674987793,0.006607532501220703,1.2636350393295288,0.019177807494997978,87,1.2140317781059316e-05
1553,0.9933238625526428,0.006676137447357178,1.2641865015029907,0.01925124041736126,87,1.2140317781059316e-05
1554,0.993326723575592,0.006673276424407959,1.2603068351745605,0.019209612160921097,87,1.2140317781059316e-05
1555,0.9932032227516174,0.006796777248382568,1.2595032453536987,0.019323840737342834,87,1.2140317781059316e-05
1556,0.9933738112449646,0.0066261887550354,1.2563692331314087,0.01912361942231655,87,1.2140317781059316e-05
1557,0.9933027625083923,0.006697237491607666,1.2515417337417603,0.019145682454109192,87,1.2140317781059316e-05
1558,0.9931545257568359,0.0068454742431640625,1.262852668762207,0.01940554566681385,87,1.2140317781059316e-05
1559,0.9934776425361633,0.00652235746383667,1.2585744857788086,0.019042879343032837,87,1.2140317781059316e-05
1560,0.9934356212615967,0.00656437873840332,1.2635213136672974,0.019133947789669037,87,1.2140317781059316e-05
1561,0.9934095740318298,0.006590425968170166,1.2661436796188354,0.019185958430171013,87,1.2140317781059316e-05
1562,0.9933848977088928,0.006615102291107178,1.2682193517684937,0.019231144338846207,87,1.2140317781059316e-05
1563,0.9932408332824707,0.006759166717529297,1.2620912790298462,0.019312487915158272,87,1.2140317781059316e-05
1564,0.9936381578445435,0.006361842155456543,1.2638194561004639,0.018936417996883392,87,1.2140317781059316e-05
1565,0.9933773279190063,0.006622672080993652,1.25152587890625,0.019071703776717186,87,1.2140317781059316e-05
1566,0.9929537177085876,0.0070462822914123535,1.2704603672027588,0.01968042179942131,88,1.153330189200635e-05
1567,0.9933600425720215,0.006639957427978516,1.2636743783950806,0.019210301339626312,88,1.153330189200635e-05
1568,0.9933387041091919,0.0066612958908081055,1.2663698196411133,0.01925837993621826,88,1.153330189200635e-05
1569,0.9933785200119019,0.0066214799880981445,1.2542363405227661,0.019097628071904182,88,1.153330189200635e-05
1570,0.9936560392379761,0.006343960762023926,1.2409629821777344,0.01869015023112297,88,1.153330189200635e-05
1571,0.9931264519691467,0.0068735480308532715,1.2542948722839355,0.01934776082634926,88,1.153330189200635e-05
1572,0.9933404922485352,0.006659507751464844,1.2654958963394165,0.0192478708922863,88,1.153330189200635e-05
1573,0.9932836890220642,0.006716310977935791,1.2700427770614624,0.01934957504272461,88,1.153330189200635e-05
1574,0.9932882785797119,0.006711721420288086,1.2621537446975708,0.019266141578555107,88,1.153330189200635e-05
1575,0.9935239553451538,0.006476044654846191,1.248550295829773,0.018896786496043205,88,1.153330189200635e-05
1576,0.9934607148170471,0.006539285182952881,1.2591304779052734,0.019065197557210922,88,1.153330189200635e-05
1577,0.9933095574378967,0.0066904425621032715,1.2570396661758423,0.01919393427670002,88,1.153330189200635e-05
1578,0.993506908416748,0.006493091583251953,1.2507222890853882,0.01893538236618042,88,1.153330189200635e-05
1579,0.9933565258979797,0.006643474102020264,1.2611784934997559,0.01918882504105568,88,1.153330189200635e-05
1580,0.9933292269706726,0.006670773029327393,1.2843559980392456,0.019447624683380127,88,1.153330189200635e-05
1581,0.9931440949440002,0.006855905055999756,1.2661900520324707,0.019449247047305107,88,1.153330189200635e-05
1582,0.9934154152870178,0.006584584712982178,1.2649972438812256,0.019168710336089134,88,1.153330189200635e-05
1583,0.9928198456764221,0.007180154323577881,1.268469214439392,0.01979304477572441,88,1.153330189200635e-05
1584,0.9934594631195068,0.006540536880493164,1.2549958229064941,0.019025089219212532,89,1.0956636797406032e-05
1585,0.9933294057846069,0.006670594215393066,1.2667683362960815,0.019271571189165115,89,1.0956636797406032e-05
1586,0.9933935403823853,0.006606459617614746,1.2560378313064575,0.019100772216916084,89,1.0956636797406032e-05
1587,0.9933156371116638,0.006684362888336182,1.2691078186035156,0.01930859684944153,89,1.0956636797406032e-05
1588,0.9932787418365479,0.0067212581634521484,1.2553551197052002,0.01920759677886963,89,1.0956636797406032e-05
1589,0.9930797815322876,0.006920218467712402,1.252396821975708,0.019374985247850418,89,1.0956636797406032e-05
1590,0.9931893348693848,0.006810665130615234,1.263547658920288,0.01937803439795971,89,1.0956636797406032e-05
1591,0.9935065507888794,0.0064934492111206055,1.2550586462020874,0.01897910051047802,89,1.0956636797406032e-05
1592,0.9933691024780273,0.006630897521972656,1.2588645219802856,0.019153233617544174,89,1.0956636797406032e-05
1593,0.9934399724006653,0.006560027599334717,1.2645142078399658,0.019139569252729416,89,1.0956636797406032e-05
1594,0.9934995174407959,0.0065004825592041016,1.2533842325210571,0.018969319760799408,89,1.0956636797406032e-05
1595,0.9932932257652283,0.0067067742347717285,1.2648656368255615,0.019288362935185432,89,1.0956636797406032e-05
1596,0.9928999543190002,0.007100045680999756,1.2775243520736694,0.01980428770184517,89,1.0956636797406032e-05
1597,0.9936071634292603,0.006392836570739746,1.2551931142807007,0.01888083852827549,89,1.0956636797406032e-05
1598,0.993337869644165,0.006662130355834961,1.2599648237228394,0.019195158034563065,89,1.0956636797406032e-05
1599,0.9935387969017029,0.006461203098297119,1.2658129930496216,0.019054720178246498,89,1.0956636797406032e-05
1600,0.9931817650794983,0.006818234920501709,1.259935736656189,0.019349411129951477,89,1.0956636797406032e-05
1601,0.9931021332740784,0.006897866725921631,1.2795524597167969,0.019624412059783936,89,1.0956636797406032e-05
1602,0.9933635592460632,0.006636440753936768,1.2705949544906616,0.019276026636362076,90,1.0408804957535729e-05
1603,0.993346631526947,0.0066533684730529785,1.2676903009414673,0.01926373690366745,90,1.0408804957535729e-05
1604,0.9931583404541016,0.0068416595458984375,1.2645686864852905,0.019418930634856224,90,1.0408804957535729e-05
1605,0.9934909343719482,0.006509065628051758,1.2670879364013672,0.01911485381424427,90,1.0408804957535729e-05
1606,0.9932693243026733,0.00673067569732666,1.253952980041504,0.01920289918780327,90,1.0408804957535729e-05
1607,0.9933444857597351,0.006655514240264893,1.271637201309204,0.019305329769849777,90,1.0408804957535729e-05
1608,0.9934335350990295,0.006566464900970459,1.262436032295227,0.019125159829854965,90,1.0408804957535729e-05
1609,0.9933151006698608,0.00668489933013916,1.2587528228759766,0.019205577671527863,90,1.0408804957535729e-05
1610,0.9933350682258606,0.006664931774139404,1.2591546773910522,0.019189829006791115,90,1.0408804957535729e-05
1611,0.9932405948638916,0.0067594051361083984,1.2568529844284058,0.019260341301560402,90,1.0408804957535729e-05
1612,0.9933661818504333,0.00663381814956665,1.2622424364089966,0.019189905375242233,90,1.0408804957535729e-05
1613,0.9933738112449646,0.0066261887550354,1.2636018991470337,0.01919594593346119,90,1.0408804957535729e-05
1614,0.9933547377586365,0.006645262241363525,1.2527111768722534,0.019105922430753708,90,1.0408804957535729e-05
1615,0.9936078786849976,0.006392121315002441,1.246281623840332,0.018791016191244125,90,1.0408804957535729e-05
1616,0.9932436347007751,0.0067563652992248535,1.2736049890518188,0.01942485198378563,90,1.0408804957535729e-05
1617,0.9929271936416626,0.007072806358337402,1.2652759552001953,0.019654838368296623,90,1.0408804957535729e-05
1618,0.9933701753616333,0.006629824638366699,1.2491376399993896,0.019054902717471123,90,1.0408804957535729e-05
1619,0.9937019348144531,0.006298065185546875,1.2387127876281738,0.01862221211194992,90,1.0408804957535729e-05
1620,0.9931960105895996,0.006803989410400391,1.272456407546997,0.019460514187812805,91,9.888364709658941e-06
1621,0.9933638572692871,0.006636142730712891,1.2503998279571533,0.01907378062605858,91,9.888364709658941e-06
1622,0.9932076930999756,0.006792306900024414,1.2642877101898193,0.019367260858416557,91,9.888364709658941e-06
1623,0.9933263659477234,0.006673634052276611,1.2664203643798828,0.01927110180258751,91,9.888364709658941e-06
1624,0.9936545491218567,0.0063454508781433105,1.2536540031433105,0.018818536773324013,91,9.888364709658941e-06
1625,0.993527889251709,0.006472110748291016,1.2563530206680298,0.018970919772982597,91,9.888364709658941e-06
1626,0.9932729601860046,0.006727039813995361,1.2537447214126587,0.019197216257452965,91,9.888364709658941e-06
1627,0.9931759238243103,0.006824076175689697,1.258480429649353,0.0193406380712986,91,9.888364709658941e-06
1628,0.9931949973106384,0.006805002689361572,1.2713990211486816,0.019450943917036057,91,9.888364709658941e-06
1629,0.9933205246925354,0.0066794753074646,1.2717506885528564,0.019330186769366264,91,9.888364709658941e-06
1630,0.9927681088447571,0.00723189115524292,1.276899814605713,0.019928570836782455,91,9.888364709658941e-06
1631,0.9935998320579529,0.006400167942047119,1.2533848285675049,0.01887001469731331,91,9.888364709658941e-06
1632,0.9932222366333008,0.006777763366699219,1.2593437433242798,0.019303422421216965,91,9.888364709658941e-06
1633,0.9934784770011902,0.0065215229988098145,1.2518370151519775,0.018974676728248596,91,9.888364709658941e-06
1634,0.9934690594673157,0.006530940532684326,1.2575528621673584,0.019041160121560097,91,9.888364709658941e-06
1635,0.9935200810432434,0.006479918956756592,1.2639271020889282,0.019054390490055084,91,9.888364709658941e-06
1636,0.9932302236557007,0.006769776344299316,1.269160509109497,0.0193936824798584,91,9.888364709658941e-06
1637,0.9938275218009949,0.006172478199005127,1.2236829996109009,0.01834758371114731,91,9.888364709658941e-06
1638,0.9935210943222046,0.00647890567779541,1.2557611465454102,0.018971728160977364,92,9.393946474175994e-06
1639,0.9932774901390076,0.006722509860992432,1.2662391662597656,0.01931767538189888,92,9.393946474175994e-06
1640,0.9930329918861389,0.006967008113861084,1.2792598009109497,0.019689936190843582,92,9.393946474175994e-06
1641,0.9934656620025635,0.0065343379974365234,1.2531611919403076,0.01900060661137104,92,9.393946474175994e-06
1642,0.9932863116264343,0.006713688373565674,1.261587142944336,0.019262421876192093,92,9.393946474175994e-06
1643,0.9930727481842041,0.0069272518157958984,1.2642645835876465,0.019500624388456345,92,9.393946474175994e-06
1644,0.9936053156852722,0.006394684314727783,1.2420765161514282,0.01875150203704834,92,9.393946474175994e-06
1645,0.9932443499565125,0.006755650043487549,1.2699239253997803,0.01938733272254467,92,9.393946474175994e-06
1646,0.9932345151901245,0.006765484809875488,1.2680962085723877,0.019378792494535446,92,9.393946474175994e-06
1647,0.9932361245155334,0.006763875484466553,1.2643494606018066,0.019339730963110924,92,9.393946474175994e-06
1648,0.9936578273773193,0.006342172622680664,1.2590450048446655,0.018869200721383095,92,9.393946474175994e-06
1649,0.9931730031967163,0.006826996803283691,1.2617069482803345,0.019375795498490334,92,9.393946474175994e-06
1650,0.993309497833252,0.006690502166748047,1.257939100265503,0.01920298859477043,92,9.393946474175994e-06
1651,0.9933680891990662,0.006631910800933838,1.2730932235717773,0.019296523183584213,92,9.393946474175994e-06
1652,0.9936936497688293,0.006306350231170654,1.2543452978134155,0.01878673955798149,92,9.393946474175994e-06
1653,0.9931046962738037,0.006895303726196289,1.2581915855407715,0.019408266991376877,92,9.393946474175994e-06
1654,0.9934857487678528,0.006514251232147217,1.2431468963623047,0.018880577757954597,92,9.393946474175994e-06
1655,0.9928478598594666,0.007152140140533447,1.2721264362335205,0.019801883026957512,92,9.393946474175994e-06
1656,0.9934492707252502,0.006550729274749756,1.2675833702087402,0.019161054864525795,93,8.924249150467194e-06
1657,0.9934800267219543,0.006519973278045654,1.2403451204299927,0.018858224153518677,93,8.924249150467194e-06
1658,0.9936628937721252,0.006337106227874756,1.2613499164581299,0.0188872329890728,93,8.924249150467194e-06
1659,0.9934932589530945,0.006506741046905518,1.2580777406692505,0.01902245171368122,93,8.924249150467194e-06
1660,0.9936179518699646,0.0063820481300354,1.2566936016082764,0.018885163590312004,93,8.924249150467194e-06
1661,0.9930952191352844,0.006904780864715576,1.2584807872772217,0.01942053996026516,93,8.924249150467194e-06
1662,0.9931167364120483,0.00688326358795166,1.2807552814483643,0.01962198317050934,93,8.924249150467194e-06
1663,0.9932755827903748,0.006724417209625244,1.2668699026107788,0.019325871020555496,93,8.924249150467194e-06
1664,0.993642270565033,0.006357729434967041,1.246736764907837,0.018761519342660904,93,8.924249150467194e-06
1665,0.9933995008468628,0.006600499153137207,1.2588605880737305,0.019123099744319916,93,8.924249150467194e-06
1666,0.9933478236198425,0.006652176380157471,1.2594521045684814,0.01918017491698265,93,8.924249150467194e-06
1667,0.9930163025856018,0.006983697414398193,1.266868233680725,0.019582543522119522,93,8.924249150467194e-06
1668,0.9933486580848694,0.006651341915130615,1.2649434804916382,0.01923426240682602,93,8.924249150467194e-06
1669,0.9931380152702332,0.006861984729766846,1.2623339891433716,0.019416704773902893,93,8.924249150467194e-06
1670,0.993559718132019,0.006440281867980957,1.247665524482727,0.018852533772587776,93,8.924249150467194e-06
1671,0.9930662512779236,0.006933748722076416,1.2715985774993896,0.01958039589226246,93,8.924249150467194e-06
1672,0.9930786490440369,0.006921350955963135,1.2658307552337646,0.01951044425368309,93,8.924249150467194e-06
1673,0.9931037425994873,0.006896257400512695,1.2787214517593384,0.019614510238170624,93,8.924249150467194e-06
1674,0.9936445355415344,0.006355464458465576,1.2543975114822388,0.0188358835875988,94,8.478036692943835e-06
1675,0.9932041764259338,0.006795823574066162,1.2702075242996216,0.019429940730333328,94,8.478036692943835e-06
1676,0.9930817484855652,0.0069182515144348145,1.2555100917816162,0.01940416917204857,94,8.478036692943835e-06
1677,0.9933649301528931,0.006635069847106934,1.2576372623443604,0.019145091995596886,94,8.478036692943835e-06
1678,0.9933788776397705,0.006621122360229492,1.251924753189087,0.019074158743023872,94,8.478036692943835e-06
1679,0.9937031269073486,0.006296873092651367,1.2504174709320068,0.01873807981610298,94,8.478036692943835e-06
1680,0.9931560158729553,0.006843984127044678,1.263450264930725,0.01941004768013954,94,8.478036692943835e-06
1681,0.9932075142860413,0.00679248571395874,1.259162187576294,0.019316183403134346,94,8.478036692943835e-06
1682,0.9937049746513367,0.00629502534866333,1.2493243217468262,0.01872531697154045,94,8.478036692943835e-06
1683,0.9929934144020081,0.007006585597991943,1.2716548442840576,0.019653068855404854,94,8.478036692943835e-06
1684,0.993125855922699,0.006874144077301025,1.2705984115600586,0.0195113867521286,94,8.478036692943835e-06
1685,0.9932551980018616,0.006744801998138428,1.2646993398666382,0.019324347376823425,94,8.478036692943835e-06
1686,0.9931917190551758,0.006808280944824219,1.261744737625122,0.019357645884156227,94,8.478036692943835e-06
1687,0.9935808777809143,0.006419122219085693,1.242488980293274,0.018779821693897247,94,8.478036692943835e-06
1688,0.993558406829834,0.006441593170166016,1.2661328315734863,0.019038505852222443,94,8.478036692943835e-06
1689,0.9933766722679138,0.006623327732086182,1.2791165113449097,0.019348260015249252,94,8.478036692943835e-06
1690,0.9933004379272461,0.006699562072753906,1.2579187154769897,0.019211754202842712,94,8.478036692943835e-06
1691,0.9927494525909424,0.007250547409057617,1.2880371809005737,0.020058413967490196,94,8.478036692943835e-06
1692,0.993476927280426,0.006523072719573975,1.2759923934936523,0.01921776682138443,95,8.054134858296643e-06
1693,0.9933817386627197,0.0066182613372802734,1.2566429376602173,0.019118506461381912,95,8.054134858296643e-06
1694,0.993323028087616,0.006676971912384033,1.2535089254379272,0.019145291298627853,95,8.054134858296643e-06
1695,0.9930216073989868,0.006978392601013184,1.2736414670944214,0.019645024091005325,95,8.054134858296643e-06
1696,0.9929834604263306,0.007016539573669434,1.2508255243301392,0.019454628229141235,95,8.054134858296643e-06
1697,0.993433952331543,0.006566047668457031,1.2542532682418823,0.01904292032122612,95,8.054134858296643e-06
1698,0.9933139681816101,0.006686031818389893,1.2605470418930054,0.01922464184463024,95,8.054134858296643e-06
1699,0.9935924410820007,0.006407558917999268,1.2486129999160767,0.01882961392402649,95,8.054134858296643e-06
1700,0.9934525489807129,0.006547451019287109,1.2552462816238403,0.01903443969786167,95,8.054134858296643e-06
1701,0.9934077262878418,0.006592273712158203,1.2668395042419434,0.019194744527339935,95,8.054134858296643e-06
1702,0.9935086965560913,0.006491303443908691,1.2529716491699219,0.018956106156110764,95,8.054134858296643e-06
1703,0.9932234287261963,0.006776571273803711,1.2712973356246948,0.019421778619289398,95,8.054134858296643e-06
1704,0.9934091567993164,0.006590843200683594,1.2505061626434326,0.019029995426535606,95,8.054134858296643e-06
1705,0.9932745099067688,0.006725490093231201,1.2715427875518799,0.019373662769794464,95,8.054134858296643e-06
1706,0.9930464625358582,0.006953537464141846,1.2687028646469116,0.019571030512452126,95,8.054134858296643e-06
1707,0.9932920336723328,0.006707966327667236,1.2613446712493896,0.019254334270954132,95,8.054134858296643e-06
1708,0.9933791756629944,0.006620824337005615,1.2600497007369995,0.019155113026499748,95,8.054134858296643e-06
1709,0.9939371943473816,0.006062805652618408,1.2590184211730957,0.018592361360788345,95,8.054134858296643e-06
1710,0.9933671355247498,0.006632864475250244,1.2576451301574707,0.019142985343933105,96,7.65142811538181e-06
1711,0.9935747385025024,0.006425261497497559,1.251758098602295,0.018878590315580368,96,7.65142811538181e-06
1712,0.9931074976921082,0.006892502307891846,1.2640079259872437,0.019463656470179558,96,7.65142811538181e-06
1713,0.9934612512588501,0.006538748741149902,1.2505158185958862,0.01897851936519146,96,7.65142811538181e-06
1714,0.99344801902771,0.006551980972290039,1.258446455001831,0.019070925191044807,96,7.65142811538181e-06
1715,0.9933120012283325,0.0066879987716674805,1.259774088859558,0.01921885833144188,96,7.65142811538181e-06
1716,0.9930927157402039,0.006907284259796143,1.278639793395996,0.019624609500169754,96,7.65142811538181e-06
1717,0.9932980537414551,0.006701946258544922,1.2680914402008057,0.019315840676426888,96,7.65142811538181e-06
1718,0.9934037327766418,0.006596267223358154,1.2597591876983643,0.019127896055579185,96,7.65142811538181e-06
1719,0.9932564496994019,0.0067435503005981445,1.250199794769287,0.019178112968802452,96,7.65142811538181e-06
1720,0.993369460105896,0.006630539894104004,1.2696185111999512,0.01926041953265667,96,7.65142811538181e-06
1721,0.993299126625061,0.006700873374938965,1.266965389251709,0.019303519278764725,96,7.65142811538181e-06
1722,0.9933395385742188,0.00666046142578125,1.2633906602859497,0.019227763637900352,96,7.65142811538181e-06
1723,0.9930318593978882,0.006968140602111816,1.272897720336914,0.019627436995506287,96,7.65142811538181e-06
1724,0.9935094118118286,0.006490588188171387,1.252489447593689,0.018950577825307846,96,7.65142811538181e-06
1725,0.993533194065094,0.006466805934906006,1.2521814107894897,0.01892395131289959,96,7.65142811538181e-06
1726,0.9933627247810364,0.006637275218963623,1.2603892087936401,0.019174795597791672,96,7.65142811538181e-06
1727,0.9932478070259094,0.006752192974090576,1.2577157020568848,0.019261827692389488,96,7.65142811538181e-06
1728,0.9931759834289551,0.006824016571044922,1.2696841955184937,0.019452618435025215,97,7.26885670961272e-06
1729,0.9932964444160461,0.006703555583953857,1.2740797996520996,0.019377317279577255,97,7.26885670961272e-06
1730,0.9932278394699097,0.006772160530090332,1.253267765045166,0.01923711597919464,97,7.26885670961272e-06
1731,0.9936158657073975,0.006384134292602539,1.257896065711975,0.018899254500865936,97,7.26885670961272e-06
1732,0.9930263757705688,0.006973624229431152,1.2622432708740234,0.019526321440935135,97,7.26885670961272e-06
1733,0.9931942224502563,0.006805777549743652,1.2660839557647705,0.019398558884859085,97,7.26885670961272e-06
1734,0.9934468865394592,0.0065531134605407715,1.25927734375,0.019080355763435364,97,7.26885670961272e-06
1735,0.993471622467041,0.006528377532958984,1.2536145448684692,0.018999237567186356,97,7.26885670961272e-06
1736,0.9934790134429932,0.006520986557006836,1.2539156675338745,0.018994932994246483,97,7.26885670961272e-06
1737,0.9935627579689026,0.006437242031097412,1.2471933364868164,0.01884480193257332,97,7.26885670961272e-06
1738,0.9934343695640564,0.0065656304359436035,1.25606107711792,0.019060585647821426,97,7.26885670961272e-06
1739,0.9928022623062134,0.007197737693786621,1.2704436779022217,0.01983019709587097,97,7.26885670961272e-06
1740,0.9934996962547302,0.006500303745269775,1.2693473100662231,0.019128773361444473,97,7.26885670961272e-06
1741,0.993238091468811,0.006761908531188965,1.2772579193115234,0.019466867670416832,97,7.26885670961272e-06
1742,0.9933663606643677,0.006633639335632324,1.2617560625076294,0.019184863194823265,97,7.26885670961272e-06
1743,0.9934309124946594,0.006569087505340576,1.2554813623428345,0.019058208912611008,97,7.26885670961272e-06
1744,0.9935817718505859,0.0064182281494140625,1.247481107711792,0.0188288576900959,97,7.26885670961272e-06
1745,0.993080735206604,0.006919264793395996,1.2743394374847412,0.019593466073274612,97,7.26885670961272e-06
1746,0.9934847950935364,0.006515204906463623,1.2648494243621826,0.019098546355962753,98,6.905413874132084e-06
1747,0.9933034777641296,0.006696522235870361,1.265855073928833,0.019288107752799988,98,6.905413874132084e-06
1748,0.9932695627212524,0.006730437278747559,1.2550145387649536,0.019213277846574783,98,6.905413874132084e-06
1749,0.9934362769126892,0.006563723087310791,1.252719759941101,0.019025282934308052,98,6.905413874132084e-06
1750,0.9932680726051331,0.006731927394866943,1.2581291198730469,0.019245898351073265,98,6.905413874132084e-06
1751,0.9931557774543762,0.006844222545623779,1.254652976989746,0.019322309643030167,98,6.905413874132084e-06
1752,0.9933367967605591,0.006663203239440918,1.2646721601486206,0.01924329251050949,98,6.905413874132084e-06
1753,0.9935619831085205,0.006438016891479492,1.256072759628296,0.01893436349928379,98,6.905413874132084e-06
1754,0.9932731986045837,0.00672680139541626,1.255508542060852,0.01921461895108223,98,6.905413874132084e-06
1755,0.9935343861579895,0.006465613842010498,1.2515859603881836,0.018916817381978035,98,6.905413874132084e-06
1756,0.9932371973991394,0.006762802600860596,1.26523756980896,0.019347550347447395,98,6.905413874132084e-06
1757,0.9933357834815979,0.0066642165184021,1.2586722373962402,0.0191842969506979,98,6.905413874132084e-06
1758,0.9933088421821594,0.006691157817840576,1.2554652690887451,0.019178899005055428,98,6.905413874132084e-06
1759,0.9933496713638306,0.006650328636169434,1.2633439302444458,0.019217263907194138,98,6.905413874132084e-06
1760,0.9932848811149597,0.006715118885040283,1.2722105979919434,0.019370073452591896,98,6.905413874132084e-06
1761,0.993449866771698,0.006550133228302002,1.265850305557251,0.019143134355545044,98,6.905413874132084e-06
1762,0.9932292103767395,0.006770789623260498,1.2715171575546265,0.019418252632021904,98,6.905413874132084e-06
1763,0.9932154417037964,0.006784558296203613,1.2646105289459229,0.01936281844973564,98,6.905413874132084e-06
1764,0.9934412837028503,0.006558716297149658,1.249779224395752,0.01899092085659504,99,6.5601431804254795e-06
1765,0.9933075308799744,0.006692469120025635,1.2621653079986572,0.01924719661474228,99,6.5601431804254795e-06
1766,0.9930793642997742,0.00692063570022583,1.2686485052108765,0.01953791454434395,99,6.5601431804254795e-06
1767,0.993192195892334,0.006807804107666016,1.2687400579452515,0.01942712627351284,99,6.5601431804254795e-06
1768,0.9932534098625183,0.0067465901374816895,1.2739094495773315,0.01941821724176407,99,6.5601431804254795e-06
1769,0.9932623505592346,0.006737649440765381,1.2642430067062378,0.019312702119350433,99,6.5601431804254795e-06
1770,0.9936304092407227,0.006369590759277344,1.2397867441177368,0.01870376244187355,99,6.5601431804254795e-06
1771,0.9932833909988403,0.006716609001159668,1.2623347043991089,0.019272789359092712,99,6.5601431804254795e-06
1772,0.9928576946258545,0.007142305374145508,1.2750630378723145,0.019821513444185257,99,6.5601431804254795e-06
1773,0.9936256408691406,0.006374359130859375,1.2637420892715454,0.018948037177324295,99,6.5601431804254795e-06
1774,0.9934790134429932,0.006520986557006836,1.2641667127609253,0.01909744367003441,99,6.5601431804254795e-06
1775,0.9934110045433044,0.006588995456695557,1.261592149734497,0.01913902722299099,99,6.5601431804254795e-06
1776,0.9935466647148132,0.006453335285186768,1.2577266693115234,0.01896606758236885,99,6.5601431804254795e-06
1777,0.9933141469955444,0.006685853004455566,1.2726103067398071,0.019345097243785858,99,6.5601431804254795e-06
1778,0.993498682975769,0.006501317024230957,1.2419118881225586,0.018855422735214233,99,6.5601431804254795e-06
1779,0.9935802817344666,0.006419718265533447,1.240095853805542,0.018756479024887085,99,6.5601431804254795e-06
1780,0.9930152893066406,0.006984710693359375,1.2684557437896729,0.019599420949816704,99,6.5601431804254795e-06
1781,0.9935889840126038,0.00641101598739624,1.2638002634048462,0.018984908238053322,99,6.5601431804254795e-06
1782,0.9934687614440918,0.006531238555908203,1.2471506595611572,0.018937433138489723,100,6.232136021404205e-06
1783,0.992813766002655,0.007186233997344971,1.272916316986084,0.019843535497784615,100,6.232136021404205e-06
1784,0.9934938549995422,0.006506145000457764,1.2522932291030884,0.018964014947414398,100,6.232136021404205e-06
1785,0.9934555888175964,0.0065444111824035645,1.2580729722976685,0.019059695303440094,100,6.232136021404205e-06
1786,0.9934087991714478,0.006591200828552246,1.2661964893341064,0.01918725296854973,100,6.232136021404205e-06
1787,0.9930759072303772,0.006924092769622803,1.268083095550537,0.01953568309545517,100,6.232136021404205e-06
1788,0.9931879639625549,0.006812036037445068,1.2701122760772705,0.019445037469267845,100,6.232136021404205e-06
1789,0.9935483336448669,0.006451666355133057,1.2503762245178223,0.01889091171324253,100,6.232136021404205e-06
1790,0.9936216473579407,0.006378352642059326,1.2428010702133179,0.018742579966783524,100,6.232136021404205e-06
1791,0.9930264949798584,0.0069735050201416016,1.271378517150879,0.019617555662989616,100,6.232136021404205e-06
1792,0.9935116767883301,0.006488323211669922,1.2564291954040527,0.018987730145454407,100,6.232136021404205e-06
1793,0.9933872818946838,0.006612718105316162,1.2648274898529053,0.019194865599274635,100,6.232136021404205e-06
1794,0.9934877157211304,0.006512284278869629,1.2580163478851318,0.01902732439339161,100,6.232136021404205e-06
1795,0.9933490753173828,0.0066509246826171875,1.2565579414367676,0.01914999447762966,100,6.232136021404205e-06
1796,0.9931163191795349,0.006883680820465088,1.2710009813308716,0.01952485367655754,100,6.232136021404205e-06
1797,0.9932853579521179,0.00671464204788208,1.2655726671218872,0.019303221255540848,100,6.232136021404205e-06
1798,0.9934310913085938,0.00656890869140625,1.2614734172821045,0.01911795325577259,100,6.232136021404205e-06
1799,0.9936074614524841,0.006392538547515869,1.2552754878997803,0.01888136751949787,100,6.232136021404205e-06
1800,0.9934545755386353,0.006545424461364746,1.2585783004760742,0.019065752625465393,101,5.920529220333994e-06
1801,0.9933486580848694,0.006651341915130615,1.2659912109375,0.019244741648435593,101,5.920529220333994e-06
1802,0.9932653307914734,0.006734669208526611,1.2662121057510376,0.01932944357395172,101,5.920529220333994e-06
1803,0.9933140873908997,0.006685912609100342,1.2556408643722534,0.019175462424755096,101,5.920529220333994e-06
1804,0.99350905418396,0.006490945816040039,1.2586320638656616,0.01901235803961754,101,5.920529220333994e-06
1805,0.9935935139656067,0.0064064860343933105,1.261047601699829,0.01895289681851864,101,5.920529220333994e-06
1806,0.9936760067939758,0.00632399320602417,1.2510148286819458,0.01877090148627758,101,5.920529220333994e-06
1807,0.9931040406227112,0.006895959377288818,1.2623909711837769,0.01945091038942337,101,5.920529220333994e-06
1808,0.9929153323173523,0.007084667682647705,1.2503727674484253,0.019517548382282257,101,5.920529220333994e-06
1809,0.9934338331222534,0.006566166877746582,1.2549041509628296,0.019049545750021935,101,5.920529220333994e-06
1810,0.9934113621711731,0.006588637828826904,1.2493090629577637,0.0190158411860466,101,5.920529220333994e-06
1811,0.993441641330719,0.006558358669281006,1.2604652643203735,0.019097426906228065,101,5.920529220333994e-06
1812,0.993367075920105,0.0066329240798950195,1.2579200267791748,0.019145794212818146,101,5.920529220333994e-06
1813,0.9933571815490723,0.006642818450927734,1.2631721496582031,0.019208110868930817,101,5.920529220333994e-06
1814,0.993177592754364,0.006822407245635986,1.283374547958374,0.01958792842924595,101,5.920529220333994e-06
1815,0.993261992931366,0.006738007068634033,1.2729204893112183,0.01939983107149601,101,5.920529220333994e-06
1816,0.9932769536972046,0.00672304630279541,1.2607879638671875,0.019263695925474167,101,5.920529220333994e-06
1817,0.9931493997573853,0.006850600242614746,1.2667948007583618,0.01945004239678383,101,5.920529220333994e-06
1818,0.9929211735725403,0.007078826427459717,1.2657490968704224,0.01966552808880806,102,5.624502759317295e-06
1819,0.9934031963348389,0.006596803665161133,1.2580945491790771,0.01911178044974804,102,5.624502759317295e-06
1820,0.9933550357818604,0.0066449642181396484,1.2573652267456055,0.019152166321873665,102,5.624502759317295e-06
1821,0.9934321641921997,0.006567835807800293,1.2603212594985962,0.019105369225144386,102,5.624502759317295e-06
1822,0.9933727383613586,0.006627261638641357,1.2592871189117432,0.019153859466314316,102,5.624502759317295e-06
1823,0.9932975769042969,0.006702423095703125,1.2577428817749023,0.01921282708644867,102,5.624502759317295e-06
1824,0.9937574863433838,0.006242513656616211,1.245934247970581,0.01863943040370941,102,5.624502759317295e-06
1825,0.9935793876647949,0.006420612335205078,1.2617675065994263,0.018974080681800842,102,5.624502759317295e-06
1826,0.9931589961051941,0.006841003894805908,1.273630142211914,0.01950889453291893,102,5.624502759317295e-06
1827,0.9932254552841187,0.006774544715881348,1.261906385421753,0.0193258635699749,102,5.624502759317295e-06
1828,0.9933192729949951,0.006680727005004883,1.265627384185791,0.019270192831754684,102,5.624502759317295e-06
1829,0.9933753609657288,0.00662463903427124,1.2554316520690918,0.019112708047032356,102,5.624502759317295e-06
1830,0.9930822849273682,0.006917715072631836,1.2702521085739136,0.01955105923116207,102,5.624502759317295e-06
1831,0.9935710430145264,0.006428956985473633,1.262972116470337,0.018994389101862907,102,5.624502759317295e-06
1832,0.9931422472000122,0.006857752799987793,1.2567577362060547,0.019356751814484596,102,5.624502759317295e-06
1833,0.9934096932411194,0.006590306758880615,1.2613537311553955,0.019137941300868988,102,5.624502759317295e-06
1834,0.9936190247535706,0.006380975246429443,1.245906114578247,0.01877622678875923,102,5.624502759317295e-06
1835,0.9927577376365662,0.007242262363433838,1.295914888381958,0.020128987729549408,102,5.624502759317295e-06
1836,0.993385910987854,0.006614089012145996,1.2589513063430786,0.019137460738420486,103,5.34327762135143e-06
1837,0.9928068518638611,0.007193148136138916,1.2752686738967896,0.019873902201652527,103,5.34327762135143e-06
1838,0.9934526681900024,0.006547331809997559,1.2573972940444946,0.01905583031475544,103,5.34327762135143e-06
1839,0.9933174252510071,0.00668257474899292,1.2778927087783813,0.01939467526972294,103,5.34327762135143e-06
1840,0.9933792948722839,0.0066207051277160645,1.2514677047729492,0.01906917616724968,103,5.34327762135143e-06
1841,0.9933226704597473,0.0066773295402526855,1.2671130895614624,0.01928168721497059,103,5.34327762135143e-06
1842,0.9933001399040222,0.006699860095977783,1.2550959587097168,0.019183821976184845,103,5.34327762135143e-06
1843,0.9936685562133789,0.006331443786621094,1.2537131309509277,0.018805259838700294,103,5.34327762135143e-06
1844,0.9931755661964417,0.00682443380355835,1.2603108882904053,0.019359298050403595,103,5.34327762135143e-06
1845,0.9930616617202759,0.006938338279724121,1.2675795555114746,0.019544750452041626,103,5.34327762135143e-06
1846,0.9934518933296204,0.006548106670379639,1.2558116912841797,0.01904074288904667,103,5.34327762135143e-06
1847,0.9933035969734192,0.0066964030265808105,1.271010398864746,0.01933954283595085,103,5.34327762135143e-06
1848,0.9936265349388123,0.006373465061187744,1.2387815713882446,0.018697546795010567,103,5.34327762135143e-06
1849,0.9931128621101379,0.0068871378898620605,1.2687956094741821,0.019506223499774933,103,5.34327762135143e-06
1850,0.9938204884529114,0.006179511547088623,1.2521864175796509,0.01863957941532135,103,5.34327762135143e-06
1851,0.9930915832519531,0.006908416748046875,1.263054609298706,0.01946987770497799,103,5.34327762135143e-06
1852,0.9935372471809387,0.006462752819061279,1.2582560777664185,0.018980685621500015,103,5.34327762135143e-06
1853,0.9933238625526428,0.006676137447357178,1.2584362030029297,0.01919373869895935,103,5.34327762135143e-06
1854,0.9933549761772156,0.006645023822784424,1.258996844291687,0.019168540835380554,104,5.076113740283858e-06
1855,0.9931088089942932,0.006891191005706787,1.257704496383667,0.01939932443201542,104,5.076113740283858e-06
1856,0.9935346841812134,0.006465315818786621,1.268965482711792,0.01909031718969345,104,5.076113740283858e-06
1857,0.9932022094726562,0.00679779052734375,1.263042688369751,0.019360238686203957,104,5.076113740283858e-06
1858,0.9930838346481323,0.006916165351867676,1.2774200439453125,0.01962120458483696,104,5.076113740283858e-06
1859,0.9932844638824463,0.006715536117553711,1.259022831916809,0.019238607957959175,104,5.076113740283858e-06
1860,0.9934788942337036,0.006521105766296387,1.2622637748718262,0.019078532233834267,104,5.076113740283858e-06
1861,0.993181049823761,0.006818950176239014,1.272230625152588,0.019473066553473473,104,5.076113740283858e-06
1862,0.9933029413223267,0.00669705867767334,1.260735273361206,0.019237440079450607,104,5.076113740283858e-06
1863,0.9933856129646301,0.006614387035369873,1.2649675607681274,0.019197918474674225,104,5.076113740283858e-06
1864,0.9935083985328674,0.006491601467132568,1.2444045543670654,0.018870729953050613,104,5.076113740283858e-06
1865,0.9937154054641724,0.006284594535827637,1.251306176185608,0.018734809011220932,104,5.076113740283858e-06
1866,0.9934735894203186,0.0065264105796813965,1.2519932985305786,0.018981078639626503,104,5.076113740283858e-06
1867,0.9932181239128113,0.006781876087188721,1.2673795223236084,0.019387852400541306,104,5.076113740283858e-06
1868,0.993624210357666,0.006375789642333984,1.2525317668914795,0.018837349489331245,104,5.076113740283858e-06
1869,0.9932248592376709,0.0067751407623291016,1.2552390098571777,0.019259778782725334,104,5.076113740283858e-06
1870,0.9932417869567871,0.006758213043212891,1.2630481719970703,0.01932111196219921,104,5.076113740283858e-06
1871,0.9931947588920593,0.006805241107940674,1.2679486274719238,0.019416674971580505,104,5.076113740283858e-06
1872,0.9930592775344849,0.006940722465515137,1.2754722833633423,0.019626038148999214,105,4.8223080532696655e-06
1873,0.9930241703987122,0.006975829601287842,1.2501497268676758,0.019407568499445915,105,4.8223080532696655e-06
1874,0.9934487342834473,0.006551265716552734,1.2504092454910278,0.018989846110343933,105,4.8223080532696655e-06
1875,0.9935901165008545,0.006409883499145508,1.253981590270996,0.018885599449276924,105,4.8223080532696655e-06
1876,0.9930845499038696,0.006915450096130371,1.2674188613891602,0.019520483911037445,105,4.8223080532696655e-06
1877,0.9934573173522949,0.006542682647705078,1.2508670091629028,0.018985925242304802,105,4.8223080532696655e-06
1878,0.9933416247367859,0.006658375263214111,1.263465166091919,0.019226443022489548,105,4.8223080532696655e-06
1879,0.9933664202690125,0.006633579730987549,1.2626208066940308,0.01919345185160637,105,4.8223080532696655e-06
1880,0.9936414957046509,0.006358504295349121,1.2527117729187012,0.018822036683559418,105,4.8223080532696655e-06
1881,0.9933182597160339,0.0066817402839660645,1.2607107162475586,0.01922203041613102,105,4.8223080532696655e-06
1882,0.9935235977172852,0.006476402282714844,1.2661681175231934,0.01907331869006157,105,4.8223080532696655e-06
1883,0.9935384392738342,0.0064615607261657715,1.2604261636734009,0.019001206383109093,105,4.8223080532696655e-06
1884,0.9930607080459595,0.006939291954040527,1.2660232782363892,0.01953013241291046,105,4.8223080532696655e-06
1885,0.9934978485107422,0.0065021514892578125,1.2505193948745728,0.018942322582006454,105,4.8223080532696655e-06
1886,0.9930617809295654,0.00693821907043457,1.280670166015625,0.019675537943840027,105,4.8223080532696655e-06
1887,0.9934717416763306,0.006528258323669434,1.2567439079284668,0.019030414521694183,105,4.8223080532696655e-06
1888,0.993273913860321,0.006726086139678955,1.266776204109192,0.01932658813893795,105,4.8223080532696655e-06
1889,0.9937174916267395,0.006282508373260498,1.2426271438598633,0.01864595338702202,105,4.8223080532696655e-06
1890,0.9931933283805847,0.006806671619415283,1.2648236751556396,0.019386840984225273,106,4.581192650606182e-06
1891,0.9935371279716492,0.00646287202835083,1.2488900423049927,0.018887143582105637,106,4.581192650606182e-06
1892,0.9933624863624573,0.006637513637542725,1.2608797550201416,0.01917993649840355,106,4.581192650606182e-06
1893,0.9932165145874023,0.006783485412597656,1.2646390199661255,0.019362039864063263,106,4.581192650606182e-06
1894,0.9934435486793518,0.006556451320648193,1.2674663066864014,0.01916554942727089,106,4.581192650606182e-06
1895,0.9936027526855469,0.006397247314453125,1.2481510639190674,0.01881478540599346,106,4.581192650606182e-06
1896,0.9935681223869324,0.006431877613067627,1.2486499547958374,0.018854059278964996,106,4.581192650606182e-06
1897,0.9933226704597473,0.0066773295402526855,1.265243649482727,0.019262991845607758,106,4.581192650606182e-06
1898,0.9931089282035828,0.006891071796417236,1.2682546377182007,0.01950470730662346,106,4.581192650606182e-06
1899,0.9932417273521423,0.006758272647857666,1.2639843225479126,0.01933053322136402,106,4.581192650606182e-06
1900,0.9930146932601929,0.006985306739807129,1.2680678367614746,0.019596131518483162,106,4.581192650606182e-06
1901,0.9932786822319031,0.006721317768096924,1.2752667665481567,0.019406771287322044,106,4.581192650606182e-06
1902,0.9931371808052063,0.006862819194793701,1.2540184259414673,0.019334375858306885,106,4.581192650606182e-06
1903,0.993475079536438,0.006524920463562012,1.257071852684021,0.019030390307307243,106,4.581192650606182e-06
1904,0.9935953617095947,0.0064046382904052734,1.246626853942871,0.018806859850883484,106,4.581192650606182e-06
1905,0.9933676719665527,0.006632328033447266,1.26039457321167,0.019169948995113373,106,4.581192650606182e-06
1906,0.9931977391242981,0.006802260875701904,1.2682112455368042,0.01941635087132454,106,4.581192650606182e-06
1907,0.9938346743583679,0.00616532564163208,1.258294701576233,0.01868661865592003,106,4.581192650606182e-06
1908,0.9932037591934204,0.00679624080657959,1.2610442638397217,0.01933871954679489,107,4.3521330180758725e-06
1909,0.9934365749359131,0.006563425064086914,1.2655179500579834,0.019152969121932983,107,4.3521330180758725e-06
1910,0.9933733940124512,0.006626605987548828,1.2634379863739014,0.019194720312952995,107,4.3521330180758725e-06
1911,0.9933831095695496,0.0066168904304504395,1.2569963932037354,0.019120685756206512,107,4.3521330180758725e-06
1912,0.9933038353919983,0.006696164608001709,1.2644389867782593,0.01927359215915203,107,4.3521330180758725e-06
1913,0.9929454326629639,0.007054567337036133,1.2759708166122437,0.019743729382753372,107,4.3521330180758725e-06
1914,0.9933653473854065,0.006634652614593506,1.260929822921753,0.019177604466676712,107,4.3521330180758725e-06
1915,0.9934111833572388,0.0065888166427612305,1.2620089054107666,0.019143017008900642,107,4.3521330180758725e-06
1916,0.9934972524642944,0.006502747535705566,1.2602825164794922,0.01904054544866085,107,4.3521330180758725e-06
1917,0.9930222630500793,0.006977736949920654,1.2548115253448486,0.01945607364177704,107,4.3521330180758725e-06
1918,0.9933615922927856,0.0066384077072143555,1.261494755744934,0.019186969846487045,107,4.3521330180758725e-06
1919,0.9933562278747559,0.006643772125244141,1.2659333944320679,0.019236668944358826,107,4.3521330180758725e-06
1920,0.993659496307373,0.006340503692626953,1.241378903388977,0.018690887838602066,107,4.3521330180758725e-06
1921,0.9931216239929199,0.006878376007080078,1.2711231708526611,0.019520822912454605,107,4.3521330180758725e-06
1922,0.9932530522346497,0.006746947765350342,1.259385108947754,0.01927332952618599,107,4.3521330180758725e-06
1923,0.9934765696525574,0.006523430347442627,1.249662160873413,0.018954817205667496,107,4.3521330180758725e-06
1924,0.9934870004653931,0.006512999534606934,1.258379578590393,0.019031666219234467,107,4.3521330180758725e-06
1925,0.9939448237419128,0.006055176258087158,1.2586250305175781,0.018580874428153038,107,4.3521330180758725e-06
1926,0.9934736490249634,0.006526350975036621,1.2573574781417847,0.01903466135263443,108,4.1345263671720786e-06
1927,0.9935290217399597,0.006470978260040283,1.2620800733566284,0.019027069211006165,108,4.1345263671720786e-06
1928,0.9930105209350586,0.006989479064941406,1.278666377067566,0.019706247374415398,108,4.1345263671720786e-06
1929,0.9931901097297668,0.006809890270233154,1.2593588829040527,0.01933537982404232,108,4.1345263671720786e-06
1930,0.9935036301612854,0.0064963698387146,1.2622194290161133,0.01905360072851181,108,4.1345263671720786e-06
1931,0.9934119582176208,0.00658804178237915,1.2511507272720337,0.01903366856276989,108,4.1345263671720786e-06
1932,0.9937390089035034,0.006260991096496582,1.2492636442184448,0.018691018223762512,108,4.1345263671720786e-06
1933,0.993148684501648,0.006851315498352051,1.2620584964752197,0.01940338686108589,108,4.1345263671720786e-06
1934,0.9933980107307434,0.006601989269256592,1.2626497745513916,0.019162466749548912,108,4.1345263671720786e-06
1935,0.9931125640869141,0.0068874359130859375,1.267418622970581,0.019492749124765396,108,4.1345263671720786e-06
1936,0.9937230944633484,0.006276905536651611,1.2631176710128784,0.018845312297344208,108,4.1345263671720786e-06
1937,0.9934608936309814,0.006539106369018555,1.2607436180114746,0.019081151112914085,108,4.1345263671720786e-06
1938,0.9933409094810486,0.006659090518951416,1.2471826076507568,0.019064325839281082,108,4.1345263671720786e-06
1939,0.9933040738105774,0.006695926189422607,1.2643353939056396,0.019272319972515106,108,4.1345263671720786e-06
1940,0.9933893084526062,0.006610691547393799,1.2545944452285767,0.019090529531240463,108,4.1345263671720786e-06
1941,0.9928759932518005,0.007124006748199463,1.255298137664795,0.01960574835538864,108,4.1345263671720786e-06
1942,0.9932152628898621,0.0067847371101379395,1.2709105014801025,0.019425993785262108,108,4.1345263671720786e-06
1943,0.9933725595474243,0.006627440452575684,1.2683501243591309,0.019244667142629623,108,4.1345263671720786e-06
1944,0.9933799505233765,0.006620049476623535,1.2774674892425537,0.019328523427248,109,3.927800048813474e-06
1945,0.9932219386100769,0.006778061389923096,1.2586758136749268,0.0192970372736454,109,3.927800048813474e-06
1946,0.9933546185493469,0.006645381450653076,1.269304633140564,0.01927197352051735,109,3.927800048813474e-06
1947,0.9934766292572021,0.0065233707427978516,1.267599105834961,0.019134126603603363,109,3.927800048813474e-06
1948,0.9932529330253601,0.006747066974639893,1.2622852325439453,0.019302448257803917,109,3.927800048813474e-06
1949,0.9934870004653931,0.006512999534606934,1.2523562908172607,0.018971432000398636,109,3.927800048813474e-06
1950,0.993348240852356,0.006651759147644043,1.2645195722579956,0.0192304365336895,109,3.927800048813474e-06
1951,0.9933333992958069,0.006666600704193115,1.2666791677474976,0.019266726449131966,109,3.927800048813474e-06
1952,0.9931166768074036,0.0068833231925964355,1.2728822231292725,0.01954331248998642,109,3.927800048813474e-06
1953,0.9936575889587402,0.006342411041259766,1.249101161956787,0.018769998103380203,109,3.927800048813474e-06
1954,0.9932267665863037,0.006773233413696289,1.2573647499084473,0.019279148429632187,109,3.927800048813474e-06
1955,0.9935300946235657,0.006469905376434326,1.2513054609298706,0.01891826093196869,109,3.927800048813474e-06
1956,0.9935421943664551,0.006457805633544922,1.2548582553863525,0.018941810354590416,109,3.927800048813474e-06
1957,0.9930850267410278,0.006914973258972168,1.2592518329620361,0.01943834125995636,109,3.927800048813474e-06
1958,0.9932011365890503,0.006798863410949707,1.2620905637741089,0.0193517804145813,109,3.927800048813474e-06
1959,0.9934353828430176,0.006564617156982422,1.2515226602554321,0.01901419833302498,109,3.927800048813474e-06
1960,0.993109405040741,0.006890594959259033,1.2654143571853638,0.01947583258152008,109,3.927800048813474e-06
1961,0.9938458800315857,0.006154119968414307,1.2233920097351074,0.018326498568058014,109,3.927800048813474e-06
1962,0.9932103753089905,0.0067896246910095215,1.2596322298049927,0.019318051636219025,110,3.7314100463728006e-06
1963,0.9934884905815125,0.006511509418487549,1.2660712003707886,0.01910710707306862,110,3.7314100463728006e-06
1964,0.9932376742362976,0.006762325763702393,1.2678987979888916,0.019373688846826553,110,3.7314100463728006e-06
1965,0.9935668110847473,0.0064331889152526855,1.2446014881134033,0.018814871087670326,110,3.7314100463728006e-06
1966,0.9933797121047974,0.006620287895202637,1.260794997215271,0.01916203461587429,110,3.7314100463728006e-06
1967,0.9932751059532166,0.006724894046783447,1.2652961015701294,0.0193106047809124,110,3.7314100463728006e-06
1968,0.9932201504707336,0.006779849529266357,1.255834698677063,0.0192703977227211,110,3.7314100463728006e-06
1969,0.9935075044631958,0.006492495536804199,1.253282070159912,0.018960390239953995,110,3.7314100463728006e-06
1970,0.9936228394508362,0.006377160549163818,1.2458208799362183,0.018771598115563393,110,3.7314100463728006e-06
1971,0.9933528900146484,0.0066471099853515625,1.2635380029678345,0.01921601966023445,110,3.7314100463728006e-06
1972,0.9930156469345093,0.006984353065490723,1.2665873765945435,0.019580382853746414,110,3.7314100463728006e-06
1973,0.9933960437774658,0.00660395622253418,1.2580323219299316,0.019118240103125572,110,3.7314100463728006e-06
1974,0.9932076930999756,0.006792306900024414,1.266863465309143,0.019393019378185272,110,3.7314100463728006e-06
1975,0.9934221506118774,0.006577849388122559,1.2572699785232544,0.01908477023243904,110,3.7314100463728006e-06
1976,0.9932410717010498,0.006758928298950195,1.2690798044204712,0.019382135942578316,110,3.7314100463728006e-06
1977,0.9934234023094177,0.006576597690582275,1.2608755826950073,0.019119586795568466,110,3.7314100463728006e-06
1978,0.9933772087097168,0.006622791290283203,1.2681528329849243,0.019238092005252838,110,3.7314100463728006e-06
1979,0.9934834241867065,0.006516575813293457,1.2666798830032349,0.019118208438158035,110,3.7314100463728006e-06
1980,0.9933760762214661,0.0066239237785339355,1.2627017498016357,0.019184701144695282,111,3.5448395440541604e-06
1981,0.9932602643966675,0.0067397356033325195,1.256943702697754,0.019241774454712868,111,3.5448395440541604e-06
1982,0.9931715726852417,0.006828427314758301,1.26871657371521,0.019447308033704758,111,3.5448395440541604e-06
1983,0.9936468005180359,0.006353199481964111,1.2548191547393799,0.018837857991456985,111,3.5448395440541604e-06
1984,0.993451714515686,0.006548285484313965,1.279988408088684,0.019282687455415726,111,3.5448395440541604e-06
1985,0.9935972094535828,0.006402790546417236,1.2400270700454712,0.018739033490419388,111,3.5448395440541604e-06
1986,0.9932402968406677,0.006759703159332275,1.2642561197280884,0.019334666430950165,111,3.5448395440541604e-06
1987,0.9930317997932434,0.006968200206756592,1.269586443901062,0.019594382494688034,111,3.5448395440541604e-06
1988,0.9933958649635315,0.006604135036468506,1.2545983791351318,0.019084077328443527,111,3.5448395440541604e-06
1989,0.9934822916984558,0.0065177083015441895,1.2543877363204956,0.018996408209204674,111,3.5448395440541604e-06
1990,0.9935593605041504,0.006440639495849609,1.2566282749176025,0.018942516297101974,111,3.5448395440541604e-06
1991,0.9929165840148926,0.007083415985107422,1.2649555206298828,0.01966213621199131,111,3.5448395440541604e-06
1992,0.9933988451957703,0.006601154804229736,1.2472782135009766,0.01900792494416237,111,3.5448395440541604e-06
1993,0.99335116147995,0.006648838520050049,1.262879729270935,0.019211146980524063,111,3.5448395440541604e-06
1994,0.9931373596191406,0.006862640380859375,1.267357587814331,0.019467588514089584,111,3.5448395440541604e-06
1995,0.993440568447113,0.006559431552886963,1.2576731443405151,0.019070567563176155,111,3.5448395440541604e-06
1996,0.9933156967163086,0.006684303283691406,1.2707551717758179,0.01932501047849655,111,3.5448395440541604e-06
1997,0.9937216639518738,0.006278336048126221,1.242383599281311,0.01863938942551613,111,3.5448395440541604e-06
1998,0.993251621723175,0.006748378276824951,1.2717851400375366,0.019398745149374008,112,3.3675975668514524e-06
1999,0.9931356906890869,0.006864309310913086,1.2713652849197388,0.019509319216012955,112,3.3675975668514524e-06
2000,0.9934547543525696,0.00654524564743042,1.2522740364074707,0.019002534449100494,112,3.3675975668514524e-06
2001,0.9935911893844604,0.006408810615539551,1.2535629272460938,0.01888035237789154,112,3.3675975668514524e-06
2002,0.9933682084083557,0.006631791591644287,1.263863444328308,0.01920410804450512,112,3.3675975668514524e-06
2003,0.9931086897850037,0.006891310214996338,1.2689461708068848,0.019511858001351357,112,3.3675975668514524e-06
2004,0.993301510810852,0.006698489189147949,1.2616541385650635,0.01924804598093033,112,3.3675975668514524e-06
2005,0.9936997890472412,0.006300210952758789,1.239327311515808,0.018630482256412506,112,3.3675975668514524e-06
2006,0.9929673075675964,0.0070326924324035645,1.2595138549804688,0.01955750398337841,112,3.3675975668514524e-06
2007,0.9932422041893005,0.006757795810699463,1.2573578357696533,0.019263796508312225,112,3.3675975668514524e-06
2008,0.9932212829589844,0.006778717041015625,1.2688275575637817,0.019399205222725868,112,3.3675975668514524e-06
2009,0.9934833645820618,0.006516635417938232,1.2622076272964478,0.019073545932769775,112,3.3675975668514524e-06
2010,0.9934070110321045,0.006592988967895508,1.2507420778274536,0.019034478813409805,112,3.3675975668514524e-06
2011,0.9932154417037964,0.006784558296203613,1.2661854028701782,0.01937856711447239,112,3.3675975668514524e-06
2012,0.9937707781791687,0.006229221820831299,1.2508955001831055,0.01867588423192501,112,3.3675975668514524e-06
2013,0.9930458068847656,0.006954193115234375,1.2753820419311523,0.01963847130537033,112,3.3675975668514524e-06
2014,0.9935845136642456,0.0064154863357543945,1.2526772022247314,0.01887810416519642,112,3.3675975668514524e-06
2015,0.9934540390968323,0.006545960903167725,1.2652959823608398,0.019133461639285088,112,3.3675975668514524e-06
2016,0.9933448433876038,0.00665515661239624,1.256295919418335,0.019151564687490463,113,3.1992176885088796e-06
2017,0.9932716488838196,0.00672835111618042,1.2511399984359741,0.019172467291355133,113,3.1992176885088796e-06
2018,0.9932868480682373,0.006713151931762695,1.262956142425537,0.01927558146417141,113,3.1992176885088796e-06
2019,0.9929977655410767,0.00700223445892334,1.2798388004302979,0.019730599597096443,113,3.1992176885088796e-06
2020,0.9929807782173157,0.007019221782684326,1.264430284500122,0.019593331962823868,113,3.1992176885088796e-06
2021,0.9933953881263733,0.006604611873626709,1.2547301054000854,0.019085867330431938,113,3.1992176885088796e-06
2022,0.9934287071228027,0.006571292877197266,1.2482342720031738,0.018987921997904778,113,3.1992176885088796e-06
2023,0.9935204982757568,0.006479501724243164,1.259107232093811,0.019005779176950455,113,3.1992176885088796e-06
2024,0.9935317635536194,0.006468236446380615,1.2576673030853271,0.018980227410793304,113,3.1992176885088796e-06
2025,0.9934837818145752,0.006516218185424805,1.269754409790039,0.019148599356412888,113,3.1992176885088796e-06
2026,0.993234395980835,0.006765604019165039,1.2697850465774536,0.019395798444747925,113,3.1992176885088796e-06
2027,0.9934295415878296,0.00657045841217041,1.252868413925171,0.019033437594771385,113,3.1992176885088796e-06
2028,0.9934330582618713,0.006566941738128662,1.2672898769378662,0.01917416974902153,113,3.1992176885088796e-06
2029,0.9935486912727356,0.006451308727264404,1.2637101411819458,0.019023897126317024,113,3.1992176885088796e-06
2030,0.9933399558067322,0.006660044193267822,1.249433159828186,0.01908777467906475,113,3.1992176885088796e-06
2031,0.9933955669403076,0.006604433059692383,1.264453411102295,0.019182922318577766,113,3.1992176885088796e-06
2032,0.9932531714439392,0.006746828556060791,1.2676072120666504,0.01935543119907379,113,3.1992176885088796e-06
2033,0.9936095476150513,0.0063904523849487305,1.2331486940383911,0.01865803450345993,113,3.1992176885088796e-06
2034,0.993372917175293,0.006627082824707031,1.2608014345169067,0.019168825820088387,114,3.0392568040834356e-06
2035,0.9933710694313049,0.006628930568695068,1.255174160003662,0.019114382565021515,114,3.0392568040834356e-06
2036,0.9933798313140869,0.006620168685913086,1.2606456279754639,0.019160423427820206,114,3.0392568040834356e-06
2037,0.9930129647254944,0.006987035274505615,1.2670938968658447,0.019588103517889977,114,3.0392568040834356e-06
2038,0.9932873845100403,0.006712615489959717,1.2584483623504639,0.01922997273504734,114,3.0392568040834356e-06
2039,0.9934545159339905,0.0065454840660095215,1.266229510307312,0.01914232410490513,114,3.0392568040834356e-06
2040,0.993392288684845,0.006607711315155029,1.249745488166809,0.019039088860154152,114,3.0392568040834356e-06
2041,0.9929539561271667,0.007046043872833252,1.264039158821106,0.01961597427725792,114,3.0392568040834356e-06
2042,0.9932088851928711,0.006791114807128906,1.2700774669647217,0.01942397840321064,114,3.0392568040834356e-06
2043,0.993467390537262,0.006532609462738037,1.2693850994110107,0.019161133095622063,114,3.0392568040834356e-06
2044,0.9932829737663269,0.006717026233673096,1.2602912187576294,0.01925276778638363,114,3.0392568040834356e-06
2045,0.9933967590332031,0.006603240966796875,1.2635087966918945,0.019172295928001404,114,3.0392568040834356e-06
2046,0.9935470223426819,0.006452977657318115,1.245160698890686,0.01884005405008793,114,3.0392568040834356e-06
2047,0.9934435486793518,0.006556451320648193,1.2482304573059082,0.01897319033741951,114,3.0392568040834356e-06
2048,0.9936057925224304,0.00639420747756958,1.2547082901000977,0.01887734793126583,114,3.0392568040834356e-06
2049,0.993410587310791,0.006589412689208984,1.2548564672470093,0.01907208189368248,114,3.0392568040834356e-06
2050,0.9932374954223633,0.006762504577636719,1.279148817062378,0.01948636770248413,114,3.0392568040834356e-06
2051,0.9938399195671082,0.006160080432891846,1.2581558227539062,0.018680037930607796,114,3.0392568040834356e-06
2052,0.9931271076202393,0.006872892379760742,1.249894380569458,0.019303105771541595,115,2.8872939638792635e-06
2053,0.9933269619941711,0.006673038005828857,1.2656484842300415,0.01926279254257679,115,2.8872939638792635e-06
2054,0.99297696352005,0.007023036479949951,1.2740082740783691,0.019692888483405113,115,2.8872939638792635e-06
2055,0.9934349060058594,0.006565093994140625,1.2529906034469604,0.019029349088668823,115,2.8872939638792635e-06
2056,0.9935462474822998,0.006453752517700195,1.2517913579940796,0.018907127901911736,115,2.8872939638792635e-06
2057,0.9933231472969055,0.006676852703094482,1.261511206626892,0.019225195050239563,115,2.8872939638792635e-06
2058,0.9931285381317139,0.006871461868286133,1.2719694375991821,0.019522441551089287,115,2.8872939638792635e-06
2059,0.9934746026992798,0.006525397300720215,1.2696079015731812,0.01915622130036354,115,2.8872939638792635e-06
2060,0.9933663010597229,0.0066336989402771,1.2493689060211182,0.019061051309108734,115,2.8872939638792635e-06
2061,0.9931628108024597,0.006837189197540283,1.26360023021698,0.01940481923520565,115,2.8872939638792635e-06
2062,0.993287205696106,0.006712794303894043,1.264320731163025,0.01928887329995632,115,2.8872939638792635e-06
2063,0.9935088753700256,0.006491124629974365,1.251800537109375,0.01894421875476837,115,2.8872939638792635e-06
2064,0.9934884309768677,0.006511569023132324,1.2475411891937256,0.01892186515033245,115,2.8872939638792635e-06
2065,0.9936232566833496,0.006376743316650391,1.257095217704773,0.018883928656578064,115,2.8872939638792635e-06
2066,0.9934884905815125,0.006511509418487549,1.2634003162384033,0.019080396741628647,115,2.8872939638792635e-06
2067,0.9933616518974304,0.00663834810256958,1.269289255142212,0.019264856353402138,115,2.8872939638792635e-06
2068,0.993412435054779,0.006587564945220947,1.260971188545227,0.019131401553750038,115,2.8872939638792635e-06
2069,0.9931565523147583,0.006843447685241699,1.2662086486816406,0.019437100738286972,115,2.8872939638792635e-06
2070,0.9934511184692383,0.006548881530761719,1.2627334594726562,0.019110728055238724,116,2.7429292656853003e-06
2071,0.9935235977172852,0.006476402282714844,1.2664484977722168,0.01907612383365631,116,2.7429292656853003e-06
2072,0.9933621883392334,0.0066378116607666016,1.2521642446517944,0.019093075767159462,116,2.7429292656853003e-06
2073,0.9933484792709351,0.006651520729064941,1.2410712242126465,0.01899571716785431,116,2.7429292656853003e-06
2074,0.9934329390525818,0.006567060947418213,1.2512714862823486,0.019014105200767517,116,2.7429292656853003e-06
2075,0.9933315515518188,0.006668448448181152,1.2544078826904297,0.019145842641592026,116,2.7429292656853003e-06
2076,0.9929956793785095,0.0070043206214904785,1.2829196453094482,0.01976347342133522,116,2.7429292656853003e-06
2077,0.9932437539100647,0.006756246089935303,1.2604864835739136,0.01929354853928089,116,2.7429292656853003e-06
2078,0.9934477210044861,0.006552278995513916,1.2525367736816406,0.019012123346328735,116,2.7429292656853003e-06
2079,0.9931323528289795,0.006867647171020508,1.2596843242645264,0.01939581334590912,116,2.7429292656853003e-06
2080,0.9932549595832825,0.006745040416717529,1.2661725282669067,0.019339315593242645,116,2.7429292656853003e-06
2081,0.9933664798736572,0.0066335201263427734,1.2692402601242065,0.019259586930274963,116,2.7429292656853003e-06
2082,0.9937376976013184,0.006262302398681641,1.2585442066192627,0.01878512091934681,116,2.7429292656853003e-06
2083,0.9931509494781494,0.006849050521850586,1.2619088888168335,0.019399648532271385,116,2.7429292656853003e-06
2084,0.9935539960861206,0.0064460039138793945,1.2572399377822876,0.018953943625092506,116,2.7429292656853003e-06
2085,0.9933894276618958,0.006610572338104248,1.271016240119934,0.01925462856888771,116,2.7429292656853003e-06
2086,0.9932092428207397,0.006790757179260254,1.2668535709381104,0.019391383975744247,116,2.7429292656853003e-06
2087,0.9936186671257019,0.006381332874298096,1.2333564758300781,0.018651083111763,116,2.7429292656853003e-06
2088,0.9931886196136475,0.006811380386352539,1.2578651905059814,0.019321918487548828,117,2.605782802401035e-06
2089,0.9932047128677368,0.006795287132263184,1.2704637050628662,0.01943197101354599,117,2.605782802401035e-06
2090,0.9934402704238892,0.00655972957611084,1.2577040195465088,0.019071172922849655,117,2.605782802401035e-06
2091,0.9934990406036377,0.006500959396362305,1.2619249820709229,0.01905519887804985,117,2.605782802401035e-06
2092,0.9935676455497742,0.00643235445022583,1.249017596244812,0.018858205527067184,117,2.605782802401035e-06
2093,0.9931840896606445,0.006815910339355469,1.2516899108886719,0.019264649599790573,117,2.605782802401035e-06
2094,0.9932534694671631,0.006746530532836914,1.2531616687774658,0.019210681319236755,117,2.605782802401035e-06
2095,0.9931730031967163,0.006826996803283691,1.2668249607086182,0.019426975399255753,117,2.605782802401035e-06
2096,0.993544340133667,0.006455659866333008,1.2456300258636475,0.018847402185201645,117,2.605782802401035e-06
2097,0.9934816956520081,0.006518304347991943,1.2736897468566895,0.019190018996596336,117,2.605782802401035e-06
2098,0.9933087229728699,0.006691277027130127,1.2648539543151855,0.019272904843091965,117,2.605782802401035e-06
2099,0.9932291507720947,0.0067708492279052734,1.2572633028030396,0.01927577331662178,117,2.605782802401035e-06
2100,0.9934815764427185,0.006518423557281494,1.2598172426223755,0.019051410257816315,117,2.605782802401035e-06
2101,0.9930587410926819,0.006941258907318115,1.288922905921936,0.01976107433438301,117,2.605782802401035e-06
2102,0.9937353730201721,0.006264626979827881,1.2510191202163696,0.01871217042207718,117,2.605782802401035e-06
2103,0.9933454394340515,0.006654560565948486,1.2509629726409912,0.019097644835710526,117,2.605782802401035e-06
2104,0.9933661818504333,0.00663381814956665,1.2645533084869385,0.019213013350963593,117,2.605782802401035e-06
2105,0.9932427406311035,0.006757259368896484,1.2626962661743164,0.019316649064421654,117,2.605782802401035e-06
2106,0.9932439923286438,0.006756007671356201,1.2672278881072998,0.019360726699233055,118,2.475493662280983e-06
2107,0.9935089945793152,0.0064910054206848145,1.2547674179077148,0.01897376962006092,118,2.475493662280983e-06
2108,0.9933254718780518,0.006674528121948242,1.2566819190979004,0.01917460188269615,118,2.475493662280983e-06
2109,0.9932724833488464,0.0067275166511535645,1.259647250175476,0.01925671473145485,118,2.475493662280983e-06
2110,0.9931482672691345,0.0068517327308654785,1.2600525617599487,0.019383739680051804,118,2.475493662280983e-06
2111,0.9933927059173584,0.0066072940826416016,1.2620772123336792,0.019161993637681007,118,2.475493662280983e-06
2112,0.9932215213775635,0.0067784786224365234,1.2648992538452148,0.019359685480594635,118,2.475493662280983e-06
2113,0.9935954213142395,0.006404578685760498,1.2565007209777832,0.01890553906559944,118,2.475493662280983e-06
2114,0.9934260845184326,0.006573915481567383,1.2455905675888062,0.01896408200263977,118,2.475493662280983e-06
2115,0.9930957555770874,0.006904244422912598,1.2726037502288818,0.01956123858690262,118,2.475493662280983e-06
2116,0.9934042096138,0.006595790386199951,1.2570611238479614,0.01910044439136982,118,2.475493662280983e-06
2117,0.9935188293457031,0.006481170654296875,1.257506012916565,0.018991418182849884,118,2.475493662280983e-06
2118,0.9932960271835327,0.006703972816467285,1.273329496383667,0.019370228052139282,118,2.475493662280983e-06
2119,0.9933710694313049,0.006628930568695068,1.2665077447891235,0.01922771893441677,118,2.475493662280983e-06
2120,0.9934224486351013,0.006577551364898682,1.257171630859375,0.01908349245786667,118,2.475493662280983e-06
2121,0.9936480522155762,0.006351947784423828,1.2486491203308105,0.01877491921186447,118,2.475493662280983e-06
2122,0.9930898547172546,0.006910145282745361,1.2615396976470947,0.019456440582871437,118,2.475493662280983e-06
2123,0.9936075806617737,0.006392419338226318,1.2853760719299316,0.019182255491614342,118,2.475493662280983e-06
2124,0.9933401346206665,0.006659865379333496,1.2760264873504639,0.019353531301021576,119,2.351718979166934e-06
2125,0.9934645295143127,0.006535470485687256,1.2526048421859741,0.018996164202690125,119,2.351718979166934e-06
2126,0.9932244420051575,0.006775557994842529,1.2797969579696655,0.01950577273964882,119,2.351718979166934e-06
2127,0.9934710264205933,0.006528973579406738,1.2441517114639282,0.01890520006418228,119,2.351718979166934e-06
2128,0.9934235215187073,0.006576478481292725,1.254551649093628,0.019056228920817375,119,2.351718979166934e-06
2129,0.993168294429779,0.006831705570220947,1.2714905738830566,0.019478294998407364,119,2.351718979166934e-06
2130,0.9937048554420471,0.006295144557952881,1.2558567523956299,0.01879076100885868,119,2.351718979166934e-06
2131,0.9932957291603088,0.006704270839691162,1.2521518468856812,0.019158747047185898,119,2.351718979166934e-06
2132,0.9934771060943604,0.0065228939056396484,1.243403673171997,0.018891701474785805,119,2.351718979166934e-06
2133,0.9933570623397827,0.006642937660217285,1.2655856609344482,0.019232364371418953,119,2.351718979166934e-06
2134,0.993394136428833,0.006605863571166992,1.2621220350265503,0.019161025062203407,119,2.351718979166934e-06
2135,0.9927442669868469,0.007255733013153076,1.2670551538467407,0.019853726029396057,119,2.351718979166934e-06
2136,0.9934231042861938,0.006576895713806152,1.2594683170318604,0.019105810672044754,119,2.351718979166934e-06
2137,0.9934266209602356,0.006573379039764404,1.261899709701538,0.019126642495393753,119,2.351718979166934e-06
2138,0.9934084415435791,0.0065915584564208984,1.269919514656067,0.01922483742237091,119,2.351718979166934e-06
2139,0.9934123158454895,0.006587684154510498,1.2497674226760864,0.019019480794668198,119,2.351718979166934e-06
2140,0.9934911131858826,0.006508886814117432,1.2594407796859741,0.019038205966353416,119,2.351718979166934e-06
2141,0.992764949798584,0.007235050201416016,1.2612173557281494,0.019774872809648514,119,2.351718979166934e-06
2142,0.9932728409767151,0.006727159023284912,1.2669090032577515,0.019328977912664413,120,2.234133030208587e-06
2143,0.9935912489891052,0.006408751010894775,1.2432044744491577,0.018776707351207733,120,2.234133030208587e-06
2144,0.9933264851570129,0.0066735148429870605,1.2653985023498535,0.019260764122009277,120,2.234133030208587e-06
2145,0.9929477572441101,0.007052242755889893,1.2692666053771973,0.019674386829137802,120,2.234133030208587e-06
2146,0.9932862520217896,0.006713747978210449,1.255152940750122,0.019198140129446983,120,2.234133030208587e-06
2147,0.993545651435852,0.006454348564147949,1.2560598850250244,0.01895040273666382,120,2.234133030208587e-06
2148,0.9931657314300537,0.006834268569946289,1.2725093364715576,0.01949101872742176,120,2.234133030208587e-06
2149,0.9935271739959717,0.00647282600402832,1.2644702196121216,0.01905279979109764,120,2.234133030208587e-06
2150,0.993077278137207,0.006922721862792969,1.270808458328247,0.019561579450964928,120,2.234133030208587e-06
2151,0.9934254288673401,0.006574571132659912,1.2581509351730347,0.019090333953499794,120,2.234133030208587e-06
2152,0.9931386113166809,0.006861388683319092,1.2687807083129883,0.01948058232665062,120,2.234133030208587e-06
2153,0.9937151670455933,0.006284832954406738,1.2390180826187134,0.01861216500401497,120,2.234133030208587e-06
2154,0.9935084581375122,0.006491541862487793,1.2442166805267334,0.018868792802095413,120,2.234133030208587e-06
2155,0.9933283925056458,0.006671607494354248,1.2654423713684082,0.019259314984083176,120,2.234133030208587e-06
2156,0.9935689568519592,0.0064310431480407715,1.2700002193450928,0.019066734239459038,120,2.234133030208587e-06
2157,0.993145763874054,0.006854236125946045,1.2626317739486694,0.01941201090812683,120,2.234133030208587e-06
2158,0.9933419823646545,0.006658017635345459,1.2644695043563843,0.019236132502555847,120,2.234133030208587e-06
2159,0.9936874508857727,0.006312549114227295,1.2308074235916138,0.01855749823153019,120,2.234133030208587e-06
2160,0.9931802749633789,0.006819725036621094,1.2775323390960693,0.019526850432157516,121,2.1224263786981576e-06
2161,0.9932596683502197,0.0067403316497802734,1.2555859088897705,0.01922878809273243,121,2.1224263786981576e-06
2162,0.9933289885520935,0.006671011447906494,1.2595820426940918,0.019200121983885765,121,2.1224263786981576e-06
2163,0.9934829473495483,0.00651705265045166,1.2540947198867798,0.018992828205227852,121,2.1224263786981576e-06
2164,0.9936408996582031,0.006359100341796875,1.2681057453155518,0.018976565450429916,121,2.1224263786981576e-06
2165,0.9932909607887268,0.006709039211273193,1.2659696340560913,0.0193016454577446,121,2.1224263786981576e-06
2166,0.9933046102523804,0.006695389747619629,1.2714298963546753,0.019342735409736633,121,2.1224263786981576e-06
2167,0.993317723274231,0.006682276725769043,1.256029725074768,0.019175751134753227,121,2.1224263786981576e-06
2168,0.9932829737663269,0.006717026233673096,1.2669540643692017,0.01931939646601677,121,2.1224263786981576e-06
2169,0.9933267831802368,0.006673216819763184,1.2660664319992065,0.01926714926958084,121,2.1224263786981576e-06
2170,0.9935843348503113,0.006415665149688721,1.2354326248168945,0.018705835565924644,121,2.1224263786981576e-06
2171,0.9931713342666626,0.006828665733337402,1.2678101062774658,0.019438479095697403,121,2.1224263786981576e-06
2172,0.993066668510437,0.006933331489562988,1.2660324573516846,0.01952432282269001,121,2.1224263786981576e-06
2173,0.9934806227684021,0.0065193772315979,1.2521592378616333,0.018975775688886642,121,2.1224263786981576e-06
2174,0.9934481978416443,0.006551802158355713,1.2474536895751953,0.018960820510983467,121,2.1224263786981576e-06
2175,0.993381142616272,0.006618857383728027,1.263500690460205,0.019187675788998604,121,2.1224263786981576e-06
2176,0.9935721755027771,0.0064278244972229,1.244323968887329,0.018806785345077515,121,2.1224263786981576e-06
2177,0.9932633638381958,0.006736636161804199,1.2875922918319702,0.019545193761587143,121,2.1224263786981576e-06
2178,0.993328332901001,0.0066716670989990234,1.2601670026779175,0.019206620752811432,122,2.0163050597632494e-06
2179,0.9930028915405273,0.006997108459472656,1.2674930095672607,0.01960206776857376,122,2.0163050597632494e-06
2180,0.9933431148529053,0.0066568851470947266,1.2651644945144653,0.01924196071922779,122,2.0163050597632494e-06
2181,0.9934463500976562,0.00655364990234375,1.254148244857788,0.01902959495782852,122,2.0163050597632494e-06
2182,0.9936442971229553,0.006355702877044678,1.247780442237854,0.018769949674606323,122,2.0163050597632494e-06
2183,0.9933151602745056,0.006684839725494385,1.272377848625183,0.01934177055954933,122,2.0163050597632494e-06
2184,0.9934869408607483,0.006513059139251709,1.2470207214355469,0.01891813613474369,122,2.0163050597632494e-06
2185,0.9931862354278564,0.006813764572143555,1.2722063064575195,0.019467689096927643,122,2.0163050597632494e-06
2186,0.9936777353286743,0.006322264671325684,1.2584208250045776,0.01884325034916401,122,2.0163050597632494e-06
2187,0.9930559396743774,0.006944060325622559,1.261027455329895,0.01948489435017109,122,2.0163050597632494e-06
2188,0.9935461282730103,0.006453871726989746,1.2467831373214722,0.018857164308428764,122,2.0163050597632494e-06
2189,0.9930092096328735,0.006990790367126465,1.2710411548614502,0.019631292670965195,122,2.0163050597632494e-06
2190,0.9934667944908142,0.006533205509185791,1.2631205320358276,0.019099079072475433,122,2.0163050597632494e-06
2191,0.9934900999069214,0.006509900093078613,1.2566200494766235,0.0190110020339489,122,2.0163050597632494e-06
2192,0.9932401776313782,0.006759822368621826,1.2649422883987427,0.019341647624969482,122,2.0163050597632494e-06
2193,0.9933931827545166,0.0066068172454833984,1.2563841342926025,0.019104590639472008,122,2.0163050597632494e-06
2194,0.9933594465255737,0.0066405534744262695,1.2616689205169678,0.01919083669781685,122,2.0163050597632494e-06
2195,0.9932522773742676,0.006747722625732422,1.2628549337387085,0.019308794289827347,122,2.0163050597632494e-06
2196,0.9935534596443176,0.006446540355682373,1.2532246112823486,0.018914319574832916,123,1.915489806775087e-06
2197,0.9933493733406067,0.0066506266593933105,1.2621619701385498,0.019205739721655846,123,1.915489806775087e-06
2198,0.9930671453475952,0.006932854652404785,1.270216703414917,0.01956569403409958,123,1.915489806775087e-06
2199,0.9934542775154114,0.006545722484588623,1.2513773441314697,0.018994038924574852,123,1.915489806775087e-06
2200,0.993340253829956,0.006659746170043945,1.2687689065933228,0.01928083784878254,123,1.915489806775087e-06
2201,0.9934616088867188,0.00653839111328125,1.2616432905197144,0.019089439883828163,123,1.915489806775087e-06
2202,0.9934315085411072,0.006568491458892822,1.2630376815795898,0.019133184105157852,123,1.915489806775087e-06
2203,0.9932300448417664,0.006769955158233643,1.2773903608322144,0.019476158544421196,123,1.915489806775087e-06
2204,0.9935449361801147,0.006455063819885254,1.2451283931732178,0.01884179748594761,123,1.915489806775087e-06
2205,0.9931235909461975,0.00687640905380249,1.2713954448699951,0.019521597772836685,123,1.915489806775087e-06
2206,0.9935573935508728,0.006442606449127197,1.2471498250961304,0.018849678337574005,123,1.915489806775087e-06
2207,0.9932292699813843,0.006770730018615723,1.250105619430542,0.01920408010482788,123,1.915489806775087e-06
2208,0.9934285879135132,0.006571412086486816,1.2607226371765137,0.019112924113869667,123,1.915489806775087e-06
2209,0.9934659004211426,0.006534099578857422,1.2676584720611572,0.019145343452692032,123,1.915489806775087e-06
2210,0.9932684302330017,0.006731569766998291,1.2572381496429443,0.01923663541674614,123,1.915489806775087e-06
2211,0.9931645393371582,0.006835460662841797,1.2720082998275757,0.01948718912899494,123,1.915489806775087e-06
2212,0.993371844291687,0.006628155708312988,1.2524158954620361,0.01908603310585022,123,1.915489806775087e-06
2213,0.9934802055358887,0.006519794464111328,1.2448047399520874,0.018902644515037537,123,1.915489806775087e-06
2214,0.9933799505233765,0.006620049476623535,1.2759500741958618,0.019313350319862366,124,1.8197153164363325e-06
2215,0.993472158908844,0.006527841091156006,1.2517822980880737,0.01898038573563099,124,1.8197153164363325e-06
2216,0.9932997226715088,0.006700277328491211,1.2494661808013916,0.01912793703377247,124,1.8197153164363325e-06
2217,0.9934298396110535,0.006570160388946533,1.243285894393921,0.01893731765449047,124,1.8197153164363325e-06
2218,0.9931939840316772,0.006806015968322754,1.2675949335098267,0.0194139052182436,124,1.8197153164363325e-06
2219,0.9933241009712219,0.006675899028778076,1.2576184272766113,0.019185323268175125,124,1.8197153164363325e-06
2220,0.993506133556366,0.006493866443634033,1.2581400871276855,0.019010327756404877,124,1.8197153164363325e-06
2221,0.9935824275016785,0.006417572498321533,1.2467756271362305,0.018821153789758682,124,1.8197153164363325e-06
2222,0.9936264753341675,0.0063735246658325195,1.256575584411621,0.018875544890761375,124,1.8197153164363325e-06
2223,0.9933460354804993,0.006653964519500732,1.2606635093688965,0.01919405907392502,124,1.8197153164363325e-06
2224,0.9928092360496521,0.0071907639503479,1.2839845418930054,0.019958700984716415,124,1.8197153164363325e-06
2225,0.9933245778083801,0.006675422191619873,1.2684463262557983,0.019293131306767464,124,1.8197153164363325e-06
2226,0.9929721355438232,0.007027864456176758,1.2665886878967285,0.019623473286628723,124,1.8197153164363325e-06
2227,0.9933369159698486,0.006663084030151367,1.2560596466064453,0.0191570483148098,124,1.8197153164363325e-06
2228,0.9933763742446899,0.006623625755310059,1.2682634592056274,0.01924002356827259,124,1.8197153164363325e-06
2229,0.9936015605926514,0.006398439407348633,1.2491354942321777,0.01882581040263176,124,1.8197153164363325e-06
2230,0.9934716820716858,0.006528317928314209,1.2674031257629395,0.01913706585764885,124,1.8197153164363325e-06
2231,0.9932122230529785,0.006787776947021484,1.258387565612793,0.01930377446115017,124,1.8197153164363325e-06
2232,0.9933731555938721,0.00662684440612793,1.2586427927017212,0.019147004932165146,125,1.7287295506145157e-06
2233,0.9936633706092834,0.006336629390716553,1.2648848295211792,0.01892211101949215,125,1.7287295506145157e-06
2234,0.9933508634567261,0.006649136543273926,1.2574362754821777,0.019157007336616516,125,1.7287295506145157e-06
2235,0.9937402009963989,0.006259799003601074,1.2496036291122437,0.018693238496780396,125,1.7287295506145157e-06
2236,0.9931024312973022,0.006897568702697754,1.2628567218780518,0.01945715956389904,125,1.7287295506145157e-06
2237,0.9931718707084656,0.006828129291534424,1.2703346014022827,0.01946319453418255,125,1.7287295506145157e-06
2238,0.9935463070869446,0.00645369291305542,1.2458738088607788,0.018847893923521042,125,1.7287295506145157e-06
2239,0.9930201768875122,0.006979823112487793,1.2636752128601074,0.01954677700996399,125,1.7287295506145157e-06
2240,0.9932221174240112,0.0067778825759887695,1.2570452690124512,0.019280556589365005,125,1.7287295506145157e-06
2241,0.9933584928512573,0.006641507148742676,1.2640540599822998,0.01921563223004341,125,1.7287295506145157e-06
2242,0.9932909607887268,0.006709039211273193,1.2733830213546753,0.01937577873468399,125,1.7287295506145157e-06
2243,0.9931960105895996,0.006803989410400391,1.271313190460205,0.019449081271886826,125,1.7287295506145157e-06
2244,0.9934632182121277,0.0065367817878723145,1.2445896863937378,0.01891731098294258,125,1.7287295506145157e-06
2245,0.9932426810264587,0.00675731897354126,1.2622408866882324,0.01931215450167656,125,1.7287295506145157e-06
2246,0.9935178160667419,0.006482183933258057,1.2594184875488281,0.019011545926332474,125,1.7287295506145157e-06
2247,0.9934758543968201,0.006524145603179932,1.2637503147125244,0.019096406176686287,125,1.7287295506145157e-06
2248,0.9933198094367981,0.006680190563201904,1.2542533874511719,0.019155923277139664,125,1.7287295506145157e-06
2249,0.9933785796165466,0.006621420383453369,1.268133282661438,0.01923653855919838,125,1.7287295506145157e-06
2250,0.9930861592292786,0.0069138407707214355,1.2748020887374878,0.01959272287786007,126,1.6422930730837899e-06
2251,0.99334317445755,0.006656825542449951,1.2510992288589478,0.019101249054074287,126,1.6422930730837899e-06
2252,0.9933720231056213,0.006627976894378662,1.2606524229049683,0.019168220460414886,126,1.6422930730837899e-06
2253,0.9937354326248169,0.0062645673751831055,1.2400141954421997,0.01860206387937069,126,1.6422930730837899e-06
2254,0.9929606318473816,0.007039368152618408,1.2562388181686401,0.019531361758708954,126,1.6422930730837899e-06
2255,0.9933735728263855,0.006626427173614502,1.2575970888137817,0.019136134535074234,126,1.6422930730837899e-06
2256,0.9933889508247375,0.006611049175262451,1.2555427551269531,0.019100366160273552,126,1.6422930730837899e-06
2257,0.9936129450798035,0.006387054920196533,1.250778317451477,0.01883096806704998,126,1.6422930730837899e-06
2258,0.9935900568962097,0.006409943103790283,1.2770391702651978,0.01911623403429985,126,1.6422930730837899e-06
2259,0.9933353662490845,0.006664633750915527,1.2646316289901733,0.019244302064180374,126,1.6422930730837899e-06
2260,0.993078887462616,0.006921112537384033,1.2666468620300293,0.019518369808793068,126,1.6422930730837899e-06
2261,0.9932719469070435,0.006728053092956543,1.2636675834655762,0.019297447055578232,126,1.6422930730837899e-06
2262,0.9934081435203552,0.006591856479644775,1.2620152235031128,0.019146090373396873,126,1.6422930730837899e-06
2263,0.9935124516487122,0.006487548351287842,1.2653971910476685,0.019076645374298096,126,1.6422930730837899e-06
2264,0.9934018850326538,0.006598114967346191,1.2510367631912231,0.019042501226067543,126,1.6422930730837899e-06
2265,0.9933105707168579,0.00668942928314209,1.26968514919281,0.019319385290145874,126,1.6422930730837899e-06
2266,0.9934993982315063,0.006500601768493652,1.2488688230514526,0.018924284726381302,126,1.6422930730837899e-06
2267,0.9927566647529602,0.007243335247039795,1.2872638702392578,0.020043540745973587,126,1.6422930730837899e-06
2268,0.993362545967102,0.006637454032897949,1.2421411275863647,0.01899249106645584,127,1.5601784194296004e-06
2269,0.993330717086792,0.006669282913208008,1.2645032405853271,0.019247621297836304,127,1.5601784194296004e-06
2270,0.9933574199676514,0.006642580032348633,1.2573250532150269,0.019149404019117355,127,1.5601784194296004e-06
2271,0.9935429692268372,0.006457030773162842,1.2643288373947144,0.01903574913740158,127,1.5601784194296004e-06
2272,0.993213951587677,0.006786048412322998,1.2591559886932373,0.019309747964143753,127,1.5601784194296004e-06
2273,0.9932489395141602,0.006751060485839844,1.2651418447494507,0.01933496817946434,127,1.5601784194296004e-06
2274,0.9934977889060974,0.006502211093902588,1.263530969619751,0.019072499126195908,127,1.5601784194296004e-06
2275,0.9934976696968079,0.006502330303192139,1.2487190961837769,0.018924497067928314,127,1.5601784194296004e-06
2276,0.99306321144104,0.006936788558959961,1.287428379058838,0.019741704687476158,127,1.5601784194296004e-06
2277,0.9930416345596313,0.006958365440368652,1.2615121603012085,0.01950390264391899,127,1.5601784194296004e-06
2278,0.9936627149581909,0.006337285041809082,1.2599128484725952,0.01887303963303566,127,1.5601784194296004e-06
2279,0.993701159954071,0.006298840045928955,1.2484283447265625,0.01872013509273529,127,1.5601784194296004e-06
2280,0.9933222532272339,0.006677746772766113,1.2610379457473755,0.0192213486880064,127,1.5601784194296004e-06
2281,0.9934259653091431,0.006574034690856934,1.254997730255127,0.01905827224254608,127,1.5601784194296004e-06
2282,0.9933093190193176,0.006690680980682373,1.2613626718521118,0.019237400963902473,127,1.5601784194296004e-06
2283,0.9931798577308655,0.0068201422691345215,1.2632566690444946,0.019384507089853287,127,1.5601784194296004e-06
2284,0.9933757781982422,0.0066242218017578125,1.259960651397705,0.019157584756612778,127,1.5601784194296004e-06
2285,0.993095874786377,0.006904125213623047,1.273826003074646,0.01957334391772747,127,1.5601784194296004e-06
2286,0.9935009479522705,0.006499052047729492,1.2439666986465454,0.018873728811740875,128,1.4821694984581202e-06
2287,0.9930130243301392,0.00698697566986084,1.2594636678695679,0.019511742517352104,128,1.4821694984581202e-06
2288,0.9934609532356262,0.006539046764373779,1.2595610618591309,0.019069267436861992,128,1.4821694984581202e-06
2289,0.9937105178833008,0.006289482116699219,1.2512699365615845,0.018739286810159683,128,1.4821694984581202e-06
2290,0.9933111667633057,0.006688833236694336,1.264770746231079,0.019269652664661407,128,1.4821694984581202e-06
2291,0.9931691288948059,0.006830871105194092,1.2760545015335083,0.019523106515407562,128,1.4821694984581202e-06
2292,0.9931537508964539,0.006846249103546143,1.2550827264785767,0.019328612834215164,128,1.4821694984581202e-06
2293,0.9934654235839844,0.006534576416015625,1.2527393102645874,0.018996624276041985,128,1.4821694984581202e-06
2294,0.9934106469154358,0.006589353084564209,1.2590739727020264,0.01911420002579689,128,1.4821694984581202e-06
2295,0.9933600425720215,0.006639957427978516,1.2662415504455566,0.019235972315073013,128,1.4821694984581202e-06
2296,0.9935626983642578,0.0064373016357421875,1.2509318590164185,0.01888224668800831,128,1.4821694984581202e-06
2297,0.9929294586181641,0.0070705413818359375,1.2665399312973022,0.01966523565351963,128,1.4821694984581202e-06
2298,0.9934532046318054,0.00654679536819458,1.271262764930725,0.01919395476579666,128,1.4821694984581202e-06
2299,0.9934417605400085,0.006558239459991455,1.2684406042099,0.019177062436938286,128,1.4821694984581202e-06
2300,0.9935344457626343,0.006465554237365723,1.257138967514038,0.018972288817167282,128,1.4821694984581202e-06
2301,0.9933689832687378,0.006631016731262207,1.2628709077835083,0.019193414598703384,128,1.4821694984581202e-06
2302,0.9931768178939819,0.006823182106018066,1.2601221799850464,0.019356172531843185,128,1.4821694984581202e-06
2303,0.9936023354530334,0.006397664546966553,1.263336181640625,0.018967049196362495,128,1.4821694984581202e-06
2304,0.9929186701774597,0.007081329822540283,1.262278437614441,0.019633300602436066,129,1.4080610235352142e-06
2305,0.9934017658233643,0.006598234176635742,1.2658147811889648,0.01919039897620678,129,1.4080610235352142e-06
2306,0.9931740760803223,0.006825923919677734,1.2569496631622314,0.019327161833643913,129,1.4080610235352142e-06
2307,0.9936583638191223,0.0063416361808776855,1.2467809915542603,0.0187460295855999,129,1.4080610235352142e-06
2308,0.9933630228042603,0.006636977195739746,1.2656464576721191,0.019227072596549988,129,1.4080610235352142e-06
2309,0.9933934807777405,0.0066065192222595215,1.258235216140747,0.019122805446386337,129,1.4080610235352142e-06
2310,0.9931550621986389,0.006844937801361084,1.2720186710357666,0.019496675580739975,129,1.4080610235352142e-06
2311,0.9933816194534302,0.006618380546569824,1.255669116973877,0.019108887761831284,129,1.4080610235352142e-06
2312,0.9933539628982544,0.0066460371017456055,1.2584168910980225,0.019163746386766434,129,1.4080610235352142e-06
2313,0.9931434392929077,0.006856560707092285,1.2660380601882935,0.019448375329375267,129,1.4080610235352142e-06
2314,0.9934019446372986,0.006598055362701416,1.264634609222412,0.019178420305252075,129,1.4080610235352142e-06
2315,0.9936453104019165,0.006354689598083496,1.252314805984497,0.018814291805028915,129,1.4080610235352142e-06
2316,0.9931907057762146,0.0068092942237854,1.2594934701919556,0.019336136057972908,129,1.4080610235352142e-06
2317,0.9933499693870544,0.006650030612945557,1.2764195203781128,0.019347725436091423,129,1.4080610235352142e-06
2318,0.9933539628982544,0.0066460371017456055,1.2572360038757324,0.01915193721652031,129,1.4080610235352142e-06
2319,0.9936647415161133,0.006335258483886719,1.2502366304397583,0.01877427101135254,129,1.4080610235352142e-06
2320,0.9936203956604004,0.006379604339599609,1.2555665969848633,0.018871473148465157,129,1.4080610235352142e-06
2321,0.9933620691299438,0.006637930870056152,1.2685930728912354,0.019257482141256332,129,1.4080610235352142e-06
2322,0.9933602809906006,0.006639719009399414,1.2529809474945068,0.01910313032567501,130,1.3376579723584535e-06
2323,0.9934630990028381,0.006536900997161865,1.256543517112732,0.019036967307329178,130,1.3376579723584535e-06
2324,0.9934600591659546,0.00653994083404541,1.2460576295852661,0.01893511787056923,130,1.3376579723584535e-06
2325,0.9930647015571594,0.006935298442840576,1.2762236595153809,0.01962818205356598,130,1.3376579723584535e-06
2326,0.9929735064506531,0.007026493549346924,1.2627594470977783,0.019583823159337044,130,1.3376579723584535e-06
2327,0.9935451745986938,0.006454825401306152,1.2501088380813599,0.018891364336013794,130,1.3376579723584535e-06
2328,0.9931314587593079,0.006868541240692139,1.2697110176086426,0.019496966153383255,130,1.3376579723584535e-06
2329,0.9934156537055969,0.006584346294403076,1.259846806526184,0.019116971641778946,130,1.3376579723584535e-06
2330,0.9930996894836426,0.006900310516357422,1.2799601554870605,0.019630908966064453,130,1.3376579723584535e-06
2331,0.9935895204544067,0.006410479545593262,1.2607983350753784,0.018954358994960785,130,1.3376579723584535e-06
2332,0.9933555126190186,0.006644487380981445,1.2462949752807617,0.019040992483496666,130,1.3376579723584535e-06
2333,0.9935904741287231,0.0064095258712768555,1.2706148624420166,0.019051579758524895,130,1.3376579723584535e-06
2334,0.9929393529891968,0.007060647010803223,1.2722426652908325,0.01971246674656868,130,1.3376579723584535e-06
2335,0.9934484362602234,0.006551563739776611,1.247992753982544,0.01896597445011139,130,1.3376579723584535e-06
2336,0.9936692714691162,0.006330728530883789,1.2480525970458984,0.018747946247458458,130,1.3376579723584535e-06
2337,0.9934746026992798,0.006525397300720215,1.2621411085128784,0.01908155530691147,130,1.3376579723584535e-06
2338,0.9934467077255249,0.006553292274475098,1.2611831426620483,0.019099591299891472,130,1.3376579723584535e-06
2339,0.9932580590248108,0.006741940975189209,1.262887954711914,0.019303400069475174,130,1.3376579723584535e-06
2340,0.9934149980545044,0.0065850019454956055,1.2596800327301025,0.019115950912237167,131,1.2707750737405307e-06
2341,0.9935310482978821,0.00646895170211792,1.2598210573196411,0.01900247111916542,131,1.2707750737405307e-06
2342,0.993497371673584,0.006502628326416016,1.2637436389923096,0.01907503791153431,131,1.2707750737405307e-06
2343,0.9932503700256348,0.006749629974365234,1.2455739974975586,0.019137874245643616,131,1.2707750737405307e-06
2344,0.9931333065032959,0.0068666934967041016,1.2608336210250854,0.019406363368034363,131,1.2707750737405307e-06
2345,0.993305504322052,0.006694495677947998,1.2625555992126465,0.01925310678780079,131,1.2707750737405307e-06
2346,0.9930156469345093,0.006984353065490723,1.2799679040908813,0.01971418783068657,131,1.2707750737405307e-06
2347,0.9936290383338928,0.006370961666107178,1.2522904872894287,0.018830155953764915,131,1.2707750737405307e-06
2348,0.9932644963264465,0.006735503673553467,1.26021409034729,0.019270289689302444,131,1.2707750737405307e-06
2349,0.9934677481651306,0.006532251834869385,1.259522557258606,0.01906215399503708,131,1.2707750737405307e-06
2350,0.9935239553451538,0.006476044654846191,1.259873390197754,0.019010018557310104,131,1.2707750737405307e-06
2351,0.9932040572166443,0.006795942783355713,1.266621470451355,0.019394196569919586,131,1.2707750737405307e-06
2352,0.9934855103492737,0.006514489650726318,1.266855001449585,0.019117895513772964,131,1.2707750737405307e-06
2353,0.993293046951294,0.006706953048706055,1.2540323734283447,0.019180206581950188,131,1.2707750737405307e-06
2354,0.9935064315795898,0.006493568420410156,1.2550909519195557,0.018979541957378387,131,1.2707750737405307e-06
2355,0.9933269619941711,0.006673038005828857,1.2645721435546875,0.019252028316259384,131,1.2707750737405307e-06
2356,0.9933382868766785,0.006661713123321533,1.2549697160720825,0.01914479210972786,131,1.2707750737405307e-06
2357,0.9931632280349731,0.0068367719650268555,1.2660963535308838,0.019429367035627365,131,1.2707750737405307e-06
2358,0.9932911992073059,0.006708800792694092,1.2580546140670776,0.019222259521484375,132,1.2072363200535042e-06
2359,0.9933452010154724,0.006654798984527588,1.2615100145339966,0.019203349947929382,132,1.2072363200535042e-06
2360,0.9935756325721741,0.006424367427825928,1.2470653057098389,0.01883077621459961,132,1.2072363200535042e-06
2361,0.9935106635093689,0.0064893364906311035,1.2491859197616577,0.018916301429271698,132,1.2072363200535042e-06
2362,0.9931386113166809,0.006861388683319092,1.2634879350662231,0.019427653402090073,132,1.2072363200535042e-06
2363,0.9930554628372192,0.006944537162780762,1.2636890411376953,0.019511980935931206,132,1.2072363200535042e-06
2364,0.9933559894561768,0.006644010543823242,1.27093505859375,0.019286921247839928,132,1.2072363200535042e-06
2365,0.9933860898017883,0.00661391019821167,1.2604858875274658,0.019152630120515823,132,1.2072363200535042e-06
2366,0.9933249950408936,0.006675004959106445,1.271871566772461,0.019326969981193542,132,1.2072363200535042e-06
2367,0.9933264255523682,0.006673574447631836,1.2586705684661865,0.01919354498386383,132,1.2072363200535042e-06
2368,0.9935128092765808,0.0064871907234191895,1.2651746273040771,0.01907406561076641,132,1.2072363200535042e-06
2369,0.9932920336723328,0.006707966327667236,1.2620043754577637,0.01926092989742756,132,1.2072363200535042e-06
2370,0.9933913350105286,0.0066086649894714355,1.2512140274047852,0.01905471831560135,132,1.2072363200535042e-06
2371,0.9932657480239868,0.006734251976013184,1.2561933994293213,0.019228843972086906,132,1.2072363200535042e-06
2372,0.9936192035675049,0.006380796432495117,1.254452109336853,0.01886150985956192,132,1.2072363200535042e-06
2373,0.9936009645462036,0.006399035453796387,1.261961817741394,0.01895466446876526,132,1.2072363200535042e-06
2374,0.9933484792709351,0.006651520729064941,1.2577003240585327,0.0191620085388422,132,1.2072363200535042e-06
2375,0.992769718170166,0.007230281829833984,1.2952677011489868,0.020110655575990677,132,1.2072363200535042e-06
2376,0.9932652711868286,0.006734728813171387,1.2765049934387207,0.01943243108689785,133,1.146874504050829e-06
2377,0.9932274222373962,0.00677257776260376,1.2511886358261108,0.019216738641262054,133,1.146874504050829e-06
2378,0.9936022162437439,0.0063977837562561035,1.2597332000732422,0.018931137397885323,133,1.146874504050829e-06
2379,0.9931328296661377,0.006867170333862305,1.2688788175582886,0.0194872859865427,133,1.146874504050829e-06
2380,0.9935699105262756,0.006430089473724365,1.242367148399353,0.01878945901989937,133,1.146874504050829e-06
2381,0.9934977293014526,0.006502270698547363,1.2475368976593018,0.01891261711716652,133,1.146874504050829e-06
2382,0.9931524991989136,0.006847500801086426,1.267185926437378,0.01945088431239128,133,1.146874504050829e-06
2383,0.9935157299041748,0.006484270095825195,1.2572559118270874,0.0189919862896204,133,1.146874504050829e-06
2384,0.9931874871253967,0.0068125128746032715,1.266920804977417,0.019413596019148827,133,1.146874504050829e-06
2385,0.9934793710708618,0.006520628929138184,1.2708326578140259,0.019163748249411583,133,1.146874504050829e-06
2386,0.9935783743858337,0.00642162561416626,1.2593525648117065,0.0189509354531765,133,1.146874504050829e-06
2387,0.9931284189224243,0.006871581077575684,1.2794922590255737,0.019597787410020828,133,1.146874504050829e-06
2388,0.9936327934265137,0.006367206573486328,1.246133804321289,0.01876487210392952,133,1.146874504050829e-06
2389,0.9933786392211914,0.006621360778808594,1.257577896118164,0.019130926579236984,133,1.146874504050829e-06
2390,0.9934319257736206,0.0065680742263793945,1.2547831535339355,0.019050225615501404,133,1.146874504050829e-06
2391,0.9934042096138,0.006595790386199951,1.2514361143112183,0.019044194370508194,133,1.146874504050829e-06
2392,0.9931163191795349,0.006883680820465088,1.2567192316055298,0.019382037222385406,133,1.146874504050829e-06
2393,0.9927577376365662,0.007242262363433838,1.2870696783065796,0.020040536299347878,133,1.146874504050829e-06
2394,0.9933277368545532,0.006672263145446777,1.2569408416748047,0.01917494833469391,134,1.0895307788482876e-06
2395,0.9931238293647766,0.006876170635223389,1.2705473899841309,0.019512882456183434,134,1.0895307788482876e-06
2396,0.9928491115570068,0.007150888442993164,1.2688485383987427,0.019767865538597107,134,1.0895307788482876e-06
2397,0.9931096434593201,0.006890356540679932,1.268812656402588,0.019509579986333847,134,1.0895307788482876e-06
2398,0.9933397769927979,0.0066602230072021484,1.2554068565368652,0.019147688522934914,134,1.0895307788482876e-06
2399,0.9934704899787903,0.006529510021209717,1.2665773630142212,0.019129987806081772,134,1.0895307788482876e-06
2400,0.99360591173172,0.006394088268280029,1.2601934671401978,0.018932081758975983,134,1.0895307788482876e-06
2401,0.9935778379440308,0.006422162055969238,1.2578372955322266,0.018936313688755035,134,1.0895307788482876e-06
2402,0.9934560060501099,0.006543993949890137,1.2624014616012573,0.019102567806839943,134,1.0895307788482876e-06
2403,0.9934556484222412,0.006544351577758789,1.2440133094787598,0.018919041380286217,134,1.0895307788482876e-06
2404,0.9933967590332031,0.006603240966796875,1.2558008432388306,0.019095217809081078,134,1.0895307788482876e-06
2405,0.9934384822845459,0.0065615177154541016,1.2547436952590942,0.019043339416384697,134,1.0895307788482876e-06
2406,0.9932799935340881,0.006720006465911865,1.2707924842834473,0.019360730424523354,134,1.0895307788482876e-06
2407,0.9933789968490601,0.006621003150939941,1.2583571672439575,0.019138364121317863,134,1.0895307788482876e-06
2408,0.9931786060333252,0.006821393966674805,1.2729350328445435,0.019482530653476715,134,1.0895307788482876e-06
2409,0.9934289455413818,0.006571054458618164,1.25432550907135,0.019048597663640976,134,1.0895307788482876e-06
2410,0.9935556054115295,0.006444394588470459,1.2469427585601807,0.01884937845170498,134,1.0895307788482876e-06
2411,0.993844747543335,0.006155252456665039,1.2578586339950562,0.018672285601496696,134,1.0895307788482876e-06
2412,0.9931676387786865,0.0068323612213134766,1.267479658126831,0.019438832998275757,135,1.0350542399058731e-06
2413,0.9933161735534668,0.006683826446533203,1.2675697803497314,0.019292686134576797,135,1.0350542399058731e-06
2414,0.993495523929596,0.006504476070404053,1.259143590927124,0.019030867144465446,135,1.0350542399058731e-06
2415,0.9933755993843079,0.006624400615692139,1.2585166692733765,0.019143324345350266,135,1.0350542399058731e-06
2416,0.9933544993400574,0.006645500659942627,1.27333402633667,0.019312385469675064,135,1.0350542399058731e-06
2417,0.9936299920082092,0.0063700079917907715,1.2469637393951416,0.018775945529341698,135,1.0350542399058731e-06
2418,0.993183434009552,0.006816565990447998,1.2659506797790527,0.019407907500863075,135,1.0350542399058731e-06
2419,0.9934629201889038,0.006537079811096191,1.2461304664611816,0.018933013081550598,135,1.0350542399058731e-06
2420,0.993291437625885,0.00670856237411499,1.2641910314559937,0.019283387809991837,135,1.0350542399058731e-06
2421,0.9933776259422302,0.006622374057769775,1.2608721256256104,0.01916487142443657,135,1.0350542399058731e-06
2422,0.9933592677116394,0.006640732288360596,1.2537444829940796,0.019111769273877144,135,1.0350542399058731e-06
2423,0.9930643439292908,0.0069356560707092285,1.2750905752182007,0.019617203623056412,135,1.0350542399058731e-06
2424,0.9932613968849182,0.006738603115081787,1.248971700668335,0.019160933792591095,135,1.0350542399058731e-06
2425,0.9933251142501831,0.0066748857498168945,1.2480329275131226,0.019088465720415115,135,1.0350542399058731e-06
2426,0.9935696721076965,0.006430327892303467,1.2640053033828735,0.01900607720017433,135,1.0350542399058731e-06
2427,0.9932253956794739,0.006774604320526123,1.2753548622131348,0.01946040615439415,135,1.0350542399058731e-06
2428,0.9935483336448669,0.006451666355133057,1.2554218769073486,0.018941368907690048,135,1.0350542399058731e-06
2429,0.9937290549278259,0.006270945072174072,1.2422007322311401,0.018630243837833405,135,1.0350542399058731e-06
2430,0.9933663606643677,0.006633639335632324,1.268235445022583,0.019249657168984413,136,9.833015279105794e-07
2431,0.993476152420044,0.006523847579956055,1.2599979639053345,0.01905858889222145,136,9.833015279105794e-07
2432,0.9935343861579895,0.006465613842010498,1.2550700902938843,0.0189516581594944,136,9.833015279105794e-07
2433,0.9933984875679016,0.006601512432098389,1.2716054916381836,0.01925155147910118,136,9.833015279105794e-07
2434,0.9931213855743408,0.00687861442565918,1.2664794921875,0.01947462372481823,136,9.833015279105794e-07
2435,0.9929986000061035,0.007001399993896484,1.2650424242019653,0.019581809639930725,136,9.833015279105794e-07
2436,0.9933790564537048,0.006620943546295166,1.2623618841171265,0.019178353250026703,136,9.833015279105794e-07
2437,0.9934482574462891,0.0065517425537109375,1.2524925470352173,0.019011151045560837,136,9.833015279105794e-07
2438,0.9935146570205688,0.006485342979431152,1.2690849304199219,0.01911133900284767,136,9.833015279105794e-07
2439,0.9934833645820618,0.006516635417938232,1.2524853944778442,0.018976323306560516,136,9.833015279105794e-07
2440,0.9931777119636536,0.0068222880363464355,1.2754393815994263,0.01950845867395401,136,9.833015279105794e-07
2441,0.9935358166694641,0.006464183330535889,1.2504225969314575,0.018903767690062523,136,9.833015279105794e-07
2442,0.993318498134613,0.006681501865386963,1.2575244903564453,0.019189931452274323,136,9.833015279105794e-07
2443,0.992946207523346,0.007053792476654053,1.2653852701187134,0.019637107849121094,136,9.833015279105794e-07
2444,0.9933359026908875,0.006664097309112549,1.2679883241653442,0.019277339801192284,136,9.833015279105794e-07
2445,0.9936755299568176,0.006324470043182373,1.235487937927246,0.018616104498505592,136,9.833015279105794e-07
2446,0.9934760332107544,0.0065239667892456055,1.2430839538574219,0.018889566883444786,136,9.833015279105794e-07
2447,0.9931445717811584,0.006855428218841553,1.2822027206420898,0.01960890181362629,136,9.833015279105794e-07
2448,0.9932222962379456,0.006777703762054443,1.2572060823440552,0.019281987100839615,137,9.341364515150503e-07
2449,0.9933087229728699,0.006691277027130127,1.2623318433761597,0.01924768276512623,137,9.341364515150503e-07
2450,0.9931206703186035,0.006879329681396484,1.2625606060028076,0.019436143338680267,137,9.341364515150503e-07
2451,0.9930872917175293,0.006912708282470703,1.2636137008666992,0.019479718059301376,137,9.341364515150503e-07
2452,0.993377685546875,0.006622314453125,1.2630059719085693,0.019186150282621384,137,9.341364515150503e-07
2453,0.9935574531555176,0.006442546844482422,1.257569432258606,0.01895381510257721,137,9.341364515150503e-07
2454,0.993462324142456,0.006537675857543945,1.2713878154754639,0.019186176359653473,137,9.341364515150503e-07
2455,0.9934735298156738,0.006526470184326172,1.2574304342269897,0.01903550885617733,137,9.341364515150503e-07
2456,0.9936602711677551,0.006339728832244873,1.252790927886963,0.018804240971803665,137,9.341364515150503e-07
2457,0.9933094382286072,0.006690561771392822,1.2549688816070557,0.01917334459722042,137,9.341364515150503e-07
2458,0.9932129979133606,0.006787002086639404,1.2691887617111206,0.01941101998090744,137,9.341364515150503e-07
2459,0.9930868744850159,0.006913125514984131,1.2712596654891968,0.019556589424610138,137,9.341364515150503e-07
2460,0.9936432242393494,0.006356775760650635,1.245969533920288,0.01875290274620056,137,9.341364515150503e-07
2461,0.9937576651573181,0.006242334842681885,1.2551441192626953,0.01873135194182396,137,9.341364515150503e-07
2462,0.9929571151733398,0.007042884826660156,1.2815375328063965,0.019787831231951714,137,9.341364515150503e-07
2463,0.9934101700782776,0.006589829921722412,1.2495089769363403,0.019019020721316338,137,9.341364515150503e-07
2464,0.9935457110404968,0.006454288959503174,1.2441034317016602,0.018830779939889908,137,9.341364515150503e-07
2465,0.9931465983390808,0.0068534016609191895,1.2821749448776245,0.019606616348028183,137,9.341364515150503e-07
2466,0.993091344833374,0.0069086551666259766,1.2582918405532837,0.019422486424446106,138,8.874296289392978e-07
2467,0.993593156337738,0.006406843662261963,1.2464885711669922,0.018807660788297653,138,8.874296289392978e-07
2468,0.9934365749359131,0.006563425064086914,1.2628381252288818,0.019126173108816147,138,8.874296289392978e-07
2469,0.9934520125389099,0.006547987461090088,1.2532479763031006,0.019014986231923103,138,8.874296289392978e-07
2470,0.9934849739074707,0.006515026092529297,1.2598716020584106,0.019048592075705528,138,8.874296289392978e-07
2471,0.9934609532356262,0.006539046764373779,1.2578511238098145,0.019052166491746902,138,8.874296289392978e-07
2472,0.9933621883392334,0.0066378116607666016,1.2598414421081543,0.019169848412275314,138,8.874296289392978e-07
2473,0.9933945536613464,0.0066054463386535645,1.2578848600387573,0.019118240103125572,138,8.874296289392978e-07
2474,0.9935078024864197,0.006492197513580322,1.2702484130859375,0.019129758700728416,138,8.874296289392978e-07
2475,0.9936821460723877,0.006317853927612305,1.2606412172317505,0.018861087039113045,138,8.874296289392978e-07
2476,0.9930952787399292,0.006904721260070801,1.2777000665664673,0.019612673670053482,138,8.874296289392978e-07
2477,0.9929201006889343,0.007079899311065674,1.264296054840088,0.01965206116437912,138,8.874296289392978e-07
2478,0.9934026598930359,0.006597340106964111,1.2541102170944214,0.01907246932387352,138,8.874296289392978e-07
2479,0.9934566617012024,0.006543338298797607,1.2502304315567017,0.018980208784341812,138,8.874296289392978e-07
2480,0.9934236407279968,0.006576359272003174,1.252457857131958,0.019035175442695618,138,8.874296289392978e-07
2481,0.9931857585906982,0.006814241409301758,1.266187310218811,0.01940797083079815,138,8.874296289392978e-07
2482,0.9933850765228271,0.0066149234771728516,1.2609350681304932,0.019158124923706055,138,8.874296289392978e-07
2483,0.9927725791931152,0.007227420806884766,1.2951903343200684,0.020107049494981766,138,8.874296289392978e-07
2484,0.9934605360031128,0.006539463996887207,1.2477420568466187,0.01895149052143097,139,8.430581474923329e-07
2485,0.9933018088340759,0.006698191165924072,1.2759853601455688,0.01939106360077858,139,8.430581474923329e-07
2486,0.9934657216072083,0.006534278392791748,1.2741665840148926,0.01921060122549534,139,8.430581474923329e-07
2487,0.9933465123176575,0.006653487682342529,1.257392168045044,0.01916087418794632,139,8.430581474923329e-07
2488,0.9933045506477356,0.006695449352264404,1.2554457187652588,0.019182950258255005,139,8.430581474923329e-07
2489,0.9933480024337769,0.0066519975662231445,1.2653898000717163,0.019239375367760658,139,8.430581474923329e-07
2490,0.9932605624198914,0.006739437580108643,1.2588657140731812,0.019260700792074203,139,8.430581474923329e-07
2491,0.9934554696083069,0.006544530391693115,1.245393991470337,0.018933024257421494,139,8.430581474923329e-07
2492,0.9932268261909485,0.006773173809051514,1.2682409286499023,0.019387850537896156,139,8.430581474923329e-07
2493,0.9933867454528809,0.006613254547119141,1.2578468322753906,0.019125590100884438,139,8.430581474923329e-07
2494,0.9934499859809875,0.006550014019012451,1.2595853805541992,0.01908036693930626,139,8.430581474923329e-07
2495,0.9934104681015015,0.006589531898498535,1.2576382160186768,0.019100017845630646,139,8.430581474923329e-07
2496,0.9933506846427917,0.006649315357208252,1.2522480487823486,0.019105302169919014,139,8.430581474923329e-07
2497,0.9931562542915344,0.006843745708465576,1.2762947082519531,0.019538255408406258,139,8.430581474923329e-07
2498,0.9930548667907715,0.006945133209228516,1.2663540840148926,0.01953922212123871,139,8.430581474923329e-07
2499,0.9934987425804138,0.006501257419586182,1.2611665725708008,0.01904791034758091,139,8.430581474923329e-07
2500,0.9936135411262512,0.006386458873748779,1.2520811557769775,0.018843404948711395,139,8.430581474923329e-07
2501,0.993719756603241,0.006280243396759033,1.2379170656204224,0.01859661191701889,139,8.430581474923329e-07
2502,0.9933186173439026,0.006681382656097412,1.269797682762146,0.019312545657157898,140,8.009052401177162e-07
2503,0.9930936098098755,0.006906390190124512,1.2692792415618896,0.019530119374394417,140,8.009052401177162e-07
2504,0.9936274290084839,0.006372570991516113,1.2575739622116089,0.018884584307670593,140,8.009052401177162e-07
2505,0.9933392405509949,0.006660759449005127,1.261023759841919,0.019204389303922653,140,8.009052401177162e-07
2506,0.993617594242096,0.006382405757904053,1.2512273788452148,0.018830854445695877,140,8.009052401177162e-07
2507,0.993468701839447,0.0065312981605529785,1.2572789192199707,0.019038774073123932,140,8.009052401177162e-07
2508,0.9935177564620972,0.006482243537902832,1.2427804470062256,0.018845224753022194,140,8.009052401177162e-07
2509,0.9931750297546387,0.006824970245361328,1.2582426071166992,0.019339146092534065,140,8.009052401177162e-07
2510,0.9933125376701355,0.006687462329864502,1.274614930152893,0.019366737455129623,140,8.009052401177162e-07
2511,0.9937001466751099,0.006299853324890137,1.256011724472046,0.018796972930431366,140,8.009052401177162e-07
2512,0.9933131337165833,0.006686866283416748,1.2519948482513428,0.01913994550704956,140,8.009052401177162e-07
2513,0.9933133125305176,0.006686687469482422,1.263174295425415,0.019251562654972076,140,8.009052401177162e-07
2514,0.9934467077255249,0.006553292274475098,1.257758378982544,0.019065342843532562,140,8.009052401177162e-07
2515,0.9932218790054321,0.006778120994567871,1.2735799551010132,0.01944613829255104,140,8.009052401177162e-07
2516,0.9934578537940979,0.0065421462059021,1.2603399753570557,0.01908012479543686,140,8.009052401177162e-07
2517,0.9932947158813477,0.006705284118652344,1.2595552206039429,0.019233783707022667,140,8.009052401177162e-07
2518,0.9929975867271423,0.007002413272857666,1.2612196207046509,0.019544584676623344,140,8.009052401177162e-07
2519,0.9932681322097778,0.006731867790222168,1.2612197399139404,0.01927674561738968,140,8.009052401177162e-07
2520,0.993471622467041,0.006528377532958984,1.2609206438064575,0.01907229982316494,141,7.608599781118303e-07
2521,0.9931162595748901,0.006883740425109863,1.2644944190979004,0.01945984736084938,141,7.608599781118303e-07
2522,0.9932895302772522,0.006710469722747803,1.2715749740600586,0.01935911551117897,141,7.608599781118303e-07
2523,0.99344402551651,0.00655597448348999,1.2586852312088013,0.01907726749777794,141,7.608599781118303e-07
2524,0.9930862188339233,0.00691378116607666,1.272822618484497,0.019572868943214417,141,7.608599781118303e-07
2525,0.9935502409934998,0.006449759006500244,1.2473782300949097,0.01885904371738434,141,7.608599781118303e-07
2526,0.9933910369873047,0.0066089630126953125,1.2740541696548462,0.019283413887023926,141,7.608599781118303e-07
2527,0.9932158589363098,0.0067841410636901855,1.256565809249878,0.019281957298517227,141,7.608599781118303e-07
2528,0.9932768940925598,0.0067231059074401855,1.2541180849075317,0.01919705606997013,141,7.608599781118303e-07
2529,0.993514895439148,0.006485104560852051,1.268602728843689,0.01910628005862236,141,7.608599781118303e-07
2530,0.9933725595474243,0.006627440452575684,1.2562503814697266,0.01912366971373558,141,7.608599781118303e-07
2531,0.9934889078140259,0.006511092185974121,1.2544931173324585,0.018990911543369293,141,7.608599781118303e-07
2532,0.9934335947036743,0.006566405296325684,1.259758472442627,0.019098326563835144,141,7.608599781118303e-07
2533,0.9934374094009399,0.006562590599060059,1.2476894855499268,0.018973860889673233,141,7.608599781118303e-07
2534,0.993575394153595,0.006424605846405029,1.2657389640808105,0.019017748534679413,141,7.608599781118303e-07
2535,0.9930420517921448,0.006957948207855225,1.266168236732483,0.019550051540136337,141,7.608599781118303e-07
2536,0.9934744834899902,0.006525516510009766,1.2512147426605225,0.018972408026456833,141,7.608599781118303e-07
2537,0.9932507276535034,0.006749272346496582,1.2442470788955688,0.01912425085902214,141,7.608599781118303e-07
2538,0.9935110211372375,0.006488978862762451,1.2476952075958252,0.01890104077756405,142,7.228169792062388e-07
2539,0.9934527277946472,0.006547272205352783,1.2636750936508179,0.019118551164865494,142,7.228169792062388e-07
2540,0.9931733012199402,0.0068266987800598145,1.2700412273406982,0.019458845257759094,142,7.228169792062388e-07
2541,0.99334716796875,0.00665283203125,1.2801955938339233,0.019388258457183838,142,7.228169792062388e-07
2542,0.9931092262268066,0.006890773773193359,1.2688997983932495,0.019510865211486816,142,7.228169792062388e-07
2543,0.9933573007583618,0.006642699241638184,1.2708740234375,0.019285012036561966,142,7.228169792062388e-07
2544,0.9934792518615723,0.006520748138427734,1.2584198713302612,0.019039738923311234,142,7.228169792062388e-07
2545,0.992943286895752,0.007056713104248047,1.2591979503631592,0.019578125327825546,142,7.228169792062388e-07
2546,0.9934678673744202,0.006532132625579834,1.251276969909668,0.01897958107292652,142,7.228169792062388e-07
2547,0.9931142926216125,0.006885707378387451,1.2701044082641602,0.019517894834280014,142,7.228169792062388e-07
2548,0.9933928847312927,0.006607115268707275,1.2581493854522705,0.019122537225484848,142,7.228169792062388e-07
2549,0.993297278881073,0.006702721118927002,1.2674968242645264,0.019310660660266876,142,7.228169792062388e-07
2550,0.993343710899353,0.006656289100646973,1.2574398517608643,0.019164124503731728,142,7.228169792062388e-07
2551,0.9935149550437927,0.006485044956207275,1.2476049661636353,0.01889624446630478,142,7.228169792062388e-07
2552,0.9935200810432434,0.006479918956756592,1.2567033767700195,0.01898215338587761,142,7.228169792062388e-07
2553,0.9935865998268127,0.006413400173187256,1.2410496473312378,0.01875976286828518,142,7.228169792062388e-07
2554,0.9935288429260254,0.006471157073974609,1.2593019008636475,0.018999464809894562,142,7.228169792062388e-07
2555,0.9932181239128113,0.006781876087188721,1.2583823204040527,0.019297879189252853,142,7.228169792062388e-07
2556,0.9936250448226929,0.006374955177307129,1.259871244430542,0.018909918144345284,143,6.866761302459269e-07
2557,0.9932592511177063,0.006740748882293701,1.2446091175079346,0.01911943219602108,143,6.866761302459269e-07
2558,0.9933816194534302,0.006618380546569824,1.2679213285446167,0.019231408834457397,143,6.866761302459269e-07
2559,0.9933236837387085,0.006676316261291504,1.2573282718658447,0.019182834774255753,143,6.866761302459269e-07
2560,0.9930676221847534,0.006932377815246582,1.2754082679748535,0.01961713656783104,143,6.866761302459269e-07
2561,0.9935734868049622,0.006426513195037842,1.257381796836853,0.018936065956950188,143,6.866761302459269e-07
2562,0.9932135343551636,0.006786465644836426,1.261705756187439,0.019335657358169556,143,6.866761302459269e-07
2563,0.9933930039405823,0.006606996059417725,1.254064679145813,0.01908157393336296,143,6.866761302459269e-07
2564,0.9937083125114441,0.006291687488555908,1.257027506828308,0.01879904605448246,143,6.866761302459269e-07
2565,0.9932864308357239,0.006713569164276123,1.2627590894699097,0.019274024292826653,143,6.866761302459269e-07
2566,0.9935218095779419,0.0064781904220581055,1.2601649761199951,0.019015058875083923,143,6.866761302459269e-07
2567,0.9935897588729858,0.00641024112701416,1.2626688480377197,0.01897282712161541,143,6.866761302459269e-07
2568,0.992961049079895,0.0070389509201049805,1.2815070152282715,0.019783630967140198,143,6.866761302459269e-07
2569,0.9931983947753906,0.006801605224609375,1.2608872652053833,0.019342461600899696,143,6.866761302459269e-07
2570,0.9933843612670898,0.006615638732910156,1.2633883953094482,0.019183365628123283,143,6.866761302459269e-07
2571,0.9931078553199768,0.006892144680023193,1.2522011995315552,0.0193452350795269,143,6.866761302459269e-07
2572,0.9934828877449036,0.0065171122550964355,1.2527549266815186,0.01897948980331421,143,6.866761302459269e-07
2573,0.9935476779937744,0.006452322006225586,1.2417422533035278,0.01880522072315216,143,6.866761302459269e-07
2574,0.9934687614440918,0.006531238555908203,1.2593716382980347,0.019059643149375916,144,6.523423237336305e-07
2575,0.9931639432907104,0.006836056709289551,1.2650971412658691,0.019418668001890182,144,6.523423237336305e-07
2576,0.993066668510437,0.006933331489562988,1.2618238925933838,0.019482236355543137,144,6.523423237336305e-07
2577,0.9931434988975525,0.00685650110244751,1.2677170038223267,0.01946510560810566,144,6.523423237336305e-07
2578,0.9936075210571289,0.006392478942871094,1.2488280534744263,0.018816834315657616,144,6.523423237336305e-07
2579,0.9935837984085083,0.006416201591491699,1.2378060817718506,0.018730100244283676,144,6.523423237336305e-07
2580,0.9932867288589478,0.006713271141052246,1.2729629278182983,0.019375767558813095,144,6.523423237336305e-07
2581,0.993297815322876,0.0067021846771240234,1.259291172027588,0.019228074699640274,144,6.523423237336305e-07
2582,0.9934647083282471,0.00653529167175293,1.256246566772461,0.019032403826713562,144,6.523423237336305e-07
2583,0.9932135939598083,0.00678640604019165,1.256310224533081,0.019281644374132156,144,6.523423237336305e-07
2584,0.9929908514022827,0.007009148597717285,1.2836313247680664,0.01977537013590336,144,6.523423237336305e-07
2585,0.9932811260223389,0.006718873977661133,1.2627218961715698,0.019278904423117638,144,6.523423237336305e-07
2586,0.9935392737388611,0.006460726261138916,1.2626794576644897,0.01902291364967823,144,6.523423237336305e-07
2587,0.993408739566803,0.0065912604331970215,1.260960340499878,0.019134949892759323,144,6.523423237336305e-07
2588,0.9937935471534729,0.0062064528465271,1.2524744272232056,0.01866913214325905,144,6.523423237336305e-07
2589,0.9933887720108032,0.006611227989196777,1.2594869136810303,0.019139984622597694,144,6.523423237336305e-07
2590,0.9933632016181946,0.00663679838180542,1.2580703496932983,0.01915113255381584,144,6.523423237336305e-07
2591,0.993606448173523,0.006393551826477051,1.2633190155029297,0.018962806090712547,144,6.523423237336305e-07
2592,0.993532657623291,0.006467342376708984,1.2554001808166504,0.01895667053759098,145,6.197252075469489e-07
2593,0.9931452870368958,0.006854712963104248,1.2757434844970703,0.0195435993373394,145,6.197252075469489e-07
2594,0.9934078454971313,0.006592154502868652,1.2585198879241943,0.019111432135105133,145,6.197252075469489e-07
2595,0.9933741092681885,0.0066258907318115234,1.2498974800109863,0.019058607518672943,145,6.197252075469489e-07
2596,0.9932069778442383,0.006793022155761719,1.265641212463379,0.019381504505872726,145,6.197252075469489e-07
2597,0.993596613407135,0.00640338659286499,1.2550560235977173,0.018889911472797394,145,6.197252075469489e-07
2598,0.9934802055358887,0.006519794464111328,1.2623505592346191,0.019078101962804794,145,6.197252075469489e-07
2599,0.9935147762298584,0.0064852237701416016,1.2688664197921753,0.019109034910798073,145,6.197252075469489e-07
2600,0.9928516149520874,0.007148385047912598,1.2687938213348389,0.019764840602874756,145,6.197252075469489e-07
2601,0.9930607676506042,0.006939232349395752,1.2687060832977295,0.01955690048635006,145,6.197252075469489e-07
2602,0.9936535954475403,0.006346404552459717,1.2572221755981445,0.01885516196489334,145,6.197252075469489e-07
2603,0.993502140045166,0.006497859954833984,1.2537034749984741,0.018969915807247162,145,6.197252075469489e-07
2604,0.9933049082756042,0.006695091724395752,1.2609946727752686,0.01923808827996254,145,6.197252075469489e-07
2605,0.9935284852981567,0.006471514701843262,1.2421073913574219,0.01882787235081196,145,6.197252075469489e-07
2606,0.9933183193206787,0.006681680679321289,1.2541899681091309,0.019156763330101967,145,6.197252075469489e-07
2607,0.9934625625610352,0.006537437438964844,1.2569940090179443,0.0190420038998127,145,6.197252075469489e-07
2608,0.9931776523590088,0.006822347640991211,1.2721935510635376,0.019476059824228287,145,6.197252075469489e-07
2609,0.9934250712394714,0.0065749287605285645,1.2551758289337158,0.01906093768775463,145,6.197252075469489e-07
2610,0.9932135939598083,0.00678640604019165,1.2711232900619507,0.019429774954915047,146,5.887389471696014e-07
2611,0.9932687282562256,0.006731271743774414,1.2619531154632568,0.019283490255475044,146,5.887389471696014e-07
2612,0.9933773279190063,0.006622672080993652,1.2583073377609253,0.019139518961310387,146,5.887389471696014e-07
2613,0.9931887984275818,0.006811201572418213,1.2682781219482422,0.01942587085068226,146,5.887389471696014e-07
2614,0.9933586120605469,0.006641387939453125,1.2691960334777832,0.01926693320274353,146,5.887389471696014e-07
2615,0.9934173226356506,0.006582677364349365,1.2630258798599243,0.019147109240293503,146,5.887389471696014e-07
2616,0.9927823543548584,0.0072176456451416016,1.2649790048599243,0.019795257598161697,146,5.887389471696014e-07
2617,0.9935910701751709,0.0064089298248291016,1.2578175067901611,0.018923014402389526,146,5.887389471696014e-07
2618,0.9934825897216797,0.0065174102783203125,1.2533414363861084,0.018985651433467865,146,5.887389471696014e-07
2619,0.9935978651046753,0.006402134895324707,1.259714126586914,0.018935253843665123,146,5.887389471696014e-07
2620,0.9934324026107788,0.006567597389221191,1.2720389366149902,0.019222311675548553,146,5.887389471696014e-07
2621,0.9931348562240601,0.006865143775939941,1.269654393196106,0.019493035972118378,146,5.887389471696014e-07
2622,0.9934159517288208,0.006584048271179199,1.259048581123352,0.019108694046735764,146,5.887389471696014e-07
2623,0.9934708476066589,0.0065291523933410645,1.253821611404419,0.019002076238393784,146,5.887389471696014e-07
2624,0.9933984279632568,0.006601572036743164,1.2579091787338257,0.019114647060632706,146,5.887389471696014e-07
2625,0.9934296011924744,0.006570398807525635,1.2386208772659302,0.018890902400016785,146,5.887389471696014e-07
2626,0.9935439229011536,0.0064560770988464355,1.251298189163208,0.01890449784696102,146,5.887389471696014e-07
2627,0.9935452342033386,0.006454765796661377,1.238996148109436,0.0187801793217659,146,5.887389471696014e-07
2628,0.9932372570037842,0.00676274299621582,1.255967617034912,0.019254790619015694,147,5.593019998111213e-07
2629,0.9934718012809753,0.006528198719024658,1.2499452829360962,0.018962368369102478,147,5.593019998111213e-07
2630,0.9936228394508362,0.006377160549163818,1.235145092010498,0.01866484060883522,147,5.593019998111213e-07
2631,0.9933927059173584,0.0066072940826416016,1.2683833837509155,0.01922505535185337,147,5.593019998111213e-07
2632,0.9933813810348511,0.006618618965148926,1.260925054550171,0.019161682575941086,147,5.593019998111213e-07
2633,0.993543803691864,0.006456196308135986,1.2497648000717163,0.018889281898736954,147,5.593019998111213e-07
2634,0.9933744072914124,0.0066255927085876465,1.2662568092346191,0.01922190561890602,147,5.593019998111213e-07
2635,0.9931591749191284,0.006840825080871582,1.246724009513855,0.019239656627178192,147,5.593019998111213e-07
2636,0.9932180643081665,0.006781935691833496,1.2768399715423584,0.01948251575231552,147,5.593019998111213e-07
2637,0.9935343265533447,0.0064656734466552734,1.2499953508377075,0.018900969997048378,147,5.593019998111213e-07
2638,0.992915689945221,0.007084310054779053,1.2771238088607788,0.019784703850746155,147,5.593019998111213e-07
2639,0.9936001300811768,0.006399869918823242,1.25541353225708,0.018890006467700005,147,5.593019998111213e-07
2640,0.9932949542999268,0.006705045700073242,1.2672626972198486,0.019310621544718742,147,5.593019998111213e-07
2641,0.9932509064674377,0.006749093532562256,1.261448621749878,0.019296087324619293,147,5.593019998111213e-07
2642,0.9933412075042725,0.006658792495727539,1.2786493301391602,0.019378697499632835,147,5.593019998111213e-07
2643,0.9933285117149353,0.006671488285064697,1.2568808794021606,0.019173581153154373,147,5.593019998111213e-07
2644,0.9935909509658813,0.006409049034118652,1.2621382474899292,0.018966341391205788,147,5.593019998111213e-07
2645,0.9929541945457458,0.00704580545425415,1.2743637561798096,0.01971898414194584,147,5.593019998111213e-07
2646,0.9935868382453918,0.006413161754608154,1.2477450370788574,0.018826480954885483,148,5.313368998205652e-07
2647,0.9933249354362488,0.006675064563751221,1.267012596130371,0.01927844062447548,148,5.313368998205652e-07
2648,0.9931643605232239,0.006835639476776123,1.2634539604187012,0.019401822239160538,148,5.313368998205652e-07
2649,0.9934698939323425,0.006530106067657471,1.2607413530349731,0.019072217866778374,148,5.313368998205652e-07
2650,0.9934800267219543,0.006519973278045654,1.2599825859069824,0.019054599106311798,148,5.313368998205652e-07
2651,0.9932571649551392,0.00674283504486084,1.2634878158569336,0.01931028440594673,148,5.313368998205652e-07
2652,0.9937089085578918,0.006291091442108154,1.2608590126037598,0.018836770206689835,148,5.313368998205652e-07
2653,0.9934991598129272,0.006500840187072754,1.258433222770691,0.019020164385437965,148,5.313368998205652e-07
2654,0.9934702515602112,0.006529748439788818,1.2572818994522095,0.019037269055843353,148,5.313368998205652e-07
2655,0.9932012557983398,0.006798744201660156,1.270202398300171,0.019432779401540756,148,5.313368998205652e-07
2656,0.9934699535369873,0.006530046463012695,1.2511415481567383,0.018976161256432533,148,5.313368998205652e-07
2657,0.9932384490966797,0.0067615509033203125,1.2640753984451294,0.019334688782691956,148,5.313368998205652e-07
2658,0.9935284852981567,0.006471514701843262,1.2473175525665283,0.018879974260926247,148,5.313368998205652e-07
2659,0.9934902787208557,0.006509721279144287,1.2593917846679688,0.019038541242480278,148,5.313368998205652e-07
2660,0.9931604862213135,0.0068395137786865234,1.2679420709609985,0.019450539723038673,148,5.313368998205652e-07
2661,0.9933327436447144,0.0066672563552856445,1.2612661123275757,0.019213244318962097,148,5.313368998205652e-07
2662,0.992938220500946,0.007061779499053955,1.2620981931686401,0.0196121446788311,148,5.313368998205652e-07
2663,0.9928695559501648,0.007130444049835205,1.2668858766555786,0.019727997481822968,148,5.313368998205652e-07
2664,0.9931796193122864,0.006820380687713623,1.2736924886703491,0.019489102065563202,149,5.047700548295369e-07
2665,0.9937545657157898,0.006245434284210205,1.2471388578414917,0.018654368817806244,149,5.047700548295369e-07
2666,0.9933921098709106,0.0066078901290893555,1.2576327323913574,0.019118137657642365,149,5.047700548295369e-07
2667,0.9935398101806641,0.0064601898193359375,1.2437548637390137,0.018833136186003685,149,5.047700548295369e-07
2668,0.993307888507843,0.006692111492156982,1.2564995288848877,0.019190184772014618,149,5.047700548295369e-07
2669,0.9934282898902893,0.006571710109710693,1.2733540534973145,0.019239533692598343,149,5.047700548295369e-07
2670,0.9933403730392456,0.0066596269607543945,1.2622135877609253,0.019215166568756104,149,5.047700548295369e-07
2671,0.9933026432991028,0.006697356700897217,1.2590588331222534,0.019220970571041107,149,5.047700548295369e-07
2672,0.9934828877449036,0.0065171122550964355,1.2566243410110474,0.019018184393644333,149,5.047700548295369e-07
2673,0.9934605956077576,0.006539404392242432,1.2647897005081177,0.019121907651424408,149,5.047700548295369e-07
2674,0.992885410785675,0.007114589214324951,1.2618979215621948,0.019662421196699142,149,5.047700548295369e-07
2675,0.99308180809021,0.006918191909790039,1.2732970714569092,0.019581981003284454,149,5.047700548295369e-07
2676,0.9932692050933838,0.006730794906616211,1.26656973361969,0.019329184666275978,149,5.047700548295369e-07
2677,0.9933090806007385,0.006690919399261475,1.2692058086395264,0.019316067919135094,149,5.047700548295369e-07
2678,0.9934594631195068,0.006540536880493164,1.2512871026992798,0.018988002091646194,149,5.047700548295369e-07
2679,0.9932728409767151,0.006727159023284912,1.2637817859649658,0.019297704100608826,149,5.047700548295369e-07
2680,0.9935709834098816,0.006429016590118408,1.2471479177474976,0.018836205825209618,149,5.047700548295369e-07
2681,0.9938244223594666,0.006175577640533447,1.251291036605835,0.018626732751727104,149,5.047700548295369e-07
2682,0.9931814670562744,0.006818532943725586,1.268904209136963,0.019439389929175377,150,4.7953155208806e-07
2683,0.9936601519584656,0.006339848041534424,1.2573602199554443,0.01885005086660385,150,4.7953155208806e-07
2684,0.9933797717094421,0.006620228290557861,1.258724570274353,0.019141271710395813,150,4.7953155208806e-07
2685,0.9931322932243347,0.006867706775665283,1.2785979509353638,0.019585009664297104,150,4.7953155208806e-07
2686,0.9933740496635437,0.006625950336456299,1.2576920986175537,0.019136611372232437,150,4.7953155208806e-07
2687,0.9934312701225281,0.006568729877471924,1.245521068572998,0.018958251923322678,150,4.7953155208806e-07
2688,0.9935832023620605,0.006416797637939453,1.2576229572296143,0.018928859382867813,150,4.7953155208806e-07
2689,0.9933184385299683,0.006681561470031738,1.2584024667739868,0.019198769703507423,150,4.7953155208806e-07
2690,0.9933977723121643,0.006602227687835693,1.2547650337219238,0.01908385567367077,150,4.7953155208806e-07
2691,0.9933956861495972,0.006604313850402832,1.2682429552078247,0.01922070048749447,150,4.7953155208806e-07
2692,0.9929425120353699,0.007057487964630127,1.2689621448516846,0.019676534458994865,150,4.7953155208806e-07
2693,0.9930611848831177,0.006938815116882324,1.2742177248001099,0.019611604511737823,150,4.7953155208806e-07
2694,0.9933297038078308,0.0066702961921691895,1.2520502805709839,0.019124096259474754,150,4.7953155208806e-07
2695,0.993374764919281,0.006625235080718994,1.263895869255066,0.019197940826416016,150,4.7953155208806e-07
2696,0.9936149716377258,0.00638502836227417,1.2506492137908936,0.018827669322490692,150,4.7953155208806e-07
2697,0.9935912489891052,0.006408751010894775,1.2481224536895752,0.018825888633728027,150,4.7953155208806e-07
2698,0.993513286113739,0.006486713886260986,1.2556172609329224,0.018978018313646317,150,4.7953155208806e-07
2699,0.9931246638298035,0.006875336170196533,1.2784183025360107,0.019590765237808228,150,4.7953155208806e-07
2700,0.9936807155609131,0.006319284439086914,1.2391167879104614,0.01864725910127163,151,4.55554974483657e-07
2701,0.9932998418807983,0.00670015811920166,1.2741507291793823,0.0193746630102396,151,4.55554974483657e-07
2702,0.9932675957679749,0.0067324042320251465,1.2539699077606201,0.019204778596758842,151,4.55554974483657e-07
2703,0.9932988286018372,0.006701171398162842,1.270963430404663,0.019343793392181396,151,4.55554974483657e-07
2704,0.9933998584747314,0.006600141525268555,1.2647889852523804,0.019182030111551285,151,4.55554974483657e-07
2705,0.9931150674819946,0.006884932518005371,1.2574028968811035,0.019390111789107323,151,4.55554974483657e-07
2706,0.9931493997573853,0.006850600242614746,1.2781033515930176,0.01956312730908394,151,4.55554974483657e-07
2707,0.9937227964401245,0.006277203559875488,1.2521132230758667,0.01873556338250637,151,4.55554974483657e-07
2708,0.9931667447090149,0.006833255290985107,1.2675503492355347,0.01944042555987835,151,4.55554974483657e-07
2709,0.9935547709465027,0.0064452290534973145,1.2602465152740479,0.01898324117064476,151,4.55554974483657e-07
2710,0.9933974146842957,0.006602585315704346,1.2569303512573242,0.019105862826108932,151,4.55554974483657e-07
2711,0.9933336973190308,0.006666302680969238,1.2593786716461182,0.01919342577457428,151,4.55554974483657e-07
2712,0.9930600523948669,0.006939947605133057,1.271659255027771,0.019587140530347824,151,4.55554974483657e-07
2713,0.9937663674354553,0.006233632564544678,1.2474400997161865,0.018645696341991425,151,4.55554974483657e-07
2714,0.9932540059089661,0.0067459940910339355,1.2522990703582764,0.019201524555683136,151,4.55554974483657e-07
2715,0.9932771325111389,0.006722867488861084,1.2574008703231812,0.019229646772146225,151,4.55554974483657e-07
2716,0.9934129118919373,0.006587088108062744,1.2584469318389893,0.019105685874819756,151,4.55554974483657e-07
2717,0.9933667778968811,0.0066332221031188965,1.268470287322998,0.019251592457294464,151,4.55554974483657e-07
2718,0.9932959675788879,0.0067040324211120605,1.2576408386230469,0.019213400781154633,152,4.327772257594741e-07
2719,0.9933585524559021,0.0066414475440979,1.2548104524612427,0.0191231369972229,152,4.327772257594741e-07
2720,0.9931305646896362,0.0068694353103637695,1.2627451419830322,0.0194281917065382,152,4.327772257594741e-07
2721,0.9934749603271484,0.0065250396728515625,1.2721138000488281,0.01918092742562294,152,4.327772257594741e-07
2722,0.993490993976593,0.006509006023406982,1.2619366645812988,0.019063282757997513,152,4.327772257594741e-07
2723,0.9933450222015381,0.006654977798461914,1.2676293849945068,0.019264722242951393,152,4.327772257594741e-07
2724,0.9933059215545654,0.00669407844543457,1.2696729898452759,0.019323866814374924,152,4.327772257594741e-07
2725,0.9932441115379333,0.00675588846206665,1.251844048500061,0.01920676976442337,152,4.327772257594741e-07
2726,0.9932606816291809,0.006739318370819092,1.2458248138427734,0.019130174070596695,152,4.327772257594741e-07
2727,0.9934361577033997,0.006563842296600342,1.2565619945526123,0.01906382292509079,152,4.327772257594741e-07
2728,0.9935054779052734,0.0064945220947265625,1.256064534187317,0.018990222364664078,152,4.327772257594741e-07
2729,0.9931254386901855,0.006874561309814453,1.2777701616287231,0.01958351582288742,152,4.327772257594741e-07
2730,0.9939192533493042,0.006080746650695801,1.2417724132537842,0.018437663093209267,152,4.327772257594741e-07
2731,0.9932994842529297,0.0067005157470703125,1.2597901821136475,0.019231412559747696,152,4.327772257594741e-07
2732,0.9936521649360657,0.006347835063934326,1.2543036937713623,0.018827393651008606,152,4.327772257594741e-07
2733,0.9933492541313171,0.006650745868682861,1.2575615644454956,0.01915985345840454,152,4.327772257594741e-07
2734,0.9929762482643127,0.007023751735687256,1.2736892700195312,0.01969040557742119,152,4.327772257594741e-07
2735,0.9932312369346619,0.006768763065338135,1.2730717658996582,0.019431792199611664,152,4.327772257594741e-07
2736,0.9934161305427551,0.006583869457244873,1.2668225765228271,0.01918625645339489,153,4.111383644715004e-07
2737,0.9932457208633423,0.006754279136657715,1.2473883628845215,0.019160619005560875,153,4.111383644715004e-07
2738,0.9932658672332764,0.006734132766723633,1.262279987335205,0.019289590418338776,153,4.111383644715004e-07
2739,0.9932172298431396,0.0067827701568603516,1.2600854635238647,0.019315795972943306,153,4.111383644715004e-07
2740,0.993410050868988,0.006589949131011963,1.253485083580017,0.019058899953961372,153,4.111383644715004e-07
2741,0.9934936165809631,0.006506383419036865,1.2510740756988525,0.018952060490846634,153,4.111383644715004e-07
2742,0.9933426976203918,0.006657302379608154,1.2625651359558105,0.019216381013393402,153,4.111383644715004e-07
2743,0.9934036731719971,0.00659632682800293,1.273216724395752,0.01926252990961075,153,4.111383644715004e-07
2744,0.9934749007225037,0.006525099277496338,1.2468698024749756,0.018928546458482742,153,4.111383644715004e-07
2745,0.9932786822319031,0.006721317768096924,1.2642229795455933,0.01929633505642414,153,4.111383644715004e-07
2746,0.9935101866722107,0.006489813327789307,1.2512133121490479,0.018937047570943832,153,4.111383644715004e-07
2747,0.9933127164840698,0.006687283515930176,1.2585786581039429,0.019206196069717407,153,4.111383644715004e-07
2748,0.9935318231582642,0.00646817684173584,1.2656357288360596,0.01905985176563263,153,4.111383644715004e-07
2749,0.9937096834182739,0.006290316581726074,1.2563502788543701,0.018790915608406067,153,4.111383644715004e-07
2750,0.9932464361190796,0.00675356388092041,1.2645891904830933,0.0193319208920002,153,4.111383644715004e-07
2751,0.9933941960334778,0.006605803966522217,1.255692481994629,0.019096670672297478,153,4.111383644715004e-07
2752,0.9930817484855652,0.0069182515144348145,1.2814066410064697,0.019663136452436447,153,4.111383644715004e-07
2753,0.992859423160553,0.0071405768394470215,1.271156907081604,0.01978074014186859,153,4.111383644715004e-07
2754,0.9932459592819214,0.006754040718078613,1.2473526000976562,0.01916002482175827,154,3.905814462479254e-07
2755,0.9933476448059082,0.006652355194091797,1.2637420892715454,0.019223252311348915,154,3.905814462479254e-07
2756,0.9935199618339539,0.006480038166046143,1.243812918663025,0.018853366374969482,154,3.905814462479254e-07
2757,0.9935827851295471,0.006417214870452881,1.2586627006530762,0.01893967017531395,154,3.905814462479254e-07
2758,0.993249237537384,0.006750762462615967,1.2663031816482544,0.019346287474036217,154,3.905814462479254e-07
2759,0.9931261539459229,0.0068738460540771484,1.2611311674118042,0.01941641792654991,154,3.905814462479254e-07
2760,0.9934332966804504,0.0065667033195495605,1.2612111568450928,0.019113147631287575,154,3.905814462479254e-07
2761,0.9933044910430908,0.00669550895690918,1.2573295831680298,0.019201848655939102,154,3.905814462479254e-07
2762,0.9932360649108887,0.006763935089111328,1.2594505548477173,0.019290801137685776,154,3.905814462479254e-07
2763,0.9933947324752808,0.006605267524719238,1.2611465454101562,0.01915067993104458,154,3.905814462479254e-07
2764,0.9934549331665039,0.006545066833496094,1.256270170211792,0.01904231682419777,154,3.905814462479254e-07
2765,0.9934746026992798,0.006525397300720215,1.258557677268982,0.019045719876885414,154,3.905814462479254e-07
2766,0.9935029745101929,0.006497025489807129,1.2661097049713135,0.01909315213561058,154,3.905814462479254e-07
2767,0.9933576583862305,0.006642341613769531,1.264746069908142,0.019223378971219063,154,3.905814462479254e-07
2768,0.9937769174575806,0.006223082542419434,1.2497601509094238,0.018658451735973358,154,3.905814462479254e-07
2769,0.9930981993675232,0.006901800632476807,1.2844648361206055,0.019677430391311646,154,3.905814462479254e-07
2770,0.9932578802108765,0.006742119789123535,1.2607005834579468,0.019281703978776932,154,3.905814462479254e-07
2771,0.9928613901138306,0.007138609886169434,1.2711824178695679,0.01977904886007309,154,3.905814462479254e-07
2772,0.9934511780738831,0.006548821926116943,1.2586008310317993,0.01906934194266796,155,3.710523739355291e-07
2773,0.9932951331138611,0.006704866886138916,1.2789250612258911,0.019427068531513214,155,3.710523739355291e-07
2774,0.9934936761856079,0.00650632381439209,1.2671875953674316,0.01911313645541668,155,3.710523739355291e-07
2775,0.9935329556465149,0.006467044353485107,1.2545610666275024,0.018947985023260117,155,3.710523739355291e-07
2776,0.9932467937469482,0.006753206253051758,1.2523927688598633,0.0192096009850502,155,3.710523739355291e-07
2777,0.9930692315101624,0.0069307684898376465,1.2885578870773315,0.019747039303183556,155,3.710523739355291e-07
2778,0.9934250712394714,0.0065749287605285645,1.255763292312622,0.019066812470555305,155,3.710523739355291e-07
2779,0.993584156036377,0.006415843963623047,1.2563937902450562,0.018915623426437378,155,3.710523739355291e-07
2780,0.9932224750518799,0.006777524948120117,1.2583099603652954,0.01929285004734993,155,3.710523739355291e-07
2781,0.9932082295417786,0.0067917704582214355,1.2666141986846924,0.01938999444246292,155,3.710523739355291e-07
2782,0.9934203028678894,0.006579697132110596,1.257411241531372,0.019088011234998703,155,3.710523739355291e-07
2783,0.9935771822929382,0.006422817707061768,1.2487297058105469,0.01884588599205017,155,3.710523739355291e-07
2784,0.9933220148086548,0.006677985191345215,1.2521885633468628,0.01913309097290039,155,3.710523739355291e-07
2785,0.993520975112915,0.006479024887084961,1.2499569654464722,0.01891380362212658,155,3.710523739355291e-07
2786,0.9934936165809631,0.006506383419036865,1.2629269361495972,0.019070588052272797,155,3.710523739355291e-07
2787,0.9933637380599976,0.006636261940002441,1.2561997175216675,0.019131895154714584,155,3.710523739355291e-07
2788,0.9928325414657593,0.007167458534240723,1.2637310028076172,0.019733093678951263,155,3.710523739355291e-07
2789,0.993548572063446,0.006451427936553955,1.2416746616363525,0.018803659826517105,155,3.710523739355291e-07
2790,0.9935922622680664,0.006407737731933594,1.248732566833496,0.018830986693501472,156,3.524997552387526e-07
2791,0.9934792518615723,0.006520748138427734,1.2456079721450806,0.01891161873936653,156,3.524997552387526e-07
2792,0.9934329390525818,0.006567060947418213,1.2706584930419922,0.019207974895834923,156,3.524997552387526e-07
2793,0.9929160475730896,0.0070839524269104,1.2797423601150513,0.01981053687632084,156,3.524997552387526e-07
2794,0.993449330329895,0.0065506696701049805,1.2595422267913818,0.01908058486878872,156,3.524997552387526e-07
2795,0.9935827851295471,0.006417214870452881,1.2583816051483154,0.01893685758113861,156,3.524997552387526e-07
2796,0.9933858513832092,0.0066141486167907715,1.2578574419021606,0.01912658102810383,156,3.524997552387526e-07
2797,0.9932406544685364,0.006759345531463623,1.2631251811981201,0.01932300254702568,156,3.524997552387526e-07
2798,0.9933398365974426,0.006660163402557373,1.2687000036239624,0.019280560314655304,156,3.524997552387526e-07
2799,0.9933480024337769,0.0066519975662231445,1.2700488567352295,0.019285965710878372,156,3.524997552387526e-07
2800,0.9933017492294312,0.006698250770568848,1.2620701789855957,0.01925196871161461,156,3.524997552387526e-07
2801,0.9932786226272583,0.006721377372741699,1.253173589706421,0.019185900688171387,156,3.524997552387526e-07
2802,0.9930099248886108,0.00699007511138916,1.2696263790130615,0.019616438075900078,156,3.524997552387526e-07
2803,0.9935314655303955,0.006468534469604492,1.2535858154296875,0.018939707428216934,156,3.524997552387526e-07
2804,0.9936738610267639,0.006326138973236084,1.2391703128814697,0.018654581159353256,156,3.524997552387526e-07
2805,0.993402361869812,0.006597638130187988,1.253390908241272,0.01906557008624077,156,3.524997552387526e-07
2806,0.993187665939331,0.006812334060668945,1.2692999839782715,0.019437208771705627,156,3.524997552387526e-07
2807,0.9934608340263367,0.00653916597366333,1.2647936344146729,0.01912171021103859,156,3.524997552387526e-07
2808,0.9934356212615967,0.00656437873840332,1.2521717548370361,0.019020453095436096,157,3.34874767476815e-07
2809,0.9931697845458984,0.0068302154541015625,1.2705432176589966,0.019467346370220184,157,3.34874767476815e-07
2810,0.993488073348999,0.0065119266510009766,1.2491509914398193,0.018938317894935608,157,3.34874767476815e-07
2811,0.9933724403381348,0.006627559661865234,1.2491741180419922,0.019053025171160698,157,3.34874767476815e-07
2812,0.9932661056518555,0.006733894348144531,1.264163613319397,0.019308190792798996,157,3.34874767476815e-07
2813,0.9938321113586426,0.006167888641357422,1.2574574947357178,0.018680784851312637,157,3.34874767476815e-07
2814,0.9928823709487915,0.007117629051208496,1.2749319076538086,0.019795771688222885,157,3.34874767476815e-07
2815,0.9935299158096313,0.006470084190368652,1.2479379177093506,0.01888476312160492,157,3.34874767476815e-07
2816,0.9933357834815979,0.0066642165184021,1.2655144929885864,0.01925271935760975,157,3.34874767476815e-07
2817,0.9934007525444031,0.006599247455596924,1.264532208442688,0.01917857676744461,157,3.34874767476815e-07
2818,0.99322110414505,0.006778895854949951,1.2670875787734985,0.01938198134303093,157,3.34874767476815e-07
2819,0.9929684400558472,0.007031559944152832,1.2665427923202515,0.019626671448349953,157,3.34874767476815e-07
2820,0.9934952855110168,0.006504714488983154,1.2644883394241333,0.019084550440311432,157,3.34874767476815e-07
2821,0.9937359690666199,0.006264030933380127,1.2523752450942993,0.018725141882896423,157,3.34874767476815e-07
2822,0.9932462573051453,0.006753742694854736,1.2669007778167725,0.01935521326959133,157,3.34874767476815e-07
2823,0.9934729337692261,0.006527066230773926,1.2470097541809082,0.01893189176917076,157,3.34874767476815e-07
2824,0.9933561086654663,0.006643891334533691,1.2649354934692383,0.019226808100938797,157,3.34874767476815e-07
2825,0.9932451248168945,0.006754875183105469,1.2604634761810303,0.019291959702968597,157,3.34874767476815e-07
2826,0.993118405342102,0.006881594657897949,1.278956651687622,0.019602345302700996,158,3.181310291029742e-07
2827,0.9931373000144958,0.00686269998550415,1.2687957286834717,0.019482029601931572,158,3.181310291029742e-07
2828,0.9934127926826477,0.006587207317352295,1.2521822452545166,0.019043156877160072,158,3.181310291029742e-07
2829,0.9934037327766418,0.006596267223358154,1.2559176683425903,0.019089480862021446,158,3.181310291029742e-07
2830,0.9932397603988647,0.006760239601135254,1.272161841392517,0.019414255395531654,158,3.181310291029742e-07
2831,0.9934517741203308,0.0065482258796691895,1.2586203813552856,0.019068947061896324,158,3.181310291029742e-07
2832,0.9932934045791626,0.006706595420837402,1.2611267566680908,0.019250797107815742,158,3.181310291029742e-07
2833,0.9936253428459167,0.006374657154083252,1.25777268409729,0.01888863742351532,158,3.181310291029742e-07
2834,0.9933316707611084,0.0066683292388916016,1.2547930479049683,0.019149575382471085,158,3.181310291029742e-07
2835,0.9932656288146973,0.006734371185302734,1.2726151943206787,0.019393179565668106,158,3.181310291029742e-07
2836,0.9933539032936096,0.006646096706390381,1.2438753843307495,0.01901838928461075,158,3.181310291029742e-07
2837,0.9932817816734314,0.0067182183265686035,1.2529724836349487,0.01918075978755951,158,3.181310291029742e-07
2838,0.9934098124504089,0.0065901875495910645,1.2578734159469604,0.019103020429611206,158,3.181310291029742e-07
2839,0.9935404658317566,0.006459534168243408,1.2497458457946777,0.018892398104071617,158,3.181310291029742e-07
2840,0.9935135245323181,0.006486475467681885,1.260774850845337,0.01902936026453972,158,3.181310291029742e-07
2841,0.9932836890220642,0.006716310977935791,1.2714660167694092,0.019363807514309883,158,3.181310291029742e-07
2842,0.9934962391853333,0.006503760814666748,1.2593001127243042,0.019031723961234093,158,3.181310291029742e-07
2843,0.9933879375457764,0.006612062454223633,1.2489653825759888,0.019035594537854195,158,3.181310291029742e-07
2844,0.9935570359230042,0.00644296407699585,1.2420591115951538,0.018799126148223877,159,3.0222447764782547e-07
2845,0.9935649633407593,0.006435036659240723,1.2497546672821045,0.018868232145905495,159,3.0222447764782547e-07
2846,0.9933379292488098,0.0066620707511901855,1.245749831199646,0.01905294880270958,159,3.0222447764782547e-07
2847,0.9936732649803162,0.006326735019683838,1.250732421875,0.018770791590213776,159,3.0222447764782547e-07
2848,0.9932108521461487,0.006789147853851318,1.2644044160842896,0.019365299493074417,159,3.0222447764782547e-07
2849,0.9932106137275696,0.00678938627243042,1.2645589113235474,0.01936708204448223,159,3.0222447764782547e-07
2850,0.9933555722236633,0.00664442777633667,1.2669765949249268,0.01924774795770645,159,3.0222447764782547e-07
2851,0.9934106469154358,0.006589353084564209,1.2543658018112183,0.01906711794435978,159,3.0222447764782547e-07
2852,0.9932938814163208,0.006706118583679199,1.2662335634231567,0.019301392138004303,159,3.0222447764782547e-07
2853,0.9932478070259094,0.006752192974090576,1.269330620765686,0.019377976655960083,159,3.0222447764782547e-07
2854,0.9931017756462097,0.006898224353790283,1.2616162300109863,0.019445404410362244,159,3.0222447764782547e-07
2855,0.993416965007782,0.006583034992218018,1.270647644996643,0.019223680719733238,159,3.0222447764782547e-07
2856,0.9932947158813477,0.006705284118652344,1.2697728872299194,0.01933595910668373,159,3.0222447764782547e-07
2857,0.9932641386985779,0.006735861301422119,1.273542881011963,0.019403930753469467,159,3.0222447764782547e-07
2858,0.9936952590942383,0.006304740905761719,1.2462670803070068,0.018704364076256752,159,3.0222447764782547e-07
2859,0.9934292435646057,0.006570756435394287,1.2552967071533203,0.019058015197515488,159,3.0222447764782547e-07
2860,0.9930710792541504,0.006928920745849609,1.270025372505188,0.019559884443879128,159,3.0222447764782547e-07
2861,0.9932296872138977,0.006770312786102295,1.2635056972503662,0.019337667152285576,159,3.0222447764782547e-07
2862,0.9934014678001404,0.006598532199859619,1.265694499015808,0.019189491868019104,160,2.8711325376543416e-07
2863,0.9933094382286072,0.006690561771392822,1.2604022026062012,0.019227677956223488,160,2.8711325376543416e-07
2864,0.9934399724006653,0.006560027599334717,1.2668747901916504,0.01916317455470562,160,2.8711325376543416e-07
2865,0.9934022426605225,0.006597757339477539,1.2675204277038574,0.019206983968615532,160,2.8711325376543416e-07
2866,0.9932397603988647,0.006760239601135254,1.2812347412109375,0.019504984840750694,160,2.8711325376543416e-07
2867,0.9932520985603333,0.006747901439666748,1.2524439096450806,0.019204862415790558,160,2.8711325376543416e-07
2868,0.9932693839073181,0.006730616092681885,1.2607018947601318,0.01927032880485058,160,2.8711325376543416e-07
2869,0.9933657050132751,0.0066342949867248535,1.2524830102920532,0.019092783331871033,160,2.8711325376543416e-07
2870,0.9933616518974304,0.00663834810256958,1.247786045074463,0.01904982514679432,160,2.8711325376543416e-07
2871,0.9935537576675415,0.006446242332458496,1.2485408782958984,0.018867187201976776,160,2.8711325376543416e-07
2872,0.9930022954940796,0.00699770450592041,1.2759863138198853,0.01968758925795555,160,2.8711325376543416e-07
2873,0.9933739304542542,0.00662606954574585,1.256953239440918,0.01912933960556984,160,2.8711325376543416e-07
2874,0.9929249286651611,0.007075071334838867,1.2760024070739746,0.01976434513926506,160,2.8711325376543416e-07
2875,0.993347704410553,0.0066522955894470215,1.2608084678649902,0.0191938579082489,160,2.8711325376543416e-07
2876,0.9937365055084229,0.0062634944915771484,1.2398204803466797,0.018599065020680428,160,2.8711325376543416e-07
2877,0.9934602379798889,0.006539762020111084,1.2513619661331177,0.018987983465194702,160,2.8711325376543416e-07
2878,0.9935372471809387,0.006462752819061279,1.262249231338501,0.01902061700820923,160,2.8711325376543416e-07
2879,0.9938256740570068,0.006174325942993164,1.2512874603271484,0.01862545683979988,160,2.8711325376543416e-07
2880,0.9931795001029968,0.006820499897003174,1.2706941366195679,0.019459236413240433,161,2.7275759107716244e-07
2881,0.9932496547698975,0.006750345230102539,1.2579964399337769,0.019262805581092834,161,2.7275759107716244e-07
2882,0.9935072660446167,0.006492733955383301,1.2559155225753784,0.018986962735652924,161,2.7275759107716244e-07
2883,0.9933503270149231,0.006649672985076904,1.260797381401062,0.01919114962220192,161,2.7275759107716244e-07
2884,0.9933669567108154,0.00663304328918457,1.2599247694015503,0.01916596107184887,161,2.7275759107716244e-07
2885,0.9934774041175842,0.0065225958824157715,1.2629399299621582,0.019086768850684166,161,2.7275759107716244e-07
2886,0.9933745265007019,0.006625473499298096,1.2676029205322266,0.019235247746109962,161,2.7275759107716244e-07
2887,0.9935539364814758,0.00644606351852417,1.244924545288086,0.01883084699511528,161,2.7275759107716244e-07
2888,0.9934924244880676,0.006507575511932373,1.2454935312271118,0.018897434696555138,161,2.7275759107716244e-07
2889,0.9933423399925232,0.006657660007476807,1.260588526725769,0.019196968525648117,161,2.7275759107716244e-07
2890,0.9935019612312317,0.0064980387687683105,1.2589102983474731,0.01902216114103794,161,2.7275759107716244e-07
2891,0.9936738014221191,0.006326198577880859,1.2503046989440918,0.01876598224043846,161,2.7275759107716244e-07
2892,0.9930668473243713,0.006933152675628662,1.267202377319336,0.019535845145583153,161,2.7275759107716244e-07
2893,0.9931870102882385,0.006812989711761475,1.269595980644226,0.019440818578004837,161,2.7275759107716244e-07
2894,0.9929006695747375,0.007099330425262451,1.2699551582336426,0.019727887585759163,161,2.7275759107716244e-07
2895,0.9936326146125793,0.006367385387420654,1.2586017847061157,0.01888972893357277,161,2.7275759107716244e-07
2896,0.9933820366859436,0.0066179633140563965,1.266187071800232,0.019213654100894928,161,2.7275759107716244e-07
2897,0.9932486414909363,0.006751358509063721,1.2604981660842896,0.01928882673382759,161,2.7275759107716244e-07
2898,0.9934487342834473,0.006551265716552734,1.2590076923370361,0.019075829535722733,162,2.591197115233043e-07
2899,0.9931116104125977,0.006888389587402344,1.2669438123703003,0.019488943740725517,162,2.591197115233043e-07
2900,0.9933112263679504,0.0066887736320495605,1.2529237270355225,0.019151123240590096,162,2.591197115233043e-07
2901,0.9935816526412964,0.006418347358703613,1.248280644416809,0.018836969509720802,162,2.591197115233043e-07
2902,0.9932501316070557,0.006749868392944336,1.2820619344711304,0.019502989947795868,162,2.591197115233043e-07
2903,0.993010401725769,0.006989598274230957,1.2731637954711914,0.019651340320706367,162,2.591197115233043e-07
2904,0.9932262301445007,0.006773769855499268,1.2678470611572266,0.01938450336456299,162,2.591197115233043e-07
2905,0.9936622381210327,0.006337761878967285,1.2472195625305176,0.01874658092856407,162,2.591197115233043e-07
2906,0.9929742217063904,0.007025778293609619,1.2770137786865234,0.019725657999515533,162,2.591197115233043e-07
2907,0.9934573769569397,0.006542623043060303,1.2437137365341187,0.01891433447599411,162,2.591197115233043e-07
2908,0.9933998584747314,0.006600141525268555,1.2654366493225098,0.01918850652873516,162,2.591197115233043e-07
2909,0.9935579299926758,0.006442070007324219,1.261406660079956,0.01899171620607376,162,2.591197115233043e-07
2910,0.9934504628181458,0.006549537181854248,1.252790927886963,0.019011951982975006,162,2.591197115233043e-07
2911,0.9933512210845947,0.0066487789154052734,1.2552518844604492,0.01913481019437313,162,2.591197115233043e-07
2912,0.9934116005897522,0.006588399410247803,1.2580010890960693,0.01910252682864666,162,2.591197115233043e-07
2913,0.9933540225028992,0.00664597749710083,1.254295825958252,0.019122475758194923,162,2.591197115233043e-07
2914,0.9936612248420715,0.006338775157928467,1.257778525352478,0.018853172659873962,162,2.591197115233043e-07
2915,0.993208646774292,0.006791353225708008,1.2676485776901245,0.01939992606639862,162,2.591197115233043e-07
2916,0.9931014776229858,0.00689852237701416,1.2580264806747437,0.019409801810979843,163,2.4616372594713905e-07
2917,0.9929258823394775,0.007074117660522461,1.2843399047851562,0.019846774637699127,163,2.4616372594713905e-07
2918,0.9934789538383484,0.006521046161651611,1.2432337999343872,0.01888817362487316,163,2.4616372594713905e-07
2919,0.9935072660446167,0.006492733955383301,1.2459911108016968,0.0188877172768116,163,2.4616372594713905e-07
2920,0.9932847023010254,0.006715297698974609,1.2647099494934082,0.01929524354636669,163,2.4616372594713905e-07
2921,0.9935917854309082,0.006408214569091797,1.2603545188903809,0.018947677686810493,163,2.4616372594713905e-07
2922,0.9935110807418823,0.006488919258117676,1.2693438529968262,0.01911746896803379,163,2.4616372594713905e-07
2923,0.9931406378746033,0.0068593621253967285,1.263931393623352,0.01943008229136467,163,2.4616372594713905e-07
2924,0.9933455586433411,0.0066544413566589355,1.2556712627410889,0.019144609570503235,163,2.4616372594713905e-07
2925,0.9935452342033386,0.006454765796661377,1.2542773485183716,0.018932990729808807,163,2.4616372594713905e-07
2926,0.9935435652732849,0.006456434726715088,1.2473695278167725,0.018865564838051796,163,2.4616372594713905e-07
2927,0.9933546781539917,0.006645321846008301,1.2610536813735962,0.01918940432369709,163,2.4616372594713905e-07
2928,0.9932928681373596,0.006707131862640381,1.2611733675003052,0.01925179362297058,163,2.4616372594713905e-07
2929,0.9933956265449524,0.006604373455047607,1.2667909860610962,0.01920623891055584,163,2.4616372594713905e-07
2930,0.9932711720466614,0.006728827953338623,1.265973448753357,0.019321274012327194,163,2.4616372594713905e-07
2931,0.9936017394065857,0.006398260593414307,1.254008412361145,0.018874362111091614,163,2.4616372594713905e-07
2932,0.9931968450546265,0.006803154945373535,1.268452525138855,0.019419647753238678,163,2.4616372594713905e-07
2933,0.9936174154281616,0.006382584571838379,1.2542312145233154,0.0188610702753067,163,2.4616372594713905e-07
2934,0.9933276176452637,0.006672382354736328,1.2561904191970825,0.019167562946677208,164,2.3385553964978208e-07
2935,0.9935042858123779,0.00649571418762207,1.2554612159729004,0.018985368311405182,164,2.3385553964978208e-07
2936,0.9931104183197021,0.0068895816802978516,1.2696503400802612,0.019517188891768456,164,2.3385553964978208e-07
2937,0.9933240413665771,0.0066759586334228516,1.2628806829452515,0.019238006323575974,164,2.3385553964978208e-07
2938,0.9934310913085938,0.00656890869140625,1.2565388679504395,0.019068608060479164,164,2.3385553964978208e-07
2939,0.99375981092453,0.006240189075469971,1.2550742626190186,0.018728530034422874,164,2.3385553964978208e-07
2940,0.9934535622596741,0.006546437740325928,1.2638490200042725,0.019119463860988617,164,2.3385553964978208e-07
2941,0.9934530854225159,0.006546914577484131,1.2564640045166016,0.019046084955334663,164,2.3385553964978208e-07
2942,0.9930475354194641,0.006952464580535889,1.2712339162826538,0.019595278427004814,164,2.3385553964978208e-07
2943,0.9931451678276062,0.006854832172393799,1.2667086124420166,0.019453369081020355,164,2.3385553964978208e-07
2944,0.9933903813362122,0.006609618663787842,1.2565144300460815,0.019108667969703674,164,2.3385553964978208e-07
2945,0.9931432604789734,0.006856739521026611,1.2776421308517456,0.019564593210816383,164,2.3385553964978208e-07
2946,0.9933593273162842,0.00664067268371582,1.2595597505569458,0.019169863313436508,164,2.3385553964978208e-07
2947,0.9934161901473999,0.006583809852600098,1.2580863237380981,0.019098835065960884,164,2.3385553964978208e-07
2948,0.993374764919281,0.006625235080718994,1.256788730621338,0.01912686973810196,164,2.3385553964978208e-07
2949,0.9935124516487122,0.006487548351287842,1.2521862983703613,0.01894453540444374,164,2.3385553964978208e-07
2950,0.9935126900672913,0.00648730993270874,1.2452375888824463,0.018874812871217728,164,2.3385553964978208e-07
2951,0.9930995106697083,0.006900489330291748,1.2761743068695068,0.01959322765469551,164,2.3385553964978208e-07
2952,0.9933035969734192,0.0066964030265808105,1.260452389717102,0.019233962520956993,165,2.2216276266729297e-07
2953,0.9932107925415039,0.006789207458496094,1.2655935287475586,0.019377250224351883,165,2.2216276266729297e-07
2954,0.9929819107055664,0.007018089294433594,1.2672743797302246,0.019620653241872787,165,2.2216276266729297e-07
2955,0.9933286309242249,0.0066713690757751465,1.2564479112625122,0.01916913315653801,165,2.2216276266729297e-07
2956,0.9934378266334534,0.006562173366546631,1.259964108467102,0.019096191972494125,165,2.2216276266729297e-07
2957,0.9932922720909119,0.006707727909088135,1.2736024856567383,0.01937667466700077,165,2.2216276266729297e-07
2958,0.9934550523757935,0.006544947624206543,1.2520556449890137,0.01900005340576172,165,2.2216276266729297e-07
2959,0.9934627413749695,0.006537258625030518,1.262418508529663,0.019096070900559425,165,2.2216276266729297e-07
2960,0.9933464527130127,0.006653547286987305,1.26766037940979,0.0192636139690876,165,2.2216276266729297e-07
2961,0.9932444095611572,0.0067555904388427734,1.2613258361816406,0.019301293417811394,165,2.2216276266729297e-07
2962,0.9935200214385986,0.006479978561401367,1.2548532485961914,0.018963711336255074,165,2.2216276266729297e-07
2963,0.9934482574462891,0.0065517425537109375,1.2501300573349,0.01898752525448799,165,2.2216276266729297e-07
2964,0.9936743378639221,0.006325662136077881,1.257633924484253,0.01883874461054802,165,2.2216276266729297e-07
2965,0.9929522275924683,0.007047772407531738,1.2600511312484741,0.01957780495285988,165,2.2216276266729297e-07
2966,0.9935185313224792,0.006481468677520752,1.2627869844436646,0.019044524058699608,165,2.2216276266729297e-07
2967,0.9935942888259888,0.0064057111740112305,1.2406164407730103,0.01874781772494316,165,2.2216276266729297e-07
2968,0.9934174418449402,0.0065825581550598145,1.2666287422180176,0.019183019176125526,165,2.2216276266729297e-07
2969,0.9933676719665527,0.006632328033447266,1.2684365510940552,0.01925037056207657,165,2.2216276266729297e-07
2970,0.9935902953147888,0.006409704685211182,1.2468578815460205,0.01881418563425541,166,2.110546245339283e-07
2971,0.9934239983558655,0.0065760016441345215,1.264304518699646,0.019153285771608353,166,2.110546245339283e-07
2972,0.9930742383003235,0.006925761699676514,1.2736175060272217,0.019592680037021637,166,2.110546245339283e-07
2973,0.9933168292045593,0.006683170795440674,1.2653419971466064,0.019269758835434914,166,2.110546245339283e-07
2974,0.9932267069816589,0.0067732930183410645,1.2707393169403076,0.019412953406572342,166,2.110546245339283e-07
2975,0.9935309290885925,0.006469070911407471,1.2477679252624512,0.018882058560848236,166,2.110546245339283e-07
2976,0.9934770464897156,0.006522953510284424,1.2482478618621826,0.01894020289182663,166,2.110546245339283e-07
2977,0.9930805563926697,0.006919443607330322,1.257827639579773,0.019428525120019913,166,2.110546245339283e-07
2978,0.993589460849762,0.006410539150238037,1.2739685773849487,0.019086118787527084,166,2.110546245339283e-07
2979,0.9930996298789978,0.006900370121002197,1.2484688758850098,0.01931605488061905,166,2.110546245339283e-07
2980,0.9933834075927734,0.0066165924072265625,1.2583328485488892,0.019133754074573517,166,2.110546245339283e-07
2981,0.9934096336364746,0.006590366363525391,1.2605422735214233,0.019129885360598564,166,2.110546245339283e-07
2982,0.9935020804405212,0.00649791955947876,1.2643396854400635,0.019076336175203323,166,2.110546245339283e-07
2983,0.9933154582977295,0.006684541702270508,1.2612838745117188,0.019230535253882408,166,2.110546245339283e-07
2984,0.9933678507804871,0.0066321492195129395,1.2604246139526367,0.01917007379233837,166,2.110546245339283e-07
2985,0.9932964444160461,0.006703555583953857,1.2661187648773193,0.019297707825899124,166,2.110546245339283e-07
2986,0.9936952590942383,0.006304740905761719,1.2527815103530884,0.018769508227705956,166,2.110546245339283e-07
2987,0.992863655090332,0.007136344909667969,1.2711951732635498,0.019776932895183563,166,2.110546245339283e-07
2988,0.9933936595916748,0.006606340408325195,1.268829345703125,0.01922857016324997,167,2.0050189330723186e-07
2989,0.9930092096328735,0.006990790367126465,1.2693625688552856,0.019614506512880325,167,2.0050189330723186e-07
2990,0.9934738874435425,0.0065261125564575195,1.2580375671386719,0.01904122717678547,167,2.0050189330723186e-07
2991,0.9933856725692749,0.006614327430725098,1.2477988004684448,0.019026171416044235,167,2.0050189330723186e-07
2992,0.9933904409408569,0.006609559059143066,1.2585182189941406,0.019128644838929176,167,2.0050189330723186e-07
2993,0.9934835433959961,0.006516456604003906,1.2459207773208618,0.018910499289631844,167,2.0050189330723186e-07
2994,0.9932050108909607,0.006794989109039307,1.2660880088806152,0.019387919455766678,167,2.0050189330723186e-07
2995,0.993451714515686,0.006548285484313965,1.260089635848999,0.019083699211478233,167,2.0050189330723186e-07
2996,0.9933512210845947,0.0066487789154052734,1.2682822942733765,0.01926511339843273,167,2.0050189330723186e-07
2997,0.9933713674545288,0.006628632545471191,1.259299635887146,0.019155342131853104,167,2.0050189330723186e-07
2998,0.9935348033905029,0.00646519660949707,1.2546555995941162,0.018947100266814232,167,2.0050189330723186e-07
2999,0.993550717830658,0.006449282169342041,1.2554285526275635,0.018939074128866196,167,2.0050189330723186e-07
3000,0.9936189651489258,0.006381034851074219,1.2528008222579956,0.01884523220360279,167,2.0050189330723186e-07
3001,0.9932001233100891,0.006799876689910889,1.2507991790771484,0.019239868968725204,167,2.0050189330723186e-07
3002,0.9934024810791016,0.0065975189208984375,1.2704448699951172,0.019235992804169655,167,2.0050189330723186e-07
3003,0.9932295680046082,0.006770431995391846,1.2672853469848633,0.019375581294298172,167,2.0050189330723186e-07
3004,0.9932525753974915,0.006747424602508545,1.266634464263916,0.019346294924616814,167,2.0050189330723186e-07
3005,0.9930999875068665,0.006900012493133545,1.2735850811004639,0.019566863775253296,167,2.0050189330723186e-07
3006,0.9932765364646912,0.006723463535308838,1.2661609649658203,0.019317839294672012,168,1.9047679864187027e-07
3007,0.9933822154998779,0.00661778450012207,1.2661502361297607,0.019213108345866203,168,1.9047679864187027e-07
3008,0.9931619167327881,0.006838083267211914,1.2723791599273682,0.01949349418282509,168,1.9047679864187027e-07
3009,0.9935390949249268,0.006460905075073242,1.2489255666732788,0.018885551020503044,168,1.9047679864187027e-07
3010,0.9931098818778992,0.00689011812210083,1.2647790908813477,0.0194690078496933,168,1.9047679864187027e-07
3011,0.9934364557266235,0.006563544273376465,1.2611814737319946,0.01910972408950329,168,1.9047679864187027e-07
3012,0.9933477640151978,0.006652235984802246,1.2734789848327637,0.019320502877235413,168,1.9047679864187027e-07
3013,0.9935085773468018,0.006491422653198242,1.2517305612564087,0.01894381269812584,168,1.9047679864187027e-07
3014,0.9935727715492249,0.0064272284507751465,1.2422974109649658,0.018785931169986725,168,1.9047679864187027e-07
3015,0.9933300614356995,0.006669938564300537,1.2666321992874146,0.019269559532403946,168,1.9047679864187027e-07
3016,0.9935269355773926,0.006473064422607422,1.2685353755950928,0.01909368857741356,168,1.9047679864187027e-07
3017,0.9933915734291077,0.006608426570892334,1.248175024986267,0.019024092704057693,168,1.9047679864187027e-07
3018,0.993425190448761,0.006574809551239014,1.2502391338348389,0.019011452794075012,168,1.9047679864187027e-07
3019,0.9934457540512085,0.006554245948791504,1.257753610610962,0.019066238775849342,168,1.9047679864187027e-07
3020,0.9930338263511658,0.0069661736488342285,1.2579165697097778,0.019475677981972694,168,1.9047679864187027e-07
3021,0.9933309555053711,0.006669044494628906,1.2736502885818481,0.019338857382535934,168,1.9047679864187027e-07
3022,0.9934689998626709,0.0065310001373291016,1.2540783882141113,0.019006473943591118,168,1.9047679864187027e-07
3023,0.993219792842865,0.00678020715713501,1.258218765258789,0.01929459348320961,168,1.9047679864187027e-07
3024,0.9934269785881042,0.006573021411895752,1.2478766441345215,0.018986057490110397,169,1.8095295870977674e-07
3025,0.9933185577392578,0.0066814422607421875,1.2485886812210083,0.01910051517188549,169,1.8095295870977674e-07
3026,0.9931415915489197,0.006858408451080322,1.2765125036239624,0.019554948434233665,169,1.8095295870977674e-07
3027,0.9932282567024231,0.006771743297576904,1.262925148010254,0.01933327689766884,169,1.8095295870977674e-07
3028,0.9933960437774658,0.00660395622253418,1.2602101564407349,0.01914001815021038,169,1.8095295870977674e-07
3029,0.9932668209075928,0.0067331790924072266,1.2644295692443848,0.01931014284491539,169,1.8095295870977674e-07
3030,0.993422269821167,0.006577730178833008,1.2626084089279175,0.0191380362957716,169,1.8095295870977674e-07
3031,0.9933691620826721,0.006630837917327881,1.2711108922958374,0.019275639206171036,169,1.8095295870977674e-07
3032,0.9933116436004639,0.006688356399536133,1.266849160194397,0.01928996481001377,169,1.8095295870977674e-07
3033,0.9933586716651917,0.00664132833480835,1.2534403800964355,0.019109318032860756,169,1.8095295870977674e-07
3034,0.9935848116874695,0.006415188312530518,1.2582473754882812,0.018933510407805443,169,1.8095295870977674e-07
3035,0.9934952855110168,0.006504714488983154,1.2574559450149536,0.019014226272702217,169,1.8095295870977674e-07
3036,0.993032693862915,0.006967306137084961,1.2557339668273926,0.019454970955848694,169,1.8095295870977674e-07
3037,0.9935914874076843,0.006408512592315674,1.2566502094268799,0.018910929560661316,169,1.8095295870977674e-07
3038,0.9933392405509949,0.006660759449005127,1.2573174238204956,0.019167326390743256,169,1.8095295870977674e-07
3039,0.9933810830116272,0.006618916988372803,1.264115571975708,0.01919388398528099,169,1.8095295870977674e-07
3040,0.9936315417289734,0.006368458271026611,1.2540732622146606,0.018845506012439728,169,1.8095295870977674e-07
3041,0.9932336807250977,0.006766319274902344,1.2730141878128052,0.0194287970662117,169,1.8095295870977674e-07
3042,0.9935193657875061,0.0064806342124938965,1.2570797204971313,0.018986623734235764,170,1.719053107742879e-07
3043,0.9933783411979675,0.006621658802032471,1.2527694702148438,0.019083136692643166,170,1.719053107742879e-07
3044,0.9933876395225525,0.00661236047744751,1.260311245918274,0.019149350002408028,170,1.719053107742879e-07
3045,0.9930199980735779,0.006980001926422119,1.2804920673370361,0.019715122878551483,170,1.719053107742879e-07
3046,0.9935771822929382,0.006422817707061768,1.2574374675750732,0.018932964652776718,170,1.719053107742879e-07
3047,0.9933071732521057,0.006692826747894287,1.2574973106384277,0.019200870767235756,170,1.719053107742879e-07
3048,0.9933227896690369,0.006677210330963135,1.2734838724136353,0.019345276057720184,170,1.719053107742879e-07
3049,0.9933483600616455,0.006651639938354492,1.2621865272521973,0.01920698769390583,170,1.719053107742879e-07
3050,0.9934077262878418,0.006592273712158203,1.2526687383651733,0.019053038209676743,170,1.719053107742879e-07
3051,0.9933106899261475,0.006689310073852539,1.2622699737548828,0.019245116040110588,170,1.719053107742879e-07
3052,0.9934157729148865,0.006584227085113525,1.267092227935791,0.01918930746614933,170,1.719053107742879e-07
3053,0.9933401942253113,0.006659805774688721,1.255568504333496,0.019148893654346466,170,1.719053107742879e-07
3054,0.9933210611343384,0.006678938865661621,1.266042709350586,0.0192725770175457,170,1.719053107742879e-07
3055,0.993549108505249,0.0064508914947509766,1.2708542346954346,0.01909492537379265,170,1.719053107742879e-07
3056,0.9931004643440247,0.006899535655975342,1.2588235139846802,0.019418776035308838,170,1.719053107742879e-07
3057,0.9932622313499451,0.006737768650054932,1.2457971572875977,0.019128363579511642,170,1.719053107742879e-07
3058,0.9935527443885803,0.006447255611419678,1.244107961654663,0.018823862075805664,170,1.719053107742879e-07
3059,0.9936179518699646,0.0063820481300354,1.2541953325271606,0.01886018179357052,170,1.719053107742879e-07
3060,0.993270754814148,0.006729245185852051,1.270417332649231,0.019366126507520676,171,1.633100452355735e-07
3061,0.9935686588287354,0.0064313411712646484,1.2580790519714355,0.018947817385196686,171,1.633100452355735e-07
3062,0.9936522841453552,0.006347715854644775,1.2479709386825562,0.0187639482319355,171,1.633100452355735e-07
3063,0.9934728145599365,0.0065271854400634766,1.2617886066436768,0.019079800695180893,171,1.633100452355735e-07
3064,0.9933251142501831,0.0066748857498168945,1.2453651428222656,0.01906178891658783,171,1.633100452355735e-07
3065,0.993126392364502,0.006873607635498047,1.2724905014038086,0.01952977664768696,171,1.633100452355735e-07
3066,0.9935054183006287,0.006494581699371338,1.251240849494934,0.01894204318523407,171,1.633100452355735e-07
3067,0.9933351874351501,0.0066648125648498535,1.2571179866790771,0.019169343635439873,171,1.633100452355735e-07
3068,0.993581235408783,0.006418764591217041,1.2416497468948364,0.01877107471227646,171,1.633100452355735e-07
3069,0.9928342700004578,0.007165729999542236,1.2716877460479736,0.019810950383543968,171,1.633100452355735e-07
3070,0.99323970079422,0.006760299205780029,1.26161527633667,0.019308850169181824,171,1.633100452355735e-07
3071,0.9934397339820862,0.006560266017913818,1.2674291133880615,0.019168954342603683,171,1.633100452355735e-07
3072,0.9935839772224426,0.006416022777557373,1.2606143951416016,0.01895800605416298,171,1.633100452355735e-07
3073,0.9935245513916016,0.0064754486083984375,1.262036919593811,0.019031062722206116,171,1.633100452355735e-07
3074,0.9933874011039734,0.006612598896026611,1.2695257663726807,0.019241731613874435,171,1.633100452355735e-07
3075,0.9931712746620178,0.006828725337982178,1.2585967779159546,0.01934640482068062,171,1.633100452355735e-07
3076,0.9932104349136353,0.006789565086364746,1.2674278020858765,0.019395947456359863,171,1.633100452355735e-07
3077,0.9933175444602966,0.006682455539703369,1.2597506046295166,0.019213136285543442,171,1.633100452355735e-07
3078,0.9930654764175415,0.006934523582458496,1.2716257572174072,0.01958143524825573,172,1.5514454297379483e-07
3079,0.9934025406837463,0.006597459316253662,1.2650843858718872,0.019182328134775162,172,1.5514454297379483e-07
3080,0.992995023727417,0.007004976272583008,1.2678545713424683,0.019613470882177353,172,1.5514454297379483e-07
3081,0.9932684898376465,0.006731510162353516,1.2655179500579834,0.01931937411427498,172,1.5514454297379483e-07
3082,0.993515133857727,0.006484866142272949,1.2628648281097412,0.019048666581511497,172,1.5514454297379483e-07
3083,0.9935203790664673,0.006479620933532715,1.2597922086715698,0.019012747332453728,172,1.5514454297379483e-07
3084,0.9933708906173706,0.0066291093826293945,1.2557671070098877,0.019120488315820694,172,1.5514454297379483e-07
3085,0.9932284951210022,0.006771504878997803,1.2741334438323975,0.01944512315094471,172,1.5514454297379483e-07
3086,0.9934458136558533,0.0065541863441467285,1.2511128187179565,0.018999772146344185,172,1.5514454297379483e-07
3087,0.9934939742088318,0.006506025791168213,1.2524528503417969,0.018965493887662888,172,1.5514454297379483e-07
3088,0.9935141205787659,0.006485879421234131,1.267416000366211,0.019095180556178093,172,1.5514454297379483e-07
3089,0.9935098886489868,0.006490111351013184,1.2535978555679321,0.018961187452077866,172,1.5514454297379483e-07
3090,0.9935348629951477,0.006465137004852295,1.2499074935913086,0.01889955997467041,172,1.5514454297379483e-07
3091,0.9935736060142517,0.006426393985748291,1.2606244087219238,0.0189683735370636,172,1.5514454297379483e-07
3092,0.993140697479248,0.006859302520751953,1.2480546236038208,0.019271254539489746,172,1.5514454297379483e-07
3093,0.9934076070785522,0.006592392921447754,1.2623307704925537,0.0191497765481472,172,1.5514454297379483e-07
3094,0.9932377338409424,0.006762266159057617,1.2517129182815552,0.019211772829294205,172,1.5514454297379483e-07
3095,0.9933680891990662,0.006631910800933838,1.2683966159820557,0.019249558448791504,172,1.5514454297379483e-07
3096,0.9934239983558655,0.0065760016441345215,1.2500368356704712,0.01901061087846756,173,1.473873158251051e-07
3097,0.9933336973190308,0.006666302680969238,1.2688748836517334,0.019288387149572372,173,1.473873158251051e-07
3098,0.9934856295585632,0.006514370441436768,1.26723313331604,0.019121557474136353,173,1.473873158251051e-07
3099,0.9932411313056946,0.00675886869430542,1.2631754875183105,0.019323034211993217,173,1.473873158251051e-07
3100,0.9932184219360352,0.006781578063964844,1.2693743705749512,0.01940750516951084,173,1.473873158251051e-07
3101,0.9936536550521851,0.006346344947814941,1.2431516647338867,0.01871439814567566,173,1.473873158251051e-07
3102,0.993416965007782,0.006583034992218018,1.2574818134307861,0.019092023372650146,173,1.473873158251051e-07
3103,0.9934297204017639,0.006570279598236084,1.2702127695083618,0.019206702709197998,173,1.473873158251051e-07
3104,0.993200421333313,0.006799578666687012,1.2535414695739746,0.019266996532678604,173,1.473873158251051e-07
3105,0.9933271408081055,0.006672859191894531,1.2639001607894897,0.01924513280391693,173,1.473873158251051e-07
3106,0.9933934211730957,0.006606578826904297,1.251581072807312,0.019056323915719986,173,1.473873158251051e-07
3107,0.9934603571891785,0.006539642810821533,1.2610726356506348,0.019084971398115158,173,1.473873158251051e-07
3108,0.9931190609931946,0.00688093900680542,1.2789419889450073,0.019601549953222275,173,1.473873158251051e-07
3109,0.9933633804321289,0.006636619567871094,1.2644731998443604,0.01921498402953148,173,1.473873158251051e-07
3110,0.9935611486434937,0.006438851356506348,1.2433092594146729,0.018807554617524147,173,1.473873158251051e-07
3111,0.993523359298706,0.006476640701293945,1.2607460021972656,0.01901933364570141,173,1.473873158251051e-07
3112,0.993252694606781,0.006747305393218994,1.2568737268447876,0.019248569384217262,173,1.473873158251051e-07
3113,0.9927780628204346,0.00722193717956543,1.2612075805664062,0.019761793315410614,173,1.473873158251051e-07
3114,0.9932917356491089,0.006708264350891113,1.2714495658874512,0.01935567706823349,174,1.4001795003384983e-07
3115,0.9933351278305054,0.006664872169494629,1.2643911838531494,0.01924213580787182,174,1.4001795003384983e-07
3116,0.9932888150215149,0.006711184978485107,1.259206771850586,0.019236139953136444,174,1.4001795003384983e-07
3117,0.9932566285133362,0.006743371486663818,1.272809386253357,0.019404031336307526,174,1.4001795003384983e-07
3118,0.9935657978057861,0.006434202194213867,1.2539371252059937,0.018909230828285217,174,1.4001795003384983e-07
3119,0.9932833313941956,0.006716668605804443,1.2660101652145386,0.019309602677822113,174,1.4001795003384983e-07
3120,0.9936341047286987,0.0063658952713012695,1.2472041845321655,0.018774278461933136,174,1.4001795003384983e-07
3121,0.993415355682373,0.006584644317626953,1.2647569179534912,0.0191663671284914,174,1.4001795003384983e-07
3122,0.9932698011398315,0.006730198860168457,1.2739957571029663,0.01940285414457321,174,1.4001795003384983e-07
3123,0.9934539794921875,0.0065460205078125,1.2383569478988647,0.01886412873864174,174,1.4001795003384983e-07
3124,0.9934952259063721,0.00650477409362793,1.2492492198944092,0.018932217732071877,174,1.4001795003384983e-07
3125,0.9930326342582703,0.006967365741729736,1.2621641159057617,0.01951933279633522,174,1.4001795003384983e-07
3126,0.9932069778442383,0.006793022155761719,1.277618408203125,0.019501276314258575,174,1.4001795003384983e-07
3127,0.9932383298873901,0.006761670112609863,1.25644052028656,0.01925845816731453,174,1.4001795003384983e-07
3128,0.9934726357460022,0.006527364253997803,1.2576993703842163,0.019039083272218704,174,1.4001795003384983e-07
3129,0.9936211705207825,0.006378829479217529,1.244887113571167,0.018763910979032516,174,1.4001795003384983e-07
3130,0.9932237863540649,0.006776213645935059,1.2710037231445312,0.019418489187955856,174,1.4001795003384983e-07
3131,0.9936959147453308,0.0063040852546691895,1.2307076454162598,0.01854811981320381,174,1.4001795003384983e-07
3132,0.9935491681098938,0.006450831890106201,1.2549307346343994,0.018935631960630417,175,1.3301705253215733e-07
3133,0.9933720827102661,0.006627917289733887,1.264280080795288,0.019204439595341682,175,1.3301705253215733e-07
3134,0.9933569431304932,0.006643056869506836,1.266566276550293,0.019242290407419205,175,1.3301705253215733e-07
3135,0.9938085079193115,0.0061914920806884766,1.2650146484375,0.018779722973704338,175,1.3301705253215733e-07
3136,0.993438184261322,0.0065618157386779785,1.258570671081543,0.019081903621554375,175,1.3301705253215733e-07
3137,0.9935250282287598,0.006474971771240234,1.2526965141296387,0.018937187269330025,175,1.3301705253215733e-07
3138,0.9931817054748535,0.006818294525146484,1.2669867277145386,0.01941997930407524,175,1.3301705253215733e-07
3139,0.9929494857788086,0.007050514221191406,1.270082950592041,0.019680839031934738,175,1.3301705253215733e-07
3140,0.9935128092765808,0.0064871907234191895,1.2548298835754395,0.018970618024468422,175,1.3301705253215733e-07
3141,0.9935327172279358,0.006467282772064209,1.2542251348495483,0.018944861367344856,175,1.3301705253215733e-07
3142,0.9932276010513306,0.006772398948669434,1.269425868988037,0.01939893327653408,175,1.3301705253215733e-07
3143,0.9934511184692383,0.006548881530761719,1.2480603456497192,0.018963996320962906,175,1.3301705253215733e-07
3144,0.9934783577919006,0.006521642208099365,1.2508270740509033,0.018964696675539017,175,1.3301705253215733e-07
3145,0.9933514595031738,0.006648540496826172,1.2552051544189453,0.01913410611450672,175,1.3301705253215733e-07
3146,0.9933211803436279,0.00667881965637207,1.2578163146972656,0.019190195947885513,175,1.3301705253215733e-07
3147,0.9928367137908936,0.007163286209106445,1.270465612411499,0.019796308130025864,175,1.3301705253215733e-07
3148,0.9934669733047485,0.006533026695251465,1.2517523765563965,0.018985219299793243,175,1.3301705253215733e-07
3149,0.9927749633789062,0.00722503662109375,1.2951642274856567,0.020104428753256798,175,1.3301705253215733e-07
3150,0.9932012557983398,0.006798744201660156,1.2709482908248901,0.019440239295363426,176,1.2636619990554947e-07
3151,0.9935312867164612,0.006468713283538818,1.2592136859893799,0.018996164202690125,176,1.2636619990554947e-07
3152,0.9935609698295593,0.006439030170440674,1.2509862184524536,0.018884502351284027,176,1.2636619990554947e-07
3153,0.9929774403572083,0.007022559642791748,1.2603871822357178,0.019556205719709396,176,1.2636619990554947e-07
3154,0.9934042692184448,0.006595730781555176,1.2607629299163818,0.01913740299642086,176,1.2636619990554947e-07
3155,0.9929754734039307,0.007024526596069336,1.274613857269287,0.019700419157743454,176,1.2636619990554947e-07
3156,0.9931473731994629,0.006852626800537109,1.2574949264526367,0.019359050318598747,176,1.2636619990554947e-07
3157,0.9932830929756165,0.006716907024383545,1.262339472770691,0.01927313208580017,176,1.2636619990554947e-07
3158,0.9938248991966248,0.006175100803375244,1.2542922496795654,0.018656272441148758,176,1.2636619990554947e-07
3159,0.9931896328926086,0.006810367107391357,1.266310214996338,0.019405364990234375,176,1.2636619990554947e-07
3160,0.993578314781189,0.006421685218811035,1.2523095607757568,0.018880562856793404,176,1.2636619990554947e-07
3161,0.9933138489723206,0.006686151027679443,1.25235915184021,0.01914288103580475,176,1.2636619990554947e-07
3162,0.9934835433959961,0.006516456604003906,1.2538926601409912,0.01899021863937378,176,1.2636619990554947e-07
3163,0.9933541417121887,0.006645858287811279,1.2718769311904907,0.019298167899250984,176,1.2636619990554947e-07
3164,0.9934363961219788,0.00656360387802124,1.2517565488815308,0.019015531986951828,176,1.2636619990554947e-07
3165,0.9935081601142883,0.00649183988571167,1.2508599758148193,0.018935520201921463,176,1.2636619990554947e-07
3166,0.9933960437774658,0.00660395622253418,1.2705951929092407,0.019243868067860603,176,1.2636619990554947e-07
3167,0.9933829307556152,0.006617069244384766,1.2679880857467651,0.019230779260396957,176,1.2636619990554947e-07
3168,0.9934578537940979,0.0065421462059021,1.2529230117797852,0.019005954265594482,177,1.20047889910272e-07
3169,0.9933446645736694,0.006655335426330566,1.2617050409317017,0.019205830991268158,177,1.20047889910272e-07
3170,0.9933169484138489,0.006683051586151123,1.2555456161499023,0.01917167752981186,177,1.20047889910272e-07
3171,0.9933130741119385,0.0066869258880615234,1.2689223289489746,0.019309278577566147,177,1.20047889910272e-07
3172,0.9934474229812622,0.006552577018737793,1.2475955486297607,0.018963007256388664,177,1.20047889910272e-07
3173,0.9934448003768921,0.00655519962310791,1.2553943395614624,0.019043590873479843,177,1.20047889910272e-07
3174,0.9932569861412048,0.006743013858795166,1.2626302242279053,0.01930188573896885,177,1.20047889910272e-07
3175,0.9933748245239258,0.006625175476074219,1.2625210285186768,0.019184134900569916,177,1.20047889910272e-07
3176,0.9933366179466248,0.006663382053375244,1.2607297897338867,0.019204046577215195,177,1.20047889910272e-07
3177,0.9934506416320801,0.006549358367919922,1.25379478931427,0.019021812826395035,177,1.20047889910272e-07
3178,0.9929313063621521,0.0070686936378479,1.2640433311462402,0.019638439640402794,177,1.20047889910272e-07
3179,0.9933510422706604,0.0066489577293396,1.2595160007476807,0.019177628681063652,177,1.20047889910272e-07
3180,0.9932941794395447,0.006705820560455322,1.2674965858459473,0.01931372843682766,177,1.20047889910272e-07
3181,0.9937252402305603,0.006274759769439697,1.262140154838562,0.01883341372013092,177,1.20047889910272e-07
3182,0.9934014081954956,0.0065985918045043945,1.2600245475769043,0.01913285069167614,177,1.20047889910272e-07
3183,0.993412435054779,0.006587564945220947,1.2587065696716309,0.019108755514025688,177,1.20047889910272e-07
3184,0.9934803247451782,0.006519675254821777,1.2690014839172363,0.019144492223858833,177,1.20047889910272e-07
3185,0.9928726553916931,0.007127344608306885,1.2667591571807861,0.019723663106560707,177,1.20047889910272e-07
3186,0.9932367205619812,0.006763279438018799,1.2589839696884155,0.01928548514842987,178,1.1404549541475839e-07
3187,0.9933812022209167,0.006618797779083252,1.257655382156372,0.019129164516925812,178,1.1404549541475839e-07
3188,0.9933477640151978,0.006652235984802246,1.2556911706924438,0.019142623990774155,178,1.1404549541475839e-07
3189,0.9932541847229004,0.006745815277099609,1.2671175003051758,0.019349532201886177,178,1.1404549541475839e-07
3190,0.9935218691825867,0.00647813081741333,1.2614328861236572,0.019027678295969963,178,1.1404549541475839e-07
3191,0.9930998086929321,0.006900191307067871,1.2713621854782104,0.0195448100566864,178,1.1404549541475839e-07
3192,0.9936122298240662,0.006387770175933838,1.2672826051712036,0.018996719270944595,178,1.1404549541475839e-07
3193,0.9935562014579773,0.006443798542022705,1.249678611755371,0.018876146525144577,178,1.1404549541475839e-07
3194,0.9931975603103638,0.0068024396896362305,1.2653084993362427,0.0193875003606081,178,1.1404549541475839e-07
3195,0.9930773377418518,0.006922662258148193,1.2623639106750488,0.019477074965834618,178,1.1404549541475839e-07
3196,0.9937746524810791,0.0062253475189208984,1.245784044265747,0.018620934337377548,178,1.1404549541475839e-07
3197,0.9930722713470459,0.0069277286529541016,1.2731738090515137,0.019590187817811966,178,1.1404549541475839e-07
3198,0.9935311675071716,0.006468832492828369,1.243807077407837,0.018842214718461037,178,1.1404549541475839e-07
3199,0.9932839274406433,0.0067160725593566895,1.2707165479660034,0.019356077536940575,178,1.1404549541475839e-07
3200,0.9930996894836426,0.006900310516357422,1.2653733491897583,0.01948504149913788,178,1.1404549541475839e-07
3201,0.9935221076011658,0.0064778923988342285,1.2504411935806274,0.018917525187134743,178,1.1404549541475839e-07
3202,0.9934160709381104,0.0065839290618896484,1.259437084197998,0.01911246031522751,178,1.1404549541475839e-07
3203,0.9939544200897217,0.00604557991027832,1.2582004070281982,0.018567128106951714,178,1.1404549541475839e-07
3204,0.993364155292511,0.006635844707489014,1.246976613998413,0.019039250910282135,179,1.0834322064402047e-07
3205,0.9934290647506714,0.006570935249328613,1.2487884759902954,0.018993109464645386,179,1.0834322064402047e-07
3206,0.9934241771697998,0.006575822830200195,1.2508562803268433,0.01901862770318985,179,1.0834322064402047e-07
3207,0.9933187961578369,0.006681203842163086,1.266150951385498,0.019275899976491928,179,1.0834322064402047e-07
3208,0.9934494495391846,0.00655055046081543,1.2567052841186523,0.01905209757387638,179,1.0834322064402047e-07
3209,0.9933472871780396,0.006652712821960449,1.264685034751892,0.019233036786317825,179,1.0834322064402047e-07
3210,0.9937540292739868,0.006245970726013184,1.242507815361023,0.018608588725328445,179,1.0834322064402047e-07
3211,0.9929834604263306,0.007016539573669434,1.2654300928115845,0.019600674510002136,179,1.0834322064402047e-07
3212,0.9933574795722961,0.006642520427703857,1.2690926790237427,0.019267022609710693,179,1.0834322064402047e-07
3213,0.9935469031333923,0.006453096866607666,1.25869882106781,0.018975554034113884,179,1.0834322064402047e-07
3214,0.9933520555496216,0.006647944450378418,1.2590315341949463,0.019171779975295067,179,1.0834322064402047e-07
3215,0.993462324142456,0.006537675857543945,1.2714952230453491,0.01918725110590458,179,1.0834322064402047e-07
3216,0.9931930303573608,0.00680696964263916,1.2834725379943848,0.019573625177145004,179,1.0834322064402047e-07
3217,0.9935046434402466,0.006495356559753418,1.267974615097046,0.019110148772597313,179,1.0834322064402047e-07
3218,0.9932702779769897,0.006729722023010254,1.2548123598098755,0.01921054720878601,179,1.0834322064402047e-07
3219,0.9932703971862793,0.006729602813720703,1.256603479385376,0.019228341057896614,179,1.0834322064402047e-07
3220,0.9931194186210632,0.006880581378936768,1.2666146755218506,0.019477922469377518,179,1.0834322064402047e-07
3221,0.9936298131942749,0.006370186805725098,1.2333333492279053,0.01863981783390045,179,1.0834322064402047e-07
3222,0.9933668971061707,0.006633102893829346,1.2630674839019775,0.01919744722545147,180,1.0292605961181944e-07
3223,0.993276059627533,0.006723940372467041,1.2692145109176636,0.01934884674847126,180,1.0292605961181944e-07
3224,0.9930689930915833,0.006931006908416748,1.268627405166626,0.019547970965504646,180,1.0292605961181944e-07
3225,0.9932477474212646,0.0067522525787353516,1.260035753250122,0.019285088405013084,180,1.0292605961181944e-07
3226,0.993669867515564,0.006330132484436035,1.2525755167007446,0.018792586401104927,180,1.0292605961181944e-07
3227,0.9934258460998535,0.006574153900146484,1.2606244087219238,0.019114656373858452,180,1.0292605961181944e-07
3228,0.9935575127601624,0.0064424872398376465,1.2499706745147705,0.018877768889069557,180,1.0292605961181944e-07
3229,0.9935473203659058,0.006452679634094238,1.2588025331497192,0.018976178020238876,180,1.0292605961181944e-07
3230,0.993291974067688,0.006708025932312012,1.2591311931610107,0.019232258200645447,180,1.0292605961181944e-07
3231,0.9933801889419556,0.006619811058044434,1.2523092031478882,0.01907670497894287,180,1.0292605961181944e-07
3232,0.9934545159339905,0.0065454840660095215,1.2578400373458862,0.019058428704738617,180,1.0292605961181944e-07
3233,0.9931665062904358,0.006833493709564209,1.2692530155181885,0.019457688555121422,180,1.0292605961181944e-07
3234,0.9934752583503723,0.0065247416496276855,1.2529690265655518,0.018989183008670807,180,1.0292605961181944e-07
3235,0.9933236837387085,0.006676316261291504,1.258131504058838,0.019190868362784386,180,1.0292605961181944e-07
3236,0.9935243725776672,0.006475627422332764,1.2563124895095825,0.018973995000123978,180,1.0292605961181944e-07
3237,0.9931145310401917,0.00688546895980835,1.261294960975647,0.019429564476013184,180,1.0292605961181944e-07
3238,0.9934800267219543,0.006519973278045654,1.2636044025421143,0.019090818241238594,180,1.0292605961181944e-07
3239,0.9927753210067749,0.007224678993225098,1.2951604127883911,0.02010403573513031,180,1.0292605961181944e-07
3240,0.9935377836227417,0.006462216377258301,1.2576686143875122,0.01897427998483181,181,9.777975663122845e-08
3241,0.9934141039848328,0.006585896015167236,1.2627944946289062,0.019147980958223343,181,9.777975663122845e-08
3242,0.9935446977615356,0.0064553022384643555,1.2592172622680664,0.018982920795679092,181,9.777975663122845e-08
3243,0.9931605458259583,0.006839454174041748,1.2466644048690796,0.019237704575061798,181,9.777975663122845e-08
3244,0.9932054877281189,0.0067945122718811035,1.2752429246902466,0.019478995352983475,181,9.777975663122845e-08
3245,0.9934415817260742,0.006558418273925781,1.2619398832321167,0.019112233072519302,181,9.777975663122845e-08
3246,0.9933379888534546,0.00666201114654541,1.2649712562561035,0.019245103001594543,181,9.777975663122845e-08
3247,0.9932629466056824,0.006737053394317627,1.2660913467407227,0.019330596551299095,181,9.777975663122845e-08
3248,0.9931408762931824,0.006859123706817627,1.258631706237793,0.0193768497556448,181,9.777975663122845e-08
3249,0.9933924078941345,0.0066075921058654785,1.26076078414917,0.01914912462234497,181,9.777975663122845e-08
3250,0.993610680103302,0.006389319896697998,1.2488330602645874,0.018813757225871086,181,9.777975663122845e-08
3251,0.9933483004570007,0.006651699542999268,1.2598373889923096,0.019183557480573654,181,9.777975663122845e-08
3252,0.9933923482894897,0.006607651710510254,1.260435938835144,0.019145935773849487,181,9.777975663122845e-08
3253,0.9931276440620422,0.006872355937957764,1.2702405452728271,0.01950603723526001,181,9.777975663122845e-08
3254,0.9931902885437012,0.006809711456298828,1.2592060565948486,0.019333675503730774,181,9.777975663122845e-08
3255,0.9934833645820618,0.006516635417938232,1.2555302381515503,0.019006770104169846,181,9.777975663122845e-08
3256,0.9934620261192322,0.006537973880767822,1.258971929550171,0.019062314182519913,181,9.777975663122845e-08
3257,0.9938259720802307,0.006174027919769287,1.2512180805206299,0.01862446963787079,181,9.777975663122845e-08
3258,0.9932630062103271,0.0067369937896728516,1.2650295495986938,0.019319918006658554,182,9.289076879966702e-08
3259,0.9932571053504944,0.006742894649505615,1.2604212760925293,0.01927967742085457,182,9.289076879966702e-08
3260,0.9930585622787476,0.006941437721252441,1.2678993940353394,0.01955101639032364,182,9.289076879966702e-08
3261,0.9935477375984192,0.0064522624015808105,1.245422124862671,0.01884196139872074,182,9.289076879966702e-08
3262,0.9935892820358276,0.006410717964172363,1.2500685453414917,0.01884729601442814,182,9.289076879966702e-08
3263,0.9933809041976929,0.006619095802307129,1.2643555402755737,0.019196460023522377,182,9.289076879966702e-08
3264,0.9932407140731812,0.006759285926818848,1.260522723197937,0.019296919927001,182,9.289076879966702e-08
3265,0.9930630922317505,0.006936907768249512,1.2686583995819092,0.019554123282432556,182,9.289076879966702e-08
3266,0.9935136437416077,0.006486356258392334,1.2612510919570923,0.01903400383889675,182,9.289076879966702e-08
3267,0.9933757185935974,0.006624281406402588,1.2564914226531982,0.019122952595353127,182,9.289076879966702e-08
3268,0.9933552742004395,0.006644725799560547,1.2530697584152222,0.019108977168798447,182,9.289076879966702e-08
3269,0.9935651421546936,0.0064348578453063965,1.259461760520935,0.01896512694656849,182,9.289076879966702e-08
3270,0.9934274554252625,0.006572544574737549,1.2635986804962158,0.01914280652999878,182,9.289076879966702e-08
3271,0.9935974478721619,0.006402552127838135,1.2571595907211304,0.01891012117266655,182,9.289076879966702e-08
3272,0.9931553602218628,0.006844639778137207,1.2537527084350586,0.019313720986247063,182,9.289076879966702e-08
3273,0.9931180477142334,0.0068819522857666016,1.2744611501693726,0.01955774426460266,182,9.289076879966702e-08
3274,0.9935518503189087,0.006448149681091309,1.264638900756836,0.01903005689382553,182,9.289076879966702e-08
3275,0.9938477277755737,0.0061522722244262695,1.2577636241912842,0.018668385222554207,182,9.289076879966702e-08
3276,0.9931519627571106,0.006848037242889404,1.2699223756790161,0.019478779286146164,183,8.824623035968367e-08
3277,0.9934690594673157,0.006530940532684326,1.2582265138626099,0.019047895446419716,183,8.824623035968367e-08
3278,0.9935765862464905,0.0064234137535095215,1.256354808807373,0.018922727555036545,183,8.824623035968367e-08
3279,0.99308842420578,0.006911575794219971,1.2720187902450562,0.019562646746635437,183,8.824623035968367e-08
3280,0.993191123008728,0.006808876991271973,1.2751524448394775,0.019492313265800476,183,8.824623035968367e-08
3281,0.9935141205787659,0.006485879421234131,1.2506359815597534,0.018927380442619324,183,8.824623035968367e-08
3282,0.9935843348503113,0.006415665149688721,1.2602486610412598,0.018953995779156685,183,8.824623035968367e-08
3283,0.993415892124176,0.006584107875823975,1.2505080699920654,0.019023347645998,183,8.824623035968367e-08
3284,0.9934982061386108,0.00650179386138916,1.2600151300430298,0.019036926329135895,183,8.824623035968367e-08
3285,0.9935232996940613,0.006476700305938721,1.256000280380249,0.018971934914588928,183,8.824623035968367e-08
3286,0.9932256937026978,0.006774306297302246,1.2687300443649292,0.019393863156437874,183,8.824623035968367e-08
3287,0.9933720231056213,0.006627976894378662,1.2573802471160889,0.019135499373078346,183,8.824623035968367e-08
3288,0.9932445883750916,0.006755411624908447,1.2704766988754272,0.019392624497413635,183,8.824623035968367e-08
3289,0.9932985901832581,0.006701409816741943,1.2638460397720337,0.019272856414318085,183,8.824623035968367e-08
3290,0.9933184385299683,0.006681561470031738,1.2670307159423828,0.01928505301475525,183,8.824623035968367e-08
3291,0.9930249452590942,0.006975054740905762,1.2554497718811035,0.0194598026573658,183,8.824623035968367e-08
3292,0.9936012625694275,0.00639873743057251,1.240833044052124,0.018743079155683517,183,8.824623035968367e-08
3293,0.9935483336448669,0.006451666355133057,1.2389708757400513,0.01877685822546482,183,8.824623035968367e-08
3294,0.9934535622596741,0.006546437740325928,1.255268931388855,0.019033662974834442,184,8.383391884169949e-08
3295,0.9934329986572266,0.0065670013427734375,1.2700458765029907,0.019201789051294327,184,8.383391884169949e-08
3296,0.9935866594314575,0.0064133405685424805,1.246788740158081,0.018817095085978508,184,8.383391884169949e-08
3297,0.9931522607803345,0.006847739219665527,1.272636890411377,0.019505631178617477,184,8.383391884169949e-08
3298,0.9933925271034241,0.006607472896575928,1.2619181871414185,0.01916057989001274,184,8.383391884169949e-08
3299,0.9934232831001282,0.006576716899871826,1.2587250471115112,0.019098199903964996,184,8.383391884169949e-08
3300,0.9934375286102295,0.006562471389770508,1.2609926462173462,0.019106771796941757,184,8.383391884169949e-08
3301,0.9934770464897156,0.006522953510284424,1.2494350671768188,0.018952075392007828,184,8.383391884169949e-08
3302,0.9930202960968018,0.006979703903198242,1.266524076461792,0.019575146958231926,184,8.383391884169949e-08
3303,0.9930073022842407,0.006992697715759277,1.261185884475708,0.019534628838300705,184,8.383391884169949e-08
3304,0.9932043552398682,0.006795644760131836,1.2608717679977417,0.019336406141519547,184,8.383391884169949e-08
3305,0.9935630559921265,0.006436944007873535,1.2617205381393433,0.01898977905511856,184,8.383391884169949e-08
3306,0.9934162497520447,0.006583750247955322,1.257036805152893,0.01908828131854534,184,8.383391884169949e-08
3307,0.9933596253395081,0.006640374660491943,1.2660661935806274,0.019234633073210716,184,8.383391884169949e-08
3308,0.9933849573135376,0.006615042686462402,1.2679435014724731,0.01922832615673542,184,8.383391884169949e-08
3309,0.9933193325996399,0.006680667400360107,1.2662749290466309,0.019276609644293785,184,8.383391884169949e-08
3310,0.9934777617454529,0.006522238254547119,1.2492430210113525,0.018949445337057114,184,8.383391884169949e-08
3311,0.9937320947647095,0.006267905235290527,1.2420706748962402,0.018625933676958084,184,8.383391884169949e-08
3312,0.9934072494506836,0.006592750549316406,1.2623679637908936,0.0191505029797554,185,7.964222289961451e-08
3313,0.9933450818061829,0.006654918193817139,1.2636195421218872,0.019224563613533974,185,7.964222289961451e-08
3314,0.9932109713554382,0.006789028644561768,1.2553273439407349,0.019274411723017693,185,7.964222289961451e-08
3315,0.9932993054389954,0.006700694561004639,1.2617861032485962,0.019251547753810883,185,7.964222289961451e-08
3316,0.9933304190635681,0.006669580936431885,1.2711215019226074,0.019314099103212357,185,7.964222289961451e-08
3317,0.9936121702194214,0.006387829780578613,1.250445008277893,0.01882840134203434,185,7.964222289961451e-08
3318,0.9931867718696594,0.006813228130340576,1.2569724321365356,0.01931481994688511,185,7.964222289961451e-08
3319,0.9931051731109619,0.006894826889038086,1.272051215171814,0.0195463914424181,185,7.964222289961451e-08
3320,0.9932692646980286,0.0067307353019714355,1.2676031589508057,0.019339459016919136,185,7.964222289961451e-08
3321,0.9933860898017883,0.00661391019821167,1.2736032009124756,0.019283803179860115,185,7.964222289961451e-08
3322,0.9934486150741577,0.006551384925842285,1.2609091997146606,0.019094962626695633,185,7.964222289961451e-08
3323,0.9932245016098022,0.006775498390197754,1.2769209146499634,0.01947695203125477,185,7.964222289961451e-08
3324,0.9933483600616455,0.006651639938354492,1.2481987476348877,0.019067110493779182,185,7.964222289961451e-08
3325,0.9935739040374756,0.006426095962524414,1.2562706470489502,0.018924541771411896,185,7.964222289961451e-08
3326,0.993558943271637,0.006441056728363037,1.2449504137039185,0.01882614940404892,185,7.964222289961451e-08
3327,0.9935781359672546,0.006421864032745361,1.238596796989441,0.018743613734841347,185,7.964222289961451e-08
3328,0.9931904673576355,0.006809532642364502,1.253333568572998,0.019274773076176643,185,7.964222289961451e-08
3329,0.9936164021492004,0.0063835978507995605,1.2850443124771118,0.019170204177498817,185,7.964222289961451e-08
3330,0.9930451512336731,0.006954848766326904,1.2632657289505005,0.019517958164215088,186,7.566011175463377e-08
3331,0.9936522245407104,0.006347775459289551,1.2629153728485107,0.018913451582193375,186,7.566011175463377e-08
3332,0.9932546615600586,0.006745338439941406,1.2611597776412964,0.01928948238492012,186,7.566011175463377e-08
3333,0.9932252764701843,0.006774723529815674,1.2659971714019775,0.019366947934031487,186,7.566011175463377e-08
3334,0.9933208227157593,0.006679177284240723,1.2804068326950073,0.019416453316807747,186,7.566011175463377e-08
3335,0.9932241439819336,0.006775856018066406,1.270245909690857,0.01941055618226528,186,7.566011175463377e-08
3336,0.9934398531913757,0.006560146808624268,1.2554309368133545,0.01904885470867157,186,7.566011175463377e-08
3337,0.9934681057929993,0.006531894207000732,1.2585550546646118,0.01905212551355362,186,7.566011175463377e-08
3338,0.9934098124504089,0.0065901875495910645,1.2447199821472168,0.018971486017107964,186,7.566011175463377e-08
3339,0.9937215447425842,0.0062784552574157715,1.248742938041687,0.018703099340200424,186,7.566011175463377e-08
3340,0.9931582808494568,0.006841719150543213,1.2650407552719116,0.019423708319664,186,7.566011175463377e-08
3341,0.9935518503189087,0.006448149681091309,1.2460981607437134,0.01884464919567108,186,7.566011175463377e-08
3342,0.993317723274231,0.006682276725769043,1.265505075454712,0.019270503893494606,186,7.566011175463377e-08
3343,0.993110716342926,0.006889283657073975,1.2739155292510986,0.019559547305107117,186,7.566011175463377e-08
3344,0.9935393929481506,0.006460607051849365,1.245978593826294,0.018855787813663483,186,7.566011175463377e-08
3345,0.9934637546539307,0.006536245346069336,1.2565571069717407,0.01903645321726799,186,7.566011175463377e-08
3346,0.993386447429657,0.006613552570343018,1.2576675415039062,0.019124092534184456,186,7.566011175463377e-08
3347,0.9931501746177673,0.006849825382232666,1.267755389213562,0.01945888064801693,186,7.566011175463377e-08
3348,0.993424117565155,0.006575882434844971,1.2572695016860962,0.019082818180322647,187,7.187710616690207e-08
3349,0.9932596683502197,0.0067403316497802734,1.2631993293762207,0.019304921850562096,187,7.187710616690207e-08
3350,0.993584930896759,0.006415069103240967,1.248284101486206,0.018833760172128677,187,7.187710616690207e-08
3351,0.9933946132659912,0.006605386734008789,1.2614988088607788,0.019154321402311325,187,7.187710616690207e-08
3352,0.993280827999115,0.00671917200088501,1.2732453346252441,0.019384432584047318,187,7.187710616690207e-08
3353,0.9933610558509827,0.006638944149017334,1.2475430965423584,0.019047986716032028,187,7.187710616690207e-08
3354,0.993432343006134,0.006567656993865967,1.2386192083358765,0.018888171762228012,187,7.187710616690207e-08
3355,0.9934924840927124,0.006507515907287598,1.255742073059082,0.018999861553311348,187,7.187710616690207e-08
3356,0.9933266639709473,0.006673336029052734,1.2570548057556152,0.0191771499812603,187,7.187710616690207e-08
3357,0.9932762980461121,0.0067237019538879395,1.2615554332733154,0.01927201822400093,187,7.187710616690207e-08
3358,0.9934660792350769,0.006533920764923096,1.257180094718933,0.019040381535887718,187,7.187710616690207e-08
3359,0.9932414293289185,0.006758570671081543,1.2705360651016235,0.0193963460624218,187,7.187710616690207e-08
3360,0.9932839274406433,0.0067160725593566895,1.2756446599960327,0.019405357539653778,187,7.187710616690207e-08
3361,0.993103563785553,0.0068964362144470215,1.265803575515747,0.019485507160425186,187,7.187710616690207e-08
3362,0.9935066103935242,0.00649338960647583,1.2549327611923218,0.018977783620357513,187,7.187710616690207e-08
3363,0.9933218359947205,0.006678164005279541,1.2612262964248657,0.019223645329475403,187,7.187710616690207e-08
3364,0.9935911297798157,0.006408870220184326,1.2686713933944702,0.019031494855880737,187,7.187710616690207e-08
3365,0.9929612278938293,0.007038772106170654,1.2743514776229858,0.019711898639798164,187,7.187710616690207e-08
3366,0.9934757351875305,0.006524264812469482,1.239417314529419,0.018853195011615753,188,6.828325085855697e-08
3367,0.993073046207428,0.0069269537925720215,1.255248785018921,0.01941017247736454,188,6.828325085855697e-08
3368,0.9934786558151245,0.006521344184875488,1.2638136148452759,0.01909426599740982,188,6.828325085855697e-08
3369,0.9934440851211548,0.006555914878845215,1.2679661512374878,0.019170017912983894,188,6.828325085855697e-08
3370,0.9931988716125488,0.006801128387451172,1.2659385204315186,0.019392501562833786,188,6.828325085855697e-08
3371,0.9933619499206543,0.006638050079345703,1.277989387512207,0.01935156248509884,188,6.828325085855697e-08
3372,0.9933668375015259,0.006633162498474121,1.2643702030181885,0.019210532307624817,188,6.828325085855697e-08
3373,0.9933512806892395,0.006648719310760498,1.2632062435150146,0.019214294850826263,188,6.828325085855697e-08
3374,0.9937432408332825,0.006256759166717529,1.2479966878890991,0.018674157559871674,188,6.828325085855697e-08
3375,0.9933159351348877,0.006684064865112305,1.2659356594085693,0.019276579841971397,188,6.828325085855697e-08
3376,0.9932769536972046,0.00672304630279541,1.2649281024932861,0.019305096939206123,188,6.828325085855697e-08
3377,0.9933502674102783,0.00664973258972168,1.260725498199463,0.019190490245819092,188,6.828325085855697e-08
3378,0.9934590458869934,0.006540954113006592,1.255906581878662,0.01903460919857025,188,6.828325085855697e-08
3379,0.9931626915931702,0.006837308406829834,1.2563964128494263,0.019332898780703545,188,6.828325085855697e-08
3380,0.9935234785079956,0.0064765214920043945,1.2497766017913818,0.018909521400928497,188,6.828325085855697e-08
3381,0.9935317635536194,0.006468236446380615,1.250428557395935,0.018907839432358742,188,6.828325085855697e-08
3382,0.9932131767272949,0.006786823272705078,1.2704321146011353,0.01942327618598938,188,6.828325085855697e-08
3383,0.9929620623588562,0.007037937641143799,1.274350643157959,0.019711066037416458,188,6.828325085855697e-08
3384,0.9935938715934753,0.006406128406524658,1.2611128091812134,0.018953194841742516,189,6.486908831562912e-08
3385,0.9933263659477234,0.006673634052276611,1.2619301080703735,0.019226199015975,189,6.486908831562912e-08
3386,0.9933689832687378,0.006631016731262207,1.2628737688064575,0.019193444401025772,189,6.486908831562912e-08
3387,0.9934541583061218,0.006545841693878174,1.2567487955093384,0.019047871232032776,189,6.486908831562912e-08
3388,0.9933906197547913,0.00660938024520874,1.254235863685608,0.01908564567565918,189,6.486908831562912e-08
3389,0.9936301708221436,0.006369829177856445,1.2464520931243896,0.018770651891827583,189,6.486908831562912e-08
3390,0.9931243062019348,0.0068756937980651855,1.2661744356155396,0.019468680024147034,189,6.486908831562912e-08
3391,0.9932633638381958,0.006736636161804199,1.2650245428085327,0.01931951567530632,189,6.486908831562912e-08
3392,0.9929783940315247,0.007021605968475342,1.2633209228515625,0.019584599882364273,189,6.486908831562912e-08
3393,0.9931933879852295,0.006806612014770508,1.2759954929351807,0.01949850097298622,189,6.486908831562912e-08
3394,0.9934327006340027,0.0065672993659973145,1.2578275203704834,0.01907990127801895,189,6.486908831562912e-08
3395,0.9934818744659424,0.006518125534057617,1.2525724172592163,0.018978668376803398,189,6.486908831562912e-08
3396,0.9933398365974426,0.006660163402557373,1.2617239952087402,0.019210800528526306,189,6.486908831562912e-08
3397,0.9937222599983215,0.006277740001678467,1.2335906028747559,0.018550869077444077,189,6.486908831562912e-08
3398,0.9931967258453369,0.006803274154663086,1.2709040641784668,0.019444281235337257,189,6.486908831562912e-08
3399,0.993060827255249,0.0069391727447509766,1.258756160736084,0.019457342103123665,189,6.486908831562912e-08
3400,0.9936110973358154,0.00638890266418457,1.2715919017791748,0.01904093287885189,189,6.486908831562912e-08
3401,0.9933685660362244,0.006631433963775635,1.2683902978897095,0.019249022006988525,189,6.486908831562912e-08
3402,0.9933227300643921,0.00667726993560791,1.274242639541626,0.019352924078702927,190,6.162563389984765e-08
3403,0.9936992526054382,0.006300747394561768,1.2429299354553223,0.018667038530111313,190,6.162563389984765e-08
3404,0.99342280626297,0.006577193737030029,1.253103494644165,0.01904245652258396,190,6.162563389984765e-08
3405,0.9935649633407593,0.006435036659240723,1.2615997791290283,0.01898668333888054,190,6.162563389984765e-08
3406,0.9932618737220764,0.006738126277923584,1.2650842666625977,0.019321586936712265,190,6.162563389984765e-08
3407,0.9932200908660889,0.006779909133911133,1.246109962463379,0.019173210486769676,190,6.162563389984765e-08
3408,0.9932723045349121,0.006727695465087891,1.277640461921692,0.019436823204159737,190,6.162563389984765e-08
3409,0.9932452440261841,0.006754755973815918,1.2502151727676392,0.01918935962021351,190,6.162563389984765e-08
3410,0.9934303164482117,0.00656968355178833,1.2636998891830444,0.01914098486304283,190,6.162563389984765e-08
3411,0.9931619167327881,0.006838083267211914,1.2715034484863281,0.019484736025333405,190,6.162563389984765e-08
3412,0.9933425784111023,0.006657421588897705,1.2584248781204224,0.019175095483660698,190,6.162563389984765e-08
3413,0.9932237267494202,0.006776273250579834,1.2501078844070435,0.019209589809179306,190,6.162563389984765e-08
3414,0.9932039976119995,0.006796002388000488,1.2846425771713257,0.019574467092752457,190,6.162563389984765e-08
3415,0.993433952331543,0.006566047668457031,1.253955364227295,0.01903994008898735,190,6.162563389984765e-08
3416,0.9935199022293091,0.006480097770690918,1.2489465475082397,0.018904762342572212,190,6.162563389984765e-08
3417,0.9933208227157593,0.006679177284240723,1.2632877826690674,0.019245263189077377,190,6.162563389984765e-08
3418,0.9934177398681641,0.0065822601318359375,1.266196608543396,0.019178403541445732,190,6.162563389984765e-08
3419,0.9936964511871338,0.006303548812866211,1.230703353881836,0.01854754611849785,190,6.162563389984765e-08
3420,0.993777334690094,0.006222665309906006,1.2437055110931396,0.018597492948174477,191,5.854435220485527e-08
3421,0.9931541085243225,0.00684589147567749,1.2727391719818115,0.01950482279062271,191,5.854435220485527e-08
3422,0.9935891628265381,0.006410837173461914,1.258800745010376,0.018934736028313637,191,5.854435220485527e-08
3423,0.9933258295059204,0.00667417049407959,1.2599539756774902,0.01920696720480919,191,5.854435220485527e-08
3424,0.9934238195419312,0.006576180458068848,1.2518726587295532,0.019029144197702408,191,5.854435220485527e-08
3425,0.9934224486351013,0.006577551364898682,1.2491215467453003,0.019002990797162056,191,5.854435220485527e-08
3426,0.9933757185935974,0.006624281406402588,1.2675933837890625,0.01923397183418274,191,5.854435220485527e-08
3427,0.99330735206604,0.006692647933959961,1.2585148811340332,0.019210869446396828,191,5.854435220485527e-08
3428,0.993189811706543,0.006810188293457031,1.2767664194107056,0.019509751349687576,191,5.854435220485527e-08
3429,0.9936167001724243,0.006383299827575684,1.244110107421875,0.018760567530989647,191,5.854435220485527e-08
3430,0.9933397769927979,0.0066602230072021484,1.2543342113494873,0.019136963412165642,191,5.854435220485527e-08
3431,0.9933719038963318,0.006628096103668213,1.267287015914917,0.019234685227274895,191,5.854435220485527e-08
3432,0.9932675957679749,0.0067324042320251465,1.2470122575759888,0.01913520321249962,191,5.854435220485527e-08
3433,0.9932090640068054,0.00679093599319458,1.2755913734436035,0.019478939473628998,191,5.854435220485527e-08
3434,0.9931578636169434,0.006842136383056641,1.2626824378967285,0.019400538876652718,191,5.854435220485527e-08
3435,0.993414580821991,0.006585419178009033,1.2634100914001465,0.019153665751218796,191,5.854435220485527e-08
3436,0.9933445453643799,0.006655454635620117,1.2670968770980835,0.019259868189692497,191,5.854435220485527e-08
3437,0.9932093620300293,0.006790637969970703,1.2676016092300415,0.019398747012019157,191,5.854435220485527e-08
3438,0.9931920170783997,0.006807982921600342,1.270945429801941,0.019449356943368912,192,5.56171345946125e-08
3439,0.993272066116333,0.006727933883666992,1.2715380191802979,0.019376033917069435,192,5.56171345946125e-08
3440,0.9933308959007263,0.006669104099273682,1.2662148475646973,0.01926456019282341,192,5.56171345946125e-08
3441,0.9934938549995422,0.006506145000457764,1.2600889205932617,0.01904197223484516,192,5.56171345946125e-08
3442,0.9935956001281738,0.006404399871826172,1.2520036697387695,0.01886039227247238,192,5.56171345946125e-08
3443,0.9932839274406433,0.0067160725593566895,1.2598031759262085,0.019246943295001984,192,5.56171345946125e-08
3444,0.9929665923118591,0.007033407688140869,1.268122911453247,0.019644303247332573,192,5.56171345946125e-08
3445,0.993591845035553,0.0064081549644470215,1.2517352104187012,0.018861424177885056,192,5.56171345946125e-08
3446,0.9935449361801147,0.006455063819885254,1.2478663921356201,0.018869176506996155,192,5.56171345946125e-08
3447,0.9936181306838989,0.006381869316101074,1.2448368072509766,0.01876641809940338,192,5.56171345946125e-08
3448,0.993408739566803,0.0065912604331970215,1.2644245624542236,0.01916959322988987,192,5.56171345946125e-08
3449,0.9931384921073914,0.006861507892608643,1.264936923980713,0.019442260265350342,192,5.56171345946125e-08
3450,0.9934102296829224,0.006589770317077637,1.261988878250122,0.019143760204315186,192,5.56171345946125e-08
3451,0.9934291839599609,0.0065708160400390625,1.2672160863876343,0.01917726919054985,192,5.56171345946125e-08
3452,0.9934647083282471,0.00653529167175293,1.2618457078933716,0.019088394939899445,192,5.56171345946125e-08
3453,0.9934779405593872,0.006522059440612793,1.251208782196045,0.01896892674267292,192,5.56171345946125e-08
3454,0.9932792782783508,0.00672072172164917,1.2598412036895752,0.019251927733421326,192,5.56171345946125e-08
3455,0.9923260807991028,0.007673919200897217,1.2531993389129639,0.02012917399406433,192,5.56171345946125e-08
3456,0.9931575059890747,0.006842494010925293,1.2695972919464111,0.01947004161775112,193,5.2836277864881873e-08
3457,0.9933309555053711,0.006669044494628906,1.269519329071045,0.01929754763841629,193,5.2836277864881873e-08
3458,0.9932135343551636,0.006786465644836426,1.2674832344055176,0.0193934328854084,193,5.2836277864881873e-08
3459,0.9933069348335266,0.006693065166473389,1.2594003677368164,0.0192201379686594,193,5.2836277864881873e-08
3460,0.9929781556129456,0.007021844387054443,1.2736393213272095,0.019688019528985023,193,5.2836277864881873e-08
3461,0.9937417507171631,0.006258249282836914,1.2443368434906006,0.018639035522937775,193,5.2836277864881873e-08
3462,0.9936283230781555,0.006371676921844482,1.2555731534957886,0.01886369101703167,193,5.2836277864881873e-08
3463,0.9934808611869812,0.006519138813018799,1.2678927183151245,0.01913287490606308,193,5.2836277864881873e-08
3464,0.9934744834899902,0.006525516510009766,1.2594146728515625,0.019054409116506577,193,5.2836277864881873e-08
3465,0.9933820962905884,0.006617903709411621,1.2542446851730347,0.01909417100250721,193,5.2836277864881873e-08
3466,0.9933925271034241,0.006607472896575928,1.260360598564148,0.019145004451274872,193,5.2836277864881873e-08
3467,0.9936505556106567,0.006349444389343262,1.2358521223068237,0.01864447072148323,193,5.2836277864881873e-08
3468,0.9932692646980286,0.0067307353019714355,1.2759455442428589,0.019422883167862892,193,5.2836277864881873e-08
3469,0.9933370351791382,0.006662964820861816,1.2556228637695312,0.01915256306529045,193,5.2836277864881873e-08
3470,0.9935572743415833,0.006442725658416748,1.246117353439331,0.01883947104215622,193,5.2836277864881873e-08
3471,0.9933416247367859,0.006658375263214111,1.2572221755981445,0.019164012745022774,193,5.2836277864881873e-08
3472,0.9929922223091125,0.007007777690887451,1.2656731605529785,0.019594430923461914,193,5.2836277864881873e-08
3473,0.9931259155273438,0.00687408447265625,1.278371810913086,0.01958906091749668,193,5.2836277864881873e-08
3474,0.9930918216705322,0.0069081783294677734,1.2666993141174316,0.019506089389324188,194,5.019446397163778e-08
3475,0.9935322403907776,0.006467759609222412,1.263700246810913,0.01904008537530899,194,5.019446397163778e-08
3476,0.9934139847755432,0.006586015224456787,1.267124891281128,0.019191404804587364,194,5.019446397163778e-08
3477,0.9936504364013672,0.0063495635986328125,1.2427632808685303,0.018713701516389847,194,5.019446397163778e-08
3478,0.9934960007667542,0.00650399923324585,1.2574647665023804,0.019013606011867523,194,5.019446397163778e-08
3479,0.9934191703796387,0.006580829620361328,1.2728437185287476,0.019243458285927773,194,5.019446397163778e-08
3480,0.9934969544410706,0.006503045558929443,1.254195213317871,0.018979966640472412,194,5.019446397163778e-08
3481,0.9933501482009888,0.0066498517990112305,1.2639803886413574,0.019223157316446304,194,5.019446397163778e-08
3482,0.9932097792625427,0.006790220737457275,1.2659869194030762,0.019382188096642494,194,5.019446397163778e-08
3483,0.9934623837471008,0.00653761625289917,1.2633178234100342,0.019105419516563416,194,5.019446397163778e-08
3484,0.9929158091545105,0.007084190845489502,1.2561150789260864,0.019574500620365143,194,5.019446397163778e-08
3485,0.9933871030807495,0.006612896919250488,1.2615991830825806,0.01916275918483734,194,5.019446397163778e-08
3486,0.9934291839599609,0.0065708160400390625,1.264317512512207,0.01914828270673752,194,5.019446397163778e-08
3487,0.9930204153060913,0.006979584693908691,1.2665196657180786,0.019574984908103943,194,5.019446397163778e-08
3488,0.9936013221740723,0.006398677825927734,1.2429792881011963,0.01876448467373848,194,5.019446397163778e-08
3489,0.9932727813720703,0.0067272186279296875,1.2582131624221802,0.019242078065872192,194,5.019446397163778e-08
3490,0.993431568145752,0.006568431854248047,1.2541799545288086,0.0190445464104414,194,5.019446397163778e-08
3491,0.9931672811508179,0.006832718849182129,1.2659058570861816,0.01942344941198826,194,5.019446397163778e-08
3492,0.9933951497077942,0.0066048502922058105,1.2610886096954346,0.01914968714118004,195,4.7684740773055885e-08
3493,0.9935620427131653,0.006437957286834717,1.242749810218811,0.018801074475049973,195,4.7684740773055885e-08
3494,0.9935601353645325,0.006439864635467529,1.2524008750915527,0.018899474292993546,195,4.7684740773055885e-08
3495,0.9933538436889648,0.006646156311035156,1.2733345031738281,0.019313039258122444,195,4.7684740773055885e-08
3496,0.9933594465255737,0.0066405534744262695,1.2529505491256714,0.019103653728961945,195,4.7684740773055885e-08
3497,0.9936652183532715,0.006334781646728516,1.2415268421173096,0.018686702474951744,195,4.7684740773055885e-08
3498,0.9933104515075684,0.006689548492431641,1.2653919458389282,0.0192765723913908,195,4.7684740773055885e-08
3499,0.9933108687400818,0.006689131259918213,1.2700846195220947,0.019323084503412247,195,4.7684740773055885e-08
3500,0.9931922554969788,0.00680774450302124,1.2653391361236572,0.019393058493733406,195,4.7684740773055885e-08
3501,0.9935240745544434,0.006475925445556641,1.2449977397918701,0.01886114291846752,195,4.7684740773055885e-08
3502,0.9932708740234375,0.0067291259765625,1.2830718755722046,0.019492553547024727,195,4.7684740773055885e-08
3503,0.993218719959259,0.006781280040740967,1.2558168172836304,0.01927163451910019,195,4.7684740773055885e-08
3504,0.9931257367134094,0.006874263286590576,1.2650489807128906,0.019456010311841965,195,4.7684740773055885e-08
3505,0.9935097694396973,0.006490230560302734,1.2471661567687988,0.01889698952436447,195,4.7684740773055885e-08
3506,0.9933149218559265,0.006685078144073486,1.2745380401611328,0.019363608211278915,195,4.7684740773055885e-08
3507,0.9932321906089783,0.0067678093910217285,1.265885353088379,0.019358985126018524,195,4.7684740773055885e-08
3508,0.9933098554611206,0.0066901445388793945,1.2605818510055542,0.019229061901569366,195,4.7684740773055885e-08
3509,0.9932712912559509,0.006728708744049072,1.261125087738037,0.01927267201244831,195,4.7684740773055885e-08
3510,0.9933502674102783,0.00664973258972168,1.2607231140136719,0.019190466031432152,196,4.530050373440309e-08
3511,0.9932343363761902,0.0067656636238098145,1.2705754041671753,0.019403761252760887,196,4.530050373440309e-08
3512,0.9937211871147156,0.006278812885284424,1.2537161111831665,0.018753185868263245,196,4.530050373440309e-08
3513,0.9931781888008118,0.006821811199188232,1.2707442045211792,0.01946103572845459,196,4.530050373440309e-08
3514,0.9933573603630066,0.006642639636993408,1.259339690208435,0.019169609993696213,196,4.530050373440309e-08
3515,0.9930919408798218,0.006908059120178223,1.268304467201233,0.01952202245593071,196,4.530050373440309e-08
3516,0.9934422969818115,0.0065577030181884766,1.252994418144226,0.01902206987142563,196,4.530050373440309e-08
3517,0.9933522939682007,0.006647706031799316,1.2548059225082397,0.01912928745150566,196,4.530050373440309e-08
3518,0.9933708906173706,0.0066291093826293945,1.260486125946045,0.01916767843067646,196,4.530050373440309e-08
3519,0.9930729269981384,0.006927073001861572,1.274204969406128,0.019599851220846176,196,4.530050373440309e-08
3520,0.9935075640678406,0.006492435932159424,1.2531945705413818,0.01895945705473423,196,4.530050373440309e-08
3521,0.9934254884719849,0.006574511528015137,1.2697563171386719,0.019206330180168152,196,4.530050373440309e-08
3522,0.993272066116333,0.006727933883666992,1.2546485662460327,0.019207140430808067,196,4.530050373440309e-08
3523,0.9934556484222412,0.006544351577758789,1.2538766860961914,0.019017674028873444,196,4.530050373440309e-08
3524,0.9937238097190857,0.006276190280914307,1.2356858253479004,0.01857028529047966,196,4.530050373440309e-08
3525,0.9931005239486694,0.006899476051330566,1.2811771631240845,0.01964225247502327,196,4.530050373440309e-08
3526,0.9934831857681274,0.006516814231872559,1.2493687868118286,0.01894533447921276,196,4.530050373440309e-08
3527,0.9934618473052979,0.0065381526947021484,1.264725685119629,0.019120026379823685,196,4.530050373440309e-08
3528,0.9934213161468506,0.006578683853149414,1.2592151165008545,0.01910504698753357,197,4.3035478547682935e-08
3529,0.9933987855911255,0.006601214408874512,1.2456436157226562,0.018991637974977493,197,4.3035478547682935e-08
3530,0.9936929941177368,0.006307005882263184,1.2523205280303955,0.018767140805721283,197,4.3035478547682935e-08
3531,0.9935348033905029,0.00646519660949707,1.2620030641555786,0.019020574167370796,197,4.3035478547682935e-08
3532,0.9936203956604004,0.006379604339599609,1.264042854309082,0.01895623654127121,197,4.3035478547682935e-08
3533,0.9932934641838074,0.006706535816192627,1.269669771194458,0.019336167722940445,197,4.3035478547682935e-08
3534,0.9933868050575256,0.006613194942474365,1.256491780281067,0.019111979752779007,197,4.3035478547682935e-08
3535,0.9932588338851929,0.006741166114807129,1.2704699039459229,0.019378453493118286,197,4.3035478547682935e-08
3536,0.9932641386985779,0.006735861301422119,1.250098705291748,0.019169488921761513,197,4.3035478547682935e-08
3537,0.9930399060249329,0.006960093975067139,1.2596282958984375,0.019486775621771812,197,4.3035478547682935e-08
3538,0.9931798577308655,0.0068201422691345215,1.2684357166290283,0.019436297938227654,197,4.3035478547682935e-08
3539,0.9931972026824951,0.006802797317504883,1.264440894126892,0.019379178062081337,197,4.3035478547682935e-08
3540,0.9933538436889648,0.006646156311035156,1.2733287811279297,0.019312981516122818,197,4.3035478547682935e-08
3541,0.9932456016540527,0.006754398345947266,1.2698934078216553,0.019385788589715958,197,4.3035478547682935e-08
3542,0.9933944940567017,0.00660550594329834,1.2599923610687256,0.019139375537633896,197,4.3035478547682935e-08
3543,0.9934895038604736,0.006510496139526367,1.249300479888916,0.018938396126031876,197,4.3035478547682935e-08
3544,0.993364155292511,0.006635844707489014,1.2578866481781006,0.01914835348725319,197,4.3035478547682935e-08
3545,0.9936301112174988,0.006369888782501221,1.233310580253601,0.018639296293258667,197,4.3035478547682935e-08
3546,0.9934785962104797,0.006521403789520264,1.2630581855773926,0.019086770713329315,198,4.0883704620298786e-08
3547,0.9935287237167358,0.00647127628326416,1.256271243095398,0.018969275057315826,198,4.0883704620298786e-08
3548,0.9933477640151978,0.006652235984802246,1.2562402486801147,0.019148115068674088,198,4.0883704620298786e-08
3549,0.9933639168739319,0.006636083126068115,1.2648760080337524,0.019218482077121735,198,4.0883704620298786e-08
3550,0.9933345913887024,0.006665408611297607,1.2632050514221191,0.019230805337429047,198,4.0883704620298786e-08
3551,0.9934408068656921,0.006559193134307861,1.2685635089874268,0.01917923614382744,198,4.0883704620298786e-08
3552,0.9933996796607971,0.006600320339202881,1.2586344480514526,0.019120661541819572,198,4.0883704620298786e-08
3553,0.9933305382728577,0.006669461727142334,1.261164665222168,0.019214414060115814,198,4.0883704620298786e-08
3554,0.9932228922843933,0.0067771077156066895,1.2428648471832275,0.01913798414170742,198,4.0883704620298786e-08
3555,0.9930160045623779,0.00698399543762207,1.2783315181732178,0.01969747059047222,198,4.0883704620298786e-08
3556,0.9937056303024292,0.006294369697570801,1.249998688697815,0.018731411546468735,198,4.0883704620298786e-08
3557,0.9933649897575378,0.006635010242462158,1.2585195302963257,0.019153855741024017,198,4.0883704620298786e-08
3558,0.993225634098053,0.0067743659019470215,1.2619051933288574,0.019325673580169678,198,4.0883704620298786e-08
3559,0.9934272766113281,0.006572723388671875,1.2568998336791992,0.019075993448495865,198,4.0883704620298786e-08
3560,0.9932703375816345,0.0067296624183654785,1.2666038274765015,0.01932840421795845,198,4.0883704620298786e-08
3561,0.9932432770729065,0.006756722927093506,1.2627604007720947,0.01931675896048546,198,4.0883704620298786e-08
3562,0.993550717830658,0.006449282169342041,1.242119312286377,0.018805982545018196,198,4.0883704620298786e-08
3563,0.9932726621627808,0.006727337837219238,1.2871824502944946,0.019531888887286186,198,4.0883704620298786e-08
3564,0.9929989576339722,0.007001042366027832,1.267374038696289,0.019604772329330444,199,3.883951938928385e-08
3565,0.9934430718421936,0.0065569281578063965,1.2734845876693726,0.019226204603910446,199,3.883951938928385e-08
3566,0.9934358596801758,0.006564140319824219,1.250678300857544,0.01900528185069561,199,3.883951938928385e-08
3567,0.9933984875679016,0.006601512432098389,1.2517493963241577,0.019052989780902863,199,3.883951938928385e-08
3568,0.9934597611427307,0.006540238857269287,1.246467113494873,0.018939506262540817,199,3.883951938928385e-08
3569,0.9933163523674011,0.006683647632598877,1.2586661577224731,0.01920347288250923,199,3.883951938928385e-08
3570,0.9934573173522949,0.006542682647705078,1.2412455081939697,0.018889710307121277,199,3.883951938928385e-08
3571,0.9935600757598877,0.006439924240112305,1.2531893253326416,0.018907418474555016,199,3.883951938928385e-08
3572,0.9934004545211792,0.006599545478820801,1.2542753219604492,0.019076302647590637,199,3.883951938928385e-08
3573,0.9930434226989746,0.006956577301025391,1.2640299797058105,0.019527310505509377,199,3.883951938928385e-08
3574,0.9935210347175598,0.0064789652824401855,1.2616418600082397,0.01903059333562851,199,3.883951938928385e-08
3575,0.993526816368103,0.006473183631896973,1.2614763975143433,0.019023215398192406,199,3.883951938928385e-08
3576,0.9933711886405945,0.006628811359405518,1.2700046300888062,0.019262569025158882,199,3.883951938928385e-08
3577,0.9931966066360474,0.006803393363952637,1.2693467140197754,0.019428826868534088,199,3.883951938928385e-08
3578,0.9932226538658142,0.006777346134185791,1.2688157558441162,0.019397730007767677,199,3.883951938928385e-08
3579,0.9934626221656799,0.006537377834320068,1.2714791297912598,0.019186794757843018,199,3.883951938928385e-08
3580,0.9933030009269714,0.0066969990730285645,1.2661879062652588,0.01929190754890442,199,3.883951938928385e-08
3581,0.9934854507446289,0.006514549255371094,1.2444288730621338,0.018893692642450333,199,3.883951938928385e-08
3582,0.9934138059616089,0.006586194038391113,1.2469532489776611,0.018989864736795425,200,3.689754341981965e-08
3583,0.9931967258453369,0.006803274154663086,1.262216329574585,0.019357403740286827,200,3.689754341981965e-08
3584,0.9933404326438904,0.006659567356109619,1.2633285522460938,0.019226256757974625,200,3.689754341981965e-08
3585,0.9934451580047607,0.006554841995239258,1.2600258588790894,0.019089551642537117,200,3.689754341981965e-08
3586,0.9932662844657898,0.006733715534210205,1.2701759338378906,0.019368138164281845,200,3.689754341981965e-08
3587,0.9931348562240601,0.006865143775939941,1.2606804370880127,0.01940329745411873,200,3.689754341981965e-08
3588,0.9936012625694275,0.00639873743057251,1.259535551071167,0.01893010549247265,200,3.689754341981965e-08
3589,0.9934090971946716,0.006590902805328369,1.2580432891845703,0.019105426967144012,200,3.689754341981965e-08
3590,0.9934313893318176,0.006568610668182373,1.2655384540557861,0.01915830746293068,200,3.689754341981965e-08
3591,0.9931036829948425,0.006896317005157471,1.266059398651123,0.01948794722557068,200,3.689754341981965e-08
3592,0.9934753775596619,0.006524622440338135,1.2744359970092773,0.019203735515475273,200,3.689754341981965e-08
3593,0.9927985072135925,0.007201492786407471,1.2647106647491455,0.019776584580540657,200,3.689754341981965e-08
3594,0.9934355020523071,0.006564497947692871,1.2596186399459839,0.01909503899514675,200,3.689754341981965e-08
3595,0.9934907555580139,0.006509244441986084,1.248929738998413,0.018933448940515518,200,3.689754341981965e-08
3596,0.9937159419059753,0.006284058094024658,1.2460479736328125,0.01868169754743576,200,3.689754341981965e-08
3597,0.9933154582977295,0.006684541702270508,1.2682842016220093,0.019300539046525955,200,3.689754341981965e-08
3598,0.9935758709907532,0.006424129009246826,1.2446796894073486,0.018806684762239456,200,3.689754341981965e-08
3599,0.9933747053146362,0.0066252946853637695,1.2711973190307617,0.019271014258265495,200,3.689754341981965e-08
