Step,dice,loss_SparseWeightedDiceLoss,loss_NoGuessLoss,loss,epoch,lr
0,0.7933626174926758,0.20663738250732422,1.291001796722412,0.21748103201389313,1,0.001
1,0.8103178143501282,0.18968218564987183,1.2962660789489746,0.2007480263710022,1,0.001
2,0.8422250747680664,0.1577749252319336,1.2998813390731812,0.1691959947347641,1,0.001
3,0.8757222890853882,0.12427771091461182,1.2812440395355225,0.13584737479686737,1,0.001
4,0.9041804671287537,0.09581953287124634,1.2934086322784424,0.10779542475938797,1,0.001
5,0.9181563258171082,0.08184367418289185,1.2665565013885498,0.09369079768657684,1,0.001
6,0.9347966909408569,0.06520330905914307,1.2742503881454468,0.07729378342628479,1,0.001
7,0.9508575201034546,0.04914247989654541,1.2771735191345215,0.061422787606716156,1,0.001
8,0.9627402424812317,0.03725975751876831,1.298984408378601,0.04987700656056404,1,0.001
9,0.9605691432952881,0.039430856704711914,1.2705503702163696,0.051742054522037506,1,0.001
10,0.9648221135139465,0.03517788648605347,1.2823374271392822,0.047649480402469635,1,0.001
11,0.9730938673019409,0.026906132698059082,1.3451014757156372,0.04008808732032776,1,0.001
12,0.968663215637207,0.03133678436279297,1.2928295135498047,0.04395171254873276,1,0.001
13,0.9722175598144531,0.027782440185546875,1.2983644008636475,0.04048825800418854,1,0.001
14,0.9729287028312683,0.02707129716873169,1.2790756225585938,0.03959134221076965,1,0.001
15,0.9791093468666077,0.020890653133392334,1.2892729043960571,0.03357447683811188,1,0.001
16,0.9750859141349792,0.024914085865020752,1.2980682849884033,0.03764563053846359,1,0.001
17,0.9720958471298218,0.027904152870178223,1.274016261100769,0.040365274995565414,1,0.001
18,0.9798179864883423,0.020182013511657715,1.33603036403656,0.03334049880504608,2,0.00095
19,0.9793049097061157,0.020695090293884277,1.3527920246124268,0.03401605784893036,2,0.00095
20,0.9805672764778137,0.01943272352218628,1.3326995372772217,0.032565392553806305,2,0.00095
21,0.9815394878387451,0.018460512161254883,1.321657419204712,0.031492479145526886,2,0.00095
22,0.982875645160675,0.01712435483932495,1.328552484512329,0.03023863583803177,2,0.00095
23,0.9801191091537476,0.01988089084625244,1.315575122833252,0.03283783048391342,2,0.00095
24,0.982480525970459,0.017519474029541016,1.3336740732192993,0.03068101964890957,2,0.00095
25,0.9812934398651123,0.018706560134887695,1.3364267349243164,0.031883761286735535,2,0.00095
26,0.980865478515625,0.019134521484375,1.3191286325454712,0.032134462147951126,2,0.00095
27,0.9819221496582031,0.018077850341796875,1.3055793046951294,0.03095286339521408,2,0.00095
28,0.9809371829032898,0.019062817096710205,1.3352150917053223,0.03222433850169182,2,0.00095
29,0.9815436005592346,0.01845639944076538,1.366349220275879,0.031935326755046844,2,0.00095
30,0.9836222529411316,0.016377747058868408,1.3529748916625977,0.029743719846010208,2,0.00095
31,0.9818123579025269,0.018187642097473145,1.351714849472046,0.03152291476726532,2,0.00095
32,0.9834409356117249,0.016559064388275146,1.3525561094284058,0.029919033870100975,2,0.00095
33,0.9825370907783508,0.01746290922164917,1.3205747604370117,0.030494026839733124,2,0.00095
34,0.9830858707427979,0.01691412925720215,1.3382301330566406,0.03012728877365589,2,0.00095
35,0.983832597732544,0.016167402267456055,1.336686372756958,0.02937259152531624,2,0.00095
36,0.9840816855430603,0.015918314456939697,1.3130759000778198,0.028889890760183334,3,0.0009025
37,0.9825887680053711,0.017411231994628906,1.3487776517868042,0.030724894255399704,3,0.0009025
38,0.9832730293273926,0.016726970672607422,1.3293110132217407,0.029852811247110367,3,0.0009025
39,0.9835946559906006,0.016405344009399414,1.3475838899612427,0.029717130586504936,3,0.0009025
40,0.9839910268783569,0.016008973121643066,1.3309954404830933,0.029158838093280792,3,0.0009025
41,0.9846802949905396,0.01531970500946045,1.3449828624725342,0.02861633524298668,3,0.0009025
42,0.9845825433731079,0.01541745662689209,1.3286468982696533,0.02854974940419197,3,0.0009025
43,0.9827463626861572,0.017253637313842773,1.3476046323776245,0.030557146295905113,3,0.0009025
44,0.9839290976524353,0.016070902347564697,1.317582368850708,0.02908601611852646,3,0.0009025
45,0.9847293496131897,0.015270650386810303,1.3373935222625732,0.028491878882050514,3,0.0009025
46,0.984078586101532,0.015921413898468018,1.332684874534607,0.029089048504829407,3,0.0009025
47,0.9847970008850098,0.015202999114990234,1.324578046798706,0.02829675003886223,3,0.0009025
48,0.984040379524231,0.015959620475769043,1.35186767578125,0.02931870147585869,3,0.0009025
49,0.9831644296646118,0.016835570335388184,1.3331962823867798,0.029999177902936935,3,0.0009025
50,0.9839138984680176,0.016086101531982422,1.315006971359253,0.02907530963420868,3,0.0009025
51,0.9845513701438904,0.01544862985610962,1.3325681686401367,0.028619825839996338,3,0.0009025
52,0.9846048951148987,0.015395104885101318,1.342947006225586,0.028670623898506165,3,0.0009025
53,0.984708845615387,0.015291154384613037,1.3566367626190186,0.028704609721899033,3,0.0009025
54,0.9844188690185547,0.015581130981445312,1.3133741617202759,0.028559060767292976,4,0.000857375
55,0.9846317768096924,0.015368223190307617,1.3292932510375977,0.028507472947239876,4,0.000857375
56,0.9839169383049011,0.016083061695098877,1.3495333194732666,0.02941756322979927,4,0.000857375
57,0.9851825833320618,0.014817416667938232,1.3236896991729736,0.027906138449907303,4,0.000857375
58,0.9854720234870911,0.014527976512908936,1.3298419713974,0.02768111601471901,4,0.000857375
59,0.9845188856124878,0.015481114387512207,1.319606900215149,0.028522372245788574,4,0.000857375
60,0.9834611415863037,0.01653885841369629,1.3559973239898682,0.029933443292975426,4,0.000857375
61,0.9850966930389404,0.01490330696105957,1.3401226997375488,0.028155501931905746,4,0.000857375
62,0.9836183786392212,0.01638162136077881,1.3263297080993652,0.029481101781129837,4,0.000857375
63,0.9845075607299805,0.015492439270019531,1.3057740926742554,0.02839525416493416,4,0.000857375
64,0.9841133952140808,0.01588660478591919,1.3355101346969604,0.02908284217119217,4,0.000857375
65,0.9838975071907043,0.016102492809295654,1.3206838369369507,0.02914830483496189,4,0.000857375
66,0.9853478670120239,0.014652132987976074,1.348539113998413,0.027991002425551414,4,0.000857375
67,0.9848747849464417,0.01512521505355835,1.3318662643432617,0.02829262614250183,4,0.000857375
68,0.9841546416282654,0.01584535837173462,1.3327447175979614,0.029014352709054947,4,0.000857375
69,0.9846081137657166,0.015391886234283447,1.326662540435791,0.028504591435194016,4,0.000857375
70,0.9845410585403442,0.015458941459655762,1.3400517702102661,0.028704870492219925,4,0.000857375
71,0.9848120808601379,0.01518791913986206,1.3434560298919678,0.0284706000238657,4,0.000857375
72,0.9849660396575928,0.015033960342407227,1.3226101398468018,0.028109721839427948,5,0.0008145062499999999
73,0.9835439920425415,0.016456007957458496,1.3362318277359009,0.029653767123818398,5,0.0008145062499999999
74,0.9849963188171387,0.015003681182861328,1.3175815343856812,0.028029460459947586,5,0.0008145062499999999
75,0.9848425388336182,0.015157461166381836,1.3495732545852661,0.028501618653535843,5,0.0008145062499999999
76,0.984890878200531,0.015109121799468994,1.3067243099212646,0.028025273233652115,5,0.0008145062499999999
77,0.9850987792015076,0.014901220798492432,1.3075071573257446,0.02782728150486946,5,0.0008145062499999999
78,0.9841222167015076,0.01587778329849243,1.3347761631011963,0.029066767543554306,5,0.0008145062499999999
79,0.9853082299232483,0.014691770076751709,1.3271464109420776,0.02781631611287594,5,0.0008145062499999999
80,0.9850497841835022,0.014950215816497803,1.3102339506149292,0.027903053909540176,5,0.0008145062499999999
81,0.9853096604347229,0.0146903395652771,1.3323748111724854,0.027867183089256287,5,0.0008145062499999999
82,0.9838032126426697,0.016196787357330322,1.3443100452423096,0.02947792038321495,5,0.0008145062499999999
83,0.9850156307220459,0.014984369277954102,1.3195966482162476,0.02803049236536026,5,0.0008145062499999999
84,0.9853986501693726,0.014601349830627441,1.3185175657272339,0.027640510350465775,5,0.0008145062499999999
85,0.9854267835617065,0.014573216438293457,1.3447685241699219,0.02787517011165619,5,0.0008145062499999999
86,0.9852465987205505,0.014753401279449463,1.3259581327438354,0.027865448966622353,5,0.0008145062499999999
87,0.9854527115821838,0.014547288417816162,1.3332704305648804,0.02773451991379261,5,0.0008145062499999999
88,0.9856191873550415,0.014380812644958496,1.3337533473968506,0.027574537321925163,5,0.0008145062499999999
89,0.9853967428207397,0.014603257179260254,1.3427027463912964,0.02788425236940384,5,0.0008145062499999999
90,0.9851489067077637,0.014851093292236328,1.32964026927948,0.02799898386001587,6,0.0007737809374999998
91,0.9848988652229309,0.015101134777069092,1.3318544626235962,0.028268668800592422,6,0.0007737809374999998
92,0.9847416281700134,0.015258371829986572,1.2982203960418701,0.02808799222111702,6,0.0007737809374999998
93,0.9860996603965759,0.013900339603424072,1.3061413764953613,0.02682274952530861,6,0.0007737809374999998
94,0.9854662418365479,0.014533758163452148,1.3065696954727173,0.027454117313027382,6,0.0007737809374999998
95,0.9849821925163269,0.015017807483673096,1.3354183435440063,0.02822181209921837,6,0.0007737809374999998
96,0.9853959679603577,0.014604032039642334,1.3245078325271606,0.027703069150447845,6,0.0007737809374999998
97,0.9846509099006653,0.015349090099334717,1.338956356048584,0.02858516201376915,6,0.0007737809374999998
98,0.9845362305641174,0.015463769435882568,1.3086895942687988,0.02839602716267109,6,0.0007737809374999998
99,0.9859059453010559,0.014094054698944092,1.327986240386963,0.027232974767684937,6,0.0007737809374999998
100,0.9851853847503662,0.014814615249633789,1.3420811891555786,0.028087280690670013,6,0.0007737809374999998
101,0.9852392077445984,0.014760792255401611,1.3532497882843018,0.028145682066679,6,0.0007737809374999998
102,0.9852035641670227,0.014796435832977295,1.2842479944229126,0.027490951120853424,6,0.0007737809374999998
103,0.9853335618972778,0.014666438102722168,1.3170228004455566,0.02769000083208084,6,0.0007737809374999998
104,0.984545111656189,0.015454888343811035,1.3247097730636597,0.028547437861561775,6,0.0007737809374999998
105,0.9862002730369568,0.013799726963043213,1.3199548721313477,0.02686127834022045,6,0.0007737809374999998
106,0.9858183264732361,0.014181673526763916,1.3109979629516602,0.027149837464094162,6,0.0007737809374999998
107,0.9854735732078552,0.014526426792144775,1.3320974111557007,0.02770213782787323,6,0.0007737809374999998
108,0.9849290251731873,0.015070974826812744,1.3113377094268799,0.02803364209830761,7,0.0007350918906249997
109,0.9846821427345276,0.015317857265472412,1.322914719581604,0.028393825516104698,7,0.0007350918906249997
110,0.9858344793319702,0.014165520668029785,1.306604027748108,0.027089904993772507,7,0.0007350918906249997
111,0.9856744408607483,0.014325559139251709,1.320074439048767,0.027383048087358475,7,0.0007350918906249997
112,0.9856964945793152,0.014303505420684814,1.3051726818084717,0.027212196961045265,7,0.0007350918906249997
113,0.9847820997238159,0.015217900276184082,1.3333326578140259,0.028399046510457993,7,0.0007350918906249997
114,0.9862673282623291,0.013732671737670898,1.3145555257797241,0.026740901172161102,7,0.0007350918906249997
115,0.9852979183197021,0.014702081680297852,1.3192493915557861,0.02774755470454693,7,0.0007350918906249997
116,0.9850896596908569,0.014910340309143066,1.3272430896759033,0.0280336681753397,7,0.0007350918906249997
117,0.9854413270950317,0.014558672904968262,1.3094121217727661,0.027507208287715912,7,0.0007350918906249997
118,0.9857999682426453,0.014200031757354736,1.307603120803833,0.027134060859680176,7,0.0007350918906249997
119,0.9860033988952637,0.013996601104736328,1.3171558380126953,0.027028193697333336,7,0.0007350918906249997
120,0.9853959083557129,0.01460409164428711,1.3084063529968262,0.0275421142578125,7,0.0007350918906249997
121,0.9857655763626099,0.014234423637390137,1.3229143619537354,0.0273212231695652,7,0.0007350918906249997
122,0.9853447079658508,0.01465529203414917,1.3447552919387817,0.027956292033195496,7,0.0007350918906249997
123,0.9850459098815918,0.014954090118408203,1.3472343683242798,0.028276894241571426,7,0.0007350918906249997
124,0.9852303862571716,0.01476961374282837,1.2982072830200195,0.027603991329669952,7,0.0007350918906249997
125,0.9868227243423462,0.013177275657653809,1.2857733964920044,0.025903236120939255,7,0.0007350918906249997
126,0.9856530427932739,0.014346957206726074,1.315371036529541,0.027357198297977448,8,0.0006983372960937497
127,0.9855543375015259,0.014445662498474121,1.2999920845031738,0.027301125228405,8,0.0006983372960937497
128,0.9855719208717346,0.01442807912826538,1.3131955862045288,0.02741575427353382,8,0.0006983372960937497
129,0.9856386184692383,0.014361381530761719,1.3249804973602295,0.027467571198940277,8,0.0006983372960937497
130,0.9854518175125122,0.014548182487487793,1.3397997617721558,0.027800697833299637,8,0.0006983372960937497
131,0.986405074596405,0.01359492540359497,1.291478157043457,0.026373758912086487,8,0.0006983372960937497
132,0.9855618476867676,0.014438152313232422,1.3387086391448975,0.027680857107043266,8,0.0006983372960937497
133,0.9850800633430481,0.014919936656951904,1.3176276683807373,0.027947014197707176,8,0.0006983372960937497
134,0.9856917858123779,0.01430821418762207,1.3006783723831177,0.027171915397047997,8,0.0006983372960937497
135,0.9854928255081177,0.014507174491882324,1.3288041353225708,0.027650143951177597,8,0.0006983372960937497
136,0.9864600300788879,0.01353996992111206,1.3267052173614502,0.026671621948480606,8,0.0006983372960937497
137,0.9856182932853699,0.014381706714630127,1.3448412418365479,0.02768630161881447,8,0.0006983372960937497
138,0.9858694672584534,0.01413053274154663,1.292356252670288,0.026912789791822433,8,0.0006983372960937497
139,0.9857693910598755,0.014230608940124512,1.3285764455795288,0.027374066412448883,8,0.0006983372960937497
140,0.9854648113250732,0.014535188674926758,1.3172861337661743,0.02756269834935665,8,0.0006983372960937497
141,0.9861199259757996,0.01388007402420044,1.3170289993286133,0.02691156417131424,8,0.0006983372960937497
142,0.9854163527488708,0.01458364725112915,1.3050742149353027,0.027488552033901215,8,0.0006983372960937497
143,0.9856963753700256,0.014303624629974365,1.2761390209197998,0.02692197822034359,8,0.0006983372960937497
144,0.9863943457603455,0.013605654239654541,1.2874019145965576,0.02634361758828163,9,0.0006634204312890621
145,0.9847661256790161,0.015233874320983887,1.3238961696624756,0.028320498764514923,9,0.0006634204312890621
146,0.985151469707489,0.014848530292510986,1.3062256574630737,0.02776230126619339,9,0.0006634204312890621
147,0.9858558773994446,0.01414412260055542,1.2940822839736938,0.026943504810333252,9,0.0006634204312890621
148,0.9860907793045044,0.013909220695495605,1.3201000690460205,0.026971127837896347,9,0.0006634204312890621
149,0.9850456118583679,0.01495438814163208,1.3387705087661743,0.02819254994392395,9,0.0006634204312890621
150,0.9862782955169678,0.013721704483032227,1.315070629119873,0.02673519402742386,9,0.0006634204312890621
151,0.9858641624450684,0.01413583755493164,1.2910876274108887,0.026905355975031853,9,0.0006634204312890621
152,0.9859959483146667,0.014004051685333252,1.3150849342346191,0.02701486088335514,9,0.0006634204312890621
153,0.9858646392822266,0.014135360717773438,1.313994288444519,0.027133949100971222,9,0.0006634204312890621
154,0.9860881567001343,0.013911843299865723,1.322373390197754,0.026996459811925888,9,0.0006634204312890621
155,0.9856209754943848,0.014379024505615234,1.3063666820526123,0.027298901230096817,9,0.0006634204312890621
156,0.9856787323951721,0.01432126760482788,1.341518521308899,0.02759324014186859,9,0.0006634204312890621
157,0.9858716130256653,0.014128386974334717,1.3588979244232178,0.027576081454753876,9,0.0006634204312890621
158,0.9861268401145935,0.013873159885406494,1.3135223388671875,0.026869650930166245,9,0.0006634204312890621
159,0.9862900376319885,0.013709962368011475,1.2966136932373047,0.026538999751210213,9,0.0006634204312890621
160,0.9856976270675659,0.014302372932434082,1.2950806617736816,0.027110155671834946,9,0.0006634204312890621
161,0.9854257702827454,0.014574229717254639,1.2737205028533936,0.027165692299604416,9,0.0006634204312890621
162,0.9857764840126038,0.01422351598739624,1.307991862297058,0.02716119959950447,10,0.000630249409724609
163,0.986635684967041,0.013364315032958984,1.304173469543457,0.026272406801581383,10,0.000630249409724609
164,0.9863349199295044,0.013665080070495605,1.3027458190917969,0.02655588649213314,10,0.000630249409724609
165,0.9859335422515869,0.014066457748413086,1.3101675510406494,0.027027469128370285,10,0.000630249409724609
166,0.9868101477622986,0.013189852237701416,1.3083025217056274,0.026140978559851646,10,0.000630249409724609
167,0.9860802292823792,0.01391977071762085,1.3383172750473022,0.02716374583542347,10,0.000630249409724609
168,0.9861740469932556,0.013825953006744385,1.3048957586288452,0.026736650615930557,10,0.000630249409724609
169,0.9850160479545593,0.014983952045440674,1.316271185874939,0.02799682319164276,10,0.000630249409724609
170,0.9863101840019226,0.013689815998077393,1.3516067266464233,0.027068983763456345,10,0.000630249409724609
171,0.9850562810897827,0.014943718910217285,1.2985533475875854,0.02777981385588646,10,0.000630249409724609
172,0.9857829213142395,0.014217078685760498,1.2996494770050049,0.027071401476860046,10,0.000630249409724609
173,0.9857043623924255,0.014295637607574463,1.3349589109420776,0.0275022704154253,10,0.000630249409724609
174,0.985582709312439,0.014417290687561035,1.3241631984710693,0.027514750137925148,10,0.000630249409724609
175,0.9853899478912354,0.014610052108764648,1.3253642320632935,0.02771759405732155,10,0.000630249409724609
176,0.9855643510818481,0.014435648918151855,1.3090564012527466,0.027381855994462967,10,0.000630249409724609
177,0.9859377145767212,0.014062285423278809,1.334384560585022,0.027265507727861404,10,0.000630249409724609
178,0.9856929779052734,0.014307022094726562,1.2994112968444824,0.027158064767718315,10,0.000630249409724609
179,0.9848051071166992,0.015194892883300781,1.3113309144973755,0.028156252577900887,10,0.000630249409724609
180,0.9862399697303772,0.013760030269622803,1.312095284461975,0.026743382215499878,11,0.0005987369392383785
181,0.9861454367637634,0.013854563236236572,1.3144280910491943,0.026860298588871956,11,0.0005987369392383785
182,0.9860674142837524,0.013932585716247559,1.3129812479019165,0.02692307159304619,11,0.0005987369392383785
183,0.985938549041748,0.014061450958251953,1.297359824180603,0.02689443528652191,11,0.0005987369392383785
184,0.9860635995864868,0.013936400413513184,1.3077577352523804,0.026874613016843796,11,0.0005987369392383785
185,0.985737144947052,0.014262855052947998,1.3077975511550903,0.027198202908039093,11,0.0005987369392383785
186,0.9861803650856018,0.013819634914398193,1.3233988285064697,0.026915427297353745,11,0.0005987369392383785
187,0.9858273863792419,0.014172613620758057,1.3168340921401978,0.02719922736287117,11,0.0005987369392383785
188,0.985322892665863,0.014677107334136963,1.3129881620407104,0.027660217136144638,11,0.0005987369392383785
189,0.9860248565673828,0.013975143432617188,1.2922399044036865,0.02675779163837433,11,0.0005987369392383785
190,0.9859700798988342,0.014029920101165771,1.31817626953125,0.027071382850408554,11,0.0005987369392383785
191,0.986285388469696,0.013714611530303955,1.3280422687530518,0.02685788832604885,11,0.0005987369392383785
192,0.9859063029289246,0.01409369707107544,1.314005732536316,0.027092818170785904,11,0.0005987369392383785
193,0.9857358932495117,0.014264106750488281,1.291815161705017,0.02703961730003357,11,0.0005987369392383785
194,0.9857203364372253,0.014279663562774658,1.3212890625,0.02734975703060627,11,0.0005987369392383785
195,0.9863645434379578,0.013635456562042236,1.2959837913513184,0.026458941400051117,11,0.0005987369392383785
196,0.9853967428207397,0.014603257179260254,1.3239871263504028,0.027697095647454262,11,0.0005987369392383785
197,0.9841787815093994,0.015821218490600586,1.340254306793213,0.02906554937362671,11,0.0005987369392383785
198,0.9859012365341187,0.014098763465881348,1.3096057176589966,0.0270538330078125,12,0.0005688000922764595
199,0.9856514930725098,0.014348506927490234,1.3215948343276978,0.027420969679951668,12,0.0005688000922764595
200,0.9859595894813538,0.01404041051864624,1.327689290046692,0.02717689797282219,12,0.0005688000922764595
201,0.986003041267395,0.01399695873260498,1.305053949356079,0.026907529681921005,12,0.0005688000922764595
202,0.9864072203636169,0.013592779636383057,1.3299881219863892,0.026756733655929565,12,0.0005688000922764595
203,0.9865609407424927,0.013439059257507324,1.3174269199371338,0.02647893875837326,12,0.0005688000922764595
204,0.9862006902694702,0.013799309730529785,1.3154163360595703,0.02681547962129116,12,0.0005688000922764595
205,0.9859511256217957,0.014048874378204346,1.3097831010818481,0.02700621634721756,12,0.0005688000922764595
206,0.9864638447761536,0.013536155223846436,1.3087513446807861,0.026488307863473892,12,0.0005688000922764595
207,0.9855129718780518,0.014487028121948242,1.2904527187347412,0.027246683835983276,12,0.0005688000922764595
208,0.9863246083259583,0.013675391674041748,1.294533371925354,0.026483971625566483,12,0.0005688000922764595
209,0.9858364462852478,0.014163553714752197,1.287522554397583,0.026897143572568893,12,0.0005688000922764595
210,0.987041711807251,0.012958288192749023,1.311850666999817,0.025947213172912598,12,0.0005688000922764595
211,0.9859840869903564,0.014015913009643555,1.2872892618179321,0.026748646050691605,12,0.0005688000922764595
212,0.9861851334571838,0.013814866542816162,1.30125892162323,0.026689305901527405,12,0.0005688000922764595
213,0.9856653213500977,0.014334678649902344,1.3199487924575806,0.027390819042921066,12,0.0005688000922764595
214,0.9863111972808838,0.013688802719116211,1.3181748390197754,0.02673366293311119,12,0.0005688000922764595
215,0.9863998889923096,0.01360011100769043,1.3286123275756836,0.02675023302435875,12,0.0005688000922764595
216,0.9859468340873718,0.014053165912628174,1.2987732887268066,0.026900365948677063,13,0.0005403600876626365
217,0.9866673350334167,0.013332664966583252,1.3036651611328125,0.02623599022626877,13,0.0005403600876626365
218,0.9867076277732849,0.013292372226715088,1.3501805067062378,0.026661252602934837,13,0.0005403600876626365
219,0.9863606691360474,0.013639330863952637,1.2974375486373901,0.026477312669157982,13,0.0005403600876626365
220,0.985425591468811,0.014574408531188965,1.3175818920135498,0.02760448306798935,13,0.0005403600876626365
221,0.9863676428794861,0.013632357120513916,1.2909622192382812,0.026405654847621918,13,0.0005403600876626365
222,0.9869269132614136,0.013073086738586426,1.3053187131881714,0.025995543226599693,13,0.0005403600876626365
223,0.986154317855835,0.013845682144165039,1.3023881912231445,0.026731107383966446,13,0.0005403600876626365
224,0.9865908622741699,0.013409137725830078,1.3057222366333008,0.026332268491387367,13,0.0005403600876626365
225,0.9868727922439575,0.01312720775604248,1.2951645851135254,0.025947581976652145,13,0.0005403600876626365
226,0.9865334033966064,0.013466596603393555,1.3006312847137451,0.0263382438570261,13,0.0005403600876626365
227,0.9864655137062073,0.013534486293792725,1.3023234605789185,0.026422375813126564,13,0.0005403600876626365
228,0.9859883189201355,0.014011681079864502,1.310431957244873,0.026975885033607483,13,0.0005403600876626365
229,0.985124409198761,0.014875590801239014,1.2949498891830444,0.027676332741975784,13,0.0005403600876626365
230,0.9856810569763184,0.01431894302368164,1.297524094581604,0.027150996029376984,13,0.0005403600876626365
231,0.9866434931755066,0.013356506824493408,1.3113958835601807,0.026336900889873505,13,0.0005403600876626365
232,0.9856536984443665,0.014346301555633545,1.330522060394287,0.02750805951654911,13,0.0005403600876626365
233,0.9860907793045044,0.013909220695495605,1.3574199676513672,0.02734432741999626,13,0.0005403600876626365
234,0.9862212538719177,0.013778746128082275,1.3152984380722046,0.026793941855430603,14,0.0005133420832795047
235,0.9868046641349792,0.013195335865020752,1.3052823543548584,0.026116205379366875,14,0.0005133420832795047
236,0.9867523908615112,0.01324760913848877,1.298651933670044,0.026101652532815933,14,0.0005133420832795047
237,0.9866284132003784,0.013371586799621582,1.3061130046844482,0.026298999786376953,14,0.0005133420832795047
238,0.9863228797912598,0.013677120208740234,1.2857362031936646,0.026397710666060448,14,0.0005133420832795047
239,0.9867139458656311,0.013286054134368896,1.3130879402160645,0.026284072548151016,14,0.0005133420832795047
240,0.9855531454086304,0.014446854591369629,1.31758713722229,0.027478257194161415,14,0.0005133420832795047
241,0.9868771433830261,0.013122856616973877,1.285618782043457,0.025847814977169037,14,0.0005133420832795047
242,0.9866536855697632,0.013346314430236816,1.3036595582962036,0.026249445974826813,14,0.0005133420832795047
243,0.9859906435012817,0.014009356498718262,1.3286024332046509,0.027155287563800812,14,0.0005133420832795047
244,0.9858989119529724,0.014101088047027588,1.3010791540145874,0.026970868930220604,14,0.0005133420832795047
245,0.9862027764320374,0.013797223567962646,1.3267426490783691,0.0269266776740551,14,0.0005133420832795047
246,0.9864725470542908,0.013527452945709229,1.3045755624771118,0.02643793448805809,14,0.0005133420832795047
247,0.9863414764404297,0.013658523559570312,1.2899384498596191,0.02642132341861725,14,0.0005133420832795047
248,0.9859333634376526,0.014066636562347412,1.2993344068527222,0.02691931463778019,14,0.0005133420832795047
249,0.9869157671928406,0.013084232807159424,1.3129246234893799,0.026082634925842285,14,0.0005133420832795047
250,0.9866234064102173,0.013376593589782715,1.2821457386016846,0.026064284145832062,14,0.0005133420832795047
251,0.9862808585166931,0.013719141483306885,1.2812756299972534,0.026394706219434738,14,0.0005133420832795047
252,0.9862083196640015,0.013791680335998535,1.3053219318389893,0.026706982403993607,15,0.00048767497911552944
253,0.9865008592605591,0.013499140739440918,1.3157950639724731,0.02652209997177124,15,0.00048767497911552944
254,0.9862453937530518,0.013754606246948242,1.3106698989868164,0.02672375924885273,15,0.00048767497911552944
255,0.9871668219566345,0.012833178043365479,1.3004528284072876,0.025709375739097595,15,0.00048767497911552944
256,0.9861875176429749,0.013812482357025146,1.3038184642791748,0.02671254239976406,15,0.00048767497911552944
257,0.9868149757385254,0.01318502426147461,1.2903753519058228,0.025956928730010986,15,0.00048767497911552944
258,0.9861620664596558,0.013837933540344238,1.3072118759155273,0.026771672070026398,15,0.00048767497911552944
259,0.9870132207870483,0.01298677921295166,1.3079584836959839,0.025936495512723923,15,0.00048767497911552944
260,0.9861778616905212,0.01382213830947876,1.324429988861084,0.026928216218948364,15,0.00048767497911552944
261,0.9860376119613647,0.013962388038635254,1.2947269678115845,0.026770032942295074,15,0.00048767497911552944
262,0.9866534471511841,0.013346552848815918,1.2938578128814697,0.026151664555072784,15,0.00048767497911552944
263,0.9867221713066101,0.013277828693389893,1.2847081422805786,0.02599213272333145,15,0.00048767497911552944
264,0.9862650632858276,0.013734936714172363,1.3117692470550537,0.02671527862548828,15,0.00048767497911552944
265,0.9865264296531677,0.013473570346832275,1.3185454607009888,0.026524290442466736,15,0.00048767497911552944
266,0.9867430329322815,0.013256967067718506,1.28358793258667,0.025960277765989304,15,0.00048767497911552944
267,0.9871962070465088,0.012803792953491211,1.2979611158370972,0.025655366480350494,15,0.00048767497911552944
268,0.9863855242729187,0.013614475727081299,1.3098845481872559,0.02657717652618885,15,0.00048767497911552944
269,0.9864569306373596,0.01354306936264038,1.301565408706665,0.026423294097185135,15,0.00048767497911552944
270,0.9865322709083557,0.013467729091644287,1.2919285297393799,0.02625233680009842,16,0.00046329123015975297
271,0.9861807227134705,0.013819277286529541,1.3026834726333618,0.02670791931450367,16,0.00046329123015975297
272,0.9872629046440125,0.012737095355987549,1.3106567859649658,0.02571629360318184,16,0.00046329123015975297
273,0.9867750406265259,0.013224959373474121,1.3209949731826782,0.026302658021450043,16,0.00046329123015975297
274,0.9870740175247192,0.012925982475280762,1.2919702529907227,0.025716423988342285,16,0.00046329123015975297
275,0.9864821434020996,0.01351785659790039,1.3080114126205444,0.026462791487574577,16,0.00046329123015975297
276,0.9871898889541626,0.012810111045837402,1.289398193359375,0.025575991719961166,16,0.00046329123015975297
277,0.9866563677787781,0.013343632221221924,1.3039064407348633,0.02624925971031189,16,0.00046329123015975297
278,0.9867375493049622,0.013262450695037842,1.275246500968933,0.025882292538881302,16,0.00046329123015975297
279,0.9861581325531006,0.013841867446899414,1.3194901943206787,0.026898350566625595,16,0.00046329123015975297
280,0.9862465858459473,0.013753414154052734,1.296981692314148,0.026585698127746582,16,0.00046329123015975297
281,0.9860775470733643,0.013922452926635742,1.2961539030075073,0.026744768023490906,16,0.00046329123015975297
282,0.9866750240325928,0.013324975967407227,1.3099231719970703,0.026290956884622574,16,0.00046329123015975297
283,0.9862819910049438,0.013718008995056152,1.3056344985961914,0.02663717418909073,16,0.00046329123015975297
284,0.9867807626724243,0.013219237327575684,1.294335961341858,0.0260304044932127,16,0.00046329123015975297
285,0.9862954020500183,0.01370459794998169,1.325453281402588,0.026822084560990334,16,0.00046329123015975297
286,0.9870764017105103,0.012923598289489746,1.2962936162948608,0.02575729787349701,16,0.00046329123015975297
287,0.9877105951309204,0.01228940486907959,1.2628203630447388,0.024794714525341988,16,0.00046329123015975297
288,0.9870045185089111,0.012995481491088867,1.298460841178894,0.02585013583302498,17,0.0004401266686517653
289,0.9862945079803467,0.01370549201965332,1.2964646816253662,0.026533083990216255,17,0.0004401266686517653
290,0.986629843711853,0.013370156288146973,1.300389289855957,0.02624034695327282,17,0.0004401266686517653
291,0.9870212078094482,0.012978792190551758,1.337146520614624,0.026220468804240227,17,0.0004401266686517653
292,0.9867356419563293,0.013264358043670654,1.3147004842758179,0.026278719305992126,17,0.0004401266686517653
293,0.9868770241737366,0.013122975826263428,1.2905653715133667,0.025897398591041565,17,0.0004401266686517653
294,0.9868938326835632,0.013106167316436768,1.3009132146835327,0.02598423883318901,17,0.0004401266686517653
295,0.9868965148925781,0.013103485107421875,1.293573021888733,0.025908179581165314,17,0.0004401266686517653
296,0.9866682291030884,0.013331770896911621,1.287265419960022,0.026071107015013695,17,0.0004401266686517653
297,0.9862877726554871,0.01371222734451294,1.307198166847229,0.026647087186574936,17,0.0004401266686517653
298,0.986444354057312,0.013555645942687988,1.301208734512329,0.026432175189256668,17,0.0004401266686517653
299,0.9866119027137756,0.013388097286224365,1.2824841737747192,0.02607905864715576,17,0.0004401266686517653
300,0.9866953492164612,0.013304650783538818,1.296049952507019,0.02613210305571556,17,0.0004401266686517653
301,0.9867987632751465,0.013201236724853516,1.290138602256775,0.025970609858632088,17,0.0004401266686517653
302,0.9868859648704529,0.01311403512954712,1.3092141151428223,0.026075035333633423,17,0.0004401266686517653
303,0.986564576625824,0.013435423374176025,1.290381669998169,0.02620488405227661,17,0.0004401266686517653
304,0.9867866635322571,0.01321333646774292,1.2937999963760376,0.026019202545285225,17,0.0004401266686517653
305,0.9871967434883118,0.012803256511688232,1.3086122274398804,0.025761345401406288,17,0.0004401266686517653
306,0.9872700572013855,0.012729942798614502,1.2842738628387451,0.025445381179451942,18,0.00041812033521917703
307,0.9874127507209778,0.012587249279022217,1.308072566986084,0.02554210275411606,18,0.00041812033521917703
308,0.9862508177757263,0.013749182224273682,1.314565896987915,0.02675734832882881,18,0.00041812033521917703
309,0.987152099609375,0.012847900390625,1.3096437454223633,0.02581585943698883,18,0.00041812033521917703
310,0.9876068830490112,0.01239311695098877,1.2923634052276611,0.02519281953573227,18,0.00041812033521917703
311,0.9866752624511719,0.013324737548828125,1.3006778955459595,0.026198267936706543,18,0.00041812033521917703
312,0.9875930547714233,0.01240694522857666,1.2916004657745361,0.025198880583047867,18,0.00041812033521917703
313,0.986380934715271,0.013619065284729004,1.3059780597686768,0.026542656123638153,18,0.00041812033521917703
314,0.986703097820282,0.013296902179718018,1.3058879375457764,0.02622281387448311,18,0.00041812033521917703
315,0.9868350625038147,0.013164937496185303,1.287170648574829,0.02590499445796013,18,0.00041812033521917703
316,0.9862744808197021,0.013725519180297852,1.286285400390625,0.026451118290424347,18,0.00041812033521917703
317,0.9859609007835388,0.014039099216461182,1.2933155298233032,0.026831861585378647,18,0.00041812033521917703
318,0.9868865609169006,0.013113439083099365,1.2908992767333984,0.025891296565532684,18,0.00041812033521917703
319,0.9869322180747986,0.013067781925201416,1.3127392530441284,0.026064496487379074,18,0.00041812033521917703
320,0.9865059852600098,0.013494014739990234,1.2947300672531128,0.026306375861167908,18,0.00041812033521917703
321,0.9862377047538757,0.013762295246124268,1.3121285438537598,0.026745958253741264,18,0.00041812033521917703
322,0.9867011904716492,0.01329880952835083,1.2934534549713135,0.02610035613179207,18,0.00041812033521917703
323,0.9866973161697388,0.01330268383026123,1.3051398992538452,0.026221055537462234,18,0.00041812033521917703
324,0.9868464469909668,0.013153553009033203,1.3137190341949463,0.02615920826792717,19,0.00039721431845821814
325,0.9877175688743591,0.01228243112564087,1.3087990283966064,0.025247596204280853,19,0.00039721431845821814
326,0.9870359897613525,0.012964010238647461,1.2753409147262573,0.0255877785384655,19,0.00039721431845821814
327,0.9865152835845947,0.013484716415405273,1.318872094154358,0.026538589969277382,19,0.00039721431845821814
328,0.9871389269828796,0.012861073017120361,1.2961350679397583,0.02569381147623062,19,0.00039721431845821814
329,0.9867834448814392,0.013216555118560791,1.3060412406921387,0.026144802570343018,19,0.00039721431845821814
330,0.9866863489151001,0.013313651084899902,1.3080967664718628,0.026261482387781143,19,0.00039721431845821814
331,0.986700713634491,0.013299286365509033,1.3027307987213135,0.02619360014796257,19,0.00039721431845821814
332,0.98676598072052,0.01323401927947998,1.292551875114441,0.026027198880910873,19,0.00039721431845821814
333,0.9862595796585083,0.0137404203414917,1.2931718826293945,0.026534736156463623,19,0.00039721431845821814
334,0.9872939586639404,0.01270604133605957,1.280084252357483,0.02537982352077961,19,0.00039721431845821814
335,0.9872574210166931,0.012742578983306885,1.2830066680908203,0.02544521912932396,19,0.00039721431845821814
336,0.9866207242012024,0.013379275798797607,1.3160789012908936,0.026406271383166313,19,0.00039721431845821814
337,0.9866226315498352,0.013377368450164795,1.2804450988769531,0.026048045605421066,19,0.00039721431845821814
338,0.9868782758712769,0.013121724128723145,1.3107960224151611,0.02609846740961075,19,0.00039721431845821814
339,0.9866344928741455,0.013365507125854492,1.3094440698623657,0.026326291263103485,19,0.00039721431845821814
340,0.9871549606323242,0.012845039367675781,1.2841211557388306,0.025557801127433777,19,0.00039721431845821814
341,0.9880275726318359,0.011972427368164062,1.2924877405166626,0.024777580052614212,19,0.00039721431845821814
342,0.9869424700737,0.013057529926300049,1.2992435693740845,0.025919388979673386,20,0.0003773536025353072
343,0.9872341752052307,0.012765824794769287,1.3055915832519531,0.02569408342242241,20,0.0003773536025353072
344,0.9875047206878662,0.012495279312133789,1.3033678531646729,0.025404004380106926,20,0.0003773536025353072
345,0.9866790771484375,0.0133209228515625,1.289383053779602,0.026081543415784836,20,0.0003773536025353072
346,0.9871193170547485,0.012880682945251465,1.291502833366394,0.02566690370440483,20,0.0003773536025353072
347,0.9870281219482422,0.012971878051757812,1.303261399269104,0.025874773040413857,20,0.0003773536025353072
348,0.9870710372924805,0.012928962707519531,1.284463882446289,0.02564431168138981,20,0.0003773536025353072
349,0.9867207407951355,0.013279259204864502,1.2905006408691406,0.02605147287249565,20,0.0003773536025353072
350,0.9862520694732666,0.013747930526733398,1.3062292337417603,0.026672743260860443,20,0.0003773536025353072
351,0.9867739677429199,0.013226032257080078,1.2907118797302246,0.026000890880823135,20,0.0003773536025353072
352,0.9867758750915527,0.013224124908447266,1.293241024017334,0.026024293154478073,20,0.0003773536025353072
353,0.9866610169410706,0.013338983058929443,1.281540870666504,0.026021001860499382,20,0.0003773536025353072
354,0.9877036213874817,0.01229637861251831,1.2938252687454224,0.025111667811870575,20,0.0003773536025353072
355,0.9867567420005798,0.013243257999420166,1.3005704879760742,0.02611653134226799,20,0.0003773536025353072
356,0.9869610667228699,0.013038933277130127,1.3005759716033936,0.025914303958415985,20,0.0003773536025353072
357,0.9869717955589294,0.013028204441070557,1.293964147567749,0.02583756297826767,20,0.0003773536025353072
358,0.9873558878898621,0.01264411211013794,1.3262253999710083,0.025779925286769867,20,0.0003773536025353072
359,0.9867984056472778,0.013201594352722168,1.3404914140701294,0.026474492624402046,20,0.0003773536025353072
360,0.9870286583900452,0.012971341609954834,1.298413872718811,0.02582576498389244,21,0.0003584859224085418
361,0.9869163036346436,0.013083696365356445,1.287516474723816,0.025828024372458458,21,0.0003584859224085418
362,0.9866392612457275,0.013360738754272461,1.2981083393096924,0.026208214461803436,21,0.0003584859224085418
363,0.986966073513031,0.013033926486968994,1.2919272184371948,0.02582285925745964,21,0.0003584859224085418
364,0.9862800240516663,0.01371997594833374,1.3058357238769531,0.026641134172677994,21,0.0003584859224085418
365,0.9878053069114685,0.012194693088531494,1.2752556800842285,0.02482530288398266,21,0.0003584859224085418
366,0.9872022867202759,0.012797713279724121,1.3055756092071533,0.02572549134492874,21,0.0003584859224085418
367,0.9867960810661316,0.013203918933868408,1.2926616668701172,0.025998495519161224,21,0.0003584859224085418
368,0.9871248006820679,0.012875199317932129,1.2968060970306396,0.025714509189128876,21,0.0003584859224085418
369,0.9871016144752502,0.012898385524749756,1.2931545972824097,0.025700947269797325,21,0.0003584859224085418
370,0.9867991209030151,0.013200879096984863,1.309671401977539,0.026165584102272987,21,0.0003584859224085418
371,0.9877436757087708,0.012256324291229248,1.2882976531982422,0.02501673623919487,21,0.0003584859224085418
372,0.9863066673278809,0.01369333267211914,1.3017544746398926,0.026573944836854935,21,0.0003584859224085418
373,0.9874463677406311,0.012553632259368896,1.2974679470062256,0.025402776896953583,21,0.0003584859224085418
374,0.9866544008255005,0.013345599174499512,1.2887599468231201,0.026099741458892822,21,0.0003584859224085418
375,0.9868776202201843,0.013122379779815674,1.298467755317688,0.02597583457827568,21,0.0003584859224085418
376,0.9873092174530029,0.01269078254699707,1.31345796585083,0.025698453187942505,21,0.0003584859224085418
377,0.9873684048652649,0.012631595134735107,1.27334725856781,0.025238752365112305,21,0.0003584859224085418
378,0.9872227311134338,0.012777268886566162,1.3056621551513672,0.02570611611008644,22,0.0003405616262881147
379,0.9871992468833923,0.012800753116607666,1.3000303506851196,0.025673048570752144,22,0.0003405616262881147
380,0.9867823719978333,0.013217628002166748,1.3015650510787964,0.02610110118985176,22,0.0003405616262881147
381,0.9875085949897766,0.012491405010223389,1.2753660678863525,0.025120152160525322,22,0.0003405616262881147
382,0.986741840839386,0.013258159160614014,1.289026141166687,0.026015838608145714,22,0.0003405616262881147
383,0.9875288605690002,0.012471139430999756,1.301393985748291,0.025360368192195892,22,0.0003405616262881147
384,0.9875565767288208,0.0124434232711792,1.2878079414367676,0.025197068229317665,22,0.0003405616262881147
385,0.9869074821472168,0.013092517852783203,1.3025490045547485,0.025987081229686737,22,0.0003405616262881147
386,0.9868043661117554,0.013195633888244629,1.2813409566879272,0.0258770864456892,22,0.0003405616262881147
387,0.9870070815086365,0.012992918491363525,1.2949508428573608,0.02581249736249447,22,0.0003405616262881147
388,0.9869996905326843,0.013000309467315674,1.3164656162261963,0.026034962385892868,22,0.0003405616262881147
389,0.9867705702781677,0.013229429721832275,1.3040584325790405,0.026137718930840492,22,0.0003405616262881147
390,0.9869152903556824,0.013084709644317627,1.291107416152954,0.025864936411380768,22,0.0003405616262881147
391,0.9868537783622742,0.01314622163772583,1.298609972000122,0.0260008592158556,22,0.0003405616262881147
392,0.9872115850448608,0.01278841495513916,1.2953071594238281,0.025613602250814438,22,0.0003405616262881147
393,0.9869829416275024,0.013017058372497559,1.2814568281173706,0.025701455771923065,22,0.0003405616262881147
394,0.9873263835906982,0.012673616409301758,1.2972434759140015,0.025519315153360367,22,0.0003405616262881147
395,0.9868611097335815,0.013138890266418457,1.332924723625183,0.026336748152971268,22,0.0003405616262881147
396,0.9873346090316772,0.012665390968322754,1.284681797027588,0.025385554879903793,23,0.00032353354497370894
397,0.9875866174697876,0.012413382530212402,1.3154575824737549,0.025443824008107185,23,0.00032353354497370894
398,0.9868695735931396,0.013130426406860352,1.3084275722503662,0.02608339861035347,23,0.00032353354497370894
399,0.9870514869689941,0.01294851303100586,1.286617636680603,0.025685204192996025,23,0.00032353354497370894
400,0.9866458773612976,0.013354122638702393,1.2922929525375366,0.02614350989460945,23,0.00032353354497370894
401,0.9868728518486023,0.013127148151397705,1.289481520652771,0.025890691205859184,23,0.00032353354497370894
402,0.9874943494796753,0.012505650520324707,1.2912969589233398,0.025293562561273575,23,0.00032353354497370894
403,0.9871456027030945,0.012854397296905518,1.2867392301559448,0.025593245401978493,23,0.00032353354497370894
404,0.9879809617996216,0.012019038200378418,1.3017842769622803,0.024916689842939377,23,0.00032353354497370894
405,0.98658686876297,0.01341313123703003,1.2938543558120728,0.026217542588710785,23,0.00032353354497370894
406,0.986931324005127,0.013068675994873047,1.2923567295074463,0.025861555710434914,23,0.00032353354497370894
407,0.9870262742042542,0.01297372579574585,1.2948522567749023,0.02579251118004322,23,0.00032353354497370894
408,0.9867753982543945,0.013224601745605469,1.310834527015686,0.02620070055127144,23,0.00032353354497370894
409,0.986961841583252,0.013038158416748047,1.2949581146240234,0.025857359170913696,23,0.00032353354497370894
410,0.9872836470603943,0.012716352939605713,1.3113728761672974,0.02570291794836521,23,0.00032353354497370894
411,0.9871857166290283,0.01281428337097168,1.2838122844696045,0.025524262338876724,23,0.00032353354497370894
412,0.987494707107544,0.012505292892456055,1.2809406518936157,0.02518964558839798,23,0.00032353354497370894
413,0.9866687059402466,0.013331294059753418,1.3080275058746338,0.026278255507349968,23,0.00032353354497370894
414,0.9873424768447876,0.012657523155212402,1.2925727367401123,0.02545667439699173,24,0.00030735686772502346
415,0.9871023297309875,0.012897670269012451,1.3002398014068604,0.025771090760827065,24,0.00030735686772502346
416,0.9870688319206238,0.01293116807937622,1.2983624935150146,0.025785481557250023,24,0.00030735686772502346
417,0.9872438907623291,0.012756109237670898,1.2962566614151,0.025591114535927773,24,0.00030735686772502346
418,0.9870554208755493,0.012944579124450684,1.2975170612335205,0.025790303945541382,24,0.00030735686772502346
419,0.9864026308059692,0.013597369194030762,1.2885196208953857,0.026346590369939804,24,0.00030735686772502346
420,0.9877772331237793,0.012222766876220703,1.2851842641830444,0.02495238184928894,24,0.00030735686772502346
421,0.9872323274612427,0.012767672538757324,1.3137458562850952,0.025777453556656837,24,0.00030735686772502346
422,0.98704993724823,0.01295006275177002,1.2900112867355347,0.02572067454457283,24,0.00030735686772502346
423,0.9870343208312988,0.012965679168701172,1.2839657068252563,0.025675678625702858,24,0.00030735686772502346
424,0.9874424338340759,0.012557566165924072,1.2845959663391113,0.02527794986963272,24,0.00030735686772502346
425,0.9878302216529846,0.01216977834701538,1.274082899093628,0.024788908660411835,24,0.00030735686772502346
426,0.987324059009552,0.012675940990447998,1.301353096961975,0.02556271106004715,24,0.00030735686772502346
427,0.9875898361206055,0.012410163879394531,1.285090684890747,0.02513696998357773,24,0.00030735686772502346
428,0.9868552088737488,0.01314479112625122,1.3030810356140137,0.026044152677059174,24,0.00030735686772502346
429,0.9870431423187256,0.012956857681274414,1.3190152645111084,0.0260174423456192,24,0.00030735686772502346
430,0.9865557551383972,0.013444244861602783,1.2962157726287842,0.026271961629390717,24,0.00030735686772502346
431,0.9866877198219299,0.013312280178070068,1.3006327152252197,0.02618548460304737,24,0.00030735686772502346
432,0.9877021312713623,0.012297868728637695,1.2854728698730469,0.02502961829304695,25,0.00029198902433877225
433,0.987557590007782,0.012442409992218018,1.276755690574646,0.02508554235100746,25,0.00029198902433877225
434,0.9866191744804382,0.013380825519561768,1.3046103715896606,0.02629312127828598,25,0.00029198902433877225
435,0.9874600768089294,0.012539923191070557,1.3269634246826172,0.025684159249067307,25,0.00029198902433877225
436,0.9875943064689636,0.012405693531036377,1.2845550775527954,0.025127187371253967,25,0.00029198902433877225
437,0.9869670867919922,0.013032913208007812,1.3058586120605469,0.025961169973015785,25,0.00029198902433877225
438,0.9876090884208679,0.01239091157913208,1.285894513130188,0.02512594684958458,25,0.00029198902433877225
439,0.987329363822937,0.012670636177062988,1.2874512672424316,0.025418441742658615,25,0.00029198902433877225
440,0.987183153629303,0.012816846370697021,1.305570125579834,0.025744378566741943,25,0.00029198902433877225
441,0.9869552850723267,0.01304471492767334,1.2990388870239258,0.025904657319188118,25,0.00029198902433877225
442,0.9869698286056519,0.013030171394348145,1.2961761951446533,0.025861632078886032,25,0.00029198902433877225
443,0.9874606132507324,0.012539386749267578,1.3200808763504028,0.025614801794290543,25,0.00029198902433877225
444,0.9870885014533997,0.012911498546600342,1.2905110120773315,0.02568749338388443,25,0.00029198902433877225
445,0.9871435761451721,0.01285642385482788,1.2880676984786987,0.02560853585600853,25,0.00029198902433877225
446,0.9869537949562073,0.013046205043792725,1.2931337356567383,0.02584708109498024,25,0.00029198902433877225
447,0.9875186085700989,0.012481391429901123,1.2800242900848389,0.025156820192933083,25,0.00029198902433877225
448,0.9868191480636597,0.013180851936340332,1.2987159490585327,0.026036202907562256,25,0.00029198902433877225
449,0.9871656894683838,0.012834310531616211,1.267311692237854,0.025379084050655365,25,0.00029198902433877225
450,0.98758465051651,0.01241534948348999,1.3114573955535889,0.025405768305063248,26,0.00027738957312183364
451,0.9874874353408813,0.012512564659118652,1.28538179397583,0.02524125576019287,26,0.00027738957312183364
452,0.9874844551086426,0.012515544891357422,1.3051666021347046,0.025442054495215416,26,0.00027738957312183364
453,0.9866148233413696,0.013385176658630371,1.3047220706939697,0.02629854530096054,26,0.00027738957312183364
454,0.9869322180747986,0.013067781925201416,1.302542805671692,0.025962531566619873,26,0.00027738957312183364
455,0.987217903137207,0.012782096862792969,1.2902867794036865,0.02555714175105095,26,0.00027738957312183364
456,0.9867134094238281,0.013286590576171875,1.3036842346191406,0.026190567761659622,26,0.00027738957312183364
457,0.9878719449043274,0.012128055095672607,1.2821613550186157,0.024828387424349785,26,0.00027738957312183364
458,0.9869300723075867,0.01306992769241333,1.2855397462844849,0.025794625282287598,26,0.00027738957312183364
459,0.9874863028526306,0.012513697147369385,1.2868074178695679,0.025256633758544922,26,0.00027738957312183364
460,0.9872002601623535,0.012799739837646484,1.316080093383789,0.025832543149590492,26,0.00027738957312183364
461,0.9876585602760315,0.012341439723968506,1.2917509078979492,0.02513553388416767,26,0.00027738957312183364
462,0.9874849915504456,0.012515008449554443,1.2683659791946411,0.025073517113924026,26,0.00027738957312183364
463,0.9872434735298157,0.012756526470184326,1.2882248163223267,0.025511208921670914,26,0.00027738957312183364
464,0.9878725409507751,0.012127459049224854,1.295588731765747,0.02496207132935524,26,0.00027738957312183364
465,0.987416684627533,0.012583315372467041,1.2855947017669678,0.025313429534435272,26,0.00027738957312183364
466,0.9865631461143494,0.013436853885650635,1.3037500381469727,0.02633998543024063,26,0.00027738957312183364
467,0.9874556064605713,0.012544393539428711,1.2705135345458984,0.02512408420443535,26,0.00027738957312183364
468,0.9874328970909119,0.012567102909088135,1.284727692604065,0.02528870850801468,27,0.0002635200944657419
469,0.9873564839363098,0.012643516063690186,1.2936123609542847,0.025453204289078712,27,0.0002635200944657419
470,0.9867236614227295,0.013276338577270508,1.290059208869934,0.026044167578220367,27,0.0002635200944657419
471,0.9876404404640198,0.012359559535980225,1.324599027633667,0.025481954216957092,27,0.0002635200944657419
472,0.9876493215560913,0.012350678443908691,1.2808172702789307,0.025035344064235687,27,0.0002635200944657419
473,0.9868375658988953,0.013162434101104736,1.3000949621200562,0.02603175863623619,27,0.0002635200944657419
474,0.9871731996536255,0.012826800346374512,1.291516900062561,0.025613700971007347,27,0.0002635200944657419
475,0.9867966175079346,0.01320338249206543,1.3025859594345093,0.026097208261489868,27,0.0002635200944657419
476,0.9873177409172058,0.01268225908279419,1.2926466464996338,0.025481902062892914,27,0.0002635200944657419
477,0.9876487851142883,0.01235121488571167,1.3018972873687744,0.025246676057577133,27,0.0002635200944657419
478,0.9868755340576172,0.013124465942382812,1.2959399223327637,0.025952620431780815,27,0.0002635200944657419
479,0.9879462718963623,0.012053728103637695,1.2652180194854736,0.02458536997437477,27,0.0002635200944657419
480,0.9874575138092041,0.012542486190795898,1.3113781213760376,0.025530841201543808,27,0.0002635200944657419
481,0.9877015352249146,0.01229846477508545,1.3008370399475098,0.025183849036693573,27,0.0002635200944657419
482,0.9873955249786377,0.012604475021362305,1.294643759727478,0.025424867868423462,27,0.0002635200944657419
483,0.9875054359436035,0.012494564056396484,1.28113853931427,0.025181002914905548,27,0.0002635200944657419
484,0.9872797727584839,0.012720227241516113,1.294359564781189,0.02553662098944187,27,0.0002635200944657419
485,0.9872152209281921,0.012784779071807861,1.3018853664398193,0.025675784796476364,27,0.0002635200944657419
486,0.9876708984375,0.0123291015625,1.2905166149139404,0.02511097490787506,28,0.0002503440897424548
487,0.9870985746383667,0.0129014253616333,1.270442008972168,0.025476831942796707,28,0.0002503440897424548
488,0.9872732758522034,0.01272672414779663,1.3002734184265137,0.02560219168663025,28,0.0002503440897424548
489,0.9874019026756287,0.012598097324371338,1.2880014181137085,0.025352131575345993,28,0.0002503440897424548
490,0.9872456192970276,0.012754380702972412,1.3119723796844482,0.025746561586856842,28,0.0002503440897424548
491,0.9873909950256348,0.012609004974365234,1.2889158725738525,0.02537207305431366,28,0.0002503440897424548
492,0.9872245192527771,0.0127754807472229,1.3083200454711914,0.025730926543474197,28,0.0002503440897424548
493,0.987358808517456,0.012641191482543945,1.2991496324539185,0.02550627663731575,28,0.0002503440897424548
494,0.9873803853988647,0.012619614601135254,1.2915366888046265,0.025408785790205002,28,0.0002503440897424548
495,0.9874343872070312,0.01256561279296875,1.281943440437317,0.025259390473365784,28,0.0002503440897424548
496,0.9873905777931213,0.012609422206878662,1.2942484617233276,0.025425812229514122,28,0.0002503440897424548
497,0.9873252511024475,0.01267474889755249,1.284065842628479,0.02538865990936756,28,0.0002503440897424548
498,0.9876671433448792,0.01233285665512085,1.3114643096923828,0.025324169546365738,28,0.0002503440897424548
499,0.9881125688552856,0.011887431144714355,1.294319748878479,0.02471175417304039,28,0.0002503440897424548
500,0.987339198589325,0.012660801410675049,1.2914525270462036,0.025448719039559364,28,0.0002503440897424548
501,0.9871371388435364,0.012862861156463623,1.3007092475891113,0.025741323828697205,28,0.0002503440897424548
502,0.9866056442260742,0.013394355773925781,1.2940164804458618,0.02620057761669159,28,0.0002503440897424548
503,0.9882078766822815,0.011792123317718506,1.2604234218597412,0.024278435856103897,28,0.0002503440897424548
504,0.9873265027999878,0.012673497200012207,1.2898458242416382,0.02544521912932396,29,0.00023782688525533205
505,0.9877395629882812,0.01226043701171875,1.2988531589508057,0.025126364082098007,29,0.00023782688525533205
506,0.9876850247383118,0.012314975261688232,1.292092204093933,0.02511274814605713,29,0.00023782688525533205
507,0.987366259098053,0.012633740901947021,1.2858566045761108,0.02536596916615963,29,0.00023782688525533205
508,0.987252414226532,0.012747585773468018,1.2763315439224243,0.025383424013853073,29,0.00023782688525533205
509,0.9876168966293335,0.012383103370666504,1.2861599922180176,0.025120873004198074,29,0.00023782688525533205
510,0.9870051741600037,0.012994825839996338,1.2823443412780762,0.02568832039833069,29,0.00023782688525533205
511,0.9870786070823669,0.012921392917633057,1.2927391529083252,0.025719571858644485,29,0.00023782688525533205
512,0.9876564741134644,0.012343525886535645,1.3142962455749512,0.025363054126501083,29,0.00023782688525533205
513,0.9871466755867004,0.01285332441329956,1.2911181449890137,0.0256359726190567,29,0.00023782688525533205
514,0.9872941970825195,0.012705802917480469,1.294684648513794,0.025525592267513275,29,0.00023782688525533205
515,0.9876177906990051,0.012382209300994873,1.304081916809082,0.025299206376075745,29,0.00023782688525533205
516,0.9874500036239624,0.012549996376037598,1.3006644248962402,0.025431141257286072,29,0.00023782688525533205
517,0.9873809814453125,0.0126190185546875,1.2980667352676392,0.025473494082689285,29,0.00023782688525533205
518,0.9871469736099243,0.012853026390075684,1.2812085151672363,0.025536581873893738,29,0.00023782688525533205
519,0.9876748919487,0.012325108051300049,1.2892427444458008,0.025094283744692802,29,0.00023782688525533205
520,0.9873253107070923,0.012674689292907715,1.2949784994125366,0.02549772709608078,29,0.00023782688525533205
521,0.9873366951942444,0.012663304805755615,1.3120231628417969,0.02565690316259861,29,0.00023782688525533205
522,0.9872196316719055,0.012780368328094482,1.2874579429626465,0.025527143850922585,30,0.00022593554099256544
523,0.987112820148468,0.012887179851531982,1.291818618774414,0.025676492601633072,30,0.00022593554099256544
524,0.9878522753715515,0.012147724628448486,1.2924410104751587,0.024950657039880753,30,0.00022593554099256544
525,0.9871461987495422,0.012853801250457764,1.2993286848068237,0.025718549266457558,30,0.00022593554099256544
526,0.987371027469635,0.01262897253036499,1.285305380821228,0.025355737656354904,30,0.00022593554099256544
527,0.987638533115387,0.012361466884613037,1.3068883419036865,0.025306735187768936,30,0.00022593554099256544
528,0.9876803159713745,0.012319684028625488,1.3211543560028076,0.025408031418919563,30,0.00022593554099256544
529,0.987011730670929,0.012988269329071045,1.299614429473877,0.025854531675577164,30,0.00022593554099256544
530,0.9868513941764832,0.013148605823516846,1.3014822006225586,0.026031941175460815,30,0.00022593554099256544
531,0.987551212310791,0.012448787689208984,1.2869629859924316,0.02519392967224121,30,0.00022593554099256544
532,0.9875178933143616,0.012482106685638428,1.2935891151428223,0.025293176993727684,30,0.00022593554099256544
533,0.9879871606826782,0.012012839317321777,1.2762527465820312,0.024655237793922424,30,0.00022593554099256544
534,0.9872490167617798,0.012750983238220215,1.2920328378677368,0.025543801486492157,30,0.00022593554099256544
535,0.987393856048584,0.012606143951416016,1.28813636302948,0.025361446663737297,30,0.00022593554099256544
536,0.9875990748405457,0.012400925159454346,1.297728180885315,0.025254197418689728,30,0.00022593554099256544
537,0.9877438545227051,0.012256145477294922,1.2908958196640015,0.025042541325092316,30,0.00022593554099256544
538,0.9877110123634338,0.012288987636566162,1.2764266729354858,0.02493036538362503,30,0.00022593554099256544
539,0.9872620105743408,0.01273798942565918,1.2843753099441528,0.025454362854361534,30,0.00022593554099256544
540,0.9876127243041992,0.012387275695800781,1.3033145666122437,0.025296548381447792,31,0.00021463876394293716
541,0.9870570302009583,0.012942969799041748,1.312373161315918,0.025937270373106003,31,0.00021463876394293716
542,0.9875503778457642,0.01244962215423584,1.2869056463241577,0.025194182991981506,31,0.00021463876394293716
543,0.9870527386665344,0.012947261333465576,1.2977126836776733,0.025794915854930878,31,0.00021463876394293716
544,0.9877102375030518,0.012289762496948242,1.2869263887405396,0.025036130100488663,31,0.00021463876394293716
545,0.9871097803115845,0.012890219688415527,1.3217984437942505,0.0259793009608984,31,0.00021463876394293716
546,0.9877986311912537,0.012201368808746338,1.3105669021606445,0.025185024365782738,31,0.00021463876394293716
547,0.9877783060073853,0.012221693992614746,1.276327133178711,0.02486274763941765,31,0.00021463876394293716
548,0.987663209438324,0.012336790561676025,1.2816758155822754,0.02503018081188202,31,0.00021463876394293716
549,0.9876207113265991,0.012379288673400879,1.273800015449524,0.024993496015667915,31,0.00021463876394293716
550,0.9870432019233704,0.012956798076629639,1.294964075088501,0.025776870548725128,31,0.00021463876394293716
551,0.9872843623161316,0.012715637683868408,1.3092046976089478,0.025680527091026306,31,0.00021463876394293716
552,0.9877725839614868,0.012227416038513184,1.2832852602005005,0.02493799477815628,31,0.00021463876394293716
553,0.987409234046936,0.012590765953063965,1.280443549156189,0.025269294157624245,31,0.00021463876394293716
554,0.9868767857551575,0.01312321424484253,1.286918044090271,0.025861162692308426,31,0.00021463876394293716
555,0.9874444007873535,0.012555599212646484,1.2838523387908936,0.025268565863370895,31,0.00021463876394293716
556,0.987953782081604,0.012046217918395996,1.2699761390686035,0.024625517427921295,31,0.00021463876394293716
557,0.9878363013267517,0.012163698673248291,1.300083875656128,0.025042898952960968,31,0.00021463876394293716
558,0.9875456690788269,0.012454330921173096,1.2855329513549805,0.0251851174980402,32,0.0002039068257457903
559,0.9875943660736084,0.012405633926391602,1.286682367324829,0.02514840103685856,32,0.0002039068257457903
560,0.987610936164856,0.012389063835144043,1.2785484790802002,0.025050658732652664,32,0.0002039068257457903
561,0.9880081415176392,0.01199185848236084,1.2958118915557861,0.024830058217048645,32,0.0002039068257457903
562,0.9872797131538391,0.012720286846160889,1.2948204278945923,0.025541286915540695,32,0.0002039068257457903
563,0.987746000289917,0.012253999710083008,1.2827578783035278,0.024959038943052292,32,0.0002039068257457903
564,0.9871512055397034,0.01284879446029663,1.306614637374878,0.025786451995372772,32,0.0002039068257457903
565,0.987211287021637,0.012788712978363037,1.2903987169265747,0.025564812123775482,32,0.0002039068257457903
566,0.9876675009727478,0.012332499027252197,1.2915579080581665,0.025124752894043922,32,0.0002039068257457903
567,0.9873310327529907,0.012668967247009277,1.2997874021530151,0.025540150701999664,32,0.0002039068257457903
568,0.9871461987495422,0.012853801250457764,1.2951112985610962,0.02567637525498867,32,0.0002039068257457903
569,0.9873530864715576,0.012646913528442383,1.2840261459350586,0.025360705330967903,32,0.0002039068257457903
570,0.9878175854682922,0.012182414531707764,1.2899504899978638,0.024960095062851906,32,0.0002039068257457903
571,0.9875845909118652,0.012415409088134766,1.2988890409469604,0.025280145928263664,32,0.0002039068257457903
572,0.9880611300468445,0.011938869953155518,1.2851163148880005,0.024670643731951714,32,0.0002039068257457903
573,0.9872791767120361,0.012720823287963867,1.320296049118042,0.025796575471758842,32,0.0002039068257457903
574,0.987038254737854,0.012961745262145996,1.2909523248672485,0.02574165165424347,32,0.0002039068257457903
575,0.9875748157501221,0.01242518424987793,1.2584152221679688,0.024885084480047226,32,0.0002039068257457903
576,0.9872567653656006,0.012743234634399414,1.28597092628479,0.025475511327385902,33,0.00019371148445850077
577,0.9872804880142212,0.012719511985778809,1.3030471801757812,0.025622788816690445,33,0.00019371148445850077
578,0.9873151779174805,0.012684822082519531,1.2822171449661255,0.025380145758390427,33,0.00019371148445850077
579,0.9876804351806641,0.012319564819335938,1.2969276905059814,0.025165647268295288,33,0.00019371148445850077
580,0.9874697923660278,0.012530207633972168,1.2759164571762085,0.02516406960785389,33,0.00019371148445850077
581,0.9876696467399597,0.012330353260040283,1.2931172847747803,0.02513822168111801,33,0.00019371148445850077
582,0.9881041049957275,0.011895895004272461,1.2917606830596924,0.024694543331861496,33,0.00019371148445850077
583,0.9872081279754639,0.012791872024536133,1.3063617944717407,0.025727570056915283,33,0.00019371148445850077
584,0.9875739216804504,0.01242607831954956,1.2802907228469849,0.025104723870754242,33,0.00019371148445850077
585,0.9876785278320312,0.01232147216796875,1.2980854511260986,0.02517911046743393,33,0.00019371148445850077
586,0.9870595932006836,0.012940406799316406,1.2998212575912476,0.025809215381741524,33,0.00019371148445850077
587,0.9881269335746765,0.011873066425323486,1.286851406097412,0.024622850120067596,33,0.00019371148445850077
588,0.9879340529441833,0.01206594705581665,1.279965877532959,0.024744946509599686,33,0.00019371148445850077
589,0.9871178865432739,0.012882113456726074,1.3112268447875977,0.02586556039750576,33,0.00019371148445850077
590,0.9876319766044617,0.01236802339553833,1.2811291217803955,0.02505563385784626,33,0.00019371148445850077
591,0.9875678420066833,0.01243215799331665,1.2937507629394531,0.025245344266295433,33,0.00019371148445850077
592,0.9873651266098022,0.012634873390197754,1.2899304628372192,0.025407828390598297,33,0.00019371148445850077
593,0.987117350101471,0.012882649898529053,1.3017386198043823,0.025771209970116615,33,0.00019371148445850077
594,0.9874188303947449,0.012581169605255127,1.3045843839645386,0.025501202791929245,34,0.00018402591023557573
595,0.9875079393386841,0.012492060661315918,1.2953370809555054,0.02532051131129265,34,0.00018402591023557573
596,0.9873444437980652,0.012655556201934814,1.291597604751587,0.02544497698545456,34,0.00018402591023557573
597,0.9876039028167725,0.012396097183227539,1.2711175680160522,0.02498331293463707,34,0.00018402591023557573
598,0.9873725771903992,0.01262742280960083,1.2899219989776611,0.025400368496775627,34,0.00018402591023557573
599,0.9870293140411377,0.012970685958862305,1.3005143404006958,0.025846121832728386,34,0.00018402591023557573
600,0.9874412417411804,0.01255875825881958,1.2797596454620361,0.025230765342712402,34,0.00018402591023557573
601,0.987707793712616,0.012292206287384033,1.2960883378982544,0.025130167603492737,34,0.00018402591023557573
602,0.9880818724632263,0.011918127536773682,1.2628941535949707,0.024427887052297592,34,0.00018402591023557573
603,0.9882144331932068,0.011785566806793213,1.2911460399627686,0.02457917109131813,34,0.00018402591023557573
604,0.9876548647880554,0.01234513521194458,1.2823889255523682,0.025045573711395264,34,0.00018402591023557573
605,0.9873629212379456,0.012637078762054443,1.303709864616394,0.025547806173563004,34,0.00018402591023557573
606,0.9876948595046997,0.012305140495300293,1.2895514965057373,0.02507760375738144,34,0.00018402591023557573
607,0.9870344996452332,0.012965500354766846,1.3088009357452393,0.02592385560274124,34,0.00018402591023557573
608,0.9872375726699829,0.01276242733001709,1.2949492931365967,0.025584295392036438,34,0.00018402591023557573
609,0.9878215193748474,0.012178480625152588,1.2924549579620361,0.024981245398521423,34,0.00018402591023557573
610,0.9874858856201172,0.012514114379882812,1.3045905828475952,0.02543487772345543,34,0.00018402591023557573
611,0.9879352450370789,0.012064754962921143,1.2987399101257324,0.02493150532245636,34,0.00018402591023557573
612,0.9875890016555786,0.012410998344421387,1.280426025390625,0.025091148912906647,35,0.00017482461472379692
613,0.9873960614204407,0.012603938579559326,1.2994012832641602,0.02547191083431244,35,0.00017482461472379692
614,0.987901508808136,0.012098491191864014,1.2718898057937622,0.024696404114365578,35,0.00017482461472379692
615,0.9876586198806763,0.01234138011932373,1.2773147821426392,0.02499111369252205,35,0.00017482461472379692
616,0.9874407052993774,0.012559294700622559,1.2881767749786377,0.02531546913087368,35,0.00017482461472379692
617,0.9875774383544922,0.012422561645507812,1.296071171760559,0.025259047746658325,35,0.00017482461472379692
618,0.9867410063743591,0.01325899362564087,1.2932355403900146,0.026058759540319443,35,0.00017482461472379692
619,0.9873823523521423,0.012617647647857666,1.299186110496521,0.025483332574367523,35,0.00017482461472379692
620,0.9871851801872253,0.012814819812774658,1.2902449369430542,0.025589119642972946,35,0.00017482461472379692
621,0.9875398874282837,0.012460112571716309,1.3070091009140015,0.025405602529644966,35,0.00017482461472379692
622,0.9879764914512634,0.012023508548736572,1.2993663549423218,0.024896938353776932,35,0.00017482461472379692
623,0.9873093962669373,0.012690603733062744,1.2923552989959717,0.025487251579761505,35,0.00017482461472379692
624,0.9874712824821472,0.012528717517852783,1.2833240032196045,0.025236669927835464,35,0.00017482461472379692
625,0.9878303408622742,0.01216965913772583,1.284714698791504,0.024895109236240387,35,0.00017482461472379692
626,0.987860381603241,0.012139618396759033,1.2969831228256226,0.024988053366541862,35,0.00017482461472379692
627,0.987193763256073,0.012806236743927002,1.2915383577346802,0.025593556463718414,35,0.00017482461472379692
628,0.9884089827537537,0.011591017246246338,1.3017127513885498,0.024492233991622925,35,0.00017482461472379692
629,0.9875074028968811,0.012492597103118896,1.3016856908798218,0.025384526699781418,35,0.00017482461472379692
630,0.9874791502952576,0.012520849704742432,1.2933634519577026,0.02532927691936493,36,0.00016608338398760707
631,0.9875919222831726,0.012408077716827393,1.2775042057037354,0.025059038773179054,36,0.00016608338398760707
632,0.9873443245887756,0.012655675411224365,1.313779592514038,0.025666914880275726,36,0.00016608338398760707
633,0.9875799417495728,0.012420058250427246,1.2914824485778809,0.025210682302713394,36,0.00016608338398760707
634,0.987804114818573,0.012195885181427002,1.286070466041565,0.02493463084101677,36,0.00016608338398760707
635,0.9877316355705261,0.012268364429473877,1.2921768426895142,0.025067448616027832,36,0.00016608338398760707
636,0.9875622987747192,0.012437701225280762,1.2964088916778564,0.025277413427829742,36,0.00016608338398760707
637,0.9876550436019897,0.012344956398010254,1.2908527851104736,0.025130033493041992,36,0.00016608338398760707
638,0.9878106713294983,0.012189328670501709,1.2824989557266235,0.024892423301935196,36,0.00016608338398760707
639,0.987647294998169,0.012352705001831055,1.284929871559143,0.02507847547531128,36,0.00016608338398760707
640,0.9874934554100037,0.012506544589996338,1.3008157014846802,0.02538963593542576,36,0.00016608338398760707
641,0.9882720708847046,0.01172792911529541,1.2831244468688965,0.02444189414381981,36,0.00016608338398760707
642,0.9873654246330261,0.012634575366973877,1.2927947044372559,0.025436175987124443,36,0.00016608338398760707
643,0.9873487949371338,0.012651205062866211,1.2899748086929321,0.025424441322684288,36,0.00016608338398760707
644,0.9875035881996155,0.012496411800384521,1.283649206161499,0.025207940489053726,36,0.00016608338398760707
645,0.9871727228164673,0.012827277183532715,1.2773170471191406,0.02547217532992363,36,0.00016608338398760707
646,0.9873889088630676,0.012611091136932373,1.312608242034912,0.025611061602830887,36,0.00016608338398760707
647,0.9880312085151672,0.011968791484832764,1.287363886833191,0.024722741916775703,36,0.00016608338398760707
648,0.9877119064331055,0.012288093566894531,1.3057491779327393,0.02522270381450653,37,0.0001577792147882267
649,0.9876857995986938,0.012314200401306152,1.3030904531478882,0.025221962481737137,37,0.0001577792147882267
650,0.987502932548523,0.01249706745147705,1.2887356281280518,0.025259453803300858,37,0.0001577792147882267
651,0.9879038333892822,0.012096166610717773,1.2890944480895996,0.024866148829460144,37,0.0001577792147882267
652,0.9874747395515442,0.01252526044845581,1.3060483932495117,0.025460492819547653,37,0.0001577792147882267
653,0.9880306124687195,0.011969387531280518,1.2915884256362915,0.024765577167272568,37,0.0001577792147882267
654,0.9871943593025208,0.012805640697479248,1.2942185401916504,0.02561976946890354,37,0.0001577792147882267
655,0.9875251650810242,0.01247483491897583,1.2846747636795044,0.02519683539867401,37,0.0001577792147882267
656,0.9872732758522034,0.01272672414779663,1.2773592472076416,0.025373049080371857,37,0.0001577792147882267
657,0.9874278903007507,0.012572109699249268,1.284703016281128,0.025293417274951935,37,0.0001577792147882267
658,0.987485408782959,0.012514591217041016,1.2910734415054321,0.025300178676843643,37,0.0001577792147882267
659,0.9875876307487488,0.01241236925125122,1.2801332473754883,0.025089576840400696,37,0.0001577792147882267
660,0.988237738609314,0.011762261390686035,1.298809289932251,0.024632731452584267,37,0.0001577792147882267
661,0.987507164478302,0.012492835521697998,1.2883883714675903,0.02525179088115692,37,0.0001577792147882267
662,0.988044023513794,0.011955976486206055,1.2966406345367432,0.02480282261967659,37,0.0001577792147882267
663,0.9874565601348877,0.012543439865112305,1.2762854099273682,0.025180859491229057,37,0.0001577792147882267
664,0.9870231747627258,0.01297682523727417,1.2841001749038696,0.025688059628009796,37,0.0001577792147882267
665,0.9880000948905945,0.011999905109405518,1.2902945280075073,0.024782851338386536,37,0.0001577792147882267
666,0.9877061247825623,0.012293875217437744,1.2707173824310303,0.024878110736608505,38,0.00014989025404881537
667,0.9873810410499573,0.012618958950042725,1.284313440322876,0.025335904210805893,38,0.00014989025404881537
668,0.9878328442573547,0.012167155742645264,1.3107554912567139,0.025153039023280144,38,0.00014989025404881537
669,0.9873668551445007,0.012633144855499268,1.2937570810317993,0.025444384664297104,38,0.00014989025404881537
670,0.9880311489105225,0.011968851089477539,1.2954174280166626,0.024803336709737778,38,0.00014989025404881537
671,0.98790043592453,0.01209956407546997,1.3198987245559692,0.02517755515873432,38,0.00014989025404881537
672,0.98735111951828,0.01264888048171997,1.2982654571533203,0.025505047291517258,38,0.00014989025404881537
673,0.9877051115036011,0.012294888496398926,1.2787482738494873,0.024959422647953033,38,0.00014989025404881537
674,0.98763507604599,0.01236492395401001,1.2983498573303223,0.025224773213267326,38,0.00014989025404881537
675,0.987565279006958,0.012434720993041992,1.2975059747695923,0.02528543397784233,38,0.00014989025404881537
676,0.9870730042457581,0.012926995754241943,1.2976152896881104,0.025773879140615463,38,0.00014989025404881537
677,0.9873157143592834,0.012684285640716553,1.2769379615783691,0.025326821953058243,38,0.00014989025404881537
678,0.9876924753189087,0.012307524681091309,1.2792613506317139,0.02497706189751625,38,0.00014989025404881537
679,0.9878203272819519,0.012179672718048096,1.2776437997817993,0.024834314361214638,38,0.00014989025404881537
680,0.9877064824104309,0.012293517589569092,1.2822977304458618,0.02499355934560299,38,0.00014989025404881537
681,0.9874364733695984,0.012563526630401611,1.289219617843628,0.025330087170004845,38,0.00014989025404881537
682,0.9877270460128784,0.012272953987121582,1.271609902381897,0.024866323918104172,38,0.00014989025404881537
683,0.9878206253051758,0.012179374694824219,1.3111755847930908,0.025169335305690765,38,0.00014989025404881537
684,0.9878904819488525,0.012109518051147461,1.2659409046173096,0.024647831916809082,39,0.00014239574134637458
685,0.9876594543457031,0.012340545654296875,1.3168656826019287,0.025385797023773193,39,0.00014239574134637458
686,0.9882164597511292,0.01178354024887085,1.2763986587524414,0.024429690092802048,39,0.00014239574134637458
687,0.9873530864715576,0.012646913528442383,1.294517159461975,0.02546561509370804,39,0.00014239574134637458
688,0.9871439337730408,0.012856066226959229,1.2972841262817383,0.025700345635414124,39,0.00014239574134637458
689,0.9874325394630432,0.012567460536956787,1.2915364503860474,0.02535714954137802,39,0.00014239574134637458
690,0.9875741004943848,0.012425899505615234,1.288529634475708,0.025186937302350998,39,0.00014239574134637458
691,0.9876161217689514,0.012383878231048584,1.2963672876358032,0.025223711505532265,39,0.00014239574134637458
692,0.9875006079673767,0.012499392032623291,1.2909033298492432,0.025283431634306908,39,0.00014239574134637458
693,0.9876800775527954,0.01231992244720459,1.302730917930603,0.025224031880497932,39,0.00014239574134637458
694,0.9875227808952332,0.012477219104766846,1.297182559967041,0.025324271991848946,39,0.00014239574134637458
695,0.9878633618354797,0.012136638164520264,1.290766716003418,0.024922939017415047,39,0.00014239574134637458
696,0.9875245094299316,0.01247549057006836,1.301795244216919,0.025368688628077507,39,0.00014239574134637458
697,0.9879127144813538,0.01208728551864624,1.2799017429351807,0.02476543001830578,39,0.00014239574134637458
698,0.9877563714981079,0.01224362850189209,1.270432472229004,0.02482551708817482,39,0.00014239574134637458
699,0.9871289730072021,0.012871026992797852,1.2919535636901855,0.025661852210760117,39,0.00014239574134637458
700,0.9878048896789551,0.012195110321044922,1.2801698446273804,0.024874858558177948,39,0.00014239574134637458
701,0.9878019690513611,0.012198030948638916,1.3184232711791992,0.025260284543037415,39,0.00014239574134637458
702,0.9873543977737427,0.012645602226257324,1.3018507957458496,0.025537654757499695,40,0.00013527595427905584
703,0.9881046414375305,0.011895358562469482,1.2738181352615356,0.024514585733413696,40,0.00013527595427905584
704,0.9873735308647156,0.012626469135284424,1.2924175262451172,0.025424379855394363,40,0.00013527595427905584
705,0.9877685308456421,0.01223146915435791,1.294890284538269,0.02505805715918541,40,0.00013527595427905584
706,0.9880867004394531,0.011913299560546875,1.2905957698822021,0.024700123816728592,40,0.00013527595427905584
707,0.9877086877822876,0.012291312217712402,1.276719570159912,0.02493559569120407,40,0.00013527595427905584
708,0.9874632954597473,0.012536704540252686,1.3036361932754517,0.025447700172662735,40,0.00013527595427905584
709,0.9873393774032593,0.012660622596740723,1.2987568378448486,0.02552158385515213,40,0.00013527595427905584
710,0.9879162907600403,0.012083709239959717,1.286004662513733,0.024822918698191643,40,0.00013527595427905584
711,0.987837016582489,0.012162983417510986,1.2861192226409912,0.024902544915676117,40,0.00013527595427905584
712,0.9874114394187927,0.012588560581207275,1.2944692373275757,0.025407366454601288,40,0.00013527595427905584
713,0.9877659678459167,0.012234032154083252,1.2702020406723022,0.024813711643218994,40,0.00013527595427905584
714,0.9872997999191284,0.012700200080871582,1.2972782850265503,0.025545980781316757,40,0.00013527595427905584
715,0.9877701997756958,0.0122298002243042,1.279363989830017,0.024901142343878746,40,0.00013527595427905584
716,0.987602949142456,0.012397050857543945,1.3011631965637207,0.02528471127152443,40,0.00013527595427905584
717,0.987399160861969,0.012600839138031006,1.28946053981781,0.02536943554878235,40,0.00013527595427905584
718,0.9881117939949036,0.011888206005096436,1.294437050819397,0.02471369504928589,40,0.00013527595427905584
719,0.9865939617156982,0.013406038284301758,1.3072177171707153,0.02634415403008461,40,0.00013527595427905584
720,0.9879811406135559,0.012018859386444092,1.294853925704956,0.024847209453582764,41,0.00012851215656510304
721,0.9874639511108398,0.012536048889160156,1.2844256162643433,0.02525494433939457,41,0.00012851215656510304
722,0.9880874752998352,0.011912524700164795,1.2918879985809326,0.024712279438972473,41,0.00012851215656510304
723,0.9878676533699036,0.012132346630096436,1.2832250595092773,0.02484327368438244,41,0.00012851215656510304
724,0.9873390793800354,0.0126609206199646,1.2806923389434814,0.025341235101222992,41,0.00012851215656510304
725,0.9874246120452881,0.012575387954711914,1.2925915718078613,0.025375548750162125,41,0.00012851215656510304
726,0.9872564673423767,0.012743532657623291,1.3037946224212646,0.02565404400229454,41,0.00012851215656510304
727,0.987784206867218,0.012215793132781982,1.2730774879455566,0.024824410676956177,41,0.00012851215656510304
728,0.9873217344284058,0.012678265571594238,1.2870752811431885,0.02542223408818245,41,0.00012851215656510304
729,0.9875328540802002,0.012467145919799805,1.2875425815582275,0.025217900052666664,41,0.00012851215656510304
730,0.9875122308731079,0.01248776912689209,1.3111217021942139,0.02547410875558853,41,0.00012851215656510304
731,0.9876484274864197,0.012351572513580322,1.279967188835144,0.02502772957086563,41,0.00012851215656510304
732,0.9877589344978333,0.012241065502166748,1.314584493637085,0.025264499709010124,41,0.00012851215656510304
733,0.9878695607185364,0.012130439281463623,1.2868717908859253,0.02487785369157791,41,0.00012851215656510304
734,0.9875968098640442,0.01240319013595581,1.2916725873947144,0.025195883587002754,41,0.00012851215656510304
735,0.9875943660736084,0.012405633926391602,1.2910311222076416,0.025191888213157654,41,0.00012851215656510304
736,0.9881941676139832,0.011805832386016846,1.2806570529937744,0.024494344368577003,41,0.00012851215656510304
737,0.9874252676963806,0.012574732303619385,1.2767865657806396,0.025216851383447647,41,0.00012851215656510304
738,0.9876241087913513,0.012375891208648682,1.292281150817871,0.0251749437302351,42,0.00012208654873684788
739,0.9878765940666199,0.012123405933380127,1.2788286209106445,0.024790458381175995,42,0.00012208654873684788
740,0.9876695275306702,0.012330472469329834,1.2881205081939697,0.025088373571634293,42,0.00012208654873684788
741,0.9880692958831787,0.011930704116821289,1.2717950344085693,0.02452934719622135,42,0.00012208654873684788
742,0.9881453514099121,0.01185464859008789,1.2881003618240356,0.024617105722427368,42,0.00012208654873684788
743,0.9869857430458069,0.013014256954193115,1.2968794107437134,0.025852907449007034,42,0.00012208654873684788
744,0.9872979521751404,0.01270204782485962,1.2902158498764038,0.02547718584537506,42,0.00012208654873684788
745,0.9879326820373535,0.012067317962646484,1.2875126600265503,0.024821771308779716,42,0.00012208654873684788
746,0.9875926971435547,0.012407302856445312,1.3040151596069336,0.025323381647467613,42,0.00012208654873684788
747,0.9871060848236084,0.012893915176391602,1.2901456356048584,0.025666432455182076,42,0.00012208654873684788
748,0.9874998331069946,0.012500166893005371,1.297231912612915,0.025347484275698662,42,0.00012208654873684788
749,0.9878033995628357,0.012196600437164307,1.2994294166564941,0.02506892755627632,42,0.00012208654873684788
750,0.9876149296760559,0.012385070323944092,1.292331576347351,0.02518453449010849,42,0.00012208654873684788
751,0.9882246255874634,0.011775374412536621,1.2815308570861816,0.024472929537296295,42,0.00012208654873684788
752,0.9873539805412292,0.012646019458770752,1.2779812812805176,0.025299372151494026,42,0.00012208654873684788
753,0.987532377243042,0.012467622756958008,1.2942347526550293,0.02528529427945614,42,0.00012208654873684788
754,0.9876291751861572,0.012370824813842773,1.3026469945907593,0.025273585692048073,42,0.00012208654873684788
755,0.988243043422699,0.011756956577301025,1.2740731239318848,0.024380117654800415,42,0.00012208654873684788
756,0.9872562289237976,0.012743771076202393,1.3123432397842407,0.025739766657352448,43,0.00011598222130000548
757,0.987713634967804,0.012286365032196045,1.3153430223464966,0.025316931307315826,43,0.00011598222130000548
758,0.9876562356948853,0.012343764305114746,1.2895503044128418,0.025115828961133957,43,0.00011598222130000548
759,0.9874716997146606,0.012528300285339355,1.2987576723098755,0.025390595197677612,43,0.00011598222130000548
760,0.9879239797592163,0.012076020240783691,1.2924113273620605,0.024879373610019684,43,0.00011598222130000548
761,0.9875983595848083,0.01240164041519165,1.2819385528564453,0.025097008794546127,43,0.00011598222130000548
762,0.9875889420509338,0.012411057949066162,1.2720723152160645,0.025007668882608414,43,0.00011598222130000548
763,0.9876266717910767,0.01237332820892334,1.286418080329895,0.025113776326179504,43,0.00011598222130000548
764,0.9872282147407532,0.012771785259246826,1.2784061431884766,0.025428127497434616,43,0.00011598222130000548
765,0.9876176118850708,0.0123823881149292,1.2804348468780518,0.025062911212444305,43,0.00011598222130000548
766,0.9883230924606323,0.011676907539367676,1.2737059593200684,0.02429719641804695,43,0.00011598222130000548
767,0.987895667552948,0.012104332447052002,1.2785342931747437,0.024768631905317307,43,0.00011598222130000548
768,0.987530529499054,0.012469470500946045,1.2821097373962402,0.025165872648358345,43,0.00011598222130000548
769,0.9875956177711487,0.012404382228851318,1.2880104780197144,0.025160443037748337,43,0.00011598222130000548
770,0.9882485270500183,0.01175147294998169,1.2908943891525269,0.024542901664972305,43,0.00011598222130000548
771,0.9877296090126038,0.01227039098739624,1.2971075773239136,0.025118762627243996,43,0.00011598222130000548
772,0.9873933792114258,0.012606620788574219,1.3078500032424927,0.02555905468761921,43,0.00011598222130000548
773,0.9876179099082947,0.012382090091705322,1.3013802766799927,0.025272071361541748,43,0.00011598222130000548
774,0.9881349205970764,0.011865079402923584,1.2672719955444336,0.0244191475212574,44,0.00011018311023500519
775,0.9877651333808899,0.012234866619110107,1.284955620765686,0.02496207505464554,44,0.00011018311023500519
776,0.9880027174949646,0.0119972825050354,1.3001455068588257,0.024878764525055885,44,0.00011018311023500519
777,0.987418532371521,0.012581467628479004,1.2923578023910522,0.025379231199622154,44,0.00011018311023500519
778,0.9873802065849304,0.01261979341506958,1.2972763776779175,0.02546636015176773,44,0.00011018311023500519
779,0.9878457188606262,0.01215428113937378,1.2797558307647705,0.024830296635627747,44,0.00011018311023500519
780,0.9880385398864746,0.01196146011352539,1.2839698791503906,0.024681543931365013,44,0.00011018311023500519
781,0.9877813458442688,0.012218654155731201,1.3046586513519287,0.025143053382635117,44,0.00011018311023500519
782,0.9878739714622498,0.012126028537750244,1.2766354084014893,0.02477112226188183,44,0.00011018311023500519
783,0.9878208637237549,0.012179136276245117,1.2869324684143066,0.024926669895648956,44,0.00011018311023500519
784,0.9873520731925964,0.012647926807403564,1.2934150695800781,0.025455597788095474,44,0.00011018311023500519
785,0.9877454042434692,0.012254595756530762,1.306736946105957,0.025199418887495995,44,0.00011018311023500519
786,0.9875536561012268,0.012446343898773193,1.2953003644943237,0.025274883955717087,44,0.00011018311023500519
787,0.9874767661094666,0.012523233890533447,1.2961359024047852,0.02535936050117016,44,0.00011018311023500519
788,0.9880949854850769,0.011905014514923096,1.2824018001556396,0.02460998296737671,44,0.00011018311023500519
789,0.987601101398468,0.012398898601531982,1.2798305749893188,0.02507321536540985,44,0.00011018311023500519
790,0.9867909550666809,0.013209044933319092,1.2919937372207642,0.025996891781687737,44,0.00011018311023500519
791,0.9873057007789612,0.012694299221038818,1.305660605430603,0.02562396228313446,44,0.00011018311023500519
792,0.9876741766929626,0.012325823307037354,1.2856807708740234,0.025059372186660767,45,0.00010467395472325493
793,0.9881411194801331,0.011858880519866943,1.2789363861083984,0.024529654532670975,45,0.00010467395472325493
794,0.9875667691230774,0.012433230876922607,1.2986092567443848,0.025294989347457886,45,0.00010467395472325493
795,0.987836480140686,0.012163519859313965,1.2874197959899902,0.024916082620620728,45,0.00010467395472325493
796,0.9876399636268616,0.012360036373138428,1.306439995765686,0.025300834327936172,45,0.00010467395472325493
797,0.9876298904418945,0.012370109558105469,1.2899852991104126,0.025146260857582092,45,0.00010467395472325493
798,0.9875977635383606,0.012402236461639404,1.2946757078170776,0.025224970653653145,45,0.00010467395472325493
799,0.9878414869308472,0.012158513069152832,1.29829740524292,0.025019902735948563,45,0.00010467395472325493
800,0.9878948330879211,0.012105166912078857,1.2800532579421997,0.024784646928310394,45,0.00010467395472325493
801,0.9878032207489014,0.012196779251098633,1.2944271564483643,0.0250190831720829,45,0.00010467395472325493
802,0.9874998331069946,0.012500166893005371,1.30888032913208,0.025463968515396118,45,0.00010467395472325493
803,0.9874786734580994,0.012521326541900635,1.2897690534591675,0.025293802842497826,45,0.00010467395472325493
804,0.9874359965324402,0.012564003467559814,1.2802728414535522,0.02524109184741974,45,0.00010467395472325493
805,0.9876616597175598,0.012338340282440186,1.2875666618347168,0.025090623646974564,45,0.00010467395472325493
806,0.9878270030021667,0.012172996997833252,1.2720420360565186,0.024771686643362045,45,0.00010467395472325493
807,0.9874952435493469,0.012504756450653076,1.2799761295318604,0.02517946995794773,45,0.00010467395472325493
808,0.9877433180809021,0.0122566819190979,1.290043830871582,0.025034554302692413,45,0.00010467395472325493
809,0.9874794483184814,0.012520551681518555,1.2840278148651123,0.025235623121261597,45,0.00010467395472325493
810,0.9871231913566589,0.012876808643341064,1.289597511291504,0.02564401552081108,46,9.944025698709218e-05
811,0.9876781105995178,0.012321889400482178,1.2820489406585693,0.02501915954053402,46,9.944025698709218e-05
812,0.9878233075141907,0.012176692485809326,1.301190733909607,0.025066833943128586,46,9.944025698709218e-05
813,0.9877299666404724,0.012270033359527588,1.2875031232833862,0.025022365152835846,46,9.944025698709218e-05
814,0.9883514046669006,0.011648595333099365,1.2682198286056519,0.024214306846261024,46,9.944025698709218e-05
815,0.9880620241165161,0.011937975883483887,1.29097318649292,0.024728327989578247,46,9.944025698709218e-05
816,0.9872562289237976,0.012743771076202393,1.2897439002990723,0.025513771921396255,46,9.944025698709218e-05
817,0.9872181415557861,0.012781858444213867,1.303856611251831,0.02569260448217392,46,9.944025698709218e-05
818,0.9870611429214478,0.012938857078552246,1.29246187210083,0.025734085589647293,46,9.944025698709218e-05
819,0.98757404088974,0.01242595911026001,1.2861119508743286,0.025162819772958755,46,9.944025698709218e-05
820,0.9878141283988953,0.012185871601104736,1.2928149700164795,0.024992162361741066,46,9.944025698709218e-05
821,0.9878823757171631,0.012117624282836914,1.280367136001587,0.024800118058919907,46,9.944025698709218e-05
822,0.9878672361373901,0.012132763862609863,1.30732262134552,0.025084663182497025,46,9.944025698709218e-05
823,0.987684965133667,0.012315034866333008,1.2749394178390503,0.024941276758909225,46,9.944025698709218e-05
824,0.987876296043396,0.012123703956604004,1.2993578910827637,0.024996045976877213,46,9.944025698709218e-05
825,0.9876394271850586,0.012360572814941406,1.2765429019927979,0.02500239573419094,46,9.944025698709218e-05
826,0.9880005121231079,0.01199948787689209,1.3022936582565308,0.024902429431676865,46,9.944025698709218e-05
827,0.9881605505943298,0.011839449405670166,1.2825946807861328,0.024547001346945763,46,9.944025698709218e-05
828,0.9877731204032898,0.012226879596710205,1.2708418369293213,0.024813029915094376,47,9.446824413773756e-05
829,0.9877237677574158,0.012276232242584229,1.284318208694458,0.024996651336550713,47,9.446824413773756e-05
830,0.9874589443206787,0.012541055679321289,1.283760905265808,0.025253254920244217,47,9.446824413773756e-05
831,0.9872803688049316,0.01271963119506836,1.29817795753479,0.0255742147564888,47,9.446824413773756e-05
832,0.9880878925323486,0.011912107467651367,1.2782000303268433,0.024574987590312958,47,9.446824413773756e-05
833,0.9871748089790344,0.012825191020965576,1.2967677116394043,0.025664616376161575,47,9.446824413773756e-05
834,0.9878981113433838,0.012101888656616211,1.2913808822631836,0.024894677102565765,47,9.446824413773756e-05
835,0.9877732992172241,0.012226700782775879,1.2898876667022705,0.025003310292959213,47,9.446824413773756e-05
836,0.9877464175224304,0.01225358247756958,1.3073773384094238,0.025204818695783615,47,9.446824413773756e-05
837,0.9873582124710083,0.0126417875289917,1.2957745790481567,0.025473114103078842,47,9.446824413773756e-05
838,0.987806499004364,0.012193500995635986,1.2745205163955688,0.02481677010655403,47,9.446824413773756e-05
839,0.9881318211555481,0.011868178844451904,1.2853868007659912,0.02460336498916149,47,9.446824413773756e-05
840,0.9874594211578369,0.012540578842163086,1.3038840293884277,0.025454014539718628,47,9.446824413773756e-05
841,0.9881252646446228,0.011874735355377197,1.290724515914917,0.024663232266902924,47,9.446824413773756e-05
842,0.9876141548156738,0.012385845184326172,1.2710332870483398,0.02497231960296631,47,9.446824413773756e-05
843,0.98808753490448,0.01191246509552002,1.3088865280151367,0.024882204830646515,47,9.446824413773756e-05
844,0.987808108329773,0.01219189167022705,1.2828096151351929,0.024898068979382515,47,9.446824413773756e-05
845,0.9867797493934631,0.013220250606536865,1.304837703704834,0.026136424392461777,47,9.446824413773756e-05
846,0.987730085849762,0.012269914150238037,1.2962127923965454,0.025109343230724335,48,8.974483193085068e-05
847,0.9876958131790161,0.012304186820983887,1.2983126640319824,0.025164272636175156,48,8.974483193085068e-05
848,0.9872487187385559,0.012751281261444092,1.3113549947738647,0.025737319141626358,48,8.974483193085068e-05
849,0.9876996874809265,0.012300312519073486,1.2996561527252197,0.025173870846629143,48,8.974483193085068e-05
850,0.9884877800941467,0.011512219905853271,1.2789702415466309,0.02418680116534233,48,8.974483193085068e-05
851,0.9875833988189697,0.012416601181030273,1.2927908897399902,0.025220343843102455,48,8.974483193085068e-05
852,0.9878993630409241,0.012100636959075928,1.2802889347076416,0.024782519787549973,48,8.974483193085068e-05
853,0.9881677031517029,0.01183229684829712,1.2844228744506836,0.02455820143222809,48,8.974483193085068e-05
854,0.9872750639915466,0.01272493600845337,1.2965805530548096,0.025563491508364677,48,8.974483193085068e-05
855,0.9872451424598694,0.012754857540130615,1.2841426134109497,0.025468735024333,48,8.974483193085068e-05
856,0.9878595471382141,0.012140452861785889,1.298231840133667,0.025001365691423416,48,8.974483193085068e-05
857,0.9876936078071594,0.012306392192840576,1.2797820568084717,0.024981148540973663,48,8.974483193085068e-05
858,0.9879047274589539,0.012095272541046143,1.2748301029205322,0.024722620844841003,48,8.974483193085068e-05
859,0.9878031611442566,0.012196838855743408,1.2725554704666138,0.02480042539536953,48,8.974483193085068e-05
860,0.9872786998748779,0.01272130012512207,1.2934950590133667,0.025529038161039352,48,8.974483193085068e-05
861,0.9879145622253418,0.012085437774658203,1.281346321105957,0.02477804571390152,48,8.974483193085068e-05
862,0.9877726435661316,0.012227356433868408,1.2962710857391357,0.02506779320538044,48,8.974483193085068e-05
863,0.9874780178070068,0.012521982192993164,1.2761316299438477,0.025158077478408813,48,8.974483193085068e-05
864,0.987915575504303,0.012084424495697021,1.2957673072814941,0.024921253323554993,49,8.525759033430814e-05
865,0.9878999590873718,0.012100040912628174,1.2839460372924805,0.024818500503897667,49,8.525759033430814e-05
866,0.9871066212654114,0.012893378734588623,1.287427544593811,0.025638721883296967,49,8.525759033430814e-05
867,0.9874786734580994,0.012521326541900635,1.2910462617874146,0.025306575000286102,49,8.525759033430814e-05
868,0.987555980682373,0.012444019317626953,1.2974601984024048,0.02529418095946312,49,8.525759033430814e-05
869,0.9882636070251465,0.011736392974853516,1.30055832862854,0.02462461218237877,49,8.525759033430814e-05
870,0.9879478812217712,0.01205211877822876,1.283571481704712,0.02476731315255165,49,8.525759033430814e-05
871,0.9882469177246094,0.011753082275390625,1.2766157388687134,0.0244017094373703,49,8.525759033430814e-05
872,0.9875108599662781,0.012489140033721924,1.2922874689102173,0.025287123396992683,49,8.525759033430814e-05
873,0.9878056645393372,0.012194335460662842,1.3058698177337646,0.025131089612841606,49,8.525759033430814e-05
874,0.9878159761428833,0.0121840238571167,1.286441445350647,0.024926599115133286,49,8.525759033430814e-05
875,0.9874638915061951,0.012536108493804932,1.3123934268951416,0.025534681975841522,49,8.525759033430814e-05
876,0.9876729249954224,0.012327075004577637,1.2913165092468262,0.025116968899965286,49,8.525759033430814e-05
877,0.9879051446914673,0.012094855308532715,1.272009015083313,0.024693995714187622,49,8.525759033430814e-05
878,0.9871683120727539,0.012831687927246094,1.284407138824463,0.025547441095113754,49,8.525759033430814e-05
879,0.9877107739448547,0.012289226055145264,1.2838555574417114,0.02500488981604576,49,8.525759033430814e-05
880,0.9879770278930664,0.012022972106933594,1.2628228664398193,0.024530969560146332,49,8.525759033430814e-05
881,0.987091064453125,0.012908935546875,1.2983993291854858,0.02576383948326111,49,8.525759033430814e-05
882,0.9875296354293823,0.012470364570617676,1.2898532152175903,0.02524419315159321,50,8.099471081759274e-05
883,0.9876697659492493,0.012330234050750732,1.2855523824691772,0.025062454864382744,50,8.099471081759274e-05
884,0.9877210855484009,0.012278914451599121,1.3023450374603271,0.025179576128721237,50,8.099471081759274e-05
885,0.988490641117096,0.011509358882904053,1.2732601165771484,0.024126864969730377,50,8.099471081759274e-05
886,0.9878286719322205,0.012171328067779541,1.2877501249313354,0.024927115067839622,50,8.099471081759274e-05
887,0.9878525137901306,0.012147486209869385,1.2857744693756104,0.024883754551410675,50,8.099471081759274e-05
888,0.9872617125511169,0.012738287448883057,1.3039426803588867,0.025650331750512123,50,8.099471081759274e-05
889,0.9874978065490723,0.012502193450927734,1.2816194295883179,0.025193367153406143,50,8.099471081759274e-05
890,0.9877448081970215,0.012255191802978516,1.2736481428146362,0.024869121611118317,50,8.099471081759274e-05
891,0.9882816672325134,0.011718332767486572,1.2794106006622314,0.024395253509283066,50,8.099471081759274e-05
892,0.9873643517494202,0.012635648250579834,1.2876743078231812,0.025386035442352295,50,8.099471081759274e-05
893,0.9878205060958862,0.01217949390411377,1.2992427349090576,0.025050126016139984,50,8.099471081759274e-05
894,0.987467885017395,0.01253211498260498,1.296420931816101,0.025371003895998,50,8.099471081759274e-05
895,0.9882519841194153,0.011748015880584717,1.293290615081787,0.024563442915678024,50,8.099471081759274e-05
896,0.9879864454269409,0.012013554573059082,1.2780662775039673,0.024674082174897194,50,8.099471081759274e-05
897,0.9871319532394409,0.012868046760559082,1.28951895236969,0.025634557008743286,50,8.099471081759274e-05
898,0.9876159429550171,0.01238405704498291,1.2991033792495728,0.025251250714063644,50,8.099471081759274e-05
899,0.9876808524131775,0.01231914758682251,1.325109601020813,0.025447051972150803,50,8.099471081759274e-05
900,0.9877598881721497,0.012240111827850342,1.2829537391662598,0.02494724839925766,51,7.69449752767131e-05
901,0.9875333905220032,0.012466609477996826,1.295123815536499,0.02529318258166313,51,7.69449752767131e-05
902,0.9876184463500977,0.012381553649902344,1.2721093893051147,0.02497883141040802,51,7.69449752767131e-05
903,0.9877186417579651,0.012281358242034912,1.2907634973526,0.025066178292036057,51,7.69449752767131e-05
904,0.9879222512245178,0.012077748775482178,1.2775071859359741,0.024732042104005814,51,7.69449752767131e-05
905,0.9876728653907776,0.012327134609222412,1.2891676425933838,0.025095541030168533,51,7.69449752767131e-05
906,0.9881647229194641,0.011835277080535889,1.2791924476623535,0.024508848786354065,51,7.69449752767131e-05
907,0.9880810379981995,0.011918962001800537,1.2939512729644775,0.024739284068346024,51,7.69449752767131e-05
908,0.9877642393112183,0.012235760688781738,1.289930820465088,0.025012711063027382,51,7.69449752767131e-05
909,0.9873982071876526,0.012601792812347412,1.308833360671997,0.025564108043909073,51,7.69449752767131e-05
910,0.9879329800605774,0.012067019939422607,1.2777074575424194,0.024723423644900322,51,7.69449752767131e-05
911,0.9880690574645996,0.01193094253540039,1.2920008897781372,0.024731643497943878,51,7.69449752767131e-05
912,0.9875373840332031,0.012462615966796875,1.3029327392578125,0.025367315858602524,51,7.69449752767131e-05
913,0.9873664975166321,0.01263350248336792,1.2970049381256104,0.02547721564769745,51,7.69449752767131e-05
914,0.9877467751502991,0.012253224849700928,1.279353141784668,0.024924222379922867,51,7.69449752767131e-05
915,0.9876307249069214,0.012369275093078613,1.2915771007537842,0.02516135200858116,51,7.69449752767131e-05
916,0.987861156463623,0.012138843536376953,1.2821799516677856,0.024839254096150398,51,7.69449752767131e-05
917,0.9871615767478943,0.012838423252105713,1.3000273704528809,0.02571031264960766,51,7.69449752767131e-05
918,0.9873468279838562,0.012653172016143799,1.283109426498413,0.02535773441195488,52,7.309772651287744e-05
919,0.987817645072937,0.012182354927062988,1.2830302715301514,0.024890832602977753,52,7.309772651287744e-05
920,0.9880977869033813,0.011902213096618652,1.2835453748703003,0.024618644267320633,52,7.309772651287744e-05
921,0.9881323575973511,0.011867642402648926,1.2695116996765137,0.024444082751870155,52,7.309772651287744e-05
922,0.9875572323799133,0.01244276762008667,1.298226237297058,0.025300603359937668,52,7.309772651287744e-05
923,0.9875122904777527,0.012487709522247314,1.3043749332427979,0.025406580418348312,52,7.309772651287744e-05
924,0.9875670075416565,0.012432992458343506,1.3012452125549316,0.025321114808321,52,7.309772651287744e-05
925,0.9875100255012512,0.01248997449874878,1.2751413583755493,0.025116488337516785,52,7.309772651287744e-05
926,0.9880340695381165,0.011965930461883545,1.3026517629623413,0.024872787296772003,52,7.309772651287744e-05
927,0.9879392385482788,0.012060761451721191,1.2916350364685059,0.024856504052877426,52,7.309772651287744e-05
928,0.9874700307846069,0.012529969215393066,1.2848080396652222,0.025252750143408775,52,7.309772651287744e-05
929,0.9878562092781067,0.01214379072189331,1.289086103439331,0.024913214147090912,52,7.309772651287744e-05
930,0.9877591133117676,0.012240886688232422,1.2857918739318848,0.024976396933197975,52,7.309772651287744e-05
931,0.9875462055206299,0.012453794479370117,1.2786803245544434,0.02511605992913246,52,7.309772651287744e-05
932,0.988311767578125,0.011688232421875,1.2797634601593018,0.02436898462474346,52,7.309772651287744e-05
933,0.9877417087554932,0.012258291244506836,1.3099961280822754,0.025235669687390327,52,7.309772651287744e-05
934,0.9874491095542908,0.012550890445709229,1.2875301837921143,0.025300683453679085,52,7.309772651287744e-05
935,0.9881436824798584,0.011856317520141602,1.2883028984069824,0.02462078258395195,52,7.309772651287744e-05
936,0.9878144860267639,0.012185513973236084,1.2867882251739502,0.024931540712714195,53,6.944284018723356e-05
937,0.9877945184707642,0.01220548152923584,1.2907482385635376,0.024990908801555634,53,6.944284018723356e-05
938,0.9880436062812805,0.011956393718719482,1.2921262979507446,0.024758093059062958,53,6.944284018723356e-05
939,0.9878857731819153,0.012114226818084717,1.2885339260101318,0.024878423660993576,53,6.944284018723356e-05
940,0.9880462288856506,0.011953771114349365,1.300188422203064,0.024836117401719093,53,6.944284018723356e-05
941,0.9880115985870361,0.011988401412963867,1.2839223146438599,0.024707742035388947,53,6.944284018723356e-05
942,0.9874476790428162,0.012552320957183838,1.2980172634124756,0.02540697157382965,53,6.944284018723356e-05
943,0.9877758622169495,0.012224137783050537,1.2948024272918701,0.02504992112517357,53,6.944284018723356e-05
944,0.9878565073013306,0.012143492698669434,1.2859288454055786,0.02488134615123272,53,6.944284018723356e-05
945,0.9876510500907898,0.012348949909210205,1.2815232276916504,0.02504069358110428,53,6.944284018723356e-05
946,0.98822420835495,0.011775791645050049,1.2626242637634277,0.024284277111291885,53,6.944284018723356e-05
947,0.9872052073478699,0.012794792652130127,1.305100679397583,0.025717850774526596,53,6.944284018723356e-05
948,0.9873238205909729,0.0126761794090271,1.2796765565872192,0.02534618228673935,53,6.944284018723356e-05
949,0.9872874021530151,0.012712597846984863,1.2976467609405518,0.025561939924955368,53,6.944284018723356e-05
950,0.987655520439148,0.01234447956085205,1.2841013669967651,0.025062046945095062,53,6.944284018723356e-05
951,0.9877979755401611,0.012202024459838867,1.2976499795913696,0.02505650371313095,53,6.944284018723356e-05
952,0.98818039894104,0.011819601058959961,1.2746376991271973,0.024447781965136528,53,6.944284018723356e-05
953,0.9871336221694946,0.012866377830505371,1.2849714756011963,0.025587428361177444,53,6.944284018723356e-05
954,0.98737633228302,0.01262366771697998,1.276552677154541,0.02526295930147171,54,6.597069817787189e-05
955,0.9880995750427246,0.01190042495727539,1.2933504581451416,0.02471492439508438,54,6.597069817787189e-05
956,0.9879200458526611,0.012079954147338867,1.2826120853424072,0.024785276502370834,54,6.597069817787189e-05
957,0.9881566762924194,0.011843323707580566,1.2921347618103027,0.02464623749256134,54,6.597069817787189e-05
958,0.9873639941215515,0.012636005878448486,1.2955420017242432,0.025465065613389015,54,6.597069817787189e-05
959,0.9877577424049377,0.012242257595062256,1.2914263010025024,0.025034097954630852,54,6.597069817787189e-05
960,0.9877920150756836,0.012207984924316406,1.298834204673767,0.025074247270822525,54,6.597069817787189e-05
961,0.9875936508178711,0.012406349182128906,1.2990126609802246,0.025272412225604057,54,6.597069817787189e-05
962,0.9874223470687866,0.012577652931213379,1.294081211090088,0.025392688810825348,54,6.597069817787189e-05
963,0.98780757188797,0.01219242811203003,1.2929739952087402,0.02500024437904358,54,6.597069817787189e-05
964,0.988172709941864,0.011827290058135986,1.2616699934005737,0.024325717240571976,54,6.597069817787189e-05
965,0.9874553084373474,0.012544691562652588,1.2957054376602173,0.025376299396157265,54,6.597069817787189e-05
966,0.9877840280532837,0.012215971946716309,1.283389687538147,0.024927709251642227,54,6.597069817787189e-05
967,0.987588107585907,0.012411892414093018,1.283254861831665,0.025120321661233902,54,6.597069817787189e-05
968,0.9883125424385071,0.01168745756149292,1.2686809301376343,0.024257391691207886,54,6.597069817787189e-05
969,0.9877663850784302,0.012233614921569824,1.2804819345474243,0.02491609752178192,54,6.597069817787189e-05
970,0.9875480532646179,0.01245194673538208,1.305878758430481,0.02538621425628662,54,6.597069817787189e-05
971,0.9877171516418457,0.012282848358154297,1.323655605316162,0.025396576151251793,54,6.597069817787189e-05
972,0.9878237247467041,0.012176275253295898,1.2861289978027344,0.024915803223848343,55,6.267216326897829e-05
973,0.9882317185401917,0.01176828145980835,1.2840380668640137,0.024490978568792343,55,6.267216326897829e-05
974,0.9877520799636841,0.012247920036315918,1.3000108003616333,0.025125548243522644,55,6.267216326897829e-05
975,0.9876779913902283,0.012322008609771729,1.302873969078064,0.02522752806544304,55,6.267216326897829e-05
976,0.9873560070991516,0.012643992900848389,1.290449619293213,0.025422047823667526,55,6.267216326897829e-05
977,0.9872833490371704,0.01271665096282959,1.29399836063385,0.025529466569423676,55,6.267216326897829e-05
978,0.9877957105636597,0.012204289436340332,1.2950445413589478,0.025032691657543182,55,6.267216326897829e-05
979,0.9876739978790283,0.01232600212097168,1.2795729637145996,0.02499847114086151,55,6.267216326897829e-05
980,0.988407552242279,0.011592447757720947,1.2898235321044922,0.02437475696206093,55,6.267216326897829e-05
981,0.9875278472900391,0.012472152709960938,1.2776105403900146,0.025123536586761475,55,6.267216326897829e-05
982,0.9879747033119202,0.012025296688079834,1.2793352603912354,0.024698395282030106,55,6.267216326897829e-05
983,0.9873544573783875,0.012645542621612549,1.2845792770385742,0.02536487951874733,55,6.267216326897829e-05
984,0.9875679612159729,0.0124320387840271,1.2715401649475098,0.025023119524121284,55,6.267216326897829e-05
985,0.987954318523407,0.012045681476593018,1.2942646741867065,0.024867871776223183,55,6.267216326897829e-05
986,0.987457811832428,0.012542188167572021,1.3051340579986572,0.02546810731291771,55,6.267216326897829e-05
987,0.9878147840499878,0.012185215950012207,1.290839672088623,0.02497176080942154,55,6.267216326897829e-05
988,0.9881917238235474,0.011808276176452637,1.2783393859863281,0.024473587051033974,55,6.267216326897829e-05
989,0.9880303740501404,0.01196962594985962,1.2694923877716064,0.0245448537170887,55,6.267216326897829e-05
990,0.9874122738838196,0.01258772611618042,1.3049429655075073,0.025511277839541435,56,5.953855510552937e-05
991,0.9875702261924744,0.012429773807525635,1.291635513305664,0.02522183023393154,56,5.953855510552937e-05
992,0.9878728985786438,0.012127101421356201,1.2815945148468018,0.024821775034070015,56,5.953855510552937e-05
993,0.9882622361183167,0.01173776388168335,1.2781723737716675,0.024402109906077385,56,5.953855510552937e-05
994,0.9876016974449158,0.012398302555084229,1.277461290359497,0.025048932060599327,56,5.953855510552937e-05
995,0.9875580668449402,0.012441933155059814,1.2863430976867676,0.025180945172905922,56,5.953855510552937e-05
996,0.9880423545837402,0.011957645416259766,1.2975324392318726,0.024813393130898476,56,5.953855510552937e-05
997,0.9880185723304749,0.011981427669525146,1.3123290538787842,0.024984903633594513,56,5.953855510552937e-05
998,0.9873377680778503,0.012662231922149658,1.2983893156051636,0.02551950141787529,56,5.953855510552937e-05
999,0.9878705739974976,0.012129426002502441,1.2798240184783936,0.024806370958685875,56,5.953855510552937e-05
1000,0.9875141382217407,0.012485861778259277,1.2968310117721558,0.025329314172267914,56,5.953855510552937e-05
1001,0.9875718951225281,0.012428104877471924,1.2861242294311523,0.025165066123008728,56,5.953855510552937e-05
1002,0.9875351786613464,0.012464821338653564,1.2797785997390747,0.02513795904815197,56,5.953855510552937e-05
1003,0.9882285594940186,0.011771440505981445,1.2863411903381348,0.024517137557268143,56,5.953855510552937e-05
1004,0.9879652857780457,0.012034714221954346,1.2884026765823364,0.02479839324951172,56,5.953855510552937e-05
1005,0.9875047206878662,0.012495279312133789,1.2855117321014404,0.02522544376552105,56,5.953855510552937e-05
1006,0.9882668852806091,0.01173311471939087,1.2698315382003784,0.024314098060131073,56,5.953855510552937e-05
1007,0.9874879121780396,0.01251208782196045,1.2831881046295166,0.025218848139047623,56,5.953855510552937e-05
1008,0.9877423644065857,0.012257635593414307,1.2968560457229614,0.025103619322180748,57,5.65616273502529e-05
1009,0.9873973727226257,0.012602627277374268,1.292978286743164,0.025406382977962494,57,5.65616273502529e-05
1010,0.9880959391593933,0.01190406084060669,1.2699999809265137,0.024485019966959953,57,5.65616273502529e-05
1011,0.9879529476165771,0.012047052383422852,1.290675163269043,0.024833332747220993,57,5.65616273502529e-05
1012,0.9880977272987366,0.011902272701263428,1.2919673919677734,0.024702923372387886,57,5.65616273502529e-05
1013,0.9877379536628723,0.012262046337127686,1.2906495332717896,0.02504592016339302,57,5.65616273502529e-05
1014,0.9872017502784729,0.0127982497215271,1.290088176727295,0.025571148842573166,57,5.65616273502529e-05
1015,0.9876079559326172,0.012392044067382812,1.2826120853424072,0.02509424462914467,57,5.65616273502529e-05
1016,0.9878219366073608,0.01217806339263916,1.2998900413513184,0.025055183097720146,57,5.65616273502529e-05
1017,0.9877320528030396,0.01226794719696045,1.2857449054718018,0.02500271610915661,57,5.65616273502529e-05
1018,0.9877639412879944,0.012236058712005615,1.296169638633728,0.02507539466023445,57,5.65616273502529e-05
1019,0.9871737360954285,0.012826263904571533,1.2815748453140259,0.025513749569654465,57,5.65616273502529e-05
1020,0.9882144331932068,0.011785566806793213,1.2873477935791016,0.024541188031435013,57,5.65616273502529e-05
1021,0.9878113269805908,0.01218867301940918,1.271315574645996,0.024779941886663437,57,5.65616273502529e-05
1022,0.9878561496734619,0.012143850326538086,1.2824833393096924,0.02484724670648575,57,5.65616273502529e-05
1023,0.9881014227867126,0.011898577213287354,1.2986488342285156,0.02476608008146286,57,5.65616273502529e-05
1024,0.987845778465271,0.012154221534729004,1.2926595211029053,0.024959273636341095,57,5.65616273502529e-05
1025,0.9880602955818176,0.011939704418182373,1.2945631742477417,0.02476593852043152,57,5.65616273502529e-05
1026,0.9872550368309021,0.0127449631690979,1.3001139163970947,0.025618653744459152,58,5.373354598274025e-05
1027,0.9879054427146912,0.012094557285308838,1.2794990539550781,0.02476860210299492,58,5.373354598274025e-05
1028,0.9877800345420837,0.01221996545791626,1.2841377258300781,0.024939142167568207,58,5.373354598274025e-05
1029,0.9875441789627075,0.01245582103729248,1.2817190885543823,0.025148455053567886,58,5.373354598274025e-05
1030,0.987697958946228,0.012302041053771973,1.2944351434707642,0.025123372673988342,58,5.373354598274025e-05
1031,0.988173246383667,0.011826753616333008,1.3031823635101318,0.0247403085231781,58,5.373354598274025e-05
1032,0.9880014061927795,0.011998593807220459,1.3065013885498047,0.024943621829152107,58,5.373354598274025e-05
1033,0.9875591993331909,0.012440800666809082,1.2884269952774048,0.02520066127181053,58,5.373354598274025e-05
1034,0.9883341789245605,0.011665821075439453,1.281288981437683,0.024362051859498024,58,5.373354598274025e-05
1035,0.9873804450035095,0.012619554996490479,1.2955423593521118,0.025448784232139587,58,5.373354598274025e-05
1036,0.9878906607627869,0.012109339237213135,1.2789636850357056,0.024777881801128387,58,5.373354598274025e-05
1037,0.9878973960876465,0.012102603912353516,1.2640485763549805,0.02462206408381462,58,5.373354598274025e-05
1038,0.9875949025154114,0.012405097484588623,1.2894238233566284,0.02517528459429741,58,5.373354598274025e-05
1039,0.9881420731544495,0.011857926845550537,1.3006720542907715,0.024746067821979523,58,5.373354598274025e-05
1040,0.987525224685669,0.012474775314331055,1.2922872304916382,0.025272898375988007,58,5.373354598274025e-05
1041,0.9879353642463684,0.012064635753631592,1.2799875736236572,0.02474386617541313,58,5.373354598274025e-05
1042,0.9875298142433167,0.01247018575668335,1.2833185195922852,0.02517866902053356,58,5.373354598274025e-05
1043,0.9883260130882263,0.011673986911773682,1.2716245651245117,0.024273492395877838,58,5.373354598274025e-05
1044,0.9882192015647888,0.011780798435211182,1.2803820371627808,0.02446681074798107,59,5.104686868360323e-05
1045,0.9879657030105591,0.012034296989440918,1.3075979948043823,0.024989932775497437,59,5.104686868360323e-05
1046,0.988055944442749,0.011944055557250977,1.2757657766342163,0.0245822723954916,59,5.104686868360323e-05
1047,0.9881293177604675,0.01187068223953247,1.277219533920288,0.02452417090535164,59,5.104686868360323e-05
1048,0.987764298915863,0.012235701084136963,1.2992606163024902,0.025105949491262436,59,5.104686868360323e-05
1049,0.9878929853439331,0.012107014656066895,1.2975959777832031,0.02496190369129181,59,5.104686868360323e-05
1050,0.9874668717384338,0.012533128261566162,1.2776275873184204,0.02518407255411148,59,5.104686868360323e-05
1051,0.9873216152191162,0.012678384780883789,1.2951964139938354,0.02550356462597847,59,5.104686868360323e-05
1052,0.987430214881897,0.012569785118103027,1.2974036931991577,0.025418125092983246,59,5.104686868360323e-05
1053,0.9877223372459412,0.012277662754058838,1.280611515045166,0.02496100217103958,59,5.104686868360323e-05
1054,0.9879807233810425,0.01201927661895752,1.278340458869934,0.024682488292455673,59,5.104686868360323e-05
1055,0.9878389835357666,0.012161016464233398,1.282163381576538,0.024861039593815804,59,5.104686868360323e-05
1056,0.9874144792556763,0.01258552074432373,1.2848821878433228,0.025308486074209213,59,5.104686868360323e-05
1057,0.987639307975769,0.012360692024230957,1.2994917631149292,0.02523200213909149,59,5.104686868360323e-05
1058,0.9877689480781555,0.012231051921844482,1.2827510833740234,0.0249362513422966,59,5.104686868360323e-05
1059,0.9881418943405151,0.011858105659484863,1.285170078277588,0.024591226130723953,59,5.104686868360323e-05
1060,0.9877631068229675,0.01223689317703247,1.2903496026992798,0.02501801960170269,59,5.104686868360323e-05
1061,0.9872902631759644,0.012709736824035645,1.3026202917099,0.025608841329813004,59,5.104686868360323e-05
1062,0.9875705242156982,0.012429475784301758,1.3030056953430176,0.025335237383842468,60,4.849452524942307e-05
1063,0.9878774881362915,0.012122511863708496,1.2849509716033936,0.024850796908140182,60,4.849452524942307e-05
1064,0.9877603650093079,0.012239634990692139,1.2948129177093506,0.02506536804139614,60,4.849452524942307e-05
1065,0.9878419637680054,0.012158036231994629,1.290191411972046,0.024938369169831276,60,4.849452524942307e-05
1066,0.987806499004364,0.012193500995635986,1.2834523916244507,0.024906089529395103,60,4.849452524942307e-05
1067,0.987686038017273,0.01231396198272705,1.2959086894989014,0.025149907916784286,60,4.849452524942307e-05
1068,0.9878119826316833,0.01218801736831665,1.288966417312622,0.02495580166578293,60,4.849452524942307e-05
1069,0.9875498414039612,0.012450158596038818,1.2936160564422607,0.02526181749999523,60,4.849452524942307e-05
1070,0.9882687330245972,0.011731266975402832,1.2732369899749756,0.024346325546503067,60,4.849452524942307e-05
1071,0.9879827499389648,0.012017250061035156,1.3082313537597656,0.02497939020395279,60,4.849452524942307e-05
1072,0.9877539873123169,0.012246012687683105,1.2626179456710815,0.02474973350763321,60,4.849452524942307e-05
1073,0.9873974323272705,0.012602567672729492,1.2775174379348755,0.025251716375350952,60,4.849452524942307e-05
1074,0.9875079989433289,0.012492001056671143,1.2898732423782349,0.025265812873840332,60,4.849452524942307e-05
1075,0.9879276752471924,0.012072324752807617,1.2740917205810547,0.024692518636584282,60,4.849452524942307e-05
1076,0.9877004027366638,0.012299597263336182,1.2886905670166016,0.02506350725889206,60,4.849452524942307e-05
1077,0.9877226948738098,0.012277305126190186,1.308021068572998,0.02523474395275116,60,4.849452524942307e-05
1078,0.9882877469062805,0.011712253093719482,1.2809466123580933,0.02440459653735161,60,4.849452524942307e-05
1079,0.9878880381584167,0.012111961841583252,1.2689927816390991,0.024680770933628082,60,4.849452524942307e-05
1080,0.9880915880203247,0.011908411979675293,1.2744501829147339,0.02453383058309555,61,4.606979898695191e-05
1081,0.9873420596122742,0.01265794038772583,1.2925958633422852,0.025457318872213364,61,4.606979898695191e-05
1082,0.9885573983192444,0.011442601680755615,1.2744810581207275,0.024072986096143723,61,4.606979898695191e-05
1083,0.9873499274253845,0.012650072574615479,1.306472659111023,0.025588298216462135,61,4.606979898695191e-05
1084,0.9874691963195801,0.012530803680419922,1.2879321575164795,0.025284817442297935,61,4.606979898695191e-05
1085,0.9878848195075989,0.012115180492401123,1.2903525829315186,0.024897553026676178,61,4.606979898695191e-05
1086,0.9877756237983704,0.012224376201629639,1.290162205696106,0.02500375360250473,61,4.606979898695191e-05
1087,0.9884294271469116,0.011570572853088379,1.2890214920043945,0.02434508129954338,61,4.606979898695191e-05
1088,0.9876676797866821,0.012332320213317871,1.294886827468872,0.0251578651368618,61,4.606979898695191e-05
1089,0.9873900413513184,0.01260995864868164,1.289568305015564,0.025379542261362076,61,4.606979898695191e-05
1090,0.987593948841095,0.01240605115890503,1.303269624710083,0.025314686819911003,61,4.606979898695191e-05
1091,0.98808753490448,0.01191246509552002,1.2856340408325195,0.02464967966079712,61,4.606979898695191e-05
1092,0.9882841110229492,0.011715888977050781,1.2874865531921387,0.02447359636425972,61,4.606979898695191e-05
1093,0.9874385595321655,0.012561440467834473,1.3031396865844727,0.025467224419116974,61,4.606979898695191e-05
1094,0.9876155853271484,0.012384414672851562,1.275040864944458,0.025010978803038597,61,4.606979898695191e-05
1095,0.9878223538398743,0.012177646160125732,1.2790859937667847,0.024846728891134262,61,4.606979898695191e-05
1096,0.9876555800437927,0.012344419956207275,1.2752931118011475,0.024973906576633453,61,4.606979898695191e-05
1097,0.9879142642021179,0.01208573579788208,1.270125389099121,0.024666132405400276,61,4.606979898695191e-05
1098,0.9877731800079346,0.01222681999206543,1.2789556980133057,0.02489410899579525,62,4.376630903760431e-05
1099,0.9880467653274536,0.011953234672546387,1.286267638206482,0.02469637803733349,62,4.376630903760431e-05
1100,0.987463116645813,0.012536883354187012,1.2861583232879639,0.025273097679018974,62,4.376630903760431e-05
1101,0.9879476428031921,0.012052357196807861,1.2845847606658936,0.02477768063545227,62,4.376630903760431e-05
1102,0.9876737594604492,0.012326240539550781,1.2835476398468018,0.025038454681634903,62,4.376630903760431e-05
1103,0.9880703091621399,0.011929690837860107,1.2882088422775269,0.024692483246326447,62,4.376630903760431e-05
1104,0.9879129528999329,0.012087047100067139,1.2929370403289795,0.024895545095205307,62,4.376630903760431e-05
1105,0.9877299666404724,0.012270033359527588,1.283394455909729,0.02498127892613411,62,4.376630903760431e-05
1106,0.9877209067344666,0.012279093265533447,1.287567377090454,0.025031976401805878,62,4.376630903760431e-05
1107,0.987428605556488,0.012571394443511963,1.2935287952423096,0.025380969047546387,62,4.376630903760431e-05
1108,0.9877596497535706,0.012240350246429443,1.2784241437911987,0.024902187287807465,62,4.376630903760431e-05
1109,0.9876970648765564,0.012302935123443604,1.3033599853515625,0.02521350607275963,62,4.376630903760431e-05
1110,0.9874545335769653,0.012545466423034668,1.3125163316726685,0.02554517425596714,62,4.376630903760431e-05
1111,0.9881793260574341,0.011820673942565918,1.287344217300415,0.024575909599661827,62,4.376630903760431e-05
1112,0.9876613616943359,0.012338638305664062,1.2968872785568237,0.02518412470817566,62,4.376630903760431e-05
1113,0.9882864952087402,0.011713504791259766,1.2789764404296875,0.02438613399863243,62,4.376630903760431e-05
1114,0.9878987669944763,0.012101233005523682,1.2740312814712524,0.024720532819628716,62,4.376630903760431e-05
1115,0.987596333026886,0.012403666973114014,1.2805296182632446,0.025084927678108215,62,4.376630903760431e-05
1116,0.9880289435386658,0.011971056461334229,1.2736053466796875,0.024587400257587433,63,4.157799358572409e-05
1117,0.9877516627311707,0.012248337268829346,1.2930679321289062,0.02505653351545334,63,4.157799358572409e-05
1118,0.9884790182113647,0.011520981788635254,1.300243854522705,0.024408210068941116,63,4.157799358572409e-05
1119,0.9875801801681519,0.012419819831848145,1.2814537286758423,0.025110159069299698,63,4.157799358572409e-05
1120,0.9874889254570007,0.012511074542999268,1.3004382848739624,0.025390345603227615,63,4.157799358572409e-05
1121,0.9879891276359558,0.01201087236404419,1.272507905960083,0.02461584284901619,63,4.157799358572409e-05
1122,0.9875592589378357,0.012440741062164307,1.2968471050262451,0.02528480440378189,63,4.157799358572409e-05
1123,0.9878982305526733,0.01210176944732666,1.2920790910720825,0.02490154281258583,63,4.157799358572409e-05
1124,0.988012433052063,0.011987566947937012,1.287337064743042,0.02474106103181839,63,4.157799358572409e-05
1125,0.9878712892532349,0.012128710746765137,1.292630672454834,0.02493372932076454,63,4.157799358572409e-05
1126,0.9871278405189514,0.012872159481048584,1.292584776878357,0.025669284164905548,63,4.157799358572409e-05
1127,0.9883166551589966,0.011683344841003418,1.2669976949691772,0.024236489087343216,63,4.157799358572409e-05
1128,0.9872344136238098,0.012765586376190186,1.2884503602981567,0.02552243322134018,63,4.157799358572409e-05
1129,0.9879769086837769,0.012023091316223145,1.273919939994812,0.024642059579491615,63,4.157799358572409e-05
1130,0.9877158999443054,0.01228410005569458,1.2860826253890991,0.02502208575606346,63,4.157799358572409e-05
1131,0.9878737926483154,0.01212620735168457,1.2886536121368408,0.024891480803489685,63,4.157799358572409e-05
1132,0.9878376126289368,0.012162387371063232,1.3028564453125,0.025069326162338257,63,4.157799358572409e-05
1133,0.9874897003173828,0.012510299682617188,1.2975263595581055,0.025360461324453354,63,4.157799358572409e-05
1134,0.9881399869918823,0.011860013008117676,1.2703537940979004,0.024444950744509697,64,3.9499093906437885e-05
1135,0.9879534244537354,0.012046575546264648,1.31276535987854,0.025053761899471283,64,3.9499093906437885e-05
1136,0.9875158667564392,0.012484133243560791,1.2807395458221436,0.02516668662428856,64,3.9499093906437885e-05
1137,0.9883267879486084,0.011673212051391602,1.285216212272644,0.024408642202615738,64,3.9499093906437885e-05
1138,0.9882513284683228,0.011748671531677246,1.2990961074829102,0.024622146040201187,64,3.9499093906437885e-05
1139,0.9875391721725464,0.012460827827453613,1.2805163860321045,0.025141384452581406,64,3.9499093906437885e-05
1140,0.9875973463058472,0.012402653694152832,1.290982961654663,0.02518845722079277,64,3.9499093906437885e-05
1141,0.9875251054763794,0.012474894523620605,1.2958942651748657,0.025309087708592415,64,3.9499093906437885e-05
1142,0.9872812628746033,0.012718737125396729,1.2874174118041992,0.025465723127126694,64,3.9499093906437885e-05
1143,0.9880817532539368,0.011918246746063232,1.2924069166183472,0.024723133072257042,64,3.9499093906437885e-05
1144,0.9884002208709717,0.01159977912902832,1.2727622985839844,0.024211402982473373,64,3.9499093906437885e-05
1145,0.9874393343925476,0.012560665607452393,1.2838677167892456,0.02527373656630516,64,3.9499093906437885e-05
1146,0.987373948097229,0.012626051902770996,1.2919533252716064,0.02541932463645935,64,3.9499093906437885e-05
1147,0.9882385730743408,0.01176142692565918,1.288510799407959,0.024528920650482178,64,3.9499093906437885e-05
1148,0.9879199862480164,0.012080013751983643,1.280601978302002,0.02476523444056511,64,3.9499093906437885e-05
1149,0.9877049326896667,0.012295067310333252,1.2876869440078735,0.025048986077308655,64,3.9499093906437885e-05
1150,0.9877108931541443,0.012289106845855713,1.2886948585510254,0.02505316399037838,64,3.9499093906437885e-05
1151,0.9872181415557861,0.012781858444213867,1.2845351696014404,0.025499392300844193,64,3.9499093906437885e-05
1152,0.9879831075668335,0.012016892433166504,1.2717170715332031,0.024613894522190094,65,3.752413921111599e-05
1153,0.9877880215644836,0.012211978435516357,1.265640377998352,0.024746261537075043,65,3.752413921111599e-05
1154,0.9875906705856323,0.012409329414367676,1.2900390625,0.02518562600016594,65,3.752413921111599e-05
1155,0.9881303906440735,0.011869609355926514,1.2905794382095337,0.024656707420945168,65,3.752413921111599e-05
1156,0.9879701733589172,0.012029826641082764,1.2695742845535278,0.024605270475149155,65,3.752413921111599e-05
1157,0.9875642657279968,0.012435734272003174,1.2865204811096191,0.025176580995321274,65,3.752413921111599e-05
1158,0.9879133701324463,0.012086629867553711,1.292362093925476,0.02488938346505165,65,3.752413921111599e-05
1159,0.9873718023300171,0.01262819766998291,1.2943400144577026,0.02544531598687172,65,3.752413921111599e-05
1160,0.9882989525794983,0.011701047420501709,1.29002845287323,0.02448432147502899,65,3.752413921111599e-05
1161,0.9877895712852478,0.012210428714752197,1.2773401737213135,0.02486172690987587,65,3.752413921111599e-05
1162,0.9875367879867554,0.012463212013244629,1.2804445028305054,0.02514302358031273,65,3.752413921111599e-05
1163,0.9876072406768799,0.012392759323120117,1.3108220100402832,0.025377051904797554,65,3.752413921111599e-05
1164,0.9880530834197998,0.011946916580200195,1.280124306678772,0.024628691375255585,65,3.752413921111599e-05
1165,0.9873122572898865,0.012687742710113525,1.3060566186904907,0.025621432811021805,65,3.752413921111599e-05
1166,0.9879737496376038,0.01202625036239624,1.3096940517425537,0.02500292658805847,65,3.752413921111599e-05
1167,0.9879762530326843,0.012023746967315674,1.2800219058990479,0.024703728035092354,65,3.752413921111599e-05
1168,0.9878870248794556,0.012112975120544434,1.298766851425171,0.02497951313853264,65,3.752413921111599e-05
1169,0.9883491396903992,0.01165086030960083,1.2708536386489868,0.024242889136075974,65,3.752413921111599e-05
1170,0.9878365993499756,0.012163400650024414,1.2765147686004639,0.02480691485106945,66,3.564793225056019e-05
1171,0.9876011610031128,0.012398838996887207,1.3036068677902222,0.02531091868877411,66,3.564793225056019e-05
1172,0.9880012273788452,0.011998772621154785,1.3058884143829346,0.024937668815255165,66,3.564793225056019e-05
1173,0.9882515072822571,0.01174849271774292,1.2642948627471924,0.024273956194519997,66,3.564793225056019e-05
1174,0.988197386264801,0.011802613735198975,1.2676831483840942,0.024361420422792435,66,3.564793225056019e-05
1175,0.9872919321060181,0.012708067893981934,1.2966060638427734,0.025547046214342117,66,3.564793225056019e-05
1176,0.9881472587585449,0.011852741241455078,1.283031940460205,0.024564532563090324,66,3.564793225056019e-05
1177,0.9877991676330566,0.01220083236694336,1.277233600616455,0.024851160123944283,66,3.564793225056019e-05
1178,0.9877969622612,0.012203037738800049,1.3019585609436035,0.025100592523813248,66,3.564793225056019e-05
1179,0.9878417253494263,0.01215827465057373,1.278842568397522,0.024825118482112885,66,3.564793225056019e-05
1180,0.9880343079566956,0.011965692043304443,1.3016525506973267,0.024862561374902725,66,3.564793225056019e-05
1181,0.9873031973838806,0.012696802616119385,1.2780983448028564,0.025350816547870636,66,3.564793225056019e-05
1182,0.9874160885810852,0.012583911418914795,1.281614899635315,0.02527422085404396,66,3.564793225056019e-05
1183,0.9878281950950623,0.012171804904937744,1.2966068983078003,0.02501615509390831,66,3.564793225056019e-05
1184,0.988029956817627,0.011970043182373047,1.2920207977294922,0.024770550429821014,66,3.564793225056019e-05
1185,0.9879414439201355,0.012058556079864502,1.281508445739746,0.024753054603934288,66,3.564793225056019e-05
1186,0.9875563979148865,0.012443602085113525,1.2815454006195068,0.0251346193253994,66,3.564793225056019e-05
1187,0.987755298614502,0.012244701385498047,1.322934627532959,0.025351600721478462,66,3.564793225056019e-05
1188,0.987804651260376,0.012195348739624023,1.2807523012161255,0.024880919605493546,67,3.3865535638032174e-05
1189,0.9874442219734192,0.01255577802658081,1.2958464622497559,0.0253886841237545,67,3.3865535638032174e-05
1190,0.9874376654624939,0.012562334537506104,1.2923460006713867,0.025360170751810074,67,3.3865535638032174e-05
1191,0.9875996708869934,0.012400329113006592,1.2763876914978027,0.02504020184278488,67,3.3865535638032174e-05
1192,0.9879156351089478,0.012084364891052246,1.2762154340744019,0.024725675582885742,67,3.3865535638032174e-05
1193,0.987821638584137,0.012178361415863037,1.2865581512451172,0.02492215856909752,67,3.3865535638032174e-05
1194,0.9882135987281799,0.011786401271820068,1.2782617807388306,0.024451155215501785,67,3.3865535638032174e-05
1195,0.9875410199165344,0.012458980083465576,1.280285120010376,0.025137241929769516,67,3.3865535638032174e-05
1196,0.9875741600990295,0.012425839900970459,1.2895492315292358,0.025197073817253113,67,3.3865535638032174e-05
1197,0.9878242611885071,0.01217573881149292,1.281830072402954,0.024872280657291412,67,3.3865535638032174e-05
1198,0.9877894520759583,0.012210547924041748,1.2918896675109863,0.02500733733177185,67,3.3865535638032174e-05
1199,0.9881227612495422,0.011877238750457764,1.2993296384811401,0.024751761928200722,67,3.3865535638032174e-05
1200,0.9883137345314026,0.011686265468597412,1.2952797412872314,0.024522200226783752,67,3.3865535638032174e-05
1201,0.9884763360023499,0.011523663997650146,1.2784302234649658,0.024192729964852333,67,3.3865535638032174e-05
1202,0.9879485964775085,0.012051403522491455,1.3008073568344116,0.02493896335363388,67,3.3865535638032174e-05
1203,0.987565279006958,0.012434720993041992,1.2806710004806519,0.02511708438396454,67,3.3865535638032174e-05
1204,0.9876683354377747,0.012331664562225342,1.3118542432785034,0.025326889008283615,67,3.3865535638032174e-05
1205,0.9876852035522461,0.012314796447753906,1.259403109550476,0.024785678833723068,67,3.3865535638032174e-05
1206,0.9878600239753723,0.012139976024627686,1.2972742319107056,0.024991318583488464,68,3.2172258856130564e-05
1207,0.9877906441688538,0.01220935583114624,1.2854788303375244,0.024942051619291306,68,3.2172258856130564e-05
1208,0.987565279006958,0.012434720993041992,1.277981162071228,0.025090184062719345,68,3.2172258856130564e-05
1209,0.9881280660629272,0.011871933937072754,1.2803802490234375,0.024557016789913177,68,3.2172258856130564e-05
1210,0.9880438446998596,0.01195615530014038,1.276738166809082,0.02460397407412529,68,3.2172258856130564e-05
1211,0.9871603846549988,0.01283961534500122,1.289689540863037,0.025608114898204803,68,3.2172258856130564e-05
1212,0.9875888824462891,0.012411117553710938,1.2903852462768555,0.02519086003303528,68,3.2172258856130564e-05
1213,0.9878166317939758,0.01218336820602417,1.2927515506744385,0.0249890498816967,68,3.2172258856130564e-05
1214,0.9882457852363586,0.011754214763641357,1.2885421514511108,0.024522094056010246,68,3.2172258856130564e-05
1215,0.9875738620758057,0.012426137924194336,1.292752981185913,0.025229405611753464,68,3.2172258856130564e-05
1216,0.9880744814872742,0.01192551851272583,1.3176440000534058,0.024982701987028122,68,3.2172258856130564e-05
1217,0.9875922799110413,0.01240772008895874,1.2839394807815552,0.02512303739786148,68,3.2172258856130564e-05
1218,0.98773193359375,0.01226806640625,1.2756315469741821,0.024901701137423515,68,3.2172258856130564e-05
1219,0.9879626035690308,0.012037396430969238,1.277241587638855,0.024689439684152603,68,3.2172258856130564e-05
1220,0.9878782629966736,0.012121737003326416,1.29611337184906,0.024961654096841812,68,3.2172258856130564e-05
1221,0.9878364205360413,0.01216357946395874,1.2827610969543457,0.024869553744792938,68,3.2172258856130564e-05
1222,0.9879111647605896,0.0120888352394104,1.2912285327911377,0.02488023042678833,68,3.2172258856130564e-05
1223,0.9886451363563538,0.01135486364364624,1.2434344291687012,0.02367565780878067,68,3.2172258856130564e-05
1224,0.9877971410751343,0.012202858924865723,1.2788678407669067,0.024869509041309357,69,3.056364591332403e-05
1225,0.9873735308647156,0.012626469135284424,1.2934476137161255,0.02543468028306961,69,3.056364591332403e-05
1226,0.9876899719238281,0.012310028076171875,1.2881311178207397,0.025068238377571106,69,3.056364591332403e-05
1227,0.9876765012741089,0.012323498725891113,1.3035989999771118,0.025236252695322037,69,3.056364591332403e-05
1228,0.9878203868865967,0.01217961311340332,1.2967395782470703,0.02502521313726902,69,3.056364591332403e-05
1229,0.9878166317939758,0.01218336820602417,1.2806533575057983,0.024868067353963852,69,3.056364591332403e-05
1230,0.9877458810806274,0.012254118919372559,1.286311149597168,0.024994689971208572,69,3.056364591332403e-05
1231,0.9881605505943298,0.011839449405670166,1.2903437614440918,0.024624492973089218,69,3.056364591332403e-05
1232,0.9877393841743469,0.012260615825653076,1.2960647344589233,0.025098657235503197,69,3.056364591332403e-05
1233,0.9879663586616516,0.012033641338348389,1.2837698459625244,0.024751003831624985,69,3.056364591332403e-05
1234,0.9876302480697632,0.012369751930236816,1.2813434600830078,0.02505948767066002,69,3.056364591332403e-05
1235,0.9883378744125366,0.011662125587463379,1.2725597620010376,0.024271100759506226,69,3.056364591332403e-05
1236,0.9881741404533386,0.011825859546661377,1.2815515995025635,0.024523116648197174,69,3.056364591332403e-05
1237,0.988343358039856,0.011656641960144043,1.2812663316726685,0.02435273863375187,69,3.056364591332403e-05
1238,0.9873594045639038,0.012640595436096191,1.2965896129608154,0.025480085983872414,69,3.056364591332403e-05
1239,0.9879053831100464,0.012094616889953613,1.2971985340118408,0.024945655837655067,69,3.056364591332403e-05
1240,0.98786860704422,0.01213139295578003,1.2723984718322754,0.02473406307399273,69,3.056364591332403e-05
1241,0.9869642853736877,0.013035714626312256,1.303468108177185,0.02594003826379776,69,3.056364591332403e-05
1242,0.9882416725158691,0.01175832748413086,1.2799850702285767,0.024440594017505646,70,2.903546361765783e-05
1243,0.9882041811943054,0.01179581880569458,1.2919013500213623,0.02459687367081642,70,2.903546361765783e-05
1244,0.987699568271637,0.012300431728363037,1.2800174951553345,0.024977602064609528,70,2.903546361765783e-05
1245,0.9880003333091736,0.011999666690826416,1.2712465524673462,0.024592135101556778,70,2.903546361765783e-05
1246,0.9873212575912476,0.012678742408752441,1.2818586826324463,0.025370541960000992,70,2.903546361765783e-05
1247,0.9881422519683838,0.011857748031616211,1.2839878797531128,0.02457905001938343,70,2.903546361765783e-05
1248,0.9873309135437012,0.012669086456298828,1.299406886100769,0.025536464527249336,70,2.903546361765783e-05
1249,0.9879536628723145,0.012046337127685547,1.303219199180603,0.024958066642284393,70,2.903546361765783e-05
1250,0.9882104992866516,0.011789500713348389,1.2907390594482422,0.024578996002674103,70,2.903546361765783e-05
1251,0.9873402118682861,0.012659788131713867,1.2885468006134033,0.025418657809495926,70,2.903546361765783e-05
1252,0.9874895215034485,0.012510478496551514,1.2881839275360107,0.025267213582992554,70,2.903546361765783e-05
1253,0.9880344271659851,0.011965572834014893,1.2755894660949707,0.024601811543107033,70,2.903546361765783e-05
1254,0.9880909323692322,0.011909067630767822,1.2780805826187134,0.024570781737565994,70,2.903546361765783e-05
1255,0.9880200028419495,0.011979997158050537,1.2725030183792114,0.02458522841334343,70,2.903546361765783e-05
1256,0.9877510070800781,0.012248992919921875,1.2944961786270142,0.025071464478969574,70,2.903546361765783e-05
1257,0.9877482652664185,0.012251734733581543,1.3065457344055176,0.025194674730300903,70,2.903546361765783e-05
1258,0.9876407384872437,0.012359261512756348,1.2997194528579712,0.025232862681150436,70,2.903546361765783e-05
1259,0.9875757098197937,0.012424290180206299,1.2744765281677246,0.025044811889529228,70,2.903546361765783e-05
1260,0.9882252812385559,0.011774718761444092,1.2948176860809326,0.024605147540569305,71,2.758369043677494e-05
1261,0.9879003763198853,0.012099623680114746,1.288610816001892,0.024864735081791878,71,2.758369043677494e-05
1262,0.9884366989135742,0.011563301086425781,1.2798465490341187,0.024246133863925934,71,2.758369043677494e-05
1263,0.9874584078788757,0.012541592121124268,1.2932437658309937,0.025348614901304245,71,2.758369043677494e-05
1264,0.9878603219985962,0.012139678001403809,1.281139612197876,0.024829678237438202,71,2.758369043677494e-05
1265,0.9878107309341431,0.012189269065856934,1.3022552728652954,0.0250899288803339,71,2.758369043677494e-05
1266,0.9879807829856873,0.012019217014312744,1.2902671098709106,0.024801695719361305,71,2.758369043677494e-05
1267,0.9875028133392334,0.012497186660766602,1.296453833580017,0.025336753576993942,71,2.758369043677494e-05
1268,0.9881251454353333,0.011874854564666748,1.2786211967468262,0.024542316794395447,71,2.758369043677494e-05
1269,0.9879109263420105,0.012089073657989502,1.278329849243164,0.024751480668783188,71,2.758369043677494e-05
1270,0.9876415133476257,0.012358486652374268,1.283299207687378,0.025067893788218498,71,2.758369043677494e-05
1271,0.9879692196846008,0.01203078031539917,1.2653661966323853,0.024564135819673538,71,2.758369043677494e-05
1272,0.9874584674835205,0.012541532516479492,1.2954952716827393,0.025371069088578224,71,2.758369043677494e-05
1273,0.9880790114402771,0.0119209885597229,1.2863960266113281,0.02466573938727379,71,2.758369043677494e-05
1274,0.9874560832977295,0.012543916702270508,1.2821460962295532,0.025239938870072365,71,2.758369043677494e-05
1275,0.9878363609313965,0.012163639068603516,1.279741644859314,0.02483941987156868,71,2.758369043677494e-05
1276,0.9875379800796509,0.012462019920349121,1.3086975812911987,0.025424376130104065,71,2.758369043677494e-05
1277,0.9876193404197693,0.012380659580230713,1.2834336757659912,0.02509118989109993,71,2.758369043677494e-05
1278,0.9877158403396606,0.012284159660339355,1.3001399040222168,0.025162717327475548,72,2.620450591493619e-05
1279,0.988078773021698,0.011921226978302002,1.2988629341125488,0.024790644645690918,72,2.620450591493619e-05
1280,0.9885833859443665,0.011416614055633545,1.271568775177002,0.02401813492178917,72,2.620450591493619e-05
1281,0.9877374768257141,0.012262523174285889,1.2893471717834473,0.025033369660377502,72,2.620450591493619e-05
1282,0.9877396821975708,0.0122603178024292,1.2823855876922607,0.024961570277810097,72,2.620450591493619e-05
1283,0.9880992770195007,0.011900722980499268,1.2796571254730225,0.024578286334872246,72,2.620450591493619e-05
1284,0.9877045154571533,0.01229548454284668,1.2866811752319336,0.025039341300725937,72,2.620450591493619e-05
1285,0.9876661896705627,0.012333810329437256,1.2785837650299072,0.024996310472488403,72,2.620450591493619e-05
1286,0.9880056977272034,0.01199430227279663,1.2730507850646973,0.02460486628115177,72,2.620450591493619e-05
1287,0.9877704381942749,0.012229561805725098,1.2693264484405518,0.024800531566143036,72,2.620450591493619e-05
1288,0.9875139594078064,0.012486040592193604,1.2892117500305176,0.0252532958984375,72,2.620450591493619e-05
1289,0.9875209927558899,0.012479007244110107,1.2966963052749634,0.025321180000901222,72,2.620450591493619e-05
1290,0.987683117389679,0.012316882610321045,1.3089320659637451,0.02528303489089012,72,2.620450591493619e-05
1291,0.9874675869941711,0.012532413005828857,1.2954429388046265,0.025361517444252968,72,2.620450591493619e-05
1292,0.9878196120262146,0.0121803879737854,1.285797357559204,0.02491655759513378,72,2.620450591493619e-05
1293,0.9877893328666687,0.012210667133331299,1.2938742637634277,0.025027303025126457,72,2.620450591493619e-05
1294,0.9879714846611023,0.012028515338897705,1.2803837060928345,0.02471206709742546,72,2.620450591493619e-05
1295,0.9890525341033936,0.010947465896606445,1.2894209623336792,0.023732200264930725,72,2.620450591493619e-05
1296,0.9883526563644409,0.011647343635559082,1.2771893739700317,0.024302763864398003,73,2.489428061918938e-05
1297,0.9876067638397217,0.01239323616027832,1.2987436056137085,0.025256739929318428,73,2.489428061918938e-05
1298,0.987718939781189,0.012281060218811035,1.2761913537979126,0.024920161813497543,73,2.489428061918938e-05
1299,0.9879286289215088,0.012071371078491211,1.2985705137252808,0.024936363101005554,73,2.489428061918938e-05
1300,0.987910807132721,0.012089192867279053,1.2805447578430176,0.024773746728897095,73,2.489428061918938e-05
1301,0.9874419569969177,0.012558043003082275,1.2925605773925781,0.025358067825436592,73,2.489428061918938e-05
1302,0.9882417321205139,0.011758267879486084,1.2799521684646606,0.024440206587314606,73,2.489428061918938e-05
1303,0.987331211566925,0.012668788433074951,1.2872533798217773,0.025414634495973587,73,2.489428061918938e-05
1304,0.9878198504447937,0.012180149555206299,1.2784504890441895,0.024842852726578712,73,2.489428061918938e-05
1305,0.9883264303207397,0.011673569679260254,1.2948673963546753,0.024505507200956345,73,2.489428061918938e-05
1306,0.988237202167511,0.011762797832489014,1.3068174123764038,0.024713344871997833,73,2.489428061918938e-05
1307,0.9877794981002808,0.012220501899719238,1.2821335792541504,0.024919632822275162,73,2.489428061918938e-05
1308,0.9875936508178711,0.012406349182128906,1.280524730682373,0.02508753165602684,73,2.489428061918938e-05
1309,0.987794041633606,0.012205958366394043,1.2808001041412354,0.024891899898648262,73,2.489428061918938e-05
1310,0.9878994226455688,0.012100577354431152,1.284550666809082,0.0248250775039196,73,2.489428061918938e-05
1311,0.9874973893165588,0.012502610683441162,1.288021445274353,0.02525779977440834,73,2.489428061918938e-05
1312,0.987618625164032,0.012381374835968018,1.2917912006378174,0.02517547272145748,73,2.489428061918938e-05
1313,0.988326370716095,0.01167362928390503,1.2803120613098145,0.024360012263059616,73,2.489428061918938e-05
1314,0.9877087473869324,0.012291252613067627,1.3045122623443604,0.025213461369276047,74,2.364956658822991e-05
1315,0.9876992702484131,0.012300729751586914,1.2858244180679321,0.02503596618771553,74,2.364956658822991e-05
1316,0.9876167178153992,0.01238328218460083,1.2812864780426025,0.025072313845157623,74,2.364956658822991e-05
1317,0.988538920879364,0.011461079120635986,1.276880145072937,0.024115270003676414,74,2.364956658822991e-05
1318,0.9877352714538574,0.012264728546142578,1.2772808074951172,0.02491489052772522,74,2.364956658822991e-05
1319,0.9874299764633179,0.012570023536682129,1.3011747598648071,0.02545607089996338,74,2.364956658822991e-05
1320,0.9871973991394043,0.012802600860595703,1.2948687076568604,0.02562326192855835,74,2.364956658822991e-05
1321,0.9880592226982117,0.01194077730178833,1.2972356081008911,0.024793725460767746,74,2.364956658822991e-05
1322,0.9881870150566101,0.011812984943389893,1.2881040573120117,0.024575896561145782,74,2.364956658822991e-05
1323,0.9879661202430725,0.01203387975692749,1.2943083047866821,0.024856623262166977,74,2.364956658822991e-05
1324,0.9874905943870544,0.012509405612945557,1.302956461906433,0.0254138745367527,74,2.364956658822991e-05
1325,0.9875162243843079,0.012483775615692139,1.2838619947433472,0.025197558104991913,74,2.364956658822991e-05
1326,0.9884583950042725,0.011541604995727539,1.2637557983398438,0.024063747376203537,74,2.364956658822991e-05
1327,0.988301157951355,0.01169884204864502,1.2843129634857178,0.02442498318850994,74,2.364956658822991e-05
1328,0.9877671003341675,0.01223289966583252,1.2855499982833862,0.02496607042849064,74,2.364956658822991e-05
1329,0.9880307912826538,0.011969208717346191,1.2808061838150024,0.02465757727622986,74,2.364956658822991e-05
1330,0.9876287579536438,0.012371242046356201,1.2791401147842407,0.025038931518793106,74,2.364956658822991e-05
1331,0.9876636266708374,0.012336373329162598,1.2800803184509277,0.025013811886310577,74,2.364956658822991e-05
1332,0.9876672625541687,0.012332737445831299,1.2832183837890625,0.025041593238711357,75,2.2467088258818413e-05
1333,0.9875279068946838,0.012472093105316162,1.3084592819213867,0.025431964546442032,75,2.2467088258818413e-05
1334,0.9878764748573303,0.012123525142669678,1.2849260568618774,0.024851549416780472,75,2.2467088258818413e-05
1335,0.9872409701347351,0.012759029865264893,1.287107229232788,0.025502510368824005,75,2.2467088258818413e-05
1336,0.9877871870994568,0.012212812900543213,1.2878767251968384,0.024969451129436493,75,2.2467088258818413e-05
1337,0.9877408742904663,0.012259125709533691,1.297035813331604,0.025106891989707947,75,2.2467088258818413e-05
1338,0.9878579378128052,0.012142062187194824,1.2915399074554443,0.024936040863394737,75,2.2467088258818413e-05
1339,0.9879166483879089,0.012083351612091064,1.282224416732788,0.024784762412309647,75,2.2467088258818413e-05
1340,0.987575352191925,0.012424647808074951,1.2900383472442627,0.02520078420639038,75,2.2467088258818413e-05
1341,0.9878785014152527,0.012121498584747314,1.2849005460739136,0.024849288165569305,75,2.2467088258818413e-05
1342,0.9878197312355042,0.01218026876449585,1.2987154722213745,0.025045620277523994,75,2.2467088258818413e-05
1343,0.9881446361541748,0.011855363845825195,1.2986003160476685,0.024722812697291374,75,2.2467088258818413e-05
1344,0.9882478713989258,0.011752128601074219,1.269506573677063,0.024329673498868942,75,2.2467088258818413e-05
1345,0.988437294960022,0.011562705039978027,1.2890346050262451,0.024337423965334892,75,2.2467088258818413e-05
1346,0.9881594777107239,0.011840522289276123,1.280504584312439,0.024527162313461304,75,2.2467088258818413e-05
1347,0.9876818656921387,0.012318134307861328,1.2846471071243286,0.025041423738002777,75,2.2467088258818413e-05
1348,0.9880127310752869,0.011987268924713135,1.2631769180297852,0.024499166756868362,75,2.2467088258818413e-05
1349,0.9874950051307678,0.012504994869232178,1.30233895778656,0.025403335690498352,75,2.2467088258818413e-05
1350,0.9877898097038269,0.012210190296173096,1.2798770666122437,0.024886857718229294,76,2.134373384587749e-05
1351,0.9878425002098083,0.01215749979019165,1.284157156944275,0.02487749606370926,76,2.134373384587749e-05
1352,0.9877947568893433,0.012205243110656738,1.2811453342437744,0.02489464357495308,76,2.134373384587749e-05
1353,0.9875518083572388,0.01244819164276123,1.3086491823196411,0.025410201400518417,76,2.134373384587749e-05
1354,0.9877766966819763,0.012223303318023682,1.2751948833465576,0.024853017181158066,76,2.134373384587749e-05
1355,0.9879952669143677,0.012004733085632324,1.2827757596969604,0.024712443351745605,76,2.134373384587749e-05
1356,0.9874163866043091,0.012583613395690918,1.2928578853607178,0.025386355817317963,76,2.134373384587749e-05
1357,0.9872965216636658,0.012703478336334229,1.2783262729644775,0.025359706953167915,76,2.134373384587749e-05
1358,0.9878217577934265,0.012178242206573486,1.2980879545211792,0.025037338957190514,76,2.134373384587749e-05
1359,0.9880273342132568,0.011972665786743164,1.2823432683944702,0.0246763713657856,76,2.134373384587749e-05
1360,0.9880560040473938,0.011943995952606201,1.2989780902862549,0.024814337491989136,76,2.134373384587749e-05
1361,0.9882516264915466,0.01174837350845337,1.2741577625274658,0.024372465908527374,76,2.134373384587749e-05
1362,0.9881336688995361,0.011866331100463867,1.27559494972229,0.024503616616129875,76,2.134373384587749e-05
1363,0.9874101877212524,0.012589812278747559,1.278367519378662,0.025247588753700256,76,2.134373384587749e-05
1364,0.9873265624046326,0.012673437595367432,1.2923643589019775,0.025470346212387085,76,2.134373384587749e-05
1365,0.9883646368980408,0.011635363101959229,1.299617886543274,0.024515187367796898,76,2.134373384587749e-05
1366,0.9882720708847046,0.01172792911529541,1.2803536653518677,0.02441418543457985,76,2.134373384587749e-05
1367,0.9884721040725708,0.0115278959274292,1.3236374855041504,0.024648990482091904,76,2.134373384587749e-05
1368,0.9879813194274902,0.012018680572509766,1.2947921752929688,0.02484641596674919,77,2.0276547153583614e-05
1369,0.9881102442741394,0.011889755725860596,1.2697343826293945,0.024468202143907547,77,2.0276547153583614e-05
1370,0.9880427718162537,0.011957228183746338,1.283859372138977,0.02467624843120575,77,2.0276547153583614e-05
1371,0.9873756766319275,0.01262432336807251,1.2852884531021118,0.025350963696837425,77,2.0276547153583614e-05
1372,0.9877135753631592,0.01228642463684082,1.2892075777053833,0.02505563572049141,77,2.0276547153583614e-05
1373,0.9878290891647339,0.012170910835266113,1.2913334369659424,0.024962536990642548,77,2.0276547153583614e-05
1374,0.9874260425567627,0.012573957443237305,1.2926024198532104,0.025374241173267365,77,2.0276547153583614e-05
1375,0.9876516461372375,0.012348353862762451,1.2970114946365356,0.025194985792040825,77,2.0276547153583614e-05
1376,0.9878566861152649,0.012143313884735107,1.285550594329834,0.024877386167645454,77,2.0276547153583614e-05
1377,0.9880961775779724,0.011903822422027588,1.2647582292556763,0.024432366713881493,77,2.0276547153583614e-05
1378,0.9881682395935059,0.01183176040649414,1.2948747873306274,0.024662191048264503,77,2.0276547153583614e-05
1379,0.9879921078681946,0.01200789213180542,1.295337438583374,0.0248411875218153,77,2.0276547153583614e-05
1380,0.9880122542381287,0.011987745761871338,1.284721851348877,0.024715088307857513,77,2.0276547153583614e-05
1381,0.9877923727035522,0.012207627296447754,1.2942731380462646,0.025028282776474953,77,2.0276547153583614e-05
1382,0.9877008199691772,0.012299180030822754,1.2905312776565552,0.02508150041103363,77,2.0276547153583614e-05
1383,0.9878500699996948,0.012149930000305176,1.2876442670822144,0.024904873222112656,77,2.0276547153583614e-05
1384,0.9879034161567688,0.012096583843231201,1.283667802810669,0.02481229603290558,77,2.0276547153583614e-05
1385,0.9878078699111938,0.012192130088806152,1.25968599319458,0.02466706931591034,77,2.0276547153583614e-05
1386,0.9881346225738525,0.011865377426147461,1.2750917673110962,0.024497641250491142,78,1.9262719795904432e-05
1387,0.9878342151641846,0.01216578483581543,1.2839668989181519,0.024883795529603958,78,1.9262719795904432e-05
1388,0.9878381490707397,0.012161850929260254,1.286163330078125,0.024901865050196648,78,1.9262719795904432e-05
1389,0.9877175688743591,0.01228243112564087,1.2851290702819824,0.02501089870929718,78,1.9262719795904432e-05
1390,0.9878701567649841,0.01212984323501587,1.2854931354522705,0.024863475933670998,78,1.9262719795904432e-05
1391,0.9880066514015198,0.011993348598480225,1.2879230976104736,0.024752646684646606,78,1.9262719795904432e-05
1392,0.9880380034446716,0.01196199655532837,1.2962919473648071,0.02480529621243477,78,1.9262719795904432e-05
1393,0.9882305264472961,0.011769473552703857,1.2915781736373901,0.024567559361457825,78,1.9262719795904432e-05
1394,0.9878517389297485,0.012148261070251465,1.2880420684814453,0.024907197803258896,78,1.9262719795904432e-05
1395,0.9880136847496033,0.011986315250396729,1.2819931507110596,0.024686383083462715,78,1.9262719795904432e-05
1396,0.9872457385063171,0.012754261493682861,1.290920376777649,0.02553592249751091,78,1.9262719795904432e-05
1397,0.9873340725898743,0.012665927410125732,1.2877531051635742,0.025416798889636993,78,1.9262719795904432e-05
1398,0.9880149960517883,0.01198500394821167,1.2838367223739624,0.02470352128148079,78,1.9262719795904432e-05
1399,0.9876782894134521,0.012321710586547852,1.2981714010238647,0.025180207565426826,78,1.9262719795904432e-05
1400,0.988186776638031,0.011813223361968994,1.2745896577835083,0.024440988898277283,78,1.9262719795904432e-05
1401,0.9879108667373657,0.012089133262634277,1.2979356050491333,0.024947598576545715,78,1.9262719795904432e-05
1402,0.9874769449234009,0.012523055076599121,1.2948676347732544,0.025346500799059868,78,1.9262719795904432e-05
1403,0.9884186387062073,0.011581361293792725,1.260785698890686,0.02407340332865715,78,1.9262719795904432e-05
1404,0.9874448776245117,0.012555122375488281,1.2716944217681885,0.025146516039967537,79,1.829958380610921e-05
1405,0.9881807565689087,0.011819243431091309,1.280879259109497,0.024509843438863754,79,1.829958380610921e-05
1406,0.987652599811554,0.012347400188446045,1.3035944700241089,0.025259871035814285,79,1.829958380610921e-05
1407,0.98819500207901,0.01180499792098999,1.2857837677001953,0.024544786661863327,79,1.829958380610921e-05
1408,0.9877069592475891,0.012293040752410889,1.2856037616729736,0.025026148185133934,79,1.829958380610921e-05
1409,0.9876759052276611,0.012324094772338867,1.3026179075241089,0.025227032601833344,79,1.829958380610921e-05
1410,0.9883478283882141,0.011652171611785889,1.2674872875213623,0.024210523813962936,79,1.829958380610921e-05
1411,0.9880226254463196,0.01197737455368042,1.2894175052642822,0.024751774966716766,79,1.829958380610921e-05
1412,0.9873913526535034,0.012608647346496582,1.293122410774231,0.025413785129785538,79,1.829958380610921e-05
1413,0.9877570867538452,0.012242913246154785,1.279942512512207,0.024919908493757248,79,1.829958380610921e-05
1414,0.9878785610198975,0.012121438980102539,1.2851310968399048,0.024851534515619278,79,1.829958380610921e-05
1415,0.987914502620697,0.012085497379302979,1.293603539466858,0.024900678545236588,79,1.829958380610921e-05
1416,0.9874973297119141,0.012502670288085938,1.2968658208847046,0.0253463014960289,79,1.829958380610921e-05
1417,0.9884582161903381,0.011541783809661865,1.2739408016204834,0.024165773764252663,79,1.829958380610921e-05
1418,0.9879361987113953,0.012063801288604736,1.2935513257980347,0.02487867698073387,79,1.829958380610921e-05
1419,0.9874664545059204,0.01253354549407959,1.2807817459106445,0.025216028094291687,79,1.829958380610921e-05
1420,0.9878389835357666,0.012161016464233398,1.2901585102081299,0.024940989911556244,79,1.829958380610921e-05
1421,0.9882477521896362,0.01175224781036377,1.286840796470642,0.024503134191036224,79,1.829958380610921e-05
1422,0.9875525832176208,0.01244741678237915,1.2922013998031616,0.025244956836104393,80,1.738460461580375e-05
1423,0.9872957468032837,0.012704253196716309,1.283127784729004,0.025408487766981125,80,1.738460461580375e-05
1424,0.9881728291511536,0.011827170848846436,1.2919583320617676,0.02462848275899887,80,1.738460461580375e-05
1425,0.987845778465271,0.012154221534729004,1.2725341320037842,0.024758020415902138,80,1.738460461580375e-05
1426,0.9879094958305359,0.012090504169464111,1.2812520265579224,0.024782119318842888,80,1.738460461580375e-05
1427,0.9875799417495728,0.012420058250427246,1.2912366390228271,0.02520822361111641,80,1.738460461580375e-05
1428,0.9879401922225952,0.012059807777404785,1.2858757972717285,0.024797968566417694,80,1.738460461580375e-05
1429,0.9876918792724609,0.012308120727539062,1.2878183126449585,0.025063224136829376,80,1.738460461580375e-05
1430,0.9885193109512329,0.01148068904876709,1.2744011878967285,0.024109892547130585,80,1.738460461580375e-05
1431,0.9875108003616333,0.0124891996383667,1.2910480499267578,0.025274787098169327,80,1.738460461580375e-05
1432,0.9881510138511658,0.011848986148834229,1.3005812168121338,0.024736307561397552,80,1.738460461580375e-05
1433,0.9882373213768005,0.011762678623199463,1.2880417108535767,0.024525467306375504,80,1.738460461580375e-05
1434,0.9876137375831604,0.0123862624168396,1.3058465719223022,0.025320865213871002,80,1.738460461580375e-05
1435,0.9879552721977234,0.012044727802276611,1.2839725017547607,0.024764005094766617,80,1.738460461580375e-05
1436,0.9882457256317139,0.011754274368286133,1.281934380531311,0.024456076323986053,80,1.738460461580375e-05
1437,0.9877889752388,0.012211024761199951,1.274836778640747,0.024837281554937363,80,1.738460461580375e-05
1438,0.9877290725708008,0.012270927429199219,1.2863703966140747,0.025011923164129257,80,1.738460461580375e-05
1439,0.9875547289848328,0.012445271015167236,1.2911040782928467,0.025231858715415,80,1.738460461580375e-05
1440,0.9877686500549316,0.01223134994506836,1.2715750932693481,0.02482478693127632,81,1.6515374385013564e-05
1441,0.9872623085975647,0.012737691402435303,1.2876250743865967,0.025486566126346588,81,1.6515374385013564e-05
1442,0.9877079725265503,0.012292027473449707,1.275923490524292,0.024928342550992966,81,1.6515374385013564e-05
1443,0.9876357316970825,0.01236426830291748,1.2969328165054321,0.025209954008460045,81,1.6515374385013564e-05
1444,0.9878581762313843,0.012141823768615723,1.2899645566940308,0.02492005005478859,81,1.6515374385013564e-05
1445,0.9879465103149414,0.012053489685058594,1.2915692329406738,0.02484864741563797,81,1.6515374385013564e-05
1446,0.9880117774009705,0.011988222599029541,1.282973051071167,0.02469807118177414,81,1.6515374385013564e-05
1447,0.9881850481033325,0.01181495189666748,1.2726280689239502,0.024423083290457726,81,1.6515374385013564e-05
1448,0.9875435829162598,0.012456417083740234,1.289734125137329,0.02522919327020645,81,1.6515374385013564e-05
1449,0.9879736304283142,0.012026369571685791,1.2826292514801025,0.024732397869229317,81,1.6515374385013564e-05
1450,0.987914502620697,0.012085497379302979,1.2997123003005981,0.024961765855550766,81,1.6515374385013564e-05
1451,0.98758864402771,0.012411355972290039,1.2931301593780518,0.02521854266524315,81,1.6515374385013564e-05
1452,0.9880287647247314,0.011971235275268555,1.3092396259307861,0.024943917989730835,81,1.6515374385013564e-05
1453,0.987861692905426,0.012138307094573975,1.2939703464508057,0.024956626817584038,81,1.6515374385013564e-05
1454,0.9882335662841797,0.011766433715820312,1.2790751457214355,0.02443952113389969,81,1.6515374385013564e-05
1455,0.9884093999862671,0.01159060001373291,1.2742061614990234,0.024216756224632263,81,1.6515374385013564e-05
1456,0.9877181649208069,0.012281835079193115,1.2872428894042969,0.025031445547938347,81,1.6515374385013564e-05
1457,0.9878550171852112,0.012144982814788818,1.2722342014312744,0.024745874106884003,81,1.6515374385013564e-05
1458,0.9880390167236328,0.011960983276367188,1.2830184698104858,0.024671558290719986,82,1.5689605665762886e-05
1459,0.9879067540168762,0.01209324598312378,1.2648028135299683,0.024620341137051582,82,1.5689605665762886e-05
1460,0.9874403476715088,0.012559652328491211,1.2793365716934204,0.025227421894669533,82,1.5689605665762886e-05
1461,0.9876614809036255,0.012338519096374512,1.2807239294052124,0.025022372603416443,82,1.5689605665762886e-05
1462,0.9875075221061707,0.012492477893829346,1.2953503131866455,0.025321055203676224,82,1.5689605665762886e-05
1463,0.9880855679512024,0.011914432048797607,1.296108365058899,0.02475637197494507,82,1.5689605665762886e-05
1464,0.9880797863006592,0.01192021369934082,1.283005952835083,0.024631071835756302,82,1.5689605665762886e-05
1465,0.9879336357116699,0.012066364288330078,1.2803291082382202,0.024748992174863815,82,1.5689605665762886e-05
1466,0.9877012372016907,0.012298762798309326,1.2979685068130493,0.025155458599328995,82,1.5689605665762886e-05
1467,0.9878087639808655,0.012191236019134521,1.2928744554519653,0.024998068809509277,82,1.5689605665762886e-05
1468,0.987880527973175,0.012119472026824951,1.296027421951294,0.024958550930023193,82,1.5689605665762886e-05
1469,0.9878334999084473,0.012166500091552734,1.2970452308654785,0.02501528710126877,82,1.5689605665762886e-05
1470,0.9879574179649353,0.012042582035064697,1.2980810403823853,0.024902965873479843,82,1.5689605665762886e-05
1471,0.9882544279098511,0.011745572090148926,1.2827905416488647,0.024456020444631577,82,1.5689605665762886e-05
1472,0.9876978397369385,0.012302160263061523,1.2854615449905396,0.025033753365278244,82,1.5689605665762886e-05
1473,0.9876705408096313,0.012329459190368652,1.2809858322143555,0.025016022846102715,82,1.5689605665762886e-05
1474,0.9880682229995728,0.011931777000427246,1.2889750003814697,0.02470220997929573,82,1.5689605665762886e-05
1475,0.9885545969009399,0.011445403099060059,1.2797362804412842,0.02412831038236618,82,1.5689605665762886e-05
1476,0.9878795742988586,0.012120425701141357,1.2813035249710083,0.024812256917357445,83,1.490512538247474e-05
1477,0.987823486328125,0.012176513671875,1.2692323923110962,0.024747073650360107,83,1.490512538247474e-05
1478,0.987991988658905,0.01200801134109497,1.2747722864151,0.02463565394282341,83,1.490512538247474e-05
1479,0.988040030002594,0.011959969997406006,1.2928591966629028,0.02476896345615387,83,1.490512538247474e-05
1480,0.9877175092697144,0.012282490730285645,1.2924309968948364,0.02508397586643696,83,1.490512538247474e-05
1481,0.9881660342216492,0.01183396577835083,1.2898151874542236,0.02461377903819084,83,1.490512538247474e-05
1482,0.9877236485481262,0.01227635145187378,1.3050860166549683,0.025204448029398918,83,1.490512538247474e-05
1483,0.9884076118469238,0.011592388153076172,1.2800722122192383,0.024277186021208763,83,1.490512538247474e-05
1484,0.987460732460022,0.012539267539978027,1.292824149131775,0.025342116132378578,83,1.490512538247474e-05
1485,0.9875079393386841,0.012492060661315918,1.3032021522521973,0.025399161502718925,83,1.490512538247474e-05
1486,0.9878694415092468,0.012130558490753174,1.2901979684829712,0.02491123229265213,83,1.490512538247474e-05
1487,0.9875588417053223,0.012441158294677734,1.2860932350158691,0.02517767995595932,83,1.490512538247474e-05
1488,0.9878349900245667,0.01216500997543335,1.274035930633545,0.024783719331026077,83,1.490512538247474e-05
1489,0.9881278872489929,0.01187211275100708,1.2936532497406006,0.024689923971891403,83,1.490512538247474e-05
1490,0.9881168603897095,0.011883139610290527,1.2770721912384033,0.024535030126571655,83,1.490512538247474e-05
1491,0.9877002835273743,0.012299716472625732,1.2799370288848877,0.024976089596748352,83,1.490512538247474e-05
1492,0.9877522587776184,0.012247741222381592,1.279115915298462,0.024916421622037888,83,1.490512538247474e-05
1493,0.9877864718437195,0.012213528156280518,1.3227531909942627,0.025318924337625504,83,1.490512538247474e-05
1494,0.9878003001213074,0.012199699878692627,1.301710605621338,0.025094809010624886,84,1.4159869113351003e-05
1495,0.9879197478294373,0.012080252170562744,1.273126244544983,0.024690711870789528,84,1.4159869113351003e-05
1496,0.9877907633781433,0.01220923662185669,1.2917770147323608,0.0250049140304327,84,1.4159869113351003e-05
1497,0.9877929091453552,0.012207090854644775,1.2984931468963623,0.0250699520111084,84,1.4159869113351003e-05
1498,0.987809419631958,0.012190580368041992,1.2724888324737549,0.024793561547994614,84,1.4159869113351003e-05
1499,0.9880006313323975,0.011999368667602539,1.2695554494857788,0.02457492984831333,84,1.4159869113351003e-05
1500,0.988190233707428,0.011809766292572021,1.2842286825180054,0.02453395538032055,84,1.4159869113351003e-05
1501,0.9881013035774231,0.011898696422576904,1.288273811340332,0.024662446230649948,84,1.4159869113351003e-05
1502,0.9881852269172668,0.011814773082733154,1.2891267538070679,0.02458789199590683,84,1.4159869113351003e-05
1503,0.9877198934555054,0.012280106544494629,1.2983850240707397,0.02514115534722805,84,1.4159869113351003e-05
1504,0.9882075190544128,0.011792480945587158,1.2851333618164062,0.02452588826417923,84,1.4159869113351003e-05
1505,0.9878769516944885,0.012123048305511475,1.2809505462646484,0.02481132373213768,84,1.4159869113351003e-05
1506,0.9878566861152649,0.012143313884735107,1.2880728244781494,0.02490260824561119,84,1.4159869113351003e-05
1507,0.9876799583435059,0.01232004165649414,1.2766016721725464,0.024962857365608215,84,1.4159869113351003e-05
1508,0.9878422617912292,0.012157738208770752,1.297438383102417,0.025010544806718826,84,1.4159869113351003e-05
1509,0.9872968196868896,0.012703180313110352,1.291351079940796,0.02548965811729431,84,1.4159869113351003e-05
1510,0.9877292513847351,0.012270748615264893,1.287872314453125,0.02502676472067833,84,1.4159869113351003e-05
1511,0.987654447555542,0.012345552444458008,1.282401442527771,0.025046110153198242,84,1.4159869113351003e-05
1512,0.9883728623390198,0.011627137660980225,1.289446473121643,0.024405330419540405,85,1.3451875657683452e-05
1513,0.9877049922943115,0.012295007705688477,1.282586693763733,0.024997923523187637,85,1.3451875657683452e-05
1514,0.9882891178131104,0.011710882186889648,1.278549075126648,0.024379264563322067,85,1.3451875657683452e-05
1515,0.9879917502403259,0.012008249759674072,1.2591562271118164,0.024479730054736137,85,1.3451875657683452e-05
1516,0.9873083233833313,0.012691676616668701,1.2928974628448486,0.02549373358488083,85,1.3451875657683452e-05
1517,0.9872562289237976,0.012743771076202393,1.2934229373931885,0.025550562888383865,85,1.3451875657683452e-05
1518,0.9879113435745239,0.012088656425476074,1.2646104097366333,0.024613874033093452,85,1.3451875657683452e-05
1519,0.9875825643539429,0.012417435646057129,1.2966843843460083,0.02526010572910309,85,1.3451875657683452e-05
1520,0.9877205491065979,0.0122794508934021,1.285413384437561,0.025010790675878525,85,1.3451875657683452e-05
1521,0.9880848526954651,0.011915147304534912,1.2769960165023804,0.024565955623984337,85,1.3451875657683452e-05
1522,0.9880908727645874,0.011909127235412598,1.3107373714447021,0.024897409602999687,85,1.3451875657683452e-05
1523,0.9879041314125061,0.012095868587493896,1.2854211330413818,0.024829121306538582,85,1.3451875657683452e-05
1524,0.9880441427230835,0.011955857276916504,1.285451889038086,0.024690818041563034,85,1.3451875657683452e-05
1525,0.9882271885871887,0.01177281141281128,1.282453179359436,0.024479616433382034,85,1.3451875657683452e-05
1526,0.9879828691482544,0.012017130851745605,1.2956976890563965,0.024853937327861786,85,1.3451875657683452e-05
1527,0.9877223372459412,0.012277662754058838,1.2876172065734863,0.025031058117747307,85,1.3451875657683452e-05
1528,0.9876774549484253,0.012322545051574707,1.3004424571990967,0.02520374394953251,85,1.3451875657683452e-05
1529,0.987392246723175,0.012607753276824951,1.3013218641281128,0.0254948940128088,85,1.3451875657683452e-05
1530,0.9875128269195557,0.012487173080444336,1.2934640645980835,0.02529694139957428,86,1.277928187479928e-05
1531,0.9882007837295532,0.011799216270446777,1.2766393423080444,0.024447616189718246,86,1.277928187479928e-05
1532,0.9874852299690247,0.012514770030975342,1.3054492473602295,0.025444114580750465,86,1.277928187479928e-05
1533,0.9880300760269165,0.011969923973083496,1.2782697677612305,0.024632923305034637,86,1.277928187479928e-05
1534,0.987720251083374,0.012279748916625977,1.2940919399261475,0.025097869336605072,86,1.277928187479928e-05
1535,0.9879026412963867,0.012097358703613281,1.2820013761520386,0.02479640021920204,86,1.277928187479928e-05
1536,0.9874536395072937,0.012546360492706299,1.2892628908157349,0.025313526391983032,86,1.277928187479928e-05
1537,0.9880260825157166,0.011973917484283447,1.2905837297439575,0.024760015308856964,86,1.277928187479928e-05
1538,0.9879947900772095,0.012005209922790527,1.2699916362762451,0.024585073813796043,86,1.277928187479928e-05
1539,0.9879558086395264,0.012044191360473633,1.2936975955963135,0.024860724806785583,86,1.277928187479928e-05
1540,0.9875629544258118,0.012437045574188232,1.2857005596160889,0.025169679895043373,86,1.277928187479928e-05
1541,0.9880625605583191,0.011937439441680908,1.2743661403656006,0.024561725556850433,86,1.277928187479928e-05
1542,0.9878931641578674,0.012106835842132568,1.294980525970459,0.02493557333946228,86,1.277928187479928e-05
1543,0.9875227808952332,0.012477219104766846,1.291250467300415,0.025264952331781387,86,1.277928187479928e-05
1544,0.988124430179596,0.011875569820404053,1.2740086317062378,0.02449689991772175,86,1.277928187479928e-05
1545,0.9879007935523987,0.012099206447601318,1.295995831489563,0.024938173592090607,86,1.277928187479928e-05
1546,0.9881251454353333,0.011874854564666748,1.2943944931030273,0.024700051173567772,86,1.277928187479928e-05
1547,0.9886854887008667,0.0113145112991333,1.2428555488586426,0.023629922419786453,86,1.277928187479928e-05
1548,0.9880005717277527,0.011999428272247314,1.274354338645935,0.024622976779937744,87,1.2140317781059316e-05
1549,0.9878262877464294,0.012173712253570557,1.299879550933838,0.025050770491361618,87,1.2140317781059316e-05
1550,0.9879407286643982,0.012059271335601807,1.2862415313720703,0.024801094084978104,87,1.2140317781059316e-05
1551,0.988265335559845,0.01173466444015503,1.280296802520752,0.02442028559744358,87,1.2140317781059316e-05
1552,0.9875949025154114,0.012405097484588623,1.2996426820755005,0.025277473032474518,87,1.2140317781059316e-05
1553,0.9876682162284851,0.012331783771514893,1.2837021350860596,0.0250454880297184,87,1.2140317781059316e-05
1554,0.9881188273429871,0.01188117265701294,1.2758225202560425,0.02452058717608452,87,1.2140317781059316e-05
1555,0.987928569316864,0.012071430683135986,1.29306161403656,0.024881333112716675,87,1.2140317781059316e-05
1556,0.9882699847221375,0.011730015277862549,1.271267056465149,0.024325385689735413,87,1.2140317781059316e-05
1557,0.9879394173622131,0.012060582637786865,1.2686806917190552,0.024626784026622772,87,1.2140317781059316e-05
1558,0.9875316023826599,0.012468397617340088,1.2987892627716064,0.025331605225801468,87,1.2140317781059316e-05
1559,0.9879096746444702,0.012090325355529785,1.278084635734558,0.02475026808679104,87,1.2140317781059316e-05
1560,0.9879008531570435,0.012099146842956543,1.3013981580734253,0.024992138147354126,87,1.2140317781059316e-05
1561,0.9879999160766602,0.012000083923339844,1.2952113151550293,0.024832196533679962,87,1.2140317781059316e-05
1562,0.9876666069030762,0.012333393096923828,1.283464789390564,0.025044705718755722,87,1.2140317781059316e-05
1563,0.9877556562423706,0.012244343757629395,1.284989356994629,0.024971794337034225,87,1.2140317781059316e-05
1564,0.9876528382301331,0.012347161769866943,1.2915618419647217,0.025139307603240013,87,1.2140317781059316e-05
1565,0.9875226616859436,0.012477338314056396,1.3019145727157593,0.02537171170115471,87,1.2140317781059316e-05
1566,0.9878108501434326,0.012189149856567383,1.2814408540725708,0.024881666526198387,88,1.153330189200635e-05
1567,0.9882957935333252,0.011704206466674805,1.294255018234253,0.02452971413731575,88,1.153330189200635e-05
1568,0.9877610802650452,0.012238919734954834,1.2872118949890137,0.024988649412989616,88,1.153330189200635e-05
1569,0.9881833791732788,0.011816620826721191,1.3119699954986572,0.02481815405189991,88,1.153330189200635e-05
1570,0.9880737066268921,0.01192629337310791,1.2746697664260864,0.024553727358579636,88,1.153330189200635e-05
1571,0.9875875115394592,0.012412488460540771,1.3031704425811768,0.02532006800174713,88,1.153330189200635e-05
1572,0.9879201054573059,0.012079894542694092,1.2768590450286865,0.024727685377001762,88,1.153330189200635e-05
1573,0.9878727197647095,0.012127280235290527,1.273661732673645,0.024742623791098595,88,1.153330189200635e-05
1574,0.9876011610031128,0.012398838996887207,1.295564889907837,0.02523050084710121,88,1.153330189200635e-05
1575,0.9875311851501465,0.012468814849853516,1.2874962091445923,0.025219088420271873,88,1.153330189200635e-05
1576,0.987758219242096,0.012241780757904053,1.3018603324890137,0.025137966498732567,88,1.153330189200635e-05
1577,0.9883169531822205,0.011683046817779541,1.2692065238952637,0.024258282035589218,88,1.153330189200635e-05
1578,0.9877743721008301,0.012225627899169922,1.2863407135009766,0.024966778233647346,88,1.153330189200635e-05
1579,0.987662136554718,0.012337863445281982,1.280822515487671,0.025022709742188454,88,1.153330189200635e-05
1580,0.9883200526237488,0.01167994737625122,1.2730127573013306,0.02429327555000782,88,1.153330189200635e-05
1581,0.9876745343208313,0.012325465679168701,1.2819348573684692,0.02502155862748623,88,1.153330189200635e-05
1582,0.9879292249679565,0.012070775032043457,1.286862850189209,0.024818696081638336,88,1.153330189200635e-05
1583,0.98713618516922,0.01286381483078003,1.3019917011260986,0.02575509250164032,88,1.153330189200635e-05
1584,0.9877341389656067,0.01226586103439331,1.2795488834381104,0.024938691407442093,89,1.0956636797406032e-05
1585,0.9879558086395264,0.012044191360473633,1.3005101680755615,0.024928851053118706,89,1.0956636797406032e-05
1586,0.9878838658332825,0.01211613416671753,1.3001171350479126,0.024996142834424973,89,1.0956636797406032e-05
1587,0.9879807233810425,0.01201927661895752,1.275415301322937,0.02465323731303215,89,1.0956636797406032e-05
1588,0.9875702857971191,0.01242971420288086,1.2983136177062988,0.025288552045822144,89,1.0956636797406032e-05
1589,0.9882512092590332,0.011748790740966797,1.2918455600738525,0.024549758061766624,89,1.0956636797406032e-05
1590,0.9875693321228027,0.012430667877197266,1.284586787223816,0.02515222877264023,89,1.0956636797406032e-05
1591,0.988090991973877,0.011909008026123047,1.2854127883911133,0.024644045159220695,89,1.0956636797406032e-05
1592,0.988008439540863,0.011991560459136963,1.2923611402511597,0.024795256555080414,89,1.0956636797406032e-05
1593,0.9879601001739502,0.012039899826049805,1.2851591110229492,0.02477109245955944,89,1.0956636797406032e-05
1594,0.9882405996322632,0.011759400367736816,1.2859811782836914,0.02450161799788475,89,1.0956636797406032e-05
1595,0.987978994846344,0.012021005153656006,1.267059326171875,0.024571388959884644,89,1.0956636797406032e-05
1596,0.9876994490623474,0.012300550937652588,1.2873083353042603,0.025050628930330276,89,1.0956636797406032e-05
1597,0.9880563020706177,0.011943697929382324,1.264320969581604,0.02446747198700905,89,1.0956636797406032e-05
1598,0.9877816438674927,0.012218356132507324,1.2999165058135986,0.025095338001847267,89,1.0956636797406032e-05
1599,0.9873615503311157,0.012638449668884277,1.2955023050308228,0.02546708844602108,89,1.0956636797406032e-05
1600,0.987836480140686,0.012163519859313965,1.2811741828918457,0.024853626266121864,89,1.0956636797406032e-05
1601,0.9876639246940613,0.01233607530593872,1.2789008617401123,0.02500172331929207,89,1.0956636797406032e-05
1602,0.9874882102012634,0.012511789798736572,1.28840970993042,0.025270769372582436,90,1.0408804957535729e-05
1603,0.9875458478927612,0.01245415210723877,1.2861828804016113,0.02519143931567669,90,1.0408804957535729e-05
1604,0.9875137805938721,0.01248621940612793,1.2937337160110474,0.025298694148659706,90,1.0408804957535729e-05
1605,0.9879586696624756,0.012041330337524414,1.2809834480285645,0.024730751290917397,90,1.0408804957535729e-05
1606,0.9880403876304626,0.011959612369537354,1.2646788358688354,0.024486804381012917,90,1.0408804957535729e-05
1607,0.9882172346115112,0.01178276538848877,1.279538631439209,0.0244603231549263,90,1.0408804957535729e-05
1608,0.987858772277832,0.012141227722167969,1.2971572875976562,0.024991389364004135,90,1.0408804957535729e-05
1609,0.9874815344810486,0.012518465518951416,1.2932655811309814,0.02532593533396721,90,1.0408804957535729e-05
1610,0.9880755543708801,0.011924445629119873,1.2956291437149048,0.024761492386460304,90,1.0408804957535729e-05
1611,0.9878509044647217,0.01214909553527832,1.2758744955062866,0.02478634938597679,90,1.0408804957535729e-05
1612,0.9878429174423218,0.012157082557678223,1.3113259077072144,0.025148769840598106,90,1.0408804957535729e-05
1613,0.9884586334228516,0.011541366577148438,1.2881828546524048,0.02430778183043003,90,1.0408804957535729e-05
1614,0.9877643585205078,0.012235641479492188,1.278569221496582,0.02489897608757019,90,1.0408804957535729e-05
1615,0.9879993200302124,0.012000679969787598,1.2879042625427246,0.024759715422987938,90,1.0408804957535729e-05
1616,0.9883409738540649,0.011659026145935059,1.2855902910232544,0.024398338049650192,90,1.0408804957535729e-05
1617,0.9875398874282837,0.012460112571716309,1.2795097827911377,0.025130609050393105,90,1.0408804957535729e-05
1618,0.9878882765769958,0.01211172342300415,1.2800410985946655,0.024791017174720764,90,1.0408804957535729e-05
1619,0.9877588152885437,0.012241184711456299,1.2980525493621826,0.025099297985434532,90,1.0408804957535729e-05
1620,0.9884356260299683,0.011564373970031738,1.2719942331314087,0.024168673902750015,91,9.888364709658941e-06
1621,0.9875641465187073,0.012435853481292725,1.2889325618743896,0.025200821459293365,91,9.888364709658941e-06
1622,0.9879118204116821,0.012088179588317871,1.2789666652679443,0.024756964296102524,91,9.888364709658941e-06
1623,0.9879139065742493,0.012086093425750732,1.2870776653289795,0.024836009368300438,91,9.888364709658941e-06
1624,0.9874848127365112,0.01251518726348877,1.2828385829925537,0.0252184197306633,91,9.888364709658941e-06
1625,0.988170862197876,0.011829137802124023,1.2835873365402222,0.02454672008752823,91,9.888364709658941e-06
1626,0.9882065653800964,0.011793434619903564,1.2904818058013916,0.024580318480730057,91,9.888364709658941e-06
1627,0.9876619577407837,0.012338042259216309,1.28240168094635,0.02503867819905281,91,9.888364709658941e-06
1628,0.9881100654602051,0.011889934539794922,1.2803542613983154,0.024574577808380127,91,9.888364709658941e-06
1629,0.9875966310501099,0.012403368949890137,1.2915029525756836,0.02519436553120613,91,9.888364709658941e-06
1630,0.9874914288520813,0.012508571147918701,1.3021767139434814,0.02540525235235691,91,9.888364709658941e-06
1631,0.9877355694770813,0.012264430522918701,1.288399338722229,0.025025779381394386,91,9.888364709658941e-06
1632,0.9879418611526489,0.012058138847351074,1.2885023355484009,0.024822581559419632,91,9.888364709658941e-06
1633,0.9880701303482056,0.011929869651794434,1.2812658548355103,0.02462323009967804,91,9.888364709658941e-06
1634,0.9878015518188477,0.012198448181152344,1.3147356510162354,0.02522381953895092,91,9.888364709658941e-06
1635,0.9881370663642883,0.01186293363571167,1.2886474132537842,0.024630777537822723,91,9.888364709658941e-06
1636,0.9877192974090576,0.012280702590942383,1.270819067955017,0.02486608549952507,91,9.888364709658941e-06
1637,0.9875580668449402,0.012441933155059814,1.2833541631698608,0.025151055306196213,91,9.888364709658941e-06
1638,0.9881472587585449,0.011852741241455078,1.288817048072815,0.02462238445878029,92,9.393946474175994e-06
1639,0.9874926209449768,0.012507379055023193,1.3020683526992798,0.025402989238500595,92,9.393946474175994e-06
1640,0.9883599281311035,0.011640071868896484,1.2647342681884766,0.02417101338505745,92,9.393946474175994e-06
1641,0.9875664710998535,0.012433528900146484,1.2815533876419067,0.025124726817011833,92,9.393946474175994e-06
1642,0.9876949191093445,0.012305080890655518,1.288424015045166,0.02506626956164837,92,9.393946474175994e-06
1643,0.9878911375999451,0.012108862400054932,1.2888439893722534,0.024876214563846588,92,9.393946474175994e-06
1644,0.9879404902458191,0.012059509754180908,1.289627194404602,0.024835186079144478,92,9.393946474175994e-06
1645,0.987648606300354,0.012351393699645996,1.2913342714309692,0.025141222402453423,92,9.393946474175994e-06
1646,0.9876394867897034,0.01236051321029663,1.2879914045333862,0.025116821750998497,92,9.393946474175994e-06
1647,0.9879447817802429,0.01205521821975708,1.2707587480545044,0.024642253294587135,92,9.393946474175994e-06
1648,0.9882509112358093,0.011749088764190674,1.2744431495666504,0.024376029148697853,92,9.393946474175994e-06
1649,0.987346351146698,0.012653648853302002,1.2792479991912842,0.025319591164588928,92,9.393946474175994e-06
1650,0.988006055355072,0.011993944644927979,1.2823896408081055,0.02469790168106556,92,9.393946474175994e-06
1651,0.9879016876220703,0.012098312377929688,1.3157563209533691,0.025134891271591187,92,9.393946474175994e-06
1652,0.9878785610198975,0.012121438980102539,1.2894023656845093,0.024894248694181442,92,9.393946474175994e-06
1653,0.9882491230964661,0.011750876903533936,1.2851967811584473,0.024485334753990173,92,9.393946474175994e-06
1654,0.9880213141441345,0.011978685855865479,1.2861311435699463,0.0247202105820179,92,9.393946474175994e-06
1655,0.9875596165657043,0.012440383434295654,1.2955496311187744,0.025271475315093994,92,9.393946474175994e-06
1656,0.987953782081604,0.012046217918395996,1.2758747339248657,0.02468450367450714,93,8.924249150467194e-06
1657,0.987661600112915,0.012338399887084961,1.3161298036575317,0.02537631429731846,93,8.924249150467194e-06
1658,0.9877585768699646,0.0122414231300354,1.284712791442871,0.024966135621070862,93,8.924249150467194e-06
1659,0.9876101613044739,0.012389838695526123,1.2820301055908203,0.025086240842938423,93,8.924249150467194e-06
1660,0.9877613186836243,0.012238681316375732,1.2827537059783936,0.02494383230805397,93,8.924249150467194e-06
1661,0.9883773922920227,0.011622607707977295,1.279020071029663,0.024296581745147705,93,8.924249150467194e-06
1662,0.9876898527145386,0.012310147285461426,1.2807801961898804,0.024994846433401108,93,8.924249150467194e-06
1663,0.9876068830490112,0.01239311695098877,1.3029425144195557,0.02529861032962799,93,8.924249150467194e-06
1664,0.9875080585479736,0.012491941452026367,1.2900890111923218,0.025267912074923515,93,8.924249150467194e-06
1665,0.9876551628112793,0.012344837188720703,1.2929984331130981,0.025151371955871582,93,8.924249150467194e-06
1666,0.9880209565162659,0.01197904348373413,1.2814562320709229,0.024673815816640854,93,8.924249150467194e-06
1667,0.9882763028144836,0.011723697185516357,1.267587423324585,0.024282334372401237,93,8.924249150467194e-06
1668,0.9880130290985107,0.011986970901489258,1.2794272899627686,0.02466137334704399,93,8.924249150467194e-06
1669,0.9876224398612976,0.012377560138702393,1.302898645401001,0.02528277039527893,93,8.924249150467194e-06
1670,0.9879533052444458,0.0120466947555542,1.268490195274353,0.024611130356788635,93,8.924249150467194e-06
1671,0.9876666069030762,0.012333393096923828,1.2979408502578735,0.025189466774463654,93,8.924249150467194e-06
1672,0.9883905053138733,0.011609494686126709,1.287233591079712,0.024365734308958054,93,8.924249150467194e-06
1673,0.9889028072357178,0.011097192764282227,1.2790007591247559,0.023776229470968246,93,8.924249150467194e-06
1674,0.987792432308197,0.012207567691802979,1.3010618686676025,0.025096110999584198,94,8.478036692943835e-06
1675,0.988078236579895,0.01192176342010498,1.2620038986206055,0.02442258410155773,94,8.478036692943835e-06
1676,0.9878345727920532,0.012165427207946777,1.302891492843628,0.02507268823683262,94,8.478036692943835e-06
1677,0.9881020784378052,0.011897921562194824,1.299713134765625,0.024776073172688484,94,8.478036692943835e-06
1678,0.9875871539115906,0.012412846088409424,1.2922887802124023,0.025211606174707413,94,8.478036692943835e-06
1679,0.9877368211746216,0.012263178825378418,1.2838480472564697,0.02497902698814869,94,8.478036692943835e-06
1680,0.9875322580337524,0.012467741966247559,1.288094401359558,0.025224007666110992,94,8.478036692943835e-06
1681,0.9877391457557678,0.012260854244232178,1.2804712057113647,0.024942956864833832,94,8.478036692943835e-06
1682,0.987342357635498,0.012657642364501953,1.2796645164489746,0.025327712297439575,94,8.478036692943835e-06
1683,0.9881516098976135,0.011848390102386475,1.278450846672058,0.024514414370059967,94,8.478036692943835e-06
1684,0.9880563020706177,0.011943697929382324,1.2928277254104614,0.02475253865122795,94,8.478036692943835e-06
1685,0.9882296323776245,0.011770367622375488,1.2690774202346802,0.02434343844652176,94,8.478036692943835e-06
1686,0.9877282381057739,0.012271761894226074,1.287642002105713,0.025025464594364166,94,8.478036692943835e-06
1687,0.9878801703453064,0.012119829654693604,1.2879348993301392,0.02487798035144806,94,8.478036692943835e-06
1688,0.9879424571990967,0.01205754280090332,1.2860453128814697,0.02479742094874382,94,8.478036692943835e-06
1689,0.9882605671882629,0.01173943281173706,1.2904375791549683,0.024526413530111313,94,8.478036692943835e-06
1690,0.9880726933479309,0.011927306652069092,1.275470495223999,0.024562738835811615,94,8.478036692943835e-06
1691,0.9875404238700867,0.01245957612991333,1.3021132946014404,0.02535611391067505,94,8.478036692943835e-06
1692,0.988047182559967,0.011952817440032959,1.276821255683899,0.02460150234401226,95,8.054134858296643e-06
1693,0.9875326156616211,0.012467384338378906,1.2833324670791626,0.02517603524029255,95,8.054134858296643e-06
1694,0.9878605008125305,0.012139499187469482,1.286414384841919,0.024882247671484947,95,8.054134858296643e-06
1695,0.987750768661499,0.012249231338500977,1.2961843013763428,0.025088582187891006,95,8.054134858296643e-06
1696,0.9877792596817017,0.01222074031829834,1.2863233089447021,0.024961765855550766,95,8.054134858296643e-06
1697,0.9876991510391235,0.012300848960876465,1.3025615215301514,0.025203455239534378,95,8.054134858296643e-06
1698,0.9879993200302124,0.012000679969787598,1.295586347579956,0.02483653649687767,95,8.054134858296643e-06
1699,0.9875953197479248,0.012404680252075195,1.2834054231643677,0.02511468715965748,95,8.054134858296643e-06
1700,0.9876914620399475,0.01230853796005249,1.3024516105651855,0.02520996704697609,95,8.054134858296643e-06
1701,0.9876129031181335,0.012387096881866455,1.284135341644287,0.025104578584432602,95,8.054134858296643e-06
1702,0.9878885746002197,0.012111425399780273,1.3109873533248901,0.025100184604525566,95,8.054134858296643e-06
1703,0.9874588847160339,0.012541115283966064,1.2834806442260742,0.02525050938129425,95,8.054134858296643e-06
1704,0.9882144331932068,0.011785566806793213,1.2667033672332764,0.024334745481610298,95,8.054134858296643e-06
1705,0.9878849983215332,0.012115001678466797,1.2791526317596436,0.024785377085208893,95,8.054134858296643e-06
1706,0.9880717992782593,0.011928200721740723,1.2923372983932495,0.02473229169845581,95,8.054134858296643e-06
1707,0.9883753061294556,0.011624693870544434,1.273748755455017,0.024245934560894966,95,8.054134858296643e-06
1708,0.9883261919021606,0.011673808097839355,1.2783876657485962,0.024340946227312088,95,8.054134858296643e-06
1709,0.9886413812637329,0.01135861873626709,1.2554808855056763,0.023799840360879898,95,8.054134858296643e-06
1710,0.9880056977272034,0.01199430227279663,1.2750906944274902,0.02462526597082615,96,7.65142811538181e-06
1711,0.9880735874176025,0.011926412582397461,1.3057273626327515,0.024864420294761658,96,7.65142811538181e-06
1712,0.987860918045044,0.012139081954956055,1.2900309562683105,0.024918001145124435,96,7.65142811538181e-06
1713,0.9880155920982361,0.011984407901763916,1.2771623134613037,0.02463618665933609,96,7.65142811538181e-06
1714,0.987522304058075,0.012477695941925049,1.3023968935012817,0.02537688799202442,96,7.65142811538181e-06
1715,0.9882116317749023,0.011788368225097656,1.2963413000106812,0.024633895605802536,96,7.65142811538181e-06
1716,0.9882492423057556,0.011750757694244385,1.2798621654510498,0.024431871250271797,96,7.65142811538181e-06
1717,0.98756343126297,0.01243656873703003,1.2842506170272827,0.025154709815979004,96,7.65142811538181e-06
1718,0.9877939224243164,0.012206077575683594,1.2858796119689941,0.024942811578512192,96,7.65142811538181e-06
1719,0.9881452322006226,0.011854767799377441,1.2824082374572754,0.02456030249595642,96,7.65142811538181e-06
1720,0.9881548285484314,0.011845171451568604,1.2844561338424683,0.024571280926465988,96,7.65142811538181e-06
1721,0.9876594543457031,0.012340545654296875,1.2899633646011353,0.025116775184869766,96,7.65142811538181e-06
1722,0.987796425819397,0.012203574180603027,1.3031485080718994,0.025113023817539215,96,7.65142811538181e-06
1723,0.9875903725624084,0.012409627437591553,1.2782639265060425,0.025068171322345734,96,7.65142811538181e-06
1724,0.9877954125404358,0.012204587459564209,1.2847373485565186,0.024929914623498917,96,7.65142811538181e-06
1725,0.9881352782249451,0.011864721775054932,1.2670131921768188,0.024416206404566765,96,7.65142811538181e-06
1726,0.9871515035629272,0.012848496437072754,1.2908896207809448,0.02562890574336052,96,7.65142811538181e-06
1727,0.9886503219604492,0.011349678039550781,1.2555445432662964,0.02379162609577179,96,7.65142811538181e-06
1728,0.9874926209449768,0.012507379055023193,1.2987382411956787,0.025369687005877495,97,7.26885670961272e-06
1729,0.9880978465080261,0.011902153491973877,1.2935264110565186,0.024718396365642548,97,7.26885670961272e-06
1730,0.9881601333618164,0.011839866638183594,1.264690637588501,0.024368375539779663,97,7.26885670961272e-06
1731,0.9876970052719116,0.012302994728088379,1.2895078659057617,0.025075044482946396,97,7.26885670961272e-06
1732,0.9880834221839905,0.011916577816009521,1.280261516571045,0.02460002712905407,97,7.26885670961272e-06
1733,0.9879129528999329,0.012087047100067139,1.3013694286346436,0.02497987076640129,97,7.26885670961272e-06
1734,0.9877808094024658,0.01221919059753418,1.2749897241592407,0.024846896529197693,97,7.26885670961272e-06
1735,0.9876991510391235,0.012300848960876465,1.2663496732711792,0.024841338396072388,97,7.26885670961272e-06
1736,0.9873815178871155,0.012618482112884521,1.282981276512146,0.02532210946083069,97,7.26885670961272e-06
1737,0.9873620271682739,0.012637972831726074,1.2879693508148193,0.025391286239027977,97,7.26885670961272e-06
1738,0.9876851439476013,0.012314856052398682,1.3031866550445557,0.02522357366979122,97,7.26885670961272e-06
1739,0.987694501876831,0.012305498123168945,1.2910287380218506,0.025092730298638344,97,7.26885670961272e-06
1740,0.9883211851119995,0.011678814888000488,1.288292646408081,0.024444952607154846,97,7.26885670961272e-06
1741,0.9884476661682129,0.01155233383178711,1.280555248260498,0.02424236387014389,97,7.26885670961272e-06
1742,0.9878949522972107,0.012105047702789307,1.2874188423156738,0.024858184158802032,97,7.26885670961272e-06
1743,0.9880754351615906,0.011924564838409424,1.2860218286514282,0.02466553822159767,97,7.26885670961272e-06
1744,0.9882424473762512,0.01175755262374878,1.2876877784729004,0.02451685443520546,97,7.26885670961272e-06
1745,0.9877710342407227,0.012228965759277344,1.298154592514038,0.025088220834732056,97,7.26885670961272e-06
1746,0.9877976179122925,0.01220238208770752,1.2877060174942017,0.02495741844177246,98,6.905413874132084e-06
1747,0.9878071546554565,0.012192845344543457,1.3010586500167847,0.02508150413632393,98,6.905413874132084e-06
1748,0.9875670671463013,0.01243293285369873,1.2864820957183838,0.025173425674438477,98,6.905413874132084e-06
1749,0.9876226186752319,0.012377381324768066,1.2925305366516113,0.02517891302704811,98,6.905413874132084e-06
1750,0.988195538520813,0.011804461479187012,1.2791465520858765,0.0244778823107481,98,6.905413874132084e-06
1751,0.9874394536018372,0.012560546398162842,1.2836143970489502,0.025271084159612656,98,6.905413874132084e-06
1752,0.9878705143928528,0.012129485607147217,1.2961806058883667,0.024969996884465218,98,6.905413874132084e-06
1753,0.988091766834259,0.011908233165740967,1.282972812652588,0.024618878960609436,98,6.905413874132084e-06
1754,0.9880366921424866,0.011963307857513428,1.284921407699585,0.02469288930296898,98,6.905413874132084e-06
1755,0.9882790446281433,0.01172095537185669,1.2675625085830688,0.02427937090396881,98,6.905413874132084e-06
1756,0.9876004457473755,0.012399554252624512,1.3066447973251343,0.025342006236314774,98,6.905413874132084e-06
1757,0.9873099327087402,0.012690067291259766,1.290899634361267,0.025472164154052734,98,6.905413874132084e-06
1758,0.9876741170883179,0.012325882911682129,1.2731201648712158,0.0249338261783123,98,6.905413874132084e-06
1759,0.9879293441772461,0.012070655822753906,1.2670962810516357,0.024620911106467247,98,6.905413874132084e-06
1760,0.9880791306495667,0.01192086935043335,1.276489019393921,0.02456654980778694,98,6.905413874132084e-06
1761,0.9883581399917603,0.011641860008239746,1.279193639755249,0.02431737817823887,98,6.905413874132084e-06
1762,0.988353431224823,0.011646568775177002,1.2972155809402466,0.024502258747816086,98,6.905413874132084e-06
1763,0.9878125786781311,0.012187421321868896,1.3217962980270386,0.025283509865403175,98,6.905413874132084e-06
1764,0.9877880215644836,0.012211978435516357,1.2877743244171143,0.024967601522803307,99,6.5601431804254795e-06
1765,0.9881824254989624,0.011817574501037598,1.2642302513122559,0.024341702461242676,99,6.5601431804254795e-06
1766,0.987492024898529,0.012507975101470947,1.2871097326278687,0.025253992527723312,99,6.5601431804254795e-06
1767,0.9877089858055115,0.012291014194488525,1.288460612297058,0.025052709504961967,99,6.5601431804254795e-06
1768,0.9880422949790955,0.011957705020904541,1.3060996532440186,0.02489912509918213,99,6.5601431804254795e-06
1769,0.9883068799972534,0.011693120002746582,1.3037188053131104,0.024613376706838608,99,6.5601431804254795e-06
1770,0.9876734018325806,0.012326598167419434,1.2816681861877441,0.025020014494657516,99,6.5601431804254795e-06
1771,0.9880563616752625,0.011943638324737549,1.2904852628707886,0.024729054421186447,99,6.5601431804254795e-06
1772,0.9880051612854004,0.01199483871459961,1.280078649520874,0.024675678461790085,99,6.5601431804254795e-06
1773,0.9874319434165955,0.012568056583404541,1.2770788669586182,0.02521316520869732,99,6.5601431804254795e-06
1774,0.9878205060958862,0.01217949390411377,1.3027489185333252,0.025085188448429108,99,6.5601431804254795e-06
1775,0.9877667427062988,0.012233257293701172,1.2829560041427612,0.024940485134720802,99,6.5601431804254795e-06
1776,0.9879473447799683,0.012052655220031738,1.2730985879898071,0.024663114920258522,99,6.5601431804254795e-06
1777,0.9876792430877686,0.012320756912231445,1.2824912071228027,0.025022462010383606,99,6.5601431804254795e-06
1778,0.9876572489738464,0.012342751026153564,1.283060073852539,0.025049924850463867,99,6.5601431804254795e-06
1779,0.9882912635803223,0.011708736419677734,1.290396809577942,0.024495616555213928,99,6.5601431804254795e-06
1780,0.9879342317581177,0.012065768241882324,1.291808843612671,0.024863198399543762,99,6.5601431804254795e-06
1781,0.9884544610977173,0.011545538902282715,1.26069176197052,0.02403699979186058,99,6.5601431804254795e-06
1782,0.9877414703369141,0.012258529663085938,1.2822179794311523,0.02495812252163887,100,6.232136021404205e-06
1783,0.9877750277519226,0.012224972248077393,1.281093716621399,0.024913659319281578,100,6.232136021404205e-06
1784,0.9876365065574646,0.0123634934425354,1.288594126701355,0.02512579970061779,100,6.232136021404205e-06
1785,0.9874802827835083,0.0125197172164917,1.2954843044281006,0.025349363684654236,100,6.232136021404205e-06
1786,0.9879604578018188,0.012039542198181152,1.2863339185714722,0.024782486259937286,100,6.232136021404205e-06
1787,0.9873533844947815,0.012646615505218506,1.299434781074524,0.025514496490359306,100,6.232136021404205e-06
1788,0.9883903861045837,0.01160961389541626,1.2803187370300293,0.024296704679727554,100,6.232136021404205e-06
1789,0.9875348210334778,0.012465178966522217,1.2850637435913086,0.025191165506839752,100,6.232136021404205e-06
1790,0.988202691078186,0.011797308921813965,1.290042519569397,0.024579759687185287,100,6.232136021404205e-06
1791,0.9878842830657959,0.012115716934204102,1.2967582941055298,0.02496214210987091,100,6.232136021404205e-06
1792,0.9880026578903198,0.011997342109680176,1.298134684562683,0.024858716875314713,100,6.232136021404205e-06
1793,0.9881798028945923,0.011820197105407715,1.2606192827224731,0.024308187887072563,100,6.232136021404205e-06
1794,0.9878292679786682,0.012170732021331787,1.2743542194366455,0.024792566895484924,100,6.232136021404205e-06
1795,0.9879357814788818,0.012064218521118164,1.2869246006011963,0.024812821298837662,100,6.232136021404205e-06
1796,0.9881391525268555,0.011860847473144531,1.2787895202636719,0.024530135095119476,100,6.232136021404205e-06
1797,0.9880149960517883,0.01198500394821167,1.2948440313339233,0.024813594296574593,100,6.232136021404205e-06
1798,0.988035261631012,0.011964738368988037,1.2853370904922485,0.024698462337255478,100,6.232136021404205e-06
1799,0.9874000549316406,0.012599945068359375,1.2796285152435303,0.025270231068134308,100,6.232136021404205e-06
1800,0.9879955053329468,0.012004494667053223,1.298648476600647,0.024870935827493668,101,5.920529220333994e-06
1801,0.9872510433197021,0.012748956680297852,1.2905324697494507,0.02552679181098938,101,5.920529220333994e-06
1802,0.9878877997398376,0.012112200260162354,1.280868649482727,0.024799764156341553,101,5.920529220333994e-06
1803,0.9880415201187134,0.011958479881286621,1.3002853393554688,0.02484174817800522,101,5.920529220333994e-06
1804,0.9884939789772034,0.01150602102279663,1.2789733409881592,0.024180693551898003,101,5.920529220333994e-06
1805,0.9875949621200562,0.012405037879943848,1.28578782081604,0.025138866156339645,101,5.920529220333994e-06
1806,0.9875658750534058,0.012434124946594238,1.290392279624939,0.025213707238435745,101,5.920529220333994e-06
1807,0.9881385564804077,0.011861443519592285,1.2799394130706787,0.024542223662137985,101,5.920529220333994e-06
1808,0.9883909821510315,0.011609017848968506,1.2725352048873901,0.024218279868364334,101,5.920529220333994e-06
1809,0.9880156517028809,0.01198434829711914,1.2865403890609741,0.024729907512664795,101,5.920529220333994e-06
1810,0.9879348874092102,0.012065112590789795,1.2818951606750488,0.02476341277360916,101,5.920529220333994e-06
1811,0.987984836101532,0.012015163898468018,1.2949299812316895,0.02484431117773056,101,5.920529220333994e-06
1812,0.9876406192779541,0.012359380722045898,1.2846935987472534,0.025082722306251526,101,5.920529220333994e-06
1813,0.9880142211914062,0.01198577880859375,1.2749841213226318,0.024615760892629623,101,5.920529220333994e-06
1814,0.9874997138977051,0.012500286102294922,1.2984784841537476,0.025360066443681717,101,5.920529220333994e-06
1815,0.9878278970718384,0.012172102928161621,1.2880600690841675,0.024930981919169426,101,5.920529220333994e-06
1816,0.9878814220428467,0.01211857795715332,1.2858277559280396,0.02485566958785057,101,5.920529220333994e-06
1817,0.9876757860183716,0.012324213981628418,1.2820281982421875,0.025021255016326904,101,5.920529220333994e-06
1818,0.9876235723495483,0.01237642765045166,1.2771514654159546,0.025024177506566048,102,5.624502759317295e-06
1819,0.9879659414291382,0.012034058570861816,1.27945077419281,0.024708226323127747,102,5.624502759317295e-06
1820,0.9879294633865356,0.012070536613464355,1.2795110940933228,0.024744942784309387,102,5.624502759317295e-06
1821,0.9879669547080994,0.012033045291900635,1.2756483554840088,0.02466919831931591,102,5.624502759317295e-06
1822,0.9879249930381775,0.01207500696182251,1.2640130519866943,0.024594387039542198,102,5.624502759317295e-06
1823,0.9880028963088989,0.011997103691101074,1.2855533361434937,0.024732666090130806,102,5.624502759317295e-06
1824,0.988242506980896,0.011757493019104004,1.2895466089248657,0.02453538402915001,102,5.624502759317295e-06
1825,0.9878110289573669,0.012188971042633057,1.3059954643249512,0.02512703463435173,102,5.624502759317295e-06
1826,0.9872498512268066,0.01275014877319336,1.2918884754180908,0.025541532784700394,102,5.624502759317295e-06
1827,0.987968921661377,0.012031078338623047,1.2903015613555908,0.024813782423734665,102,5.624502759317295e-06
1828,0.9884640574455261,0.011535942554473877,1.2880134582519531,0.024300716817378998,102,5.624502759317295e-06
1829,0.9879277944564819,0.012072205543518066,1.291921615600586,0.024870699271559715,102,5.624502759317295e-06
1830,0.9879610538482666,0.012038946151733398,1.2829352617263794,0.024747908115386963,102,5.624502759317295e-06
1831,0.9875203967094421,0.012479603290557861,1.309788703918457,0.025452693924307823,102,5.624502759317295e-06
1832,0.9881988167762756,0.011801183223724365,1.2714720964431763,0.024397891014814377,102,5.624502759317295e-06
1833,0.9873865246772766,0.012613475322723389,1.2967631816864014,0.025454971939325333,102,5.624502759317295e-06
1834,0.9879324436187744,0.012067556381225586,1.2803741693496704,0.02475062385201454,102,5.624502759317295e-06
1835,0.9877814650535583,0.01221853494644165,1.2984590530395508,0.02508094161748886,102,5.624502759317295e-06
1836,0.9879089593887329,0.01209104061126709,1.2780938148498535,0.024751069024205208,103,5.34327762135143e-06
1837,0.9881845712661743,0.011815428733825684,1.264779806137085,0.024345071986317635,103,5.34327762135143e-06
1838,0.9877068400382996,0.01229315996170044,1.2803006172180176,0.02497323416173458,103,5.34327762135143e-06
1839,0.9885079860687256,0.011492013931274414,1.2842704057693481,0.024219797924160957,103,5.34327762135143e-06
1840,0.9879910945892334,0.012008905410766602,1.2874817848205566,0.02476363256573677,103,5.34327762135143e-06
1841,0.9884647727012634,0.011535227298736572,1.281388521194458,0.024233760312199593,103,5.34327762135143e-06
1842,0.9874786734580994,0.012521326541900635,1.2950537204742432,0.025346649810671806,103,5.34327762135143e-06
1843,0.9878946542739868,0.012105345726013184,1.2976460456848145,0.024960752576589584,103,5.34327762135143e-06
1844,0.9875875115394592,0.012412488460540771,1.2807332277297974,0.02509569562971592,103,5.34327762135143e-06
1845,0.9878791570663452,0.012120842933654785,1.285609483718872,0.024855729192495346,103,5.34327762135143e-06
1846,0.9877152442932129,0.01228475570678711,1.2734261751174927,0.02489617094397545,103,5.34327762135143e-06
1847,0.9879355430603027,0.012064456939697266,1.2882260084152222,0.02482607215642929,103,5.34327762135143e-06
1848,0.9876463413238525,0.012353658676147461,1.2854762077331543,0.025084882974624634,103,5.34327762135143e-06
1849,0.9880232810974121,0.01197671890258789,1.2934595346450806,0.024791546165943146,103,5.34327762135143e-06
1850,0.987863302230835,0.012136697769165039,1.2825554609298706,0.024840883910655975,103,5.34327762135143e-06
1851,0.987420380115509,0.012579619884490967,1.2974488735198975,0.02542831189930439,103,5.34327762135143e-06
1852,0.9878467321395874,0.012153267860412598,1.3036774396896362,0.025068510323762894,103,5.34327762135143e-06
1853,0.9879601001739502,0.012039899826049805,1.3137551546096802,0.025057051330804825,103,5.34327762135143e-06
1854,0.9879111647605896,0.0120888352394104,1.284609079360962,0.02481403760612011,104,5.076113740283858e-06
1855,0.9885443449020386,0.011455655097961426,1.2868882417678833,0.02420997992157936,104,5.076113740283858e-06
1856,0.9882673025131226,0.011732697486877441,1.267932415008545,0.024294693022966385,104,5.076113740283858e-06
1857,0.9884970188140869,0.011502981185913086,1.2709159851074219,0.024097111076116562,104,5.076113740283858e-06
1858,0.9878149628639221,0.01218503713607788,1.2942237854003906,0.02500542439520359,104,5.076113740283858e-06
1859,0.9879110455513,0.012088954448699951,1.280340313911438,0.024771466851234436,104,5.076113740283858e-06
1860,0.9878935813903809,0.01210641860961914,1.2731022834777832,0.02471637725830078,104,5.076113740283858e-06
1861,0.9879423975944519,0.012057602405548096,1.279647946357727,0.02473350614309311,104,5.076113740283858e-06
1862,0.9877849221229553,0.012215077877044678,1.3006747961044312,0.025099676102399826,104,5.076113740283858e-06
1863,0.9880661368370056,0.011933863162994385,1.2819949388504028,0.024634473025798798,104,5.076113740283858e-06
1864,0.9872990846633911,0.012700915336608887,1.2925596237182617,0.025499502196907997,104,5.076113740283858e-06
1865,0.9875478744506836,0.012452125549316406,1.29610276222229,0.02528863027691841,104,5.076113740283858e-06
1866,0.9876318573951721,0.01236814260482788,1.2977830171585083,0.0252222903072834,104,5.076113740283858e-06
1867,0.9877389073371887,0.01226109266281128,1.278317928314209,0.024921661242842674,104,5.076113740283858e-06
1868,0.9878467917442322,0.012153208255767822,1.3095779418945312,0.025127455592155457,104,5.076113740283858e-06
1869,0.9876266121864319,0.012373387813568115,1.2880439758300781,0.025130093097686768,104,5.076113740283858e-06
1870,0.9875961542129517,0.01240384578704834,1.2847286462783813,0.025127094238996506,104,5.076113740283858e-06
1871,0.9879298806190491,0.012070119380950928,1.283928394317627,0.02478870190680027,104,5.076113740283858e-06
1872,0.9876930117607117,0.01230698823928833,1.3168997764587402,0.02535291574895382,105,4.8223080532696655e-06
1873,0.9882782101631165,0.011721789836883545,1.2684073448181152,0.024288645014166832,105,4.8223080532696655e-06
1874,0.9880297183990479,0.011970281600952148,1.2726620435714722,0.024577198550105095,105,4.8223080532696655e-06
1875,0.9870806932449341,0.012919306755065918,1.2873969078063965,0.025664083659648895,105,4.8223080532696655e-06
1876,0.9874845743179321,0.012515425682067871,1.2903964519500732,0.025294236838817596,105,4.8223080532696655e-06
1877,0.987694501876831,0.012305498123168945,1.296824336051941,0.025150686502456665,105,4.8223080532696655e-06
1878,0.988004207611084,0.011995792388916016,1.285996675491333,0.02473580092191696,105,4.8223080532696655e-06
1879,0.9882163405418396,0.0117836594581604,1.273097038269043,0.02439679205417633,105,4.8223080532696655e-06
1880,0.9881423711776733,0.01185762882232666,1.2890286445617676,0.024629339575767517,105,4.8223080532696655e-06
1881,0.9879092574119568,0.012090742588043213,1.283380150794983,0.024803636595606804,105,4.8223080532696655e-06
1882,0.987967848777771,0.012032151222229004,1.2908366918563843,0.024820197373628616,105,4.8223080532696655e-06
1883,0.9879987239837646,0.012001276016235352,1.2701374292373657,0.0245826356112957,105,4.8223080532696655e-06
1884,0.9878700375556946,0.01212996244430542,1.2934582233428955,0.024943245574831963,105,4.8223080532696655e-06
1885,0.9879956245422363,0.012004375457763672,1.2822412252426147,0.02470674365758896,105,4.8223080532696655e-06
1886,0.9878157377243042,0.0121842622756958,1.288178563117981,0.024944204837083817,105,4.8223080532696655e-06
1887,0.9879026412963867,0.012097358703613281,1.2928029298782349,0.024904415011405945,105,4.8223080532696655e-06
1888,0.9879581928253174,0.012041807174682617,1.2928135395050049,0.02484952285885811,105,4.8223080532696655e-06
1889,0.9880378842353821,0.01196211576461792,1.265005350112915,0.024492546916007996,105,4.8223080532696655e-06
1890,0.9877147674560547,0.012285232543945312,1.2948172092437744,0.025110552087426186,106,4.581192650606182e-06
1891,0.9875925779342651,0.012407422065734863,1.2981030941009521,0.025264378637075424,106,4.581192650606182e-06
1892,0.9879951477050781,0.012004852294921875,1.3071365356445312,0.024956168606877327,106,4.581192650606182e-06
1893,0.9877479672431946,0.01225203275680542,1.2984298467636108,0.02511380985379219,106,4.581192650606182e-06
1894,0.9880393743515015,0.011960625648498535,1.2856526374816895,0.024697545915842056,106,4.581192650606182e-06
1895,0.987636923789978,0.012363076210021973,1.2704517841339111,0.024943962693214417,106,4.581192650606182e-06
1896,0.9880790710449219,0.011920928955078125,1.282848834991455,0.02463020756840706,106,4.581192650606182e-06
1897,0.988355815410614,0.011644184589385986,1.2888209819793701,0.02441595308482647,106,4.581192650606182e-06
1898,0.9880005717277527,0.011999428272247314,1.2756757736206055,0.02463619038462639,106,4.581192650606182e-06
1899,0.9877831339836121,0.01221686601638794,1.2951279878616333,0.025045977905392647,106,4.581192650606182e-06
1900,0.9877910614013672,0.012208938598632812,1.2941677570343018,0.025028526782989502,106,4.581192650606182e-06
1901,0.9880743026733398,0.011925697326660156,1.2689558267593384,0.02449599839746952,106,4.581192650606182e-06
1902,0.9880982041358948,0.011901795864105225,1.2856292724609375,0.0246390700340271,106,4.581192650606182e-06
1903,0.9881980419158936,0.011801958084106445,1.2579234838485718,0.0242631733417511,106,4.581192650606182e-06
1904,0.9877669811248779,0.01223301887512207,1.2874394655227661,0.02498508244752884,106,4.581192650606182e-06
1905,0.9877879619598389,0.012212038040161133,1.2879886627197266,0.024969805032014847,106,4.581192650606182e-06
1906,0.9877952337265015,0.012204766273498535,1.2822902202606201,0.024905620142817497,106,4.581192650606182e-06
1907,0.9870641231536865,0.012935876846313477,1.302209734916687,0.025828614830970764,106,4.581192650606182e-06
1908,0.9878844618797302,0.012115538120269775,1.2922122478485107,0.024916505441069603,107,4.3521330180758725e-06
1909,0.9876056909561157,0.012394309043884277,1.309772253036499,0.025368086993694305,107,4.3521330180758725e-06
1910,0.9881107211112976,0.011889278888702393,1.2840466499328613,0.0246108528226614,107,4.3521330180758725e-06
1911,0.9883321523666382,0.011667847633361816,1.2782423496246338,0.024333592504262924,107,4.3521330180758725e-06
1912,0.9879418015480042,0.01205819845199585,1.2837833166122437,0.024775449186563492,107,4.3521330180758725e-06
1913,0.9881590604782104,0.01184093952178955,1.2843362092971802,0.024565892294049263,107,4.3521330180758725e-06
1914,0.9878363609313965,0.012163639068603516,1.308967113494873,0.025131672620773315,107,4.3521330180758725e-06
1915,0.9883988499641418,0.011601150035858154,1.2905099391937256,0.024390239268541336,107,4.3521330180758725e-06
1916,0.9876194596290588,0.012380540370941162,1.294114112854004,0.025197874754667282,107,4.3521330180758725e-06
1917,0.9875769019126892,0.012423098087310791,1.2846555709838867,0.02514542266726494,107,4.3521330180758725e-06
1918,0.9874879717826843,0.012512028217315674,1.287164330482483,0.02525855042040348,107,4.3521330180758725e-06
1919,0.9884411692619324,0.011558830738067627,1.2570029497146606,0.024013271555304527,107,4.3521330180758725e-06
1920,0.9881201386451721,0.01187986135482788,1.2615116834640503,0.02437618002295494,107,4.3521330180758725e-06
1921,0.9877558350563049,0.012244164943695068,1.28898024559021,0.025011524558067322,107,4.3521330180758725e-06
1922,0.9876934289932251,0.012306571006774902,1.2748050689697266,0.02493155561387539,107,4.3521330180758725e-06
1923,0.9871522188186646,0.01284778118133545,1.297295331954956,0.025692256167531013,107,4.3521330180758725e-06
1924,0.9878380298614502,0.012161970138549805,1.2877975702285767,0.0249183252453804,107,4.3521330180758725e-06
1925,0.9879859089851379,0.01201409101486206,1.2849657535552979,0.02474360726773739,107,4.3521330180758725e-06
1926,0.9877115488052368,0.012288451194763184,1.2944613695144653,0.02511018142104149,108,4.1345263671720786e-06
1927,0.9879710078239441,0.012028992176055908,1.2816494703292847,0.02472519688308239,108,4.1345263671720786e-06
1928,0.987501323223114,0.012498676776885986,1.2918692827224731,0.025292381644248962,108,4.1345263671720786e-06
1929,0.9879515171051025,0.012048482894897461,1.298278570175171,0.024910785257816315,108,4.1345263671720786e-06
1930,0.9884350895881653,0.011564910411834717,1.29277503490448,0.024377010762691498,108,4.1345263671720786e-06
1931,0.9879321455955505,0.012067854404449463,1.2692699432373047,0.024639874696731567,108,4.1345263671720786e-06
1932,0.987359344959259,0.012640655040740967,1.302898645401001,0.02554323524236679,108,4.1345263671720786e-06
1933,0.9875617027282715,0.012438297271728516,1.2772727012634277,0.025086641311645508,108,4.1345263671720786e-06
1934,0.9879428148269653,0.012057185173034668,1.2933608293533325,0.024870220571756363,108,4.1345263671720786e-06
1935,0.9878814220428467,0.01211857795715332,1.2873516082763672,0.02487090788781643,108,4.1345263671720786e-06
1936,0.9880245923995972,0.011975407600402832,1.2841979265213013,0.02469763159751892,108,4.1345263671720786e-06
1937,0.9877415895462036,0.012258410453796387,1.272161841392517,0.02485744282603264,108,4.1345263671720786e-06
1938,0.9878365993499756,0.012163400650024414,1.2992584705352783,0.025034351274371147,108,4.1345263671720786e-06
1939,0.9885964393615723,0.011403560638427734,1.2629905939102173,0.023919429630041122,108,4.1345263671720786e-06
1940,0.9877360463142395,0.012263953685760498,1.2811477184295654,0.02495279163122177,108,4.1345263671720786e-06
1941,0.9883216619491577,0.011678338050842285,1.2937276363372803,0.0244988314807415,108,4.1345263671720786e-06
1942,0.9877718091011047,0.012228190898895264,1.2859340906143188,0.024965249001979828,108,4.1345263671720786e-06
1943,0.9874027967453003,0.012597203254699707,1.281800389289856,0.02528923563659191,108,4.1345263671720786e-06
1944,0.9882081151008606,0.011791884899139404,1.288161277770996,0.02455557882785797,109,3.927800048813474e-06
1945,0.9882296323776245,0.011770367622375488,1.2844438552856445,0.024497102946043015,109,3.927800048813474e-06
1946,0.987654983997345,0.01234501600265503,1.3079217672348022,0.025300784036517143,109,3.927800048813474e-06
1947,0.9880590438842773,0.011940956115722656,1.2825124263763428,0.024646669626235962,109,3.927800048813474e-06
1948,0.9881898164749146,0.01181018352508545,1.27879798412323,0.02448005974292755,109,3.927800048813474e-06
1949,0.9876858592033386,0.012314140796661377,1.2851234674453735,0.025042233988642693,109,3.927800048813474e-06
1950,0.9876803159713745,0.012319684028625488,1.2865804433822632,0.02506229281425476,109,3.927800048813474e-06
1951,0.9880677461624146,0.01193225383758545,1.2781919240951538,0.024594850838184357,109,3.927800048813474e-06
1952,0.9880452156066895,0.011954784393310547,1.283057451248169,0.02466581016778946,109,3.927800048813474e-06
1953,0.9875128269195557,0.012487173080444336,1.2814477682113647,0.025176778435707092,109,3.927800048813474e-06
1954,0.9875259399414062,0.01247406005859375,1.3082098960876465,0.025431416928768158,109,3.927800048813474e-06
1955,0.9877389073371887,0.01226109266281128,1.27987802028656,0.024937260895967484,109,3.927800048813474e-06
1956,0.9880655407905579,0.011934459209442139,1.29274320602417,0.024742547422647476,109,3.927800048813474e-06
1957,0.9878489971160889,0.012151002883911133,1.2616605758666992,0.024646099656820297,109,3.927800048813474e-06
1958,0.9883129000663757,0.011687099933624268,1.292049527168274,0.024490725249052048,109,3.927800048813474e-06
1959,0.9874671101570129,0.01253288984298706,1.2849313020706177,0.025256872177124023,109,3.927800048813474e-06
1960,0.9880308508872986,0.011969149112701416,1.285085916519165,0.024700317531824112,109,3.927800048813474e-06
1961,0.9874140620231628,0.012585937976837158,1.3006718158721924,0.02546679601073265,109,3.927800048813474e-06
1962,0.9878787398338318,0.012121260166168213,1.2978181838989258,0.02497822791337967,110,3.7314100463728006e-06
1963,0.9884411692619324,0.011558830738067627,1.2818138599395752,0.02426138147711754,110,3.7314100463728006e-06
1964,0.9882251024246216,0.011774897575378418,1.2979398965835571,0.02463654801249504,110,3.7314100463728006e-06
1965,0.9877208471298218,0.012279152870178223,1.2933443784713745,0.025089804083108902,110,3.7314100463728006e-06
1966,0.9879546165466309,0.01204538345336914,1.2848089933395386,0.024773020297288895,110,3.7314100463728006e-06
1967,0.9877861142158508,0.01221388578414917,1.2827953100204468,0.024919699877500534,110,3.7314100463728006e-06
1968,0.9877868294715881,0.012213170528411865,1.3105336427688599,0.02519637532532215,110,3.7314100463728006e-06
1969,0.9876295924186707,0.012370407581329346,1.2913179397583008,0.02515988238155842,110,3.7314100463728006e-06
1970,0.9881787300109863,0.011821269989013672,1.2635248899459839,0.02433830499649048,110,3.7314100463728006e-06
1971,0.9875289797782898,0.012471020221710205,1.2940374612808228,0.025286685675382614,110,3.7314100463728006e-06
1972,0.987446129322052,0.012553870677947998,1.2802174091339111,0.02523050457239151,110,3.7314100463728006e-06
1973,0.9881613254547119,0.011838674545288086,1.268175721168518,0.024402044713497162,110,3.7314100463728006e-06
1974,0.987834095954895,0.01216590404510498,1.302868127822876,0.02507292665541172,110,3.7314100463728006e-06
1975,0.9877548813819885,0.012245118618011475,1.27373468875885,0.024860013276338577,110,3.7314100463728006e-06
1976,0.9881040453910828,0.011895954608917236,1.2776134014129639,0.024553127586841583,110,3.7314100463728006e-06
1977,0.9877607226371765,0.012239277362823486,1.2826225757598877,0.02494310960173607,110,3.7314100463728006e-06
1978,0.988086998462677,0.011913001537322998,1.2794926166534424,0.024588797241449356,110,3.7314100463728006e-06
1979,0.9875797629356384,0.012420237064361572,1.2952395677566528,0.02524843066930771,110,3.7314100463728006e-06
1980,0.9873738884925842,0.012626111507415771,1.2711396217346191,0.025211244821548462,111,3.5448395440541604e-06
1981,0.9883518815040588,0.011648118495941162,1.2818843126296997,0.024350479245185852,111,3.5448395440541604e-06
1982,0.9878612756729126,0.012138724327087402,1.300231695175171,0.025019653141498566,111,3.5448395440541604e-06
1983,0.9877276420593262,0.012272357940673828,1.2975050210952759,0.0251246839761734,111,3.5448395440541604e-06
1984,0.9880568981170654,0.01194310188293457,1.28333580493927,0.024657029658555984,111,3.5448395440541604e-06
1985,0.9873238205909729,0.0126761794090271,1.2843825817108154,0.02539324387907982,111,3.5448395440541604e-06
1986,0.9878573417663574,0.012142658233642578,1.2729250192642212,0.0247504822909832,111,3.5448395440541604e-06
1987,0.9883296489715576,0.011670351028442383,1.270542860031128,0.02425907552242279,111,3.5448395440541604e-06
1988,0.987718939781189,0.012281060218811035,1.296600341796875,0.02512425184249878,111,3.5448395440541604e-06
1989,0.9875981211662292,0.012401878833770752,1.2859835624694824,0.02513769641518593,111,3.5448395440541604e-06
1990,0.9883238077163696,0.011676192283630371,1.281185269355774,0.024371283128857613,111,3.5448395440541604e-06
1991,0.9880660176277161,0.011933982372283936,1.2857310771942139,0.024671953171491623,111,3.5448395440541604e-06
1992,0.9882718920707703,0.011728107929229736,1.2771179676055908,0.024382006376981735,111,3.5448395440541604e-06
1993,0.9875838756561279,0.01241612434387207,1.2906615734100342,0.02519857883453369,111,3.5448395440541604e-06
1994,0.988314151763916,0.011685848236083984,1.295305848121643,0.024522047489881516,111,3.5448395440541604e-06
1995,0.9878991842269897,0.012100815773010254,1.2922991514205933,0.024902798235416412,111,3.5448395440541604e-06
1996,0.9876875281333923,0.012312471866607666,1.2946301698684692,0.025135647505521774,111,3.5448395440541604e-06
1997,0.9871537685394287,0.012846231460571289,1.3015825748443604,0.025733593851327896,111,3.5448395440541604e-06
1998,0.98761385679245,0.012386143207550049,1.2887461185455322,0.025149744004011154,112,3.3675975668514524e-06
1999,0.9875988960266113,0.012401103973388672,1.2865787744522095,0.025142880156636238,112,3.3675975668514524e-06
2000,0.987556517124176,0.012443482875823975,1.2857489585876465,0.025176536291837692,112,3.3675975668514524e-06
2001,0.9877733588218689,0.012226641178131104,1.2878786325454712,0.024983160197734833,112,3.3675975668514524e-06
2002,0.9883447885513306,0.011655211448669434,1.2658575773239136,0.024197235703468323,112,3.3675975668514524e-06
2003,0.9883996844291687,0.011600315570831299,1.2997854948043823,0.02448216825723648,112,3.3675975668514524e-06
2004,0.9877776503562927,0.012222349643707275,1.3039219379425049,0.025139346718788147,112,3.3675975668514524e-06
2005,0.9876070022583008,0.012392997741699219,1.2855908870697021,0.02512497641146183,112,3.3675975668514524e-06
2006,0.988318681716919,0.011681318283081055,1.2730019092559814,0.024294525384902954,112,3.3675975668514524e-06
2007,0.988290548324585,0.011709451675415039,1.3017970323562622,0.024610327556729317,112,3.3675975668514524e-06
2008,0.9881083965301514,0.011891603469848633,1.2769920825958252,0.024542607367038727,112,3.3675975668514524e-06
2009,0.9881593585014343,0.011840641498565674,1.2776846885681152,0.024499081075191498,112,3.3675975668514524e-06
2010,0.9879871010780334,0.012012898921966553,1.2758089303970337,0.02465086057782173,112,3.3675975668514524e-06
2011,0.9878708124160767,0.01212918758392334,1.2784074544906616,0.02479197084903717,112,3.3675975668514524e-06
2012,0.9878266453742981,0.012173354625701904,1.3005839586257935,0.025057461112737656,112,3.3675975668514524e-06
2013,0.9875807762145996,0.01241922378540039,1.300538420677185,0.025300417095422745,112,3.3675975668514524e-06
2014,0.9876707196235657,0.012329280376434326,1.27467942237854,0.024952780455350876,112,3.3675975668514524e-06
2015,0.9869493246078491,0.013050675392150879,1.2872906923294067,0.025793075561523438,112,3.3675975668514524e-06
2016,0.987773060798645,0.01222693920135498,1.2802940607070923,0.024907609447836876,113,3.1992176885088796e-06
2017,0.9879124760627747,0.012087523937225342,1.2794537544250488,0.02476118505001068,113,3.1992176885088796e-06
2018,0.9877349138259888,0.01226508617401123,1.3025124073028564,0.0251675583422184,113,3.1992176885088796e-06
2019,0.9880882501602173,0.011911749839782715,1.2901277542114258,0.024693910032510757,113,3.1992176885088796e-06
2020,0.987718403339386,0.012281596660614014,1.2823235988616943,0.024982016533613205,113,3.1992176885088796e-06
2021,0.9878995418548584,0.012100458145141602,1.2823232412338257,0.024802684783935547,113,3.1992176885088796e-06
2022,0.9878203868865967,0.01217961311340332,1.279582142829895,0.02485363930463791,113,3.1992176885088796e-06
2023,0.9878603219985962,0.012139678001403809,1.2862695455551147,0.024880975484848022,113,3.1992176885088796e-06
2024,0.9880765676498413,0.011923432350158691,1.2764370441436768,0.024568568915128708,113,3.1992176885088796e-06
2025,0.987747848033905,0.01225215196609497,1.2725270986557007,0.024854902178049088,113,3.1992176885088796e-06
2026,0.9876561760902405,0.012343823909759521,1.2822519540786743,0.025042904540896416,113,3.1992176885088796e-06
2027,0.9876731038093567,0.01232689619064331,1.282583475112915,0.025029461830854416,113,3.1992176885088796e-06
2028,0.987817108631134,0.012182891368865967,1.305787205696106,0.025118933990597725,113,3.1992176885088796e-06
2029,0.9880244731903076,0.011975526809692383,1.305354356765747,0.024909313768148422,113,3.1992176885088796e-06
2030,0.9884061813354492,0.011593818664550781,1.3054207563400269,0.02453208714723587,113,3.1992176885088796e-06
2031,0.9878371953964233,0.01216280460357666,1.2788939476013184,0.02483011595904827,113,3.1992176885088796e-06
2032,0.9878759384155273,0.012124061584472656,1.2845335006713867,0.024848155677318573,113,3.1992176885088796e-06
2033,0.9887051582336426,0.011294841766357422,1.242319941520691,0.023605093359947205,113,3.1992176885088796e-06
2034,0.9882003664970398,0.011799633502960205,1.2763139009475708,0.02444477751851082,114,3.0392568040834356e-06
2035,0.9878624677658081,0.012137532234191895,1.28863525390625,0.024902507662773132,114,3.0392568040834356e-06
2036,0.9878523945808411,0.012147605419158936,1.3038508892059326,0.025064637884497643,114,3.0392568040834356e-06
2037,0.987731397151947,0.012268602848052979,1.2821868658065796,0.02496778592467308,114,3.0392568040834356e-06
2038,0.988090991973877,0.011909008026123047,1.2636120319366455,0.024426039308309555,114,3.0392568040834356e-06
2039,0.9878150820732117,0.01218491792678833,1.2892718315124512,0.024955786764621735,114,3.0392568040834356e-06
2040,0.9877110719680786,0.012288928031921387,1.2855678796768188,0.025021716952323914,114,3.0392568040834356e-06
2041,0.9876501560211182,0.012349843978881836,1.2711001634597778,0.024937346577644348,114,3.0392568040834356e-06
2042,0.9881630539894104,0.0118369460105896,1.2822513580322266,0.024541091173887253,114,3.0392568040834356e-06
2043,0.9875050783157349,0.012494921684265137,1.281447172164917,0.025184445083141327,114,3.0392568040834356e-06
2044,0.9883466362953186,0.011653363704681396,1.2786993980407715,0.024323824793100357,114,3.0392568040834356e-06
2045,0.9878135919570923,0.012186408042907715,1.3010225296020508,0.02507476881146431,114,3.0392568040834356e-06
2046,0.9874773025512695,0.012522697448730469,1.289089560508728,0.02528836578130722,114,3.0392568040834356e-06
2047,0.9875050187110901,0.012494981288909912,1.2929524183273315,0.0252995565533638,114,3.0392568040834356e-06
2048,0.9880862236022949,0.011913776397705078,1.2901681661605835,0.024696320295333862,114,3.0392568040834356e-06
2049,0.9882956147193909,0.01170438528060913,1.2969422340393066,0.024556763470172882,114,3.0392568040834356e-06
2050,0.9880797863006592,0.01192021369934082,1.2780649662017822,0.024581661447882652,114,3.0392568040834356e-06
2051,0.9878087043762207,0.012191295623779297,1.322077989578247,0.02529016137123108,114,3.0392568040834356e-06
2052,0.987667977809906,0.012332022190093994,1.2895992994308472,0.025104694068431854,115,2.8872939638792635e-06
2053,0.9879260063171387,0.012073993682861328,1.2892345190048218,0.024845600128173828,115,2.8872939638792635e-06
2054,0.9881615042686462,0.01183849573135376,1.2762219905853271,0.024482330307364464,115,2.8872939638792635e-06
2055,0.9878667593002319,0.012133240699768066,1.2772045135498047,0.02478395402431488,115,2.8872939638792635e-06
2056,0.9880104064941406,0.011989593505859375,1.2692160606384277,0.02456185780465603,115,2.8872939638792635e-06
2057,0.9880261421203613,0.011973857879638672,1.2818759679794312,0.02467287890613079,115,2.8872939638792635e-06
2058,0.9883779883384705,0.011622011661529541,1.275580644607544,0.02426159754395485,115,2.8872939638792635e-06
2059,0.9878913760185242,0.01210862398147583,1.2883586883544922,0.02487112581729889,115,2.8872939638792635e-06
2060,0.9877551794052124,0.012244820594787598,1.282138705253601,0.024943757802248,115,2.8872939638792635e-06
2061,0.9878551363945007,0.012144863605499268,1.298429012298584,0.0250077061355114,115,2.8872939638792635e-06
2062,0.9872648119926453,0.012735188007354736,1.2998483180999756,0.025606319308280945,115,2.8872939638792635e-06
2063,0.9880414009094238,0.011958599090576172,1.2857370376586914,0.024696383625268936,115,2.8872939638792635e-06
2064,0.9876078367233276,0.012392163276672363,1.2936532497406006,0.025204773992300034,115,2.8872939638792635e-06
2065,0.9874787330627441,0.01252126693725586,1.2944046258926392,0.02534010075032711,115,2.8872939638792635e-06
2066,0.9880295991897583,0.0119704008102417,1.2799391746520996,0.02465008944272995,115,2.8872939638792635e-06
2067,0.9881806373596191,0.01181936264038086,1.2938141822814941,0.0246393121778965,115,2.8872939638792635e-06
2068,0.9881687164306641,0.011831283569335938,1.2911524772644043,0.024624496698379517,115,2.8872939638792635e-06
2069,0.9877088069915771,0.012291193008422852,1.2777873277664185,0.024946153163909912,115,2.8872939638792635e-06
2070,0.9874231219291687,0.012576878070831299,1.2768373489379883,0.02521948143839836,116,2.7429292656853003e-06
2071,0.9876229763031006,0.012377023696899414,1.281775712966919,0.02507100999355316,116,2.7429292656853003e-06
2072,0.9876783490180969,0.012321650981903076,1.2793323993682861,0.024991758167743683,116,2.7429292656853003e-06
2073,0.9882532954216003,0.011746704578399658,1.2906978130340576,0.024536214768886566,116,2.7429292656853003e-06
2074,0.9881234765052795,0.011876523494720459,1.300062656402588,0.024758383631706238,116,2.7429292656853003e-06
2075,0.9880896210670471,0.01191037893295288,1.2809287309646606,0.0246005617082119,116,2.7429292656853003e-06
2076,0.9880529046058655,0.011947095394134521,1.2684576511383057,0.02451220154762268,116,2.7429292656853003e-06
2077,0.9874858856201172,0.012514114379882812,1.280856966972351,0.02519754320383072,116,2.7429292656853003e-06
2078,0.9876618981361389,0.012338101863861084,1.2950407266616821,0.025165129452943802,116,2.7429292656853003e-06
2079,0.9881898760795593,0.011810123920440674,1.2920373678207397,0.024612396955490112,116,2.7429292656853003e-06
2080,0.987947404384613,0.012052595615386963,1.2963874340057373,0.024895943701267242,116,2.7429292656853003e-06
2081,0.9876506924629211,0.012349307537078857,1.3019416332244873,0.02524523064494133,116,2.7429292656853003e-06
2082,0.9880552887916565,0.011944711208343506,1.2939467430114746,0.024764731526374817,116,2.7429292656853003e-06
2083,0.987886905670166,0.012113094329833984,1.2816096544265747,0.024808060377836227,116,2.7429292656853003e-06
2084,0.9881311655044556,0.011868834495544434,1.2949217557907104,0.024699363857507706,116,2.7429292656853003e-06
2085,0.9880824089050293,0.011917591094970703,1.2661548852920532,0.0244599636644125,116,2.7429292656853003e-06
2086,0.9880926609039307,0.011907339096069336,1.275923490524292,0.024547500535845757,116,2.7429292656853003e-06
2087,0.9874265193939209,0.012573480606079102,1.304908275604248,0.02549682930111885,116,2.7429292656853003e-06
2088,0.9882810115814209,0.011718988418579102,1.3014322519302368,0.024616120383143425,117,2.605782802401035e-06
2089,0.9878626465797424,0.012137353420257568,1.2979341745376587,0.02499532140791416,117,2.605782802401035e-06
2090,0.9878172874450684,0.01218271255493164,1.2722575664520264,0.024783460423350334,117,2.605782802401035e-06
2091,0.9873567819595337,0.012643218040466309,1.300572156906128,0.02552250772714615,117,2.605782802401035e-06
2092,0.9875497817993164,0.012450218200683594,1.2892743349075317,0.025218458846211433,117,2.605782802401035e-06
2093,0.987968385219574,0.012031614780426025,1.2949026823043823,0.024860326200723648,117,2.605782802401035e-06
2094,0.9876760244369507,0.012323975563049316,1.2971546649932861,0.02517228201031685,117,2.605782802401035e-06
2095,0.9879976511001587,0.012002348899841309,1.2835525274276733,0.024717850610613823,117,2.605782802401035e-06
2096,0.9878944158554077,0.012105584144592285,1.2763561010360718,0.02474808879196644,117,2.605782802401035e-06
2097,0.9878877401351929,0.012112259864807129,1.282472848892212,0.024815864861011505,117,2.605782802401035e-06
2098,0.9878407120704651,0.012159287929534912,1.2738778591156006,0.02477647364139557,117,2.605782802401035e-06
2099,0.987987756729126,0.012012243270874023,1.300579309463501,0.02489791437983513,117,2.605782802401035e-06
2100,0.987952470779419,0.012047529220581055,1.2835588455200195,0.02476264163851738,117,2.605782802401035e-06
2101,0.9875889420509338,0.012411057949066162,1.2819410562515259,0.025106357410550117,117,2.605782802401035e-06
2102,0.9882273077964783,0.011772692203521729,1.2752982378005981,0.024407947435975075,117,2.605782802401035e-06
2103,0.9877755045890808,0.01222449541091919,1.2783408164978027,0.02488565817475319,117,2.605782802401035e-06
2104,0.9885328412055969,0.011467158794403076,1.2840278148651123,0.02419276535511017,117,2.605782802401035e-06
2105,0.9878531694412231,0.012146830558776855,1.2589805126190186,0.024615168571472168,117,2.605782802401035e-06
2106,0.9877133369445801,0.012286663055419922,1.284443736076355,0.02500823326408863,118,2.475493662280983e-06
2107,0.987946629524231,0.012053370475769043,1.2792774438858032,0.02472561225295067,118,2.475493662280983e-06
2108,0.9880066514015198,0.011993348598480225,1.2974201440811157,0.024847615510225296,118,2.475493662280983e-06
2109,0.9877991080284119,0.012200891971588135,1.302808165550232,0.025106964632868767,118,2.475493662280983e-06
2110,0.9876839518547058,0.01231604814529419,1.2767667770385742,0.024960555136203766,118,2.475493662280983e-06
2111,0.9879847764968872,0.012015223503112793,1.2814291715621948,0.024709362536668777,118,2.475493662280983e-06
2112,0.9876320958137512,0.01236790418624878,1.2923965454101562,0.025168191641569138,118,2.475493662280983e-06
2113,0.9883406162261963,0.011659383773803711,1.2854443788528442,0.0243972335010767,118,2.475493662280983e-06
2114,0.9880170226097107,0.011982977390289307,1.2653133869171143,0.024516280740499496,118,2.475493662280983e-06
2115,0.9876129031181335,0.012387096881866455,1.2867746353149414,0.025130972266197205,118,2.475493662280983e-06
2116,0.9880874752998352,0.011912524700164795,1.2880544662475586,0.024673942476511,118,2.475493662280983e-06
2117,0.9884093403816223,0.011590659618377686,1.2709341049194336,0.02418409287929535,118,2.475493662280983e-06
2118,0.9877572655677795,0.012242734432220459,1.2940903902053833,0.025061210617423058,118,2.475493662280983e-06
2119,0.9881531000137329,0.01184689998626709,1.300084114074707,0.024729272350668907,118,2.475493662280983e-06
2120,0.9877560138702393,0.012243986129760742,1.2832839488983154,0.024954386055469513,118,2.475493662280983e-06
2121,0.9878378510475159,0.01216214895248413,1.2784473896026611,0.024825001135468483,118,2.475493662280983e-06
2122,0.9875481128692627,0.012451887130737305,1.2937872409820557,0.02526523917913437,118,2.475493662280983e-06
2123,0.987790584564209,0.012209415435791016,1.2981590032577515,0.025068912655115128,118,2.475493662280983e-06
2124,0.9877798557281494,0.012220144271850586,1.2889552116394043,0.024987494572997093,119,2.351718979166934e-06
2125,0.9878682494163513,0.012131750583648682,1.282266616821289,0.02483309805393219,119,2.351718979166934e-06
2126,0.9878079891204834,0.012192010879516602,1.3075577020645142,0.025145668536424637,119,2.351718979166934e-06
2127,0.9875524640083313,0.012447535991668701,1.2859078645706177,0.02518213912844658,119,2.351718979166934e-06
2128,0.9875038266181946,0.01249617338180542,1.2912006378173828,0.025283217430114746,119,2.351718979166934e-06
2129,0.9876461625099182,0.012353837490081787,1.2844082117080688,0.02507438138127327,119,2.351718979166934e-06
2130,0.9880857467651367,0.011914253234863281,1.2806437015533447,0.02460154891014099,119,2.351718979166934e-06
2131,0.9880591630935669,0.011940836906433105,1.2712186574935913,0.02453361451625824,119,2.351718979166934e-06
2132,0.9879489541053772,0.012051045894622803,1.300964593887329,0.024940181523561478,119,2.351718979166934e-06
2133,0.9884917736053467,0.01150822639465332,1.2875583171844482,0.024268727749586105,119,2.351718979166934e-06
2134,0.9876372218132019,0.012362778186798096,1.281785011291504,0.025056999176740646,119,2.351718979166934e-06
2135,0.9879433512687683,0.01205664873123169,1.2740793228149414,0.02467687427997589,119,2.351718979166934e-06
2136,0.9877489805221558,0.012251019477844238,1.2936115264892578,0.025064624845981598,119,2.351718979166934e-06
2137,0.9878137707710266,0.012186229228973389,1.286550521850586,0.024929871782660484,119,2.351718979166934e-06
2138,0.9881348013877869,0.011865198612213135,1.2853851318359375,0.024600397795438766,119,2.351718979166934e-06
2139,0.9882156252861023,0.011784374713897705,1.2897611856460571,0.024564143270254135,119,2.351718979166934e-06
2140,0.9881196618080139,0.011880338191986084,1.276512622833252,0.02452666126191616,119,2.351718979166934e-06
2141,0.9875773787498474,0.012422621250152588,1.2829519510269165,0.025127913802862167,119,2.351718979166934e-06
2142,0.9877929091453552,0.012207090854644775,1.3157858848571777,0.02524287812411785,120,2.234133030208587e-06
2143,0.9881427884101868,0.011857211589813232,1.2755827903747559,0.024494467303156853,120,2.234133030208587e-06
2144,0.9876934289932251,0.012306571006774902,1.2986811399459839,0.02517031505703926,120,2.234133030208587e-06
2145,0.9878591895103455,0.012140810489654541,1.2756956815719604,0.024776358157396317,120,2.234133030208587e-06
2146,0.9878643751144409,0.012135624885559082,1.297898292541504,0.024993252009153366,120,2.234133030208587e-06
2147,0.9880481362342834,0.011951863765716553,1.2648855447769165,0.02448119968175888,120,2.234133030208587e-06
2148,0.9878713488578796,0.012128651142120361,1.285224199295044,0.024859607219696045,120,2.234133030208587e-06
2149,0.9873805642127991,0.012619435787200928,1.2791715860366821,0.025284957140684128,120,2.234133030208587e-06
2150,0.9880140423774719,0.011985957622528076,1.2674689292907715,0.024540787562727928,120,2.234133030208587e-06
2151,0.9877676963806152,0.012232303619384766,1.3075103759765625,0.025185083970427513,120,2.234133030208587e-06
2152,0.9879298210144043,0.012070178985595703,1.2870123386383057,0.024819601327180862,120,2.234133030208587e-06
2153,0.9877446889877319,0.012255311012268066,1.2859907150268555,0.02499266527593136,120,2.234133030208587e-06
2154,0.9882728457450867,0.01172715425491333,1.276688814163208,0.024376770481467247,120,2.234133030208587e-06
2155,0.9879696369171143,0.012030363082885742,1.2895432710647583,0.024805491790175438,120,2.234133030208587e-06
2156,0.9876822233200073,0.012317776679992676,1.2844951152801514,0.02503954991698265,120,2.234133030208587e-06
2157,0.9879698753356934,0.01203012466430664,1.2780969142913818,0.024690791964530945,120,2.234133030208587e-06
2158,0.9881485104560852,0.011851489543914795,1.2911913394927979,0.024644888937473297,120,2.234133030208587e-06
2159,0.9879904985427856,0.012009501457214355,1.2847962379455566,0.024737369269132614,120,2.234133030208587e-06
2160,0.9875171184539795,0.012482881546020508,1.2900917530059814,0.025258969515562057,121,2.1224263786981576e-06
2161,0.9876620769500732,0.012337923049926758,1.2977445125579834,0.025191988795995712,121,2.1224263786981576e-06
2162,0.9881028532981873,0.011897146701812744,1.273298978805542,0.02451116405427456,121,2.1224263786981576e-06
2163,0.9876076579093933,0.01239234209060669,1.2903425693511963,0.02517184428870678,121,2.1224263786981576e-06
2164,0.987779438495636,0.012220561504364014,1.290753722190857,0.025005891919136047,121,2.1224263786981576e-06
2165,0.9875484108924866,0.012451589107513428,1.2836368083953857,0.0251634418964386,121,2.1224263786981576e-06
2166,0.9881473779678345,0.011852622032165527,1.2816226482391357,0.02455032244324684,121,2.1224263786981576e-06
2167,0.9882012605667114,0.011798739433288574,1.280293345451355,0.024483684450387955,121,2.1224263786981576e-06
2168,0.9880203008651733,0.01197969913482666,1.2891850471496582,0.024751752614974976,121,2.1224263786981576e-06
2169,0.9877382516860962,0.012261748313903809,1.2941421270370483,0.025080552324652672,121,2.1224263786981576e-06
2170,0.9882118105888367,0.01178818941116333,1.268768548965454,0.02435799315571785,121,2.1224263786981576e-06
2171,0.9881903529167175,0.01180964708328247,1.2796915769577026,0.02448846586048603,121,2.1224263786981576e-06
2172,0.9883075952529907,0.011692404747009277,1.2698546648025513,0.024274026975035667,121,2.1224263786981576e-06
2173,0.987701952457428,0.012298047542572021,1.2953990697860718,0.025129057466983795,121,2.1224263786981576e-06
2174,0.9879918098449707,0.012008190155029297,1.300227403640747,0.02489038184285164,121,2.1224263786981576e-06
2175,0.9879015684127808,0.012098431587219238,1.2866923809051514,0.024844370782375336,121,2.1224263786981576e-06
2176,0.9877764582633972,0.012223541736602783,1.2917475700378418,0.025018781423568726,121,2.1224263786981576e-06
2177,0.987600564956665,0.012399435043334961,1.2906831502914429,0.025182271376252174,121,2.1224263786981576e-06
2178,0.9874114990234375,0.0125885009765625,1.2996711730957031,0.025459326803684235,122,2.0163050597632494e-06
2179,0.9881995916366577,0.011800408363342285,1.300266981124878,0.024685073643922806,122,2.0163050597632494e-06
2180,0.9881265163421631,0.011873483657836914,1.2770808935165405,0.024525556713342667,122,2.0163050597632494e-06
2181,0.9880980253219604,0.01190197467803955,1.2675433158874512,0.02445838786661625,122,2.0163050597632494e-06
2182,0.9881964325904846,0.01180356740951538,1.2616770267486572,0.024302301928400993,122,2.0163050597632494e-06
2183,0.9878568649291992,0.012143135070800781,1.2931163311004639,0.02495286613702774,122,2.0163050597632494e-06
2184,0.9879016280174255,0.012098371982574463,1.2891371250152588,0.024868760257959366,122,2.0163050597632494e-06
2185,0.9881120324134827,0.011887967586517334,1.2938051223754883,0.024707138538360596,122,2.0163050597632494e-06
2186,0.987575352191925,0.012424647808074951,1.2979283332824707,0.025279683992266655,122,2.0163050597632494e-06
2187,0.9879497289657593,0.012050271034240723,1.2770648002624512,0.02470041625201702,122,2.0163050597632494e-06
2188,0.9880949258804321,0.011905074119567871,1.3011881113052368,0.02479790523648262,122,2.0163050597632494e-06
2189,0.9876344799995422,0.012365520000457764,1.2865915298461914,0.02510777860879898,122,2.0163050597632494e-06
2190,0.9879409670829773,0.012059032917022705,1.2774444818496704,0.024712886661291122,122,2.0163050597632494e-06
2191,0.988164484500885,0.01183551549911499,1.2799971103668213,0.024517130106687546,122,2.0163050597632494e-06
2192,0.9877961277961731,0.012203872203826904,1.2782810926437378,0.024864643812179565,122,2.0163050597632494e-06
2193,0.9874036312103271,0.012596368789672852,1.2949856519699097,0.025420261546969414,122,2.0163050597632494e-06
2194,0.9876110553741455,0.012388944625854492,1.2898460626602173,0.025163516402244568,122,2.0163050597632494e-06
2195,0.9883777499198914,0.011622250080108643,1.2795403003692627,0.024301430210471153,122,2.0163050597632494e-06
2196,0.987866222858429,0.012133777141571045,1.2841750383377075,0.02485419064760208,123,1.915489806775087e-06
2197,0.9879657030105591,0.012034296989440918,1.2773629426956177,0.02468758448958397,123,1.915489806775087e-06
2198,0.9878259897232056,0.012174010276794434,1.301377534866333,0.02506604604423046,123,1.915489806775087e-06
2199,0.9879628419876099,0.012037158012390137,1.2801744937896729,0.024718530476093292,123,1.915489806775087e-06
2200,0.9878640174865723,0.012135982513427734,1.2846088409423828,0.02486070990562439,123,1.915489806775087e-06
2201,0.9878264665603638,0.01217353343963623,1.2858977317810059,0.02491077408194542,123,1.915489806775087e-06
2202,0.9875850081443787,0.012414991855621338,1.2832107543945312,0.025122947990894318,123,1.915489806775087e-06
2203,0.9880738258361816,0.01192617416381836,1.3060731887817383,0.024867644533514977,123,1.915489806775087e-06
2204,0.9882593154907227,0.011740684509277344,1.2770761251449585,0.024394039064645767,123,1.915489806775087e-06
2205,0.9881413578987122,0.011858642101287842,1.2896292209625244,0.024636346846818924,123,1.915489806775087e-06
2206,0.9879162311553955,0.012083768844604492,1.2874435186386108,0.024837367236614227,123,1.915489806775087e-06
2207,0.9880656599998474,0.011934340000152588,1.2818044424057007,0.02463304065167904,123,1.915489806775087e-06
2208,0.9875487685203552,0.012451231479644775,1.2875843048095703,0.025202561169862747,123,1.915489806775087e-06
2209,0.9877422451972961,0.012257754802703857,1.2778041362762451,0.02491321787238121,123,1.915489806775087e-06
2210,0.9880945682525635,0.011905431747436523,1.295152187347412,0.024737898260354996,123,1.915489806775087e-06
2211,0.9877738952636719,0.012226104736328125,1.2901955842971802,0.025005798786878586,123,1.915489806775087e-06
2212,0.9877959489822388,0.01220405101776123,1.2839374542236328,0.02492138370871544,123,1.915489806775087e-06
2213,0.9877941608428955,0.012205839157104492,1.253269076347351,0.02461647242307663,123,1.915489806775087e-06
2214,0.9880856275558472,0.011914372444152832,1.2893784046173096,0.02468901313841343,124,1.8197153164363325e-06
2215,0.98850017786026,0.01149982213973999,1.2554010152816772,0.02393883466720581,124,1.8197153164363325e-06
2216,0.987563967704773,0.01243603229522705,1.3020466566085815,0.025332137942314148,124,1.8197153164363325e-06
2217,0.9875506162643433,0.012449383735656738,1.3069813251495361,0.025394704192876816,124,1.8197153164363325e-06
2218,0.9880985021591187,0.011901497840881348,1.2736403942108154,0.02451888658106327,124,1.8197153164363325e-06
2219,0.9876468777656555,0.012353122234344482,1.2853457927703857,0.02508304826915264,124,1.8197153164363325e-06
2220,0.9882880449295044,0.011711955070495605,1.2780909538269043,0.02437574416399002,124,1.8197153164363325e-06
2221,0.9878097176551819,0.012190282344818115,1.2974889278411865,0.025043267756700516,124,1.8197153164363325e-06
2222,0.9874238967895508,0.012576103210449219,1.289486289024353,0.025345204398036003,124,1.8197153164363325e-06
2223,0.9878328442573547,0.012167155742645264,1.2832200527191162,0.02487768419086933,124,1.8197153164363325e-06
2224,0.9874724745750427,0.012527525424957275,1.284816026687622,0.02525041066110134,124,1.8197153164363325e-06
2225,0.9881775379180908,0.01182246208190918,1.3022068738937378,0.024726305156946182,124,1.8197153164363325e-06
2226,0.987937867641449,0.012062132358551025,1.2827900648117065,0.024769410490989685,124,1.8197153164363325e-06
2227,0.9876700043678284,0.01232999563217163,1.2869807481765747,0.025076502934098244,124,1.8197153164363325e-06
2228,0.9878667593002319,0.012133240699768066,1.2784355878829956,0.024796262383461,124,1.8197153164363325e-06
2229,0.9880155920982361,0.011984407901763916,1.2903401851654053,0.024767965078353882,124,1.8197153164363325e-06
2230,0.9882564544677734,0.011743545532226562,1.2868329286575317,0.024494439363479614,124,1.8197153164363325e-06
2231,0.987855076789856,0.012144923210144043,1.258774995803833,0.024611223489046097,124,1.8197153164363325e-06
2232,0.9880199432373047,0.011980056762695312,1.2891554832458496,0.024751810356974602,125,1.7287295506145157e-06
2233,0.9877954721450806,0.012204527854919434,1.289756178855896,0.02498004399240017,125,1.7287295506145157e-06
2234,0.9880160093307495,0.011983990669250488,1.2767174243927002,0.024631325155496597,125,1.7287295506145157e-06
2235,0.987692654132843,0.012307345867156982,1.2858401536941528,0.02504267357289791,125,1.7287295506145157e-06
2236,0.9876099228858948,0.012390077114105225,1.299381971359253,0.025259995833039284,125,1.7287295506145157e-06
2237,0.9875974655151367,0.012402534484863281,1.2867560386657715,0.02514606900513172,125,1.7287295506145157e-06
2238,0.9881588220596313,0.011841177940368652,1.2700209617614746,0.02442297525703907,125,1.7287295506145157e-06
2239,0.9876765012741089,0.012323498725891113,1.289982795715332,0.025100091472268105,125,1.7287295506145157e-06
2240,0.9879428744316101,0.012057125568389893,1.293997049331665,0.02487652376294136,125,1.7287295506145157e-06
2241,0.9874602556228638,0.01253974437713623,1.297737956047058,0.025391727685928345,125,1.7287295506145157e-06
2242,0.9879522323608398,0.012047767639160156,1.2797731161117554,0.024725019931793213,125,1.7287295506145157e-06
2243,0.9884968400001526,0.011503159999847412,1.2817214727401733,0.024205341935157776,125,1.7287295506145157e-06
2244,0.9880989789962769,0.011901021003723145,1.2858127355575562,0.024640139192342758,125,1.7287295506145157e-06
2245,0.9879468679428101,0.012053132057189941,1.2754318714141846,0.024686919525265694,125,1.7287295506145157e-06
2246,0.9880595803260803,0.011940419673919678,1.2778174877166748,0.024599190801382065,125,1.7287295506145157e-06
2247,0.9873722195625305,0.012627780437469482,1.2870776653289795,0.025372277945280075,125,1.7287295506145157e-06
2248,0.9882320165634155,0.011767983436584473,1.3042670488357544,0.024692973122000694,125,1.7287295506145157e-06
2249,0.9881387948989868,0.011861205101013184,1.2681044340133667,0.024423636496067047,125,1.7287295506145157e-06
2250,0.9882391095161438,0.011760890483856201,1.2667039632797241,0.024310320615768433,126,1.6422930730837899e-06
2251,0.9876649379730225,0.012335062026977539,1.2806591987609863,0.025018302723765373,126,1.6422930730837899e-06
2252,0.9874168634414673,0.012583136558532715,1.294252634048462,0.02539983205497265,126,1.6422930730837899e-06
2253,0.9878144264221191,0.01218557357788086,1.2826799154281616,0.024890515953302383,126,1.6422930730837899e-06
2254,0.9880275130271912,0.011972486972808838,1.2891778945922852,0.024744540452957153,126,1.6422930730837899e-06
2255,0.9885092973709106,0.011490702629089355,1.2911039590835571,0.02428683638572693,126,1.6422930730837899e-06
2256,0.9879825711250305,0.012017428874969482,1.3038115501403809,0.024935370311141014,126,1.6422930730837899e-06
2257,0.9878012537956238,0.01219874620437622,1.2880618572235107,0.024957377463579178,126,1.6422930730837899e-06
2258,0.9882749915122986,0.011725008487701416,1.2830147743225098,0.024437906220555305,126,1.6422930730837899e-06
2259,0.9883679151535034,0.011632084846496582,1.2751338481903076,0.024267103523015976,126,1.6422930730837899e-06
2260,0.9879783987998962,0.01202160120010376,1.282412052154541,0.024725504219532013,126,1.6422930730837899e-06
2261,0.9875961542129517,0.01240384578704834,1.275925636291504,0.0250390637665987,126,1.6422930730837899e-06
2262,0.9878882765769958,0.01211172342300415,1.2889047861099243,0.02487965300679207,126,1.6422930730837899e-06
2263,0.9876419901847839,0.012358009815216064,1.2942171096801758,0.025176599621772766,126,1.6422930730837899e-06
2264,0.9877530336380005,0.012246966361999512,1.2899141311645508,0.02502363733947277,126,1.6422930730837899e-06
2265,0.987356960773468,0.012643039226531982,1.2872281074523926,0.025388889014720917,126,1.6422930730837899e-06
2266,0.9878942966461182,0.012105703353881836,1.2797060012817383,0.02478170581161976,126,1.6422930730837899e-06
2267,0.9878237247467041,0.012176275253295898,1.3214962482452393,0.02526947483420372,126,1.6422930730837899e-06
2268,0.987967312335968,0.012032687664031982,1.287269115447998,0.024785052984952927,127,1.5601784194296004e-06
2269,0.9881598949432373,0.011840105056762695,1.28947114944458,0.024616416543722153,127,1.5601784194296004e-06
2270,0.9881121516227722,0.011887848377227783,1.2932558059692383,0.024701528251171112,127,1.5601784194296004e-06
2271,0.9880900382995605,0.011909961700439453,1.2678911685943604,0.024469774216413498,127,1.5601784194296004e-06
2272,0.9876910448074341,0.012308955192565918,1.2841006517410278,0.025026872754096985,127,1.5601784194296004e-06
2273,0.9881656765937805,0.011834323406219482,1.2951247692108154,0.024667227640748024,127,1.5601784194296004e-06
2274,0.9879156351089478,0.012084364891052246,1.3099539279937744,0.025063060224056244,127,1.5601784194296004e-06
2275,0.9877977967262268,0.012202203273773193,1.2866743803024292,0.024946924299001694,127,1.5601784194296004e-06
2276,0.9877642393112183,0.012235760688781738,1.3076140880584717,0.02518954500555992,127,1.5601784194296004e-06
2277,0.9879305958747864,0.012069404125213623,1.2731674909591675,0.02468038536608219,127,1.5601784194296004e-06
2278,0.9874884486198425,0.01251155138015747,1.2935434579849243,0.025321871042251587,127,1.5601784194296004e-06
2279,0.9878760576248169,0.012123942375183105,1.2741203308105469,0.024743907153606415,127,1.5601784194296004e-06
2280,0.9877395629882812,0.01226043701171875,1.2841827869415283,0.024979660287499428,127,1.5601784194296004e-06
2281,0.988135576248169,0.011864423751831055,1.2649881839752197,0.024395661428570747,127,1.5601784194296004e-06
2282,0.9876981973648071,0.012301802635192871,1.2955889701843262,0.025134675204753876,127,1.5601784194296004e-06
2283,0.9880380034446716,0.01196199655532837,1.2764462232589722,0.024606838822364807,127,1.5601784194296004e-06
2284,0.9877266883850098,0.012273311614990234,1.2822930812835693,0.024973507970571518,127,1.5601784194296004e-06
2285,0.9879326820373535,0.012067317962646484,1.2807869911193848,0.024754513055086136,127,1.5601784194296004e-06
2286,0.9878870844841003,0.012112915515899658,1.2880951166152954,0.024872738867998123,128,1.4821694984581202e-06
2287,0.9882269501686096,0.01177304983139038,1.2826895713806152,0.02448221482336521,128,1.4821694984581202e-06
2288,0.987889289855957,0.012110710144042969,1.3063799142837524,0.025053400546312332,128,1.4821694984581202e-06
2289,0.9882479906082153,0.011752009391784668,1.2716349363327026,0.024350838735699654,128,1.4821694984581202e-06
2290,0.9877558350563049,0.012244164943695068,1.2998462915420532,0.025120185688138008,128,1.4821694984581202e-06
2291,0.9879768490791321,0.01202315092086792,1.2784494161605835,0.02468741312623024,128,1.4821694984581202e-06
2292,0.9880497455596924,0.011950254440307617,1.2804701328277588,0.024635452777147293,128,1.4821694984581202e-06
2293,0.9878823161125183,0.01211768388748169,1.2921504974365234,0.02491801232099533,128,1.4821694984581202e-06
2294,0.9880889654159546,0.01191103458404541,1.2776094675064087,0.024568017572164536,128,1.4821694984581202e-06
2295,0.9876696467399597,0.012330353260040283,1.3034312725067139,0.025241361930966377,128,1.4821694984581202e-06
2296,0.9874208569526672,0.012579143047332764,1.2937334775924683,0.025390686467289925,128,1.4821694984581202e-06
2297,0.9881287217140198,0.011871278285980225,1.2809573411941528,0.024562139064073563,128,1.4821694984581202e-06
2298,0.9874349236488342,0.012565076351165771,1.294968843460083,0.025389114394783974,128,1.4821694984581202e-06
2299,0.9874800443649292,0.0125199556350708,1.298003911972046,0.025374796241521835,128,1.4821694984581202e-06
2300,0.9880321621894836,0.011967837810516357,1.276257038116455,0.0246107280254364,128,1.4821694984581202e-06
2301,0.9882079362869263,0.01179206371307373,1.271579623222351,0.02438993938267231,128,1.4821694984581202e-06
2302,0.9882007837295532,0.011799216270446777,1.268827199935913,0.0243694968521595,128,1.4821694984581202e-06
2303,0.9868590831756592,0.01314091682434082,1.2807382345199585,0.025816891342401505,128,1.4821694984581202e-06
2304,0.9879920482635498,0.012007951736450195,1.2879472970962524,0.024767344817519188,129,1.4080610235352142e-06
2305,0.9875057339668274,0.012494266033172607,1.2858285903930664,0.025227610021829605,129,1.4080610235352142e-06
2306,0.9877583384513855,0.012241661548614502,1.2928999662399292,0.02504824474453926,129,1.4080610235352142e-06
2307,0.9883907437324524,0.011609256267547607,1.2839686870574951,0.02433285117149353,129,1.4080610235352142e-06
2308,0.9877058863639832,0.012294113636016846,1.2836449146270752,0.025007620453834534,129,1.4080610235352142e-06
2309,0.9879702925682068,0.012029707431793213,1.2908581495285034,0.024817992001771927,129,1.4080610235352142e-06
2310,0.9884319305419922,0.011568069458007812,1.2916853427886963,0.024369241669774055,129,1.4080610235352142e-06
2311,0.9878231287002563,0.012176871299743652,1.2899655103683472,0.02495475858449936,129,1.4080610235352142e-06
2312,0.9883959293365479,0.011604070663452148,1.2831445932388306,0.024319475516676903,129,1.4080610235352142e-06
2313,0.9877893924713135,0.012210607528686523,1.2708803415298462,0.024797305464744568,129,1.4080610235352142e-06
2314,0.987763524055481,0.012236475944519043,1.2831276655197144,0.024945387616753578,129,1.4080610235352142e-06
2315,0.987467348575592,0.012532651424407959,1.2953083515167236,0.025360409170389175,129,1.4080610235352142e-06
2316,0.987561821937561,0.012438178062438965,1.2928392887115479,0.025242188945412636,129,1.4080610235352142e-06
2317,0.9876704812049866,0.012329518795013428,1.2994307279586792,0.025200530886650085,129,1.4080610235352142e-06
2318,0.9878150820732117,0.01218491792678833,1.2959669828414917,0.025022737681865692,129,1.4080610235352142e-06
2319,0.987964391708374,0.012035608291625977,1.2724403142929077,0.024639654904603958,129,1.4080610235352142e-06
2320,0.9879871606826782,0.012012839317321777,1.279118299484253,0.024683892726898193,129,1.4080610235352142e-06
2321,0.9887086153030396,0.01129138469696045,1.2421174049377441,0.023599645122885704,129,1.4080610235352142e-06
2322,0.9878259897232056,0.012174010276794434,1.2806857824325562,0.024859128519892693,130,1.3376579723584535e-06
2323,0.9880932569503784,0.011906743049621582,1.275978922843933,0.02454746514558792,130,1.3376579723584535e-06
2324,0.9879077672958374,0.012092232704162598,1.284276008605957,0.024814069271087646,130,1.3376579723584535e-06
2325,0.9882144927978516,0.011785507202148438,1.281901240348816,0.024486664682626724,130,1.3376579723584535e-06
2326,0.9882643222808838,0.011735677719116211,1.286409854888916,0.024482417851686478,130,1.3376579723584535e-06
2327,0.9878244996070862,0.012175500392913818,1.2862166166305542,0.024915911257267,130,1.3376579723584535e-06
2328,0.987328827381134,0.012671172618865967,1.2793519496917725,0.025337979197502136,130,1.3376579723584535e-06
2329,0.9877831935882568,0.012216806411743164,1.2831778526306152,0.02492641657590866,130,1.3376579723584535e-06
2330,0.9877920150756836,0.012207984924316406,1.300321102142334,0.025089114904403687,130,1.3376579723584535e-06
2331,0.9877820014953613,0.012217998504638672,1.283191204071045,0.02492772974073887,130,1.3376579723584535e-06
2332,0.9881612658500671,0.011838734149932861,1.2913373708724976,0.02463372051715851,130,1.3376579723584535e-06
2333,0.9879317283630371,0.01206827163696289,1.294854760169983,0.024896137416362762,130,1.3376579723584535e-06
2334,0.9876801371574402,0.012319862842559814,1.2827999591827393,0.025024663656949997,130,1.3376579723584535e-06
2335,0.9883292317390442,0.01167076826095581,1.2957158088684082,0.024511218070983887,130,1.3376579723584535e-06
2336,0.9881961941719055,0.011803805828094482,1.2881197929382324,0.02456696704030037,130,1.3376579723584535e-06
2337,0.9876404404640198,0.012359559535980225,1.2828714847564697,0.025064677000045776,130,1.3376579723584535e-06
2338,0.9876261949539185,0.012373805046081543,1.2861971855163574,0.025112038478255272,130,1.3376579723584535e-06
2339,0.9876043200492859,0.012395679950714111,1.2905957698822021,0.02517767995595932,130,1.3376579723584535e-06
2340,0.9874577522277832,0.012542247772216797,1.2690255641937256,0.02510708197951317,131,1.2707750737405307e-06
2341,0.9877021908760071,0.01229780912399292,1.2983684539794922,0.025158515200018883,131,1.2707750737405307e-06
2342,0.9876065850257874,0.012393414974212646,1.2963151931762695,0.025232631713151932,131,1.2707750737405307e-06
2343,0.9878678917884827,0.012132108211517334,1.2783185243606567,0.024793971329927444,131,1.2707750737405307e-06
2344,0.9879516959190369,0.012048304080963135,1.2895690202713013,0.024823511019349098,131,1.2707750737405307e-06
2345,0.9879787564277649,0.012021243572235107,1.2951486110687256,0.024852517992258072,131,1.2707750737405307e-06
2346,0.98813396692276,0.01186603307723999,1.2806916236877441,0.024554289877414703,131,1.2707750737405307e-06
2347,0.9875350594520569,0.012464940547943115,1.284903645515442,0.02518932893872261,131,1.2707750737405307e-06
2348,0.9876126646995544,0.012387335300445557,1.2870546579360962,0.02513400837779045,131,1.2707750737405307e-06
2349,0.9880330562591553,0.011966943740844727,1.289652943611145,0.024743802845478058,131,1.2707750737405307e-06
2350,0.9879071712493896,0.012092828750610352,1.2902500629425049,0.024874400347471237,131,1.2707750737405307e-06
2351,0.9885276556015015,0.011472344398498535,1.2618141174316406,0.023975763469934464,131,1.2707750737405307e-06
2352,0.9877405166625977,0.012259483337402344,1.3071244955062866,0.025208134204149246,131,1.2707750737405307e-06
2353,0.9880586266517639,0.011941373348236084,1.2908711433410645,0.02473067119717598,131,1.2707750737405307e-06
2354,0.988447368144989,0.011552631855010986,1.2788077592849731,0.024225182831287384,131,1.2707750737405307e-06
2355,0.9885078072547913,0.01149219274520874,1.2761881351470947,0.024139150977134705,131,1.2707750737405307e-06
2356,0.9872680902481079,0.01273190975189209,1.290079951286316,0.025505390018224716,131,1.2707750737405307e-06
2357,0.9874156713485718,0.012584328651428223,1.2815580368041992,0.025274064391851425,131,1.2707750737405307e-06
2358,0.9875714778900146,0.012428522109985352,1.2996366024017334,0.025300603359937668,132,1.2072363200535042e-06
2359,0.987909734249115,0.01209026575088501,1.2885003089904785,0.02485436573624611,132,1.2072363200535042e-06
2360,0.9873846769332886,0.012615323066711426,1.2928898334503174,0.02541806921362877,132,1.2072363200535042e-06
2361,0.9879366755485535,0.012063324451446533,1.2872314453125,0.02481500431895256,132,1.2072363200535042e-06
2362,0.9878626465797424,0.012137353420257568,1.271280288696289,0.02472878247499466,132,1.2072363200535042e-06
2363,0.9880375862121582,0.011962413787841797,1.2818342447280884,0.02466113120317459,132,1.2072363200535042e-06
2364,0.9871662259101868,0.012833774089813232,1.2871875762939453,0.02557731233537197,132,1.2072363200535042e-06
2365,0.988319456577301,0.011680543422698975,1.2918851375579834,0.024482589215040207,132,1.2072363200535042e-06
2366,0.9882730841636658,0.011726915836334229,1.293851375579834,0.024548159912228584,132,1.2072363200535042e-06
2367,0.9878972768783569,0.012102723121643066,1.2836281061172485,0.024817977100610733,132,1.2072363200535042e-06
2368,0.9874158501625061,0.012584149837493896,1.285510778427124,0.025313416495919228,132,1.2072363200535042e-06
2369,0.9882956147193909,0.01170438528060913,1.2626924514770508,0.02421426586806774,132,1.2072363200535042e-06
2370,0.9880689978599548,0.011931002140045166,1.2899091243743896,0.02471078187227249,132,1.2072363200535042e-06
2371,0.9880361557006836,0.011963844299316406,1.2958165407180786,0.024802371859550476,132,1.2072363200535042e-06
2372,0.9878475666046143,0.012152433395385742,1.286311388015747,0.024894021451473236,132,1.2072363200535042e-06
2373,0.9879658222198486,0.012034177780151367,1.2807549238204956,0.024721384048461914,132,1.2072363200535042e-06
2374,0.9883023500442505,0.011697649955749512,1.2719498872756958,0.024300172924995422,132,1.2072363200535042e-06
2375,0.9877660870552063,0.012233912944793701,1.324709177017212,0.025358665734529495,132,1.2072363200535042e-06
2376,0.9880506992340088,0.011949300765991211,1.2824794054031372,0.024654600769281387,133,1.146874504050829e-06
2377,0.9877164959907532,0.012283504009246826,1.275957703590393,0.02492024563252926,133,1.146874504050829e-06
2378,0.987809956073761,0.012190043926239014,1.2862757444381714,0.02493090182542801,133,1.146874504050829e-06
2379,0.9883340001106262,0.01166599988937378,1.2569892406463623,0.02411923184990883,133,1.146874504050829e-06
2380,0.9878746271133423,0.012125372886657715,1.299818515777588,0.02500230446457863,133,1.146874504050829e-06
2381,0.9883638620376587,0.011636137962341309,1.277621865272522,0.024295995011925697,133,1.146874504050829e-06
2382,0.9874206781387329,0.01257932186126709,1.288679599761963,0.025340326130390167,133,1.146874504050829e-06
2383,0.9887868762016296,0.011213123798370361,1.2755014896392822,0.02385600656270981,133,1.146874504050829e-06
2384,0.9876946806907654,0.01230531930923462,1.2898133993148804,0.025080401450395584,133,1.146874504050829e-06
2385,0.9877960085868835,0.012203991413116455,1.297033429145813,0.025052286684513092,133,1.146874504050829e-06
2386,0.9878534078598022,0.012146592140197754,1.3120566606521606,0.025145692750811577,133,1.146874504050829e-06
2387,0.987517237663269,0.012482762336730957,1.289412498474121,0.02525205910205841,133,1.146874504050829e-06
2388,0.9873940348625183,0.01260596513748169,1.2928427457809448,0.02540833316743374,133,1.146874504050829e-06
2389,0.9879468679428101,0.012053132057189941,1.2839572429656982,0.024772174656391144,133,1.146874504050829e-06
2390,0.9879208207130432,0.012079179286956787,1.2791296243667603,0.02474968321621418,133,1.146874504050829e-06
2391,0.9879626631736755,0.012037336826324463,1.2972688674926758,0.02488965168595314,133,1.146874504050829e-06
2392,0.9878764748573303,0.012123525142669678,1.2872612476348877,0.02487490326166153,133,1.146874504050829e-06
2393,0.9877963066101074,0.012203693389892578,1.2531853914260864,0.024613510817289352,133,1.146874504050829e-06
2394,0.9878761172294617,0.01212388277053833,1.2918118238449097,0.024920761585235596,134,1.0895307788482876e-06
2395,0.9876240491867065,0.012375950813293457,1.2991528511047363,0.025243718177080154,134,1.0895307788482876e-06
2396,0.9880417585372925,0.01195824146270752,1.292827844619751,0.024766936898231506,134,1.0895307788482876e-06
2397,0.9875222444534302,0.012477755546569824,1.2858548164367676,0.025211526080965996,134,1.0895307788482876e-06
2398,0.9878050088882446,0.012194991111755371,1.2872272729873657,0.02494531311094761,134,1.0895307788482876e-06
2399,0.9878944754600525,0.01210552453994751,1.2733526229858398,0.024717994034290314,134,1.0895307788482876e-06
2400,0.9878826141357422,0.012117385864257812,1.2943994998931885,0.024940207600593567,134,1.0895307788482876e-06
2401,0.987664520740509,0.012335479259490967,1.283783197402954,0.025049956515431404,134,1.0895307788482876e-06
2402,0.987663745880127,0.012336254119873047,1.3039711713790894,0.025252602994441986,134,1.0895307788482876e-06
2403,0.9879871606826782,0.012012839317321777,1.270898461341858,0.02460169419646263,134,1.0895307788482876e-06
2404,0.9882556796073914,0.011744320392608643,1.2757134437561035,0.024384010583162308,134,1.0895307788482876e-06
2405,0.9877162575721741,0.012283742427825928,1.289239525794983,0.025053299963474274,134,1.0895307788482876e-06
2406,0.9886176586151123,0.011382341384887695,1.272774338722229,0.0239962600171566,134,1.0895307788482876e-06
2407,0.988053023815155,0.01194697618484497,1.2845439910888672,0.024672945961356163,134,1.0895307788482876e-06
2408,0.9880495071411133,0.011950492858886719,1.2738056182861328,0.024569043889641762,134,1.0895307788482876e-06
2409,0.9881690144538879,0.01183098554611206,1.2952176332473755,0.024664852768182755,134,1.0895307788482876e-06
2410,0.9875239133834839,0.012476086616516113,1.2984672784805298,0.025335997343063354,134,1.0895307788482876e-06
2411,0.9877977967262268,0.012202203273773193,1.2531850337982178,0.024612031877040863,134,1.0895307788482876e-06
2412,0.988227367401123,0.011772632598876953,1.2742011547088623,0.02439691685140133,135,1.0350542399058731e-06
2413,0.9876216650009155,0.012378334999084473,1.2886685132980347,0.025141235440969467,135,1.0350542399058731e-06
2414,0.9876953363418579,0.01230466365814209,1.2923156023025513,0.025104772299528122,135,1.0350542399058731e-06
2415,0.9886227250099182,0.011377274990081787,1.2806713581085205,0.024070216342806816,135,1.0350542399058731e-06
2416,0.9879280924797058,0.01207190752029419,1.286255121231079,0.024813739582896233,135,1.0350542399058731e-06
2417,0.9880970120429993,0.011902987957000732,1.2763118743896484,0.02454707771539688,135,1.0350542399058731e-06
2418,0.9880189895629883,0.011981010437011719,1.2834596633911133,0.02469579689204693,135,1.0350542399058731e-06
2419,0.9881600141525269,0.011839985847473145,1.2837568521499634,0.024559155106544495,135,1.0350542399058731e-06
2420,0.9881044030189514,0.011895596981048584,1.266845464706421,0.024445094168186188,135,1.0350542399058731e-06
2421,0.9878749847412109,0.012125015258789062,1.289679765701294,0.024900563061237335,135,1.0350542399058731e-06
2422,0.9879112839698792,0.01208871603012085,1.2770661115646362,0.02473849058151245,135,1.0350542399058731e-06
2423,0.9876508116722107,0.012349188327789307,1.2911055088043213,0.025136752054095268,135,1.0350542399058731e-06
2424,0.9877209067344666,0.012279093265533447,1.2918391227722168,0.02507469430565834,135,1.0350542399058731e-06
2425,0.9878090620040894,0.012190937995910645,1.284978985786438,0.0249188169836998,135,1.0350542399058731e-06
2426,0.987526535987854,0.012473464012145996,1.2961097955703735,0.02530982717871666,135,1.0350542399058731e-06
2427,0.9878197908401489,0.012180209159851074,1.3227359056472778,0.025285765528678894,135,1.0350542399058731e-06
2428,0.9875027537345886,0.012497246265411377,1.2855350971221924,0.0252276249229908,135,1.0350542399058731e-06
2429,0.9877992272377014,0.012200772762298584,1.253186821937561,0.02461063303053379,135,1.0350542399058731e-06
2430,0.9875868558883667,0.0124131441116333,1.2971229553222656,0.025260241702198982,136,9.833015279105794e-07
2431,0.9875964522361755,0.012403547763824463,1.2922675609588623,0.0252021886408329,136,9.833015279105794e-07
2432,0.9879785776138306,0.012021422386169434,1.2867381572723389,0.024768589064478874,136,9.833015279105794e-07
2433,0.9881414771080017,0.011858522891998291,1.2783915996551514,0.02452385425567627,136,9.833015279105794e-07
2434,0.9880603551864624,0.011939644813537598,1.2875316143035889,0.024695564061403275,136,9.833015279105794e-07
2435,0.9878470301628113,0.01215296983718872,1.2880198955535889,0.024911638349294662,136,9.833015279105794e-07
2436,0.9877308011054993,0.012269198894500732,1.2872697114944458,0.0250192042440176,136,9.833015279105794e-07
2437,0.9876219630241394,0.012378036975860596,1.2828439474105835,0.025082696229219437,136,9.833015279105794e-07
2438,0.9877908825874329,0.012209117412567139,1.2647957801818848,0.0247349850833416,136,9.833015279105794e-07
2439,0.9879626631736755,0.012037336826324463,1.2924797534942627,0.024841759353876114,136,9.833015279105794e-07
2440,0.9879902601242065,0.012009739875793457,1.284175992012024,0.024731401354074478,136,9.833015279105794e-07
2441,0.9880746603012085,0.011925339698791504,1.2709312438964844,0.02451539784669876,136,9.833015279105794e-07
2442,0.9880267381668091,0.011973261833190918,1.3162841796875,0.02501637116074562,136,9.833015279105794e-07
2443,0.9878641366958618,0.012135863304138184,1.2875686883926392,0.024890191853046417,136,9.833015279105794e-07
2444,0.9876601696014404,0.01233983039855957,1.2893598079681396,0.02511002868413925,136,9.833015279105794e-07
2445,0.9879961609840393,0.012003839015960693,1.270288109779358,0.02458668127655983,136,9.833015279105794e-07
2446,0.9884174466133118,0.011582553386688232,1.2735280990600586,0.024202007800340652,136,9.833015279105794e-07
2447,0.9878132343292236,0.012186765670776367,1.3220572471618652,0.025285471230745316,136,9.833015279105794e-07
2448,0.9879983067512512,0.01200169324874878,1.2987483739852905,0.0248691588640213,137,9.341364515150503e-07
2449,0.9877719879150391,0.012228012084960938,1.296918511390686,0.025074917823076248,137,9.341364515150503e-07
2450,0.987987756729126,0.012012243270874023,1.2804969549179077,0.024697091430425644,137,9.341364515150503e-07
2451,0.9879011511802673,0.012098848819732666,1.295323133468628,0.02493109181523323,137,9.341364515150503e-07
2452,0.9880544543266296,0.011945545673370361,1.271507740020752,0.02454116754233837,137,9.341364515150503e-07
2453,0.9874643087387085,0.012535691261291504,1.3006446361541748,0.0254167802631855,137,9.341364515150503e-07
2454,0.9876810908317566,0.012318909168243408,1.2847157716751099,0.025042876601219177,137,9.341364515150503e-07
2455,0.9885645508766174,0.011435449123382568,1.2663415670394897,0.023984510451555252,137,9.341364515150503e-07
2456,0.9882549047470093,0.011745095252990723,1.2795994281768799,0.024423638358712196,137,9.341364515150503e-07
2457,0.9875485897064209,0.012451410293579102,1.278092384338379,0.025107819586992264,137,9.341364515150503e-07
2458,0.9882124662399292,0.0117875337600708,1.275342583656311,0.024423083290457726,137,9.341364515150503e-07
2459,0.9877781867980957,0.012221813201904297,1.2861595153808594,0.024961188435554504,137,9.341364515150503e-07
2460,0.9876236915588379,0.01237630844116211,1.3010581731796265,0.02526312693953514,137,9.341364515150503e-07
2461,0.9878700375556946,0.01212996244430542,1.300146222114563,0.0250101238489151,137,9.341364515150503e-07
2462,0.987554669380188,0.012445330619812012,1.2998864650726318,0.025319740176200867,137,9.341364515150503e-07
2463,0.9881210327148438,0.01187896728515625,1.2722809314727783,0.024482987821102142,137,9.341364515150503e-07
2464,0.9880432486534119,0.011956751346588135,1.2759097814559937,0.024596281349658966,137,9.341364515150503e-07
2465,0.9876872301101685,0.012312769889831543,1.2815496921539307,0.025005139410495758,137,9.341364515150503e-07
2466,0.9877455830574036,0.012254416942596436,1.2858806848526,0.02499067783355713,138,8.874296289392978e-07
2467,0.988235592842102,0.01176440715789795,1.278857707977295,0.024435341358184814,138,8.874296289392978e-07
2468,0.9874919652938843,0.012508034706115723,1.289440631866455,0.025277361273765564,138,8.874296289392978e-07
2469,0.9881277084350586,0.011872291564941406,1.272862434387207,0.02448219247162342,138,8.874296289392978e-07
2470,0.9877333045005798,0.012266695499420166,1.298278570175171,0.02512681484222412,138,8.874296289392978e-07
2471,0.9876044988632202,0.012395501136779785,1.279910922050476,0.025070656090974808,138,8.874296289392978e-07
2472,0.9880010485649109,0.011998951435089111,1.278328537940979,0.02466224692761898,138,8.874296289392978e-07
2473,0.9877510666847229,0.0122489333152771,1.302087664604187,0.025147320702672005,138,8.874296289392978e-07
2474,0.9883127212524414,0.011687278747558594,1.2758762836456299,0.0243291687220335,138,8.874296289392978e-07
2475,0.9879024624824524,0.012097537517547607,1.294587254524231,0.024922434240579605,138,8.874296289392978e-07
2476,0.988071084022522,0.011928915977478027,1.2684767246246338,0.024494394659996033,138,8.874296289392978e-07
2477,0.9876874685287476,0.012312531471252441,1.2774102687835693,0.024963509291410446,138,8.874296289392978e-07
2478,0.9875997304916382,0.012400269508361816,1.3027403354644775,0.025303669273853302,138,8.874296289392978e-07
2479,0.9884272813796997,0.011572718620300293,1.3006099462509155,0.024463091045618057,138,8.874296289392978e-07
2480,0.9875625967979431,0.012437403202056885,1.2879829406738281,0.025192858651280403,138,8.874296289392978e-07
2481,0.9878949522972107,0.012105047702789307,1.2914119958877563,0.024898115545511246,138,8.874296289392978e-07
2482,0.9880245923995972,0.011975407600402832,1.2769067287445068,0.024624720215797424,138,8.874296289392978e-07
2483,0.9882935881614685,0.011706411838531494,1.285595417022705,0.024445300921797752,138,8.874296289392978e-07
2484,0.9878292679786682,0.012170732021331787,1.2973586320877075,0.025022611021995544,139,8.430581474923329e-07
2485,0.9879856109619141,0.012014389038085938,1.2943114042282104,0.02483735978603363,139,8.430581474923329e-07
2486,0.9882377982139587,0.01176220178604126,1.278753399848938,0.024432113394141197,139,8.430581474923329e-07
2487,0.9872407913208008,0.012759208679199219,1.2939785718917847,0.02557140216231346,139,8.430581474923329e-07
2488,0.988054633140564,0.011945366859436035,1.2872931957244873,0.02469884604215622,139,8.430581474923329e-07
2489,0.988161027431488,0.011838972568511963,1.281304955482483,0.024533633142709732,139,8.430581474923329e-07
2490,0.9876097440719604,0.01239025592803955,1.2970269918441772,0.025236623361706734,139,8.430581474923329e-07
2491,0.9879518151283264,0.012048184871673584,1.2811883687973022,0.0247395858168602,139,8.430581474923329e-07
2492,0.9881117939949036,0.011888206005096436,1.2896246910095215,0.02466556988656521,139,8.430581474923329e-07
2493,0.987847089767456,0.012152910232543945,1.2855762243270874,0.024887142702937126,139,8.430581474923329e-07
2494,0.9878159165382385,0.012184083461761475,1.2873378992080688,0.02493562176823616,139,8.430581474923329e-07
2495,0.9872665405273438,0.01273345947265625,1.2952674627304077,0.025558799505233765,139,8.430581474923329e-07
2496,0.9874869585037231,0.012513041496276855,1.2798329591751099,0.025186240673065186,139,8.430581474923329e-07
2497,0.9877213835716248,0.012278616428375244,1.266073226928711,0.024816561490297318,139,8.430581474923329e-07
2498,0.9878466725349426,0.012153327465057373,1.3022459745407104,0.02505425363779068,139,8.430581474923329e-07
2499,0.9883425831794739,0.011657416820526123,1.2645936012268066,0.02418677881360054,139,8.430581474923329e-07
2500,0.9885406494140625,0.0114593505859375,1.290778398513794,0.02425254136323929,139,8.430581474923329e-07
2501,0.9884766936302185,0.011523306369781494,1.2604137659072876,0.024012211710214615,139,8.430581474923329e-07
2502,0.9876062870025635,0.012393712997436523,1.2958742380142212,0.02522851899266243,140,8.009052401177162e-07
2503,0.9878868460655212,0.01211315393447876,1.2827727794647217,0.0248197503387928,140,8.009052401177162e-07
2504,0.9880638718605042,0.01193612813949585,1.2725207805633545,0.02454197406768799,140,8.009052401177162e-07
2505,0.9881312251091003,0.011868774890899658,1.2773936986923218,0.02452402375638485,140,8.009052401177162e-07
2506,0.9875033497810364,0.012496650218963623,1.3003675937652588,0.025375358760356903,140,8.009052401177162e-07
2507,0.9875489473342896,0.01245105266571045,1.2848341464996338,0.025174882262945175,140,8.009052401177162e-07
2508,0.9881894588470459,0.011810541152954102,1.2874672412872314,0.02456710860133171,140,8.009052401177162e-07
2509,0.9877270460128784,0.012272953987121582,1.2711470127105713,0.024861693382263184,140,8.009052401177162e-07
2510,0.9878054261207581,0.012194573879241943,1.2748525142669678,0.024821152910590172,140,8.009052401177162e-07
2511,0.9885669350624084,0.011433064937591553,1.2945194244384766,0.024263929575681686,140,8.009052401177162e-07
2512,0.9877134561538696,0.012286543846130371,1.290409803390503,0.025067776441574097,140,8.009052401177162e-07
2513,0.9880390763282776,0.011960923671722412,1.2737665176391602,0.02457898110151291,140,8.009052401177162e-07
2514,0.9877563714981079,0.01224362850189209,1.3064730167388916,0.025185922160744667,140,8.009052401177162e-07
2515,0.9875980019569397,0.012401998043060303,1.3019154071807861,0.0252971313893795,140,8.009052401177162e-07
2516,0.987919270992279,0.012080729007720947,1.2899283170700073,0.02485920488834381,140,8.009052401177162e-07
2517,0.9882419109344482,0.011758089065551758,1.2785875797271729,0.024426383897662163,140,8.009052401177162e-07
2518,0.9879614114761353,0.012038588523864746,1.2759249210357666,0.024677451699972153,140,8.009052401177162e-07
2519,0.9877960681915283,0.01220393180847168,1.2980906963348389,0.02506279945373535,140,8.009052401177162e-07
2520,0.987787127494812,0.012212872505187988,1.291694164276123,0.025007683783769608,141,7.608599781118303e-07
2521,0.9872637987136841,0.012736201286315918,1.2951947450637817,0.025560785084962845,141,7.608599781118303e-07
2522,0.9883002042770386,0.011699795722961426,1.2875295877456665,0.02445809356868267,141,7.608599781118303e-07
2523,0.9874767065048218,0.012523293495178223,1.2803677320480347,0.025201737880706787,141,7.608599781118303e-07
2524,0.9876960515975952,0.012303948402404785,1.2662062644958496,0.024842970073223114,141,7.608599781118303e-07
2525,0.9879079461097717,0.012092053890228271,1.3001787662506104,0.02497292123734951,141,7.608599781118303e-07
2526,0.9877598881721497,0.012240111827850342,1.2763776779174805,0.02488148771226406,141,7.608599781118303e-07
2527,0.9879271984100342,0.01207280158996582,1.284815788269043,0.02480022981762886,141,7.608599781118303e-07
2528,0.9878251552581787,0.012174844741821289,1.2729480266571045,0.02478257566690445,141,7.608599781118303e-07
2529,0.9875977635383606,0.012402236461639404,1.2885148525238037,0.02516336366534233,141,7.608599781118303e-07
2530,0.9881396293640137,0.011860370635986328,1.285956621170044,0.02460133284330368,141,7.608599781118303e-07
2531,0.9881622791290283,0.01183772087097168,1.2875925302505493,0.024595268070697784,141,7.608599781118303e-07
2532,0.9880554676055908,0.01194453239440918,1.2928217649459839,0.024753306061029434,141,7.608599781118303e-07
2533,0.9882738590240479,0.011726140975952148,1.278488039970398,0.024393759667873383,141,7.608599781118303e-07
2534,0.9877452254295349,0.012254774570465088,1.2958440780639648,0.025090668350458145,141,7.608599781118303e-07
2535,0.9881028532981873,0.011897146701812744,1.3117209672927856,0.024895384907722473,141,7.608599781118303e-07
2536,0.988126277923584,0.011873722076416016,1.2705308198928833,0.024460293352603912,141,7.608599781118303e-07
2537,0.988298237323761,0.011701762676239014,1.2613320350646973,0.02419806458055973,141,7.608599781118303e-07
2538,0.9880667924880981,0.011933207511901855,1.285094976425171,0.024664824828505516,142,7.228169792062388e-07
2539,0.9876580834388733,0.012341916561126709,1.2689721584320068,0.024908218532800674,142,7.228169792062388e-07
2540,0.9883480072021484,0.011651992797851562,1.2769743204116821,0.02430521696805954,142,7.228169792062388e-07
2541,0.9877674579620361,0.012232542037963867,1.2783982753753662,0.024894200265407562,142,7.228169792062388e-07
2542,0.9884045124053955,0.011595487594604492,1.2944313287734985,0.02442384511232376,142,7.228169792062388e-07
2543,0.9880664944648743,0.011933505535125732,1.2771519422531128,0.02458569034934044,142,7.228169792062388e-07
2544,0.9881705641746521,0.0118294358253479,1.2746224403381348,0.02445736527442932,142,7.228169792062388e-07
2545,0.9878501892089844,0.012149810791015625,1.3085521459579468,0.02511383406817913,142,7.228169792062388e-07
2546,0.98762446641922,0.01237553358078003,1.2983593940734863,0.0252353735268116,142,7.228169792062388e-07
2547,0.987561047077179,0.012438952922821045,1.2855497598648071,0.025170061737298965,142,7.228169792062388e-07
2548,0.9876920580863953,0.012307941913604736,1.3013216257095337,0.025198079645633698,142,7.228169792062388e-07
2549,0.9877061247825623,0.012293875217437744,1.288565993309021,0.025056596845388412,142,7.228169792062388e-07
2550,0.9878517389297485,0.012148261070251465,1.2945531606674194,0.024972308427095413,142,7.228169792062388e-07
2551,0.9881542921066284,0.011845707893371582,1.294525384902954,0.024672504514455795,142,7.228169792062388e-07
2552,0.9879637360572815,0.012036263942718506,1.2760077714920044,0.02467598021030426,142,7.228169792062388e-07
2553,0.9877969026565552,0.012203097343444824,1.272253394126892,0.02480359934270382,142,7.228169792062388e-07
2554,0.9873790740966797,0.012620925903320312,1.2929006814956665,0.025423724204301834,142,7.228169792062388e-07
2555,0.9884782433509827,0.011521756649017334,1.2603987455368042,0.02401052601635456,142,7.228169792062388e-07
2556,0.987778902053833,0.012221097946166992,1.2817461490631104,0.02491634711623192,143,6.866761302459269e-07
2557,0.9880962371826172,0.011903762817382812,1.291128158569336,0.02469600737094879,143,6.866761302459269e-07
2558,0.987649142742157,0.012350857257843018,1.2846158742904663,0.02507350780069828,143,6.866761302459269e-07
2559,0.9877921342849731,0.012207865715026855,1.2832181453704834,0.02491796761751175,143,6.866761302459269e-07
2560,0.987429141998291,0.012570858001708984,1.2840625047683716,0.02528577484190464,143,6.866761302459269e-07
2561,0.9875979423522949,0.012402057647705078,1.2860071659088135,0.02513810805976391,143,6.866761302459269e-07
2562,0.9885174036026001,0.011482596397399902,1.267815113067627,0.024045921862125397,143,6.866761302459269e-07
2563,0.9880452752113342,0.011954724788665771,1.283111572265625,0.02466629259288311,143,6.866761302459269e-07
2564,0.9878801703453064,0.012119829654693604,1.3021522760391235,0.02502015233039856,143,6.866761302459269e-07
2565,0.9886796474456787,0.011320352554321289,1.296460509300232,0.024171754717826843,143,6.866761302459269e-07
2566,0.9877637028694153,0.012236297130584717,1.2789396047592163,0.024903330951929092,143,6.866761302459269e-07
2567,0.9881764650344849,0.011823534965515137,1.2953733205795288,0.024659033864736557,143,6.866761302459269e-07
2568,0.9878827929496765,0.012117207050323486,1.2795445919036865,0.024791480973362923,143,6.866761302459269e-07
2569,0.9881248474121094,0.011875152587890625,1.2725828886032104,0.024482229724526405,143,6.866761302459269e-07
2570,0.987468421459198,0.012531578540802002,1.3067539930343628,0.025473803281784058,143,6.866761302459269e-07
2571,0.9874385595321655,0.012561440467834473,1.2875701189041138,0.025311527773737907,143,6.866761302459269e-07
2572,0.9878842830657959,0.012115716934204102,1.2854430675506592,0.02484899014234543,143,6.866761302459269e-07
2573,0.9881427884101868,0.011857211589813232,1.2680726051330566,0.02441936545073986,143,6.866761302459269e-07
2574,0.9874067902565002,0.012593209743499756,1.3021432161331177,0.025488710030913353,144,6.523423237336305e-07
2575,0.9879290461540222,0.012070953845977783,1.2915745973587036,0.02486598864197731,144,6.523423237336305e-07
2576,0.9882228374481201,0.011777162551879883,1.286502718925476,0.024524416774511337,144,6.523423237336305e-07
2577,0.9872909188270569,0.012709081172943115,1.2897075414657593,0.025479065254330635,144,6.523423237336305e-07
2578,0.9879335165023804,0.012066483497619629,1.2835992574691772,0.024781811982393265,144,6.523423237336305e-07
2579,0.9883756041526794,0.011624395847320557,1.2762991189956665,0.02427114173769951,144,6.523423237336305e-07
2580,0.9882815480232239,0.011718451976776123,1.2777265310287476,0.02437853254377842,144,6.523423237336305e-07
2581,0.9878169894218445,0.012183010578155518,1.2965606451034546,0.02502678707242012,144,6.523423237336305e-07
2582,0.9877427220344543,0.012257277965545654,1.2674459218978882,0.02480916492640972,144,6.523423237336305e-07
2583,0.9882978796958923,0.011702120304107666,1.2626922130584717,0.024212021380662918,144,6.523423237336305e-07
2584,0.9882477521896362,0.01175224781036377,1.271328330039978,0.024348009377717972,144,6.523423237336305e-07
2585,0.9878646731376648,0.012135326862335205,1.290198802947998,0.024915961548686028,144,6.523423237336305e-07
2586,0.9878782033920288,0.012121796607971191,1.2940829992294312,0.02494140714406967,144,6.523423237336305e-07
2587,0.9881843328475952,0.011815667152404785,1.2933274507522583,0.02463078498840332,144,6.523423237336305e-07
2588,0.9876682758331299,0.012331724166870117,1.28192937374115,0.025027699768543243,144,6.523423237336305e-07
2589,0.9877969622612,0.012203037738800049,1.297504186630249,0.02505604922771454,144,6.523423237336305e-07
2590,0.9875302314758301,0.012469768524169922,1.2975939512252808,0.025321010500192642,144,6.523423237336305e-07
2591,0.9873496294021606,0.012650370597839355,1.299557089805603,0.025519438087940216,144,6.523423237336305e-07
2592,0.9878273606300354,0.0121726393699646,1.2970659732818604,0.025021571666002274,145,6.197252075469489e-07
2593,0.9880554676055908,0.01194453239440918,1.2862790822982788,0.024687878787517548,145,6.197252075469489e-07
2594,0.9883373975753784,0.011662602424621582,1.2770376205444336,0.024316351860761642,145,6.197252075469489e-07
2595,0.9879288077354431,0.012071192264556885,1.2848819494247437,0.024799300357699394,145,6.197252075469489e-07
2596,0.9879662394523621,0.01203376054763794,1.2957481145858765,0.02487090416252613,145,6.197252075469489e-07
2597,0.988010823726654,0.011989176273345947,1.2884178161621094,0.02475346252322197,145,6.197252075469489e-07
2598,0.9875018000602722,0.012498199939727783,1.285151720046997,0.025224734097719193,145,6.197252075469489e-07
2599,0.9876694679260254,0.01233053207397461,1.2965279817581177,0.025172505527734756,145,6.197252075469489e-07
2600,0.9875592589378357,0.012440741062164307,1.2884443998336792,0.025200776755809784,145,6.197252075469489e-07
2601,0.9885477423667908,0.011452257633209229,1.2854894399642944,0.024192627519369125,145,6.197252075469489e-07
2602,0.9883878827095032,0.011612117290496826,1.2628390789031982,0.0241243876516819,145,6.197252075469489e-07
2603,0.9875093698501587,0.012490630149841309,1.2981367111206055,0.025347091257572174,145,6.197252075469489e-07
2604,0.9876864552497864,0.012313544750213623,1.2963521480560303,0.025153931230306625,145,6.197252075469489e-07
2605,0.9874156713485718,0.012584328651428223,1.2799696922302246,0.025258183479309082,145,6.197252075469489e-07
2606,0.9885031580924988,0.01149684190750122,1.282308578491211,0.024204958230257034,145,6.197252075469489e-07
2607,0.9876746535301208,0.01232534646987915,1.2821711301803589,0.025023803114891052,145,6.197252075469489e-07
2608,0.9876810312271118,0.012318968772888184,1.2802797555923462,0.024998575448989868,145,6.197252075469489e-07
2609,0.9879404306411743,0.012059569358825684,1.2807296514511108,0.02474626898765564,145,6.197252075469489e-07
2610,0.9880922436714172,0.011907756328582764,1.2939156293869019,0.02472783625125885,146,5.887389471696014e-07
2611,0.9877405166625977,0.012259483337402344,1.277242660522461,0.024909313768148422,146,5.887389471696014e-07
2612,0.9880470037460327,0.011952996253967285,1.2938297986984253,0.024771764874458313,146,5.887389471696014e-07
2613,0.987547755241394,0.012452244758605957,1.2863984107971191,0.02519170567393303,146,5.887389471696014e-07
2614,0.987605094909668,0.012394905090332031,1.2878398895263672,0.025149354711174965,146,5.887389471696014e-07
2615,0.9881138801574707,0.011886119842529297,1.277223825454712,0.02453949674963951,146,5.887389471696014e-07
2616,0.987715482711792,0.012284517288208008,1.267295002937317,0.02483462169766426,146,5.887389471696014e-07
2617,0.9883208274841309,0.01167917251586914,1.2735308408737183,0.02429768815636635,146,5.887389471696014e-07
2618,0.9881026148796082,0.011897385120391846,1.2820348739624023,0.024598758667707443,146,5.887389471696014e-07
2619,0.988002359867096,0.011997640132904053,1.2891894578933716,0.024769557639956474,146,5.887389471696014e-07
2620,0.9874188899993896,0.012581110000610352,1.294673204421997,0.02540202997624874,146,5.887389471696014e-07
2621,0.9878675937652588,0.012132406234741211,1.305607557296753,0.025067158043384552,146,5.887389471696014e-07
2622,0.9879770278930664,0.012022972106933594,1.2889138460159302,0.024791881442070007,146,5.887389471696014e-07
2623,0.9882118105888367,0.01178818941116333,1.280947208404541,0.024479780346155167,146,5.887389471696014e-07
2624,0.9875422716140747,0.012457728385925293,1.2818679809570312,0.025151830166578293,146,5.887389471696014e-07
2625,0.9882024526596069,0.011797547340393066,1.2819974422454834,0.024499546736478806,146,5.887389471696014e-07
2626,0.9879911541938782,0.012008845806121826,1.2945470809936523,0.024834226816892624,146,5.887389471696014e-07
2627,0.9876964688301086,0.012303531169891357,1.3017246723175049,0.025197742506861687,146,5.887389471696014e-07
2628,0.987743616104126,0.012256383895874023,1.2966334819793701,0.02510015480220318,147,5.593019998111213e-07
2629,0.9873381853103638,0.01266181468963623,1.2908051013946533,0.025443248450756073,147,5.593019998111213e-07
2630,0.9883334040641785,0.011666595935821533,1.2905598878860474,0.02445552870631218,147,5.593019998111213e-07
2631,0.9880257248878479,0.0119742751121521,1.2701671123504639,0.024556202813982964,147,5.593019998111213e-07
2632,0.9877721071243286,0.012227892875671387,1.2926669120788574,0.02503228187561035,147,5.593019998111213e-07
2633,0.9882937669754028,0.011706233024597168,1.2667845487594604,0.02425701543688774,147,5.593019998111213e-07
2634,0.9876530170440674,0.012346982955932617,1.2800421714782715,0.0250239335000515,147,5.593019998111213e-07
2635,0.9875207543373108,0.012479245662689209,1.2916984558105469,0.02527143806219101,147,5.593019998111213e-07
2636,0.9883278608322144,0.011672139167785645,1.2691596746444702,0.02424701303243637,147,5.593019998111213e-07
2637,0.988010585308075,0.011989414691925049,1.2713178396224976,0.024582698941230774,147,5.593019998111213e-07
2638,0.988608181476593,0.011391818523406982,1.2818677425384521,0.024096578359603882,147,5.593019998111213e-07
2639,0.9878761172294617,0.01212388277053833,1.2997791767120361,0.0250004343688488,147,5.593019998111213e-07
2640,0.9875693321228027,0.012430667877197266,1.2829076051712036,0.02513543702661991,147,5.593019998111213e-07
2641,0.9877819418907166,0.012218058109283447,1.293617844581604,0.025032056495547295,147,5.593019998111213e-07
2642,0.9879011511802673,0.012098848819732666,1.2872626781463623,0.02485048770904541,147,5.593019998111213e-07
2643,0.9878243207931519,0.012175679206848145,1.2962955236434937,0.02501687780022621,147,5.593019998111213e-07
2644,0.9880026578903198,0.011997342109680176,1.292038083076477,0.024797748774290085,147,5.593019998111213e-07
2645,0.9870800375938416,0.012919962406158447,1.3017219305038452,0.025807980448007584,147,5.593019998111213e-07
2646,0.9878604412078857,0.012139558792114258,1.2929167747497559,0.024947330355644226,148,5.313368998205652e-07
2647,0.9882354736328125,0.0117645263671875,1.2819660902023315,0.024466540664434433,148,5.313368998205652e-07
2648,0.9880754947662354,0.011924505233764648,1.2840288877487183,0.024645548313856125,148,5.313368998205652e-07
2649,0.9877710342407227,0.012228965759277344,1.2745805978775024,0.024852482602000237,148,5.313368998205652e-07
2650,0.9880320429801941,0.011967957019805908,1.2747395038604736,0.024595672264695168,148,5.313368998205652e-07
2651,0.9877606630325317,0.012239336967468262,1.2977803945541382,0.02509474754333496,148,5.313368998205652e-07
2652,0.9874832630157471,0.01251673698425293,1.2880022525787354,0.025271592661738396,148,5.313368998205652e-07
2653,0.9877040982246399,0.012295901775360107,1.291782259941101,0.025090765208005905,148,5.313368998205652e-07
2654,0.9875868558883667,0.0124131441116333,1.280081033706665,0.025089822709560394,148,5.313368998205652e-07
2655,0.9880180358886719,0.011981964111328125,1.2651361227035522,0.024513505399227142,148,5.313368998205652e-07
2656,0.9879524111747742,0.01204758882522583,1.2995309829711914,0.02492242306470871,148,5.313368998205652e-07
2657,0.9880229234695435,0.011977076530456543,1.2787582874298096,0.024644888937473297,148,5.313368998205652e-07
2658,0.9876742362976074,0.012325763702392578,1.2897937297821045,0.02510044351220131,148,5.313368998205652e-07
2659,0.9880167245864868,0.011983275413513184,1.2686630487442017,0.024550072848796844,148,5.313368998205652e-07
2660,0.9880735874176025,0.011926412582397461,1.296555757522583,0.024772705510258675,148,5.313368998205652e-07
2661,0.9882786273956299,0.011721372604370117,1.2926281690597534,0.02453044056892395,148,5.313368998205652e-07
2662,0.9878289699554443,0.012171030044555664,1.294255018234253,0.024991869926452637,148,5.313368998205652e-07
2663,0.98781418800354,0.012185811996459961,1.3219287395477295,0.025283239781856537,148,5.313368998205652e-07
2664,0.9876455068588257,0.012354493141174316,1.2867897748947144,0.02509884536266327,149,5.047700548295369e-07
2665,0.987759530544281,0.012240469455718994,1.2695972919464111,0.02481403760612011,149,5.047700548295369e-07
2666,0.9876722097396851,0.012327790260314941,1.299307942390442,0.0251975916326046,149,5.047700548295369e-07
2667,0.9879525303840637,0.01204746961593628,1.2872666120529175,0.024799659848213196,149,5.047700548295369e-07
2668,0.9872910380363464,0.012708961963653564,1.2883964776992798,0.025465838611125946,149,5.047700548295369e-07
2669,0.9885545372962952,0.011445462703704834,1.2832826375961304,0.024163834750652313,149,5.047700548295369e-07
2670,0.9878506064414978,0.012149393558502197,1.300378441810608,0.02503168396651745,149,5.047700548295369e-07
2671,0.9879645109176636,0.012035489082336426,1.274160385131836,0.024656739085912704,149,5.047700548295369e-07
2672,0.9877297282218933,0.01227027177810669,1.2937756776809692,0.02508532628417015,149,5.047700548295369e-07
2673,0.9880123734474182,0.011987626552581787,1.2921534776687622,0.02478928491473198,149,5.047700548295369e-07
2674,0.988182008266449,0.011817991733551025,1.2747344970703125,0.024447156116366386,149,5.047700548295369e-07
2675,0.9875546097755432,0.012445390224456787,1.278796672821045,0.025108903646469116,149,5.047700548295369e-07
2676,0.9880644083023071,0.011935591697692871,1.2846451997756958,0.024662688374519348,149,5.047700548295369e-07
2677,0.9882195591926575,0.01178044080734253,1.2880842685699463,0.024543479084968567,149,5.047700548295369e-07
2678,0.9878748655319214,0.012125134468078613,1.27415931224823,0.024745475500822067,149,5.047700548295369e-07
2679,0.9878947138786316,0.012105286121368408,1.287276029586792,0.024856993928551674,149,5.047700548295369e-07
2680,0.9879782795906067,0.01202172040939331,1.3017547130584717,0.024919049814343452,149,5.047700548295369e-07
2681,0.9882951974868774,0.011704802513122559,1.2855162620544434,0.024442916736006737,149,5.047700548295369e-07
2682,0.9885364770889282,0.011463522911071777,1.276039481163025,0.024109281599521637,150,4.7953155208806e-07
2683,0.9879646897315979,0.0120353102684021,1.2788149118423462,0.02470310591161251,150,4.7953155208806e-07
2684,0.9880685806274414,0.011931419372558594,1.2702182531356812,0.02451428771018982,150,4.7953155208806e-07
2685,0.9882915616035461,0.011708438396453857,1.277323603630066,0.024364590644836426,150,4.7953155208806e-07
2686,0.9879187345504761,0.012081265449523926,1.2905904054641724,0.024866357445716858,150,4.7953155208806e-07
2687,0.9878847002983093,0.012115299701690674,1.27927827835083,0.02478693053126335,150,4.7953155208806e-07
2688,0.987629771232605,0.01237022876739502,1.2944577932357788,0.025191104039549828,150,4.7953155208806e-07
2689,0.9876106381416321,0.01238936185836792,1.2858593463897705,0.025124061852693558,150,4.7953155208806e-07
2690,0.9877001047134399,0.012299895286560059,1.2824697494506836,0.025001592934131622,150,4.7953155208806e-07
2691,0.9880996942520142,0.01190030574798584,1.311132550239563,0.02489262819290161,150,4.7953155208806e-07
2692,0.9874601364135742,0.012539863586425781,1.2930166721343994,0.02534463070333004,150,4.7953155208806e-07
2693,0.9874262809753418,0.012573719024658203,1.283761739730835,0.025285597890615463,150,4.7953155208806e-07
2694,0.9880340695381165,0.011965930461883545,1.3077489137649536,0.024923760443925858,150,4.7953155208806e-07
2695,0.9876917004585266,0.012308299541473389,1.2863587141036987,0.02504880353808403,150,4.7953155208806e-07
2696,0.9881979823112488,0.01180201768875122,1.2798436880111694,0.02448243461549282,150,4.7953155208806e-07
2697,0.9880438446998596,0.01195615530014038,1.2751033306121826,0.02458762750029564,150,4.7953155208806e-07
2698,0.9877471327781677,0.012252867221832275,1.290147304534912,0.025031812489032745,150,4.7953155208806e-07
2699,0.987942099571228,0.012057900428771973,1.2806552648544312,0.02474387362599373,150,4.7953155208806e-07
2700,0.9880687594413757,0.011931240558624268,1.2873257398605347,0.02468518540263176,151,4.55554974483657e-07
2701,0.9879909753799438,0.012009024620056152,1.2852017879486084,0.024740952998399734,151,4.55554974483657e-07
2702,0.9877733588218689,0.012226641178131104,1.2897052764892578,0.02500142902135849,151,4.55554974483657e-07
2703,0.9882671236991882,0.011732876300811768,1.2873952388763428,0.024489499628543854,151,4.55554974483657e-07
2704,0.9875290393829346,0.01247096061706543,1.299925684928894,0.025345508009195328,151,4.55554974483657e-07
2705,0.9876564741134644,0.012343525886535645,1.2804502248764038,0.025024592876434326,151,4.55554974483657e-07
2706,0.9875916838645935,0.012408316135406494,1.2919155359268188,0.025203388184309006,151,4.55554974483657e-07
2707,0.9877292513847351,0.012270748615264893,1.2828807830810547,0.02497684955596924,151,4.55554974483657e-07
2708,0.9878993630409241,0.012100636959075928,1.267809271812439,0.0246577225625515,151,4.55554974483657e-07
2709,0.987875759601593,0.012124240398406982,1.2754615545272827,0.024757612496614456,151,4.55554974483657e-07
2710,0.9887019991874695,0.011298000812530518,1.2678160667419434,0.023863181471824646,151,4.55554974483657e-07
2711,0.9882105588912964,0.011789441108703613,1.2872183322906494,0.024543728679418564,151,4.55554974483657e-07
2712,0.9877400398254395,0.012259960174560547,1.2807775735855103,0.024945136159658432,151,4.55554974483657e-07
2713,0.9877397418022156,0.012260258197784424,1.2910219430923462,0.025047875940799713,151,4.55554974483657e-07
2714,0.9879921674728394,0.012007832527160645,1.2913081645965576,0.02480083703994751,151,4.55554974483657e-07
2715,0.9882797598838806,0.011720240116119385,1.305820107460022,0.024661239236593246,151,4.55554974483657e-07
2716,0.9875200986862183,0.012479901313781738,1.2845919132232666,0.025201020762324333,151,4.55554974483657e-07
2717,0.9871639013290405,0.012836098670959473,1.3013306856155396,0.025721045210957527,151,4.55554974483657e-07
2718,0.9875531196594238,0.012446880340576172,1.2912781238555908,0.025235192850232124,152,4.327772257594741e-07
2719,0.9871050715446472,0.012894928455352783,1.2832714319229126,0.025598693639039993,152,4.327772257594741e-07
2720,0.9881733059883118,0.011826694011688232,1.2800544500350952,0.024508971720933914,152,4.327772257594741e-07
2721,0.9883283972740173,0.011671602725982666,1.3009370565414429,0.024564256891608238,152,4.327772257594741e-07
2722,0.9880598187446594,0.011940181255340576,1.2815585136413574,0.024636363610625267,152,4.327772257594741e-07
2723,0.9876590371131897,0.012340962886810303,1.2851496934890747,0.02506905049085617,152,4.327772257594741e-07
2724,0.9879695177078247,0.012030482292175293,1.2724826335906982,0.02463500387966633,152,4.327772257594741e-07
2725,0.9881429076194763,0.011857092380523682,1.2917853593826294,0.024656374007463455,152,4.327772257594741e-07
2726,0.9879225492477417,0.0120774507522583,1.2766774892807007,0.02472345158457756,152,4.327772257594741e-07
2727,0.9878591299057007,0.012140870094299316,1.2790288925170898,0.02480975165963173,152,4.327772257594741e-07
2728,0.988262414932251,0.011737585067749023,1.2625428438186646,0.02424563840031624,152,4.327772257594741e-07
2729,0.9880519509315491,0.011948049068450928,1.2751225233078003,0.024579793214797974,152,4.327772257594741e-07
2730,0.9882386922836304,0.011761307716369629,1.3007519245147705,0.024651214480400085,152,4.327772257594741e-07
2731,0.9874952435493469,0.012504756450653076,1.3054814338684082,0.025434523820877075,152,4.327772257594741e-07
2732,0.9878627061843872,0.012137293815612793,1.2802469730377197,0.024818390607833862,152,4.327772257594741e-07
2733,0.9877853989601135,0.012214601039886475,1.2965724468231201,0.02505818009376526,152,4.327772257594741e-07
2734,0.9879059195518494,0.012094080448150635,1.3003578186035156,0.024976717308163643,152,4.327772257594741e-07
2735,0.9876915216445923,0.012308478355407715,1.278221607208252,0.024967610836029053,152,4.327772257594741e-07
2736,0.98740553855896,0.012594461441040039,1.2877171039581299,0.025345686823129654,153,4.111383644715004e-07
2737,0.9885307550430298,0.011469244956970215,1.275407314300537,0.024108625948429108,153,4.111383644715004e-07
2738,0.9879375696182251,0.012062430381774902,1.276906132698059,0.024710867553949356,153,4.111383644715004e-07
2739,0.988275945186615,0.01172405481338501,1.292773962020874,0.024534553289413452,153,4.111383644715004e-07
2740,0.9876677393913269,0.012332260608673096,1.3003625869750977,0.025212563574314117,153,4.111383644715004e-07
2741,0.9877136945724487,0.01228630542755127,1.2872284650802612,0.02503572776913643,153,4.111383644715004e-07
2742,0.9882290363311768,0.011770963668823242,1.2952238321304321,0.024605492129921913,153,4.111383644715004e-07
2743,0.987743079662323,0.012256920337677002,1.307178020477295,0.025206129997968674,153,4.111383644715004e-07
2744,0.9880059361457825,0.01199406385421753,1.2818163633346558,0.024692285805940628,153,4.111383644715004e-07
2745,0.9877805709838867,0.012219429016113281,1.2781386375427246,0.024878621101379395,153,4.111383644715004e-07
2746,0.9881537556648254,0.01184624433517456,1.2744826078414917,0.024472607299685478,153,4.111383644715004e-07
2747,0.9879950881004333,0.01200491189956665,1.2797720432281494,0.024682581424713135,153,4.111383644715004e-07
2748,0.987675666809082,0.012324333190917969,1.2885513305664062,0.025086604058742523,153,4.111383644715004e-07
2749,0.9876220226287842,0.01237797737121582,1.2767995595932007,0.025022193789482117,153,4.111383644715004e-07
2750,0.9877957105636597,0.012204289436340332,1.2919272184371948,0.025001518428325653,153,4.111383644715004e-07
2751,0.9884079098701477,0.011592090129852295,1.2717034816741943,0.024193204939365387,153,4.111383644715004e-07
2752,0.9872673749923706,0.012732625007629395,1.2868539094924927,0.025473836809396744,153,4.111383644715004e-07
2753,0.9881145358085632,0.011885464191436768,1.3065872192382812,0.024832481518387794,153,4.111383644715004e-07
2754,0.9880151152610779,0.01198488473892212,1.2846373319625854,0.024711407721042633,154,3.905814462479254e-07
2755,0.9877109527587891,0.012289047241210938,1.2759655714035034,0.02492581307888031,154,3.905814462479254e-07
2756,0.9878365993499756,0.012163400650024414,1.2989650964736938,0.02503141760826111,154,3.905814462479254e-07
2757,0.988046407699585,0.011953592300415039,1.2833287715911865,0.024667343124747276,154,3.905814462479254e-07
2758,0.9881748557090759,0.011825144290924072,1.276275396347046,0.02446964755654335,154,3.905814462479254e-07
2759,0.9881274104118347,0.011872589588165283,1.2704880237579346,0.024458743631839752,154,3.905814462479254e-07
2760,0.9883702993392944,0.011629700660705566,1.2775541543960571,0.024288944900035858,154,3.905814462479254e-07
2761,0.987742006778717,0.012257993221282959,1.3093079328536987,0.02522849291563034,154,3.905814462479254e-07
2762,0.9875546097755432,0.012445390224456787,1.3068705797195435,0.025389641523361206,154,3.905814462479254e-07
2763,0.9877187609672546,0.012281239032745361,1.2904715538024902,0.02506314218044281,154,3.905814462479254e-07
2764,0.9879692196846008,0.01203078031539917,1.2819722890853882,0.024730194360017776,154,3.905814462479254e-07
2765,0.9878983497619629,0.01210165023803711,1.27683687210083,0.02474900335073471,154,3.905814462479254e-07
2766,0.9884529709815979,0.0115470290184021,1.275754690170288,0.02418910525739193,154,3.905814462479254e-07
2767,0.9877151846885681,0.012284815311431885,1.2787996530532837,0.02494996413588524,154,3.905814462479254e-07
2768,0.9878805875778198,0.012119412422180176,1.266075849533081,0.02465897798538208,154,3.905814462479254e-07
2769,0.9875171184539795,0.012482881546020508,1.309466004371643,0.025452712550759315,154,3.905814462479254e-07
2770,0.9877285957336426,0.012271404266357422,1.2943711280822754,0.02509240061044693,154,3.905814462479254e-07
2771,0.9873514175415039,0.012648582458496094,1.2995243072509766,0.025517340749502182,154,3.905814462479254e-07
2772,0.9879747033119202,0.012025296688079834,1.2705947160720825,0.024610990658402443,155,3.710523739355291e-07
2773,0.9877228140830994,0.012277185916900635,1.291764497756958,0.02507205866277218,155,3.710523739355291e-07
2774,0.9878913760185242,0.01210862398147583,1.2934470176696777,0.02492200769484043,155,3.710523739355291e-07
2775,0.9878638982772827,0.012136101722717285,1.2818470001220703,0.024833209812641144,155,3.710523739355291e-07
2776,0.9879457354545593,0.012054264545440674,1.2931067943572998,0.024864789098501205,155,3.710523739355291e-07
2777,0.9884619116783142,0.011538088321685791,1.2811816930770874,0.024234523996710777,155,3.710523739355291e-07
2778,0.9875537753105164,0.012446224689483643,1.285249948501587,0.02517426200211048,155,3.710523739355291e-07
2779,0.987679660320282,0.012320339679718018,1.28983736038208,0.025095509365200996,155,3.710523739355291e-07
2780,0.9882896542549133,0.01171034574508667,1.2753368616104126,0.0243466105312109,155,3.710523739355291e-07
2781,0.9883435964584351,0.011656403541564941,1.303422451019287,0.02457406371831894,155,3.710523739355291e-07
2782,0.9877901077270508,0.012209892272949219,1.2899011373519897,0.02498680353164673,155,3.710523739355291e-07
2783,0.9880155920982361,0.011984407901763916,1.2832133769989014,0.024696696549654007,155,3.710523739355291e-07
2784,0.9873765707015991,0.012623429298400879,1.2951793670654297,0.025448989123106003,155,3.710523739355291e-07
2785,0.988033652305603,0.011966347694396973,1.2767361402511597,0.02461404539644718,155,3.710523739355291e-07
2786,0.9877733588218689,0.012226641178131104,1.2878732681274414,0.024983108043670654,155,3.710523739355291e-07
2787,0.9877839088439941,0.01221609115600586,1.2954591512680054,0.025048520416021347,155,3.710523739355291e-07
2788,0.9879835247993469,0.012016475200653076,1.2687705755233765,0.02458401583135128,155,3.710523739355291e-07
2789,0.9874199032783508,0.01258009672164917,1.281440019607544,0.02526869624853134,155,3.710523739355291e-07
2790,0.988190770149231,0.011809229850769043,1.260661244392395,0.024297749623656273,156,3.524997552387526e-07
2791,0.9873540997505188,0.012645900249481201,1.2932848930358887,0.02545228973031044,156,3.524997552387526e-07
2792,0.9880654215812683,0.01193457841873169,1.3015536069869995,0.02483076974749565,156,3.524997552387526e-07
2793,0.9876763820648193,0.012323617935180664,1.2722289562225342,0.024922670796513557,156,3.524997552387526e-07
2794,0.9879512786865234,0.012048721313476562,1.2711296081542969,0.02463953010737896,156,3.524997552387526e-07
2795,0.9876254796981812,0.012374520301818848,1.2982397079467773,0.02523317188024521,156,3.524997552387526e-07
2796,0.9875820875167847,0.012417912483215332,1.2897027730941772,0.02519076131284237,156,3.524997552387526e-07
2797,0.9888290762901306,0.011170923709869385,1.2780598402023315,0.023839812725782394,156,3.524997552387526e-07
2798,0.9876784086227417,0.0123215913772583,1.289631724357605,0.025094691663980484,156,3.524997552387526e-07
2799,0.9881123900413513,0.011887609958648682,1.2757571935653687,0.024526305496692657,156,3.524997552387526e-07
2800,0.9882254004478455,0.011774599552154541,1.2695508003234863,0.024352360516786575,156,3.524997552387526e-07
2801,0.9875941276550293,0.012405872344970703,1.2869806289672852,0.02515161968767643,156,3.524997552387526e-07
2802,0.9883008599281311,0.011699140071868896,1.295304536819458,0.024535194039344788,156,3.524997552387526e-07
2803,0.9878529906272888,0.012147009372711182,1.298346757888794,0.02500900626182556,156,3.524997552387526e-07
2804,0.9872308969497681,0.012769103050231934,1.2951490879058838,0.025592902675271034,156,3.524997552387526e-07
2805,0.9878278970718384,0.012172102928161621,1.305328130722046,0.02510366216301918,156,3.524997552387526e-07
2806,0.9880210161209106,0.011978983879089355,1.279544472694397,0.024654638022184372,156,3.524997552387526e-07
2807,0.9883826375007629,0.01161736249923706,1.2794134616851807,0.024295322597026825,156,3.524997552387526e-07
2808,0.988328218460083,0.011671781539916992,1.2873977422714233,0.024429041892290115,157,3.34874767476815e-07
2809,0.9883800745010376,0.011619925498962402,1.275200366973877,0.02425573021173477,157,3.34874767476815e-07
2810,0.9882494211196899,0.011750578880310059,1.2805135250091553,0.02443820796906948,157,3.34874767476815e-07
2811,0.9872411489486694,0.012758851051330566,1.2916972637176514,0.025548234581947327,157,3.34874767476815e-07
2812,0.9880654811859131,0.011934518814086914,1.2809618711471558,0.024624790996313095,157,3.34874767476815e-07
2813,0.9878915548324585,0.012108445167541504,1.2764941453933716,0.024752302095294,157,3.34874767476815e-07
2814,0.987525999546051,0.012474000453948975,1.3034980297088623,0.025384239852428436,157,3.34874767476815e-07
2815,0.9876103401184082,0.012389659881591797,1.2893391847610474,0.02515915408730507,157,3.34874767476815e-07
2816,0.9878239631652832,0.012176036834716797,1.2969119548797607,0.02502339705824852,157,3.34874767476815e-07
2817,0.9880252480506897,0.011974751949310303,1.2897306680679321,0.024752311408519745,157,3.34874767476815e-07
2818,0.9876232147216797,0.012376785278320312,1.2730435132980347,0.024983450770378113,157,3.34874767476815e-07
2819,0.9875097870826721,0.01249021291732788,1.2879406213760376,0.025244716554880142,157,3.34874767476815e-07
2820,0.9881404638290405,0.011859536170959473,1.2777138948440552,0.024518080055713654,157,3.34874767476815e-07
2821,0.9882622957229614,0.011737704277038574,1.2974679470062256,0.024595007300376892,157,3.34874767476815e-07
2822,0.9882300496101379,0.01176995038986206,1.291637897491455,0.024568628519773483,157,3.34874767476815e-07
2823,0.9881307482719421,0.011869251728057861,1.2754684686660767,0.024505242705345154,157,3.34874767476815e-07
2824,0.9873784780502319,0.012621521949768066,1.2920888662338257,0.025416195392608643,157,3.34874767476815e-07
2825,0.9876323342323303,0.012367665767669678,1.273677110671997,0.024980761110782623,157,3.34874767476815e-07
2826,0.9875473976135254,0.01245260238647461,1.2993165254592896,0.025321241468191147,158,3.181310291029742e-07
2827,0.9877660870552063,0.012233912944793701,1.2903624773025513,0.025015197694301605,158,3.181310291029742e-07
2828,0.9878252148628235,0.012174785137176514,1.2963041067123413,0.025016076862812042,158,3.181310291029742e-07
2829,0.9874857664108276,0.012514233589172363,1.2857134342193604,0.02524622529745102,158,3.181310291029742e-07
2830,0.9881530404090881,0.011846959590911865,1.291201114654541,0.02464050054550171,158,3.181310291029742e-07
2831,0.9881717562675476,0.011828243732452393,1.2929553985595703,0.024639515206217766,158,3.181310291029742e-07
2832,0.9881834387779236,0.011816561222076416,1.2745071649551392,0.02444346621632576,158,3.181310291029742e-07
2833,0.988050103187561,0.011949896812438965,1.277140498161316,0.024601802229881287,158,3.181310291029742e-07
2834,0.9878482818603516,0.012151718139648438,1.2796597480773926,0.02482679858803749,158,3.181310291029742e-07
2835,0.9883332252502441,0.01166677474975586,1.2815310955047607,0.024365417659282684,158,3.181310291029742e-07
2836,0.9880651831626892,0.011934816837310791,1.2818796634674072,0.024634264409542084,158,3.181310291029742e-07
2837,0.9879766702651978,0.012023329734802246,1.2906756401062012,0.024809852242469788,158,3.181310291029742e-07
2838,0.987899661064148,0.01210033893585205,1.2763586044311523,0.02474292181432247,158,3.181310291029742e-07
2839,0.9877017140388489,0.012298285961151123,1.2819023132324219,0.024994324892759323,158,3.181310291029742e-07
2840,0.9881752133369446,0.01182478666305542,1.2794605493545532,0.024501144886016846,158,3.181310291029742e-07
2841,0.9877333641052246,0.01226663589477539,1.285172700881958,0.024995695799589157,158,3.181310291029742e-07
2842,0.9877305030822754,0.01226949691772461,1.2978318929672241,0.02512511983513832,158,3.181310291029742e-07
2843,0.9869676828384399,0.013032317161560059,1.2872768640518188,0.0257747620344162,158,3.181310291029742e-07
2844,0.9882194995880127,0.011780500411987305,1.2793933153152466,0.024456627666950226,159,3.0222447764782547e-07
2845,0.987573504447937,0.012426495552062988,1.2946436405181885,0.02524866722524166,159,3.0222447764782547e-07
2846,0.9881550073623657,0.011844992637634277,1.2846323251724243,0.024572864174842834,159,3.0222447764782547e-07
2847,0.9877346754074097,0.012265324592590332,1.2872111797332764,0.025014782324433327,159,3.0222447764782547e-07
2848,0.9878178238868713,0.012182176113128662,1.2883206605911255,0.024943560361862183,159,3.0222447764782547e-07
2849,0.9879045486450195,0.012095451354980469,1.2862467765808105,0.024836964905261993,159,3.0222447764782547e-07
2850,0.9880368709564209,0.011963129043579102,1.2710380554199219,0.024553878232836723,159,3.0222447764782547e-07
2851,0.9878409504890442,0.01215904951095581,1.2866290807724,0.02490374818444252,159,3.0222447764782547e-07
2852,0.9879260063171387,0.012073993682861328,1.3032419681549072,0.024985674768686295,159,3.0222447764782547e-07
2853,0.9877563118934631,0.012243688106536865,1.2836503982543945,0.024957755580544472,159,3.0222447764782547e-07
2854,0.9876300692558289,0.012369930744171143,1.2952295541763306,0.025198526680469513,159,3.0222447764782547e-07
2855,0.9881594181060791,0.011840581893920898,1.2704821825027466,0.02442699670791626,159,3.0222447764782547e-07
2856,0.9879141449928284,0.01208585500717163,1.2693275213241577,0.024658270180225372,159,3.0222447764782547e-07
2857,0.9877039194107056,0.012296080589294434,1.2838069200515747,0.02501118928194046,159,3.0222447764782547e-07
2858,0.9876134991645813,0.012386500835418701,1.295453667640686,0.025217171758413315,159,3.0222447764782547e-07
2859,0.9884489178657532,0.011551082134246826,1.2956706285476685,0.024392277002334595,159,3.0222447764782547e-07
2860,0.9879413843154907,0.012058615684509277,1.293487548828125,0.024872904643416405,159,3.0222447764782547e-07
2861,0.9879417419433594,0.012058258056640625,1.2718619108200073,0.024656295776367188,159,3.0222447764782547e-07
2862,0.9878532290458679,0.01214677095413208,1.283730387687683,0.024862606078386307,160,2.8711325376543416e-07
2863,0.9876543283462524,0.012345671653747559,1.2779346704483032,0.025001561269164085,160,2.8711325376543416e-07
2864,0.9877992272377014,0.012200772762298584,1.2761305570602417,0.02484006993472576,160,2.8711325376543416e-07
2865,0.9878921508789062,0.01210784912109375,1.2978839874267578,0.02496561035513878,160,2.8711325376543416e-07
2866,0.9879223704338074,0.012077629566192627,1.2826424837112427,0.02478327788412571,160,2.8711325376543416e-07
2867,0.9878402352333069,0.012159764766693115,1.274193286895752,0.02478010021150112,160,2.8711325376543416e-07
2868,0.988278865814209,0.011721134185791016,1.282850980758667,0.024432431906461716,160,2.8711325376543416e-07
2869,0.9874574542045593,0.012542545795440674,1.3083345890045166,0.02550046518445015,160,2.8711325376543416e-07
2870,0.9882081747055054,0.011791825294494629,1.2795095443725586,0.024469003081321716,160,2.8711325376543416e-07
2871,0.9879238605499268,0.012076139450073242,1.2848697900772095,0.024804076179862022,160,2.8711325376543416e-07
2872,0.9880490303039551,0.011950969696044922,1.2900501489639282,0.024731962010264397,160,2.8711325376543416e-07
2873,0.9877066016197205,0.012293398380279541,1.2991611957550049,0.025162076577544212,160,2.8711325376543416e-07
2874,0.9882388114929199,0.011761188507080078,1.2826688289642334,0.024470264092087746,160,2.8711325376543416e-07
2875,0.9878305196762085,0.012169480323791504,1.2806107997894287,0.024853892624378204,160,2.8711325376543416e-07
2876,0.9880639314651489,0.011936068534851074,1.291635274887085,0.024733060970902443,160,2.8711325376543416e-07
2877,0.9878734350204468,0.012126564979553223,1.2821626663208008,0.02482692524790764,160,2.8711325376543416e-07
2878,0.9879499673843384,0.012050032615661621,1.2836086750030518,0.02476561814546585,160,2.8711325376543416e-07
2879,0.9874294996261597,0.012570500373840332,1.3006974458694458,0.025451768189668655,160,2.8711325376543416e-07
2880,0.9876609444618225,0.01233905553817749,1.292404055595398,0.02513970620930195,161,2.7275759107716244e-07
2881,0.9880915880203247,0.011908411979675293,1.283193826675415,0.02462126687169075,161,2.7275759107716244e-07
2882,0.9879528284072876,0.012047171592712402,1.2759541273117065,0.024686241522431374,161,2.7275759107716244e-07
2883,0.9880689978599548,0.011931002140045166,1.2693252563476562,0.024504944682121277,161,2.7275759107716244e-07
2884,0.9876846671104431,0.012315332889556885,1.2756519317626953,0.02494869753718376,161,2.7275759107716244e-07
2885,0.9878820180892944,0.012117981910705566,1.298205852508545,0.024978861212730408,161,2.7275759107716244e-07
2886,0.987680196762085,0.012319803237915039,1.3091058731079102,0.02528766356408596,161,2.7275759107716244e-07
2887,0.9873836040496826,0.012616395950317383,1.2895663976669312,0.025385895743966103,161,2.7275759107716244e-07
2888,0.9882887601852417,0.0117112398147583,1.2727686166763306,0.024321813136339188,161,2.7275759107716244e-07
2889,0.988269031047821,0.011730968952178955,1.2877565622329712,0.02449122443795204,161,2.7275759107716244e-07
2890,0.9876832962036133,0.012316703796386719,1.2802037000656128,0.024995572865009308,161,2.7275759107716244e-07
2891,0.9875854849815369,0.012414515018463135,1.2831778526306152,0.02512214705348015,161,2.7275759107716244e-07
2892,0.9880765676498413,0.011923432350158691,1.284450650215149,0.024648703634738922,161,2.7275759107716244e-07
2893,0.9883076548576355,0.011692345142364502,1.2986122369766235,0.02456154301762581,161,2.7275759107716244e-07
2894,0.9882088899612427,0.011791110038757324,1.2761934995651245,0.0244351327419281,161,2.7275759107716244e-07
2895,0.9876819849014282,0.012318015098571777,1.2937629222869873,0.02513246238231659,161,2.7275759107716244e-07
2896,0.9880194664001465,0.011980533599853516,1.2884089946746826,0.02474481798708439,161,2.7275759107716244e-07
2897,0.9874514937400818,0.012548506259918213,1.2971909046173096,0.025394931435585022,161,2.7275759107716244e-07
2898,0.9880448579788208,0.0119551420211792,1.2858002185821533,0.024693593382835388,162,2.591197115233043e-07
2899,0.9881449937820435,0.011855006217956543,1.283644676208496,0.02457290142774582,162,2.591197115233043e-07
2900,0.9884827733039856,0.011517226696014404,1.2810953855514526,0.02421300858259201,162,2.591197115233043e-07
2901,0.9881304502487183,0.011869549751281738,1.2680420875549316,0.024431275203824043,162,2.591197115233043e-07
2902,0.9878844022750854,0.01211559772491455,1.3006258010864258,0.02500069886445999,162,2.591197115233043e-07
2903,0.9875112771987915,0.012488722801208496,1.288226842880249,0.02524610236287117,162,2.591197115233043e-07
2904,0.9880699515342712,0.01193004846572876,1.2707117795944214,0.024517865851521492,162,2.591197115233043e-07
2905,0.9872851967811584,0.012714803218841553,1.3012322187423706,0.025599977001547813,162,2.591197115233043e-07
2906,0.9878186583518982,0.012181341648101807,1.2900532484054565,0.02496005967259407,162,2.591197115233043e-07
2907,0.9882380962371826,0.011761903762817383,1.2779107093811035,0.02442339062690735,162,2.591197115233043e-07
2908,0.987730860710144,0.012269139289855957,1.2978519201278687,0.025124967098236084,162,2.591197115233043e-07
2909,0.9876634478569031,0.012336552143096924,1.273341178894043,0.02494659647345543,162,2.591197115233043e-07
2910,0.9880101084709167,0.011989891529083252,1.2764873504638672,0.024634866043925285,162,2.591197115233043e-07
2911,0.9878231287002563,0.012176871299743652,1.3020719289779663,0.025075823068618774,162,2.591197115233043e-07
2912,0.9879409670829773,0.012059032917022705,1.310948133468628,0.025047924369573593,162,2.591197115233043e-07
2913,0.9876611828804016,0.012338817119598389,1.2837741374969482,0.025053169578313828,162,2.591197115233043e-07
2914,0.988007128238678,0.011992871761322021,1.2635374069213867,0.024508316069841385,162,2.591197115233043e-07
2915,0.9875675439834595,0.012432456016540527,1.301560640335083,0.025323737412691116,162,2.591197115233043e-07
2916,0.9878460168838501,0.012153983116149902,1.302733063697815,0.025059774518013,163,2.4616372594713905e-07
2917,0.9881150126457214,0.011884987354278564,1.265915036201477,0.024425286799669266,163,2.4616372594713905e-07
2918,0.987589418888092,0.012410581111907959,1.2867166996002197,0.025153642520308495,163,2.4616372594713905e-07
2919,0.9880731105804443,0.011926889419555664,1.2939711809158325,0.0247473306953907,163,2.4616372594713905e-07
2920,0.9875501394271851,0.012449860572814941,1.29971182346344,0.025322480127215385,163,2.4616372594713905e-07
2921,0.9876345992088318,0.012365400791168213,1.2799439430236816,0.025041185319423676,163,2.4616372594713905e-07
2922,0.988121509552002,0.011878490447998047,1.2887564897537231,0.024647269397974014,163,2.4616372594713905e-07
2923,0.988370954990387,0.011629045009613037,1.3044337034225464,0.024557091295719147,163,2.4616372594713905e-07
2924,0.9875158667564392,0.012484133243560791,1.2859249114990234,0.025218540802598,163,2.4616372594713905e-07
2925,0.9879767894744873,0.012023210525512695,1.2939660549163818,0.02484263852238655,163,2.4616372594713905e-07
2926,0.9879178404808044,0.012082159519195557,1.2825642824172974,0.02478698082268238,163,2.4616372594713905e-07
2927,0.9876081347465515,0.012391865253448486,1.2774971723556519,0.02504291757941246,163,2.4616372594713905e-07
2928,0.9879553318023682,0.012044668197631836,1.2757004499435425,0.024681225419044495,163,2.4616372594713905e-07
2929,0.9883629083633423,0.011637091636657715,1.2699483633041382,0.02422020398080349,163,2.4616372594713905e-07
2930,0.9875198006629944,0.012480199337005615,1.294435739517212,0.02529975399374962,163,2.4616372594713905e-07
2931,0.9879348874092102,0.012065112590789795,1.2785875797271729,0.024730335921049118,163,2.4616372594713905e-07
2932,0.9881325364112854,0.0118674635887146,1.280117154121399,0.02454996109008789,163,2.4616372594713905e-07
2933,0.9880000352859497,0.011999964714050293,1.2848533391952515,0.024728497490286827,163,2.4616372594713905e-07
2934,0.9880134463310242,0.01198655366897583,1.2839000225067139,0.024705687537789345,164,2.3385553964978208e-07
2935,0.9876535534858704,0.012346446514129639,1.2997400760650635,0.02522038295865059,164,2.3385553964978208e-07
2936,0.9882723689079285,0.011727631092071533,1.282824993133545,0.024438604712486267,164,2.3385553964978208e-07
2937,0.9878933429718018,0.012106657028198242,1.308040976524353,0.02506599947810173,164,2.3385553964978208e-07
2938,0.9879581332206726,0.012041866779327393,1.2807252407073975,0.024728700518608093,164,2.3385553964978208e-07
2939,0.987542986869812,0.012457013130187988,1.3053216934204102,0.02538565918803215,164,2.3385553964978208e-07
2940,0.9880240559577942,0.01197594404220581,1.2890301942825317,0.02474648505449295,164,2.3385553964978208e-07
2941,0.9878033399581909,0.012196660041809082,1.2731034755706787,0.02480572834610939,164,2.3385553964978208e-07
2942,0.9874892830848694,0.012510716915130615,1.2866060733795166,0.02525166980922222,164,2.3385553964978208e-07
2943,0.9877816438674927,0.012218356132507324,1.3020951747894287,0.02511712536215782,164,2.3385553964978208e-07
2944,0.988107442855835,0.011892557144165039,1.270395278930664,0.024477584287524223,164,2.3385553964978208e-07
2945,0.9879484176635742,0.012051582336425781,1.2818219661712646,0.024749286472797394,164,2.3385553964978208e-07
2946,0.9877819418907166,0.012218058109283447,1.278191328048706,0.024877790361642838,164,2.3385553964978208e-07
2947,0.9885143041610718,0.011485695838928223,1.2779792547225952,0.024150630459189415,164,2.3385553964978208e-07
2948,0.9880470633506775,0.01195293664932251,1.2949020862579346,0.02478242665529251,164,2.3385553964978208e-07
2949,0.9877951741218567,0.01220482587814331,1.2826370000839233,0.02490914799273014,164,2.3385553964978208e-07
2950,0.9878031611442566,0.012196838855743408,1.265136480331421,0.02472623437643051,164,2.3385553964978208e-07
2951,0.987723171710968,0.012276828289031982,1.277830719947815,0.024932367727160454,164,2.3385553964978208e-07
2952,0.9875617623329163,0.01243823766708374,1.301125407218933,0.02532510831952095,165,2.2216276266729297e-07
2953,0.9876261353492737,0.012373864650726318,1.2900992631912231,0.025151118636131287,165,2.2216276266729297e-07
2954,0.9881929755210876,0.011807024478912354,1.2893035411834717,0.024581989273428917,165,2.2216276266729297e-07
2955,0.9875766038894653,0.012423396110534668,1.2861316204071045,0.025160478428006172,165,2.2216276266729297e-07
2956,0.9875997304916382,0.012400269508361816,1.2905426025390625,0.025181692093610764,165,2.2216276266729297e-07
2957,0.9883204698562622,0.011679530143737793,1.2844738960266113,0.02440747246146202,165,2.2216276266729297e-07
2958,0.9881039261817932,0.011896073818206787,1.2901983261108398,0.024679096415638924,165,2.2216276266729297e-07
2959,0.9880983829498291,0.011901617050170898,1.280341625213623,0.024586016312241554,165,2.2216276266729297e-07
2960,0.9878237843513489,0.012176215648651123,1.2672560214996338,0.02472701296210289,165,2.2216276266729297e-07
2961,0.9875645041465759,0.012435495853424072,1.2968316078186035,0.02527945674955845,165,2.2216276266729297e-07
2962,0.9878777265548706,0.012122273445129395,1.2852423191070557,0.024853473529219627,165,2.2216276266729297e-07
2963,0.9878169298171997,0.012183070182800293,1.2815604209899902,0.024876844137907028,165,2.2216276266729297e-07
2964,0.9881027340888977,0.011897265911102295,1.2686642408370972,0.024464935064315796,165,2.2216276266729297e-07
2965,0.9881824254989624,0.011817574501037598,1.2973333597183228,0.024672731757164,165,2.2216276266729297e-07
2966,0.9882150888442993,0.011784911155700684,1.286792278289795,0.024534985423088074,165,2.2216276266729297e-07
2967,0.9881739020347595,0.011826097965240479,1.2712721824645996,0.024420559406280518,165,2.2216276266729297e-07
2968,0.987500011920929,0.012499988079071045,1.2808418273925781,0.025183405727148056,165,2.2216276266729297e-07
2969,0.9877729415893555,0.012227058410644531,1.3246665000915527,0.025351453572511673,165,2.2216276266729297e-07
2970,0.9880173206329346,0.01198267936706543,1.2801347970962524,0.024664200842380524,166,2.110546245339283e-07
2971,0.9877970218658447,0.012202978134155273,1.2871108055114746,0.024952057749032974,166,2.110546245339283e-07
2972,0.9881455302238464,0.011854469776153564,1.2989170551300049,0.024725094437599182,166,2.110546245339283e-07
2973,0.98750239610672,0.01249760389328003,1.2898943424224854,0.025271572172641754,166,2.110546245339283e-07
2974,0.9884477257728577,0.011552274227142334,1.2710907459259033,0.02414765954017639,166,2.110546245339283e-07
2975,0.9879768490791321,0.01202315092086792,1.2741090059280396,0.02464400976896286,166,2.110546245339283e-07
2976,0.9877164363861084,0.012283563613891602,1.2828352451324463,0.02498907968401909,166,2.110546245339283e-07
2977,0.9875487685203552,0.012451231479644775,1.2935014963150024,0.025261733680963516,166,2.110546245339283e-07
2978,0.9879394173622131,0.012060582637786865,1.2727718353271484,0.02466769516468048,166,2.110546245339283e-07
2979,0.9882180690765381,0.011781930923461914,1.2957713603973389,0.02462182566523552,166,2.110546245339283e-07
2980,0.9880101084709167,0.011989891529083252,1.273916482925415,0.0246091578155756,166,2.110546245339283e-07
2981,0.9878222942352295,0.012177705764770508,1.3009979724884033,0.025065908208489418,166,2.110546245339283e-07
2982,0.988265335559845,0.01173466444015503,1.3018884658813477,0.024636201560497284,166,2.110546245339283e-07
2983,0.9877915382385254,0.01220846176147461,1.2899818420410156,0.02498619630932808,166,2.110546245339283e-07
2984,0.9876061677932739,0.012393832206726074,1.2933731079101562,0.025203624740242958,166,2.110546245339283e-07
2985,0.9877341985702515,0.012265801429748535,1.288346767425537,0.025026611983776093,166,2.110546245339283e-07
2986,0.9878963828086853,0.012103617191314697,1.2787439823150635,0.024770021438598633,166,2.110546245339283e-07
2987,0.9878014326095581,0.012198567390441895,1.2531752586364746,0.02460833452641964,166,2.110546245339283e-07
2988,0.9877771735191345,0.012222826480865479,1.2949655055999756,0.025050252676010132,167,2.0050189330723186e-07
2989,0.9879701733589172,0.012029826641082764,1.2867532968521118,0.024777062237262726,167,2.0050189330723186e-07
2990,0.987404465675354,0.012595534324645996,1.2824413776397705,0.025293992832303047,167,2.0050189330723186e-07
2991,0.9880091547966003,0.011990845203399658,1.264143705368042,0.02451237291097641,167,2.0050189330723186e-07
2992,0.9878759384155273,0.012124061584472656,1.2810546159744263,0.024813367053866386,167,2.0050189330723186e-07
2993,0.9878340363502502,0.012165963649749756,1.2957210540771484,0.025001514703035355,167,2.0050189330723186e-07
2994,0.9879576563835144,0.012042343616485596,1.2700973749160767,0.02462289296090603,167,2.0050189330723186e-07
2995,0.9879043102264404,0.01209568977355957,1.299163579940796,0.024966368451714516,167,2.0050189330723186e-07
2996,0.9876240491867065,0.012375950813293457,1.2867257595062256,0.025119448080658913,167,2.0050189330723186e-07
2997,0.9882641434669495,0.011735856533050537,1.2663824558258057,0.024282321333885193,167,2.0050189330723186e-07
2998,0.9878653883934021,0.0121346116065979,1.2819035053253174,0.02483230084180832,167,2.0050189330723186e-07
2999,0.9881592988967896,0.01184070110321045,1.2710013389587402,0.024432308971881866,167,2.0050189330723186e-07
3000,0.9876583218574524,0.012341678142547607,1.2863197326660156,0.025081459432840347,167,2.0050189330723186e-07
3001,0.9884017705917358,0.01159822940826416,1.3067071437835693,0.024549318477511406,167,2.0050189330723186e-07
3002,0.9880133271217346,0.01198667287826538,1.286697268486023,0.024733778089284897,167,2.0050189330723186e-07
3003,0.9878355860710144,0.012164413928985596,1.3015575408935547,0.02505834400653839,167,2.0050189330723186e-07
3004,0.9880123734474182,0.011987626552581787,1.2917847633361816,0.024785596877336502,167,2.0050189330723186e-07
3005,0.9873544573783875,0.012645542621612549,1.2996926307678223,0.02551601454615593,167,2.0050189330723186e-07
3006,0.9879570603370667,0.01204293966293335,1.2953156232833862,0.024875666946172714,168,1.9047679864187027e-07
3007,0.9880884885787964,0.011911511421203613,1.2881073951721191,0.024673469364643097,168,1.9047679864187027e-07
3008,0.98785799741745,0.012142002582550049,1.2931225299835205,0.024951808154582977,168,1.9047679864187027e-07
3009,0.9878295660018921,0.01217043399810791,1.2928874492645264,0.024977603927254677,168,1.9047679864187027e-07
3010,0.9877282381057739,0.012271761894226074,1.2963989973068237,0.02511303499341011,168,1.9047679864187027e-07
3011,0.9878712296485901,0.012128770351409912,1.2958134412765503,0.024965617805719376,168,1.9047679864187027e-07
3012,0.9883160591125488,0.011683940887451172,1.2791510820388794,0.024358611553907394,168,1.9047679864187027e-07
3013,0.9876013994216919,0.012398600578308105,1.295883297920227,0.025233447551727295,168,1.9047679864187027e-07
3014,0.9879275560379028,0.012072443962097168,1.2845932245254517,0.024797651916742325,168,1.9047679864187027e-07
3015,0.987520158290863,0.012479841709136963,1.2809854745864868,0.025164898484945297,168,1.9047679864187027e-07
3016,0.987579882144928,0.012420117855072021,1.2858209609985352,0.025154124945402145,168,1.9047679864187027e-07
3017,0.9882463216781616,0.011753678321838379,1.2772927284240723,0.024409068748354912,168,1.9047679864187027e-07
3018,0.9879162907600403,0.012083709239959717,1.2807955741882324,0.0247708261013031,168,1.9047679864187027e-07
3019,0.9880215525627136,0.011978447437286377,1.2755944728851318,0.02461460791528225,168,1.9047679864187027e-07
3020,0.9879841804504395,0.012015819549560547,1.2739447355270386,0.024635108187794685,168,1.9047679864187027e-07
3021,0.9880704879760742,0.011929512023925781,1.2707160711288452,0.024517377838492393,168,1.9047679864187027e-07
3022,0.9877228140830994,0.012277185916900635,1.3037346601486206,0.025191761553287506,168,1.9047679864187027e-07
3023,0.9883010387420654,0.01169896125793457,1.261357307434082,0.02419554442167282,168,1.9047679864187027e-07
3024,0.9875929355621338,0.012407064437866211,1.291998028755188,0.025202974677085876,169,1.8095295870977674e-07
3025,0.9880193471908569,0.011980652809143066,1.274377703666687,0.024604622274637222,169,1.8095295870977674e-07
3026,0.9875239133834839,0.012476086616516113,1.2848109006881714,0.025199435651302338,169,1.8095295870977674e-07
3027,0.9878678321838379,0.01213216781616211,1.2854294776916504,0.02486514113843441,169,1.8095295870977674e-07
3028,0.9882603287696838,0.011739671230316162,1.266589879989624,0.024288173764944077,169,1.8095295870977674e-07
3029,0.9877575039863586,0.012242496013641357,1.285979986190796,0.02497987076640129,169,1.8095295870977674e-07
3030,0.9876802563667297,0.012319743633270264,1.2880862951278687,0.02507741004228592,169,1.8095295870977674e-07
3031,0.9884993433952332,0.011500656604766846,1.2969727516174316,0.02435537800192833,169,1.8095295870977674e-07
3032,0.9881861805915833,0.011813819408416748,1.27925443649292,0.02448822557926178,169,1.8095295870977674e-07
3033,0.9880630970001221,0.01193690299987793,1.2938313484191895,0.024755846709012985,169,1.8095295870977674e-07
3034,0.9877112507820129,0.01228874921798706,1.285536527633667,0.025021227076649666,169,1.8095295870977674e-07
3035,0.9882702827453613,0.011729717254638672,1.272418737411499,0.02433660626411438,169,1.8095295870977674e-07
3036,0.9879530072212219,0.012046992778778076,1.2891223430633545,0.02481774613261223,169,1.8095295870977674e-07
3037,0.9878306984901428,0.012169301509857178,1.2804242372512817,0.024851851165294647,169,1.8095295870977674e-07
3038,0.9871227741241455,0.012877225875854492,1.2901384830474854,0.025649838149547577,169,1.8095295870977674e-07
3039,0.9880357980728149,0.011964201927185059,1.3040601015090942,0.024885158985853195,169,1.8095295870977674e-07
3040,0.9880737066268921,0.01192629337310791,1.2905898094177246,0.024712927639484406,169,1.8095295870977674e-07
3041,0.987568199634552,0.012431800365447998,1.3015652894973755,0.025323135778307915,169,1.8095295870977674e-07
3042,0.9881677031517029,0.01183229684829712,1.2779178619384766,0.024493152275681496,170,1.719053107742879e-07
3043,0.9879875183105469,0.012012481689453125,1.3021320104599,0.02491367608308792,170,1.719053107742879e-07
3044,0.9883976578712463,0.011602342128753662,1.2793307304382324,0.024279626086354256,170,1.719053107742879e-07
3045,0.9879605770111084,0.012039422988891602,1.2948360443115234,0.024867389351129532,170,1.719053107742879e-07
3046,0.9879933595657349,0.012006640434265137,1.2666233777999878,0.024552807211875916,170,1.719053107742879e-07
3047,0.9877133369445801,0.012286663055419922,1.2788795232772827,0.024952590465545654,170,1.719053107742879e-07
3048,0.9878478646278381,0.012152135372161865,1.3084605932235718,0.02511521987617016,170,1.719053107742879e-07
3049,0.9876095652580261,0.012390434741973877,1.2828810214996338,0.025095339864492416,170,1.719053107742879e-07
3050,0.9884122014045715,0.011587798595428467,1.2843466997146606,0.02431538701057434,170,1.719053107742879e-07
3051,0.9872878193855286,0.012712180614471436,1.2967209815979004,0.02555226907134056,170,1.719053107742879e-07
3052,0.9876465797424316,0.01235342025756836,1.287302851676941,0.02510291337966919,170,1.719053107742879e-07
3053,0.9877879023551941,0.012212097644805908,1.3009274005889893,0.0250992514193058,170,1.719053107742879e-07
3054,0.987594723701477,0.01240527629852295,1.2920128107070923,0.025201350450515747,170,1.719053107742879e-07
3055,0.9875686764717102,0.012431323528289795,1.303767442703247,0.025344684720039368,170,1.719053107742879e-07
3056,0.9880847930908203,0.011915206909179688,1.2768288850784302,0.024564344435930252,170,1.719053107742879e-07
3057,0.9882268309593201,0.011773169040679932,1.263959288597107,0.024295030161738396,170,1.719053107742879e-07
3058,0.9881756901741028,0.011824309825897217,1.2675477266311646,0.024381544440984726,170,1.719053107742879e-07
3059,0.9876921772956848,0.012307822704315186,1.281579613685608,0.025000540539622307,170,1.719053107742879e-07
3060,0.9879630208015442,0.01203697919845581,1.2842481136322021,0.024759091436862946,171,1.633100452355735e-07
3061,0.987920880317688,0.012079119682312012,1.2801061868667603,0.024759389460086823,171,1.633100452355735e-07
3062,0.9878201484680176,0.012179851531982422,1.310469150543213,0.025162745267152786,171,1.633100452355735e-07
3063,0.9876390695571899,0.012360930442810059,1.2826982736587524,0.02506430447101593,171,1.633100452355735e-07
3064,0.9883536696434021,0.0116463303565979,1.2749874591827393,0.024279741570353508,171,1.633100452355735e-07
3065,0.9874973297119141,0.012502670288085938,1.288542628288269,0.025263071060180664,171,1.633100452355735e-07
3066,0.9886569380760193,0.011343061923980713,1.2885346412658691,0.024114977568387985,171,1.633100452355735e-07
3067,0.9880409240722656,0.011959075927734375,1.2888537645339966,0.024728022515773773,171,1.633100452355735e-07
3068,0.9873072504997253,0.012692749500274658,1.289271354675293,0.02545853517949581,171,1.633100452355735e-07
3069,0.9880274534225464,0.011972546577453613,1.2701702117919922,0.024554522708058357,171,1.633100452355735e-07
3070,0.9879156947135925,0.01208430528640747,1.2791950702667236,0.024755412712693214,171,1.633100452355735e-07
3071,0.9881205558776855,0.011879444122314453,1.286845326423645,0.024629103019833565,171,1.633100452355735e-07
3072,0.9875527024269104,0.0124472975730896,1.2901636362075806,0.025224460288882256,171,1.633100452355735e-07
3073,0.9878637194633484,0.012136280536651611,1.2880042791366577,0.02489496022462845,171,1.633100452355735e-07
3074,0.987910270690918,0.012089729309082031,1.2769269943237305,0.02473810315132141,171,1.633100452355735e-07
3075,0.9878000020980835,0.012199997901916504,1.2858912944793701,0.024936910718679428,171,1.633100452355735e-07
3076,0.988213062286377,0.011786937713623047,1.296105980873108,0.02463012933731079,171,1.633100452355735e-07
3077,0.9869701862335205,0.013029813766479492,1.2873414754867554,0.025772931054234505,171,1.633100452355735e-07
3078,0.9880445599555969,0.011955440044403076,1.279214859008789,0.024628035724163055,172,1.5514454297379483e-07
3079,0.9879902601242065,0.012009739875793457,1.2920386791229248,0.024810029193758965,172,1.5514454297379483e-07
3080,0.9878400564193726,0.012159943580627441,1.2705718278884888,0.02474406361579895,172,1.5514454297379483e-07
3081,0.9877046346664429,0.012295365333557129,1.2869657278060913,0.02504206821322441,172,1.5514454297379483e-07
3082,0.9879484176635742,0.012051582336425781,1.2807235717773438,0.02473830059170723,172,1.5514454297379483e-07
3083,0.987562358379364,0.012437641620635986,1.2872027158737183,0.025185292586684227,172,1.5514454297379483e-07
3084,0.988277018070221,0.011722981929779053,1.2784159183502197,0.02438991144299507,172,1.5514454297379483e-07
3085,0.9875747561454773,0.012425243854522705,1.2887725830078125,0.025188717991113663,172,1.5514454297379483e-07
3086,0.9876700639724731,0.012329936027526855,1.2962546348571777,0.02516918256878853,172,1.5514454297379483e-07
3087,0.9882988929748535,0.011701107025146484,1.2959725856781006,0.024543821811676025,172,1.5514454297379483e-07
3088,0.9878239631652832,0.012176036834716797,1.3036730289459229,0.025091007351875305,172,1.5514454297379483e-07
3089,0.988088846206665,0.011911153793334961,1.2810616493225098,0.024602659046649933,172,1.5514454297379483e-07
3090,0.9882532358169556,0.011746764183044434,1.2815423011779785,0.024444717913866043,172,1.5514454297379483e-07
3091,0.987866222858429,0.012133777141571045,1.2712194919586182,0.024724634364247322,172,1.5514454297379483e-07
3092,0.9877210259437561,0.012278974056243896,1.291589617729187,0.02507208101451397,172,1.5514454297379483e-07
3093,0.988103985786438,0.011896014213562012,1.293042540550232,0.024707479402422905,172,1.5514454297379483e-07
3094,0.9879331588745117,0.012066841125488281,1.2899980545043945,0.024846151471138,172,1.5514454297379483e-07
3095,0.9872236251831055,0.012776374816894531,1.2790303230285645,0.025438914075493813,172,1.5514454297379483e-07
3096,0.9875835180282593,0.012416481971740723,1.2819809913635254,0.025112126022577286,173,1.473873158251051e-07
3097,0.9877124428749084,0.012287557125091553,1.2930123805999756,0.025094803422689438,173,1.473873158251051e-07
3098,0.9881259202957153,0.011874079704284668,1.2994290590286255,0.024749629199504852,173,1.473873158251051e-07
3099,0.9877675771713257,0.012232422828674316,1.2906194925308228,0.025016292929649353,173,1.473873158251051e-07
3100,0.9878400564193726,0.012159943580627441,1.2898741960525513,0.024937085807323456,173,1.473873158251051e-07
3101,0.9875589609146118,0.012441039085388184,1.281559944152832,0.025132227689027786,173,1.473873158251051e-07
3102,0.9884742498397827,0.011525750160217285,1.283554196357727,0.024246033281087875,173,1.473873158251051e-07
3103,0.9874612092971802,0.012538790702819824,1.2865747213363647,0.025279149413108826,173,1.473873158251051e-07
3104,0.9878430962562561,0.012156903743743896,1.2899426221847534,0.024934761226177216,173,1.473873158251051e-07
3105,0.9877040982246399,0.012295901775360107,1.2900714874267578,0.025073658674955368,173,1.473873158251051e-07
3106,0.9878707528114319,0.012129247188568115,1.2790554761886597,0.02479850873351097,173,1.473873158251051e-07
3107,0.9883250594139099,0.011674940586090088,1.2855902910232544,0.024414092302322388,173,1.473873158251051e-07
3108,0.9877707958221436,0.012229204177856445,1.2861074209213257,0.024967987090349197,173,1.473873158251051e-07
3109,0.9881584644317627,0.011841535568237305,1.289402723312378,0.02461714670062065,173,1.473873158251051e-07
3110,0.9877141714096069,0.012285828590393066,1.2973246574401855,0.02513621747493744,173,1.473873158251051e-07
3111,0.9880887269973755,0.011911273002624512,1.288102149963379,0.024673182517290115,173,1.473873158251051e-07
3112,0.9884249567985535,0.011575043201446533,1.2603139877319336,0.02406243234872818,173,1.473873158251051e-07
3113,0.9878016710281372,0.012198328971862793,1.2531652450561523,0.02460799738764763,173,1.473873158251051e-07
3114,0.9879937767982483,0.012006223201751709,1.2757848501205444,0.02464400976896286,174,1.4001795003384983e-07
3115,0.9886587858200073,0.011341214179992676,1.2726571559906006,0.023954372853040695,174,1.4001795003384983e-07
3116,0.9876052737236023,0.012394726276397705,1.2838928699493408,0.025109708309173584,174,1.4001795003384983e-07
3117,0.9880260825157166,0.011973917484283447,1.2947099208831787,0.02480127662420273,174,1.4001795003384983e-07
3118,0.9879099726676941,0.012090027332305908,1.2905960083007812,0.024875085800886154,174,1.4001795003384983e-07
3119,0.9877264499664307,0.012273550033569336,1.2876304388046265,0.025027118623256683,174,1.4001795003384983e-07
3120,0.9885040521621704,0.01149594783782959,1.2552974224090576,0.023933961987495422,174,1.4001795003384983e-07
3121,0.9880507588386536,0.011949241161346436,1.2944289445877075,0.024774037301540375,174,1.4001795003384983e-07
3122,0.9880312085151672,0.011968791484832764,1.3146681785583496,0.02499578520655632,174,1.4001795003384983e-07
3123,0.9879941940307617,0.012005805969238281,1.2780866622924805,0.024666614830493927,174,1.4001795003384983e-07
3124,0.9879968166351318,0.012003183364868164,1.2756563425064087,0.024639714509248734,174,1.4001795003384983e-07
3125,0.9875888228416443,0.012411177158355713,1.2767168283462524,0.02505423314869404,174,1.4001795003384983e-07
3126,0.9873867630958557,0.012613236904144287,1.2847329378128052,0.02533443458378315,174,1.4001795003384983e-07
3127,0.9877375364303589,0.012262463569641113,1.2947885990142822,0.02508772537112236,174,1.4001795003384983e-07
3128,0.9876720905303955,0.012327909469604492,1.3103282451629639,0.02530791237950325,174,1.4001795003384983e-07
3129,0.9878305792808533,0.012169420719146729,1.2850865125656128,0.02489859238266945,174,1.4001795003384983e-07
3130,0.9877201318740845,0.012279868125915527,1.2905480861663818,0.025062549859285355,174,1.4001795003384983e-07
3131,0.9877244830131531,0.012275516986846924,1.2778443098068237,0.024931203573942184,174,1.4001795003384983e-07
3132,0.9874029755592346,0.01259702444076538,1.2848694324493408,0.025319747626781464,175,1.3301705253215733e-07
3133,0.9877700805664062,0.01222991943359375,1.2720037698745728,0.024827657267451286,175,1.3301705253215733e-07
3134,0.9880663752555847,0.011933624744415283,1.2835272550582886,0.02464956045150757,175,1.3301705253215733e-07
3135,0.9878766536712646,0.012123346328735352,1.3014317750930786,0.025016430765390396,175,1.3301705253215733e-07
3136,0.988145649433136,0.011854350566864014,1.2511707544326782,0.024247514083981514,175,1.3301705253215733e-07
3137,0.9878716468811035,0.012128353118896484,1.2905882596969604,0.02491295337677002,175,1.3301705253215733e-07
3138,0.988154411315918,0.011845588684082031,1.2770189046859741,0.024497322738170624,175,1.3301705253215733e-07
3139,0.9879748821258545,0.012025117874145508,1.288944125175476,0.024794306606054306,175,1.3301705253215733e-07
3140,0.9877282381057739,0.012271761894226074,1.2973837852478027,0.025122880935668945,175,1.3301705253215733e-07
3141,0.9884454011917114,0.011554598808288574,1.2972793579101562,0.024411845952272415,175,1.3301705253215733e-07
3142,0.9876730442047119,0.012326955795288086,1.2991087436676025,0.025194773450493813,175,1.3301705253215733e-07
3143,0.9879340529441833,0.01206594705581665,1.2750428915023804,0.02469571679830551,175,1.3301705253215733e-07
3144,0.9875866770744324,0.012413322925567627,1.2912205457687378,0.02520139515399933,175,1.3301705253215733e-07
3145,0.9884687066078186,0.011531293392181396,1.274436593055725,0.024160346016287804,175,1.3301705253215733e-07
3146,0.9879893064498901,0.012010693550109863,1.2895939350128174,0.02478652447462082,175,1.3301705253215733e-07
3147,0.9876903891563416,0.012309610843658447,1.2774449586868286,0.024960964918136597,175,1.3301705253215733e-07
3148,0.9875349402427673,0.012465059757232666,1.3051197528839111,0.025391606613993645,175,1.3301705253215733e-07
3149,0.9880690574645996,0.01193094253540039,1.2973711490631104,0.024785343557596207,175,1.3301705253215733e-07
3150,0.9882681965827942,0.01173180341720581,1.2923357486724854,0.024537842720746994,176,1.2636619990554947e-07
3151,0.988056480884552,0.011943519115447998,1.280652403831482,0.024630608037114143,176,1.2636619990554947e-07
3152,0.9873744249343872,0.012625575065612793,1.3026598691940308,0.02552591823041439,176,1.2636619990554947e-07
3153,0.9882449507713318,0.011755049228668213,1.269547939300537,0.024332977831363678,176,1.2636619990554947e-07
3154,0.9880919456481934,0.01190805435180664,1.2823734283447266,0.024612708017230034,176,1.2636619990554947e-07
3155,0.9877543449401855,0.012245655059814453,1.2850676774978638,0.024973874911665916,176,1.2636619990554947e-07
3156,0.9880910515785217,0.011908948421478271,1.294425368309021,0.02473411336541176,176,1.2636619990554947e-07
3157,0.9880531430244446,0.01194685697555542,1.2885874509811401,0.024713262915611267,176,1.2636619990554947e-07
3158,0.9878596067428589,0.012140393257141113,1.2830133438110352,0.024849124252796173,176,1.2636619990554947e-07
3159,0.9876166582107544,0.012383341789245605,1.3008694648742676,0.025268202647566795,176,1.2636619990554947e-07
3160,0.9882698655128479,0.0117301344871521,1.2702475786209106,0.024315308779478073,176,1.2636619990554947e-07
3161,0.9878249764442444,0.012175023555755615,1.2828717231750488,0.024881990626454353,176,1.2636619990554947e-07
3162,0.987634003162384,0.012365996837615967,1.2899361848831177,0.025141697376966476,176,1.2636619990554947e-07
3163,0.9881314039230347,0.011868596076965332,1.3003648519515991,0.02475355938076973,176,1.2636619990554947e-07
3164,0.9876586198806763,0.01234138011932373,1.285182237625122,0.025069788098335266,176,1.2636619990554947e-07
3165,0.9875974059104919,0.012402594089508057,1.276361346244812,0.025042179971933365,176,1.2636619990554947e-07
3166,0.9879372715950012,0.01206272840499878,1.2782918214797974,0.024725019931793213,176,1.2636619990554947e-07
3167,0.9874213337898254,0.01257866621017456,1.2814708948135376,0.0252675898373127,176,1.2636619990554947e-07
3168,0.9879684448242188,0.01203155517578125,1.2957355976104736,0.024868596345186234,177,1.20047889910272e-07
3169,0.9880025386810303,0.011997461318969727,1.277695894241333,0.024654444307088852,177,1.20047889910272e-07
3170,0.9879016876220703,0.012098312377929688,1.2812401056289673,0.024789730086922646,177,1.20047889910272e-07
3171,0.9877211451530457,0.012278854846954346,1.2919319868087769,0.025075387209653854,177,1.20047889910272e-07
3172,0.9875207543373108,0.012479245662689209,1.2805147171020508,0.025159601122140884,177,1.20047889910272e-07
3173,0.9875761270523071,0.012423872947692871,1.303819179534912,0.0253378264605999,177,1.20047889910272e-07
3174,0.9875029921531677,0.012497007846832275,1.2919520139694214,0.025291558355093002,177,1.20047889910272e-07
3175,0.98773193359375,0.01226806640625,1.2759497165679932,0.024904882535338402,177,1.20047889910272e-07
3176,0.9878190159797668,0.012180984020233154,1.2753527164459229,0.02481270208954811,177,1.20047889910272e-07
3177,0.9880263209342957,0.011973679065704346,1.2810776233673096,0.02466471865773201,177,1.20047889910272e-07
3178,0.9880632758140564,0.011936724185943604,1.2784990072250366,0.024602346122264862,177,1.20047889910272e-07
3179,0.9876858592033386,0.012314140796661377,1.293117880821228,0.025122176855802536,177,1.20047889910272e-07
3180,0.9879660606384277,0.012033939361572266,1.2944278717041016,0.02485787868499756,177,1.20047889910272e-07
3181,0.9882755279541016,0.011724472045898438,1.2901636362075806,0.02450886368751526,177,1.20047889910272e-07
3182,0.9881030321121216,0.011896967887878418,1.2686463594436646,0.02446446195244789,177,1.20047889910272e-07
3183,0.987944483757019,0.012055516242980957,1.288541555404663,0.024820376187562943,177,1.20047889910272e-07
3184,0.9882077574729919,0.011792242527008057,1.2955392599105835,0.024629712104797363,177,1.20047889910272e-07
3185,0.9889308214187622,0.011069178581237793,1.2781445980072021,0.023739933967590332,177,1.20047889910272e-07
3186,0.9883351922035217,0.011664807796478271,1.2826006412506104,0.024374164640903473,178,1.1404549541475839e-07
3187,0.9880615472793579,0.01193845272064209,1.280166745185852,0.02462073415517807,178,1.1404549541475839e-07
3188,0.9878863096237183,0.012113690376281738,1.2882442474365234,0.02487499639391899,178,1.1404549541475839e-07
3189,0.9879327416419983,0.012067258358001709,1.2860864400863647,0.02480744943022728,178,1.1404549541475839e-07
3190,0.9878442883491516,0.012155711650848389,1.2859554290771484,0.024893708527088165,178,1.1404549541475839e-07
3191,0.9877433180809021,0.0122566819190979,1.2762712240219116,0.024896826595067978,178,1.1404549541475839e-07
3192,0.988426923751831,0.011573076248168945,1.290990948677063,0.024367254227399826,178,1.1404549541475839e-07
3193,0.9875016808509827,0.012498319149017334,1.297345757484436,0.025346793234348297,178,1.1404549541475839e-07
3194,0.9876182079315186,0.012381792068481445,1.306401252746582,0.02532198652625084,178,1.1404549541475839e-07
3195,0.9877380132675171,0.01226198673248291,1.2900614738464355,0.025039982050657272,178,1.1404549541475839e-07
3196,0.9878296256065369,0.012170374393463135,1.2945549488067627,0.024994220584630966,178,1.1404549541475839e-07
3197,0.987709105014801,0.012290894985198975,1.2991704940795898,0.025159690529108047,178,1.1404549541475839e-07
3198,0.9879433512687683,0.01205664873123169,1.2750821113586426,0.02468690276145935,178,1.1404549541475839e-07
3199,0.9878678917884827,0.012132108211517334,1.2793689966201782,0.024804476648569107,178,1.1404549541475839e-07
3200,0.9878130555152893,0.012186944484710693,1.2794740200042725,0.02485981583595276,178,1.1404549541475839e-07
3201,0.9878728985786438,0.012127101421356201,1.2694743871688843,0.024700574576854706,178,1.1404549541475839e-07
3202,0.9882311820983887,0.011768817901611328,1.285017967224121,0.024501308798789978,178,1.1404549541475839e-07
3203,0.9879482984542847,0.012051701545715332,1.2719882726669312,0.024651067331433296,178,1.1404549541475839e-07
3204,0.9883103370666504,0.01168966293334961,1.296925663948059,0.02454202249646187,179,1.0834322064402047e-07
3205,0.9879646301269531,0.012035369873046875,1.2840155363082886,0.024755172431468964,179,1.0834322064402047e-07
3206,0.9881937503814697,0.011806249618530273,1.2801026105880737,0.024489212781190872,179,1.0834322064402047e-07
3207,0.9877154231071472,0.012284576892852783,1.280419111251831,0.0249659214168787,179,1.0834322064402047e-07
3208,0.9876288771629333,0.01237112283706665,1.295670509338379,0.025204116478562355,179,1.0834322064402047e-07
3209,0.9884466528892517,0.011553347110748291,1.2656227350234985,0.02409404143691063,179,1.0834322064402047e-07
3210,0.9878991842269897,0.012100815773010254,1.3034720420837402,0.025014527142047882,179,1.0834322064402047e-07
3211,0.9881954789161682,0.011804521083831787,1.2772611379623413,0.02445908635854721,179,1.0834322064402047e-07
3212,0.9873353242874146,0.01266467571258545,1.2906948328018188,0.02544497698545456,179,1.0834322064402047e-07
3213,0.9877229928970337,0.012277007102966309,1.3010936975479126,0.025165174156427383,179,1.0834322064402047e-07
3214,0.9881008267402649,0.011899173259735107,1.2840940952301025,0.02462112158536911,179,1.0834322064402047e-07
3215,0.9874205589294434,0.01257944107055664,1.2800315618515015,0.025253962725400925,179,1.0834322064402047e-07
3216,0.9877611994743347,0.012238800525665283,1.2753490209579468,0.024869903922080994,179,1.0834322064402047e-07
3217,0.9879840612411499,0.012015938758850098,1.2732820510864258,0.024628600105643272,179,1.0834322064402047e-07
3218,0.9880151152610779,0.01198488473892212,1.285158395767212,0.02471661940217018,179,1.0834322064402047e-07
3219,0.9881863594055176,0.011813640594482422,1.285521149635315,0.02455071546137333,179,1.0834322064402047e-07
3220,0.9876640439033508,0.01233595609664917,1.2985280752182007,0.02519787847995758,179,1.0834322064402047e-07
3221,0.9873087406158447,0.012691259384155273,1.2973312139511108,0.025537658482789993,179,1.0834322064402047e-07
3222,0.9881702661514282,0.011829733848571777,1.265866994857788,0.0243701059371233,180,1.0292605961181944e-07
3223,0.9880759119987488,0.01192408800125122,1.2930265665054321,0.024735111743211746,180,1.0292605961181944e-07
3224,0.9874768853187561,0.012523114681243896,1.2881641387939453,0.02527952566742897,180,1.0292605961181944e-07
3225,0.9874889850616455,0.012511014938354492,1.290871024131775,0.02529461495578289,180,1.0292605961181944e-07
3226,0.9878231883049011,0.012176811695098877,1.2677589654922485,0.02473263442516327,180,1.0292605961181944e-07
3227,0.9876722693443298,0.012327730655670166,1.3039801120758057,0.025244254618883133,180,1.0292605961181944e-07
3228,0.9879724979400635,0.012027502059936523,1.2803188562393188,0.024710416793823242,180,1.0292605961181944e-07
3229,0.9876847267150879,0.01231527328491211,1.2836620807647705,0.025028740987181664,180,1.0292605961181944e-07
3230,0.9876344799995422,0.012365520000457764,1.2822554111480713,0.025064418092370033,180,1.0292605961181944e-07
3231,0.9881592392921448,0.011840760707855225,1.2871336936950684,0.024593688547611237,180,1.0292605961181944e-07
3232,0.9878287315368652,0.012171268463134766,1.2984702587127686,0.025034258142113686,180,1.0292605961181944e-07
3233,0.988021969795227,0.01197803020477295,1.2848199605941772,0.02470644935965538,180,1.0292605961181944e-07
3234,0.9880344867706299,0.011965513229370117,1.2888433933258057,0.024734292179346085,180,1.0292605961181944e-07
3235,0.9880738854408264,0.011926114559173584,1.2893002033233643,0.024699855595827103,180,1.0292605961181944e-07
3236,0.9881122708320618,0.011887729167938232,1.2888069152832031,0.02465692162513733,180,1.0292605961181944e-07
3237,0.9879797101020813,0.012020289897918701,1.2808172702789307,0.024708259850740433,180,1.0292605961181944e-07
3238,0.9882380366325378,0.011761963367462158,1.2839573621749878,0.02448391728103161,180,1.0292605961181944e-07
3239,0.9877991676330566,0.01220083236694336,1.2981642484664917,0.025060467422008514,180,1.0292605961181944e-07
3240,0.9877353310585022,0.012264668941497803,1.2711148262023926,0.024853169918060303,181,9.777975663122845e-08
3241,0.987815797328949,0.012184202671051025,1.300185203552246,0.02506421133875847,181,9.777975663122845e-08
3242,0.9878020286560059,0.01219797134399414,1.3121992349624634,0.025197982788085938,181,9.777975663122845e-08
3243,0.9879713654518127,0.012028634548187256,1.2817270755767822,0.024725619703531265,181,9.777975663122845e-08
3244,0.987471878528595,0.01252812147140503,1.2930114269256592,0.02533295378088951,181,9.777975663122845e-08
3245,0.987992525100708,0.012007474899291992,1.293688416481018,0.02482428401708603,181,9.777975663122845e-08
3246,0.9881266355514526,0.011873364448547363,1.271305799484253,0.02446768805384636,181,9.777975663122845e-08
3247,0.9880998730659485,0.011900126934051514,1.2779905796051025,0.02456103079020977,181,9.777975663122845e-08
3248,0.988084077835083,0.011915922164916992,1.2806763648986816,0.024603527039289474,181,9.777975663122845e-08
3249,0.9877499341964722,0.012250065803527832,1.3101181983947754,0.025228746235370636,181,9.777975663122845e-08
3250,0.9882004857063293,0.011799514293670654,1.2831041812896729,0.024512561038136482,181,9.777975663122845e-08
3251,0.9880725741386414,0.011927425861358643,1.2822428941726685,0.024630580097436905,181,9.777975663122845e-08
3252,0.9879851341247559,0.01201486587524414,1.2768076658248901,0.024662792682647705,181,9.777975663122845e-08
3253,0.9881475567817688,0.011852443218231201,1.2779922485351562,0.024513840675354004,181,9.777975663122845e-08
3254,0.9880646467208862,0.01193535327911377,1.2689894437789917,0.024505894631147385,181,9.777975663122845e-08
3255,0.9875206351280212,0.01247936487197876,1.2863786220550537,0.025218356400728226,181,9.777975663122845e-08
3256,0.9877733588218689,0.012226641178131104,1.2884125709533691,0.024988500401377678,181,9.777975663122845e-08
3257,0.9871658086776733,0.01283419132232666,1.3013607263565063,0.025719456374645233,181,9.777975663122845e-08
3258,0.9885697960853577,0.011430203914642334,1.258408546447754,0.02389998733997345,182,9.289076879966702e-08
3259,0.987690269947052,0.012309730052947998,1.2888585329055786,0.025075217708945274,182,9.289076879966702e-08
3260,0.987964928150177,0.012035071849822998,1.2746710777282715,0.024661432951688766,182,9.289076879966702e-08
3261,0.9882350564002991,0.011764943599700928,1.274545431137085,0.02439274825155735,182,9.289076879966702e-08
3262,0.9880224466323853,0.011977553367614746,1.3073809146881104,0.024931587278842926,182,9.289076879966702e-08
3263,0.987694501876831,0.012305498123168945,1.3163236379623413,0.025345679372549057,182,9.289076879966702e-08
3264,0.9879862666130066,0.012013733386993408,1.2868541479110718,0.024762138724327087,182,9.289076879966702e-08
3265,0.9877614378929138,0.012238562107086182,1.2774008512496948,0.02489018440246582,182,9.289076879966702e-08
3266,0.9879785180091858,0.012021481990814209,1.2699289321899414,0.02460055612027645,182,9.289076879966702e-08
3267,0.9876792430877686,0.012320756912231445,1.286625623703003,0.025063805282115936,182,9.289076879966702e-08
3268,0.9882127642631531,0.011787235736846924,1.2846916913986206,0.024516280740499496,182,9.289076879966702e-08
3269,0.9873553514480591,0.012644648551940918,1.2810211181640625,0.025328412652015686,182,9.289076879966702e-08
3270,0.9879351854324341,0.012064814567565918,1.2976274490356445,0.024920441210269928,182,9.289076879966702e-08
3271,0.9879159331321716,0.01208406686782837,1.3022829294204712,0.024986054748296738,182,9.289076879966702e-08
3272,0.9880031943321228,0.011996805667877197,1.2926594018936157,0.02480342984199524,182,9.289076879966702e-08
3273,0.9876542687416077,0.012345731258392334,1.2763535976409912,0.02498580887913704,182,9.289076879966702e-08
3274,0.9877942204475403,0.012205779552459717,1.281887412071228,0.024902597069740295,182,9.289076879966702e-08
3275,0.9875948429107666,0.012405157089233398,1.2950189113616943,0.025231294333934784,182,9.289076879966702e-08
3276,0.9877756834030151,0.012224316596984863,1.2890253067016602,0.024992328137159348,183,8.824623035968367e-08
3277,0.9879245162010193,0.012075483798980713,1.2776646614074707,0.02473137527704239,183,8.824623035968367e-08
3278,0.9884750247001648,0.011524975299835205,1.270387053489685,0.024113595485687256,183,8.824623035968367e-08
3279,0.9878007173538208,0.0121992826461792,1.2845711708068848,0.02492300048470497,183,8.824623035968367e-08
3280,0.9876941442489624,0.012305855751037598,1.2877476215362549,0.025060273706912994,183,8.824623035968367e-08
3281,0.9879401922225952,0.012059807777404785,1.2720215320587158,0.024659425020217896,183,8.824623035968367e-08
3282,0.9878038763999939,0.012196123600006104,1.285684585571289,0.024931007996201515,183,8.824623035968367e-08
3283,0.9880901575088501,0.011909842491149902,1.30060613155365,0.024796806275844574,183,8.824623035968367e-08
3284,0.9877752661705017,0.012224733829498291,1.2935998439788818,0.02503848448395729,183,8.824623035968367e-08
3285,0.988076388835907,0.011923611164093018,1.284690022468567,0.02465127408504486,183,8.824623035968367e-08
3286,0.9874778985977173,0.012522101402282715,1.2879430055618286,0.025276310741901398,183,8.824623035968367e-08
3287,0.9885520339012146,0.0114479660987854,1.2792350053787231,0.024125836789608,183,8.824623035968367e-08
3288,0.9875866770744324,0.012413322925567627,1.2985392808914185,0.02527458220720291,183,8.824623035968367e-08
3289,0.9882768988609314,0.011723101139068604,1.2880547046661377,0.024486416950821877,183,8.824623035968367e-08
3290,0.9874880313873291,0.012511968612670898,1.2865184545516968,0.02525203302502632,183,8.824623035968367e-08
3291,0.9879476428031921,0.012052357196807861,1.2858290672302246,0.024790123105049133,183,8.824623035968367e-08
3292,0.9876867532730103,0.012313246726989746,1.2788561582565308,0.024978674948215485,183,8.824623035968367e-08
3293,0.987827718257904,0.012172281742095947,1.3213752508163452,0.025264311581850052,183,8.824623035968367e-08
3294,0.9878216981887817,0.012178301811218262,1.2954816818237305,0.0250113345682621,184,8.383391884169949e-08
3295,0.9876857399940491,0.012314260005950928,1.2864742279052734,0.025055859237909317,184,8.383391884169949e-08
3296,0.988154411315918,0.011845588684082031,1.2715693712234497,0.024442825466394424,184,8.383391884169949e-08
3297,0.9879398345947266,0.012060165405273438,1.299071192741394,0.024930275976657867,184,8.383391884169949e-08
3298,0.9881054162979126,0.011894583702087402,1.2973496913909912,0.024749133735895157,184,8.383391884169949e-08
3299,0.987692654132843,0.012307345867156982,1.288108468055725,0.025065356865525246,184,8.383391884169949e-08
3300,0.9872618913650513,0.01273810863494873,1.2888561487197876,0.025499287992715836,184,8.383391884169949e-08
3301,0.9881705641746521,0.0118294358253479,1.2827788591384888,0.024538930505514145,184,8.383391884169949e-08
3302,0.9876109957695007,0.012389004230499268,1.285283088684082,0.025117944926023483,184,8.383391884169949e-08
3303,0.9876343607902527,0.012365639209747314,1.301247477531433,0.02525445818901062,184,8.383391884169949e-08
3304,0.9881958365440369,0.011804163455963135,1.2852580547332764,0.02453870326280594,184,8.383391884169949e-08
3305,0.9878733158111572,0.012126684188842773,1.2950894832611084,0.024956312030553818,184,8.383391884169949e-08
3306,0.9877542853355408,0.012245714664459229,1.270765781402588,0.02483091503381729,184,8.383391884169949e-08
3307,0.9881526231765747,0.011847376823425293,1.2692513465881348,0.024421416223049164,184,8.383391884169949e-08
3308,0.9881243705749512,0.011875629425048828,1.2745540142059326,0.024502413347363472,184,8.383391884169949e-08
3309,0.9881775975227356,0.011822402477264404,1.2706854343414307,0.02441103383898735,184,8.383391884169949e-08
3310,0.9879008531570435,0.012099146842956543,1.3038281202316284,0.025016438215970993,184,8.383391884169949e-08
3311,0.988414466381073,0.011585533618927002,1.2702221870422363,0.024171900004148483,184,8.383391884169949e-08
3312,0.9882025718688965,0.011797428131103516,1.278637170791626,0.02446582540869713,185,7.964222289961451e-08
3313,0.9882429242134094,0.011757075786590576,1.2755582332611084,0.024395085871219635,185,7.964222289961451e-08
3314,0.9874753355979919,0.012524664402008057,1.2894450426101685,0.02529386803507805,185,7.964222289961451e-08
3315,0.987775981426239,0.012224018573760986,1.2938638925552368,0.025040417909622192,185,7.964222289961451e-08
3316,0.9885445237159729,0.0114554762840271,1.2748774290084839,0.024089695885777473,185,7.964222289961451e-08
3317,0.9878107905387878,0.012189209461212158,1.3005549907684326,0.025072867050766945,185,7.964222289961451e-08
3318,0.9877367615699768,0.012263238430023193,1.293144702911377,0.02507205307483673,185,7.964222289961451e-08
3319,0.9877294898033142,0.012270510196685791,1.2750394344329834,0.02489819936454296,185,7.964222289961451e-08
3320,0.9878227114677429,0.01217728853225708,1.2912286520004272,0.024967800825834274,185,7.964222289961451e-08
3321,0.9875665903091431,0.012433409690856934,1.310642123222351,0.025415495038032532,185,7.964222289961451e-08
3322,0.9875093698501587,0.012490630149841309,1.296366572380066,0.025329388678073883,185,7.964222289961451e-08
3323,0.9880211353302002,0.011978864669799805,1.305399775505066,0.02491307258605957,185,7.964222289961451e-08
3324,0.98817378282547,0.01182621717453003,1.263875961303711,0.024346712976694107,185,7.964222289961451e-08
3325,0.9879679083824158,0.012032091617584229,1.284454584121704,0.02475631609559059,185,7.964222289961451e-08
3326,0.9879469871520996,0.01205301284790039,1.264357089996338,0.024576053023338318,185,7.964222289961451e-08
3327,0.9876260161399841,0.01237398386001587,1.276566505432129,0.02501590922474861,185,7.964222289961451e-08
3328,0.9882093071937561,0.011790692806243896,1.2752858400344849,0.024425644427537918,185,7.964222289961451e-08
3329,0.9879717826843262,0.012028217315673828,1.313433051109314,0.02504226565361023,185,7.964222289961451e-08
3330,0.9874624609947205,0.012537539005279541,1.297849178314209,0.025390654802322388,186,7.566011175463377e-08
3331,0.9884350895881653,0.011564910411834717,1.277348518371582,0.02422274649143219,186,7.566011175463377e-08
3332,0.9878438115119934,0.012156188488006592,1.2877455949783325,0.02491208165884018,186,7.566011175463377e-08
3333,0.9878820180892944,0.012117981910705566,1.2813949584960938,0.024810750037431717,186,7.566011175463377e-08
3334,0.987861692905426,0.012138307094573975,1.2762813568115234,0.02477973699569702,186,7.566011175463377e-08
3335,0.9878166913986206,0.012183308601379395,1.2934668064117432,0.024996142834424973,186,7.566011175463377e-08
3336,0.988283097743988,0.011716902256011963,1.2752512693405151,0.024352245032787323,186,7.566011175463377e-08
3337,0.9876052141189575,0.01239478588104248,1.297323226928711,0.02524407021701336,186,7.566011175463377e-08
3338,0.9878254532814026,0.012174546718597412,1.2974663972854614,0.02502746507525444,186,7.566011175463377e-08
3339,0.9875847697257996,0.01241523027420044,1.3040995597839355,0.025332074612379074,186,7.566011175463377e-08
3340,0.9884319305419922,0.011568069458007812,1.2854055166244507,0.024306442588567734,186,7.566011175463377e-08
3341,0.9882250428199768,0.011774957180023193,1.2579017877578735,0.024236224591732025,186,7.566011175463377e-08
3342,0.9879146814346313,0.012085318565368652,1.2781832218170166,0.024746298789978027,186,7.566011175463377e-08
3343,0.9877824187278748,0.012217581272125244,1.2840542793273926,0.024935949593782425,186,7.566011175463377e-08
3344,0.9877763986587524,0.012223601341247559,1.2897863388061523,0.0249992273747921,186,7.566011175463377e-08
3345,0.9877830147743225,0.01221698522567749,1.2832646369934082,0.02492746151983738,186,7.566011175463377e-08
3346,0.9878056049346924,0.012194395065307617,1.289373755455017,0.02496618777513504,186,7.566011175463377e-08
3347,0.9880707859992981,0.011929214000701904,1.2973861694335938,0.02478378266096115,186,7.566011175463377e-08
3348,0.9877004623413086,0.012299537658691406,1.2817742824554443,0.02499428391456604,187,7.187710616690207e-08
3349,0.9881759881973267,0.01182401180267334,1.2798737287521362,0.024504508823156357,187,7.187710616690207e-08
3350,0.9876638054847717,0.012336194515228271,1.3015328645706177,0.025228161364793777,187,7.187710616690207e-08
3351,0.9877560138702393,0.012243986129760742,1.281150460243225,0.02493305131793022,187,7.187710616690207e-08
3352,0.9879317283630371,0.01206827163696289,1.2749229669570923,0.024696819484233856,187,7.187710616690207e-08
3353,0.9884003400802612,0.01159965991973877,1.2813003063201904,0.02429666742682457,187,7.187710616690207e-08
3354,0.9880039095878601,0.011996090412139893,1.3066850900650024,0.024942979216575623,187,7.187710616690207e-08
3355,0.9880445003509521,0.011955499649047852,1.2945315837860107,0.024781260639429092,187,7.187710616690207e-08
3356,0.9875263571739197,0.012473642826080322,1.3015908002853394,0.025364812463521957,187,7.187710616690207e-08
3357,0.9874200224876404,0.01257997751235962,1.2875151634216309,0.025329329073429108,187,7.187710616690207e-08
3358,0.9879030585289001,0.012096941471099854,1.2872575521469116,0.02484854683279991,187,7.187710616690207e-08
3359,0.9881191253662109,0.011880874633789062,1.2774196863174438,0.024536263197660446,187,7.187710616690207e-08
3360,0.9879134297370911,0.012086570262908936,1.2780659198760986,0.02474636398255825,187,7.187710616690207e-08
3361,0.9876056909561157,0.012394309043884277,1.2767717838287354,0.025038082152605057,187,7.187710616690207e-08
3362,0.9878086447715759,0.012191355228424072,1.2886911630630493,0.0249563530087471,187,7.187710616690207e-08
3363,0.9880871176719666,0.011912882328033447,1.292605996131897,0.024719813838601112,187,7.187710616690207e-08
3364,0.9881309270858765,0.011869072914123535,1.2648042440414429,0.024398423731327057,187,7.187710616690207e-08
3365,0.9881205558776855,0.011879444122314453,1.3067429065704346,0.024828080087900162,187,7.187710616690207e-08
3366,0.9877119064331055,0.012288093566894531,1.2813607454299927,0.024978820234537125,188,6.828325085855697e-08
3367,0.9876235723495483,0.01237642765045166,1.3043047189712524,0.025295710191130638,188,6.828325085855697e-08
3368,0.9882349371910095,0.011765062808990479,1.2743065357208252,0.024390477687120438,188,6.828325085855697e-08
3369,0.9876524806022644,0.012347519397735596,1.2829943895339966,0.02505398914217949,188,6.828325085855697e-08
3370,0.9882503747940063,0.011749625205993652,1.2848373651504517,0.024480503052473068,188,6.828325085855697e-08
3371,0.9878055453300476,0.012194454669952393,1.289333701133728,0.02496584691107273,188,6.828325085855697e-08
3372,0.9879907369613647,0.012009263038635254,1.2979832887649536,0.024869002401828766,188,6.828325085855697e-08
3373,0.9878707528114319,0.012129247188568115,1.2852915525436401,0.024860870093107224,188,6.828325085855697e-08
3374,0.987629234790802,0.012370765209197998,1.2996149063110352,0.025243205949664116,188,6.828325085855697e-08
3375,0.9882508516311646,0.01174914836883545,1.2841451168060303,0.02447310835123062,188,6.828325085855697e-08
3376,0.9879499673843384,0.012050032615661621,1.2871832847595215,0.02480136603116989,188,6.828325085855697e-08
3377,0.9878965020179749,0.012103497982025146,1.2893071174621582,0.02487553283572197,188,6.828325085855697e-08
3378,0.9880023002624512,0.011997699737548828,1.2993531227111816,0.024871254339814186,188,6.828325085855697e-08
3379,0.9874969124794006,0.012503087520599365,1.2941575050354004,0.02531963214278221,188,6.828325085855697e-08
3380,0.9884251952171326,0.011574804782867432,1.2667045593261719,0.024126101285219193,188,6.828325085855697e-08
3381,0.987725555896759,0.012274444103240967,1.2772401571273804,0.024924099445343018,188,6.828325085855697e-08
3382,0.9876062870025635,0.012393712997436523,1.2787576913833618,0.025057353079319,188,6.828325085855697e-08
3383,0.9887110590934753,0.011288940906524658,1.2420204877853394,0.023596256971359253,188,6.828325085855697e-08
3384,0.987881064414978,0.012118935585021973,1.2928487062454224,0.024926234036684036,189,6.486908831562912e-08
3385,0.9875669479370117,0.012433052062988281,1.279233694076538,0.025101058185100555,189,6.486908831562912e-08
3386,0.9876149296760559,0.012385070323944092,1.3166334629058838,0.025427553802728653,189,6.486908831562912e-08
3387,0.987902820110321,0.012097179889678955,1.2730810642242432,0.024707019329071045,189,6.486908831562912e-08
3388,0.9881350994110107,0.011864900588989258,1.2774603366851807,0.024520855396986008,189,6.486908831562912e-08
3389,0.9884058833122253,0.011594116687774658,1.2799135446548462,0.02427731081843376,189,6.486908831562912e-08
3390,0.9879973530769348,0.012002646923065186,1.2796763181686401,0.024679385125637054,189,6.486908831562912e-08
3391,0.9876245260238647,0.012375473976135254,1.2991764545440674,0.02524348348379135,189,6.486908831562912e-08
3392,0.9882245659828186,0.011775434017181396,1.2704355716705322,0.02436203509569168,189,6.486908831562912e-08
3393,0.9875791668891907,0.012420833110809326,1.288727045059204,0.025183893740177155,189,6.486908831562912e-08
3394,0.9886237978935242,0.01137620210647583,1.2940480709075928,0.024202920496463776,189,6.486908831562912e-08
3395,0.987847089767456,0.012152910232543945,1.2840549945831299,0.024871930480003357,189,6.486908831562912e-08
3396,0.9877596497535706,0.012240350246429443,1.3107765913009644,0.02522571198642254,189,6.486908831562912e-08
3397,0.9879651069641113,0.012034893035888672,1.2753573656082153,0.024668116122484207,189,6.486908831562912e-08
3398,0.988355278968811,0.011644721031188965,1.2665936946868896,0.02419421076774597,189,6.486908831562912e-08
3399,0.9873176217079163,0.01268237829208374,1.2961949110031128,0.025517504662275314,189,6.486908831562912e-08
3400,0.9874345660209656,0.012565433979034424,1.2834606170654297,0.025274384766817093,189,6.486908831562912e-08
3401,0.9879496693611145,0.012050330638885498,1.2720028162002563,0.024649854749441147,189,6.486908831562912e-08
3402,0.9879230260848999,0.012076973915100098,1.2758570909500122,0.024714775383472443,190,6.162563389984765e-08
3403,0.9877229928970337,0.012277007102966309,1.3003559112548828,0.02515779621899128,190,6.162563389984765e-08
3404,0.987745463848114,0.012254536151885986,1.2726887464523315,0.024858877062797546,190,6.162563389984765e-08
3405,0.9876227974891663,0.01237720251083374,1.2831318378448486,0.02508474886417389,190,6.162563389984765e-08
3406,0.9884824752807617,0.011517524719238281,1.269631028175354,0.024098660796880722,190,6.162563389984765e-08
3407,0.9881435632705688,0.011856436729431152,1.2977701425552368,0.024715572595596313,190,6.162563389984765e-08
3408,0.9882653951644897,0.011734604835510254,1.269533634185791,0.024312594905495644,190,6.162563389984765e-08
3409,0.9874183535575867,0.01258164644241333,1.293039083480835,0.025386221706867218,190,6.162563389984765e-08
3410,0.9877989292144775,0.012201070785522461,1.2924480438232422,0.025003541260957718,190,6.162563389984765e-08
3411,0.987869918346405,0.01213008165359497,1.2953859567642212,0.024962639436125755,190,6.162563389984765e-08
3412,0.9880699515342712,0.01193004846572876,1.2938309907913208,0.02474905736744404,190,6.162563389984765e-08
3413,0.9879605174064636,0.012039482593536377,1.2931162118911743,0.02485024929046631,190,6.162563389984765e-08
3414,0.9875724911689758,0.01242750883102417,1.287663459777832,0.025179868564009666,190,6.162563389984765e-08
3415,0.9881222248077393,0.011877775192260742,1.262450933456421,0.024383505806326866,190,6.162563389984765e-08
3416,0.9879278540611267,0.012072145938873291,1.2909518480300903,0.024860942736268044,190,6.162563389984765e-08
3417,0.9877775311470032,0.012222468852996826,1.2883262634277344,0.02498350664973259,190,6.162563389984765e-08
3418,0.9878648519515991,0.012135148048400879,1.2986088991165161,0.024999886751174927,190,6.162563389984765e-08
3419,0.9884146451950073,0.011585354804992676,1.2702157497406006,0.024171657860279083,190,6.162563389984765e-08
3420,0.987980842590332,0.012019157409667969,1.275235891342163,0.02465132437646389,191,5.854435220485527e-08
3421,0.9881802201271057,0.011819779872894287,1.2796339988708496,0.024497922509908676,191,5.854435220485527e-08
3422,0.9873930811882019,0.012606918811798096,1.2874746322631836,0.025355596095323563,191,5.854435220485527e-08
3423,0.9879157543182373,0.012084245681762695,1.2738553285598755,0.024701956659555435,191,5.854435220485527e-08
3424,0.9874557256698608,0.01254427433013916,1.3026103973388672,0.025444936007261276,191,5.854435220485527e-08
3425,0.9876670837402344,0.012332916259765625,1.3077616691589355,0.0252872034907341,191,5.854435220485527e-08
3426,0.9880460500717163,0.011953949928283691,1.2731326818466187,0.024565737694501877,191,5.854435220485527e-08
3427,0.9884427785873413,0.011557221412658691,1.2784602642059326,0.024226251989603043,191,5.854435220485527e-08
3428,0.9880267977714539,0.011973202228546143,1.2823708057403564,0.024677177891135216,191,5.854435220485527e-08
3429,0.9881694912910461,0.011830508708953857,1.3048510551452637,0.024760713800787926,191,5.854435220485527e-08
3430,0.9881575107574463,0.011842489242553711,1.2838035821914673,0.02456209994852543,191,5.854435220485527e-08
3431,0.9875312447547913,0.01246875524520874,1.2889535427093506,0.02523360401391983,191,5.854435220485527e-08
3432,0.9876835942268372,0.012316405773162842,1.280781626701355,0.025001058354973793,191,5.854435220485527e-08
3433,0.9880940914154053,0.011905908584594727,1.274439811706543,0.024531247094273567,191,5.854435220485527e-08
3434,0.9880360960960388,0.011963903903961182,1.2887208461761475,0.02473147213459015,191,5.854435220485527e-08
3435,0.9880267381668091,0.011973261833190918,1.2782347202301025,0.02463587559759617,191,5.854435220485527e-08
3436,0.9875935316085815,0.012406468391418457,1.2894318103790283,0.025176722556352615,191,5.854435220485527e-08
3437,0.9877740144729614,0.012225985527038574,1.324631929397583,0.025350045412778854,191,5.854435220485527e-08
3438,0.9875507950782776,0.012449204921722412,1.2956418991088867,0.025281131267547607,192,5.56171345946125e-08
3439,0.9881499409675598,0.011850059032440186,1.2791084051132202,0.02452264353632927,192,5.56171345946125e-08
3440,0.9880642294883728,0.011935770511627197,1.2910370826721191,0.024726783856749535,192,5.56171345946125e-08
3441,0.9875392913818359,0.012460708618164062,1.2757861614227295,0.025093961507081985,192,5.56171345946125e-08
3442,0.9876932501792908,0.012306749820709229,1.2718676328659058,0.024902358651161194,192,5.56171345946125e-08
3443,0.9879314303398132,0.012068569660186768,1.29403817653656,0.024888265877962112,192,5.56171345946125e-08
3444,0.9875897169113159,0.012410283088684082,1.2869656085968018,0.02515583671629429,192,5.56171345946125e-08
3445,0.9877461194992065,0.012253880500793457,1.3046013116836548,0.025177355855703354,192,5.56171345946125e-08
3446,0.9879429340362549,0.012057065963745117,1.284679889678955,0.024783294647932053,192,5.56171345946125e-08
3447,0.9884025454521179,0.01159745454788208,1.283855676651001,0.02432003617286682,192,5.56171345946125e-08
3448,0.9877218008041382,0.012278199195861816,1.2935421466827393,0.025090839713811874,192,5.56171345946125e-08
3449,0.9880802631378174,0.011919736862182617,1.3063440322875977,0.02486398071050644,192,5.56171345946125e-08
3450,0.9882223606109619,0.011777639389038086,1.2902120351791382,0.024561982601881027,192,5.56171345946125e-08
3451,0.9875895380973816,0.012410461902618408,1.2779035568237305,0.02506539225578308,192,5.56171345946125e-08
3452,0.9879743456840515,0.012025654315948486,1.2902237176895142,0.024807635694742203,192,5.56171345946125e-08
3453,0.9881281852722168,0.011871814727783203,1.2679483890533447,0.024432580918073654,192,5.56171345946125e-08
3454,0.9879449605941772,0.012055039405822754,1.2757738828659058,0.024692226201295853,192,5.56171345946125e-08
3455,0.9881445169448853,0.011855483055114746,1.26803457736969,0.024417273700237274,192,5.56171345946125e-08
3456,0.9887290596961975,0.01127094030380249,1.2599892616271973,0.023758122697472572,193,5.2836277864881873e-08
3457,0.9874760508537292,0.012523949146270752,1.2867487668991089,0.025266196578741074,193,5.2836277864881873e-08
3458,0.9875706434249878,0.012429356575012207,1.3002492189407349,0.025307554751634598,193,5.2836277864881873e-08
3459,0.987763524055481,0.012236475944519043,1.2891186475753784,0.025005297735333443,193,5.2836277864881873e-08
3460,0.9879103302955627,0.012089669704437256,1.2816779613494873,0.02478555217385292,193,5.2836277864881873e-08
3461,0.9878742098808289,0.012125790119171143,1.298674464225769,0.02499127760529518,193,5.2836277864881873e-08
3462,0.9881854057312012,0.011814594268798828,1.286017656326294,0.02455662563443184,193,5.2836277864881873e-08
3463,0.9880144596099854,0.011985540390014648,1.2911394834518433,0.02477707900106907,193,5.2836277864881873e-08
3464,0.988203763961792,0.011796236038208008,1.297192096710205,0.024650193750858307,193,5.2836277864881873e-08
3465,0.9881681799888611,0.011831820011138916,1.2890255451202393,0.02460375800728798,193,5.2836277864881873e-08
3466,0.9882547855377197,0.011745214462280273,1.2826272249221802,0.024454034864902496,193,5.2836277864881873e-08
3467,0.9880294799804688,0.01197052001953125,1.2740432024002075,0.024591246619820595,193,5.2836277864881873e-08
3468,0.9883484840393066,0.01165151596069336,1.2703990936279297,0.024238992482423782,193,5.2836277864881873e-08
3469,0.9874398112297058,0.01256018877029419,1.2827693223953247,0.02526227943599224,193,5.2836277864881873e-08
3470,0.9875668883323669,0.012433111667633057,1.2877357006072998,0.02518613636493683,193,5.2836277864881873e-08
3471,0.9874970316886902,0.012502968311309814,1.2807151079177856,0.02518508955836296,193,5.2836277864881873e-08
3472,0.9875316023826599,0.012468397617340088,1.3000109195709229,0.025343824177980423,193,5.2836277864881873e-08
3473,0.9870824217796326,0.012917578220367432,1.3017035722732544,0.025805437937378883,193,5.2836277864881873e-08
3474,0.9878394603729248,0.012160539627075195,1.2947819232940674,0.0249867532402277,194,5.019446397163778e-08
3475,0.9877024292945862,0.012297570705413818,1.2866116762161255,0.02504071220755577,194,5.019446397163778e-08
3476,0.9881331324577332,0.011866867542266846,1.28085196018219,0.0245567187666893,194,5.019446397163778e-08
3477,0.9880834221839905,0.011916577816009521,1.280029058456421,0.02459770254790783,194,5.019446397163778e-08
3478,0.9880363345146179,0.01196366548538208,1.263922095298767,0.024483248591423035,194,5.019446397163778e-08
3479,0.9878336787223816,0.012166321277618408,1.2841613292694092,0.024886270985007286,194,5.019446397163778e-08
3480,0.9876651763916016,0.012334823608398438,1.307059407234192,0.02528207004070282,194,5.019446397163778e-08
3481,0.9877005219459534,0.01229947805404663,1.2734439373016357,0.024910923093557358,194,5.019446397163778e-08
3482,0.9881113171577454,0.011888682842254639,1.292576789855957,0.024695564061403275,194,5.019446397163778e-08
3483,0.9875956177711487,0.012404382228851318,1.2879682779312134,0.02516002207994461,194,5.019446397163778e-08
3484,0.988741397857666,0.011258602142333984,1.2752453088760376,0.023898469284176826,194,5.019446397163778e-08
3485,0.9875361919403076,0.012463808059692383,1.2874183654785156,0.02521335333585739,194,5.019446397163778e-08
3486,0.9878210425376892,0.012178957462310791,1.2816649675369263,0.024873817339539528,194,5.019446397163778e-08
3487,0.9883354306221008,0.01166456937789917,1.2905590534210205,0.02445351332426071,194,5.019446397163778e-08
3488,0.9879826307296753,0.012017369270324707,1.300230622291565,0.024899501353502274,194,5.019446397163778e-08
3489,0.9879274368286133,0.012072563171386719,1.2937456369400024,0.024889294058084488,194,5.019446397163778e-08
3490,0.9873024821281433,0.01269751787185669,1.2882838249206543,0.02545338124036789,194,5.019446397163778e-08
3491,0.9878615736961365,0.012138426303863525,1.2587454319000244,0.024604495614767075,194,5.019446397163778e-08
3492,0.9875732660293579,0.01242673397064209,1.3025729656219482,0.025328196585178375,195,4.7684740773055885e-08
3493,0.987379252910614,0.012620747089385986,1.2941612005233765,0.025436151772737503,195,4.7684740773055885e-08
3494,0.9884694218635559,0.011530578136444092,1.271791696548462,0.024133188650012016,195,4.7684740773055885e-08
3495,0.9876391887664795,0.012360811233520508,1.2906217575073242,0.025143420323729515,195,4.7684740773055885e-08
3496,0.9882597327232361,0.011740267276763916,1.276261806488037,0.0243854820728302,195,4.7684740773055885e-08
3497,0.9878664016723633,0.012133598327636719,1.281746506690979,0.024829726666212082,195,4.7684740773055885e-08
3498,0.9880832433700562,0.011916756629943848,1.29236900806427,0.024721279740333557,195,4.7684740773055885e-08
3499,0.9883697032928467,0.01163029670715332,1.279176115989685,0.024305755272507668,195,4.7684740773055885e-08
3500,0.9876778721809387,0.01232212781906128,1.2857838869094849,0.02505674585700035,195,4.7684740773055885e-08
3501,0.9874825477600098,0.012517452239990234,1.294569730758667,0.025337975472211838,195,4.7684740773055885e-08
3502,0.9881918430328369,0.011808156967163086,1.2699131965637207,0.024389207363128662,195,4.7684740773055885e-08
3503,0.9875122308731079,0.01248776912689209,1.2882128953933716,0.025245020166039467,195,4.7684740773055885e-08
3504,0.9882350564002991,0.011764943599700928,1.274304986000061,0.024390343576669693,195,4.7684740773055885e-08
3505,0.9880417585372925,0.01195824146270752,1.3005437850952148,0.02484409511089325,195,4.7684740773055885e-08
3506,0.9878169298171997,0.012183070182800293,1.2866075038909912,0.02492731437087059,195,4.7684740773055885e-08
3507,0.9881341457366943,0.011865854263305664,1.291258692741394,0.024659782648086548,195,4.7684740773055885e-08
3508,0.9877827167510986,0.012217283248901367,1.2770904302597046,0.0248660147190094,195,4.7684740773055885e-08
3509,0.9870824813842773,0.012917518615722656,1.3017011880874634,0.025805354118347168,195,4.7684740773055885e-08
3510,0.9880314469337463,0.011968553066253662,1.2867422103881836,0.024716289713978767,196,4.530050373440309e-08
3511,0.9882678985595703,0.011732101440429688,1.281258225440979,0.02442736178636551,196,4.530050373440309e-08
3512,0.9876752495765686,0.012324750423431396,1.2928457260131836,0.025129958987236023,196,4.530050373440309e-08
3513,0.9884498119354248,0.011550188064575195,1.2956825494766235,0.02439151145517826,196,4.530050373440309e-08
3514,0.9880331158638,0.011966884136199951,1.2673474550247192,0.024520689621567726,196,4.530050373440309e-08
3515,0.9871964454650879,0.01280355453491211,1.290945053100586,0.02558496966958046,196,4.530050373440309e-08
3516,0.9875918626785278,0.012408137321472168,1.2872803211212158,0.025156859308481216,196,4.530050373440309e-08
3517,0.9879769682884216,0.01202303171157837,1.277103066444397,0.024673830717802048,196,4.530050373440309e-08
3518,0.9881048202514648,0.011895179748535156,1.2902696132659912,0.024678923189640045,196,4.530050373440309e-08
3519,0.9879664182662964,0.012033581733703613,1.2828987836837769,0.024742234498262405,196,4.530050373440309e-08
3520,0.9879087209701538,0.012091279029846191,1.2725098133087158,0.024695463478565216,196,4.530050373440309e-08
3521,0.9882676601409912,0.011732339859008789,1.2808693647384644,0.024423711001873016,196,4.530050373440309e-08
3522,0.9876811504364014,0.012318849563598633,1.2848304510116577,0.025043964385986328,196,4.530050373440309e-08
3523,0.9880576133728027,0.011942386627197266,1.2752217054367065,0.02457517944276333,196,4.530050373440309e-08
3524,0.987464189529419,0.012535810470581055,1.3078643083572388,0.025489095598459244,196,4.530050373440309e-08
3525,0.987916886806488,0.012083113193511963,1.2915838956832886,0.0248781219124794,196,4.530050373440309e-08
3526,0.98775315284729,0.012246847152709961,1.2995383739471436,0.025119762867689133,196,4.530050373440309e-08
3527,0.9877251982688904,0.01227480173110962,1.2778390645980835,0.024930443614721298,196,4.530050373440309e-08
3528,0.9877161383628845,0.012283861637115479,1.2818262577056885,0.024979285895824432,197,4.3035478547682935e-08
3529,0.9881096482276917,0.01189035177230835,1.283549189567566,0.024606939405202866,197,4.3035478547682935e-08
3530,0.9877989292144775,0.012201070785522461,1.2846653461456299,0.02492571249604225,197,4.3035478547682935e-08
3531,0.9876087307929993,0.012391269207000732,1.2843869924545288,0.025111226364970207,197,4.3035478547682935e-08
3532,0.9878227710723877,0.012177228927612305,1.2960134744644165,0.025015590712428093,197,4.3035478547682935e-08
3533,0.9878174066543579,0.01218259334564209,1.2942135334014893,0.02500290423631668,197,4.3035478547682935e-08
3534,0.9875247478485107,0.012475252151489258,1.2919853925704956,0.025270354002714157,197,4.3035478547682935e-08
3535,0.9880155324935913,0.011984467506408691,1.2753020524978638,0.024617642164230347,197,4.3035478547682935e-08
3536,0.9877126216888428,0.012287378311157227,1.2797974348068237,0.024962477385997772,197,4.3035478547682935e-08
3537,0.9878551363945007,0.012144863605499268,1.281113624572754,0.02483455091714859,197,4.3035478547682935e-08
3538,0.9881597757339478,0.011840224266052246,1.268061876296997,0.0244024395942688,197,4.3035478547682935e-08
3539,0.9877216219902039,0.012278378009796143,1.2968930006027222,0.025124523788690567,197,4.3035478547682935e-08
3540,0.9876485466957092,0.012351453304290771,1.2948952913284302,0.025176890194416046,197,4.3035478547682935e-08
3541,0.9879090785980225,0.012090921401977539,1.3143689632415771,0.025113701820373535,197,4.3035478547682935e-08
3542,0.9885094165802002,0.011490583419799805,1.2875837087631226,0.024251513183116913,197,4.3035478547682935e-08
3543,0.9882542490959167,0.011745750904083252,1.2651911973953247,0.024280205368995667,197,4.3035478547682935e-08
3544,0.9883549213409424,0.011645078659057617,1.273292899131775,0.024261556565761566,197,4.3035478547682935e-08
3545,0.9873543977737427,0.012645602226257324,1.2996388673782349,0.025515533983707428,197,4.3035478547682935e-08
3546,0.9878207445144653,0.012179255485534668,1.2978525161743164,0.02503598853945732,198,4.0883704620298786e-08
3547,0.9885059595108032,0.011494040489196777,1.2866978645324707,0.024246077984571457,198,4.0883704620298786e-08
3548,0.9875115752220154,0.01248842477798462,1.2879797220230103,0.02524333819746971,198,4.0883704620298786e-08
3549,0.9886090755462646,0.011390924453735352,1.2881569862365723,0.02415858581662178,198,4.0883704620298786e-08
3550,0.9884017109870911,0.011598289012908936,1.272629976272583,0.02420860528945923,198,4.0883704620298786e-08
3551,0.98777836561203,0.01222163438796997,1.2733668088912964,0.024833086878061295,198,4.0883704620298786e-08
3552,0.9878019094467163,0.012198090553283691,1.2846407890319824,0.02492251619696617,198,4.0883704620298786e-08
3553,0.9873427152633667,0.0126572847366333,1.294492244720459,0.02547563426196575,198,4.0883704620298786e-08
3554,0.9874972701072693,0.012502729892730713,1.2843269109725952,0.025220971554517746,198,4.0883704620298786e-08
3555,0.9877640604972839,0.012235939502716064,1.2767151594161987,0.024880731478333473,198,4.0883704620298786e-08
3556,0.987740159034729,0.012259840965270996,1.3013994693756104,0.025151237845420837,198,4.0883704620298786e-08
3557,0.987991213798523,0.01200878620147705,1.297990083694458,0.024868600070476532,198,4.0883704620298786e-08
3558,0.9878396391868591,0.01216036081314087,1.282301425933838,0.02486177161335945,198,4.0883704620298786e-08
3559,0.9884093403816223,0.011590659618377686,1.2723963260650635,0.024198714643716812,198,4.0883704620298786e-08
3560,0.9877029657363892,0.01229703426361084,1.2976547479629517,0.025150611996650696,198,4.0883704620298786e-08
3561,0.987807035446167,0.012192964553833008,1.3000209331512451,0.025071244686841965,198,4.0883704620298786e-08
3562,0.9878824949264526,0.012117505073547363,1.2661081552505493,0.024657409638166428,198,4.0883704620298786e-08
3563,0.9874158501625061,0.012584149837493896,1.2792387008666992,0.025250695645809174,198,4.0883704620298786e-08
3564,0.987962007522583,0.012037992477416992,1.2884629964828491,0.02480224147439003,199,3.883951938928385e-08
3565,0.9877064824104309,0.012293517589569092,1.2852040529251099,0.02502262219786644,199,3.883951938928385e-08
3566,0.9876132011413574,0.012386798858642578,1.2845492362976074,0.025108423084020615,199,3.883951938928385e-08
3567,0.987932562828064,0.012067437171936035,1.2882273197174072,0.024829035624861717,199,3.883951938928385e-08
3568,0.9883387684822083,0.011661231517791748,1.2693212032318115,0.024237830191850662,199,3.883951938928385e-08
3569,0.9883309006690979,0.0116690993309021,1.2901321649551392,0.024453729391098022,199,3.883951938928385e-08
3570,0.9877159595489502,0.012284040451049805,1.287065029144287,0.02503184974193573,199,3.883951938928385e-08
3571,0.9879608750343323,0.012039124965667725,1.2985438108444214,0.024904172867536545,199,3.883951938928385e-08
3572,0.9877934455871582,0.012206554412841797,1.3116745948791504,0.025201234966516495,199,3.883951938928385e-08
3573,0.9877947568893433,0.012205243110656738,1.2744039297103882,0.024827230721712112,199,3.883951938928385e-08
3574,0.9878301620483398,0.012169837951660156,1.2950445413589478,0.024998584762215614,199,3.883951938928385e-08
3575,0.9878260493278503,0.012173950672149658,1.272432804107666,0.024776538833975792,199,3.883951938928385e-08
3576,0.9880585074424744,0.011941492557525635,1.2742273807525635,0.02456435188651085,199,3.883951938928385e-08
3577,0.9877574443817139,0.012242555618286133,1.2864097356796265,0.024984227493405342,199,3.883951938928385e-08
3578,0.9875529408454895,0.012447059154510498,1.2931275367736816,0.025253864005208015,199,3.883951938928385e-08
3579,0.9881106019020081,0.011889398097991943,1.2804745435714722,0.02457524836063385,199,3.883951938928385e-08
3580,0.9879414439201355,0.012058556079864502,1.2871928215026855,0.02480989694595337,199,3.883951938928385e-08
3581,0.9884148240089417,0.01158517599105835,1.270218849182129,0.024171512573957443,199,3.883951938928385e-08
3582,0.9876754879951477,0.012324512004852295,1.3082280158996582,0.02528354711830616,200,3.689754341981965e-08
3583,0.98753821849823,0.01246178150177002,1.2793177366256714,0.025130340829491615,200,3.689754341981965e-08
3584,0.9883827567100525,0.01161724328994751,1.265534520149231,0.024156415835022926,200,3.689754341981965e-08
3585,0.9878882765769958,0.01211172342300415,1.2920868396759033,0.02491147443652153,200,3.689754341981965e-08
3586,0.98798668384552,0.01201331615447998,1.2857563495635986,0.02475074678659439,200,3.689754341981965e-08
3587,0.9876924753189087,0.012307524681091309,1.3128392696380615,0.025312840938568115,200,3.689754341981965e-08
3588,0.9877451658248901,0.012254834175109863,1.2904562950134277,0.025036849081516266,200,3.689754341981965e-08
3589,0.9877801537513733,0.012219846248626709,1.2914518117904663,0.025012165307998657,200,3.689754341981965e-08
3590,0.9879565238952637,0.012043476104736328,1.2789875268936157,0.02471291646361351,200,3.689754341981965e-08
3591,0.9879679679870605,0.012032032012939453,1.291479468345642,0.02482650615274906,200,3.689754341981965e-08
3592,0.9880751967430115,0.011924803256988525,1.268257975578308,0.024488136172294617,200,3.689754341981965e-08
3593,0.9882246255874634,0.011775374412536621,1.2782411575317383,0.024440031498670578,200,3.689754341981965e-08
3594,0.9876735806465149,0.012326419353485107,1.2826482057571411,0.025029636919498444,200,3.689754341981965e-08
3595,0.9881219863891602,0.011878013610839844,1.2872289419174194,0.024631522595882416,200,3.689754341981965e-08
3596,0.9877613186836243,0.012238681316375732,1.2836499214172363,0.02495279349386692,200,3.689754341981965e-08
3597,0.9876677393913269,0.012332260608673096,1.2856062650680542,0.025065001100301743,200,3.689754341981965e-08
3598,0.9885271787643433,0.011472821235656738,1.282991886138916,0.02418801188468933,200,3.689754341981965e-08
3599,0.9868651032447815,0.013134896755218506,1.2806721925735474,0.02581026963889599,200,3.689754341981965e-08
