frame,fvdb_per_percent,fvdb_ssim,fvdb_error_pixels,spconv_per_percent,spconv_ssim,spconv_error_pixels,per_delta_fvdb_minus_spconv,ssim_delta_fvdb_minus_spconv,combined_per_percent,max_per_percent
0,0.53024292,0.98898316,5560,0.26683807,0.99245755,2798,0.26340485,-0.00347439,0.39854050,0.53024292
1,0.55818558,0.98856902,5853,0.24738312,0.99342479,2594,0.31080246,-0.00485577,0.40278435,0.55818558
2,0.58641434,0.98821230,6149,0.22516251,0.99438536,2361,0.36125183,-0.00617306,0.40578842,0.58641434
3,0.60777664,0.98832355,6373,0.26636124,0.99439604,2793,0.34141541,-0.00607249,0.43706894,0.60777664
4,0.60977936,0.98799448,6394,0.22878647,0.99420976,2399,0.38099289,-0.00621528,0.41928291,0.60977936
5,0.67901611,0.98749306,7120,0.27742386,0.99415743,2909,0.40159225,-0.00666437,0.47821999,0.67901611
6,0.68874359,0.98730248,7222,0.23078918,0.99426865,2420,0.45795441,-0.00696617,0.45976639,0.68874359
7,0.47473907,0.99072649,4978,0.25749207,0.99448332,2700,0.21724701,-0.00375684,0.36611557,0.47473907
8,0.48093796,0.99034058,5043,0.25806427,0.99447207,2706,0.22287369,-0.00413149,0.36950111,0.48093796
9,0.51555634,0.98995773,5406,0.28848648,0.99414662,3025,0.22706985,-0.00418889,0.40202141,0.51555634
10,0.46224594,0.99092991,4847,0.25558472,0.99459445,2680,0.20666122,-0.00366454,0.35891533,0.46224594
11,0.52490234,0.98948181,5504,0.25262833,0.99461606,2649,0.27227402,-0.00513425,0.38876534,0.52490234
12,0.55179596,0.98934495,5786,0.29020309,0.99420615,3043,0.26159286,-0.00486120,0.42099953,0.55179596
13,0.44555664,0.99046164,4672,0.23002625,0.99517284,2412,0.21553040,-0.00471119,0.33779144,0.44555664
14,0.47664642,0.98996386,4998,0.24385452,0.99500031,2557,0.23279190,-0.00503645,0.36025047,0.47664642
15,0.49953461,0.98961642,5238,0.27065277,0.99481517,2838,0.22888184,-0.00519876,0.38509369,0.49953461
16,0.48265457,0.98952936,5061,0.23813248,0.99511424,2497,0.24452209,-0.00558488,0.36039352,0.48265457
17,0.46730042,0.98989047,4900,0.23317337,0.99506447,2445,0.23412704,-0.00517400,0.35023689,0.46730042
18,0.53586960,0.98925044,5619,0.29344559,0.99433770,3077,0.24242401,-0.00508726,0.41465759,0.53586960
19,0.37317276,0.99154648,3913,0.17766953,0.99569491,1863,0.19550323,-0.00414844,0.27542114,0.37317276
20,0.41179657,0.99063034,4318,0.19330978,0.99547576,2027,0.21848679,-0.00484542,0.30255318,0.41179657
21,0.39892197,0.99094998,4183,0.18320084,0.99580739,1921,0.21572113,-0.00485741,0.29106140,0.39892197
22,0.40960312,0.99075280,4295,0.19645691,0.99536697,2060,0.21314621,-0.00461417,0.30303001,0.40960312
23,0.39358139,0.99129284,4127,0.18186569,0.99559152,1907,0.21171570,-0.00429868,0.28772354,0.39358139
24,0.43573380,0.99057502,4569,0.23393631,0.99477930,2453,0.20179749,-0.00420428,0.33483505,0.43573380
25,0.50992966,0.98858855,5347,0.11758804,0.99792587,1233,0.39234161,-0.00933732,0.31375885,0.50992966
26,0.53110123,0.98850496,5569,0.11739731,0.99778925,1231,0.41370392,-0.00928429,0.32424927,0.53110123
27,0.55894852,0.98778278,5861,0.14772415,0.99745513,1549,0.41122437,-0.00967235,0.35333633,0.55894852
28,0.53462982,0.98756000,5606,0.12693405,0.99727545,1331,0.40769577,-0.00971546,0.33078194,0.53462982
29,0.51794052,0.98839444,5431,0.11777878,0.99761056,1235,0.40016174,-0.00921612,0.31785965,0.51794052
30,0.57220459,0.98746728,6000,0.16717911,0.99715218,1753,0.40502548,-0.00968489,0.36969185,0.57220459
31,0.52289963,0.98688661,5483,0.13847351,0.99630915,1452,0.38442612,-0.00942254,0.33068657,0.52289963
32,0.53987503,0.98802733,5661,0.17194748,0.99684919,1803,0.36792755,-0.00882186,0.35591125,0.53987503
33,0.55046082,0.98806353,5772,0.16460419,0.99696418,1726,0.38585663,-0.00890066,0.35753250,0.55046082
34,0.58088303,0.98737555,6091,0.19979477,0.99655963,2095,0.38108826,-0.00918408,0.39033890,0.58088303
35,0.53682327,0.98800084,5629,0.17461777,0.99673994,1831,0.36220551,-0.00873911,0.35572052,0.53682327
36,0.53424835,0.98839204,5602,0.16880035,0.99677281,1770,0.36544800,-0.00838077,0.35152435,0.53424835
37,0.53262711,0.98857657,5585,0.16803741,0.99670385,1762,0.36458969,-0.00812729,0.35033226,0.53262711
38,0.56552887,0.98790161,5930,0.20351410,0.99639315,2134,0.36201477,-0.00849153,0.38452148,0.56552887
39,0.55799484,0.98815033,5851,0.17261505,0.99647261,1810,0.38537979,-0.00832228,0.36530495,0.55799484
40,0.50258636,0.98811526,5270,0.15144348,0.99709408,1588,0.35114288,-0.00897882,0.32701492,0.50258636
41,0.50525665,0.98817410,5298,0.13494492,0.99746022,1415,0.37031174,-0.00928612,0.32010078,0.50525665
42,0.53205490,0.98796519,5579,0.16860962,0.99739255,1768,0.36344528,-0.00942736,0.35033226,0.53205490
43,0.50344467,0.98809667,5279,0.13923645,0.99751342,1460,0.36420822,-0.00941674,0.32134056,0.50344467
44,0.49047470,0.98833129,5143,0.13675690,0.99755335,1434,0.35371780,-0.00922206,0.31361580,0.49047470
45,0.49285889,0.98857255,5168,0.14772415,0.99731238,1549,0.34513474,-0.00873983,0.32029152,0.49285889
46,0.52309036,0.98866094,5485,0.19073486,0.99711486,2000,0.33235550,-0.00845391,0.35691261,0.52309036
47,0.45118332,0.98946553,4731,0.13895035,0.99751743,1457,0.31223297,-0.00805190,0.29506683,0.45118332
48,0.43182373,0.99025067,4528,0.11892319,0.99825864,1247,0.31290054,-0.00800797,0.27537346,0.43182373
49,0.43373108,0.99030640,4548,0.10414124,0.99850354,1092,0.32958984,-0.00819714,0.26893616,0.43373108
50,0.45566559,0.99058615,4778,0.13809204,0.99824445,1448,0.31757355,-0.00765830,0.29687881,0.45566559
51,0.41980743,0.99045819,4402,0.11253357,0.99826541,1180,0.30727386,-0.00780722,0.26617050,0.41980743
52,0.41608810,0.99074402,4363,0.10890961,0.99836282,1142,0.30717850,-0.00761879,0.26249886,0.41608810
53,0.41971207,0.99079188,4401,0.11920929,0.99814091,1250,0.30050278,-0.00734903,0.26946068,0.41971207
54,0.42829514,0.99121053,4491,0.14553070,0.99784979,1526,0.28276443,-0.00663926,0.28691292,0.42829514
55,0.42734146,0.99104899,4481,0.11196136,0.99819967,1174,0.31538010,-0.00715068,0.26965141,0.42734146
56,0.31070709,0.99440484,3258,0.12655258,0.99759614,1327,0.18415451,-0.00319130,0.21862984,0.31070709
57,0.31833649,0.99430467,3338,0.11186600,0.99804699,1173,0.20647049,-0.00374232,0.21510124,0.31833649
58,0.35657883,0.99403184,3739,0.16727448,0.99693995,1754,0.18930435,-0.00290811,0.26192665,0.35657883
59,0.31557083,0.99452307,3309,0.11558533,0.99784600,1212,0.19998550,-0.00332293,0.21557808,0.31557083
60,0.30612946,0.99479664,3210,0.12664795,0.99754210,1328,0.17948151,-0.00274546,0.21638870,0.30612946
61,0.29106140,0.99512119,3052,0.13284683,0.99738690,1393,0.15821457,-0.00226571,0.21195412,0.29106140
62,0.35743713,0.99454053,3748,0.17156601,0.99728257,1799,0.18587112,-0.00274204,0.26450157,0.35743713
63,0.29716492,0.99504634,3116,0.13618469,0.99724997,1428,0.16098022,-0.00220363,0.21667480,0.29716492
64,0.30937195,0.99425747,3244,0.10519028,0.99778300,1103,0.20418167,-0.00352554,0.20728111,0.30937195
65,0.32787323,0.99392620,3438,0.10499954,0.99772343,1101,0.22287369,-0.00379723,0.21643639,0.32787323
66,0.35333633,0.99380966,3705,0.14114380,0.99733872,1480,0.21219254,-0.00352905,0.24724007,0.35333633
67,0.31394958,0.99429939,3292,0.10585785,0.99786923,1110,0.20809174,-0.00356984,0.20990372,0.31394958
68,0.32024384,0.99421522,3358,0.11444092,0.99754138,1200,0.20580292,-0.00332615,0.21734238,0.32024384
69,0.31719208,0.99434231,3326,0.10948181,0.99763930,1148,0.20771027,-0.00329699,0.21333694,0.31719208
70,0.34122467,0.99419427,3578,0.14715195,0.99717109,1543,0.19407272,-0.00297682,0.24418831,0.34122467
71,0.32520294,0.99420600,3410,0.11529922,0.99753667,1209,0.20990372,-0.00333067,0.22025108,0.32520294
72,0.30879974,0.99421322,3238,0.12035370,0.99761044,1262,0.18844604,-0.00339722,0.21457672,0.30879974
73,0.32291412,0.99403475,3386,0.11739731,0.99785264,1231,0.20551682,-0.00381789,0.22015572,0.32291412
74,0.35047531,0.99377300,3675,0.16622543,0.99713019,1743,0.18424988,-0.00335719,0.25835037,0.35047531
75,0.32062531,0.99413409,3362,0.13055801,0.99730149,1369,0.19006729,-0.00316741,0.22559166,0.32062531
76,0.29249191,0.99476687,3067,0.12092590,0.99765697,1268,0.17156601,-0.00289010,0.20670891,0.29249191
77,0.29277802,0.99472429,3070,0.12950897,0.99728537,1358,0.16326904,-0.00256108,0.21114349,0.29277802
78,0.33941269,0.99430262,3559,0.16841888,0.99717043,1766,0.17099380,-0.00286781,0.25391579,0.33941269
79,0.30384064,0.99456513,3186,0.12979507,0.99741802,1361,0.17404556,-0.00285290,0.21681786,0.30384064
80,0.38576126,0.99220747,4045,0.17175674,0.99649167,1801,0.21400452,-0.00428420,0.27875900,0.38576126
81,0.40388107,0.99186657,4235,0.17108917,0.99643000,1794,0.23279190,-0.00456343,0.28748512,0.40388107
82,0.42104721,0.99186722,4415,0.20570755,0.99603800,2157,0.21533966,-0.00417079,0.31337738,0.42104721
83,0.39482117,0.99222441,4140,0.17528534,0.99632720,1838,0.21953583,-0.00410280,0.28505325,0.39482117
84,0.37956238,0.99235944,3980,0.17232895,0.99643700,1807,0.20723343,-0.00407756,0.27594566,0.37956238
85,0.40292740,0.99218150,4225,0.17538071,0.99634230,1839,0.22754669,-0.00416080,0.28915405,0.40292740
86,0.43239594,0.99189620,4534,0.21438599,0.99584138,2248,0.21800995,-0.00394518,0.32339096,0.43239594
87,0.40454865,0.99219376,4242,0.17938614,0.99628043,1881,0.22516251,-0.00408667,0.29196739,0.40454865
88,0.38366318,0.99187085,4023,0.14123917,0.99709623,1481,0.24242401,-0.00522537,0.26245117,0.38366318
89,0.38576126,0.99182797,4045,0.12512207,0.99742942,1312,0.26063919,-0.00560145,0.25544167,0.38576126
90,0.38700104,0.99203324,4058,0.14171600,0.99709443,1486,0.24528503,-0.00506119,0.26435852,0.38700104
91,0.37345886,0.99219525,3916,0.14486313,0.99708984,1519,0.22859573,-0.00489459,0.25916100,0.37345886
92,0.40044785,0.99190665,4199,0.14009476,0.99718416,1469,0.26035309,-0.00527751,0.27027130,0.40044785
93,0.41570663,0.99190864,4359,0.16231537,0.99698077,1702,0.25339127,-0.00507212,0.28901100,0.41570663
94,0.39577484,0.99220831,4150,0.14381409,0.99701881,1508,0.25196075,-0.00481050,0.26979446,0.39577484
95,0.45261383,0.98977326,4746,0.24557114,0.99141290,2575,0.20704269,-0.00163963,0.34909248,0.45261383
96,0.48065186,0.98915819,5040,0.26245117,0.99101104,2752,0.21820068,-0.00185285,0.37155151,0.48065186
97,0.49896240,0.98905259,5232,0.28476715,0.99061705,2986,0.21419525,-0.00156446,0.39186478,0.49896240
98,0.46386719,0.98942347,4864,0.25796890,0.99092547,2705,0.20589828,-0.00150200,0.36091805,0.46386719
99,0.47035217,0.98917731,4932,0.26836395,0.99051015,2814,0.20198822,-0.00133284,0.36935806,0.47035217
100,0.43163300,0.99011768,4526,0.25224686,0.99113907,2645,0.17938614,-0.00102139,0.34193993,0.43163300
101,0.50001144,0.98880753,5243,0.31309128,0.98998653,3283,0.18692017,-0.00117900,0.40655136,0.50001144
102,0.47473907,0.98908234,4978,0.25873184,0.99105846,2713,0.21600723,-0.00197613,0.36673546,0.47473907
103,0.37183762,0.99257004,3899,0.23813248,0.99215354,2497,0.13370514,0.00041650,0.30498505,0.37183762
104,0.39186478,0.99210587,4109,0.22535324,0.99241799,2363,0.16651154,-0.00031212,0.30860901,0.39186478
105,0.41599274,0.99208868,4362,0.27666092,0.99111071,2901,0.13933182,0.00097797,0.34632683,0.41599274
106,0.36277771,0.99270206,3804,0.23670197,0.99160323,2482,0.12607574,0.00109883,0.29973984,0.36277771
107,0.39310455,0.99212147,4122,0.24442673,0.99082749,2563,0.14867783,0.00129399,0.31876564,0.39310455
108,0.40616989,0.99198801,4259,0.24509430,0.99141354,2570,0.16107559,0.00057447,0.32563210,0.40616989
109,0.42867661,0.99176606,4495,0.28095245,0.99056143,2946,0.14772415,0.00120463,0.35481453,0.42867661
110,0.40779114,0.99221757,4276,0.24805069,0.99144599,2601,0.15974045,0.00077158,0.32792091,0.40779114
111,0.30107498,0.99301911,3157,0.08506775,0.99899903,892,0.21600723,-0.00597993,0.19307137,0.30107498
112,0.36010742,0.99214010,3776,0.12760162,0.99821253,1338,0.23250580,-0.00607242,0.24385452,0.36010742
113,0.34732819,0.99273028,3642,0.11539459,0.99879041,1210,0.23193359,-0.00606013,0.23136139,0.34732819
114,0.33359528,0.99245551,3498,0.10337830,0.99866199,1084,0.23021698,-0.00620648,0.21848679,0.33359528
115,0.29325485,0.99328057,3075,0.08487701,0.99903447,890,0.20837784,-0.00575390,0.18906593,0.29325485
116,0.31280518,0.99287873,3280,0.09984970,0.99871474,1047,0.21295547,-0.00583600,0.20632744,0.31280518
117,0.34236908,0.99272307,3590,0.11787415,0.99869300,1236,0.22449493,-0.00596993,0.23012161,0.34236908
118,0.35209656,0.99246209,3692,0.12722015,0.99829343,1334,0.22487640,-0.00583134,0.23965836,0.35209656
119,0.30231476,0.99320352,3170,0.09651184,0.99853079,1012,0.20580292,-0.00532726,0.19941330,0.30231476
120,0.33035278,0.99243597,3464,0.09918213,0.99821513,1040,0.23117065,-0.00577916,0.21476746,0.33035278
121,0.36334991,0.99222876,3810,0.12979507,0.99812959,1361,0.23355484,-0.00590083,0.24657249,0.36334991
122,0.32520294,0.99272518,3410,0.11501312,0.99822328,1206,0.21018982,-0.00549809,0.22010803,0.32520294
123,0.34351349,0.99250490,3602,0.10213852,0.99836017,1071,0.24137497,-0.00585528,0.22282600,0.34351349
124,0.34122467,0.99244710,3578,0.09727478,0.99850752,1020,0.24394989,-0.00606043,0.21924973,0.34122467
125,0.37364960,0.99222391,3918,0.13265610,0.99822323,1391,0.24099350,-0.00599932,0.25315285,0.37364960
126,0.35877228,0.99223689,3762,0.10261536,0.99832229,1076,0.25615692,-0.00608540,0.23069382,0.35877228
127,0.34008026,0.99268459,3566,0.12502670,0.99787665,1311,0.21505356,-0.00519206,0.23255348,0.34008026
128,0.36354065,0.99235791,3812,0.12521744,0.99781349,1313,0.23832321,-0.00545558,0.24437904,0.36354065
129,0.39825439,0.99172519,4176,0.15907288,0.99736868,1668,0.23918152,-0.00564349,0.27866364,0.39825439
130,0.36554337,0.99206276,3833,0.13141632,0.99758112,1378,0.23412704,-0.00551836,0.24847984,0.36554337
131,0.35123825,0.99236441,3683,0.12865067,0.99768312,1349,0.22258759,-0.00531871,0.23994446,0.35123825
132,0.38280487,0.99179495,4014,0.12617111,0.99768136,1323,0.25663376,-0.00588641,0.25448799,0.38280487
133,0.40683746,0.99165557,4266,0.16288757,0.99729415,1708,0.24394989,-0.00563858,0.28486252,0.40683746
134,0.38633347,0.99188988,4051,0.12941360,0.99754032,1357,0.25691986,-0.00565044,0.25787354,0.38633347
135,0.38366318,0.99033717,4023,0.10614395,0.99839969,1113,0.27751923,-0.00806253,0.24490356,0.38366318
136,0.39453506,0.99014758,4137,0.10747910,0.99816309,1127,0.28705597,-0.00801551,0.25100708,0.39453506
137,0.43163300,0.98980762,4526,0.14076233,0.99798113,1476,0.29087067,-0.00817351,0.28619766,0.43163300
138,0.39882660,0.99013959,4182,0.10938644,0.99827515,1147,0.28944016,-0.00813556,0.25410652,0.39882660
139,0.38776398,0.98967332,4066,0.11606216,0.99744631,1217,0.27170181,-0.00777299,0.25191307,0.38776398
140,0.38337708,0.99061553,4020,0.11663437,0.99833206,1223,0.26674271,-0.00771654,0.25000572,0.38337708
141,0.42943954,0.98977324,4503,0.14486313,0.99793245,1519,0.28457642,-0.00815921,0.28715134,0.42943954
142,0.41532516,0.98981938,4355,0.10433197,0.99830731,1094,0.31099319,-0.00848793,0.25982857,0.41532516
143,0.33721924,0.99276862,3536,0.12102127,0.99776936,1269,0.21619797,-0.00500073,0.22912025,0.33721924
144,0.35610199,0.99227353,3734,0.11949539,0.99767026,1253,0.23660660,-0.00539673,0.23779869,0.35610199
145,0.39024353,0.99202090,4092,0.15716553,0.99735975,1648,0.23307800,-0.00533885,0.27370453,0.39024353
146,0.34027100,0.99254776,3568,0.12521744,0.99758856,1313,0.21505356,-0.00504080,0.23274422,0.34027100
147,0.38328171,0.99179860,4019,0.14600754,0.99739846,1531,0.23727417,-0.00559986,0.26464462,0.38328171
148,0.37183762,0.99194550,3899,0.11940002,0.99771816,1252,0.25243759,-0.00577265,0.24561882,0.37183762
149,0.40845871,0.99149209,4283,0.15897751,0.99729008,1667,0.24948120,-0.00579799,0.28371811,0.40845871
150,0.36115646,0.99194512,3787,0.14610291,0.99534756,1532,0.21505356,-0.00340244,0.25362968,0.36115646
151,0.38719177,0.99147164,4060,0.14591217,0.99538644,1530,0.24127960,-0.00391479,0.26655197,0.38719177
152,0.40798187,0.99159637,4278,0.17910004,0.99511320,1878,0.22888184,-0.00351683,0.29354095,0.40798187
153,0.37937164,0.99169182,3978,0.14686584,0.99537607,1540,0.23250580,-0.00368425,0.26311874,0.37937164
154,0.34713745,0.99201307,3640,0.15182495,0.99503344,1592,0.19531250,-0.00302037,0.24948120,0.34713745
155,0.37517548,0.99154470,3934,0.14858246,0.99502897,1558,0.22659302,-0.00348427,0.26187897,0.37517548
156,0.39615631,0.99162754,4154,0.18377304,0.99476177,1927,0.21238327,-0.00313423,0.28996468,0.39615631
157,0.40426254,0.99061943,4239,0.15459061,0.99455586,1621,0.24967194,-0.00393643,0.27942657,0.40426254
158,0.32148361,0.99368387,3371,0.14076233,0.99533028,1476,0.18072128,-0.00164641,0.23112297,0.32148361
159,0.34189224,0.99335486,3585,0.13837814,0.99543496,1451,0.20351410,-0.00208010,0.24013519,0.34189224
160,0.37021637,0.99328019,3882,0.17461777,0.99487186,1831,0.19559860,-0.00159167,0.27241707,0.37021637
161,0.33617020,0.99352549,3525,0.14524460,0.99484601,1523,0.19092560,-0.00132052,0.24070740,0.33617020
162,0.30956268,0.99395010,3246,0.14476776,0.99490043,1518,0.16479492,-0.00095033,0.22716522,0.30956268
163,0.33740997,0.99355255,3538,0.14152527,0.99514526,1484,0.19588470,-0.00159271,0.23946762,0.33740997
164,0.37641525,0.99313947,3947,0.17709732,0.99470223,1857,0.19931793,-0.00156275,0.27675629,0.37641525
165,0.34408569,0.99351254,3608,0.14295578,0.99524222,1499,0.20112991,-0.00172968,0.24352074,0.34408569
166,0.31909943,0.99360987,3346,0.16679764,0.99441789,1749,0.15230179,-0.00080803,0.24294853,0.31909943
167,0.34093857,0.99322672,3575,0.16441345,0.99459686,1724,0.17652512,-0.00137014,0.25267601,0.34093857
168,0.36954880,0.99307193,3875,0.19903183,0.99424387,2087,0.17051697,-0.00117194,0.28429031,0.36954880
169,0.33111572,0.99355760,3472,0.16937256,0.99438415,1776,0.16174316,-0.00082655,0.25024414,0.33111572
170,0.33559799,0.99327239,3519,0.17070770,0.99444808,1790,0.16489029,-0.00117569,0.25315285,0.33559799
171,0.35638809,0.99308385,3737,0.17280579,0.99436507,1812,0.18358231,-0.00128123,0.26459694,0.35638809
172,0.38118362,0.99311425,3997,0.19931793,0.99453489,2090,0.18186569,-0.00142064,0.29025078,0.38118362
173,0.34503937,0.99344150,3618,0.17023087,0.99471673,1785,0.17480850,-0.00127523,0.25763512,0.34503937
174,0.35905838,0.99105252,3765,0.13875961,0.99529819,1455,0.22029877,-0.00424567,0.24890900,0.35905838
175,0.37784576,0.99058320,3962,0.13885498,0.99531617,1456,0.23899078,-0.00473298,0.25835037,0.37784576
176,0.40817261,0.99028110,4280,0.17070770,0.99505338,1790,0.23746490,-0.00477227,0.28944016,0.40817261
177,0.36783218,0.99123310,3857,0.14171600,0.99527096,1486,0.22611618,-0.00403786,0.25477409,0.36783218
178,0.34580231,0.99128945,3626,0.14038086,0.99533627,1472,0.20542145,-0.00404682,0.24309158,0.34580231
179,0.35772324,0.99115670,3751,0.13666153,0.99552351,1433,0.22106171,-0.00436682,0.24719238,0.35772324
180,0.39348602,0.99062497,4126,0.16736984,0.99532069,1755,0.22611618,-0.00469572,0.28042793,0.39348602
181,0.38404465,0.99061032,4027,0.13389587,0.99563145,1404,0.25014877,-0.00502113,0.25897026,0.38404465
182,0.41399002,0.99051139,4341,0.14019012,0.99664206,1470,0.27379990,-0.00613067,0.27709007,0.41399002
183,0.43592453,0.99017024,4571,0.14257431,0.99653630,1495,0.29335022,-0.00636607,0.28924942,0.43592453
184,0.46567917,0.98993540,4883,0.17251968,0.99636696,1809,0.29315948,-0.00643157,0.31909943,0.46567917
185,0.41522980,0.99088494,4354,0.14133453,0.99647545,1482,0.27389526,-0.00559051,0.27828217,0.41522980
186,0.42295456,0.99041930,4435,0.14266968,0.99655653,1496,0.28028488,-0.00613723,0.28281212,0.42295456
187,0.42886734,0.99076400,4497,0.14028549,0.99670902,1471,0.28858185,-0.00594502,0.28457642,0.42886734
188,0.45919418,0.99050755,4815,0.17557144,0.99633563,1841,0.28362274,-0.00582809,0.31738281,0.45919418
189,0.42009354,0.99082077,4405,0.13647079,0.99673813,1431,0.28362274,-0.00591736,0.27828217,0.42009354
190,0.44536591,0.98966678,4670,0.11043549,0.99751414,1158,0.33493042,-0.00784736,0.27790070,0.44536591
191,0.46758652,0.98949315,4903,0.11415482,0.99751374,1197,0.35343170,-0.00802059,0.29087067,0.46758652
192,0.48961639,0.98940667,5134,0.14276505,0.99733885,1497,0.34685135,-0.00793218,0.31619072,0.48961639
193,0.44775009,0.99007711,4695,0.10728836,0.99766710,1125,0.34046173,-0.00758999,0.27751923,0.44775009
194,0.43725967,0.98994685,4585,0.11444092,0.99750016,1200,0.32281876,-0.00755331,0.27585030,0.43725967
195,0.46119690,0.98994688,4836,0.10948181,0.99768221,1148,0.35171509,-0.00773533,0.28533936,0.46119690
196,0.48589706,0.98969859,5095,0.14619827,0.99733149,1533,0.33969879,-0.00763290,0.31604767,0.48589706
197,0.45366287,0.99032073,4757,0.11510849,0.99749959,1207,0.33855438,-0.00717886,0.28438568,0.45366287
198,0.47626495,0.98946626,4994,0.11672974,0.99681982,1224,0.35953522,-0.00735356,0.29649734,0.47626495
199,0.49629211,0.98937948,5204,0.11358261,0.99690983,1191,0.38270950,-0.00753035,0.30493736,0.49629211
200,0.51774979,0.98940339,5429,0.14734268,0.99658539,1545,0.37040710,-0.00718200,0.33254623,0.51774979
201,0.48170090,0.99007784,5051,0.11348724,0.99684692,1190,0.36821365,-0.00676908,0.29759407,0.48170090
202,0.44212341,0.99095046,4636,0.11434555,0.99688982,1199,0.32777786,-0.00593936,0.27823448,0.44212341
203,0.45871735,0.99066192,4810,0.11882782,0.99676120,1246,0.33988953,-0.00609928,0.28877258,0.45871735
204,0.49619675,0.99036552,5203,0.14905930,0.99653424,1563,0.34713745,-0.00616872,0.32262802,0.49619675
205,0.48942566,0.99028836,5132,0.12197495,0.99660182,1279,0.36745071,-0.00631346,0.30570030,0.48942566
206,0.49390793,0.98739555,5179,0.11758804,0.99654938,1233,0.37631989,-0.00915383,0.30574799,0.49390793
207,0.51097870,0.98746361,5358,0.11425018,0.99679729,1198,0.39672852,-0.00933369,0.31261444,0.51097870
208,0.53415298,0.98752563,5601,0.14142990,0.99655650,1483,0.39272308,-0.00903088,0.33779144,0.53415298
209,0.48437119,0.98827420,5079,0.11587143,0.99643946,1215,0.36849976,-0.00816526,0.30012131,0.48437119
210,0.49209595,0.98878548,5160,0.11644363,0.99672250,1221,0.37565231,-0.00793703,0.30426979,0.49209595
211,0.53577423,0.98843703,5618,0.16422272,0.99601349,1722,0.37155151,-0.00757646,0.34999847,0.53577423
212,0.49133301,0.98883035,5152,0.12073517,0.99620075,1266,0.37059784,-0.00737040,0.30603409,0.49133301
213,0.34646988,0.99328307,3633,0.08125305,0.99862254,852,0.26521683,-0.00533948,0.21386147,0.34646988
214,0.36430359,0.99286781,3820,0.07705688,0.99871494,808,0.28724670,-0.00584713,0.22068024,0.36430359
215,0.39339066,0.99269348,4125,0.10881424,0.99845153,1141,0.28457642,-0.00575805,0.25110245,0.39339066
216,0.35705566,0.99311846,3744,0.08058548,0.99869504,845,0.27647018,-0.00557657,0.21882057,0.35705566
217,0.33559799,0.99366241,3519,0.07848740,0.99874296,823,0.25711060,-0.00508056,0.20704269,0.33559799
218,0.36573410,0.99296228,3835,0.07572174,0.99882769,794,0.29001236,-0.00586541,0.22072792,0.36573410
219,0.39167404,0.99294869,4107,0.10871887,0.99846176,1140,0.28295517,-0.00551308,0.25019646,0.39167404
220,0.36678314,0.99318740,3846,0.08001328,0.99874310,839,0.28676987,-0.00555570,0.22339821,0.36678314
221,0.44116974,0.99116558,4626,0.10643005,0.99861394,1116,0.33473969,-0.00744836,0.27379990,0.44116974
222,0.45709610,0.99068480,4793,0.10814667,0.99849007,1134,0.34894943,-0.00780527,0.28262138,0.45709610
223,0.48122406,0.99046421,5046,0.13771057,0.99831161,1444,0.34351349,-0.00784739,0.30946732,0.48122406
224,0.44708252,0.99095405,4688,0.10156631,0.99857432,1065,0.34551620,-0.00762027,0.27432442,0.44708252
225,0.41685104,0.99150399,4371,0.10538101,0.99847438,1105,0.31147003,-0.00697039,0.26111603,0.41685104
226,0.43468475,0.99112063,4558,0.10347366,0.99848093,1085,0.33121109,-0.00736030,0.26907921,0.43468475
227,0.46224594,0.99127816,4847,0.13446808,0.99820351,1410,0.32777786,-0.00692535,0.29835701,0.46224594
228,0.44345856,0.99154253,4650,0.10204315,0.99850225,1070,0.34141541,-0.00695972,0.27275085,0.44345856
229,0.51507950,0.98978109,5401,0.07343292,0.99889600,770,0.44164658,-0.00911490,0.29425621,0.51507950
230,0.53224564,0.98932775,5581,0.07343292,0.99890279,770,0.45881271,-0.00957504,0.30283928,0.53224564
231,0.56304932,0.98917296,5904,0.10385513,0.99881488,1089,0.45919418,-0.00964192,0.33345222,0.56304932
232,0.51584244,0.98980786,5409,0.07038116,0.99909564,738,0.44546127,-0.00928777,0.29311180,0.51584244
233,0.52709579,0.98958357,5527,0.07133484,0.99901750,748,0.45576096,-0.00943393,0.29921532,0.52709579
234,0.54674149,0.98952249,5733,0.07562637,0.99888899,793,0.47111511,-0.00936650,0.31118393,0.54674149
235,0.59003830,0.98905504,6187,0.10442734,0.99870729,1095,0.48561096,-0.00965225,0.34723282,0.59003830
236,0.55961609,0.98912188,5868,0.07152557,0.99899376,750,0.48809052,-0.00987187,0.31557083,0.55961609
237,0.67777634,0.98409000,7107,0.07104874,0.99895136,745,0.60672760,-0.01486136,0.37441254,0.67777634
238,0.68283081,0.98425675,7160,0.07104874,0.99893344,745,0.61178207,-0.01467670,0.37693977,0.68283081
239,0.71716309,0.98368716,7520,0.10452271,0.99853437,1096,0.61264038,-0.01484721,0.41084290,0.71716309
240,0.68292618,0.98422765,7161,0.07476807,0.99882261,784,0.60815811,-0.01459496,0.37884712,0.68292618
241,0.67481995,0.98418786,7076,0.07295609,0.99890635,765,0.60186386,-0.01471849,0.37388802,0.67481995
242,0.69198608,0.98391753,7256,0.07200241,0.99893547,755,0.61998367,-0.01501794,0.38199425,0.69198608
243,0.70590973,0.98428032,7402,0.10385513,0.99862296,1089,0.60205460,-0.01434264,0.40488243,0.70590973
244,0.67138672,0.98490072,7040,0.07238388,0.99872932,759,0.59900284,-0.01382861,0.37188530,0.67138672
245,0.46844482,0.99196573,4912,0.07352829,0.99893687,771,0.39491653,-0.00697114,0.27098656,0.46844482
246,0.48522949,0.99159862,5088,0.07143021,0.99911579,749,0.41379929,-0.00751717,0.27832985,0.48522949
247,0.50354004,0.99157903,5280,0.10356903,0.99884593,1086,0.39997101,-0.00726689,0.30355453,0.50354004
248,0.47149658,0.99193140,4944,0.07266998,0.99889523,762,0.39882660,-0.00696383,0.27208328,0.47149658
249,0.45137405,0.99221031,4733,0.07629395,0.99875035,800,0.37508011,-0.00654003,0.26383400,0.45137405
250,0.47063828,0.99220334,4935,0.07200241,0.99913410,755,0.39863586,-0.00693077,0.27132034,0.47063828
251,0.50840378,0.99194411,5331,0.10404587,0.99885434,1091,0.40435791,-0.00691023,0.30622482,0.50840378
252,0.48294067,0.99184924,5064,0.07514954,0.99888803,788,0.40779114,-0.00703878,0.27904510,0.48294067
253,0.52852631,0.99044735,5542,0.09050369,0.99891721,949,0.43802261,-0.00846985,0.30951500,0.52852631
254,0.53148270,0.99051949,5573,0.09012222,0.99892141,945,0.44136047,-0.00840192,0.31080246,0.53148270
255,0.55837631,0.99064877,5855,0.12464523,0.99865829,1307,0.43373108,-0.00800953,0.34151077,0.55837631
256,0.50849915,0.99106114,5332,0.09441376,0.99881126,990,0.41408539,-0.00775012,0.30145645,0.50849915
257,0.50878525,0.99126477,5335,0.09346008,0.99891411,980,0.41532516,-0.00764934,0.30112267,0.50878525
258,0.51603317,0.99148468,5411,0.09164810,0.99891552,961,0.42438507,-0.00743084,0.30384064,0.51603317
259,0.54788589,0.99110474,5745,0.12540817,0.99859428,1315,0.42247772,-0.00748954,0.33664703,0.54788589
260,0.51126480,0.99137586,5361,0.09202957,0.99888224,965,0.41923523,-0.00750638,0.30164719,0.51126480
261,0.54674149,0.98988627,5733,0.10042191,0.99844472,1053,0.44631958,-0.00855845,0.32358170,0.54674149
262,0.56056976,0.98994507,5878,0.10261536,0.99839718,1076,0.45795441,-0.00845211,0.33159256,0.56056976
263,0.56829453,0.98984648,5959,0.12140274,0.99829164,1273,0.44689178,-0.00844516,0.34484863,0.56829453
264,0.53405762,0.99044742,5600,0.09756088,0.99846805,1023,0.43649673,-0.00802063,0.31580925,0.53405762
265,0.52089691,0.99058562,5462,0.10185242,0.99844242,1068,0.41904449,-0.00785681,0.31137466,0.52089691
266,0.54111481,0.99059386,5674,0.10404587,0.99832395,1091,0.43706894,-0.00773009,0.32258034,0.54111481
267,0.55713654,0.99031728,5842,0.12474060,0.99817972,1308,0.43239594,-0.00786244,0.34093857,0.55713654
268,0.54178238,0.99045968,5681,0.10442734,0.99825444,1095,0.43735504,-0.00779476,0.32310486,0.54178238
269,0.68397522,0.98594555,7172,0.11062622,0.99842462,1160,0.57334900,-0.01247907,0.39730072,0.68397522
270,0.70791245,0.98619120,7423,0.12922287,0.99826497,1355,0.57868958,-0.01207377,0.41856766,0.70791245
271,0.67787170,0.98699920,7108,0.10957718,0.99832781,1149,0.56829453,-0.01132860,0.39372444,0.67787170
272,0.67749023,0.98675928,7104,0.11043549,0.99825570,1158,0.56705475,-0.01149642,0.39396286,0.67749023
273,0.68607330,0.98710699,7194,0.10929108,0.99826468,1146,0.57678223,-0.01115769,0.39768219,0.68607330
274,0.70409775,0.98715117,7383,0.13074875,0.99822798,1371,0.57334900,-0.01107681,0.41742325,0.70409775
275,0.68464279,0.98720031,7179,0.11014938,0.99830998,1155,0.57449341,-0.01110966,0.39739609,0.68464279
276,0.48255920,0.99185137,5060,0.07619858,0.99888213,799,0.40636063,-0.00703076,0.27937889,0.48255920
277,0.50315857,0.99165675,5276,0.07276535,0.99895246,763,0.43039322,-0.00729571,0.28796196,0.50315857
278,0.50897598,0.99195171,5337,0.09412766,0.99879364,987,0.41484833,-0.00684193,0.30155182,0.50897598
279,0.47931671,0.99235894,5026,0.07333755,0.99893125,769,0.40597916,-0.00657231,0.27632713,0.47931671
280,0.47359467,0.99226268,4966,0.07400513,0.99886996,776,0.39958954,-0.00660728,0.27379990,0.47359467
281,0.49114227,0.99211125,5150,0.08325577,0.99865997,873,0.40788651,-0.00654872,0.28719902,0.49114227
282,0.50563812,0.99236011,5302,0.10185242,0.99866338,1068,0.40378571,-0.00630327,0.30374527,0.50563812
283,0.47760010,0.99250733,5008,0.08201599,0.99865501,860,0.39558411,-0.00614768,0.27980804,0.47760010
284,0.79011917,0.98496695,8285,0.05989075,0.99914743,628,0.73022842,-0.01418048,0.42500496,0.79011917
285,0.80356598,0.98475137,8426,0.06227493,0.99908804,653,0.74129105,-0.01433666,0.43292046,0.80356598
286,0.81567764,0.98463446,8553,0.08850098,0.99893367,928,0.72717667,-0.01429921,0.45208931,0.81567764
287,0.78668594,0.98520120,8249,0.06322861,0.99905079,663,0.72345734,-0.01384959,0.42495728,0.78668594
288,0.76313019,0.98573464,8002,0.06332397,0.99889399,664,0.69980621,-0.01315935,0.41322708,0.76313019
289,0.78306198,0.98554214,8211,0.06322861,0.99901671,663,0.71983337,-0.01347457,0.42314529,0.78306198
290,0.80118179,0.98512352,8401,0.08792877,0.99894801,922,0.71325302,-0.01382449,0.44455528,0.80118179
291,0.78372955,0.98538431,8218,0.06408691,0.99902988,672,0.71964264,-0.01364558,0.42390823,0.78372955
292,0.60567856,0.99011999,6351,0.09546280,0.99837508,1001,0.51021576,-0.00825508,0.35057068,0.60567856
293,0.60119629,0.98982357,6304,0.09403229,0.99841045,986,0.50716400,-0.00858688,0.34761429,0.60119629
294,0.62828064,0.98980675,6588,0.11587143,0.99828565,1215,0.51240921,-0.00847890,0.37207603,0.62828064
295,0.59041977,0.99019817,6191,0.09737015,0.99853935,1021,0.49304962,-0.00834118,0.34389496,0.59041977
296,0.60558319,0.98990104,6350,0.09832382,0.99843609,1031,0.50725937,-0.00853505,0.35195351,0.60558319
297,0.60844421,0.99030960,6380,0.10004044,0.99851388,1049,0.50840378,-0.00820428,0.35424232,0.60844421
298,0.60625076,0.99048875,6357,0.11568069,0.99842586,1213,0.49057007,-0.00793711,0.36096573,0.60625076
299,0.59671402,0.99061833,6257,0.09651184,0.99867523,1012,0.50020218,-0.00805690,0.34661293,0.59671402
300,0.58355331,0.98975435,6119,0.08087158,0.99865809,848,0.50268173,-0.00890373,0.33221245,0.58355331
301,0.57506561,0.98973983,6030,0.08363724,0.99850083,877,0.49142838,-0.00876101,0.32935143,0.57506561
302,0.58546066,0.98987657,6139,0.10385513,0.99831779,1089,0.48160553,-0.00844122,0.34465790,0.58546066
303,0.54502487,0.99060460,5715,0.08344650,0.99843724,875,0.46157837,-0.00783265,0.31423569,0.54502487
304,0.55084229,0.99059875,5776,0.08668900,0.99826743,909,0.46415329,-0.00766868,0.31876564,0.55084229
305,0.56505203,0.99075082,5925,0.09031296,0.99830213,947,0.47473907,-0.00755131,0.32768250,0.56505203
306,0.57315826,0.99080352,6010,0.11072159,0.99821864,1161,0.46243668,-0.00741511,0.34193993,0.57315826
307,0.55065155,0.99092700,5774,0.08440018,0.99851805,885,0.46625137,-0.00759104,0.31752586,0.55065155
308,0.39100647,0.99282390,4100,0.09851456,0.99802330,1033,0.29249191,-0.00519939,0.24476051,0.39100647
309,0.40273666,0.99238428,4223,0.09756088,0.99800149,1023,0.30517578,-0.00561721,0.25014877,0.40273666
310,0.41313171,0.99263280,4332,0.12178421,0.99783096,1277,0.29134750,-0.00519816,0.26745796,0.41313171
311,0.37279129,0.99319238,3909,0.09765625,0.99783468,1024,0.27513504,-0.00464229,0.23522377,0.37279129
312,0.38080215,0.99298636,3993,0.09059906,0.99792161,950,0.29020309,-0.00493526,0.23570061,0.38080215
313,0.37879944,0.99297609,3972,0.09002686,0.99764814,944,0.28877258,-0.00467205,0.23441315,0.37879944
314,0.39644241,0.99297445,4157,0.12302399,0.99739647,1290,0.27341843,-0.00442202,0.25973320,0.39644241
315,0.37775040,0.99304887,3961,0.09994507,0.99762056,1048,0.27780533,-0.00457169,0.23884773,0.37775040
316,0.40893555,0.99137536,4288,0.07524490,0.99807088,789,0.33369064,-0.00669552,0.24209023,0.40893555
317,0.42028427,0.99097222,4407,0.07677078,0.99798521,805,0.34351349,-0.00701299,0.24852753,0.42028427
318,0.43478012,0.99090234,4559,0.10004044,0.99782059,1049,0.33473969,-0.00691825,0.26741028,0.43478012
319,0.39310455,0.99146783,4122,0.07877350,0.99779932,826,0.31433105,-0.00633149,0.23593903,0.39310455
320,0.39606094,0.99116465,4153,0.07762909,0.99766321,814,0.31843185,-0.00649857,0.23684502,0.39606094
321,0.40349960,0.99116729,4231,0.08058548,0.99766134,845,0.32291412,-0.00649405,0.24204254,0.40349960
322,0.42238235,0.99113946,4429,0.10557175,0.99735935,1107,0.31681061,-0.00621989,0.26397705,0.42238235
323,0.39377213,0.99147768,4129,0.07867813,0.99784224,825,0.31509399,-0.00636456,0.23622513,0.39377213
324,0.36382675,0.99124728,3815,0.07572174,0.99864003,794,0.28810501,-0.00739276,0.21977425,0.36382675
325,0.36678314,0.99121892,3846,0.07877350,0.99846958,826,0.28800964,-0.00725066,0.22277832,0.36678314
326,0.37994385,0.99103137,3984,0.10213852,0.99827282,1071,0.27780533,-0.00724145,0.24104118,0.37994385
327,0.35009384,0.99119227,3671,0.07734299,0.99860473,811,0.27275085,-0.00741246,0.21371841,0.35009384
328,0.35276413,0.99110437,3699,0.08211136,0.99818197,861,0.27065277,-0.00707760,0.21743774,0.35276413
329,0.34790039,0.99161176,3648,0.08230209,0.99826520,863,0.26559830,-0.00665344,0.21510124,0.34790039
330,0.33988953,0.99182885,3564,0.08258820,0.99821593,866,0.25730133,-0.00638708,0.21123886,0.33988953
331,0.32320023,0.99100074,3389,0.08106232,0.99783990,850,0.24213791,-0.00683917,0.20213127,0.32320023
332,0.33168793,0.99062163,3478,0.07858276,0.99787065,824,0.25310516,-0.00724902,0.20513535,0.33168793
333,0.35018921,0.99054729,3672,0.10433197,0.99772882,1094,0.24585724,-0.00718153,0.22726059,0.35018921
334,0.30889511,0.99133915,3239,0.08001328,0.99781065,839,0.22888184,-0.00647150,0.19445419,0.30889511
335,0.31862259,0.99139717,3341,0.08220673,0.99775226,862,0.23641586,-0.00635509,0.20041466,0.31862259
336,0.31929016,0.99162829,3348,0.07991791,0.99784388,838,0.23937225,-0.00621560,0.19960403,0.31929016
337,0.33540726,0.99183669,3517,0.10099411,0.99764780,1059,0.23441315,-0.00581111,0.21820068,0.33540726
338,0.32329559,0.99181261,3390,0.08087158,0.99773963,848,0.24242401,-0.00592702,0.20208359,0.32329559
339,0.32453537,0.99269672,3403,0.10690689,0.99834684,1121,0.21762848,-0.00565012,0.21572113,0.32453537
340,0.33740997,0.99252954,3538,0.10251999,0.99857407,1075,0.23488998,-0.00604453,0.21996498,0.33740997
341,0.36096573,0.99235929,3785,0.13628006,0.99820088,1429,0.22468567,-0.00584159,0.24862289,0.36096573
342,0.32577515,0.99278142,3416,0.10652542,0.99860377,1117,0.21924973,-0.00582235,0.21615028,0.32577515
343,0.32806396,0.99254581,3440,0.10404587,0.99851571,1091,0.22401810,-0.00596990,0.21605492,0.32806396
344,0.33311844,0.99271626,3493,0.10061264,0.99877984,1055,0.23250580,-0.00606358,0.21686554,0.33311844
345,0.36668777,0.99236595,3845,0.13027191,0.99867828,1366,0.23641586,-0.00631233,0.24847984,0.36668777
346,0.34360886,0.99266321,3603,0.10261536,0.99884674,1076,0.24099350,-0.00618353,0.22311211,0.34360886
347,0.32415390,0.99359531,3399,0.20132065,0.99656748,2111,0.12283325,-0.00297216,0.26273727,0.32415390
348,0.33540726,0.99345270,3517,0.19035339,0.99685329,1996,0.14505386,-0.00340059,0.26288033,0.33540726
349,0.36315918,0.99331601,3808,0.23546219,0.99637132,2469,0.12769699,-0.00305532,0.29931068,0.36315918
350,0.32157898,0.99401991,3372,0.18882751,0.99703831,1980,0.13275146,-0.00301840,0.25520325,0.32157898
351,0.32653809,0.99388960,3424,0.20465851,0.99666115,2146,0.12187958,-0.00277155,0.26559830,0.32653809
352,0.33407211,0.99375868,3503,0.19369125,0.99678555,2031,0.14038086,-0.00302688,0.26388168,0.33407211
353,0.36802292,0.99358026,3859,0.24919510,0.99592059,2613,0.11882782,-0.00234033,0.30860901,0.36802292
354,0.35181046,0.99361001,3689,0.20036697,0.99673664,2101,0.15144348,-0.00312663,0.27608871,0.35181046
355,0.27265549,0.99519744,2859,0.20008087,0.99628058,2098,0.07257462,-0.00108313,0.23636818,0.27265549
356,0.27675629,0.99526492,2902,0.17919540,0.99720523,1879,0.09756088,-0.00194032,0.22797585,0.27675629
357,0.30822754,0.99509451,3232,0.23450851,0.99631966,2459,0.07371902,-0.00122516,0.27136803,0.30822754
358,0.27818680,0.99544427,2917,0.19397736,0.99705924,2034,0.08420944,-0.00161497,0.23608208,0.27818680
359,0.28486252,0.99530850,2987,0.20990372,0.99665444,2201,0.07495880,-0.00134594,0.24738312,0.28486252
360,0.28858185,0.99527479,3026,0.22354126,0.99616147,2344,0.06504059,-0.00088668,0.25606155,0.28858185
361,0.32539368,0.99509866,3412,0.25844574,0.99612403,2710,0.06694794,-0.00102537,0.29191971,0.32539368
362,0.29344559,0.99552468,3077,0.22697449,0.99630481,2380,0.06647110,-0.00078012,0.26021004,0.29344559
363,0.27923584,0.99440844,2928,0.09613037,0.99878127,1008,0.18310547,-0.00437283,0.18768311,0.27923584
364,0.28533936,0.99436775,2992,0.09737015,0.99871239,1021,0.18796921,-0.00434464,0.19135475,0.28533936
365,0.31185150,0.99455863,3270,0.12931824,0.99854829,1356,0.18253326,-0.00398966,0.22058487,0.31185150
366,0.27093887,0.99488702,2841,0.09632111,0.99880515,1010,0.17461777,-0.00391813,0.18362999,0.27093887
367,0.28123856,0.99453700,2949,0.10051727,0.99870186,1054,0.18072128,-0.00416486,0.19087791,0.28123856
368,0.27847290,0.99474404,2920,0.09851456,0.99873037,1033,0.17995834,-0.00398633,0.18849373,0.27847290
369,0.31795502,0.99443076,3334,0.13303757,0.99857780,1395,0.18491745,-0.00414704,0.22549629,0.31795502
370,0.29077530,0.99489128,3049,0.09927750,0.99880962,1041,0.19149780,-0.00391834,0.19502640,0.29077530
371,0.34923553,0.99342385,3662,0.20399094,0.99707992,2139,0.14524460,-0.00365606,0.27661324,0.34923553
372,0.34503937,0.99351607,3618,0.20732880,0.99707566,2174,0.13771057,-0.00355959,0.27618408,0.34503937
373,0.37546158,0.99344621,3937,0.23803711,0.99685191,2496,0.13742447,-0.00340571,0.30674934,0.37546158
374,0.33931732,0.99407501,3558,0.21181107,0.99703388,2221,0.12750626,-0.00295886,0.27556419,0.33931732
375,0.34790039,0.99402298,3648,0.21238327,0.99700922,2227,0.13551712,-0.00298624,0.28014183,0.34790039
376,0.34999847,0.99402132,3670,0.21495819,0.99705201,2254,0.13504028,-0.00303069,0.28247833,0.34999847
377,0.38614273,0.99393668,4049,0.25281906,0.99677095,2651,0.13332367,-0.00283427,0.31948090,0.38614273
378,0.37431717,0.99399339,3925,0.21772385,0.99707920,2283,0.15659332,-0.00308581,0.29602051,0.37431717
379,0.38661957,0.99365811,4054,0.23994446,0.99629463,2516,0.14667511,-0.00263653,0.31328201,0.38661957
380,0.39796829,0.99356099,4173,0.23956299,0.99622171,2512,0.15840530,-0.00266072,0.31876564,0.39796829
381,0.42181015,0.99351485,4423,0.27198792,0.99616616,2852,0.14982224,-0.00265131,0.34689903,0.42181015
382,0.39577484,0.99388827,4150,0.25463104,0.99631842,2670,0.14114380,-0.00243015,0.32520294,0.39577484
383,0.39081573,0.99378823,4098,0.24909973,0.99616484,2612,0.14171600,-0.00237661,0.31995773,0.39081573
384,0.39567947,0.99377716,4149,0.25196075,0.99629719,2642,0.14371872,-0.00252003,0.32382011,0.39567947
385,0.42619705,0.99373988,4469,0.28390884,0.99581455,2977,0.14228821,-0.00207467,0.35505295,0.42619705
386,0.41589737,0.99433212,4361,0.25539398,0.99624448,2678,0.16050339,-0.00191237,0.33564568,0.41589737
387,0.35209656,0.99362642,3692,0.19178391,0.99705131,2011,0.16031265,-0.00342489,0.27194023,0.35209656
388,0.36439896,0.99338430,3821,0.19168854,0.99710316,2010,0.17271042,-0.00371886,0.27804375,0.36439896
389,0.39272308,0.99336783,4118,0.22878647,0.99686006,2399,0.16393661,-0.00349223,0.31075478,0.39272308
390,0.37107468,0.99366029,3891,0.19369125,0.99724946,2031,0.17738342,-0.00358917,0.28238297,0.37107468
391,0.35953522,0.99374833,3770,0.19588470,0.99719103,2054,0.16365051,-0.00344269,0.27770996,0.35953522
392,0.38805008,0.99372270,4069,0.22916794,0.99697800,2403,0.15888214,-0.00325529,0.30860901,0.38805008
393,0.37927628,0.99400896,3977,0.19588470,0.99717392,2054,0.18339157,-0.00316496,0.28758049,0.37927628
394,0.38137436,0.99357150,3999,0.12321472,0.99771177,1292,0.25815964,-0.00414027,0.25229454,0.38137436
395,0.40454865,0.99197001,4242,0.14495850,0.99614500,1520,0.25959015,-0.00417499,0.27475357,0.40454865
396,0.41084290,0.99341145,4308,0.15420914,0.99745199,1617,0.25663376,-0.00404054,0.28252602,0.41084290
397,0.39110184,0.99364561,4101,0.14295578,0.99753275,1499,0.24814606,-0.00388714,0.26702881,0.39110184
398,0.38404465,0.99360494,4027,0.12893677,0.99764138,1352,0.25510788,-0.00403644,0.25649071,0.38404465
399,0.38585663,0.99328807,4046,0.13532639,0.99726645,1419,0.25053024,-0.00397838,0.26059151,0.38585663
400,0.41055679,0.99391857,4305,0.16279221,0.99743939,1707,0.24776459,-0.00352082,0.28667450,0.41055679
401,0.38928986,0.99420199,4082,0.13151169,0.99774290,1379,0.25777817,-0.00354091,0.26040077,0.38928986
402,0.29735565,0.99454245,3118,0.11434555,0.99752493,1199,0.18301010,-0.00298248,0.20585060,0.29735565
403,0.31785965,0.99397464,3333,0.11777878,0.99740131,1235,0.20008087,-0.00342666,0.21781921,0.31785965
404,0.32653809,0.99382355,3424,0.12435913,0.99734557,1304,0.20217896,-0.00352202,0.22544861,0.32653809
405,0.33302307,0.99403733,3492,0.14009476,0.99733531,1469,0.19292831,-0.00329798,0.23655891,0.33302307
406,0.32672882,0.99370014,3426,0.11739731,0.99732595,1231,0.20933151,-0.00362581,0.22206306,0.32672882
407,0.32644272,0.99376022,3423,0.11787415,0.99731962,1236,0.20856857,-0.00355940,0.22215843,0.32644272
408,0.35705566,0.99382364,3744,0.14934540,0.99724229,1566,0.20771027,-0.00341865,0.25320053,0.35705566
409,0.34008026,0.99397798,3566,0.12798309,0.99738501,1342,0.21209717,-0.00340703,0.23403168,0.34008026
410,0.25310516,0.99549384,2654,0.08420944,0.99892741,883,0.16889572,-0.00343357,0.16865730,0.25310516
411,0.26569366,0.99520047,2786,0.08735657,0.99878655,916,0.17833710,-0.00358608,0.17652512,0.26569366
412,0.28867722,0.99473542,3027,0.10986328,0.99841975,1152,0.17881393,-0.00368433,0.19927025,0.28867722
413,0.27561188,0.99531228,2890,0.10547638,0.99863379,1106,0.17013550,-0.00332151,0.19054413,0.27561188
414,0.27055740,0.99475372,2837,0.09317398,0.99849558,977,0.17738342,-0.00374186,0.18186569,0.27055740
415,0.26483536,0.99515110,2777,0.08687973,0.99884875,911,0.17795563,-0.00369764,0.17585754,0.26483536
416,0.30593872,0.99513548,3208,0.12197495,0.99867882,1279,0.18396378,-0.00354334,0.21395683,0.30593872
417,0.28820038,0.99496612,3022,0.09822845,0.99820926,1030,0.18997192,-0.00324314,0.19321442,0.28820038
418,0.28791428,0.99470451,3019,0.09613037,0.99884790,1008,0.19178391,-0.00414339,0.19202232,0.28791428
419,0.29525757,0.99426938,3096,0.10051727,0.99842112,1054,0.19474030,-0.00415174,0.19788742,0.29525757
420,0.29735565,0.99445760,3118,0.10185242,0.99859779,1068,0.19550323,-0.00414019,0.19960403,0.29735565
421,0.31023026,0.99450326,3253,0.12149811,0.99835051,1274,0.18873215,-0.00384725,0.21586418,0.31023026
422,0.29058456,0.99468043,3047,0.09183884,0.99871794,963,0.19874573,-0.00403751,0.19121170,0.29058456
423,0.29163361,0.99481715,3058,0.09117126,0.99879945,956,0.20046234,-0.00398230,0.19140244,0.29163361
424,0.32920837,0.99446472,3452,0.12893677,0.99830071,1352,0.20027161,-0.00383600,0.22907257,0.32920837
425,0.29916763,0.99493148,3137,0.09365082,0.99869948,982,0.20551682,-0.00376800,0.19640923,0.29916763
426,0.29172897,0.99328946,3059,0.09555817,0.99858132,1002,0.19617081,-0.00529186,0.19364357,0.29172897
427,0.29144287,0.99334894,3056,0.09298325,0.99868756,975,0.19845963,-0.00533862,0.19221306,0.29144287
428,0.29382706,0.99322333,3081,0.09536743,0.99851540,1000,0.19845963,-0.00529207,0.19459724,0.29382706
429,0.31862259,0.99319599,3341,0.12207031,0.99841861,1280,0.19655228,-0.00522262,0.22034645,0.31862259
430,0.29582977,0.99347702,3102,0.09555817,0.99851924,1002,0.20027161,-0.00504222,0.19569397,0.29582977
431,0.29287338,0.99366214,3071,0.09450912,0.99850899,991,0.19836426,-0.00484685,0.19369125,0.29287338
432,0.33197403,0.99378856,3481,0.12960434,0.99842260,1359,0.20236969,-0.00463405,0.23078918,0.33197403
433,0.30298233,0.99388814,3177,0.10232925,0.99843474,1073,0.20065308,-0.00454660,0.20265579,0.30298233
434,0.45576096,0.99251768,4779,0.09794235,0.99922094,1027,0.35781860,-0.00670326,0.27685165,0.45576096
435,0.45852661,0.99230529,4808,0.09860992,0.99912880,1034,0.35991669,-0.00682352,0.27856827,0.45852661
436,0.46968460,0.99212545,4925,0.10986328,0.99912562,1152,0.35982132,-0.00700017,0.28977394,0.46968460
437,0.48255920,0.99216601,5060,0.11901855,0.99920175,1248,0.36354065,-0.00703574,0.30078888,0.48255920
438,0.46129227,0.99228187,4837,0.09593964,0.99923257,1006,0.36535263,-0.00695070,0.27861595,0.46129227
439,0.46863556,0.99231338,4914,0.09670258,0.99923703,1014,0.37193298,-0.00692365,0.28266907,0.46863556
440,0.50821304,0.99196245,5329,0.13113022,0.99906473,1375,0.37708282,-0.00710228,0.31967163,0.50821304
441,0.48379898,0.99213640,5073,0.10366440,0.99911872,1087,0.38013458,-0.00698231,0.29373169,0.48379898
442,0.41580200,0.99340995,4360,0.09565353,0.99927878,1003,0.32014847,-0.00586883,0.25572777,0.41580200
443,0.42953491,0.99331744,4504,0.09574890,0.99941652,1004,0.33378601,-0.00609908,0.26264191,0.42953491
444,0.41923523,0.99347241,4396,0.10099411,0.99923708,1059,0.31824112,-0.00576466,0.26011467,0.41923523
445,0.43764114,0.99377490,4589,0.13666153,0.99909804,1433,0.30097961,-0.00532314,0.28715134,0.43764114
446,0.41027069,0.99387802,4302,0.09765625,0.99941061,1024,0.31261444,-0.00553259,0.25396347,0.41027069
447,0.40950775,0.99380624,4294,0.09794235,0.99940811,1027,0.31156540,-0.00560187,0.25372505,0.40950775
448,0.43621063,0.99397791,4574,0.13151169,0.99923853,1379,0.30469894,-0.00526062,0.28386116,0.43621063
449,0.41141510,0.99404533,4314,0.10480881,0.99927442,1099,0.30660629,-0.00522910,0.25811195,0.41141510
450,0.39720535,0.99405817,4165,0.09469986,0.99940377,993,0.30250549,-0.00534560,0.24595261,0.39720535
451,0.41303635,0.99360464,4331,0.09374619,0.99939530,983,0.31929016,-0.00579067,0.25339127,0.41303635
452,0.41532516,0.99348090,4355,0.10585785,0.99921792,1110,0.30946732,-0.00573702,0.26059151,0.41532516
453,0.42238235,0.99389930,4429,0.12025833,0.99933139,1261,0.30212402,-0.00543209,0.27132034,0.42238235
454,0.39052963,0.99412679,4095,0.09202957,0.99942327,965,0.29850006,-0.00529647,0.24127960,0.39052963
455,0.39262772,0.99417794,4117,0.09317398,0.99944131,977,0.29945374,-0.00526337,0.24290085,0.39262772
456,0.43773651,0.99397932,4590,0.13408661,0.99909492,1406,0.30364990,-0.00511559,0.28591156,0.43773651
457,0.40979385,0.99435635,4297,0.09984970,0.99940025,1047,0.30994415,-0.00504390,0.25482178,0.40979385
458,0.39911270,0.99374161,4185,0.09260178,0.99937655,971,0.30651093,-0.00563494,0.24585724,0.39911270
459,0.41913986,0.99326713,4395,0.09174347,0.99935506,962,0.32739639,-0.00608792,0.25544167,0.41913986
460,0.42190552,0.99332179,4424,0.09555817,0.99930541,1002,0.32634735,-0.00598362,0.25873184,0.42190552
461,0.42676926,0.99350413,4475,0.12340546,0.99915711,1294,0.30336380,-0.00565298,0.27508736,0.42676926
462,0.40159225,0.99363525,4211,0.09069443,0.99939093,951,0.31089783,-0.00575568,0.24614334,0.40159225
463,0.40569305,0.99377969,4254,0.09078979,0.99938147,952,0.31490326,-0.00560178,0.24824142,0.40569305
464,0.43382645,0.99368014,4549,0.12865067,0.99910768,1349,0.30517578,-0.00542754,0.28123856,0.43382645
465,0.39787292,0.99428981,4172,0.10089874,0.99939012,1058,0.29697418,-0.00510030,0.24938583,0.39787292
466,0.37155151,0.99486522,3896,0.08859634,0.99926433,929,0.28295517,-0.00439911,0.23007393,0.37155151
467,0.39758682,0.99428391,4169,0.09002686,0.99923444,944,0.30755997,-0.00495053,0.24380684,0.39758682
468,0.39491653,0.99449835,4141,0.08964539,0.99922819,940,0.30527115,-0.00472984,0.24228096,0.39491653
469,0.42610168,0.99437230,4468,0.12788773,0.99895448,1341,0.29821396,-0.00458218,0.27699471,0.42610168
470,0.39205551,0.99470515,4111,0.08850098,0.99927466,928,0.30355453,-0.00456951,0.24027824,0.39205551
471,0.39205551,0.99477361,4111,0.09078979,0.99925592,952,0.30126572,-0.00448231,0.24142265,0.39205551
472,0.43077469,0.99459997,4517,0.13170242,0.99895263,1381,0.29907227,-0.00435266,0.28123856,0.43077469
473,0.39644241,0.99499686,4157,0.09737015,0.99927303,1021,0.29907227,-0.00427617,0.24690628,0.39644241
474,0.43849945,0.99191686,4598,0.24499893,0.99580293,2569,0.19350052,-0.00388607,0.34174919,0.43849945
475,0.45480728,0.99139868,4769,0.24118423,0.99568465,2529,0.21362305,-0.00428597,0.34799576,0.45480728
476,0.45318604,0.99186339,4752,0.24499893,0.99580837,2569,0.20818710,-0.00394498,0.34909248,0.45318604
477,0.47426224,0.99200289,4973,0.28457642,0.99555805,2984,0.18968582,-0.00355516,0.37941933,0.47426224
478,0.44670105,0.99234777,4684,0.24967194,0.99601406,2618,0.19702911,-0.00366629,0.34818649,0.44670105
479,0.45375824,0.99254344,4758,0.24776459,0.99628926,2598,0.20599365,-0.00374582,0.35076141,0.45375824
480,0.48246384,0.99271125,5059,0.27952194,0.99632006,2931,0.20294189,-0.00360880,0.38099289,0.48246384
481,0.45728683,0.99296913,4795,0.25043488,0.99653093,2626,0.20685196,-0.00356180,0.35386086,0.45728683
482,0.37364960,0.99180261,3918,0.30555725,0.99597942,3204,0.06809235,-0.00417681,0.33960342,0.37364960
483,0.39863586,0.99104373,4180,0.30984879,0.99555689,3249,0.08878708,-0.00451316,0.35424232,0.39863586
484,0.39453506,0.99097424,4137,0.30374527,0.99550680,3185,0.09078979,-0.00453256,0.34914017,0.39453506
485,0.42247772,0.99083871,4430,0.33559799,0.99534386,3519,0.08687973,-0.00450515,0.37903786,0.42247772
486,0.40445328,0.99111993,4241,0.31442642,0.99552092,3297,0.09002686,-0.00440099,0.35943985,0.40445328
487,0.39873123,0.99142840,4181,0.31137466,0.99586107,3265,0.08735657,-0.00443267,0.35505295,0.39873123
488,0.42972565,0.99121650,4506,0.32777786,0.99625459,3437,0.10194778,-0.00503809,0.37875175,0.42972565
489,0.42457581,0.99118091,4452,0.31728745,0.99643866,3327,0.10728836,-0.00525775,0.37093163,0.42457581
490,0.33264160,0.99484572,3488,0.37908554,0.99486110,3975,-0.04644394,-0.00001538,0.35586357,0.37908554
491,0.34933090,0.99438924,3663,0.37431717,0.99489778,3925,-0.02498627,-0.00050854,0.36182404,0.37431717
492,0.35533905,0.99446973,3726,0.37565231,0.99470893,3939,-0.02031326,-0.00023920,0.36549568,0.37565231
493,0.37422180,0.99447362,3924,0.40740967,0.99430858,4272,-0.03318787,0.00016504,0.39081573,0.40740967
494,0.34217834,0.99458203,3588,0.38404465,0.99454226,4027,-0.04186630,0.00003977,0.36311150,0.38404465
495,0.33912659,0.99456826,3556,0.37384033,0.99465411,3920,-0.03471375,-0.00008585,0.35648346,0.37384033
496,0.37164688,0.99446051,3897,0.40798187,0.99468830,4278,-0.03633499,-0.00022780,0.38981438,0.40798187
497,0.35915375,0.99422385,3766,0.39596558,0.99481279,4152,-0.03681183,-0.00058895,0.37755966,0.39596558
498,0.39930344,0.99312412,4187,0.32520294,0.99548552,3410,0.07410049,-0.00236140,0.36225319,0.39930344
499,0.42943954,0.99275603,4503,0.33025742,0.99534949,3463,0.09918213,-0.00259346,0.37984848,0.42943954
500,0.42495728,0.99267567,4456,0.33264160,0.99507669,3488,0.09231567,-0.00240101,0.37879944,0.42495728
501,0.44755936,0.99257499,4693,0.35676956,0.99500970,3741,0.09078979,-0.00243471,0.40216446,0.44755936
502,0.42686462,0.99267139,4476,0.32634735,0.99529412,3422,0.10051727,-0.00262273,0.37660599,0.42686462
503,0.41999817,0.99278889,4404,0.32777786,0.99537533,3437,0.09222031,-0.00258644,0.37388802,0.41999817
504,0.44860840,0.99262565,4704,0.34446716,0.99525387,3612,0.10414124,-0.00262823,0.39653778,0.44860840
505,0.45709610,0.99237154,4793,0.35276413,0.99519245,3699,0.10433197,-0.00282091,0.40493011,0.45709610
506,0.51898956,0.99286353,5442,0.15211105,0.99635556,1595,0.36687851,-0.00349204,0.33555031,0.51898956
507,0.53577423,0.99268934,5618,0.15888214,0.99514269,1666,0.37689209,-0.00245335,0.34732819,0.53577423
508,0.54531097,0.99234624,5718,0.15745163,0.99555055,1651,0.38785934,-0.00320431,0.35138130,0.54531097
509,0.55999756,0.99241016,5872,0.18405914,0.99621935,1930,0.37593842,-0.00380920,0.37202835,0.55999756
510,0.53939819,0.99255871,5656,0.16222000,0.99537130,1701,0.37717819,-0.00281260,0.35080910,0.53939819
511,0.54731369,0.99281380,5739,0.18148422,0.99512480,1903,0.36582947,-0.00231100,0.36439896,0.54731369
512,0.54121017,0.99289328,5675,0.17194748,0.99615522,1803,0.36926270,-0.00326194,0.35657883,0.54121017
513,0.54121017,0.99213267,5675,0.38013458,0.99327178,3986,0.16107559,-0.00113912,0.46067238,0.54121017
514,0.56161880,0.99178216,5889,0.38061142,0.99320661,3991,0.18100739,-0.00142445,0.47111511,0.56161880
515,0.54807663,0.99192697,5747,0.38099289,0.99302842,3995,0.16708374,-0.00110145,0.46453476,0.54807663
516,0.57229996,0.99177777,6001,0.40578842,0.99296040,4255,0.16651154,-0.00118262,0.48904419,0.57229996
517,0.54960251,0.99206446,5763,0.37355423,0.99338631,3917,0.17604828,-0.00132185,0.46157837,0.54960251
518,0.54874420,0.99212277,5754,0.37784576,0.99370640,3962,0.17089844,-0.00158363,0.46329498,0.54874420
519,0.56781769,0.99187239,5954,0.39091110,0.99310855,4099,0.17690659,-0.00123617,0.47936440,0.56781769
520,0.58259964,0.99176141,6109,0.40493011,0.99301435,4246,0.17766953,-0.00125294,0.49376488,0.58259964
521,1.02720261,0.98872824,10771,0.43926239,0.99323336,4606,0.58794022,-0.00450512,0.73323250,1.02720261
522,1.04990005,0.98837574,11009,0.44021606,0.99323268,4616,0.60968399,-0.00485694,0.74505806,1.04990005
523,1.04331970,0.98822828,10940,0.43506622,0.99333073,4562,0.60825348,-0.00510246,0.73919296,1.04331970
524,1.06887817,0.98812349,11208,0.46043396,0.99338172,4828,0.60844421,-0.00525823,0.76465607,1.06887817
525,1.04160309,0.98816373,10922,0.43191910,0.99341141,4529,0.60968399,-0.00524768,0.73676109,1.04160309
526,1.03864670,0.98819699,10891,0.42848587,0.99330399,4493,0.61016083,-0.00510700,0.73356628,1.03864670
527,1.04770660,0.98825208,10986,0.44765472,0.99331074,4694,0.60005188,-0.00505866,0.74768066,1.04770660
528,1.07908249,0.98746092,11315,0.45137405,0.99328503,4733,0.62770844,-0.00582411,0.76522827,1.07908249
529,1.08451843,0.98485258,11372,0.53911209,0.99165171,5653,0.54540634,-0.00679913,0.81181526,1.08451843
530,1.10883713,0.98446381,11627,0.54111481,0.99153115,5674,0.56772232,-0.00706734,0.82497597,1.10883713
531,1.11675262,0.98432332,11710,0.54063797,0.99145015,5669,0.57611465,-0.00712683,0.82869530,1.11675262
532,1.12857819,0.98458232,11834,0.55360794,0.99164998,5805,0.57497025,-0.00706766,0.84109306,1.12857819
533,1.10588074,0.98464854,11596,0.52785873,0.99179579,5535,0.57802200,-0.00714725,0.81686974,1.10588074
534,1.11951828,0.98457737,11739,0.51984787,0.99181374,5451,0.59967041,-0.00723637,0.81968307,1.11951828
535,1.12142563,0.98419181,11759,0.53339005,0.99168067,5593,0.58803558,-0.00748886,0.82740784,1.12142563
536,1.15404129,0.98371986,12101,0.55503845,0.99119914,5820,0.59900284,-0.00747928,0.85453987,1.15404129
537,0.85983276,0.99197516,9016,0.39329529,0.99461459,4124,0.46653748,-0.00263943,0.62656403,0.85983276
538,0.88596344,0.99123901,9290,0.39482117,0.99441383,4140,0.49114227,-0.00317482,0.64039230,0.88596344
539,0.88033676,0.99114574,9231,0.39014816,0.99452808,4091,0.49018860,-0.00338234,0.63524246,0.88033676
540,0.90951920,0.99082269,9537,0.40330887,0.99471541,4229,0.50621033,-0.00389272,0.65641403,0.90951920
541,0.87327957,0.99060731,9157,0.38824081,0.99453173,4071,0.48503876,-0.00392442,0.63076019,0.87327957
542,0.88024139,0.99039033,9230,0.38862228,0.99451954,4075,0.49161911,-0.00412921,0.63443184,0.88024139
543,0.87776184,0.99018773,9204,0.39396286,0.99444843,4131,0.48379898,-0.00426070,0.63586235,0.87776184
544,0.89607239,0.99005493,9396,0.41885376,0.99432565,4392,0.47721863,-0.00427072,0.65746307,0.89607239
545,0.99029541,0.99008598,10384,0.18901825,0.99834998,1982,0.80127716,-0.00826400,0.58965683,0.99029541
546,1.02424622,0.98922707,10740,0.18606186,0.99832236,1951,0.83818436,-0.00909530,0.60515404,1.02424622
547,1.00154877,0.98932784,10502,0.18215179,0.99844430,1910,0.81939697,-0.00911645,0.59185028,1.00154877
548,1.03368759,0.98900222,10839,0.20389557,0.99851618,2138,0.82979202,-0.00951396,0.61879158,1.03368759
549,1.00030899,0.98924524,10489,0.18272400,0.99866334,1916,0.81758499,-0.00941810,0.59151649,1.00030899
550,1.00584030,0.98905238,10547,0.16946793,0.99880249,1777,0.83637238,-0.00975012,0.58765411,1.00584030
551,1.00498199,0.98893503,10538,0.16736984,0.99880941,1755,0.83761215,-0.00987438,0.58617592,1.00498199
552,1.00755692,0.98895023,10565,0.17490387,0.99880956,1834,0.83265305,-0.00985934,0.59123039,1.00755692
553,1.24883652,0.98466923,13095,0.38919449,0.99550379,4081,0.85964203,-0.01083456,0.81901550,1.24883652
554,1.28593445,0.98435359,13484,0.40502548,0.99530128,4247,0.88090897,-0.01094769,0.84547997,1.28593445
555,1.26094818,0.98446319,13222,0.38299561,0.99534697,4016,0.87795258,-0.01088378,0.82197189,1.26094818
556,1.29556656,0.98426326,13585,0.39539337,0.99544427,4146,0.90017319,-0.01118101,0.84547997,1.29556656
557,1.25913620,0.98438965,13203,0.39033890,0.99525750,4093,0.86879730,-0.01086785,0.82473755,1.25913620
558,1.27801895,0.98431333,13401,0.39072037,0.99522713,4097,0.88729858,-0.01091380,0.83436966,1.27801895
559,1.27964020,0.98396821,13418,0.38995743,0.99515793,4089,0.88968277,-0.01118973,0.83479881,1.27964020
560,1.29423141,0.98390158,13571,0.39691925,0.99519318,4162,0.89731216,-0.01129160,0.84557533,1.29423141
561,0.98571777,0.98755005,10336,0.26025772,0.99674851,2729,0.72546005,-0.00919846,0.62298775,0.98571777
562,1.00946426,0.98732468,10585,0.27170181,0.99661432,2849,0.73776245,-0.00928963,0.64058304,1.00946426
563,1.02252960,0.98711802,10722,0.28171539,0.99653135,2954,0.74081421,-0.00941333,0.65212250,1.02252960
564,1.03540421,0.98712832,10857,0.28619766,0.99666009,3001,0.74920654,-0.00953177,0.66080093,1.03540421
565,1.03549957,0.98699450,10858,0.27608871,0.99664842,2895,0.75941086,-0.00965392,0.65579414,1.03549957
566,1.04475021,0.98687706,10955,0.26731491,0.99683476,2803,0.77743530,-0.00995770,0.65603256,1.04475021
567,1.04713440,0.98673874,10980,0.26884079,0.99679880,2819,0.77829361,-0.01006006,0.65798759,1.04713440
568,1.08041763,0.98608654,11329,0.29907227,0.99654673,3136,0.78134537,-0.01046019,0.68974495,1.08041763
569,0.70400238,0.98931783,7382,0.29296875,0.99680206,3072,0.41103363,-0.00748423,0.49848557,0.70400238
570,0.72612762,0.98908656,7614,0.28972626,0.99684317,3038,0.43640137,-0.00775661,0.50792694,0.72612762
571,0.74424744,0.98881681,7804,0.29554367,0.99691071,3099,0.44870377,-0.00809390,0.51989555,0.74424744
572,0.74214935,0.98846817,7782,0.29506683,0.99673109,3094,0.44708252,-0.00826292,0.51860809,0.74214935
573,0.75445175,0.98838591,7911,0.29621124,0.99666961,3106,0.45824051,-0.00828370,0.52533150,0.75445175
574,0.77638626,0.98658569,8141,0.31099319,0.99550823,3261,0.46539307,-0.00892254,0.54368973,0.77638626
575,0.77257156,0.98773734,8101,0.30422211,0.99680280,3190,0.46834946,-0.00906545,0.53839684,0.77257156
576,0.68845749,0.98797127,7219,0.14219284,0.99848154,1491,0.54626465,-0.01051027,0.41532516,0.68845749
577,0.71096420,0.98787199,7455,0.14562607,0.99841773,1527,0.56533813,-0.01054573,0.42829514,0.71096420
578,0.70104599,0.98815267,7351,0.14657974,0.99845654,1537,0.55446625,-0.01030387,0.42381287,0.70104599
579,0.71640015,0.98812146,7512,0.15964508,0.99856226,1674,0.55675507,-0.01044080,0.43802261,0.71640015
580,0.72202682,0.98792718,7571,0.15449524,0.99858507,1620,0.56753159,-0.01065789,0.43826103,0.72202682
581,0.73890686,0.98767872,7748,0.15430450,0.99848872,1618,0.58460236,-0.01081000,0.44660568,0.73890686
582,0.73623657,0.98740664,7720,0.15201569,0.99844973,1594,0.58422089,-0.01104309,0.44412613,0.73623657
583,0.75502396,0.98735667,7917,0.16012192,0.99848965,1679,0.59490204,-0.01113298,0.45757294,0.75502396
584,0.99067688,0.99173502,10388,0.23412704,0.99820385,2455,0.75654984,-0.00646884,0.61240196,0.99067688
585,1.00765228,0.99151849,10566,0.23202896,0.99823549,2433,0.77562332,-0.00671700,0.61984062,1.00765228
586,1.00688934,0.99162429,10558,0.23689270,0.99822827,2484,0.76999664,-0.00660398,0.62189102,1.00688934
587,1.03092194,0.99160173,10810,0.25396347,0.99818910,2663,0.77695847,-0.00658738,0.64244270,1.03092194
588,1.02443695,0.99152519,10742,0.23593903,0.99829758,2474,0.78849792,-0.00677239,0.63018799,1.02443695
589,1.02863312,0.99145644,10786,0.23860931,0.99825948,2502,0.79002380,-0.00680304,0.63362122,1.02863312
590,1.03492737,0.99136399,10852,0.23994446,0.99821134,2516,0.79498291,-0.00684735,0.63743591,1.03492737
591,1.05667114,0.99118201,11080,0.24976730,0.99818223,2619,0.80690384,-0.00700022,0.65321922,1.05667114
592,0.34027100,0.99651924,3568,0.15020370,0.99880388,1575,0.19006729,-0.00228464,0.24523735,0.34027100
593,0.35791397,0.99637693,3753,0.15525818,0.99879799,1628,0.20265579,-0.00242106,0.25658607,0.35791397
594,0.35638809,0.99644639,3737,0.15153885,0.99883183,1589,0.20484924,-0.00238545,0.25396347,0.35638809
595,0.37002563,0.99651031,3880,0.16574860,0.99884350,1738,0.20427704,-0.00233319,0.26788712,0.37002563
596,0.36878586,0.99643330,3867,0.16422272,0.99880263,1722,0.20456314,-0.00236933,0.26650429,0.36878586
597,0.37422180,0.99639740,3924,0.16374588,0.99876838,1717,0.21047592,-0.00237098,0.26898384,0.37422180
598,0.37775040,0.99633675,3961,0.16679764,0.99873767,1749,0.21095276,-0.00240092,0.27227402,0.37775040
599,0.38509369,0.99625525,4038,0.17318726,0.99874076,1816,0.21190643,-0.00248551,0.27914047,0.38509369
600,0.64344406,0.99403202,6747,0.42543411,0.99522688,4461,0.21800995,-0.00119486,0.53443909,0.64344406
601,0.66032410,0.99394929,6924,0.42753220,0.99516342,4483,0.23279190,-0.00121413,0.54392815,0.66032410
602,0.66175461,0.99390539,6939,0.43535233,0.99495388,4565,0.22640228,-0.00104849,0.54855347,0.66175461
603,0.69847107,0.99352521,7324,0.45957565,0.99488694,4819,0.23889542,-0.00136173,0.57902336,0.69847107
604,0.70123672,0.99353776,7353,0.45776367,0.99493093,4800,0.24347305,-0.00139317,0.57950020,0.70123672
605,0.69532394,0.99360115,7291,0.45909882,0.99477700,4814,0.23622513,-0.00117585,0.57721138,0.69532394
606,0.71420670,0.99339465,7489,0.45604706,0.99493213,4782,0.25815964,-0.00153748,0.58512688,0.71420670
607,0.71086884,0.99320912,7454,0.45471191,0.99486534,4768,0.25615692,-0.00165622,0.58279037,0.71086884
608,1.32751465,0.98831966,13920,0.52556992,0.99454196,5511,0.80194473,-0.00622230,0.92654228,1.32751465
609,1.35231018,0.98800175,14180,0.53100586,0.99452502,5568,0.82130432,-0.00652326,0.94165802,1.35231018
610,1.35507584,0.98805155,14209,0.54159164,0.99442391,5679,0.81348419,-0.00637236,0.94833374,1.35507584
611,1.38902664,0.98756908,14565,0.56858063,0.99423653,5962,0.82044601,-0.00666745,0.97880363,1.38902664
612,1.38216019,0.98765383,14493,0.56123734,0.99420372,5885,0.82092285,-0.00654989,0.97169876,1.38216019
613,1.37815475,0.98760884,14451,0.55284500,0.99424439,5797,0.82530975,-0.00663555,0.96549988,1.37815475
614,1.37805939,0.98743132,14450,0.54101944,0.99434000,5673,0.83703995,-0.00690868,0.95953941,1.37805939
615,1.41544342,0.98694081,14842,0.56381226,0.99386784,5912,0.85163116,-0.00692703,0.98962784,1.41544342
616,0.97198486,0.99106774,10192,0.40683746,0.99545250,4266,0.56514740,-0.00438476,0.68941116,0.97198486
617,0.99248886,0.99076823,10407,0.41303635,0.99536474,4331,0.57945251,-0.00459651,0.70276260,0.99248886
618,0.97589493,0.99085183,10233,0.40473938,0.99544134,4244,0.57115555,-0.00458951,0.69031715,0.97589493
619,1.00259781,0.99069576,10513,0.42047501,0.99539553,4409,0.58212280,-0.00469977,0.71153641,1.00259781
620,1.01470947,0.99039455,10640,0.41513443,0.99530631,4353,0.59957504,-0.00491177,0.71492195,1.01470947
621,1.01680756,0.99028131,10662,0.41894913,0.99517628,4393,0.59785843,-0.00489497,0.71787834,1.01680756
622,1.01537704,0.99020213,10647,0.41265488,0.99522829,4327,0.60272217,-0.00502616,0.71401596,1.01537704
623,1.02214813,0.98996783,10718,0.41255951,0.99512755,4326,0.60958862,-0.00515972,0.71735382,1.02214813
624,0.75540543,0.99179470,7921,0.20570755,0.99698190,2157,0.54969788,-0.00518720,0.48055649,0.75540543
625,0.75931549,0.99188086,7962,0.20170212,0.99722057,2115,0.55761337,-0.00533972,0.48050880,0.75931549
626,0.75120926,0.99167603,7877,0.18854141,0.99725986,1977,0.56266785,-0.00558383,0.46987534,0.75120926
627,0.77981949,0.99138863,8177,0.19598007,0.99723011,2055,0.58383942,-0.00584148,0.48789978,0.77981949
628,0.76427460,0.99146545,8014,0.19416809,0.99727587,2036,0.57010651,-0.00581042,0.47922134,0.76427460
629,0.79240799,0.99115739,8309,0.20771027,0.99711570,2178,0.58469772,-0.00595831,0.50005913,0.79240799
630,0.78382492,0.99113199,8219,0.17423630,0.99744080,1827,0.60958862,-0.00630881,0.47903061,0.78382492
631,0.67281723,0.99323922,7055,0.38785934,0.99274204,4067,0.28495789,0.00049718,0.53033829,0.67281723
632,0.68120956,0.99322311,7143,0.38728714,0.99309273,4061,0.29392242,0.00013038,0.53424835,0.68120956
633,0.67605972,0.99320223,7089,0.38871765,0.99324351,4076,0.28734207,-0.00004127,0.53238869,0.67605972
634,0.68254471,0.99310744,7157,0.40531158,0.99261659,4250,0.27723312,0.00049085,0.54392815,0.68254471
635,0.68874359,0.99304764,7222,0.39710999,0.99296897,4164,0.29163361,0.00007867,0.54292679,0.68874359
636,0.67739487,0.99320742,7103,0.39081573,0.99318068,4098,0.28657913,0.00002674,0.53410530,0.67739487
637,0.64706802,0.99361815,6785,0.39663315,0.99287863,4159,0.25043488,0.00073951,0.52185059,0.64706802
638,0.62551498,0.99377774,6559,0.39319992,0.99305206,4123,0.23231506,0.00072568,0.50935745,0.62551498
639,0.84400177,0.98867676,8850,0.38213730,0.99451230,4007,0.46186447,-0.00583553,0.61306953,0.84400177
640,0.82654953,0.98893527,8667,0.39567947,0.99442700,4149,0.43087006,-0.00549173,0.61111450,0.82654953
641,0.79183578,0.98967044,8303,0.39548874,0.99429357,4147,0.39634705,-0.00462312,0.59366226,0.79183578
642,0.75941086,0.99050502,7963,0.37651062,0.99444238,3948,0.38290024,-0.00393737,0.56796074,0.75941086
643,0.73251724,0.99124579,7681,0.39424896,0.99414482,4134,0.33826828,-0.00289903,0.56338310,0.73251724
644,0.73213577,0.99136241,7677,0.38623810,0.99433465,4050,0.34589767,-0.00297225,0.55918694,0.73213577
645,0.67777634,0.99196339,7107,0.37450790,0.99423070,3927,0.30326843,-0.00226731,0.52614212,0.67777634
646,0.64640045,0.99229592,6778,0.36802292,0.99456391,3859,0.27837753,-0.00226798,0.50721169,0.64640045
647,0.78849792,0.99033812,8268,0.46234131,0.99110149,4848,0.32615662,-0.00076336,0.62541962,0.78849792
648,0.75025558,0.99079648,7867,0.43134689,0.99161160,4523,0.31890869,-0.00081512,0.59080124,0.75025558
649,0.72345734,0.99121999,7586,0.41322708,0.99184631,4333,0.31023026,-0.00062632,0.56834221,0.72345734
650,0.71525574,0.99133830,7500,0.40197372,0.99200880,4215,0.31328201,-0.00067050,0.55861473,0.71525574
651,0.71544647,0.99131217,7502,0.40636063,0.99190087,4261,0.30908585,-0.00058870,0.56090355,0.71544647
652,0.69580078,0.99158483,7296,0.39911270,0.99228692,4185,0.29668808,-0.00070210,0.54745674,0.69580078
653,0.71430206,0.99126529,7490,0.40864944,0.99193031,4285,0.30565262,-0.00066502,0.56147575,0.71430206
654,0.72755814,0.99104518,7629,0.41446686,0.99185448,4346,0.31309128,-0.00080929,0.57101250,0.72755814
655,0.58708191,0.99200949,6156,0.37431717,0.99469009,3925,0.21276474,-0.00268060,0.48069954,0.58708191
656,0.54597855,0.99245358,5725,0.34980774,0.99496487,3668,0.19617081,-0.00251129,0.44789314,0.54597855
657,0.51136017,0.99277169,5362,0.32024384,0.99526548,3358,0.19111633,-0.00249379,0.41580200,0.51136017
658,0.47941208,0.99331410,5027,0.29716492,0.99558935,3116,0.18224716,-0.00227525,0.38828850,0.47941208
659,0.44803619,0.99390068,4698,0.27866364,0.99578179,2922,0.16937256,-0.00188111,0.36334991,0.44803619
660,0.40550232,0.99424469,4252,0.25377274,0.99605397,2661,0.15172958,-0.00180928,0.32963753,0.40550232
661,0.36315918,0.99498901,3808,0.21219254,0.99664323,2225,0.15096664,-0.00165423,0.28767586,0.36315918
662,0.33559799,0.99549019,3519,0.19502640,0.99686325,2045,0.14057159,-0.00137305,0.26531219,0.33559799
663,0.40054321,0.99569434,4200,0.14533997,0.99833485,1524,0.25520325,-0.00264051,0.27294159,0.40054321
664,0.39739609,0.99576663,4167,0.14057159,0.99824811,1474,0.25682449,-0.00248148,0.26898384,0.39739609
665,0.41074753,0.99560310,4307,0.13694763,0.99822013,1436,0.27379990,-0.00261703,0.27384758,0.41074753
666,0.42047501,0.99565642,4409,0.12884140,0.99832884,1351,0.29163361,-0.00267242,0.27465820,0.42047501
667,0.41904449,0.99575588,4394,0.12245178,0.99845569,1284,0.29659271,-0.00269982,0.27074814,0.41904449
668,0.41770935,0.99579342,4380,0.11940002,0.99844588,1252,0.29830933,-0.00265246,0.26855469,0.41770935
669,0.42104721,0.99593747,4415,0.11634827,0.99850224,1220,0.30469894,-0.00256477,0.26869774,0.42104721
670,0.42533875,0.99594724,4460,0.11949539,0.99832940,1253,0.30584335,-0.00238216,0.27241707,0.42533875
671,0.61883926,0.98778270,6489,0.13408661,0.99797492,1406,0.48475266,-0.01019222,0.37646294,0.61883926
672,0.61283112,0.98805283,6426,0.13465881,0.99788400,1412,0.47817230,-0.00983117,0.37374496,0.61283112
673,0.63323975,0.98761579,6640,0.15439987,0.99745167,1619,0.47883987,-0.00983588,0.39381981,0.63323975
674,0.62332153,0.98777759,6536,0.13990402,0.99769981,1467,0.48341751,-0.00992222,0.38161278,0.62332153
675,0.63505173,0.98764855,6659,0.15640259,0.99729417,1640,0.47864914,-0.00964562,0.39572716,0.63505173
676,0.62246323,0.98841119,6527,0.14925003,0.99757280,1565,0.47321320,-0.00916161,0.38585663,0.62246323
677,0.60291290,0.98922388,6322,0.14381409,0.99761078,1508,0.45909882,-0.00838690,0.37336349,0.60291290
678,0.59242249,0.98992704,6212,0.13465881,0.99788144,1412,0.45776367,-0.00795440,0.36354065,0.59242249
679,0.81415176,0.98563315,8537,0.23880005,0.99579016,2504,0.57535172,-0.01015701,0.52647591,0.81415176
680,0.82349777,0.98525227,8635,0.23641586,0.99584613,2479,0.58708191,-0.01059386,0.52995682,0.82349777
681,0.82416534,0.98511327,8642,0.23145676,0.99604479,2427,0.59270859,-0.01093152,0.52781105,0.82416534
682,0.83436966,0.98490622,8749,0.23183823,0.99602615,2431,0.60253143,-0.01111994,0.53310394,0.83436966
683,0.84590912,0.98476815,8870,0.23593903,0.99598720,2474,0.60997009,-0.01121905,0.54092407,0.84590912
684,0.83856583,0.98466888,8793,0.23975372,0.99603284,2514,0.59881210,-0.01136396,0.53915977,0.83856583
685,0.84276199,0.98460109,8837,0.23813248,0.99600859,2497,0.60462952,-0.01140750,0.54044724,0.84276199
686,0.84877014,0.98437436,8900,0.23260117,0.99601397,2439,0.61616898,-0.01163961,0.54068565,0.84877014
687,0.25148392,0.99704417,2637,0.04186630,0.99923019,439,0.20961761,-0.00218602,0.14667511,0.25148392
688,0.26473999,0.99686579,2776,0.04453659,0.99915008,467,0.22020340,-0.00228429,0.15463829,0.26473999
689,0.27875900,0.99661417,2923,0.04396439,0.99916832,461,0.23479462,-0.00255415,0.16136169,0.27875900
690,0.28209686,0.99654276,2958,0.04549026,0.99911682,477,0.23660660,-0.00257406,0.16379356,0.28209686
691,0.29449463,0.99647528,3088,0.05235672,0.99902605,549,0.24213791,-0.00255077,0.17342567,0.29449463
692,0.29191971,0.99649794,3061,0.05187988,0.99906387,544,0.24003983,-0.00256593,0.17189980,0.29191971
693,0.31251907,0.99619315,3277,0.04663467,0.99910718,489,0.26588440,-0.00291404,0.17957687,0.31251907
694,0.30260086,0.99689050,3173,0.02050400,0.99989747,215,0.28209686,-0.00300698,0.16155243,0.30260086
695,0.31156540,0.99681446,3267,0.02365112,0.99989135,248,0.28791428,-0.00307690,0.16760826,0.31156540
696,0.32215118,0.99658429,3378,0.02183914,0.99991158,229,0.30031204,-0.00332729,0.17199516,0.32215118
697,0.32815933,0.99663018,3441,0.02565384,0.99989463,269,0.30250549,-0.00326444,0.17690659,0.32815933
698,0.33311844,0.99651881,3493,0.02365112,0.99990756,248,0.30946732,-0.00338875,0.17838478,0.33311844
699,0.34360886,0.99648361,3603,0.03185272,0.99988069,334,0.31175613,-0.00339708,0.18773079,0.34360886
700,0.35114288,0.99645214,3682,0.03356934,0.99985491,352,0.31757355,-0.00340277,0.19235611,0.35114288
701,0.36087036,0.99623347,3784,0.02727509,0.99989558,286,0.33359528,-0.00366211,0.19407272,0.36087036
702,0.38681030,0.99520513,4056,0.07705688,0.99849514,808,0.30975342,-0.00329001,0.23193359,0.38681030
703,0.38461685,0.99511630,4033,0.07505417,0.99848230,787,0.30956268,-0.00336600,0.22983551,0.38461685
704,0.40445328,0.99492151,4241,0.07209778,0.99866043,756,0.33235550,-0.00373891,0.23827553,0.40445328
705,0.39567947,0.99512658,4149,0.07495880,0.99855336,786,0.32072067,-0.00342678,0.23531914,0.39567947
706,0.41303635,0.99487116,4331,0.07152557,0.99868012,750,0.34151077,-0.00380896,0.24228096,0.41303635
707,0.42085648,0.99489371,4413,0.07781982,0.99865135,816,0.34303665,-0.00375765,0.24933815,0.42085648
708,0.41646957,0.99491651,4367,0.08296967,0.99855504,870,0.33349991,-0.00363853,0.24971962,0.41646957
709,0.43821335,0.99452377,4595,0.07925034,0.99862366,831,0.35896301,-0.00409990,0.25873184,0.43821335
710,0.21362305,0.99785509,2240,0.10080338,0.99886882,1057,0.11281967,-0.00101372,0.15721321,0.21362305
711,0.21696091,0.99783743,2275,0.10814667,0.99878803,1134,0.10881424,-0.00095060,0.16255379,0.21696091
712,0.22811890,0.99774730,2392,0.10347366,0.99883535,1085,0.12464523,-0.00108805,0.16579628,0.22811890
713,0.23365021,0.99770819,2450,0.10309219,0.99884641,1081,0.13055801,-0.00113822,0.16837120,0.23365021
714,0.23393631,0.99771225,2453,0.11072159,0.99869407,1161,0.12321472,-0.00098182,0.17232895,0.23393631
715,0.24557114,0.99762582,2575,0.10948181,0.99877804,1148,0.13608932,-0.00115221,0.17752647,0.24557114
716,0.25119781,0.99753364,2634,0.11615753,0.99872254,1218,0.13504028,-0.00118890,0.18367767,0.25119781
717,0.26721954,0.99735129,2802,0.12083054,0.99866901,1267,0.14638901,-0.00131772,0.19402504,0.26721954
718,0.29201508,0.99737729,3062,0.09298325,0.99854558,975,0.19903183,-0.00116829,0.19249916,0.29201508
719,0.30221939,0.99727681,3169,0.09737015,0.99858138,1021,0.20484924,-0.00130457,0.19979477,0.30221939
720,0.30117035,0.99739905,3158,0.08335114,0.99882521,874,0.21781921,-0.00142616,0.19226074,0.30117035
721,0.32119751,0.99720794,3368,0.10108948,0.99847234,1060,0.22010803,-0.00126440,0.21114349,0.32119751
722,0.32033920,0.99706537,3359,0.10013580,0.99848540,1050,0.22020340,-0.00142003,0.21023750,0.32033920
723,0.33521652,0.99699899,3515,0.10499954,0.99850754,1101,0.23021698,-0.00150856,0.22010803,0.33521652
724,0.34112930,0.99683268,3577,0.10604858,0.99855856,1112,0.23508072,-0.00172588,0.22358894,0.34112930
725,0.35114288,0.99669958,3682,0.10948181,0.99838793,1148,0.24166107,-0.00168835,0.23031235,0.35114288
726,0.31795502,0.99686499,3334,0.01249313,0.99989895,131,0.30546188,-0.00303395,0.16522408,0.31795502
727,0.33407211,0.99667248,3503,0.01497269,0.99989697,157,0.31909943,-0.00322449,0.17452240,0.33407211
728,0.34046173,0.99656533,3570,0.01497269,0.99985219,157,0.32548904,-0.00328686,0.17771721,0.34046173
729,0.35419464,0.99638677,3714,0.01382828,0.99987888,145,0.34036636,-0.00349212,0.18401146,0.35419464
730,0.36125183,0.99621450,3788,0.01440048,0.99986996,151,0.34685135,-0.00365546,0.18782616,0.36125183
731,0.36182404,0.99612104,3794,0.01506805,0.99983771,158,0.34675598,-0.00371667,0.18844604,0.36182404
732,0.37651062,0.99596505,3948,0.02098083,0.99977635,220,0.35552979,-0.00381131,0.19874573,0.37651062
733,0.37841797,0.99581336,3968,0.02517700,0.99969810,264,0.35324097,-0.00388474,0.20179749,0.37841797
734,0.39443970,0.99594091,4136,0.10633469,0.99672114,1115,0.28810501,-0.00078023,0.25038719,0.39443970
735,0.41007996,0.99580486,4300,0.10795593,0.99672678,1132,0.30212402,-0.00092191,0.25901794,0.41007996
736,0.41570663,0.99572668,4359,0.11463165,0.99627219,1202,0.30107498,-0.00054551,0.26516914,0.41570663
737,0.42390823,0.99548432,4445,0.11606216,0.99621320,1217,0.30784607,-0.00072889,0.26998520,0.42390823
738,0.42943954,0.99538255,4503,0.11587143,0.99627138,1215,0.31356812,-0.00088883,0.27265549,0.42943954
739,0.43945312,0.99520898,4608,0.11310577,0.99639970,1186,0.32634735,-0.00119073,0.27627945,0.43945312
740,0.45318604,0.99507977,4752,0.11434555,0.99644343,1199,0.33884048,-0.00136366,0.28376579,0.45318604
741,0.45785904,0.99484848,4801,0.11777878,0.99635638,1235,0.34008026,-0.00150790,0.28781891,0.45785904
742,0.25615692,0.99739380,2686,0.02851486,0.99967954,299,0.22764206,-0.00228574,0.14233589,0.25615692
743,0.26922226,0.99710658,2823,0.02670288,0.99967629,280,0.24251938,-0.00256971,0.14796257,0.26922226
744,0.26779175,0.99705321,2808,0.02794266,0.99966261,293,0.23984909,-0.00260940,0.14786720,0.26779175
745,0.29525757,0.99673612,3096,0.04339218,0.99942084,455,0.25186539,-0.00268472,0.16932487,0.29525757
746,0.28352737,0.99674879,2973,0.02546310,0.99964601,267,0.25806427,-0.00289722,0.15449524,0.28352737
747,0.29344559,0.99664304,3077,0.03099442,0.99962105,325,0.26245117,-0.00297801,0.16222000,0.29344559
748,0.29983521,0.99653917,3144,0.02689362,0.99959361,282,0.27294159,-0.00305443,0.16336441,0.29983521
749,0.30107498,0.99636420,3157,0.03070831,0.99950000,322,0.27036667,-0.00313580,0.16589165,0.30107498
750,0.26340485,0.99716802,2762,0.01544952,0.99971582,162,0.24795532,-0.00254780,0.13942719,0.26340485
751,0.28371811,0.99700397,2975,0.01850128,0.99969896,194,0.26521683,-0.00269499,0.15110970,0.28371811
752,0.28123856,0.99681190,2949,0.01459122,0.99969243,153,0.26664734,-0.00288053,0.14791489,0.28123856
753,0.28886795,0.99674504,3029,0.01668930,0.99967561,175,0.27217865,-0.00293056,0.15277863,0.28886795
754,0.29668808,0.99657748,3111,0.01583099,0.99967226,166,0.28085709,-0.00309478,0.15625954,0.29668808
755,0.30918121,0.99642980,3242,0.01859665,0.99964312,195,0.29058456,-0.00321332,0.16388893,0.30918121
756,0.31871796,0.99630265,3342,0.01859665,0.99961132,195,0.30012131,-0.00330867,0.16865730,0.31871796
757,0.32234192,0.99616329,3380,0.01993179,0.99952799,209,0.30241013,-0.00336470,0.17113686,0.32234192
758,0.24671555,0.99734962,2587,0.01773834,0.99968032,186,0.22897720,-0.00233070,0.13222694,0.24671555
759,0.26512146,0.99720634,2780,0.01773834,0.99966569,186,0.24738312,-0.00245935,0.14142990,0.26512146
760,0.27198792,0.99703120,2852,0.01802444,0.99964787,189,0.25396347,-0.00261667,0.14500618,0.27198792
761,0.27437210,0.99685938,2877,0.01840591,0.99962651,193,0.25596619,-0.00276713,0.14638901,0.27437210
762,0.28524399,0.99683689,2991,0.01888275,0.99960574,198,0.26636124,-0.00276884,0.15206337,0.28524399
763,0.29249191,0.99669566,3067,0.01935959,0.99959488,203,0.27313232,-0.00289923,0.15592575,0.29249191
764,0.30622482,0.99645889,3211,0.02050400,0.99956515,215,0.28572083,-0.00310626,0.16336441,0.30622482
765,0.31156540,0.99646691,3267,0.02431870,0.99944703,255,0.28724670,-0.00298013,0.16794205,0.31156540
766,0.26054382,0.99726394,2732,0.01144409,0.99967938,120,0.24909973,-0.00241544,0.13599396,0.26054382
767,0.28133392,0.99701881,2950,0.01201630,0.99966880,126,0.26931763,-0.00264999,0.14667511,0.28133392
768,0.28734207,0.99697002,3013,0.01258850,0.99966783,132,0.27475357,-0.00269781,0.14996529,0.28734207
769,0.29239655,0.99696509,3066,0.01316071,0.99966971,138,0.27923584,-0.00270462,0.15277863,0.29239655
770,0.30412674,0.99682636,3189,0.01363754,0.99966982,143,0.29048920,-0.00284347,0.15888214,0.30412674
771,0.30956268,0.99673415,3246,0.01411438,0.99966625,148,0.29544830,-0.00293210,0.16183853,0.30956268
772,0.32529831,0.99652620,3411,0.01554489,0.99963830,163,0.30975342,-0.00311211,0.17042160,0.32529831
773,0.32844543,0.99643928,3444,0.01916885,0.99955351,201,0.30927658,-0.00311423,0.17380714,0.32844543
774,0.35533905,0.99589361,3726,0.08859634,0.99832518,929,0.26674271,-0.00243156,0.22196770,0.35533905
775,0.37727356,0.99574401,3956,0.09021759,0.99829242,946,0.28705597,-0.00254841,0.23374557,0.37727356
776,0.38328171,0.99562804,4019,0.09117126,0.99835990,956,0.29211044,-0.00273186,0.23722649,0.38328171
777,0.39253235,0.99540285,4116,0.09164810,0.99831075,961,0.30088425,-0.00290790,0.24209023,0.39253235
778,0.40197372,0.99546080,4215,0.09336472,0.99830840,979,0.30860901,-0.00284760,0.24766922,0.40197372
779,0.40807724,0.99526393,4279,0.10166168,0.99812933,1066,0.30641556,-0.00286540,0.25486946,0.40807724
780,0.42619705,0.99499777,4469,0.10423660,0.99804595,1093,0.32196045,-0.00304818,0.26521683,0.42619705
781,0.42638779,0.99508659,4471,0.10423660,0.99811323,1093,0.32215118,-0.00302665,0.26531219,0.42638779
782,0.31557083,0.99695962,3309,0.04558563,0.99927657,478,0.26998520,-0.00231695,0.18057823,0.31557083
783,0.34036636,0.99678797,3569,0.04758835,0.99926939,499,0.29277802,-0.00248141,0.19397736,0.34036636
784,0.34170151,0.99664799,3583,0.04673004,0.99926327,490,0.29497147,-0.00261528,0.19421577,0.34170151
785,0.35161972,0.99658117,3687,0.04930496,0.99925068,517,0.30231476,-0.00266951,0.20046234,0.35161972
786,0.35705566,0.99641322,3744,0.05054474,0.99920199,530,0.30651093,-0.00278877,0.20380020,0.35705566
787,0.36668777,0.99625898,3845,0.06017685,0.99901452,631,0.30651093,-0.00275554,0.21343231,0.36668777
788,0.38375854,0.99605996,4024,0.06046295,0.99898653,634,0.32329559,-0.00292657,0.22211075,0.38375854
789,0.38108826,0.99616256,3996,0.06227493,0.99903944,653,0.31881332,-0.00287687,0.22168159,0.38108826
790,0.30307770,0.99713220,3178,0.03747940,0.99934348,393,0.26559830,-0.00221127,0.17027855,0.30307770
791,0.32310486,0.99699315,3388,0.04091263,0.99933156,429,0.28219223,-0.00233841,0.18200874,0.32310486
792,0.32882690,0.99693213,3448,0.03843307,0.99933429,403,0.29039383,-0.00240216,0.18362999,0.32882690
793,0.33826828,0.99681337,3547,0.04482269,0.99930798,470,0.29344559,-0.00249461,0.19154549,0.33826828
794,0.36859512,0.99642336,3865,0.06856918,0.99890746,719,0.30002594,-0.00248411,0.21858215,0.36859512
795,0.36163330,0.99647143,3792,0.05769730,0.99899533,605,0.30393600,-0.00252390,0.20966530,0.36163330
796,0.36849976,0.99643569,3864,0.05264282,0.99911390,552,0.31585693,-0.00267820,0.21057129,0.36849976
797,0.37431717,0.99640028,3925,0.05416870,0.99918360,568,0.32014847,-0.00278332,0.21424294,0.37431717
798,0.37078857,0.99673917,3888,0.03757477,0.99936165,394,0.33321381,-0.00262249,0.20418167,0.37078857
799,0.39138794,0.99665186,4104,0.03805161,0.99936187,399,0.35333633,-0.00271002,0.21471977,0.39138794
800,0.39157867,0.99659335,4106,0.03728867,0.99939165,391,0.35429001,-0.00279830,0.21443367,0.39157867
801,0.41313171,0.99629578,4332,0.03900528,0.99933581,409,0.37412643,-0.00304003,0.22606850,0.41313171
802,0.41913986,0.99609829,4395,0.04730225,0.99915320,496,0.37183762,-0.00305491,0.23322105,0.41913986
803,0.43478012,0.99593043,4559,0.05569458,0.99905114,584,0.37908554,-0.00312071,0.24523735,0.43478012
804,0.45528412,0.99556173,4774,0.07543564,0.99879274,791,0.37984848,-0.00323101,0.26535988,0.45528412
805,0.45309067,0.99578522,4751,0.04510880,0.99937842,473,0.40798187,-0.00359319,0.24909973,0.45309067
806,0.29678345,0.99743349,3112,0.04072189,0.99945110,427,0.25606155,-0.00201761,0.16875267,0.29678345
807,0.31270981,0.99732305,3279,0.04110336,0.99942635,431,0.27160645,-0.00210330,0.17690659,0.31270981
808,0.31595230,0.99722940,3313,0.04215240,0.99941237,442,0.27379990,-0.00218298,0.17905235,0.31595230
809,0.32873154,0.99702715,3447,0.04310608,0.99939588,452,0.28562546,-0.00236873,0.18591881,0.32873154
810,0.35285950,0.99675343,3700,0.05617142,0.99929184,589,0.29668808,-0.00253841,0.20451546,0.35285950
811,0.35219193,0.99682868,3693,0.04882812,0.99943387,512,0.30336380,-0.00260518,0.20051003,0.35219193
812,0.35305023,0.99687568,3702,0.04453659,0.99943608,467,0.30851364,-0.00256039,0.19879341,0.35305023
813,0.28972626,0.99754446,3038,0.04177094,0.99949260,438,0.24795532,-0.00194814,0.16574860,0.28972626
814,0.30822754,0.99743658,3232,0.04129410,0.99951361,433,0.26693344,-0.00207704,0.17476082,0.30822754
815,0.30755997,0.99742596,3225,0.04167557,0.99949528,437,0.26588440,-0.00206932,0.17461777,0.30755997
816,0.31652451,0.99731083,3319,0.04386902,0.99944506,460,0.27265549,-0.00213424,0.18019676,0.31652451
817,0.33292770,0.99708520,3491,0.05807877,0.99927711,609,0.27484894,-0.00219190,0.19550323,0.33292770
818,0.33750534,0.99714420,3539,0.05474091,0.99939491,574,0.28276443,-0.00225071,0.19612312,0.33750534
819,0.34189224,0.99703784,3585,0.04863739,0.99947534,510,0.29325485,-0.00243750,0.19526482,0.34189224
820,0.34379959,0.99710451,3605,0.04549026,0.99947532,477,0.29830933,-0.00237081,0.19464493,0.34379959
821,0.27379990,0.99737330,2871,0.04062653,0.99952953,426,0.23317337,-0.00215623,0.15721321,0.27379990
822,0.28743744,0.99728007,3014,0.04091263,0.99950628,429,0.24652481,-0.00222621,0.16417503,0.28743744
823,0.28667450,0.99742606,3006,0.04148483,0.99949905,435,0.24518967,-0.00207299,0.16407967,0.28667450
824,0.30860901,0.99701194,3236,0.04596710,0.99946547,482,0.26264191,-0.00245353,0.17728806,0.30860901
825,0.32224655,0.99697149,3379,0.05588531,0.99935528,586,0.26636124,-0.00238379,0.18906593,0.32224655
826,0.32243729,0.99704771,3381,0.05855560,0.99939281,614,0.26388168,-0.00234511,0.19049644,0.32243729
827,0.32701492,0.99686589,3429,0.04787445,0.99949953,502,0.27914047,-0.00263364,0.18744469,0.32701492
828,0.33121109,0.99691491,3473,0.04701614,0.99947048,493,0.28419495,-0.00255557,0.18911362,0.33121109
829,0.26102066,0.99730888,2737,0.03681183,0.99965935,386,0.22420883,-0.00235047,0.14891624,0.26102066
830,0.27809143,0.99713148,2916,0.03681183,0.99964554,386,0.24127960,-0.00251405,0.15745163,0.27809143
831,0.28114319,0.99714549,2948,0.03652573,0.99964900,383,0.24461746,-0.00250351,0.15883446,0.28114319
832,0.28533936,0.99713624,2992,0.03814697,0.99963795,400,0.24719238,-0.00250171,0.16174316,0.28533936
833,0.30937195,0.99680934,3244,0.05006790,0.99952150,525,0.25930405,-0.00271215,0.17971992,0.30937195
834,0.31480789,0.99676768,3301,0.05092621,0.99956497,534,0.26388168,-0.00279729,0.18286705,0.31480789
835,0.31003952,0.99677334,3251,0.04453659,0.99962398,467,0.26550293,-0.00285064,0.17728806,0.31003952
836,0.32148361,0.99665274,3371,0.03900528,0.99962795,409,0.28247833,-0.00297521,0.18024445,0.32148361
837,0.25587082,0.99731315,2683,0.03919601,0.99958289,411,0.21667480,-0.00226974,0.14753342,0.25587082
838,0.26988983,0.99712669,2830,0.04529953,0.99947002,475,0.22459030,-0.00234333,0.15759468,0.26988983
839,0.27751923,0.99707661,2910,0.04014969,0.99958808,421,0.23736954,-0.00251148,0.15883446,0.27751923
840,0.28476715,0.99693881,2986,0.04043579,0.99958798,424,0.24433136,-0.00264916,0.16260147,0.28476715
841,0.30460358,0.99673225,3194,0.05235672,0.99947962,549,0.25224686,-0.00274737,0.17848015,0.30460358
842,0.31204224,0.99669458,3272,0.05550385,0.99948258,582,0.25653839,-0.00278800,0.18377304,0.31204224
843,0.30784607,0.99660818,3228,0.05149841,0.99952659,540,0.25634766,-0.00291842,0.17967224,0.30784607
844,0.32367706,0.99645443,3394,0.04453659,0.99958281,467,0.27914047,-0.00312838,0.18410683,0.32367706
845,0.26350021,0.99762092,2763,0.04663467,0.99952237,489,0.21686554,-0.00190144,0.15506744,0.26350021
846,0.28209686,0.99733958,2958,0.05168915,0.99942528,542,0.23040771,-0.00208570,0.16689301,0.28209686
847,0.29010773,0.99732189,3042,0.04749298,0.99952026,498,0.24261475,-0.00219837,0.16880035,0.29010773
848,0.29191971,0.99730425,3061,0.04844666,0.99952176,508,0.24347305,-0.00221751,0.17018318,0.29191971
849,0.31394958,0.99705940,3292,0.05912781,0.99941572,620,0.25482178,-0.00235632,0.18653870,0.31394958
850,0.32329559,0.99701577,3390,0.06589890,0.99943449,691,0.25739670,-0.00241872,0.19459724,0.32329559
851,0.31719208,0.99693307,3326,0.05846024,0.99945537,613,0.25873184,-0.00252230,0.18782616,0.31719208
852,0.33302307,0.99675519,3492,0.05283356,0.99948121,554,0.28018951,-0.00272602,0.19292831,0.33302307
853,0.25520325,0.99758239,2676,0.04529953,0.99957094,475,0.20990372,-0.00198854,0.15025139,0.25520325
854,0.28009415,0.99728131,2937,0.05149841,0.99946383,540,0.22859573,-0.00218253,0.16579628,0.28009415
855,0.27532578,0.99734109,2887,0.04615784,0.99957420,484,0.22916794,-0.00223311,0.16074181,0.27532578
856,0.29354095,0.99648889,3078,0.05731583,0.99876393,601,0.23622513,-0.00227504,0.17542839,0.29354095
857,0.30374527,0.99713129,3185,0.05702972,0.99952089,598,0.24671555,-0.00238960,0.18038750,0.30374527
858,0.31061172,0.99706557,3257,0.06418228,0.99953923,673,0.24642944,-0.00247366,0.18739700,0.31061172
859,0.30317307,0.99708850,3179,0.05731583,0.99956357,601,0.24585724,-0.00247507,0.18024445,0.30317307
860,0.32196045,0.99682645,3376,0.05207062,0.99958228,546,0.26988983,-0.00275583,0.18701553,0.32196045
861,0.34236908,0.99699854,3590,0.03232956,0.99989131,339,0.31003952,-0.00289276,0.18734932,0.34236908
862,0.35686493,0.99685224,3742,0.03271103,0.99988929,343,0.32415390,-0.00303705,0.19478798,0.35686493
863,0.37231445,0.99667984,3904,0.03309250,0.99988584,347,0.33922195,-0.00320600,0.20270348,0.37231445
864,0.37174225,0.99670501,3898,0.03318787,0.99988659,348,0.33855438,-0.00318158,0.20246506,0.37174225
865,0.39253235,0.99656294,4116,0.04386902,0.99985987,460,0.34866333,-0.00329693,0.21820068,0.39253235
866,0.40130615,0.99652738,4208,0.05111694,0.99983596,536,0.35018921,-0.00330857,0.22621155,0.40130615
867,0.41065216,0.99639676,4306,0.04396439,0.99986039,461,0.36668777,-0.00346364,0.22730827,0.41065216
868,0.41370392,0.99619405,4338,0.03843307,0.99988976,403,0.37527084,-0.00369571,0.22606850,0.41370392
869,0.28190613,0.99769964,2956,0.03223419,0.99990698,338,0.24967194,-0.00220733,0.15707016,0.28190613
870,0.30641556,0.99732375,3213,0.03242493,0.99990260,340,0.27399063,-0.00257885,0.16942024,0.30641556
871,0.32072067,0.99724993,3363,0.03232956,0.99989816,339,0.28839111,-0.00264824,0.17652512,0.32072067
872,0.33283234,0.99714637,3490,0.04224777,0.99986568,443,0.29058456,-0.00271931,0.18754005,0.33283234
873,0.34246445,0.99707053,3591,0.04978180,0.99983510,522,0.29268265,-0.00276458,0.19612312,0.34246445
874,0.34255981,0.99704621,3592,0.04234314,0.99987066,444,0.30021667,-0.00282444,0.19245148,0.34255981
875,0.35839081,0.99668732,3758,0.03738403,0.99988540,392,0.32100677,-0.00319808,0.19788742,0.35839081
876,0.23193359,0.99803912,2432,0.03232956,0.99988299,339,0.19960403,-0.00184388,0.13213158,0.23193359
877,0.24814606,0.99785235,2602,0.03356934,0.99987768,352,0.21457672,-0.00202532,0.14085770,0.24814606
878,0.25358200,0.99776992,2659,0.03271103,0.99987158,343,0.22087097,-0.00210166,0.14314651,0.25358200
879,0.27484894,0.99761381,2882,0.04606247,0.99972097,483,0.22878647,-0.00210716,0.16045570,0.27484894
880,0.28066635,0.99756938,2943,0.04405975,0.99981355,462,0.23660660,-0.00224418,0.16236305,0.28066635
881,0.28743744,0.99744656,3014,0.05025864,0.99978304,527,0.23717880,-0.00233648,0.16884804,0.28743744
882,0.27961731,0.99747309,2932,0.04262924,0.99982704,447,0.23698807,-0.00235395,0.16112328,0.27961731
883,0.29726028,0.99723009,3117,0.03738403,0.99984914,392,0.25987625,-0.00261905,0.16732216,0.29726028
884,0.26273727,0.99789948,2755,0.05340576,0.99971877,560,0.20933151,-0.00181929,0.15807152,0.26273727
885,0.27847290,0.99772840,2920,0.05340576,0.99971765,560,0.22506714,-0.00198924,0.16593933,0.27847290
886,0.28190613,0.99763690,2956,0.05340576,0.99971769,560,0.22850037,-0.00208079,0.16765594,0.28190613
887,0.29754639,0.99754415,3120,0.06160736,0.99965254,646,0.23593903,-0.00210838,0.17957687,0.29754639
888,0.32205582,0.99736595,3377,0.07429123,0.99960606,779,0.24776459,-0.00224011,0.19817352,0.32205582
889,0.31967163,0.99727500,3352,0.06847382,0.99963458,718,0.25119781,-0.00235959,0.19407272,0.31967163
890,0.31509399,0.99730115,3304,0.06103516,0.99968451,640,0.25405884,-0.00238336,0.18806458,0.31509399
891,0.32758713,0.99714557,3435,0.05731583,0.99968248,601,0.27027130,-0.00253691,0.19245148,0.32758713
892,0.26674271,0.99784181,2797,0.05187988,0.99972383,544,0.21486282,-0.00188202,0.15931129,0.26674271
893,0.28610229,0.99760436,3000,0.05140305,0.99972044,539,0.23469925,-0.00211607,0.16875267,0.28610229
894,0.28457642,0.99754104,2984,0.05140305,0.99971878,539,0.23317337,-0.00217774,0.16798973,0.28457642
895,0.30241013,0.99744781,3171,0.06141663,0.99967225,644,0.24099350,-0.00222445,0.18191338,0.30241013
896,0.32300949,0.99726788,3387,0.07362366,0.99963286,772,0.24938583,-0.00236499,0.19831657,0.32300949
897,0.32234192,0.99717476,3380,0.06580353,0.99964808,690,0.25653839,-0.00247332,0.19407272,0.32234192
898,0.31929016,0.99714814,3348,0.05760193,0.99968341,604,0.26168823,-0.00253526,0.18844604,0.31929016
899,0.32234192,0.99706959,3380,0.05607605,0.99968151,588,0.26626587,-0.00261192,0.18920898,0.32234192
900,0.26264191,0.99770434,2754,0.06465912,0.99942777,678,0.19798279,-0.00172343,0.16365051,0.26264191
901,0.28448105,0.99755368,2983,0.06923676,0.99934661,726,0.21524429,-0.00179292,0.17685890,0.28448105
902,0.28676987,0.99739899,3007,0.06647110,0.99936557,697,0.22029877,-0.00196658,0.17662048,0.28676987
903,0.30508041,0.99727888,3199,0.07734299,0.99930349,811,0.22773743,-0.00202461,0.19121170,0.30508041
904,0.32215118,0.99713395,3378,0.09145737,0.99917352,959,0.23069382,-0.00203957,0.20680428,0.32215118
905,0.31356812,0.99708141,3288,0.07810593,0.99929177,819,0.23546219,-0.00221036,0.19583702,0.31356812
906,0.30927658,0.99710275,3243,0.06961823,0.99935689,730,0.23965836,-0.00225413,0.18944740,0.30927658
907,0.31785965,0.99704186,3333,0.07476807,0.99929428,784,0.24309158,-0.00225242,0.19631386,0.31785965
908,0.30326843,0.99632430,3180,0.06303787,0.99920348,661,0.24023056,-0.00287918,0.18315315,0.30326843
909,0.32587051,0.99615319,3417,0.06132126,0.99924158,643,0.26454926,-0.00308839,0.19359589,0.32587051
910,0.32720566,0.99606068,3431,0.06160736,0.99926260,646,0.26559830,-0.00320193,0.19440651,0.32720566
911,0.34370422,0.99587531,3604,0.07858276,0.99907823,824,0.26512146,-0.00320291,0.21114349,0.34370422
912,0.35810471,0.99560800,3755,0.08211136,0.99903791,861,0.27599335,-0.00342991,0.22010803,0.35810471
913,0.36039352,0.99556132,3779,0.07181168,0.99912628,753,0.28858185,-0.00356496,0.21610260,0.36039352
914,0.35791397,0.99553569,3753,0.06618500,0.99917098,694,0.29172897,-0.00363529,0.21204948,0.35791397
915,0.36525726,0.99550805,3830,0.07467270,0.99914398,783,0.29058456,-0.00363593,0.21996498,0.36525726
916,0.64592361,0.99173234,6773,0.09822845,0.99906657,1030,0.54769516,-0.00733423,0.37207603,0.64592361
917,0.66938400,0.99143415,7019,0.09880066,0.99906764,1036,0.57058334,-0.00763349,0.38409233,0.66938400
918,0.66747665,0.99122978,6999,0.09918213,0.99904763,1040,0.56829453,-0.00781785,0.38332939,0.66747665
919,0.71125031,0.99079446,7458,0.12493134,0.99880205,1310,0.58631897,-0.00800758,0.41809082,0.71125031
920,0.70390701,0.99090745,7381,0.11425018,0.99888168,1198,0.58965683,-0.00797424,0.40907860,0.70390701
921,0.68864822,0.99097935,7221,0.10204315,0.99898346,1070,0.58660507,-0.00800411,0.39534569,0.68864822
922,0.69885254,0.99105113,7328,0.10099411,0.99902413,1059,0.59785843,-0.00797300,0.39992332,0.69885254
923,0.72050095,0.99067791,7555,0.11520386,0.99886354,1208,0.60529709,-0.00818563,0.41785240,0.72050095
924,0.65870285,0.99219242,6907,0.12187958,0.99889385,1278,0.53682327,-0.00670143,0.39029121,0.65870285
925,0.68607330,0.99186087,7194,0.12474060,0.99879530,1308,0.56133270,-0.00693443,0.40540695,0.68607330
926,0.68998337,0.99169935,7235,0.12807846,0.99882088,1343,0.56190491,-0.00712154,0.40903091,0.68998337
927,0.71916580,0.99138543,7541,0.15420914,0.99858802,1617,0.56495667,-0.00720259,0.43668747,0.71916580
928,0.69904327,0.99144992,7330,0.12855530,0.99873190,1348,0.57048798,-0.00728199,0.41379929,0.69904327
929,0.70276260,0.99143686,7369,0.13189316,0.99875294,1383,0.57086945,-0.00731609,0.41732788,0.70276260
930,0.74739456,0.99093868,7837,0.15172958,0.99853104,1591,0.59566498,-0.00759236,0.44956207,0.74739456
931,0.34456253,0.99604487,3613,0.07848740,0.99924589,823,0.26607513,-0.00320102,0.21152496,0.34456253
932,0.37279129,0.99574462,3909,0.08001328,0.99923272,839,0.29277802,-0.00348811,0.22640228,0.37279129
933,0.37384033,0.99571228,3920,0.08087158,0.99921862,848,0.29296875,-0.00350634,0.22735596,0.37384033
934,0.38862228,0.99557988,4075,0.10700226,0.99900395,1122,0.28162003,-0.00342408,0.24781227,0.38862228
935,0.37136078,0.99576909,3894,0.08049011,0.99919886,844,0.29087067,-0.00342977,0.22592545,0.37136078
936,0.37069321,0.99566706,3887,0.08020401,0.99919630,841,0.29048920,-0.00352923,0.22544861,0.37069321
937,0.41341782,0.99527250,4335,0.11253357,0.99897295,1180,0.30088425,-0.00370045,0.26297569,0.41341782
938,0.38051605,0.99562473,3990,0.08764267,0.99916334,919,0.29287338,-0.00353861,0.23407936,0.38051605
939,0.34914017,0.99567519,3661,0.08811951,0.99898581,924,0.26102066,-0.00331062,0.21862984,0.34914017
940,0.37527084,0.99550465,3935,0.08897781,0.99898225,933,0.28629303,-0.00347760,0.23212433,0.37527084
941,0.36754608,0.99537302,3854,0.09193420,0.99894601,964,0.27561188,-0.00357299,0.22974014,0.36754608
942,0.39758682,0.99520520,4169,0.11997223,0.99874275,1258,0.27761459,-0.00353755,0.25877953,0.39758682
943,0.38013458,0.99534464,3986,0.09527206,0.99897068,999,0.28486252,-0.00362604,0.23770332,0.38013458
944,0.38566589,0.99519542,4044,0.09708405,0.99891251,1018,0.28858185,-0.00371709,0.24137497,0.38566589
945,0.38986206,0.99517722,4088,0.09860992,0.99889499,1034,0.29125214,-0.00371778,0.24423599,0.38986206
946,0.41341782,0.99503370,4335,0.11682510,0.99872244,1225,0.29659271,-0.00368874,0.26512146,0.41341782
947,0.37984848,0.99592438,3983,0.15735626,0.99800921,1650,0.22249222,-0.00208483,0.26860237,0.37984848
948,0.39596558,0.99574974,4152,0.16212463,0.99795166,1700,0.23384094,-0.00220192,0.27904510,0.39596558
949,0.40388107,0.99541471,4235,0.16250610,0.99783332,1704,0.24137497,-0.00241861,0.28319359,0.40388107
950,0.42457581,0.99534402,4452,0.17957687,0.99773995,1883,0.24499893,-0.00239593,0.30207634,0.42457581
951,0.43182373,0.99525800,4528,0.18396378,0.99782665,1929,0.24785995,-0.00256866,0.30789375,0.43182373
952,0.43058395,0.99498767,4515,0.17442703,0.99772640,1829,0.25615692,-0.00273873,0.30250549,0.43058395
953,0.41847229,0.99522976,4388,0.16498566,0.99790476,1730,0.25348663,-0.00267500,0.29172897,0.41847229
954,0.42972565,0.99497637,4506,0.17118454,0.99771228,1795,0.25854111,-0.00273591,0.30045509,0.42972565
955,0.54578781,0.99381881,5723,0.13923645,0.99822560,1460,0.40655136,-0.00440679,0.34251213,0.54578781
956,0.55761337,0.99374343,5847,0.14066696,0.99809257,1475,0.41694641,-0.00434914,0.34914017,0.55761337
957,0.56686401,0.99363049,5944,0.13904572,0.99801038,1458,0.42781830,-0.00437989,0.35295486,0.56686401
958,0.57849884,0.99331956,6066,0.14543533,0.99794841,1525,0.43306351,-0.00462885,0.36196709,0.57849884
959,0.59604645,0.99320551,6250,0.16078949,0.99770330,1686,0.43525696,-0.00449779,0.37841797,0.59604645
960,0.60586929,0.99300388,6353,0.15907288,0.99794235,1668,0.44679642,-0.00493847,0.38247108,0.60586929
961,0.61197281,0.99306884,6417,0.15859604,0.99787737,1663,0.45337677,-0.00480853,0.38528442,0.61197281
962,0.61912537,0.99279226,6492,0.15974045,0.99798458,1675,0.45938492,-0.00519232,0.38943291,0.61912537
963,0.32281876,0.99637825,3385,0.19311905,0.99728214,2025,0.12969971,-0.00090390,0.25796890,0.32281876
964,0.33054352,0.99608975,3466,0.19340515,0.99711751,2028,0.13713837,-0.00102776,0.26197433,0.33054352
965,0.32606125,0.99616857,3419,0.18644333,0.99725427,1955,0.13961792,-0.00108570,0.25625229,0.32606125
966,0.33397675,0.99590484,3502,0.18453598,0.99698575,1935,0.14944077,-0.00108091,0.25925636,0.33397675
967,0.32529831,0.99619136,3411,0.17757416,0.99734892,1862,0.14772415,-0.00115756,0.25143623,0.32529831
968,0.32453537,0.99622655,3403,0.17681122,0.99734272,1854,0.14772415,-0.00111617,0.25067329,0.32453537
969,0.31690598,0.99630774,3323,0.16984940,0.99736724,1781,0.14705658,-0.00105950,0.24337769,0.31690598
970,0.31757355,0.99619997,3330,0.16469955,0.99752441,1727,0.15287399,-0.00132444,0.24113655,0.31757355
971,0.26702881,0.99689871,2800,0.11863708,0.99837738,1244,0.14839172,-0.00147867,0.19283295,0.26702881
972,0.27208328,0.99683939,2853,0.11692047,0.99840559,1226,0.15516281,-0.00156620,0.19450188,0.27208328
973,0.27723312,0.99667676,2907,0.11453629,0.99849268,1201,0.16269684,-0.00181592,0.19588470,0.27723312
974,0.28190613,0.99652931,2956,0.10967255,0.99840533,1150,0.17223358,-0.00187602,0.19578934,0.28190613
975,0.28667450,0.99635578,3006,0.10881424,0.99838292,1141,0.17786026,-0.00202714,0.19774437,0.28667450
976,0.29506683,0.99624723,3094,0.10910034,0.99842055,1144,0.18596649,-0.00217332,0.20208359,0.29506683
977,0.30374527,0.99613065,3185,0.10347366,0.99845408,1085,0.20027161,-0.00232343,0.20360947,0.30374527
978,0.29859543,0.99626081,3131,0.09880066,0.99861708,1036,0.19979477,-0.00235627,0.19869804,0.29859543
979,0.30775070,0.99629393,3227,0.15411377,0.99713420,1616,0.15363693,-0.00084027,0.23093224,0.30775070
980,0.30565262,0.99594688,3205,0.14829636,0.99676870,1555,0.15735626,-0.00082182,0.22697449,0.30565262
981,0.30889511,0.99620143,3239,0.13790131,0.99706295,1446,0.17099380,-0.00086152,0.22339821,0.30889511
982,0.31137466,0.99613507,3265,0.13446808,0.99718854,1410,0.17690659,-0.00105346,0.22292137,0.31137466
983,0.32424927,0.99591933,3400,0.12855530,0.99764763,1348,0.19569397,-0.00172830,0.22640228,0.32424927
984,0.32253265,0.99600183,3382,0.11653900,0.99803160,1222,0.20599365,-0.00202977,0.21953583,0.32253265
985,0.32720566,0.99598561,3431,0.10261536,0.99840046,1076,0.22459030,-0.00241485,0.21491051,0.32720566
986,0.33683777,0.99579395,3532,0.09326935,0.99862524,978,0.24356842,-0.00283129,0.21505356,0.33683777
987,0.30984879,0.99593572,3249,0.07419586,0.99886379,778,0.23565292,-0.00292807,0.19202232,0.30984879
988,0.31871796,0.99585689,3342,0.06809235,0.99903372,714,0.25062561,-0.00317683,0.19340515,0.31871796
989,0.33531189,0.99556197,3516,0.06504059,0.99910941,682,0.27027130,-0.00354744,0.20017624,0.33531189
990,0.36449432,0.99492906,3822,0.08296967,0.99869495,870,0.28152466,-0.00376589,0.22373199,0.36449432
991,0.36249161,0.99501184,3801,0.07638931,0.99893774,801,0.28610229,-0.00392590,0.21944046,0.36249161
992,0.36554337,0.99500433,3833,0.07505417,0.99899691,787,0.29048920,-0.00399259,0.22029877,0.36554337
993,0.38623810,0.99461097,4050,0.07934570,0.99886830,832,0.30689240,-0.00425733,0.23279190,0.38623810
994,0.29973984,0.99604664,3143,0.04405975,0.99953438,462,0.25568008,-0.00348774,0.17189980,0.29973984
995,0.31824112,0.99574894,3337,0.04329681,0.99954408,454,0.27494431,-0.00379514,0.18076897,0.31824112
996,0.35047531,0.99511319,3675,0.06151199,0.99913923,645,0.28896332,-0.00402604,0.20599365,0.35047531
997,0.34179688,0.99541576,3584,0.04911423,0.99948371,515,0.29268265,-0.00406795,0.19545555,0.34179688
998,0.35905838,0.99504504,3765,0.05493164,0.99943316,576,0.30412674,-0.00438812,0.20699501,0.35905838
999,0.36153793,0.99510240,3791,0.05216599,0.99949273,547,0.30937195,-0.00439033,0.20685196,0.36153793
1000,0.37174225,0.99488192,3898,0.05197525,0.99949070,545,0.31976700,-0.00460879,0.21185875,0.37174225
1001,0.37870407,0.99463401,3971,0.05245209,0.99944478,550,0.32625198,-0.00481077,0.21557808,0.37870407
1002,0.32310486,0.99546140,3388,0.04301071,0.99953081,451,0.28009415,-0.00406940,0.18305779,0.32310486
1003,0.34055710,0.99532555,3571,0.04310608,0.99952786,452,0.29745102,-0.00420231,0.19183159,0.34055710
1004,0.35896301,0.99492376,3764,0.04301071,0.99952672,451,0.31595230,-0.00460296,0.20098686,0.35896301
1005,0.35610199,0.99499788,3734,0.04959106,0.99943839,520,0.30651093,-0.00444051,0.20284653,0.35610199
1006,0.37689209,0.99467095,3952,0.05531311,0.99941493,580,0.32157898,-0.00474398,0.21610260,0.37689209
1007,0.38127899,0.99447970,3998,0.05302429,0.99941028,556,0.32825470,-0.00493058,0.21715164,0.38127899
1008,0.39062500,0.99422218,4096,0.04997253,0.99941910,524,0.34065247,-0.00519692,0.22029877,0.39062500
1009,0.40721893,0.99403245,4270,0.05025864,0.99940677,527,0.35696030,-0.00537432,0.22873878,0.40721893
1010,0.37145615,0.99517838,3895,0.06713867,0.99914762,704,0.30431747,-0.00396925,0.21929741,0.37145615
1011,0.39033890,0.99484800,4093,0.06685257,0.99914260,701,0.32348633,-0.00429460,0.22859573,0.39033890
1012,0.40092468,0.99455801,4204,0.07009506,0.99909679,735,0.33082962,-0.00453878,0.23550987,0.40092468
1013,0.42791367,0.99416056,4487,0.08535385,0.99892395,895,0.34255981,-0.00476339,0.25663376,0.42791367
1014,0.42743683,0.99425513,4482,0.08220673,0.99898215,862,0.34523010,-0.00472701,0.25482178,0.42743683
1015,0.45261383,0.99382228,4746,0.08764267,0.99884443,919,0.36497116,-0.00502214,0.27012825,0.45261383
1016,0.44908524,0.99370070,4709,0.08563995,0.99886865,898,0.36344528,-0.00516794,0.26736259,0.44908524
1017,0.46205521,0.99352700,4845,0.07963181,0.99895539,835,0.38242340,-0.00542839,0.27084351,0.46205521
1018,0.33636093,0.99601452,3527,0.04281998,0.99952712,449,0.29354095,-0.00351260,0.18959045,0.33636093
1019,0.35886765,0.99578504,3763,0.04310608,0.99952647,452,0.31576157,-0.00374143,0.20098686,0.35886765
1020,0.36907196,0.99553352,3870,0.04787445,0.99947572,502,0.32119751,-0.00394221,0.20847321,0.36907196
1021,0.39081573,0.99528858,4098,0.06294250,0.99932688,660,0.32787323,-0.00403830,0.22687912,0.39081573
1022,0.39215088,0.99531999,4112,0.04844666,0.99947678,508,0.34370422,-0.00415679,0.22029877,0.39215088
1023,0.39205551,0.99512682,4111,0.04377365,0.99950826,459,0.34828186,-0.00438144,0.21791458,0.39205551
1024,0.41065216,0.99489561,4306,0.05359650,0.99936694,562,0.35705566,-0.00447133,0.23212433,0.41065216
1025,0.41255951,0.99480792,4326,0.05369186,0.99939556,563,0.35886765,-0.00458764,0.23312569,0.41255951
1026,0.33407211,0.99586641,3503,0.05044937,0.99925187,529,0.28362274,-0.00338546,0.19226074,0.33407211
1027,0.34532547,0.99576741,3621,0.05054474,0.99922884,530,0.29478073,-0.00346143,0.19793510,0.34532547
1028,0.35810471,0.99553627,3755,0.05531311,0.99913701,580,0.30279160,-0.00360074,0.20670891,0.35810471
1029,0.38652420,0.99518151,4053,0.07095337,0.99900595,744,0.31557083,-0.00382444,0.22873878,0.38652420
1030,0.36840439,0.99529011,3863,0.04930496,0.99934377,517,0.31909943,-0.00405366,0.20885468,0.36840439
1031,0.37031174,0.99528717,3883,0.05140305,0.99925061,539,0.31890869,-0.00396344,0.21085739,0.37031174
1032,0.39033890,0.99480920,4093,0.06351471,0.99910568,666,0.32682419,-0.00429647,0.22692680,0.39033890
1033,0.40121078,0.99451305,4207,0.06275177,0.99917112,658,0.33845901,-0.00465807,0.23198128,0.40121078
1034,0.33435822,0.99608615,3506,0.04758835,0.99920041,499,0.28676987,-0.00311425,0.19097328,0.33435822
1035,0.35238266,0.99581018,3695,0.04882812,0.99913853,512,0.30355453,-0.00332836,0.20060539,0.35238266
1036,0.35696030,0.99555222,3743,0.05941391,0.99894688,623,0.29754639,-0.00339466,0.20818710,0.35696030
1037,0.36592484,0.99552902,3837,0.06780624,0.99888257,711,0.29811859,-0.00335356,0.21686554,0.36592484
1038,0.34608841,0.99562475,3629,0.04711151,0.99917528,494,0.29897690,-0.00355053,0.19659996,0.34608841
1039,0.35390854,0.99559660,3711,0.04987717,0.99911596,523,0.30403137,-0.00351936,0.20189285,0.35390854
1040,0.37412643,0.99517265,3923,0.06341934,0.99899726,665,0.31070709,-0.00382461,0.21877289,0.37412643
1041,0.36716461,0.99526351,3850,0.06351471,0.99892653,666,0.30364990,-0.00366302,0.21533966,0.36716461
1042,0.32444000,0.99579161,3402,0.04596710,0.99925223,482,0.27847290,-0.00346063,0.18520355,0.32444000
1043,0.35400391,0.99534121,3712,0.05760193,0.99879411,604,0.29640198,-0.00345290,0.20580292,0.35400391
1044,0.35152435,0.99545534,3686,0.04863739,0.99921553,510,0.30288696,-0.00376019,0.20008087,0.35152435
1045,0.37307739,0.99531328,3912,0.06952286,0.99901905,729,0.30355453,-0.00370578,0.22130013,0.37307739
1046,0.35362244,0.99535986,3708,0.04673004,0.99927888,490,0.30689240,-0.00391902,0.20017624,0.35362244
1047,0.35667419,0.99529951,3740,0.04739761,0.99926424,497,0.30927658,-0.00396473,0.20203590,0.35667419
1048,0.37822723,0.99499912,3966,0.06551743,0.99897476,687,0.31270981,-0.00397564,0.22187233,0.37822723
1049,0.37212372,0.99493557,3902,0.05664825,0.99902463,594,0.31547546,-0.00408906,0.21438599,0.37212372
1050,0.34008026,0.99500054,3566,0.04253387,0.99942578,446,0.29754639,-0.00442524,0.19130707,0.34008026
1051,0.36125183,0.99465806,3788,0.04262924,0.99943491,447,0.31862259,-0.00477685,0.20194054,0.36125183
1052,0.36239624,0.99472140,3800,0.04787445,0.99936999,502,0.31452179,-0.00464860,0.20513535,0.36239624
1053,0.38385391,0.99437313,4025,0.06208420,0.99920924,651,0.32176971,-0.00483611,0.22296906,0.38385391
1054,0.36230087,0.99467518,3799,0.04253387,0.99943320,446,0.31976700,-0.00475802,0.20241737,0.36230087
1055,0.36754608,0.99448066,3854,0.04396439,0.99942745,461,0.32358170,-0.00494679,0.20575523,0.36754608
1056,0.39253235,0.99415419,4116,0.06513596,0.99916353,683,0.32739639,-0.00500934,0.22883415,0.39253235
1057,0.37612915,0.99414800,3944,0.05064011,0.99928225,531,0.32548904,-0.00513424,0.21338463,0.37612915
1058,0.38452148,0.99480797,4032,0.06465912,0.99901773,678,0.31986237,-0.00420976,0.22459030,0.38452148
1059,0.40817261,0.99453380,4280,0.06437302,0.99901337,675,0.34379959,-0.00447957,0.23627281,0.40817261
1060,0.41399002,0.99437806,4341,0.08020401,0.99876747,841,0.33378601,-0.00438941,0.24709702,0.41399002
1061,0.42333603,0.99421130,4439,0.08411407,0.99880673,882,0.33922195,-0.00459543,0.25372505,0.42333603
1062,0.41322708,0.99429481,4333,0.06589890,0.99903158,691,0.34732819,-0.00473677,0.23956299,0.41322708
1063,0.41818619,0.99415210,4385,0.06971359,0.99892389,731,0.34847260,-0.00477180,0.24394989,0.41818619
1064,0.44250488,0.99394364,4640,0.09889603,0.99855708,1037,0.34360886,-0.00461343,0.27070045,0.44250488
1065,0.41618347,0.99415780,4364,0.07181168,0.99888117,753,0.34437180,-0.00472337,0.24399757,0.41618347
1066,0.39587021,0.99443736,4151,0.06532669,0.99898305,685,0.33054352,-0.00454569,0.23059845,0.39587021
1067,0.42648315,0.99407043,4472,0.06942749,0.99899610,728,0.35705566,-0.00492567,0.24795532,0.42648315
1068,0.44441223,0.99384277,4660,0.09174347,0.99869690,962,0.35266876,-0.00485412,0.26807785,0.44441223
1069,0.43621063,0.99389666,4574,0.08735657,0.99877040,916,0.34885406,-0.00487374,0.26178360,0.43621063
1070,0.42324066,0.99391206,4438,0.06780624,0.99880882,711,0.35543442,-0.00489676,0.24552345,0.42324066
1071,0.43401718,0.99391004,4551,0.07753372,0.99892065,813,0.35648346,-0.00501061,0.25577545,0.43401718
1072,0.48294067,0.99329356,5064,0.11310577,0.99843599,1186,0.36983490,-0.00514243,0.29802322,0.48294067
1073,0.44260025,0.99385934,4641,0.08163452,0.99893022,856,0.36096573,-0.00507088,0.26211739,0.44260025
1074,0.37164688,0.99517700,3897,0.08096695,0.99902663,849,0.29067993,-0.00384962,0.22630692,0.37164688
1075,0.37984848,0.99492337,3983,0.06656647,0.99905212,698,0.31328201,-0.00412876,0.22320747,0.37984848
1076,0.38595200,0.99483830,4047,0.08258820,0.99878298,866,0.30336380,-0.00394468,0.23427010,0.38595200
1077,0.38824081,0.99472594,4071,0.08420944,0.99870078,883,0.30403137,-0.00397484,0.23622513,0.38824081
1078,0.39100647,0.99493581,4100,0.07791519,0.99903239,817,0.31309128,-0.00409658,0.23446083,0.39100647
1079,0.39854050,0.99483886,4179,0.08687973,0.99898318,911,0.31166077,-0.00414432,0.24271011,0.39854050
1080,0.44326782,0.99435188,4648,0.12283325,0.99850476,1288,0.32043457,-0.00415288,0.28305054,0.44326782
1081,0.41046143,0.99489239,4304,0.09517670,0.99897956,998,0.31528473,-0.00408717,0.25281906,0.41046143
1082,0.44336319,0.99441127,4649,0.09450912,0.99903407,991,0.34885406,-0.00462280,0.26893616,0.44336319
1083,0.47235489,0.99408049,4953,0.09632111,0.99902811,1010,0.37603378,-0.00494762,0.28433800,0.47235489
1084,0.49123764,0.99389559,5151,0.11720657,0.99876470,1229,0.37403107,-0.00486911,0.30422211,0.49123764
1085,0.48131943,0.99396854,5047,0.11501312,0.99879247,1206,0.36630630,-0.00482393,0.29816628,0.48131943
1086,0.46701431,0.99404542,4897,0.09441376,0.99903447,990,0.37260056,-0.00498905,0.28071404,0.46701431
1087,0.46834946,0.99397121,4911,0.09202957,0.99904574,965,0.37631989,-0.00507453,0.28018951,0.46834946
1088,0.49734116,0.99346300,5215,0.12006760,0.99856363,1259,0.37727356,-0.00510062,0.30870438,0.49734116
1089,0.46405792,0.99388197,4866,0.07915497,0.99904366,830,0.38490295,-0.00516168,0.27160645,0.46405792
1090,0.42638779,0.99488453,4471,0.10156631,0.99886965,1065,0.32482147,-0.00398512,0.26397705,0.42638779
1091,0.46062469,0.99458616,4830,0.10957718,0.99882515,1149,0.35104752,-0.00423899,0.28510094,0.46062469
1092,0.49381256,0.99430232,5178,0.14047623,0.99854283,1473,0.35333633,-0.00424051,0.31714439,0.49381256
1093,0.50230026,0.99431415,5267,0.16546249,0.99841889,1735,0.33683777,-0.00410474,0.33388138,0.50230026
1094,0.48770905,0.99446265,5114,0.15182495,0.99867004,1592,0.33588409,-0.00420739,0.31976700,0.48770905
1095,0.49486160,0.99441357,5189,0.15220642,0.99869412,1596,0.34265518,-0.00428055,0.32353401,0.49486160
1096,0.52633286,0.99401173,5519,0.18415451,0.99822014,1931,0.34217834,-0.00420841,0.35524368,0.52633286
1097,0.49457550,0.99438807,5186,0.14047623,0.99870567,1473,0.35409927,-0.00431760,0.31752586,0.49457550
1098,0.42972565,0.99551046,4506,0.08621216,0.99907839,904,0.34351349,-0.00356793,0.25796890,0.42972565
1099,0.46815872,0.99523716,4909,0.09555817,0.99907385,1002,0.37260056,-0.00383669,0.28185844,0.46815872
1100,0.51584244,0.99486660,5409,0.14457703,0.99873968,1516,0.37126541,-0.00387308,0.33020973,0.51584244
1101,0.50029755,0.99502566,5246,0.14095306,0.99881056,1478,0.35934448,-0.00378490,0.32062531,0.50029755
1102,0.48532486,0.99499741,5089,0.11825562,0.99902313,1240,0.36706924,-0.00402573,0.30179024,0.48532486
1103,0.47836304,0.99498696,5016,0.10271072,0.99906422,1077,0.37565231,-0.00407726,0.29053688,0.47836304
1104,0.52022934,0.99450133,5455,0.14076233,0.99860146,1476,0.37946701,-0.00410014,0.33049583,0.52022934
1105,0.50868988,0.99470678,5334,0.12893677,0.99897924,1352,0.37975311,-0.00427246,0.31881332,0.50868988
1106,0.48580170,0.99453774,5094,0.11978149,0.99851334,1256,0.36602020,-0.00397560,0.30279160,0.48580170
1107,0.50058365,0.99416317,5249,0.10890961,0.99851385,1142,0.39167404,-0.00435068,0.30474663,0.50058365
1108,0.50945282,0.99402305,5342,0.11720657,0.99839646,1229,0.39224625,-0.00437341,0.31332970,0.50945282
1109,0.51460266,0.99413738,5396,0.12903214,0.99848842,1353,0.38557053,-0.00435104,0.32181740,0.51460266
1110,0.50621033,0.99375829,5308,0.10566711,0.99846917,1108,0.40054321,-0.00471088,0.30593872,0.50621033
1111,0.53873062,0.99358914,5649,0.14562607,0.99817095,1527,0.39310455,-0.00458181,0.34217834,0.53873062
1112,0.53529739,0.99380647,5613,0.13074875,0.99862862,1371,0.40454865,-0.00482215,0.33302307,0.53529739
1113,0.46157837,0.99448802,4840,0.12121201,0.99829618,1271,0.34036636,-0.00380816,0.29139519,0.46157837
1114,0.47836304,0.99433555,5016,0.11014938,0.99845254,1155,0.36821365,-0.00411700,0.29425621,0.47836304
1115,0.51984787,0.99407623,5451,0.15449524,0.99822742,1620,0.36535263,-0.00415119,0.33717155,0.51984787
1116,0.48551559,0.99426644,5091,0.12788773,0.99834400,1341,0.35762787,-0.00407755,0.30670166,0.48551559
1117,0.48427582,0.99418395,5078,0.12187958,0.99839269,1278,0.36239624,-0.00420874,0.30307770,0.48427582
1118,0.51298141,0.99394409,5379,0.13847351,0.99825610,1452,0.37450790,-0.00431201,0.32572746,0.51298141
1119,0.50926208,0.99359819,5340,0.13647079,0.99792660,1431,0.37279129,-0.00432841,0.32286644,0.50926208
1120,0.52518845,0.99388358,5507,0.14896393,0.99831353,1562,0.37622452,-0.00442995,0.33707619,0.52518845
1121,0.47769547,0.99473172,5009,0.29087067,0.99646402,3050,0.18682480,-0.00173230,0.38428307,0.47769547
1122,0.49114227,0.99451202,5150,0.28762817,0.99662649,3016,0.20351410,-0.00211448,0.38938522,0.49114227
1123,0.52995682,0.99415504,5557,0.32186508,0.99646860,3375,0.20809174,-0.00231356,0.42591095,0.52995682
1124,0.48017502,0.99449134,5035,0.27513504,0.99684829,2885,0.20503998,-0.00235695,0.37765503,0.48017502
1125,0.51698685,0.99421925,5421,0.31509399,0.99670660,3304,0.20189285,-0.00248734,0.41604042,0.51698685
1126,0.50210953,0.99411614,5265,0.28982162,0.99672359,3039,0.21228790,-0.00260745,0.39596558,0.50210953
1127,0.54540634,0.99386815,5719,0.33969879,0.99665322,3562,0.20570755,-0.00278507,0.44255257,0.54540634
1128,0.51393509,0.99396505,5389,0.29363632,0.99705955,3079,0.22029877,-0.00309449,0.40378571,0.51393509
1129,0.47998428,0.99525831,5033,0.14858246,0.99884445,1558,0.33140182,-0.00358615,0.31428337,0.47998428
1130,0.47712326,0.99507935,5003,0.12369156,0.99887646,1297,0.35343170,-0.00379711,0.30040741,0.47712326
1131,0.51250458,0.99474562,5374,0.16250610,0.99857980,1704,0.34999847,-0.00383418,0.33750534,0.51250458
1132,0.49877167,0.99486541,5230,0.14734268,0.99879042,1545,0.35142899,-0.00392500,0.32305717,0.49877167
1133,0.49104691,0.99477254,5149,0.14228821,0.99889409,1492,0.34875870,-0.00412155,0.31666756,0.49104691
1134,0.51326752,0.99458050,5382,0.15249252,0.99883635,1599,0.36077499,-0.00425585,0.33288002,0.51326752
1135,0.55217743,0.99410901,5790,0.18482208,0.99837742,1938,0.36735535,-0.00426841,0.36849976,0.55217743
1136,0.50516129,0.99476332,5297,0.13151169,0.99904610,1379,0.37364960,-0.00428278,0.31833649,0.50516129
1137,0.49285889,0.99503384,5168,0.12426376,0.99883263,1303,0.36859512,-0.00379879,0.30856133,0.49285889
1138,0.51736832,0.99491545,5425,0.12884140,0.99899574,1351,0.38852692,-0.00408029,0.32310486,0.51736832
1139,0.54092407,0.99444635,5672,0.15983582,0.99852026,1676,0.38108826,-0.00407391,0.35037994,0.54092407
1140,0.53386688,0.99475536,5598,0.13799667,0.99899825,1447,0.39587021,-0.00424289,0.33593178,0.53386688
1141,0.51498413,0.99478148,5400,0.14238358,0.99888440,1493,0.37260056,-0.00410292,0.32868385,0.51498413
1142,0.51183701,0.99464919,5367,0.13904572,0.99895681,1458,0.37279129,-0.00430761,0.32544136,0.51183701
1143,0.55723190,0.99396810,5843,0.17309189,0.99837457,1815,0.38414001,-0.00440647,0.36516190,0.55723190
1144,0.52852631,0.99437531,5542,0.13427734,0.99882918,1408,0.39424896,-0.00445387,0.33140182,0.52852631
1145,0.51031113,0.99489200,5351,0.13265610,0.99905288,1391,0.37765503,-0.00416088,0.32148361,0.51031113
1146,0.51918030,0.99478065,5444,0.13313293,0.99902924,1396,0.38604736,-0.00424859,0.32615662,0.51918030
1147,0.53930283,0.99442568,5655,0.15249252,0.99882887,1599,0.38681030,-0.00440319,0.34589767,0.53930283
1148,0.53071976,0.99449764,5565,0.13914108,0.99903607,1459,0.39157867,-0.00453843,0.33493042,0.53071976
1149,0.52747726,0.99411996,5531,0.13980865,0.99863606,1466,0.38766861,-0.00451610,0.33364296,0.52747726
1150,0.54588318,0.99420561,5724,0.15487671,0.99887617,1624,0.39100647,-0.00467056,0.35037994,0.54588318
1151,0.52661896,0.99415785,5522,0.13189316,0.99885686,1383,0.39472580,-0.00469901,0.32925606,0.52661896
1152,0.52442551,0.99416864,5499,0.12187958,0.99913066,1278,0.40254593,-0.00496203,0.32315254,0.52442551
1153,0.29067993,0.99629584,3048,0.14009476,0.99822809,1469,0.15058517,-0.00193226,0.21538734,0.29067993
1154,0.29048920,0.99611947,3046,0.14553070,0.99800777,1526,0.14495850,-0.00188829,0.21800995,0.29048920
1155,0.30593872,0.99644009,3208,0.17061234,0.99818122,1789,0.13532639,-0.00174113,0.23827553,0.30593872
1156,0.31070709,0.99626196,3258,0.16155243,0.99824780,1694,0.14915466,-0.00198584,0.23612976,0.31070709
1157,0.32176971,0.99629317,3374,0.17967224,0.99821431,1884,0.14209747,-0.00192115,0.25072098,0.32176971
1158,0.34208298,0.99642142,3587,0.19664764,0.99835342,2062,0.14543533,-0.00193200,0.26936531,0.34208298
1159,0.31633377,0.99596916,3317,0.16794205,0.99790319,1761,0.14839172,-0.00193403,0.24213791,0.31633377
1160,0.33617020,0.99652039,3525,0.18558502,0.99850385,1946,0.15058517,-0.00198345,0.26087761,0.33617020
1161,0.21810532,0.99791996,2287,0.17089844,0.99782721,1792,0.04720688,0.00009275,0.19450188,0.21810532
1162,0.20503998,0.99787297,2150,0.15058517,0.99799461,1579,0.05445480,-0.00012164,0.17781258,0.20503998
1163,0.20408630,0.99786823,2140,0.16050339,0.99783001,1683,0.04358292,0.00003822,0.18229485,0.20408630
1164,0.21476746,0.99790487,2252,0.17004013,0.99786849,1783,0.04472733,0.00003638,0.19240379,0.21476746
1165,0.21591187,0.99793405,2264,0.17251968,0.99802924,1809,0.04339218,-0.00009519,0.19421577,0.21591187
1166,0.23050308,0.99784951,2417,0.18978119,0.99765156,1990,0.04072189,0.00019796,0.21014214,0.23050308
1167,0.22287369,0.99780501,2337,0.17595291,0.99786628,1845,0.04692078,-0.00006126,0.19941330,0.22287369
1168,0.21352768,0.99772482,2239,0.16403198,0.99782709,1720,0.04949570,-0.00010227,0.18877983,0.21352768
1169,0.49400330,0.99468079,5180,0.17061234,0.99815064,1789,0.32339096,-0.00346984,0.33230782,0.49400330
1170,0.50306320,0.99470008,5275,0.18892288,0.99812189,1981,0.31414032,-0.00342181,0.34599304,0.50306320
1171,0.52165985,0.99423318,5470,0.19397736,0.99790990,2034,0.32768250,-0.00367672,0.35781860,0.52165985
1172,0.51097870,0.99431108,5358,0.18291473,0.99813359,1918,0.32806396,-0.00382251,0.34694672,0.51097870
1173,0.51584244,0.99434982,5409,0.18825531,0.99823569,1974,0.32758713,-0.00388588,0.35204887,0.51584244
1174,0.54349899,0.99403422,5699,0.20599365,0.99796773,2160,0.33750534,-0.00393351,0.37474632,0.54349899
1175,0.53272247,0.99401313,5586,0.19006729,0.99809024,1993,0.34265518,-0.00407711,0.36139488,0.53272247
1176,0.53625107,0.99336157,5623,0.33779144,0.99303944,3542,0.19845963,0.00032213,0.43702126,0.53625107
1177,0.57659149,0.99284852,6046,0.35390854,0.99278138,3711,0.22268295,0.00006713,0.46525002,0.57659149
1178,0.58507919,0.99257121,6135,0.37622452,0.99241602,3945,0.20885468,0.00015519,0.48065186,0.58507919
1179,0.56877136,0.99290303,5964,0.35991669,0.99298479,3774,0.20885468,-0.00008176,0.46434402,0.56877136
1180,0.60539246,0.99255421,6348,0.37565231,0.99283874,3939,0.22974014,-0.00028453,0.49052238,0.60539246
1181,0.60110092,0.99234705,6303,0.37794113,0.99258954,3963,0.22315979,-0.00024249,0.48952103,0.60110092
1182,0.63591003,0.99198510,6668,0.41513443,0.99213611,4353,0.22077560,-0.00015101,0.52552223,0.63591003
1183,0.60729980,0.99215256,6368,0.37269592,0.99223468,3908,0.23460388,-0.00008212,0.48999786,0.60729980
1184,0.66041946,0.99439931,6925,0.12502670,0.99908875,1311,0.53539276,-0.00468945,0.39272308,0.66041946
1185,0.71039200,0.99410266,7449,0.14085770,0.99909601,1477,0.56953430,-0.00499335,0.42562485,0.71039200
1186,0.73852539,0.99295944,7744,0.16431808,0.99804651,1723,0.57420731,-0.00508707,0.45142174,0.73852539
1187,0.69837570,0.99384333,7323,0.13761520,0.99889124,1443,0.56076050,-0.00504791,0.41799545,0.69837570
1188,0.72879791,0.99357834,7642,0.14390945,0.99891240,1509,0.58488846,-0.00533405,0.43635368,0.72879791
1189,0.71029663,0.99355580,7448,0.13351440,0.99886191,1400,0.57678223,-0.00530611,0.42190552,0.71029663
1190,0.76541901,0.99332360,8026,0.17700195,0.99866666,1856,0.58841705,-0.00534306,0.47121048,0.76541901
1191,0.74682236,0.99343230,7831,0.14533997,0.99884829,1524,0.60148239,-0.00541599,0.44608116,0.74682236
1192,0.47569275,0.99493129,4988,0.14038086,0.99889242,1472,0.33531189,-0.00396113,0.30803680,0.47569275
1193,0.49695969,0.99439905,5211,0.12893677,0.99867568,1352,0.36802292,-0.00427663,0.31294823,0.49695969
1194,0.52051544,0.99403433,5458,0.15773773,0.99826282,1654,0.36277771,-0.00422849,0.33912659,0.52051544
1195,0.49972534,0.99418898,5240,0.13980865,0.99845635,1466,0.35991669,-0.00426737,0.31976700,0.49972534
1196,0.50201416,0.99399956,5264,0.15497208,0.99819413,1625,0.34704208,-0.00419457,0.32849312,0.50201416
1197,0.49934387,0.99421109,5236,0.13341904,0.99851313,1399,0.36592484,-0.00430204,0.31638145,0.49934387
1198,0.54664612,0.99385669,5732,0.16956329,0.99827882,1778,0.37708282,-0.00442213,0.35810471,0.54664612
1199,0.52394867,0.99401524,5494,0.13847351,0.99864554,1452,0.38547516,-0.00463030,0.33121109,0.52394867
1200,0.60253143,0.99428067,6318,0.12550354,0.99899458,1316,0.47702789,-0.00471392,0.36401749,0.60253143
1201,0.61931610,0.99377465,6494,0.11835098,0.99875954,1241,0.50096512,-0.00498489,0.36883354,0.61931610
1202,0.64678192,0.99337810,6782,0.14810562,0.99839638,1553,0.49867630,-0.00501828,0.39744377,0.64678192
1203,0.62732697,0.99357490,6578,0.13246536,0.99857942,1389,0.49486160,-0.00500452,0.37989616,0.62732697
1204,0.63524246,0.99379554,6661,0.13017654,0.99876889,1365,0.50506592,-0.00497335,0.38270950,0.63524246
1205,0.64029694,0.99386927,6714,0.12865067,0.99894103,1349,0.51164627,-0.00507176,0.38447380,0.64029694
1206,0.65593719,0.99365110,6878,0.14095306,0.99872624,1478,0.51498413,-0.00507514,0.39844513,0.65593719
1207,0.65641403,0.99369771,6883,0.13198853,0.99868780,1384,0.52442551,-0.00499009,0.39420128,0.65641403
1208,0.47369003,0.99488936,4967,0.12655258,0.99869822,1327,0.34713745,-0.00380887,0.30012131,0.47369003
1209,0.48494339,0.99505808,5085,0.11100769,0.99898537,1164,0.37393570,-0.00392729,0.29797554,0.48494339
1210,0.50983429,0.99492858,5346,0.13866425,0.99889354,1454,0.37117004,-0.00396497,0.32424927,0.50983429
1211,0.50144196,0.99474085,5258,0.14295578,0.99855781,1499,0.35848618,-0.00381697,0.32219887,0.50144196
1212,0.51498413,0.99471796,5400,0.13446808,0.99876776,1410,0.38051605,-0.00404980,0.32472610,0.51498413
1213,0.51965714,0.99484523,5449,0.12969971,0.99881182,1360,0.38995743,-0.00396658,0.32467842,0.51965714
1214,0.51603317,0.99482438,5411,0.13093948,0.99882468,1373,0.38509369,-0.00400029,0.32348633,0.51603317
1215,0.53615570,0.99465020,5622,0.13923645,0.99871962,1460,0.39691925,-0.00406943,0.33769608,0.53615570
1216,0.42390823,0.99552004,4445,0.13427734,0.99843890,1408,0.28963089,-0.00291886,0.27909279,0.42390823
1217,0.44298172,0.99564288,4645,0.12521744,0.99876633,1313,0.31776428,-0.00312345,0.28409958,0.44298172
1218,0.47750473,0.99549488,5007,0.15716553,0.99867261,1648,0.32033920,-0.00317774,0.31733513,0.47750473
1219,0.45299530,0.99544439,4750,0.14562607,0.99852609,1527,0.30736923,-0.00308170,0.29931068,0.45299530
1220,0.44469833,0.99534500,4663,0.14009476,0.99840916,1469,0.30460358,-0.00306416,0.29239655,0.44469833
1221,0.46710968,0.99583226,4898,0.15687943,0.99887453,1645,0.31023026,-0.00304228,0.31199455,0.46710968
1222,0.49390793,0.99533459,5179,0.16078949,0.99848980,1686,0.33311844,-0.00315521,0.32734871,0.49390793
1223,0.48866272,0.99539003,5124,0.14057159,0.99862545,1474,0.34809113,-0.00323541,0.31461716,0.48866272
1224,0.43582916,0.99611287,4570,0.11749268,0.99931312,1232,0.31833649,-0.00320025,0.27666092,0.43582916
1225,0.45795441,0.99597965,4802,0.11167526,0.99939456,1171,0.34627914,-0.00341491,0.28481483,0.45795441
1226,0.48503876,0.99575773,5086,0.13799667,0.99911530,1447,0.34704208,-0.00335756,0.31151772,0.48503876
1227,0.49047470,0.99576542,5143,0.14848709,0.99901046,1557,0.34198761,-0.00324503,0.31948090,0.49047470
1228,0.42943954,0.99628329,4503,0.11301041,0.99927389,1185,0.31642914,-0.00299060,0.27122498,0.42943954
1229,0.43964386,0.99641133,4610,0.11911392,0.99932108,1249,0.32052994,-0.00290975,0.27937889,0.43964386
1230,0.50029755,0.99602596,5246,0.11615753,0.99935910,1218,0.38414001,-0.00333315,0.30822754,0.50029755
1231,0.38404465,0.99613464,4027,0.11167526,0.99911601,1171,0.27236938,-0.00298137,0.24785995,0.38404465
1232,0.42715073,0.99577855,4479,0.12693405,0.99896561,1331,0.30021667,-0.00318706,0.27704239,0.42715073
1233,0.43516159,0.99580387,4563,0.13494492,0.99898174,1415,0.30021667,-0.00317787,0.28505325,0.43516159
1234,0.43230057,0.99588226,4533,0.14371872,0.99897137,1507,0.28858185,-0.00308911,0.28800964,0.43230057
1235,0.43621063,0.99576550,4574,0.13675690,0.99899916,1434,0.29945374,-0.00323366,0.28648376,0.43621063
1236,0.43506622,0.99588429,4562,0.12569427,0.99917979,1318,0.30937195,-0.00329550,0.28038025,0.43506622
1237,0.44775009,0.99582325,4695,0.13933182,0.99901894,1461,0.30841827,-0.00319569,0.29354095,0.44775009
1238,0.46844482,0.99560839,4912,0.13809204,0.99898095,1448,0.33035278,-0.00337256,0.30326843,0.46844482
1239,0.49448013,0.99557004,5185,0.14657974,0.99850333,1537,0.34790039,-0.00293329,0.32052994,0.49448013
1240,0.51259995,0.99561541,5375,0.14085770,0.99874685,1477,0.37174225,-0.00313144,0.32672882,0.51259995
1241,0.55303574,0.99504726,5799,0.18024445,0.99822811,1890,0.37279129,-0.00318085,0.36664009,0.55303574
1242,0.58174133,0.99487811,6100,0.18386841,0.99828931,1928,0.39787292,-0.00341120,0.38280487,0.58174133
1243,0.53539276,0.99533444,5614,0.14429092,0.99861454,1513,0.39110184,-0.00328010,0.33984184,0.53539276
1244,0.56886673,0.99502404,5965,0.16498566,0.99839695,1730,0.40388107,-0.00337291,0.36692619,0.56886673
1245,0.62084198,0.99481049,6510,0.19588470,0.99842225,2054,0.42495728,-0.00361175,0.40836334,0.62084198
1246,0.57277679,0.99500175,6006,0.15611649,0.99844547,1637,0.41666031,-0.00344372,0.36444664,0.57277679
1247,0.44155121,0.99568155,4630,0.17948151,0.99812943,1882,0.26206970,-0.00244788,0.31051636,0.44155121
1248,0.47502518,0.99563963,4981,0.18310547,0.99824038,1920,0.29191971,-0.00260075,0.32906532,0.47502518
1249,0.48904419,0.99537738,5128,0.19741058,0.99802024,2070,0.29163361,-0.00264286,0.34322739,0.48904419
1250,0.47693253,0.99548173,5001,0.19636154,0.99795285,2059,0.28057098,-0.00247112,0.33664703,0.47693253
1251,0.48246384,0.99570545,5059,0.19426346,0.99831711,2037,0.28820038,-0.00261167,0.33836365,0.48246384
1252,0.48208237,0.99553434,5055,0.18434525,0.99813889,1933,0.29773712,-0.00260454,0.33321381,0.48208237
1253,0.49762726,0.99546335,5218,0.20742416,0.99801903,2175,0.29020309,-0.00255568,0.35252571,0.49762726
1254,0.53186417,0.99523246,5577,0.20074844,0.99806214,2105,0.33111572,-0.00282968,0.36630630,0.53186417
1255,0.42629242,0.99652820,4470,0.14486313,0.99888500,1519,0.28142929,-0.00235680,0.28557777,0.42629242
1256,0.43182373,0.99622851,4528,0.11987686,0.99884775,1257,0.31194687,-0.00261923,0.27585030,0.43182373
1257,0.47750473,0.99601971,5007,0.16345978,0.99864278,1714,0.31404495,-0.00262306,0.32048225,0.47750473
1258,0.46195984,0.99612091,4844,0.14963150,0.99874717,1569,0.31232834,-0.00262626,0.30579567,0.46195984
1259,0.44384003,0.99638909,4654,0.13895035,0.99892316,1457,0.30488968,-0.00253407,0.29139519,0.44384003
1260,0.45423508,0.99616170,4763,0.14200211,0.99879709,1489,0.31223297,-0.00263540,0.29811859,0.45423508
1261,0.50773621,0.99580384,5324,0.17261505,0.99858867,1810,0.33512115,-0.00278483,0.34017563,0.50773621
1262,0.49018860,0.99579244,5140,0.14829636,0.99869211,1555,0.34189224,-0.00289967,0.31924248,0.49018860
1263,0.39386749,0.99703991,4130,0.11358261,0.99955779,1191,0.28028488,-0.00251788,0.25372505,0.39386749
1264,0.43478012,0.99679097,4559,0.12884140,0.99953308,1351,0.30593872,-0.00274211,0.28181076,0.43478012
1265,0.45642853,0.99660612,4786,0.15058517,0.99935310,1579,0.30584335,-0.00274698,0.30350685,0.45642853
1266,0.44488907,0.99658306,4665,0.13942719,0.99935717,1462,0.30546188,-0.00277411,0.29215813,0.44488907
1267,0.41437149,0.99691816,4345,0.12683868,0.99951758,1330,0.28753281,-0.00259942,0.27060509,0.41437149
1268,0.42419434,0.99696164,4448,0.14314651,0.99948349,1501,0.28104782,-0.00252185,0.28367043,0.42419434
1269,0.49219131,0.99629939,5161,0.15792847,0.99929230,1656,0.33426285,-0.00299291,0.32505989,0.49219131
1270,0.43869019,0.99673647,4600,0.13132095,0.99947019,1377,0.30736923,-0.00273372,0.28500557,0.43869019
1271,0.33988953,0.99742709,3564,0.14963150,0.99927452,1569,0.19025803,-0.00184742,0.24476051,0.33988953
1272,0.36411285,0.99719267,3818,0.15001297,0.99929959,1573,0.21409988,-0.00210692,0.25706291,0.36411285
1273,0.38785934,0.99699116,4067,0.17375946,0.99909539,1822,0.21409988,-0.00210423,0.28080940,0.38785934
1274,0.41399002,0.99674754,4341,0.17585754,0.99908048,1844,0.23813248,-0.00233294,0.29492378,0.41399002
1275,0.38805008,0.99694966,4069,0.15516281,0.99923319,1627,0.23288727,-0.00228353,0.27160645,0.38805008
1276,0.39377213,0.99694559,4129,0.15497208,0.99924786,1625,0.23880005,-0.00230228,0.27437210,0.39377213
1277,0.44908524,0.99649618,4709,0.18739700,0.99902778,1965,0.26168823,-0.00253160,0.31824112,0.44908524
1278,0.42915344,0.99676108,4500,0.17871857,0.99916156,1874,0.25043488,-0.00240048,0.30393600,0.42915344
1279,0.34217834,0.99722814,3588,0.14734268,0.99920721,1545,0.19483566,-0.00197907,0.24476051,0.34217834
1280,0.39243698,0.99695403,4115,0.17700195,0.99913345,1856,0.21543503,-0.00217942,0.28471947,0.39243698
1281,0.42448044,0.99668847,4451,0.20513535,0.99895743,2151,0.21934509,-0.00226896,0.31480789,0.42448044
1282,0.40321350,0.99672443,4228,0.18377304,0.99900296,1927,0.21944046,-0.00227854,0.29349327,0.40321350
1283,0.36382675,0.99702842,3815,0.16288757,0.99912126,1708,0.20093918,-0.00209284,0.26335716,0.36382675
1284,0.45299530,0.99645823,4750,0.19350052,0.99907330,2029,0.25949478,-0.00261507,0.32324791,0.45299530
1285,0.46586990,0.99619578,4885,0.20112991,0.99891260,2109,0.26473999,-0.00271682,0.33349991,0.46586990
1286,0.42953491,0.99649904,4504,0.16794205,0.99911701,1761,0.26159286,-0.00261798,0.29873848,0.42953491
1287,0.37031174,0.99622534,3883,0.13008118,0.99931817,1364,0.24023056,-0.00309282,0.25019646,0.37031174
1288,0.40044785,0.99604396,4199,0.13599396,0.99935679,1426,0.26445389,-0.00331283,0.26822090,0.40044785
1289,0.40674210,0.99583993,4265,0.13837814,0.99918429,1451,0.26836395,-0.00334436,0.27256012,0.40674210
1290,0.37641525,0.99620131,3947,0.13170242,0.99935918,1381,0.24471283,-0.00315787,0.25405884,0.37641525
1291,0.38356781,0.99615384,4022,0.12369156,0.99935703,1297,0.25987625,-0.00320319,0.25362968,0.38356781
1292,0.43697357,0.99557879,4582,0.15802383,0.99912357,1657,0.27894974,-0.00354478,0.29749870,0.43697357
1293,0.41599274,0.99596822,4362,0.14581680,0.99930325,1529,0.27017593,-0.00333503,0.28090477,0.41599274
1294,0.35066605,0.99655161,3677,0.14333725,0.99859531,1503,0.20732880,-0.00204369,0.24700165,0.35066605
1295,0.38290024,0.99633309,4015,0.14972687,0.99854349,1570,0.23317337,-0.00221040,0.26631355,0.38290024
1296,0.41179657,0.99615854,4318,0.17862320,0.99839495,1873,0.23317337,-0.00223640,0.29520988,0.41179657
1297,0.42533875,0.99587940,4460,0.17108917,0.99839597,1794,0.25424957,-0.00251657,0.29821396,0.42533875
1298,0.39091110,0.99621450,4099,0.14781952,0.99857666,1550,0.24309158,-0.00236216,0.26936531,0.39091110
1299,0.40454865,0.99637650,4242,0.16679764,0.99854355,1749,0.23775101,-0.00216705,0.28567314,0.40454865
1300,0.43735504,0.99589991,4586,0.18129349,0.99816433,1901,0.25606155,-0.00226442,0.30932426,0.43735504
1301,0.44326782,0.99584887,4648,0.16307831,0.99849347,1710,0.28018951,-0.00264459,0.30317307,0.44326782
1302,0.38585663,0.99645163,4046,0.12807846,0.99928665,1343,0.25777817,-0.00283502,0.25696754,0.38585663
1303,0.41570663,0.99621328,4359,0.12845993,0.99933519,1347,0.28724670,-0.00312191,0.27208328,0.41570663
1304,0.41913986,0.99604233,4395,0.13380051,0.99913727,1403,0.28533936,-0.00309495,0.27647018,0.41913986
1305,0.45194626,0.99599036,4739,0.16365051,0.99910997,1716,0.28829575,-0.00311961,0.30779839,0.45194626
1306,0.43973923,0.99603449,4611,0.14591217,0.99927971,1530,0.29382706,-0.00324522,0.29282570,0.43973923
1307,0.40445328,0.99643434,4241,0.13322830,0.99927760,1397,0.27122498,-0.00284326,0.26884079,0.40445328
1308,0.48542023,0.99573002,5090,0.17910004,0.99903713,1878,0.30632019,-0.00330711,0.33226013,0.48542023
1309,0.48837662,0.99585596,5121,0.15535355,0.99921915,1629,0.33302307,-0.00336319,0.32186508,0.48837662
1310,0.33321381,0.99734351,3494,0.20904541,0.99913952,2192,0.12416840,-0.00179601,0.27112961,0.33321381
1311,0.36649704,0.99716326,3843,0.22039413,0.99911698,2311,0.14610291,-0.00195372,0.29344559,0.36649704
1312,0.40330887,0.99691260,4229,0.25472641,0.99890855,2671,0.14858246,-0.00199595,0.32901764,0.40330887
1313,0.38909912,0.99687521,4080,0.23593903,0.99885872,2474,0.15316010,-0.00198351,0.31251907,0.38909912
1314,0.43153763,0.99653090,4525,0.24003983,0.99886156,2517,0.19149780,-0.00233066,0.33578873,0.43153763
1315,0.42457581,0.99675513,4452,0.23479462,0.99902396,2462,0.18978119,-0.00226883,0.32968521,0.42457581
1316,0.43449402,0.99649139,4556,0.24356842,0.99888025,2554,0.19092560,-0.00238886,0.33903122,0.43449402
1317,0.41513443,0.99675916,4353,0.23088455,0.99903787,2421,0.18424988,-0.00227871,0.32300949,0.41513443
1318,0.36058426,0.99654279,3781,0.13437271,0.99945154,1409,0.22621155,-0.00290876,0.24747849,0.36058426
1319,0.37841797,0.99625051,3968,0.13284683,0.99938240,1393,0.24557114,-0.00313189,0.25563240,0.37841797
1320,0.41780472,0.99595683,4381,0.16689301,0.99909837,1750,0.25091171,-0.00314154,0.29234886,0.41780472
1321,0.40788651,0.99614388,4277,0.15926361,0.99919875,1670,0.24862289,-0.00305487,0.28357506,0.40788651
1322,0.37918091,0.99627272,3976,0.14123917,0.99940673,1481,0.23794174,-0.00313401,0.26021004,0.37918091
1323,0.38785934,0.99621015,4067,0.12922287,0.99941417,1355,0.25863647,-0.00320402,0.25854111,0.38785934
1324,0.43983459,0.99582817,4612,0.17070770,0.99913726,1790,0.26912689,-0.00330909,0.30527115,0.43983459
1325,0.43220520,0.99601031,4532,0.14724731,0.99936667,1544,0.28495789,-0.00335636,0.28972626,0.43220520
1326,0.34685135,0.99683916,3637,0.12874603,0.99937965,1350,0.21810532,-0.00254049,0.23779869,0.34685135
1327,0.38852692,0.99658919,4074,0.14286041,0.99936143,1498,0.24566650,-0.00277223,0.26569366,0.38852692
1328,0.41522980,0.99635718,4354,0.16984940,0.99920428,1781,0.24538040,-0.00284710,0.29253960,0.41522980
1329,0.40349960,0.99640751,4231,0.15754700,0.99916522,1652,0.24595261,-0.00275771,0.28052330,0.40349960
1330,0.40779114,0.99621946,4276,0.14772415,0.99926754,1549,0.26006699,-0.00304808,0.27775764,0.40779114
1331,0.42934418,0.99619237,4502,0.14715195,0.99937869,1543,0.28219223,-0.00318631,0.28824806,0.42934418
1332,0.43430328,0.99612291,4554,0.16336441,0.99917059,1713,0.27093887,-0.00304768,0.29883385,0.43430328
1333,0.44612885,0.99599151,4678,0.14762878,0.99930146,1548,0.29850006,-0.00330995,0.29687881,0.44612885
1334,0.34074783,0.99689989,3573,0.12187958,0.99950991,1278,0.21886826,-0.00261002,0.23131371,0.34074783
1335,0.36334991,0.99671094,3810,0.11701584,0.99954072,1227,0.24633408,-0.00282978,0.24018288,0.36334991
1336,0.41513443,0.99625024,4353,0.17051697,0.99903820,1788,0.24461746,-0.00278796,0.29282570,0.41513443
1337,0.42562485,0.99619471,4463,0.17862320,0.99901093,1873,0.24700165,-0.00281622,0.30212402,0.42562485
1338,0.37555695,0.99654513,3938,0.12931824,0.99948465,1356,0.24623871,-0.00293953,0.25243759,0.37555695
1339,0.39997101,0.99637189,4194,0.11215210,0.99953157,1176,0.28781891,-0.00315968,0.25606155,0.39997101
1340,0.44069290,0.99598370,4621,0.15363693,0.99924191,1611,0.28705597,-0.00325822,0.29716492,0.44069290
1341,0.42352676,0.99627128,4441,0.13761520,0.99942728,1443,0.28591156,-0.00315600,0.28057098,0.42352676
1342,0.37746429,0.99655794,3958,0.11405945,0.99933542,1196,0.26340485,-0.00277748,0.24576187,0.37746429
1343,0.42438507,0.99621957,4450,0.13208389,0.99924139,1385,0.29230118,-0.00302182,0.27823448,0.42438507
1344,0.45719147,0.99605885,4794,0.16479492,0.99905953,1728,0.29239655,-0.00300068,0.31099319,0.45719147
1345,0.46367645,0.99589955,4862,0.16975403,0.99896722,1780,0.29392242,-0.00306767,0.31671524,0.46367645
1346,0.45232773,0.99587577,4743,0.15878677,0.99904394,1665,0.29354095,-0.00316817,0.30555725,0.45232773
1347,0.47407150,0.99591416,4971,0.14934540,0.99922192,1566,0.32472610,-0.00330775,0.31170845,0.47407150
1348,0.45919418,0.99578715,4815,0.14572144,0.99915175,1528,0.31347275,-0.00336460,0.30245781,0.45919418
1349,0.49982071,0.99563540,5241,0.14810562,0.99918573,1553,0.35171509,-0.00355032,0.32396317,0.49982071
1350,0.37651062,0.99637644,3948,0.10805130,0.99911762,1133,0.26845932,-0.00274119,0.24228096,0.37651062
1351,0.40655136,0.99611309,4263,0.10814667,0.99916464,1134,0.29840469,-0.00305154,0.25734901,0.40655136
1352,0.44736862,0.99594027,4691,0.14925003,0.99896108,1565,0.29811859,-0.00302081,0.29830933,0.44736862
1353,0.44231415,0.99593562,4638,0.13914108,0.99897788,1459,0.30317307,-0.00304227,0.29072762,0.44231415
1354,0.49591064,0.99530722,5200,0.14972687,0.99886425,1570,0.34618378,-0.00355703,0.32281876,0.49591064
1355,0.47693253,0.99559917,5001,0.14362335,0.99892529,1506,0.33330917,-0.00332612,0.31027794,0.47693253
1356,0.49514771,0.99551764,5192,0.15306473,0.99874650,1605,0.34208298,-0.00322887,0.32410622,0.49514771
1357,0.47302246,0.99566923,4960,0.12884140,0.99906741,1351,0.34418106,-0.00339818,0.30093193,0.47302246
1358,0.38871765,0.99670157,4076,0.15335083,0.99802249,1608,0.23536682,-0.00132092,0.27103424,0.38871765
1359,0.41503906,0.99635528,4352,0.15001297,0.99787574,1573,0.26502609,-0.00152046,0.28252602,0.41503906
1360,0.43325424,0.99635714,4543,0.16803741,0.99772681,1762,0.26521683,-0.00136966,0.30064583,0.43325424
1361,0.48637390,0.99598125,5100,0.21877289,0.99725051,2294,0.26760101,-0.00126927,0.35257339,0.48637390
1362,0.43849945,0.99617610,4598,0.18396378,0.99759692,1929,0.25453568,-0.00142081,0.31123161,0.43849945
1363,0.43640137,0.99626894,4576,0.15048981,0.99777457,1578,0.28591156,-0.00150563,0.29344559,0.43640137
1364,0.45852661,0.99610922,4808,0.18634796,0.99770857,1954,0.27217865,-0.00159935,0.32243729,0.45852661
1365,0.49390793,0.99592359,5179,0.17919540,0.99777983,1879,0.31471252,-0.00185624,0.33655167,0.49390793
1366,0.43430328,0.99625531,4554,0.13046265,0.99862532,1368,0.30384064,-0.00237002,0.28238297,0.43430328
1367,0.49028397,0.99591724,5141,0.14524460,0.99863529,1523,0.34503937,-0.00271805,0.31776428,0.49028397
1368,0.51784515,0.99575336,5430,0.17604828,0.99844322,1846,0.34179688,-0.00268985,0.34694672,0.51784515
1369,0.51116943,0.99568463,5360,0.15563965,0.99854381,1632,0.35552979,-0.00285919,0.33340454,0.51116943
1370,0.57744980,0.99517460,6055,0.17881393,0.99864371,1875,0.39863586,-0.00346912,0.37813187,0.57744980
1371,0.55217743,0.99545711,5790,0.16498566,0.99861998,1730,0.38719177,-0.00316287,0.35858154,0.55217743
1372,0.56514740,0.99525731,5926,0.16775131,0.99832435,1759,0.39739609,-0.00306704,0.36644936,0.56514740
1373,0.56018829,0.99527686,5874,0.16355515,0.99846213,1715,0.39663315,-0.00318527,0.36187172,0.56018829
1374,0.38576126,0.99709932,4045,0.13856888,0.99879928,1453,0.24719238,-0.00169996,0.26216507,0.38576126
1375,0.39739609,0.99695541,4167,0.12254715,0.99883107,1285,0.27484894,-0.00187565,0.25997162,0.39739609
1376,0.43973923,0.99651117,4611,0.16117096,0.99831867,1690,0.27856827,-0.00180750,0.30045509,0.43973923
1377,0.48456192,0.99610096,5081,0.20036697,0.99789554,2101,0.28419495,-0.00179457,0.34246445,0.48456192
1378,0.42886734,0.99670472,4497,0.15220642,0.99862474,1596,0.27666092,-0.00192002,0.29053688,0.42886734
1379,0.45661926,0.99617379,4788,0.14972687,0.99823693,1570,0.30689240,-0.00206314,0.30317307,0.45661926
1380,0.46892166,0.99609057,4917,0.17004013,0.99824134,1783,0.29888153,-0.00215077,0.31948090,0.46892166
1381,0.47264099,0.99633325,4956,0.12922287,0.99890808,1355,0.34341812,-0.00257483,0.30093193,0.47264099
1382,0.48503876,0.99490707,5086,0.17948151,0.99740097,1882,0.30555725,-0.00249390,0.33226013,0.48503876
1383,0.51908493,0.99471841,5443,0.18987656,0.99749159,1991,0.32920837,-0.00277317,0.35448074,0.51908493
1384,0.51469803,0.99490123,5397,0.18539429,0.99761342,1944,0.32930374,-0.00271219,0.35004616,0.51469803
1385,0.53958893,0.99430560,5658,0.20389557,0.99703422,2138,0.33569336,-0.00272862,0.37174225,0.53958893
1386,0.59118271,0.99391118,6199,0.21677017,0.99704331,2273,0.37441254,-0.00313213,0.40397644,0.59118271
1387,0.53386688,0.99482255,5598,0.16374588,0.99753148,1717,0.37012100,-0.00270892,0.34880638,0.53386688
1388,0.59347153,0.99411740,6223,0.21715164,0.99659775,2277,0.37631989,-0.00248035,0.40531158,0.59347153
1389,0.57954788,0.99423792,6077,0.19989014,0.99699362,2096,0.37965775,-0.00275570,0.38971901,0.57954788
1390,0.44832230,0.99615575,4701,0.13399124,0.99885134,1405,0.31433105,-0.00269560,0.29115677,0.44832230
1391,0.50458908,0.99539720,5291,0.15106201,0.99842819,1584,0.35352707,-0.00303098,0.32782555,0.50458908
1392,0.53434372,0.99509733,5603,0.17910004,0.99803834,1878,0.35524368,-0.00294100,0.35672188,0.53434372
1393,0.54922104,0.99515762,5759,0.19531250,0.99806540,2048,0.35390854,-0.00290778,0.37226677,0.54922104
1394,0.51679611,0.99533389,5419,0.16670227,0.99832200,1748,0.35009384,-0.00298811,0.34174919,0.51679611
1395,0.55065155,0.99512212,5774,0.16517639,0.99814956,1732,0.38547516,-0.00302744,0.35791397,0.55065155
1396,0.56257248,0.99497981,5899,0.17023087,0.99830943,1785,0.39234161,-0.00332962,0.36640167,0.56257248
1397,0.58240891,0.99480285,6107,0.15363693,0.99837573,1611,0.42877197,-0.00357288,0.36802292,0.58240891
1398,0.50392151,0.99567385,5284,0.12693405,0.99900700,1331,0.37698746,-0.00333316,0.31542778,0.50392151
1399,0.52709579,0.99540342,5527,0.11701584,0.99904763,1227,0.41007996,-0.00364421,0.32205582,0.52709579
1400,0.56009293,0.99521579,5873,0.14476776,0.99892141,1518,0.41532516,-0.00370562,0.35243034,0.56009293
1401,0.59375763,0.99495419,6226,0.18043518,0.99858223,1892,0.41332245,-0.00362804,0.38709641,0.59375763
1402,0.58717728,0.99459468,6157,0.14791489,0.99862156,1551,0.43926239,-0.00402688,0.36754608,0.58717728
1403,0.57868958,0.99517616,6068,0.12063980,0.99919736,1265,0.45804977,-0.00402120,0.34966469,0.57868958
1404,0.60558319,0.99488805,6350,0.15096664,0.99887780,1583,0.45461655,-0.00398975,0.37827492,0.60558319
1405,0.57849884,0.99495995,6066,0.12798309,0.99889734,1342,0.45051575,-0.00393738,0.35324097,0.57849884
1406,0.42915344,0.99538968,4500,0.12140274,0.99883269,1273,0.30775070,-0.00344301,0.27527809,0.42915344
1407,0.46100616,0.99521869,4834,0.12836456,0.99884896,1346,0.33264160,-0.00363027,0.29468536,0.46100616
1408,0.49152374,0.99476170,5154,0.15420914,0.99844903,1617,0.33731461,-0.00368733,0.32286644,0.49152374
1409,0.49858093,0.99483495,5228,0.16546249,0.99848958,1735,0.33311844,-0.00365463,0.33202171,0.49858093
1410,0.48770905,0.99494864,5114,0.11367798,0.99902138,1192,0.37403107,-0.00407274,0.30069351,0.48770905
1411,0.50573349,0.99468968,5303,0.13494492,0.99876662,1415,0.37078857,-0.00407694,0.32033920,0.50573349
1412,0.49343109,0.99468728,5174,0.10643005,0.99890207,1116,0.38700104,-0.00421479,0.29993057,0.49343109
1413,0.41675568,0.99479780,4370,0.12474060,0.99830714,1308,0.29201508,-0.00350934,0.27074814,0.41675568
1414,0.45909882,0.99436271,4814,0.13751984,0.99814962,1442,0.32157898,-0.00378691,0.29830933,0.45909882
1415,0.47225952,0.99407934,4952,0.14753342,0.99793565,1547,0.32472610,-0.00385631,0.30989647,0.47225952
1416,0.50582886,0.99399224,5304,0.18453598,0.99801567,1935,0.32129288,-0.00402343,0.34518242,0.50582886
1417,0.46081543,0.99425093,4832,0.13303757,0.99837187,1395,0.32777786,-0.00412094,0.29692650,0.46081543
1418,0.49829483,0.99388428,5225,0.13322830,0.99841528,1397,0.36506653,-0.00453100,0.31576157,0.49829483
1419,0.52547455,0.99333276,5510,0.15459061,0.99821768,1621,0.37088394,-0.00488492,0.34003258,0.52547455
1420,0.51317215,0.99343380,5381,0.13093948,0.99842708,1373,0.38223267,-0.00499328,0.32205582,0.51317215
1421,0.40502548,0.99583476,4247,0.10032654,0.99885905,1052,0.30469894,-0.00302430,0.25267601,0.40502548
1422,0.43478012,0.99540218,4559,0.10480881,0.99872287,1099,0.32997131,-0.00332069,0.26979446,0.43478012
1423,0.46377182,0.99505316,4863,0.12941360,0.99846061,1357,0.33435822,-0.00340745,0.29659271,0.46377182
1424,0.48246384,0.99502039,5059,0.15220642,0.99832884,1596,0.33025742,-0.00330845,0.31733513,0.48246384
1425,0.46510696,0.99491960,4877,0.11196136,0.99853205,1174,0.35314560,-0.00361245,0.28853416,0.46510696
1426,0.48007965,0.99498797,5034,0.10881424,0.99868593,1141,0.37126541,-0.00369796,0.29444695,0.48007965
1427,0.49896240,0.99468403,5232,0.12655258,0.99848312,1327,0.37240982,-0.00379909,0.31275749,0.49896240
1428,0.49171448,0.99474266,5156,0.10833740,0.99864681,1136,0.38337708,-0.00390415,0.30002594,0.49171448
1429,0.48246384,0.99522570,5059,0.08087158,0.99902320,848,0.40159225,-0.00379750,0.28166771,0.48246384
1430,0.51355362,0.99483952,5385,0.08602142,0.99892788,902,0.42753220,-0.00408836,0.29978752,0.51355362
1431,0.52995682,0.99481027,5557,0.10318756,0.99883719,1082,0.42676926,-0.00402692,0.31657219,0.52995682
1432,0.57449341,0.99456895,6024,0.13961792,0.99862158,1464,0.43487549,-0.00405264,0.35705566,0.57449341
1433,0.50897598,0.99480324,5337,0.08401871,0.99891900,881,0.42495728,-0.00411576,0.29649734,0.50897598
1434,0.55074692,0.99464134,5775,0.08401871,0.99893311,881,0.46672821,-0.00429177,0.31738281,0.55074692
1435,0.58231354,0.99412347,6106,0.10900497,0.99867329,1143,0.47330856,-0.00454982,0.34565926,0.58231354
1436,0.57573318,0.99435704,6037,0.08821487,0.99885759,925,0.48751831,-0.00450054,0.33197403,0.57573318
1437,0.34389496,0.99665882,3606,0.05540848,0.99944901,581,0.28848648,-0.00279019,0.19965172,0.34389496
1438,0.37536621,0.99631175,3936,0.05578995,0.99946462,585,0.31957626,-0.00315287,0.21557808,0.37536621
1439,0.39873123,0.99607514,4181,0.07753372,0.99926351,813,0.32119751,-0.00318837,0.23813248,0.39873123
1440,0.41570663,0.99602293,4359,0.09679794,0.99913514,1015,0.31890869,-0.00311221,0.25625229,0.41570663
1441,0.41847229,0.99572911,4388,0.07276535,0.99925408,763,0.34570694,-0.00352498,0.24561882,0.41847229
1442,0.40712357,0.99608926,4269,0.04806519,0.99954840,504,0.35905838,-0.00345914,0.22759438,0.40712357
1443,0.43334961,0.99573261,4544,0.06809235,0.99935788,714,0.36525726,-0.00362528,0.25072098,0.43334961
1444,0.42314529,0.99580181,4437,0.05178452,0.99950495,543,0.37136078,-0.00370315,0.23746490,0.42314529
1445,0.45843124,0.99524417,4807,0.06093979,0.99929795,639,0.39749146,-0.00405378,0.25968552,0.45843124
1446,0.48942566,0.99503334,5132,0.05941391,0.99936508,623,0.43001175,-0.00433174,0.27441978,0.48942566
1447,0.51374435,0.99459843,5387,0.08001328,0.99916988,839,0.43373108,-0.00457145,0.29687881,0.51374435
1448,0.54302216,0.99467572,5694,0.11100769,0.99898964,1164,0.43201447,-0.00431391,0.32701492,0.54302216
1449,0.50220490,0.99470055,5266,0.07343292,0.99918010,770,0.42877197,-0.00447955,0.28781891,0.50220490
1450,0.51431656,0.99492824,5393,0.06208420,0.99930438,651,0.45223236,-0.00437614,0.28820038,0.51431656
1451,0.55456161,0.99444670,5815,0.08172989,0.99912020,857,0.47283173,-0.00467350,0.31814575,0.55456161
1452,0.56562424,0.99429110,5931,0.06370544,0.99933539,668,0.50191879,-0.00504429,0.31466484,0.56562424
1453,0.45652390,0.99143052,4787,0.04920959,0.99942916,516,0.40731430,-0.00799864,0.25286674,0.45652390
1454,0.48856735,0.99103266,5123,0.04749298,0.99946397,498,0.44107437,-0.00843131,0.26803017,0.48856735
1455,0.52547455,0.99052717,5510,0.07524490,0.99911519,789,0.45022964,-0.00858802,0.30035973,0.52547455
1456,0.53281784,0.99150228,5587,0.10194778,0.99912879,1069,0.43087006,-0.00762651,0.31738281,0.53281784
1457,0.54216385,0.99074402,5685,0.07314682,0.99922824,767,0.46901703,-0.00848422,0.30765533,0.54216385
1458,0.52928925,0.99096762,5550,0.04911423,0.99949014,515,0.48017502,-0.00852252,0.28920174,0.52928925
1459,0.55494308,0.99071176,5819,0.06942749,0.99929870,728,0.48551559,-0.00858694,0.31218529,0.55494308
1460,0.54855347,0.99056264,5752,0.04739761,0.99949728,497,0.50115585,-0.00893464,0.29797554,0.54855347
1461,0.45652390,0.99140071,4787,0.08888245,0.99898891,932,0.36764145,-0.00758820,0.27270317,0.45652390
1462,0.50516129,0.99006047,5297,0.10538101,0.99846627,1105,0.39978027,-0.00840580,0.30527115,0.50516129
1463,0.53024292,0.99036018,5560,0.12674332,0.99855626,1329,0.40349960,-0.00819608,0.32849312,0.53024292
1464,0.54149628,0.99041612,5678,0.15058517,0.99801715,1579,0.39091110,-0.00760103,0.34604073,0.54149628
1465,0.52309036,0.99056214,5485,0.11358261,0.99858709,1191,0.40950775,-0.00802495,0.31833649,0.52309036
1466,0.53815842,0.99038572,5643,0.10032654,0.99834364,1052,0.43783188,-0.00795793,0.31924248,0.53815842
1467,0.55828094,0.99003824,5854,0.11739731,0.99853525,1231,0.44088364,-0.00849701,0.33783913,0.55828094
1468,0.54321289,0.99036033,5696,0.06999969,0.99918333,734,0.47321320,-0.00882300,0.30660629,0.54321289
1469,0.50935745,0.99316055,5341,0.09479523,0.99879514,994,0.41456223,-0.00563459,0.30207634,0.50935745
1470,0.57935715,0.99236071,6075,0.12435913,0.99870133,1304,0.45499802,-0.00634062,0.35185814,0.57935715
1471,0.60043335,0.99241921,6296,0.15287399,0.99848387,1603,0.44755936,-0.00606466,0.37665367,0.60043335
1472,0.60548782,0.99208006,6349,0.12311935,0.99856706,1291,0.48236847,-0.00648700,0.36430359,0.60548782
1473,0.58965683,0.99237943,6183,0.09374619,0.99891428,983,0.49591064,-0.00653485,0.34170151,0.58965683
1474,0.62255859,0.99216386,6528,0.11844635,0.99866300,1242,0.50411224,-0.00649914,0.37050247,0.62255859
1475,0.61073303,0.99199376,6404,0.08754730,0.99896511,918,0.52318573,-0.00697135,0.34914017,0.61073303
1476,0.66986084,0.99004508,7024,0.13408661,0.99788840,1406,0.53577423,-0.00784332,0.40197372,0.66986084
1477,0.69913864,0.98963133,7331,0.13504028,0.99788218,1416,0.56409836,-0.00825084,0.41708946,0.69913864
1478,0.72965622,0.98951457,7651,0.16641617,0.99763063,1745,0.56324005,-0.00811606,0.44803619,0.72965622
1479,0.76293945,0.98948623,8000,0.18882751,0.99761951,1980,0.57411194,-0.00813328,0.47588348,0.76293945
1480,0.74472427,0.98922800,7809,0.14324188,0.99781170,1502,0.60148239,-0.00858370,0.44398308,0.74472427
1481,0.75693130,0.98931486,7937,0.13608932,0.99792174,1427,0.62084198,-0.00860689,0.44651031,0.75693130
1482,0.78125000,0.98917740,8192,0.15640259,0.99787281,1640,0.62484741,-0.00869541,0.46882629,0.78125000
1483,0.78344345,0.98915918,8215,0.13628006,0.99783629,1429,0.64716339,-0.00867711,0.45986176,0.78344345
1484,0.61244965,0.99200460,6422,0.14419556,0.99811395,1512,0.46825409,-0.00610934,0.37832260,0.61244965
1485,0.64048767,0.99178646,6716,0.14324188,0.99793981,1502,0.49724579,-0.00615335,0.39186478,0.64048767
1486,0.68416595,0.99136758,7174,0.18529892,0.99773701,1943,0.49886703,-0.00636942,0.43473244,0.68416595
1487,0.71029663,0.99122569,7448,0.20437241,0.99761871,2143,0.50592422,-0.00639301,0.45733452,0.71029663
1488,0.68216324,0.99138952,7153,0.15878677,0.99792744,1665,0.52337646,-0.00653791,0.42047501,0.68216324
1489,0.69351196,0.99117903,7272,0.14772415,0.99805035,1549,0.54578781,-0.00687131,0.42061806,0.69351196
1490,0.72069168,0.99116235,7557,0.17757416,0.99780755,1862,0.54311752,-0.00664520,0.44913292,0.72069168
1491,0.69446564,0.99147260,7282,0.12922287,0.99842490,1355,0.56524277,-0.00695230,0.41184425,0.69446564
1492,0.40302277,0.99634661,4226,0.14057159,0.99826643,1474,0.26245117,-0.00191982,0.27179718,0.40302277
1493,0.43210983,0.99595401,4531,0.14400482,0.99813744,1510,0.28810501,-0.00218342,0.28805733,0.43210983
1494,0.47121048,0.99570041,4941,0.18329620,0.99789626,1922,0.28791428,-0.00219585,0.32725334,0.47121048
1495,0.49810410,0.99554420,5223,0.20961761,0.99770413,2198,0.28848648,-0.00215993,0.35386086,0.49810410
1496,0.47693253,0.99537387,5001,0.16746521,0.99779094,1756,0.30946732,-0.00241707,0.32219887,0.47693253
1497,0.47340393,0.99565143,4964,0.15430450,0.99800117,1618,0.31909943,-0.00234974,0.31385422,0.47340393
1498,0.51040649,0.99543015,5352,0.19187927,0.99777845,2012,0.31852722,-0.00234830,0.35114288,0.51040649
1499,0.48351288,0.99570420,5070,0.14009476,0.99826857,1469,0.34341812,-0.00256438,0.31180382,0.48351288
1500,0.53510666,0.99330924,5611,0.13103485,0.99841300,1374,0.40407181,-0.00510377,0.33307076,0.53510666
1501,0.55379868,0.99307378,5807,0.12912750,0.99842357,1354,0.42467117,-0.00534979,0.34146309,0.55379868
1502,0.59652328,0.99272893,6255,0.17652512,0.99778895,1851,0.41999817,-0.00506002,0.38652420,0.59652328
1503,0.61035156,0.99291766,6400,0.18482208,0.99807037,1938,0.42552948,-0.00515271,0.39758682,0.61035156
1504,0.58984756,0.99286222,6185,0.14982224,0.99809788,1571,0.44002533,-0.00523567,0.36983490,0.58984756
1505,0.58631897,0.99305324,6148,0.13017654,0.99840505,1365,0.45614243,-0.00535181,0.35824776,0.58631897
1506,0.62332153,0.99237214,6536,0.17623901,0.99766252,1848,0.44708252,-0.00529038,0.39978027,0.62332153
1507,0.61559677,0.99276233,6455,0.13408661,0.99808078,1406,0.48151016,-0.00531845,0.37484169,0.61559677
1508,0.34694672,0.99608818,3638,0.07820129,0.99955508,820,0.26874542,-0.00346690,0.21257401,0.34694672
1509,0.36592484,0.99585027,3837,0.07581711,0.99953302,795,0.29010773,-0.00368275,0.22087097,0.36592484
1510,0.40302277,0.99552407,4226,0.10957718,0.99936117,1149,0.29344559,-0.00383711,0.25629997,0.40302277
1511,0.41351318,0.99575173,4336,0.12311935,0.99931103,1291,0.29039383,-0.00355931,0.26831627,0.41351318
1512,0.40197372,0.99544658,4215,0.08745193,0.99939684,917,0.31452179,-0.00395026,0.24471283,0.40197372
1513,0.40054321,0.99560301,4200,0.07457733,0.99956418,782,0.32596588,-0.00396117,0.23756027,0.40054321
1514,0.43544769,0.99539678,4566,0.11301041,0.99934591,1185,0.32243729,-0.00394913,0.27422905,0.43544769
1515,0.43163300,0.99535489,4526,0.07781982,0.99955898,816,0.35381317,-0.00420409,0.25472641,0.43163300
1516,0.33407211,0.99787208,3503,0.06608963,0.99958680,693,0.26798248,-0.00171472,0.20008087,0.33407211
1517,0.35333633,0.99769849,3705,0.06475449,0.99956751,679,0.28858185,-0.00186902,0.20904541,0.35333633
1518,0.38280487,0.99756297,4014,0.09107590,0.99946255,955,0.29172897,-0.00189958,0.23694038,0.38280487
1519,0.39806366,0.99745522,4174,0.10843277,0.99929924,1137,0.28963089,-0.00184402,0.25324821,0.39806366
1520,0.39157867,0.99733891,4106,0.07581711,0.99941790,795,0.31576157,-0.00207900,0.23369789,0.39157867
1521,0.38537979,0.99749779,4041,0.06332397,0.99959238,664,0.32205582,-0.00209459,0.22435188,0.38537979
1522,0.40502548,0.99747021,4247,0.09202957,0.99945426,965,0.31299591,-0.00198406,0.24852753,0.40502548
1523,0.39844513,0.99748105,4178,0.06256104,0.99965124,656,0.33588409,-0.00217019,0.23050308,0.39844513
1524,0.50401688,0.99129571,5285,0.10633469,0.99858447,1115,0.39768219,-0.00728876,0.30517578,0.50401688
1525,0.51202774,0.99121579,5369,0.10728836,0.99854897,1125,0.40473938,-0.00733318,0.30965805,0.51202774
1526,0.53777695,0.99096690,5639,0.13599396,0.99840512,1426,0.40178299,-0.00743822,0.33688545,0.53777695
1527,0.53815842,0.99119459,5643,0.14324188,0.99840138,1502,0.39491653,-0.00720678,0.34070015,0.53815842
1528,0.53615570,0.99101523,5622,0.12054443,0.99851146,1264,0.41561127,-0.00749623,0.32835007,0.53615570
1529,0.53567886,0.99087791,5617,0.11138916,0.99856935,1168,0.42428970,-0.00769145,0.32353401,0.53567886
1530,0.54798126,0.99077210,5746,0.11014938,0.99871628,1155,0.43783188,-0.00794418,0.32906532,0.54798126
1531,0.32367706,0.99720065,3394,0.08058548,0.99857062,845,0.24309158,-0.00136998,0.20213127,0.32367706
1532,0.33435822,0.99703382,3506,0.08182526,0.99848462,858,0.25253296,-0.00145080,0.20809174,0.33435822
1533,0.36029816,0.99682923,3778,0.10824203,0.99819027,1135,0.25205612,-0.00136104,0.23427010,0.36029816
1534,0.36134720,0.99694724,3789,0.11348724,0.99816051,1190,0.24785995,-0.00121327,0.23741722,0.36134720
1535,0.36430359,0.99694213,3820,0.08888245,0.99852074,932,0.27542114,-0.00157862,0.22659302,0.36430359
1536,0.36058426,0.99696520,3781,0.08268356,0.99842615,867,0.27790070,-0.00146095,0.22163391,0.36058426
1537,0.38957596,0.99660575,4085,0.11119843,0.99810052,1166,0.27837753,-0.00149477,0.25038719,0.38957596
1538,0.38261414,0.99657969,4012,0.08420944,0.99857830,883,0.29840469,-0.00199861,0.23341179,0.38261414
1539,0.38394928,0.99524132,4026,0.06589890,0.99910800,691,0.31805038,-0.00386668,0.22492409,0.38394928
1540,0.39091110,0.99478940,4099,0.06656647,0.99905443,698,0.32434464,-0.00426503,0.22873878,0.39091110
1541,0.41875839,0.99440688,4391,0.09403229,0.99868248,986,0.32472610,-0.00427560,0.25639534,0.41875839
1542,0.41704178,0.99434136,4373,0.08888245,0.99877003,932,0.32815933,-0.00442868,0.25296211,0.41704178
1543,0.41475296,0.99432666,4349,0.07247925,0.99888976,760,0.34227371,-0.00456310,0.24361610,0.41475296
1544,0.40521622,0.99445879,4249,0.06885529,0.99888119,722,0.33636093,-0.00442240,0.23703575,0.40521622
1545,0.42314529,0.99422592,4437,0.09794235,0.99856293,1027,0.32520294,-0.00433702,0.26054382,0.42314529
1546,0.41160583,0.99440758,4316,0.07276535,0.99886157,763,0.33884048,-0.00445399,0.24218559,0.41160583
1547,0.41589737,0.99485675,4361,0.06589890,0.99890881,691,0.34999847,-0.00405206,0.24089813,0.41589737
1548,0.42562485,0.99463126,4463,0.06408691,0.99892861,672,0.36153793,-0.00429735,0.24485588,0.42562485
1549,0.45499802,0.99439346,4771,0.08859634,0.99875193,929,0.36640167,-0.00435847,0.27179718,0.45499802
1550,0.44136047,0.99449067,4628,0.07781982,0.99885964,816,0.36354065,-0.00436897,0.25959015,0.44136047
1551,0.45156479,0.99434032,4735,0.07047653,0.99888391,739,0.38108826,-0.00454359,0.26102066,0.45156479
1552,0.44250488,0.99443051,4640,0.06513596,0.99892523,683,0.37736893,-0.00449472,0.25382042,0.44250488
1553,0.46997070,0.99438842,4928,0.09365082,0.99856905,982,0.37631989,-0.00418063,0.28181076,0.46997070
1554,0.44698715,0.99465160,4687,0.06647110,0.99898384,697,0.38051605,-0.00433224,0.25672913,0.44698715
1555,0.58412552,0.99048234,6125,0.11644363,0.99775478,1221,0.46768188,-0.00727244,0.35028458,0.58412552
1556,0.59604645,0.98998241,6250,0.10948181,0.99792463,1148,0.48656464,-0.00794222,0.35276413,0.59604645
1557,0.63085556,0.98962229,6615,0.14324188,0.99751378,1502,0.48761368,-0.00789150,0.38704872,0.63085556
1558,0.63171387,0.98928776,6624,0.13380051,0.99719652,1403,0.49791336,-0.00790876,0.38275719,0.63171387
1559,0.63619614,0.98955226,6671,0.12989044,0.99729779,1362,0.50630569,-0.00774553,0.38304329,0.63619614
1560,0.62875748,0.98950365,6593,0.12426376,0.99748902,1303,0.50449371,-0.00798537,0.37651062,0.62875748
1561,0.66604614,0.98917666,6984,0.16012192,0.99693003,1679,0.50592422,-0.00775337,0.41308403,0.66604614
1562,0.65755844,0.98878881,6895,0.13246536,0.99728160,1389,0.52509308,-0.00849278,0.39501190,0.65755844
1563,0.53863525,0.98583008,5648,0.60863495,0.98838834,6382,-0.06999969,-0.00255826,0.57363510,0.60863495
1564,0.56104660,0.98570565,5883,0.60853958,0.98845364,6381,-0.04749298,-0.00274800,0.58479309,0.60853958
1565,0.58937073,0.98553314,6180,0.64344406,0.98788350,6747,-0.05407333,-0.00235036,0.61640739,0.64344406
1566,0.57039261,0.98543678,5981,0.63829422,0.98786305,6693,-0.06790161,-0.00242627,0.60434341,0.63829422
1567,0.60901642,0.98511213,6386,0.64058304,0.98769804,6717,-0.03156662,-0.00258591,0.62479973,0.64058304
1568,0.61330795,0.98499562,6431,0.64973831,0.98708790,6813,-0.03643036,-0.00209228,0.63152313,0.64973831
1569,0.65155029,0.98499584,6832,0.68616867,0.98707379,7195,-0.03461838,-0.00207795,0.66885948,0.68616867
1570,0.63743591,0.98498343,6684,0.66261292,0.98709692,6948,-0.02517700,-0.00211350,0.65002441,0.66261292
1571,0.52003860,0.98784206,5453,0.38681030,0.99305239,4056,0.13322830,-0.00521033,0.45342445,0.52003860
1572,0.54645538,0.98756248,5730,0.39491653,0.99275622,4141,0.15153885,-0.00519373,0.47068596,0.54645538
1573,0.55246353,0.98774203,5793,0.40225983,0.99285389,4218,0.15020370,-0.00511186,0.47736168,0.55246353
1574,0.55036545,0.98760798,5771,0.40931702,0.99235781,4292,0.14104843,-0.00474983,0.47984123,0.55036545
1575,0.56743622,0.98708837,5950,0.43468475,0.99156886,4558,0.13275146,-0.00448049,0.50106049,0.56743622
1576,0.58212280,0.98682011,6104,0.43773651,0.99158781,4590,0.14438629,-0.00476769,0.50992966,0.58212280
1577,0.61464310,0.98667616,6445,0.46205521,0.99138459,4845,0.15258789,-0.00470843,0.53834915,0.61464310
1578,0.61178207,0.98663117,6415,0.45595169,0.99133191,4781,0.15583038,-0.00470074,0.53386688,0.61178207
1579,0.80471039,0.97884267,8438,0.33712387,0.99243811,3535,0.46758652,-0.01359545,0.57091713,0.80471039
1580,0.82445145,0.97870370,8645,0.33416748,0.99257820,3504,0.49028397,-0.01387450,0.57930946,0.82445145
1581,0.83150864,0.97864485,8719,0.34608841,0.99228842,3629,0.48542023,-0.01364358,0.58879852,0.83150864
1582,0.82073212,0.97820545,8606,0.32863617,0.99236468,3446,0.49209595,-0.01415924,0.57468414,0.82073212
1583,0.81605911,0.97852968,8557,0.32262802,0.99267339,3383,0.49343109,-0.01414370,0.56934357,0.81605911
1584,0.82130432,0.97847037,8612,0.32815933,0.99250894,3441,0.49314499,-0.01403857,0.57473183,0.82130432
1585,0.83866119,0.97858388,8794,0.33788681,0.99260678,3543,0.50077438,-0.01402290,0.58827400,0.83866119
1586,0.82836151,0.97865491,8686,0.31595230,0.99271375,3313,0.51240921,-0.01405883,0.57215691,0.82836151
1587,0.74281693,0.97991431,7789,0.38585663,0.98774682,4046,0.35696030,-0.00783251,0.56433678,0.74281693
1588,0.74682236,0.97955119,7831,0.38518906,0.98732699,4039,0.36163330,-0.00777580,0.56600571,0.74682236
1589,0.75130463,0.98019816,7878,0.38738251,0.98827860,4062,0.36392212,-0.00808044,0.56934357,0.75130463
1590,0.74710846,0.98038338,7834,0.36096573,0.98888866,3785,0.38614273,-0.00850528,0.55403709,0.74710846
1591,0.75416565,0.98022600,7908,0.35552979,0.98865326,3728,0.39863586,-0.00842726,0.55484772,0.75416565
1592,0.77581406,0.98045582,8135,0.38414001,0.98874306,4028,0.39167404,-0.00828724,0.57997704,0.77581406
1593,0.76189041,0.98060952,7989,0.36039352,0.98874800,3779,0.40149689,-0.00813847,0.56114197,0.76189041
1594,0.53081512,0.97966428,5566,0.03662109,0.99974518,384,0.49419403,-0.02008090,0.28371811,0.53081512
1595,0.53796768,0.97995539,5641,0.04491806,0.99920837,471,0.49304962,-0.01925298,0.29144287,0.53796768
1596,0.54378510,0.98022471,5702,0.04882812,0.99966155,512,0.49495697,-0.01943684,0.29630661,0.54378510
1597,0.54035187,0.98028818,5666,0.03938675,0.99972599,413,0.50096512,-0.01943782,0.28986931,0.54035187
1598,0.54197311,0.98030501,5683,0.03614426,0.99972175,379,0.50582886,-0.01941674,0.28905869,0.54197311
1599,0.55017471,0.98033087,5769,0.03538132,0.99971814,371,0.51479340,-0.01938727,0.29277802,0.55017471
1600,0.57134628,0.98037249,5991,0.05817413,0.99958528,610,0.51317215,-0.01921279,0.31476021,0.57134628
1601,0.57821274,0.97961515,6063,0.04568100,0.99917108,479,0.53253174,-0.01955594,0.31194687,0.57821274
1602,1.24921799,0.95735520,13099,0.02279282,0.99956433,239,1.22642517,-0.04220913,0.63600540,1.24921799
1603,1.24826431,0.95802575,13089,0.02517700,0.99952086,264,1.22308731,-0.04149511,0.63672066,1.24826431
1604,1.24692917,0.95784399,13075,0.02412796,0.99953560,253,1.22280121,-0.04169161,0.63552856,1.24692917
1605,1.23672485,0.95835114,12968,0.02365112,0.99963838,248,1.21307373,-0.04128724,0.63018799,1.23672485
1606,1.24797821,0.95849967,13086,0.02393723,0.99964454,251,1.22404099,-0.04114487,0.63595772,1.24797821
1607,1.25265121,0.95830923,13135,0.02231598,0.99956347,234,1.23033524,-0.04125424,0.63748360,1.25265121
1608,1.26438141,0.95817434,13258,0.03061295,0.99943161,321,1.23376846,-0.04125727,0.64749718,1.26438141
1609,1.25160217,0.95885650,13124,0.02479553,0.99946007,260,1.22680664,-0.04060357,0.63819885,1.25160217
1610,0.37832260,0.98868413,3967,0.01754761,0.99925085,184,0.36077499,-0.01056672,0.19793510,0.37832260
1611,0.38537979,0.98901478,4041,0.02193451,0.99908005,230,0.36344528,-0.01006527,0.20365715,0.38537979
1612,0.39262772,0.98878789,4117,0.03948212,0.99828670,414,0.35314560,-0.00949881,0.21605492,0.39262772
1613,0.38442612,0.98933487,4031,0.02593994,0.99888607,272,0.35848618,-0.00955119,0.20518303,0.38442612
1614,0.39262772,0.98921777,4117,0.02775192,0.99886634,291,0.36487579,-0.00964857,0.21018982,0.39262772
1615,0.40302277,0.98927155,4226,0.02689362,0.99912025,282,0.37612915,-0.00984870,0.21495819,0.40302277
1616,0.40225983,0.98938071,4218,0.02422333,0.99897687,254,0.37803650,-0.00959616,0.21324158,0.40225983
1617,0.42076111,0.98929807,4412,0.02565384,0.99890867,269,0.39510727,-0.00961060,0.22320747,0.42076111
1618,0.78516006,0.96611580,8233,0.04329681,0.99761389,454,0.74186325,-0.03149809,0.41422844,0.78516006
1619,0.78964233,0.96661572,8280,0.04158020,0.99758741,436,0.74806213,-0.03097169,0.41561127,0.78964233
1620,0.78887939,0.96686560,8272,0.05111694,0.99746548,536,0.73776245,-0.03059988,0.41999817,0.78887939
1621,0.79126358,0.96724448,8297,0.04310608,0.99760988,452,0.74815750,-0.03036539,0.41718483,0.79126358
1622,0.79107285,0.96803270,8295,0.04253387,0.99763909,446,0.74853897,-0.02960639,0.41680336,0.79107285
1623,0.79250336,0.96806849,8310,0.04673004,0.99752874,490,0.74577332,-0.02946026,0.41961670,0.79250336
1624,0.78973770,0.96813054,8281,0.04568100,0.99751324,479,0.74405670,-0.02938270,0.41770935,0.78973770
1625,0.80738068,0.96824001,8466,0.04444122,0.99745761,466,0.76293945,-0.02921760,0.42591095,0.80738068
1626,0.65488815,0.97189758,6867,0.09441376,0.99701578,990,0.56047440,-0.02511820,0.37465096,0.65488815
1627,0.67081451,0.97215778,7034,0.09222031,0.99711035,967,0.57859421,-0.02495257,0.38151741,0.67081451
1628,0.65908432,0.97280283,6911,0.08697510,0.99712631,912,0.57210922,-0.02432348,0.37302971,0.65908432
1629,0.65746307,0.97309989,6894,0.08764267,0.99712265,919,0.56982040,-0.02402276,0.37255287,0.65746307
1630,0.65450668,0.97342641,6863,0.08878708,0.99711444,931,0.56571960,-0.02368803,0.37164688,0.65450668
1631,0.67014694,0.97349742,7027,0.09546280,0.99699398,1001,0.57468414,-0.02349656,0.38280487,0.67014694
1632,0.67052841,0.97378284,7031,0.09384155,0.99699060,984,0.57668686,-0.02320777,0.38218498,0.67052841
1633,0.68588257,0.97408159,7192,0.10757446,0.99693506,1128,0.57830811,-0.02285347,0.39672852,0.68588257
1634,0.52709579,0.97834093,5527,0.07352829,0.99806253,771,0.45356750,-0.01972160,0.30031204,0.52709579
1635,0.55217743,0.97861726,5790,0.09202957,0.99797190,965,0.46014786,-0.01935464,0.32210350,0.55217743
1636,0.54540634,0.97908234,5719,0.09317398,0.99779057,977,0.45223236,-0.01870824,0.31929016,0.54540634
1637,0.51937103,0.97936071,5446,0.07667542,0.99790454,804,0.44269562,-0.01854383,0.29802322,0.51937103
1638,0.53071976,0.97951062,5565,0.07734299,0.99790873,811,0.45337677,-0.01839811,0.30403137,0.53071976
1639,0.53062439,0.97984912,5564,0.07801056,0.99793109,818,0.45261383,-0.01808197,0.30431747,0.53062439
1640,0.53100586,0.98020190,5568,0.07658005,0.99788740,803,0.45442581,-0.01768550,0.30379295,0.53100586
1641,0.53224564,0.98038845,5581,0.07591248,0.99783788,796,0.45633316,-0.01744943,0.30407906,0.53224564
1642,0.41799545,0.98597486,4383,0.01697540,0.99959989,178,0.40102005,-0.01362504,0.21748543,0.41799545
1643,0.43535233,0.98600741,4565,0.01716614,0.99961828,180,0.41818619,-0.01361087,0.22625923,0.43535233
1644,0.44517517,0.98597061,4668,0.01516342,0.99960884,159,0.43001175,-0.01363823,0.23016930,0.44517517
1645,0.44422150,0.98580167,4658,0.01497269,0.99963299,157,0.42924881,-0.01383133,0.22959709,0.44422150
1646,0.43640137,0.98598242,4576,0.01544952,0.99959029,162,0.42095184,-0.01360788,0.22592545,0.43640137
1647,0.45270920,0.98578866,4747,0.01850128,0.99960242,194,0.43420792,-0.01381376,0.23560524,0.45270920
1648,0.45127869,0.98628143,4732,0.01478195,0.99964717,155,0.43649673,-0.01336574,0.23303032,0.45127869
1649,0.46358109,0.98633546,4861,0.01487732,0.99964600,156,0.44870377,-0.01331054,0.23922920,0.46358109
1650,0.32653809,0.99305092,3424,0.06446838,0.99965511,676,0.26206970,-0.00660419,0.19550323,0.32653809
1651,0.34036636,0.99300330,3569,0.06656647,0.99958729,698,0.27379990,-0.00658399,0.20346642,0.34036636
1652,0.34389496,0.99293220,3606,0.06570816,0.99967757,689,0.27818680,-0.00674537,0.20480156,0.34389496
1653,0.33864975,0.99305039,3551,0.06456375,0.99978234,677,0.27408600,-0.00673195,0.20160675,0.33864975
1654,0.35924911,0.99287985,3767,0.06656647,0.99961424,698,0.29268265,-0.00673438,0.21290779,0.35924911
1655,0.37193298,0.99269191,3900,0.07162094,0.99958429,751,0.30031204,-0.00689238,0.22177696,0.37193298
1656,0.36888123,0.99271783,3868,0.06341934,0.99978413,665,0.30546188,-0.00706630,0.21615028,0.36888123
1657,0.38566589,0.99243815,4044,0.06608963,0.99964596,693,0.31957626,-0.00720781,0.22587776,0.38566589
1658,0.26473999,0.99764400,2776,0.01316071,0.99953856,138,0.25157928,-0.00189456,0.13895035,0.26473999
1659,0.28171539,0.99750920,2954,0.01010895,0.99961614,106,0.27160645,-0.00210694,0.14591217,0.28171539
1660,0.28305054,0.99746361,2968,0.00782013,0.99982300,82,0.27523041,-0.00235939,0.14543533,0.28305054
1661,0.28858185,0.99742181,3026,0.01506805,0.99948904,158,0.27351379,-0.00206723,0.15182495,0.28858185
1662,0.28467178,0.99725856,2985,0.01182556,0.99952987,124,0.27284622,-0.00227131,0.14824867,0.28467178
1663,0.30107498,0.99708921,3157,0.01564026,0.99970434,164,0.28543472,-0.00261514,0.15835762,0.30107498
1664,0.30326843,0.99714702,3180,0.01525879,0.99958074,160,0.28800964,-0.00243371,0.15926361,0.30326843
1665,0.31557083,0.99706824,3309,0.01296997,0.99957246,136,0.30260086,-0.00250422,0.16427040,0.31557083
1666,0.27780533,0.99696333,2913,0.00429153,0.99973908,45,0.27351379,-0.00277575,0.14104843,0.27780533
1667,0.29153824,0.99680173,3057,0.00867844,0.99953922,91,0.28285980,-0.00273749,0.15010834,0.29153824
1668,0.30040741,0.99684489,3150,0.00848770,0.99955158,89,0.29191971,-0.00270669,0.15444756,0.30040741
1669,0.29125214,0.99690167,3054,0.00419617,0.99969712,44,0.28705597,-0.00279545,0.14772415,0.29125214
1670,0.30412674,0.99672850,3189,0.01058578,0.99940612,111,0.29354095,-0.00267761,0.15735626,0.30412674
1671,0.31309128,0.99667808,3283,0.01983643,0.99932640,208,0.29325485,-0.00264832,0.16646385,0.31309128
1672,0.31671524,0.99663223,3321,0.00705719,0.99959326,74,0.30965805,-0.00296103,0.16188622,0.31671524
1673,0.32787323,0.99659111,3438,0.01096725,0.99938025,115,0.31690598,-0.00278914,0.16942024,0.32787323
1674,0.19760132,0.99812988,2072,0.01306534,0.99933522,137,0.18453598,-0.00120534,0.10533333,0.19760132
1675,0.20456314,0.99834521,2145,0.01192093,0.99956475,125,0.19264221,-0.00121954,0.10824203,0.20456314
1676,0.20503998,0.99832235,2150,0.01134872,0.99954247,119,0.19369125,-0.00122013,0.10819435,0.20503998
1677,0.20608902,0.99844178,2161,0.00677109,0.99975776,71,0.19931793,-0.00131598,0.10643005,0.20608902
1678,0.20990372,0.99825077,2201,0.01106262,0.99965183,116,0.19884109,-0.00140106,0.11048317,0.20990372
1679,0.21057129,0.99820453,2208,0.01106262,0.99952461,116,0.19950867,-0.00132008,0.11081696,0.21057129
1680,0.22153854,0.99788969,2323,0.01468658,0.99939521,154,0.20685196,-0.00150553,0.11811256,0.22153854
1681,0.22735596,0.99812190,2384,0.01144409,0.99957594,120,0.21591187,-0.00145404,0.11940002,0.22735596
1682,0.29516220,0.99786463,3095,0.04644394,0.99829381,487,0.24871826,-0.00042918,0.17080307,0.29516220
1683,0.30269623,0.99705338,3174,0.04825592,0.99832090,506,0.25444031,-0.00126752,0.17547607,0.30269623
1684,0.30117035,0.99737194,3158,0.05292892,0.99827148,555,0.24824142,-0.00089954,0.17704964,0.30117035
1685,0.32529831,0.99746866,3411,0.07343292,0.99744701,770,0.25186539,0.00002165,0.19936562,0.32529831
1686,0.32119751,0.99724835,3368,0.06017685,0.99798230,631,0.26102066,-0.00073395,0.19068718,0.32119751
1687,0.29907227,0.99777497,3136,0.05741119,0.99799096,602,0.24166107,-0.00021599,0.17824173,0.29907227
1688,0.32758713,0.99684633,3435,0.06818771,0.99773034,715,0.25939941,-0.00088401,0.19788742,0.32758713
1689,0.34112930,0.99747320,3577,0.05912781,0.99796290,620,0.28200150,-0.00048970,0.20012856,0.34112930
1690,0.27246475,0.99680591,2857,0.37956238,0.99292633,3980,-0.10709763,0.00387958,0.32601357,0.37956238
1691,0.25672913,0.99709263,2692,0.38623810,0.99274193,4050,-0.12950897,0.00435070,0.32148361,0.38623810
1692,0.26493073,0.99654364,2778,0.38795471,0.99273833,4068,-0.12302399,0.00380531,0.32644272,0.38795471
1693,0.28667450,0.99665357,3006,0.39052963,0.99268323,4095,-0.10385513,0.00397034,0.33860207,0.39052963
1694,0.28038025,0.99633691,2940,0.38175583,0.99274434,4003,-0.10137558,0.00359257,0.33106804,0.38175583
1695,0.26359558,0.99670242,2764,0.38604736,0.99245265,4048,-0.12245178,0.00424978,0.32482147,0.38604736
1696,0.27408600,0.99628512,2874,0.40597916,0.99222439,4257,-0.13189316,0.00406072,0.34003258,0.40597916
1697,0.28257370,0.99662296,2963,0.39968491,0.99222973,4191,-0.11711121,0.00439322,0.34112930,0.39968491
1698,0.47321320,0.99377896,4962,0.28972626,0.99409967,3038,0.18348694,-0.00032071,0.38146973,0.47321320
1699,0.43754578,0.99384003,4588,0.26693344,0.99425645,2799,0.17061234,-0.00041642,0.35223961,0.43754578
1700,0.43125153,0.99387192,4522,0.26578903,0.99441363,2787,0.16546249,-0.00054171,0.34852028,0.43125153
1701,0.45995712,0.99380229,4823,0.27389526,0.99447069,2872,0.18606186,-0.00066840,0.36692619,0.45995712
1702,0.45442581,0.99386740,4765,0.24795532,0.99459695,2600,0.20647049,-0.00072955,0.35119057,0.45442581
1703,0.43354034,0.99397623,4546,0.23117065,0.99495014,2424,0.20236969,-0.00097391,0.33235550,0.43354034
1704,0.45375824,0.99382340,4758,0.22888184,0.99507985,2400,0.22487640,-0.00125646,0.34132004,0.45375824
1705,0.46367645,0.99372689,4862,0.21781921,0.99518410,2284,0.24585724,-0.00145721,0.34074783,0.46367645
1706,0.36668777,0.99251860,3845,0.20275116,0.99500008,2126,0.16393661,-0.00248148,0.28471947,0.36668777
1707,0.34637451,0.99269073,3632,0.17976761,0.99540560,1885,0.16660690,-0.00271487,0.26307106,0.34637451
1708,0.35352707,0.99273503,3707,0.16975403,0.99538163,1780,0.18377304,-0.00264660,0.26164055,0.35352707
1709,0.36029816,0.99266849,3778,0.16994476,0.99552015,1782,0.19035339,-0.00285166,0.26512146,0.36029816
1710,0.34437180,0.99264083,3611,0.16355515,0.99551789,1715,0.18081665,-0.00287706,0.25396347,0.34437180
1711,0.33330917,0.99285279,3495,0.16498566,0.99543905,1730,0.16832352,-0.00258626,0.24914742,0.33330917
1712,0.32672882,0.99288584,3426,0.17337799,0.99532578,1818,0.15335083,-0.00243994,0.25005341,0.32672882
1713,0.09956360,0.99940855,1044,0.06418228,0.99865320,673,0.03538132,0.00075535,0.08187294,0.09956360
1714,0.09765625,0.99925571,1024,0.06408691,0.99863267,672,0.03356934,0.00062304,0.08087158,0.09765625
1715,0.09717941,0.99939674,1019,0.06256104,0.99867535,656,0.03461838,0.00072139,0.07987022,0.09717941
1716,0.10023117,0.99933766,1051,0.06828308,0.99863077,716,0.03194809,0.00070690,0.08425713,0.10023117
1717,0.10061264,0.99921469,1055,0.06589890,0.99859535,691,0.03471375,0.00061934,0.08325577,0.10061264
1718,0.09984970,0.99933494,1047,0.06828308,0.99853703,716,0.03156662,0.00079791,0.08406639,0.09984970
1719,0.09641647,0.99933930,1011,0.06284714,0.99862822,659,0.03356934,0.00071108,0.07963181,0.09641647
1720,0.10461807,0.99930391,1097,0.06666183,0.99859877,699,0.03795624,0.00070514,0.08563995,0.10461807
1721,0.29163361,0.99645503,3058,0.08888245,0.99822515,932,0.20275116,-0.00177012,0.19025803,0.29163361
1722,0.26435852,0.99686635,2772,0.09069443,0.99804879,951,0.17366409,-0.00118244,0.17752647,0.26435852
1723,0.28657913,0.99690325,3005,0.09555817,0.99799091,1002,0.19102097,-0.00108766,0.19106865,0.28657913
1724,0.27494431,0.99703483,2883,0.09021759,0.99823991,946,0.18472672,-0.00120507,0.18258095,0.27494431
1725,0.26931763,0.99688412,2824,0.09469986,0.99807855,993,0.17461777,-0.00119443,0.18200874,0.26931763
1726,0.26378632,0.99725490,2766,0.08792877,0.99807741,922,0.17585754,-0.00082252,0.17585754,0.26378632
1727,0.26350021,0.99718958,2763,0.09002686,0.99820046,944,0.17347336,-0.00101087,0.17676353,0.26350021
1728,0.27570724,0.99706515,2891,0.09098053,0.99806638,954,0.18472672,-0.00100123,0.18334389,0.27570724
1729,0.40559769,0.99641646,4253,0.10070801,0.99746674,1056,0.30488968,-0.00105028,0.25315285,0.40559769
1730,0.36954880,0.99705246,3875,0.09126663,0.99740935,957,0.27828217,-0.00035689,0.23040771,0.36954880
1731,0.41961670,0.99632389,4400,0.10375977,0.99741871,1088,0.31585693,-0.00109482,0.26168823,0.41961670
1732,0.40950775,0.99642597,4294,0.10337830,0.99747621,1084,0.30612946,-0.00105024,0.25644302,0.40950775
1733,0.41418076,0.99640712,4343,0.11396408,0.99732832,1195,0.30021667,-0.00092120,0.26407242,0.41418076
1734,0.41933060,0.99641895,4397,0.11138916,0.99730304,1168,0.30794144,-0.00088409,0.26535988,0.41933060
1735,0.39911270,0.99703596,4185,0.11024475,0.99728669,1156,0.28886795,-0.00025072,0.25467873,0.39911270
1736,0.41809082,0.99684618,4384,0.11053085,0.99721955,1159,0.30755997,-0.00037337,0.26431084,0.41809082
1737,0.14142990,0.99915094,1483,0.18577576,0.99562910,1948,-0.04434586,0.00352183,0.16360283,0.18577576
1738,0.12111664,0.99896067,1270,0.18672943,0.99540158,1958,-0.06561279,0.00355909,0.15392303,0.18672943
1739,0.15115738,0.99873907,1585,0.18911362,0.99551452,1983,-0.03795624,0.00322455,0.17013550,0.18911362
1740,0.13742447,0.99909028,1441,0.18405914,0.99560277,1930,-0.04663467,0.00348751,0.16074181,0.18405914
1741,0.13399124,0.99912302,1405,0.18663406,0.99558673,1957,-0.05264282,0.00353629,0.16031265,0.18663406
1742,0.14743805,0.99903920,1546,0.18854141,0.99556543,1977,-0.04110336,0.00347376,0.16798973,0.18854141
1743,0.12645721,0.99905276,1326,0.18577576,0.99552918,1948,-0.05931854,0.00352358,0.15611649,0.18577576
1744,0.14228821,0.99898010,1492,0.19159317,0.99558075,2009,-0.04930496,0.00339935,0.16694069,0.19159317
1745,0.26006699,0.99617590,2727,0.13113022,0.99614453,1375,0.12893677,0.00003137,0.19559860,0.26006699
1746,0.24471283,0.99619298,2566,0.13694763,0.99608413,1436,0.10776520,0.00010885,0.19083023,0.24471283
1747,0.25787354,0.99616693,2704,0.13666153,0.99615782,1433,0.12121201,0.00000911,0.19726753,0.25787354
1748,0.25072098,0.99620706,2629,0.13151169,0.99611481,1379,0.11920929,0.00009225,0.19111633,0.25072098
1749,0.24890900,0.99621369,2610,0.13837814,0.99610866,1451,0.11053085,0.00010503,0.19364357,0.24890900
1750,0.25968552,0.99618004,2723,0.13656616,0.99615537,1432,0.12311935,0.00002466,0.19812584,0.25968552
1751,0.25177002,0.99618239,2640,0.13685226,0.99621325,1435,0.11491776,-0.00003085,0.19431114,0.25177002
1752,0.25520325,0.99605882,2676,0.13818741,0.99612170,1449,0.11701584,-0.00006288,0.19669533,0.25520325
1753,0.17557144,0.99877788,1841,0.00448227,0.99989524,47,0.17108917,-0.00111736,0.09002686,0.17557144
1754,0.17786026,0.99880584,1865,0.00782013,0.99988613,82,0.17004013,-0.00108029,0.09284019,0.17786026
1755,0.17871857,0.99877626,1874,0.01459122,0.99939418,153,0.16412735,-0.00061792,0.09665489,0.17871857
1756,0.17871857,0.99877405,1874,0.01611710,0.99940018,169,0.16260147,-0.00062614,0.09741783,0.17871857
1757,0.17557144,0.99871055,1841,0.01373291,0.99939504,144,0.16183853,-0.00068449,0.09465218,0.17557144
1758,0.17795563,0.99885251,1866,0.00543594,0.99992791,57,0.17251968,-0.00107540,0.09169579,0.17795563
1759,0.17585754,0.99892615,1844,0.00305176,0.99998855,32,0.17280579,-0.00106240,0.08945465,0.17585754
1760,0.19083023,0.99838663,2001,0.00534058,0.99982283,56,0.18548965,-0.00143620,0.09808540,0.19083023
1761,0.17557144,0.99860036,1841,0.06961823,0.99738068,730,0.10595322,0.00121967,0.12259483,0.17557144
1762,0.17538071,0.99858512,1839,0.07143021,0.99737202,749,0.10395050,0.00121311,0.12340546,0.17538071
1763,0.17652512,0.99869440,1851,0.05922318,0.99792154,621,0.11730194,0.00077286,0.11787415,0.17652512
1764,0.16975403,0.99879549,1780,0.06418228,0.99793104,673,0.10557175,0.00086445,0.11696815,0.16975403
1765,0.17251968,0.99845370,1809,0.07162094,0.99737739,751,0.10089874,0.00107631,0.12207031,0.17251968
1766,0.17776489,0.99859411,1864,0.07581711,0.99736686,795,0.10194778,0.00122726,0.12679100,0.17776489
1767,0.17461777,0.99869889,1831,0.06275177,0.99795379,658,0.11186600,0.00074510,0.11868477,0.17461777
1768,0.18997192,0.99809456,1992,0.06542206,0.99772245,686,0.12454987,0.00037210,0.12769699,0.18997192
1769,0.09870529,0.99867839,1035,0.48980713,0.98705157,5136,-0.39110184,0.01162683,0.29425621,0.48980713
1770,0.09937286,0.99868922,1042,0.49505234,0.98696908,5191,-0.39567947,0.01172014,0.29721260,0.49505234
1771,0.07953644,0.99922741,834,0.49104691,0.98711075,5149,-0.41151047,0.01211666,0.28529167,0.49104691
1772,0.08792877,0.99916983,922,0.50344467,0.98692932,5279,-0.41551590,0.01224051,0.29568672,0.50344467
1773,0.10137558,0.99863899,1063,0.49276352,0.98696840,5167,-0.39138794,0.01167059,0.29706955,0.49276352
1774,0.08926392,0.99911458,936,0.46815872,0.98751520,4909,-0.37889481,0.01159939,0.27871132,0.46815872
1775,0.10290146,0.99873422,1079,0.46443939,0.98720534,4870,-0.36153793,0.01152888,0.28367043,0.46443939
1776,0.07295609,0.99954784,765,0.46815872,0.98238713,4909,-0.39520264,0.01716071,0.27055740,0.46815872
1777,0.08516312,0.99902151,893,0.48847198,0.98191972,5122,-0.40330887,0.01710178,0.28681755,0.48847198
1778,0.05855560,0.99964977,614,0.48570633,0.98230627,5093,-0.42715073,0.01734349,0.27213097,0.48570633
1779,0.05130768,0.99968288,538,0.47731400,0.98230832,5005,-0.42600632,0.01737456,0.26431084,0.47731400
1780,0.07162094,0.99940407,751,0.48313141,0.98220306,5066,-0.41151047,0.01720101,0.27737617,0.48313141
1781,0.06551743,0.99959305,687,0.47988892,0.98229720,5032,-0.41437149,0.01729586,0.27270317,0.47988892
1782,0.07200241,0.99947381,755,0.48246384,0.98239804,5059,-0.41046143,0.01707577,0.27723312,0.48246384
1783,0.08249283,0.99905422,865,0.50144196,0.98198323,5258,-0.41894913,0.01707098,0.29196739,0.50144196
1784,0.07295609,0.99909151,765,0.19397736,0.99518227,2034,-0.12102127,0.00390924,0.13346672,0.19397736
1785,0.07410049,0.99923940,777,0.18577576,0.99540176,1948,-0.11167526,0.00383764,0.12993813,0.18577576
1786,0.07457733,0.99889699,782,0.19006729,0.99511558,1993,-0.11548996,0.00378141,0.13232231,0.19006729
1787,0.06790161,0.99913867,712,0.19950867,0.99491259,2092,-0.13160706,0.00422607,0.13370514,0.19950867
1788,0.07019043,0.99908620,736,0.20017624,0.99479386,2099,-0.12998581,0.00429234,0.13518333,0.20017624
1789,0.06418228,0.99928285,673,0.18844604,0.99544883,1976,-0.12426376,0.00383401,0.12631416,0.18844604
1790,0.07247925,0.99923390,760,0.18949509,0.99547828,1987,-0.11701584,0.00375562,0.13098717,0.18949509
1791,0.06713867,0.99924628,704,0.19054413,0.99551412,1998,-0.12340546,0.00373216,0.12884140,0.19054413
1792,0.21829605,0.99510341,2289,0.18301010,0.99617836,1919,0.03528595,-0.00107495,0.20065308,0.21829605
1793,0.22296906,0.99507703,2338,0.18329620,0.99629632,1922,0.03967285,-0.00121929,0.20313263,0.22296906
1794,0.23155212,0.99501024,2428,0.19159317,0.99626246,2009,0.03995895,-0.00125223,0.21157265,0.23155212
1795,0.22268295,0.99513095,2335,0.18768311,0.99642131,1968,0.03499985,-0.00129036,0.20518303,0.22268295
1796,0.23460388,0.99423485,2460,0.19207001,0.99630259,2014,0.04253387,-0.00206774,0.21333694,0.23460388
1797,0.23794174,0.99414561,2495,0.19168854,0.99617806,2010,0.04625320,-0.00203245,0.21481514,0.23794174
1798,0.22382736,0.99518958,2347,0.19254684,0.99641950,2019,0.03128052,-0.00122993,0.20818710,0.22382736
1799,0.22916794,0.99517794,2403,0.19712448,0.99640416,2067,0.03204346,-0.00122622,0.21314621,0.22916794
1800,0.24166107,0.99522915,2534,0.02374649,0.99940090,249,0.21791458,-0.00417176,0.13270378,0.24166107
1801,0.24785995,0.99524968,2599,0.02393723,0.99937851,251,0.22392273,-0.00412883,0.13589859,0.24785995
1802,0.25377274,0.99523414,2661,0.02613068,0.99933430,274,0.22764206,-0.00410016,0.13995171,0.25377274
1803,0.25720596,0.99463996,2697,0.02489090,0.99931395,261,0.23231506,-0.00467399,0.14104843,0.25720596
1804,0.24957657,0.99536436,2617,0.02918243,0.99929094,306,0.22039413,-0.00392659,0.13937950,0.24957657
1805,0.25968552,0.99466128,2723,0.02593994,0.99925829,272,0.23374557,-0.00459701,0.14281273,0.25968552
1806,0.25186539,0.99533556,2641,0.02660751,0.99927282,279,0.22525787,-0.00393726,0.13923645,0.25186539
1807,0.25701523,0.99530222,2695,0.02841949,0.99923701,298,0.22859573,-0.00393480,0.14271736,0.25701523
1808,0.30136108,0.99577678,3160,0.12464523,0.99901072,1307,0.17671585,-0.00323394,0.21300316,0.30136108
1809,0.31967163,0.99618890,3352,0.12493134,0.99935199,1310,0.19474030,-0.00316310,0.22230148,0.31967163
1810,0.31709671,0.99598159,3325,0.12626648,0.99933491,1324,0.19083023,-0.00335332,0.22168159,0.31709671
1811,0.31404495,0.99609183,3293,0.12655258,0.99933644,1327,0.18749237,-0.00324461,0.22029877,0.31404495
1812,0.31557083,0.99615070,3309,0.12302399,0.99935551,1290,0.19254684,-0.00320481,0.21929741,0.31557083
1813,0.31576157,0.99608086,3311,0.12588501,0.99934079,1320,0.18987656,-0.00325992,0.22082329,0.31576157
1814,0.32243729,0.99610376,3381,0.12083054,0.99937634,1267,0.20160675,-0.00327258,0.22163391,0.32243729
1815,0.31585693,0.99619440,3312,0.12369156,0.99936235,1297,0.19216537,-0.00316795,0.21977425,0.31585693
1816,0.18606186,0.99821697,1951,0.26416779,0.99245020,2770,-0.07810593,0.00576677,0.22511482,0.26416779
1817,0.21104813,0.99783953,2213,0.27980804,0.99194828,2934,-0.06875992,0.00589125,0.24542809,0.27980804
1818,0.21038055,0.99795190,2206,0.27523041,0.99222055,2886,-0.06484985,0.00573136,0.24280548,0.27523041
1819,0.20198822,0.99790028,2118,0.29020309,0.99183545,3043,-0.08821487,0.00606483,0.24609566,0.29020309
1820,0.19359589,0.99808962,2030,0.27589798,0.99244902,2893,-0.08230209,0.00564061,0.23474693,0.27589798
1821,0.20122528,0.99798707,2110,0.27971268,0.99236462,2933,-0.07848740,0.00562245,0.24046898,0.27971268
1822,0.20618439,0.99798183,2162,0.29029846,0.99226692,3044,-0.08411407,0.00571490,0.24824142,0.29029846
1823,0.21009445,0.99788395,2203,0.28800964,0.99244160,3020,-0.07791519,0.00544235,0.24905205,0.28800964
1824,0.50849915,0.99113097,5332,0.41809082,0.98396442,4384,0.09040833,0.00716656,0.46329498,0.50849915
1825,0.52623749,0.99089450,5518,0.41685104,0.98408049,4371,0.10938644,0.00681401,0.47154427,0.52623749
1826,0.53434372,0.99079956,5603,0.43172836,0.98405499,4527,0.10261536,0.00674457,0.48303604,0.53434372
1827,0.54283142,0.99039467,5692,0.43478012,0.98377786,4559,0.10805130,0.00661681,0.48880577,0.54283142
1828,0.54492950,0.99060017,5714,0.42762756,0.98408248,4484,0.11730194,0.00651769,0.48627853,0.54492950
1829,0.57201385,0.99047384,5998,0.44326782,0.98405311,4648,0.12874603,0.00642073,0.50764084,0.57201385
1830,0.59175491,0.99002500,6205,0.44422150,0.98394921,4658,0.14753342,0.00607579,0.51798820,0.59175491
1831,0.26769638,0.99693439,2807,1.28498077,0.95736522,13474,-1.01728439,0.03956918,0.77633858,1.28498077
1832,0.26769638,0.99676268,2807,1.29337311,0.95739283,13562,-1.02567673,0.03936985,0.78053474,1.29337311
1833,0.27055740,0.99680628,2837,1.29814148,0.95740171,13612,-1.02758408,0.03940456,0.78434944,1.29814148
1834,0.26607513,0.99684388,2790,1.31025314,0.95699328,13739,-1.04417801,0.03985060,0.78816414,1.31025314
1835,0.27732849,0.99665762,2908,1.31807327,0.95672242,13821,-1.04074478,0.03993520,0.79770088,1.31807327
1836,0.27093887,0.99679161,2841,1.31807327,0.95636958,13821,-1.04713440,0.04042203,0.79450607,1.31807327
1837,0.27971268,0.99650815,2933,1.32236481,0.95614079,13866,-1.04265213,0.04036737,0.80103874,1.32236481
1838,0.28629303,0.99632740,3002,1.31282806,0.95626603,13766,-1.02653503,0.04006137,0.79956055,1.31282806
1839,0.72383881,0.98560779,7590,0.64926147,0.98692578,6808,0.07457733,-0.00131799,0.68655014,0.72383881
1840,0.72612762,0.98571490,7614,0.64020157,0.98697994,6713,0.08592606,-0.00126504,0.68316460,0.72612762
1841,0.75111389,0.98546501,7876,0.66404343,0.98704613,6963,0.08707047,-0.00158112,0.70757866,0.75111389
1842,0.73957443,0.98582555,7755,0.65860748,0.98688292,6906,0.08096695,-0.00105737,0.69909096,0.73957443
1843,0.77123642,0.98556482,8087,0.67768097,0.98685391,7106,0.09355545,-0.00128909,0.72445869,0.77123642
1844,0.76093674,0.98569553,7979,0.67481995,0.98691252,7076,0.08611679,-0.00121699,0.71787834,0.76093674
1845,0.77810287,0.98536306,8159,0.67968369,0.98687551,7127,0.09841919,-0.00151245,0.72889328,0.77810287
1846,0.79412460,0.98525551,8327,0.67882538,0.98701270,7118,0.11529922,-0.00175719,0.73647499,0.79412460
1847,0.54750443,0.99166551,5741,0.31957626,0.98758306,3351,0.22792816,0.00408245,0.43354034,0.54750443
1848,0.57582855,0.99051952,6038,0.34208298,0.98599972,3587,0.23374557,0.00451980,0.45895576,0.57582855
1849,0.58088303,0.99043045,6091,0.36296844,0.98471479,3806,0.21791458,0.00571565,0.47192574,0.58088303
1850,0.58450699,0.99043287,6129,0.38299561,0.98341737,4016,0.20151138,0.00701550,0.48375130,0.58450699
1851,0.56133270,0.99180927,5886,0.41112900,0.98212973,4311,0.15020370,0.00967955,0.48623085,0.56133270
1852,0.56829453,0.99203146,5959,0.43621063,0.98132401,4574,0.13208389,0.01070745,0.50225258,0.56829453
1853,0.54464340,0.99325050,5711,0.46033859,0.97983733,4827,0.08430481,0.01341317,0.50249100,0.54464340
1854,0.56467056,0.99314406,5921,0.46997070,0.97966466,4928,0.09469986,0.01347941,0.51732063,0.56467056
1855,0.08096695,0.99854379,849,0.33645630,0.99376716,3528,-0.25548935,0.00477663,0.20871162,0.33645630
1856,0.07381439,0.99863958,774,0.34236908,0.99352745,3590,-0.26855469,0.00511213,0.20809174,0.34236908
1857,0.07295609,0.99892546,765,0.33712387,0.99369050,3535,-0.26416779,0.00523496,0.20503998,0.33712387
1858,0.07801056,0.99863111,818,0.34675598,0.99327537,3636,-0.26874542,0.00535574,0.21238327,0.34675598
1859,0.07762909,0.99891515,814,0.34284592,0.99365147,3595,-0.26521683,0.00526367,0.21023750,0.34284592
1860,0.07915497,0.99888594,830,0.35619736,0.99349324,3735,-0.27704239,0.00539270,0.21767616,0.35619736
1861,0.09078979,0.99823305,952,0.35982132,0.99287789,3773,-0.26903152,0.00535516,0.22530556,0.35982132
1862,0.08325577,0.99883607,873,0.35190582,0.99340363,3690,-0.26865005,0.00543244,0.21758080,0.35190582
1863,0.26254654,0.99119480,2753,0.30441284,0.98665459,3192,-0.04186630,0.00454020,0.28347969,0.30441284
1864,0.26636124,0.99112911,2793,0.31156540,0.98639499,3267,-0.04520416,0.00473412,0.28896332,0.31156540
1865,0.26750565,0.99122703,2805,0.31156540,0.98635757,3267,-0.04405975,0.00486946,0.28953552,0.31156540
1866,0.26769638,0.99131899,2807,0.31147003,0.98631017,3266,-0.04377365,0.00500882,0.28958321,0.31147003
1867,0.27694702,0.99137663,2904,0.32787323,0.98616394,3438,-0.05092621,0.00521269,0.30241013,0.32787323
1868,0.33483505,0.98961970,3511,0.33969879,0.98594962,3562,-0.00486374,0.00367008,0.33726692,0.33969879
1869,0.33388138,0.98977285,3501,0.33588409,0.98587509,3522,-0.00200272,0.00389776,0.33488274,0.33588409
1870,0.31156540,0.99082253,3267,0.82950592,0.97690834,8698,-0.51794052,0.01391419,0.57053566,0.82950592
1871,0.31356812,0.99051965,3288,0.82845688,0.97725189,8687,-0.51488876,0.01326776,0.57101250,0.82845688
1872,0.30031204,0.99100114,3149,0.81624985,0.97779758,8559,-0.51593781,0.01320356,0.55828094,0.81624985
1873,0.31480789,0.99064470,3301,0.81758499,0.97798754,8573,-0.50277710,0.01265716,0.56619644,0.81758499
1874,0.31204224,0.99055065,3272,0.72689056,0.97807716,7622,-0.41484833,0.01247348,0.51946640,0.72689056
1875,0.31728745,0.99070651,3327,0.62599182,0.97826049,6564,-0.30870438,0.01244602,0.47163963,0.62599182
1876,0.31805038,0.99084974,3335,0.63467026,0.97829435,6655,-0.31661987,0.01255539,0.47636032,0.63467026
1877,0.46672821,0.98757485,4894,0.88148117,0.97845619,9243,-0.41475296,0.00911866,0.67410469,0.88148117
1878,0.47197342,0.98780859,4949,0.90942383,0.97791332,9536,-0.43745041,0.00989528,0.69069862,0.90942383
1879,0.46920776,0.98771946,4920,0.93507767,0.97733315,9805,-0.46586990,0.01038631,0.70214272,0.93507767
1880,0.48837662,0.98762526,5121,0.96406937,0.97661742,10109,-0.47569275,0.01100784,0.72622299,0.96406937
1881,0.47483444,0.98746041,4979,0.93183517,0.97721204,9771,-0.45700073,0.01024837,0.70333481,0.93183517
1882,0.49123764,0.98704684,5151,0.84905624,0.97870632,8903,-0.35781860,0.00834052,0.67014694,0.84905624
1883,0.49266815,0.98711384,5166,0.69599152,0.98158641,7298,-0.20332336,0.00552744,0.59432983,0.69599152
1884,0.14829636,0.99723219,1555,0.16069412,0.99752560,1685,-0.01239777,-0.00029341,0.15449524,0.16069412
1885,0.15058517,0.99716452,1579,0.15926361,0.99747293,1670,-0.00867844,-0.00030841,0.15492439,0.15926361
1886,0.15449524,0.99724581,1620,0.16298294,0.99750576,1709,-0.00848770,-0.00025995,0.15873909,0.16298294
1887,0.15773773,0.99705245,1654,0.16212463,0.99754488,1700,-0.00438690,-0.00049243,0.15993118,0.16212463
1888,0.15316010,0.99708699,1606,0.15068054,0.99752642,1580,0.00247955,-0.00043943,0.15192032,0.15316010
1889,0.16155243,0.99704207,1694,0.14982224,0.99797100,1571,0.01173019,-0.00092893,0.15568733,0.16155243
1890,1.27696991,0.96664933,13390,0.63209534,0.98490221,6628,0.64487457,-0.01825288,0.95453262,1.27696991
1891,1.28860474,0.96597599,13512,0.64830780,0.98434200,6798,0.64029694,-0.01836600,0.96845627,1.28860474
1892,1.29137039,0.96636848,13541,0.64744949,0.98468014,6789,0.64392090,-0.01831165,0.96940994,1.29137039
1893,1.30252838,0.96568406,13658,0.65393448,0.98433416,6857,0.64859390,-0.01865010,0.97823143,1.30252838
1894,1.32875443,0.96533703,13933,0.66967010,0.98405752,7022,0.65908432,-0.01872049,0.99921227,1.32875443
1895,1.34925842,0.96498602,14148,0.68731308,0.98353137,7207,0.66194534,-0.01854535,1.01828575,1.34925842
1896,1.33152008,0.96708402,13962,0.69847107,0.98307017,7324,0.63304901,-0.01598616,1.01499557,1.33152008
1897,0.78401566,0.98732414,8221,0.25863647,0.99681891,2712,0.52537918,-0.00949477,0.52132607,0.78401566
1898,0.79202652,0.98714042,8305,0.26512146,0.99671400,2780,0.52690506,-0.00957359,0.52857399,0.79202652
1899,0.80280304,0.98696484,8418,0.27170181,0.99662826,2849,0.53110123,-0.00966341,0.53725243,0.80280304
1900,0.80404282,0.98688926,8431,0.26931763,0.99670744,2824,0.53472519,-0.00981817,0.53668022,0.80404282
1901,0.81472397,0.98670968,8543,0.26931763,0.99675117,2824,0.54540634,-0.01004149,0.54202080,0.81472397
1902,0.83141327,0.98671395,8718,0.27294159,0.99674049,2862,0.55847168,-0.01002654,0.55217743,0.83141327
1903,0.84981918,0.98615734,8911,0.28915405,0.99646687,3032,0.56066513,-0.01030953,0.56948662,0.84981918
1904,1.23176575,0.98070059,12916,0.06971359,0.99853971,731,1.16205215,-0.01783912,0.65073967,1.23176575
1905,1.25761032,0.98072143,13187,0.07324219,0.99866658,768,1.18436813,-0.01794515,0.66542625,1.25761032
1906,1.28593445,0.98013181,13484,0.07791519,0.99849317,817,1.20801926,-0.01836136,0.68192482,1.28593445
1907,1.31711960,0.97971039,13811,0.06790161,0.99870199,712,1.24921799,-0.01899160,0.69251060,1.31711960
1908,1.34477615,0.97949402,14101,0.07591248,0.99855300,796,1.26886368,-0.01905898,0.71034431,1.34477615
1909,1.32694244,0.97928716,13914,0.07820129,0.99851294,820,1.24874115,-0.01922578,0.70257187,1.32694244
1910,1.30157471,0.97917625,13648,0.08296967,0.99843689,870,1.21860504,-0.01926064,0.69227219,1.30157471
1911,0.17538071,0.99596641,1839,0.16498566,0.99850716,1730,0.01039505,-0.00254074,0.17018318,0.17538071
1912,0.15125275,0.99596251,1586,0.19235611,0.99823400,2017,-0.04110336,-0.00227149,0.17180443,0.19235611
1913,0.12111664,0.99619891,1270,0.19102097,0.99825020,2003,-0.06990433,-0.00205129,0.15606880,0.19102097
1914,0.10995865,0.99623947,1153,0.18625259,0.99825209,1953,-0.07629395,-0.00201262,0.14810562,0.18625259
1915,0.10366440,0.99613911,1087,0.18386841,0.99827550,1928,-0.08020401,-0.00213638,0.14376640,0.18386841
1916,0.11434555,0.99600636,1199,0.19245148,0.99819816,2018,-0.07810593,-0.00219180,0.15339851,0.19245148
1917,0.08039474,0.99735668,843,0.20580292,0.99800299,2158,-0.12540817,-0.00064631,0.14309883,0.20580292
1918,0.43172836,0.99510818,4527,0.04615784,0.99963789,484,0.38557053,-0.00452970,0.23894310,0.43172836
1919,0.43802261,0.99459879,4593,0.03652573,0.99974416,383,0.40149689,-0.00514537,0.23727417,0.43802261
1920,0.45185089,0.99466146,4738,0.04816055,0.99962121,505,0.40369034,-0.00495974,0.25000572,0.45185089
1921,0.45318604,0.99455786,4752,0.04892349,0.99969912,513,0.40426254,-0.00514126,0.25105476,0.45318604
1922,0.47092438,0.99403901,4938,0.04720688,0.99970610,495,0.42371750,-0.00566709,0.25906563,0.47092438
1923,0.45757294,0.99430954,4798,0.04501343,0.99967555,472,0.41255951,-0.00536601,0.25129318,0.45757294
1924,0.47636032,0.99386409,4995,0.05178452,0.99964153,543,0.42457581,-0.00577744,0.26407242,0.47636032
1925,0.62446594,0.98885050,6548,0.10423660,0.99739481,1093,0.52022934,-0.00854431,0.36435127,0.62446594
1926,0.57325363,0.98861112,6011,0.10700226,0.99712850,1122,0.46625137,-0.00851739,0.34012794,0.57325363
1927,0.52232742,0.98878688,5477,0.10814667,0.99694961,1134,0.41418076,-0.00816273,0.31523705,0.52232742
1928,0.46529770,0.99039842,4879,0.09040833,0.99760166,948,0.37488937,-0.00720324,0.27785301,0.46529770
1929,0.41532516,0.99177793,4355,0.05702972,0.99879396,598,0.35829544,-0.00701603,0.23617744,0.41532516
1930,0.38261414,0.99221436,4012,0.04587173,0.99914349,481,0.33674240,-0.00692913,0.21424294,0.38261414
1931,0.38433075,0.99194963,4030,0.04520416,0.99909840,474,0.33912659,-0.00714877,0.21476746,0.38433075
1932,0.36211014,0.99238418,3797,0.04491806,0.99913022,471,0.31719208,-0.00674604,0.20351410,0.36211014
1933,0.15611649,0.99684372,1637,0.13237000,0.99819720,1388,0.02374649,-0.00135348,0.14424324,0.15611649
1934,0.15974045,0.99671057,1675,0.15211105,0.99804540,1595,0.00762939,-0.00133484,0.15592575,0.15974045
1935,0.17309189,0.99643584,1815,0.19121170,0.99790976,2005,-0.01811981,-0.00147392,0.18215179,0.19121170
1936,0.16880035,0.99639439,1770,0.18234253,0.99795114,1912,-0.01354218,-0.00155674,0.17557144,0.18234253
1937,0.18320084,0.99632026,1921,0.19636154,0.99784141,2059,-0.01316071,-0.00152115,0.18978119,0.19636154
1938,0.19779205,0.99613315,2074,0.22926331,0.99769039,2404,-0.03147125,-0.00155724,0.21352768,0.22926331
1939,0.21009445,0.99606868,2203,0.23736954,0.99760081,2489,-0.02727509,-0.00153213,0.22373199,0.23736954
1940,0.21409988,0.99591332,2245,0.24080276,0.99751985,2525,-0.02670288,-0.00160653,0.22745132,0.24080276
1941,0.12140274,0.99913664,1273,0.08354187,0.99953033,876,0.03786087,-0.00039370,0.10247231,0.12140274
1942,0.13275146,0.99903048,1392,0.09241104,0.99949795,969,0.04034042,-0.00046747,0.11258125,0.13275146
1943,0.12798309,0.99904823,1342,0.09117126,0.99943794,956,0.03681183,-0.00038970,0.10957718,0.12798309
1944,0.14448166,0.99883420,1515,0.09489059,0.99937127,995,0.04959106,-0.00053708,0.11968613,0.14448166
1945,0.15897751,0.99871186,1667,0.10280609,0.99935696,1078,0.05617142,-0.00064509,0.13089180,0.15897751
1946,0.18653870,0.99855274,1956,0.12750626,0.99923900,1337,0.05903244,-0.00068626,0.15702248,0.18653870
1947,0.19407272,0.99853406,2035,0.13351440,0.99922123,1400,0.06055832,-0.00068718,0.16379356,0.19407272
1948,0.21343231,0.99840036,2238,0.14505386,0.99907124,1521,0.06837845,-0.00067089,0.17924309,0.21343231
1949,0.60272217,0.98918109,6320,0.27952194,0.99775584,2931,0.32320023,-0.00857475,0.44112206,0.60272217
1950,0.58498383,0.98894764,6134,0.30889511,0.99738602,3239,0.27608871,-0.00843838,0.44693947,0.58498383
1951,0.58727264,0.98882093,6158,0.33006668,0.99639117,3461,0.25720596,-0.00757024,0.45866966,0.58727264
1952,0.58660507,0.98987268,6151,0.35629272,0.99611785,3736,0.23031235,-0.00624517,0.47144890,0.58660507
1953,0.55036545,0.99165767,5771,0.37307739,0.99588599,3912,0.17728806,-0.00422832,0.46172142,0.55036545
1954,0.53749084,0.99263267,5636,0.39234161,0.99496170,4114,0.14514923,-0.00232903,0.46491623,0.53749084
1955,0.56858063,0.99244540,5962,0.40025711,0.99496043,4197,0.16832352,-0.00251503,0.48441887,0.56858063
1956,0.42915344,0.99082504,4500,0.22583008,0.99463108,2368,0.20332336,-0.00380605,0.32749176,0.42915344
1957,0.46892166,0.98910155,4917,0.26950836,0.99185669,2826,0.19941330,-0.00275514,0.36921501,0.46892166
1958,0.48074722,0.98866106,5041,0.27732849,0.99172074,2908,0.20341873,-0.00305969,0.37903786,0.48074722
1959,0.49095154,0.98810163,5148,0.30403137,0.99028741,3188,0.18692017,-0.00218577,0.39749146,0.49095154
1960,0.48131943,0.98846518,5047,0.29382706,0.99038613,3081,0.18749237,-0.00192095,0.38757324,0.48131943
1961,0.51031113,0.98812613,5351,0.33569336,0.98954203,3520,0.17461777,-0.00141590,0.42300224,0.51031113
1962,0.49829483,0.98823590,5225,0.32110214,0.98984668,3367,0.17719269,-0.00161078,0.40969849,0.49829483
1963,0.48427582,0.98816196,5078,0.31003952,0.98974062,3251,0.17423630,-0.00157866,0.39715767,0.48427582
1964,0.61140060,0.98879311,6411,0.29716492,0.99312723,3116,0.31423569,-0.00433413,0.45428276,0.61140060
1965,0.61340332,0.98856919,6432,0.31280518,0.99283741,3280,0.30059814,-0.00426822,0.46310425,0.61340332
1966,0.57077408,0.98910733,5985,0.26903152,0.99336754,2821,0.30174255,-0.00426021,0.41990280,0.57077408
1967,0.58536530,0.98890394,6138,0.28543472,0.99323369,2993,0.29993057,-0.00432976,0.43540001,0.58536530
1968,0.59900284,0.98832997,6281,0.32062531,0.99187291,3362,0.27837753,-0.00354295,0.45981407,0.59900284
1969,0.57439804,0.98903507,6023,0.29602051,0.99169527,3104,0.27837753,-0.00266021,0.43520927,0.57439804
1970,0.58727264,0.98845874,6158,0.31404495,0.99107824,3293,0.27322769,-0.00261950,0.45065880,0.58727264
1971,0.60176849,0.98794004,6310,0.32911301,0.99051289,3451,0.27265549,-0.00257285,0.46544075,0.60176849
1972,0.77180862,0.98764131,8093,0.27914047,0.99181750,2927,0.49266815,-0.00417620,0.52547455,0.77180862
1973,0.78611374,0.98732297,8243,0.29029846,0.99147678,3044,0.49581528,-0.00415381,0.53820610,0.78611374
1974,0.79250336,0.98706852,8310,0.28924942,0.99152262,3033,0.50325394,-0.00445410,0.54087639,0.79250336
1975,0.79860687,0.98673511,8374,0.29239655,0.99119270,3066,0.50621033,-0.00445759,0.54550171,0.79860687
1976,0.81691742,0.98642196,8566,0.31700134,0.99088367,3324,0.49991608,-0.00446170,0.56695938,0.81691742
1977,0.81520081,0.98640952,8548,0.32444000,0.99049877,3402,0.49076080,-0.00408925,0.56982040,0.81520081
1978,0.80709457,0.98573704,8463,0.31576157,0.99014631,3311,0.49133301,-0.00440927,0.56142807,0.80709457
1979,0.79317093,0.98610161,8317,0.31452179,0.98983409,3298,0.47864914,-0.00373248,0.55384636,0.79317093
1980,0.95033646,0.98461795,9965,0.30860901,0.98741686,3236,0.64172745,-0.00279891,0.62947273,0.95033646
1981,0.94089508,0.98473820,9866,0.31003952,0.98745191,3251,0.63085556,-0.00271370,0.62546730,0.94089508
1982,0.94995499,0.98440882,9961,0.31137466,0.98701527,3265,0.63858032,-0.00260645,0.63066483,0.94995499
1983,0.97389221,0.98420765,10212,0.34484863,0.98649471,3616,0.62904358,-0.00228706,0.65937042,0.97389221
1984,0.97589493,0.98383894,10233,0.33464432,0.98629062,3509,0.64125061,-0.00245169,0.65526962,0.97589493
1985,0.97312927,0.98386419,10204,0.33874512,0.98619790,3552,0.63438416,-0.00233371,0.65593719,0.97312927
1986,0.96664429,0.98410623,10136,0.34914017,0.98590471,3661,0.61750412,-0.00179848,0.65789223,0.96664429
1987,0.96282959,0.98409250,10096,0.34732819,0.98586427,3642,0.61550140,-0.00177178,0.65507889,0.96282959
1988,0.85954666,0.98128089,9013,0.31003952,0.98710836,3251,0.54950714,-0.00582747,0.58479309,0.85954666
1989,0.87432861,0.98099684,9168,0.32634735,0.98654440,3422,0.54798126,-0.00554757,0.60033798,0.87432861
1990,0.87575912,0.98071774,9183,0.32444000,0.98640900,3402,0.55131912,-0.00569125,0.60009956,0.87575912
1991,0.85105896,0.98105105,8924,0.30183792,0.98653443,3165,0.54922104,-0.00548337,0.57644844,0.85105896
1992,0.87413788,0.98077527,9166,0.32758713,0.98645385,3435,0.54655075,-0.00567858,0.60086250,0.87413788
1993,0.89616776,0.97989505,9397,0.34132004,0.98581394,3579,0.55484772,-0.00591890,0.61874390,0.89616776
1994,0.89025497,0.97961877,9335,0.33149719,0.98549836,3476,0.55875778,-0.00587959,0.61087608,0.89025497
1995,0.87060928,0.98001083,9129,0.31051636,0.98630689,3256,0.56009293,-0.00629605,0.59056282,0.87060928
1996,0.75082779,0.97868954,7873,0.40445328,0.98303554,4241,0.34637451,-0.00434600,0.57764053,0.75082779
1997,0.77772141,0.97805341,8155,0.42638779,0.98298896,4471,0.35133362,-0.00493555,0.60205460,0.77772141
1998,0.75883865,0.97789633,7957,0.41017532,0.98262077,4301,0.34866333,-0.00472444,0.58450699,0.75883865
1999,0.75778961,0.97776541,7946,0.40273666,0.98300679,4223,0.35505295,-0.00524138,0.58026314,0.75778961
2000,0.76026917,0.97781469,7972,0.40588379,0.98262050,4256,0.35438538,-0.00480581,0.58307648,0.76026917
2001,0.74348450,0.97785300,7796,0.39386749,0.98267006,4130,0.34961700,-0.00481707,0.56867599,0.74348450
2002,0.74558258,0.97766629,7818,0.39300919,0.98235903,4121,0.35257339,-0.00469274,0.56929588,0.74558258
2003,0.75330734,0.97743584,7899,0.40454865,0.98208287,4242,0.34875870,-0.00464703,0.57892799,0.75330734
2004,0.36449432,0.98780305,3822,0.37746429,0.98616897,3958,-0.01296997,0.00163408,0.37097931,0.37746429
2005,0.35552979,0.98786227,3728,0.36067963,0.98651875,3782,-0.00514984,0.00134353,0.35810471,0.36067963
2006,0.35390854,0.98776763,3711,0.35486221,0.98653642,3721,-0.00095367,0.00123122,0.35438538,0.35486221
2007,0.36182404,0.98721549,3794,0.35581589,0.98619844,3731,0.00600815,0.00101705,0.35881996,0.36182404
2008,0.39100647,0.98714165,4100,0.38747787,0.98608032,4063,0.00352859,0.00106134,0.38924217,0.39100647
2009,0.35982132,0.98734732,3773,0.35648346,0.98618706,3738,0.00333786,0.00116026,0.35815239,0.35982132
2010,0.36821365,0.98693723,3861,0.35648346,0.98650210,3738,0.01173019,0.00043513,0.36234856,0.36821365
2011,0.37174225,0.98501196,3898,0.32587051,0.98429057,3417,0.04587173,0.00072139,0.34880638,0.37174225
2012,0.38862228,0.98447541,4075,0.33798218,0.98396837,3544,0.05064011,0.00050704,0.36330223,0.38862228
2013,0.38423538,0.98479284,4029,0.33016205,0.98483243,3462,0.05407333,-0.00003960,0.35719872,0.38423538
2014,0.39443970,0.98409534,4136,0.33159256,0.98434558,3477,0.06284714,-0.00025024,0.36301613,0.39443970
2015,0.38557053,0.98404899,4043,0.31528473,0.98478416,3306,0.07028580,-0.00073517,0.35042763,0.38557053
2016,0.38919449,0.98382139,4081,0.32634735,0.98507206,3422,0.06284714,-0.00125068,0.35777092,0.38919449
2017,0.41074753,0.98327901,4307,0.33044815,0.98471208,3465,0.08029938,-0.00143307,0.37059784,0.41074753
2018,0.38013458,0.98348633,3986,0.32396317,0.98451399,3397,0.05617142,-0.00102766,0.35204887,0.38013458
2019,0.50230026,0.98394899,5267,0.33721924,0.98387547,3536,0.16508102,0.00007352,0.41975975,0.50230026
2020,0.50516129,0.98390569,5297,0.33779144,0.98376957,3542,0.16736984,0.00013613,0.42147636,0.50516129
2021,0.51364899,0.98392074,5386,0.35076141,0.98327924,3678,0.16288757,0.00064150,0.43220520,0.51364899
2022,0.51698685,0.98305137,5421,0.35114288,0.98278913,3682,0.16584396,0.00026223,0.43406487,0.51698685
2023,0.52080154,0.98339815,5461,0.35533905,0.98324809,3726,0.16546249,0.00015005,0.43807030,0.52080154
2024,0.52595139,0.98289734,5515,0.34513474,0.98360300,3619,0.18081665,-0.00070566,0.43554306,0.52595139
2025,0.52938461,0.98242787,5551,0.35638809,0.98316867,3737,0.17299652,-0.00074081,0.44288635,0.52938461
2026,0.52814484,0.98287112,5538,0.34608841,0.98368752,3629,0.18205643,-0.00081640,0.43711662,0.52814484
2027,1.17559433,0.97511717,12327,0.36497116,0.98250834,3827,0.81062317,-0.00739117,0.77028275,1.17559433
2028,1.19495392,0.97554389,12530,0.36773682,0.98272214,3856,0.82721710,-0.00717826,0.78134537,1.19495392
2029,1.18427277,0.97560112,12418,0.36640167,0.98315798,3842,0.81787109,-0.00755686,0.77533722,1.18427277
2030,1.20162964,0.97520437,12600,0.36754608,0.98318876,3854,0.83408356,-0.00798439,0.78458786,1.20162964
2031,1.19667053,0.97540602,12548,0.37145615,0.98329816,3895,0.82521439,-0.00789214,0.78406334,1.19667053
2032,1.18942261,0.97539698,12472,0.35419464,0.98340942,3714,0.83522797,-0.00801245,0.77180862,1.18942261
2033,1.19228363,0.97491409,12502,0.36153793,0.98339028,3791,0.83074570,-0.00847620,0.77691078,1.19228363
2034,1.18913651,0.97524226,12469,0.35352707,0.98378040,3707,0.83560944,-0.00853814,0.77133179,1.18913651
2035,0.94394684,0.97437874,9898,0.36506653,0.98404518,3828,0.57888031,-0.00966643,0.65450668,0.94394684
2036,1.00603104,0.97429686,10549,0.42734146,0.98384640,4481,0.57868958,-0.00954954,0.71668625,1.00603104
2037,0.94003677,0.97498058,9857,0.35610199,0.98477314,3734,0.58393478,-0.00979256,0.64806938,0.94003677
2038,0.91400146,0.97585009,9584,0.32815933,0.98551729,3441,0.58584213,-0.00966720,0.62108040,0.91400146
2039,0.90322495,0.97594962,9471,0.33178329,0.98518707,3479,0.57144165,-0.00923746,0.61750412,0.90322495
2040,0.92897415,0.97683401,9741,0.34570694,0.98611814,3625,0.58326721,-0.00928413,0.63734055,0.92897415
2041,0.92296600,0.97668234,9678,0.34475327,0.98568658,3615,0.57821274,-0.00900424,0.63385963,0.92296600
2042,0.92706680,0.97699740,9721,0.34923553,0.98591035,3662,0.57783127,-0.00891295,0.63815117,0.92706680
2043,0.75006485,0.98096653,7865,0.29697418,0.98575341,3114,0.45309067,-0.00478688,0.52351952,0.75006485
2044,0.75683594,0.98104439,7936,0.29449463,0.98621707,3088,0.46234131,-0.00517268,0.52566528,0.75683594
2045,0.75387955,0.98046210,7905,0.29220581,0.98611213,3064,0.46167374,-0.00565003,0.52304268,0.75387955
2046,0.75979233,0.98086096,7967,0.29087067,0.98666212,3050,0.46892166,-0.00580116,0.52533150,0.75979233
2047,0.77733994,0.98066349,8151,0.30031204,0.98669683,3149,0.47702789,-0.00603334,0.53882599,0.77733994
2048,0.76246262,0.98045346,7995,0.28228760,0.98712989,2960,0.48017502,-0.00667644,0.52237511,0.76246262
2049,0.76570511,0.98066094,8029,0.27570724,0.98768669,2891,0.48999786,-0.00702574,0.52070618,0.76570511
2050,0.78306198,0.98045263,8211,0.27799606,0.98776984,2915,0.50506592,-0.00731721,0.53052902,0.78306198
2051,0.94289780,0.97836865,9887,0.40130615,0.98274449,4208,0.54159164,-0.00437584,0.67210197,0.94289780
2052,0.93946457,0.97869143,9851,0.39424896,0.98330938,4134,0.54521561,-0.00461795,0.66685677,0.93946457
2053,0.93975067,0.97908521,9854,0.37975311,0.98370885,3982,0.55999756,-0.00462364,0.65975189,0.93975067
2054,0.94652176,0.97853798,9925,0.37393570,0.98374943,3921,0.57258606,-0.00521145,0.66022873,0.94652176
2055,0.95825195,0.97885799,10048,0.37460327,0.98437402,3928,0.58364868,-0.00551604,0.66642761,0.95825195
2056,0.94766617,0.97905202,9937,0.35657883,0.98497997,3739,0.59108734,-0.00592795,0.65212250,0.94766617
2057,0.94442368,0.97964678,9903,0.34093857,0.98534907,3575,0.60348511,-0.00570228,0.64268112,0.94442368
2058,0.95081329,0.97979894,9970,0.34608841,0.98578328,3629,0.60472488,-0.00598434,0.64845085,0.95081329
2059,1.10216141,0.97620029,11557,0.69913864,0.97182104,7331,0.40302277,0.00437925,0.90065002,1.10216141
2060,1.10082626,0.97643442,11543,0.68969727,0.97260022,7232,0.41112900,0.00383420,0.89526176,1.10082626
2061,1.08489990,0.97652030,11376,0.66595078,0.97320794,6983,0.41894913,0.00331235,0.87542534,1.08489990
2062,1.06458664,0.97731283,11163,0.65641403,0.97411972,6883,0.40817261,0.00319311,0.86050034,1.06458664
2063,1.06191635,0.97755298,11135,0.65422058,0.97431855,6860,0.40769577,0.00323442,0.85806847,1.06191635
2064,1.04761124,0.97807818,10985,0.62875748,0.97539753,6593,0.41885376,0.00268065,0.83818436,1.04761124
2065,1.03330612,0.97852177,10835,0.62179565,0.97621191,6520,0.41151047,0.00230986,0.82755089,1.03330612
2066,1.01366043,0.97936306,10629,0.60596466,0.97724202,6354,0.40769577,0.00212104,0.80981255,1.01366043
2067,1.20248795,0.97057198,12609,0.67014694,0.98123128,7027,0.53234100,-0.01065929,0.93631744,1.20248795
2068,1.18436813,0.97094916,12419,0.64830780,0.98208227,6798,0.53606033,-0.01113311,0.91633797,1.18436813
2069,1.19037628,0.97099546,12482,0.63095093,0.98283902,6616,0.55942535,-0.01184356,0.91066360,1.19037628
2070,1.17721558,0.97252354,12344,0.63190460,0.98366233,6626,0.54531097,-0.01113878,0.90456009,1.17721558
2071,1.18036270,0.97306771,12377,0.63314438,0.98462168,6639,0.54721832,-0.01155397,0.90675354,1.18036270
2072,1.16367340,0.97330484,12202,0.60176849,0.98528133,6310,0.56190491,-0.01197649,0.88272095,1.16367340
2073,1.15928650,0.97400480,12156,0.60024261,0.98607858,6294,0.55904388,-0.01207378,0.87976456,1.15928650
2074,1.23643875,0.97392718,12965,0.44317245,0.98710596,4647,0.79326630,-0.01317878,0.83980560,1.23643875
2075,1.21927261,0.97506902,12785,0.42915344,0.98803311,4500,0.79011917,-0.01296409,0.82421303,1.21927261
2076,1.22489929,0.97509270,12844,0.41360855,0.98871997,4337,0.81129074,-0.01362727,0.81925392,1.22489929
2077,1.23834610,0.97478544,12985,0.42495728,0.98869936,4456,0.81338882,-0.01391391,0.83165169,1.23834610
2078,1.23157501,0.97538721,12914,0.40664673,0.98946633,4264,0.82492828,-0.01407913,0.81911087,1.23157501
2079,1.22461319,0.97579185,12841,0.39310455,0.99015560,4122,0.83150864,-0.01436376,0.80885887,1.22461319
2080,1.23291016,0.97571721,12928,0.39052963,0.99050724,4095,0.84238052,-0.01479003,0.81171989,1.23291016
2081,1.23634338,0.97600836,12964,0.39491653,0.99100896,4141,0.84142685,-0.01500060,0.81562996,1.23634338
2082,1.08880997,0.98000095,11417,0.56123734,0.98874368,5885,0.52757263,-0.00874274,0.82502365,1.08880997
2083,1.09148026,0.98016365,11445,0.55141449,0.98927597,5782,0.54006577,-0.00911232,0.82144737,1.09148026
2084,1.09519958,0.98085590,11484,0.54321289,0.99015674,5696,0.55198669,-0.00930085,0.81920624,1.09519958
2085,1.10607147,0.98069647,11598,0.55589676,0.99010853,5829,0.55017471,-0.00941206,0.83098412,1.10607147
2086,1.10044479,0.98034907,11539,0.55522919,0.98990215,5822,0.54521561,-0.00955308,0.82783699,1.10044479
2087,1.10797882,0.98054782,11618,0.56896210,0.98943683,5966,0.53901672,-0.00888902,0.83847046,1.10797882
2088,1.11045837,0.98019683,11644,0.57296753,0.98898565,6008,0.53749084,-0.00878882,0.84171295,1.11045837
2089,1.11608505,0.97960083,11703,0.58059692,0.98884899,6088,0.53548813,-0.00924816,0.84834099,1.11608505
2090,1.33571625,0.97034689,14006,0.31557083,0.99152453,3309,1.02014542,-0.02117764,0.82564354,1.33571625
2091,1.33295059,0.97038754,13977,0.30202866,0.99164600,3167,1.03092194,-0.02125846,0.81748962,1.33295059
2092,1.32493973,0.97094358,13893,0.30174255,0.99179713,3164,1.02319717,-0.02085354,0.81334114,1.32493973
2093,1.30958557,0.97151307,13732,0.30107498,0.99216520,3157,1.00851059,-0.02065214,0.80533028,1.30958557
2094,1.29356384,0.97143629,13564,0.28457642,0.99257383,2984,1.00898743,-0.02113754,0.78907013,1.29356384
2095,1.30825043,0.97077505,13718,0.28343201,0.99248408,2972,1.02481842,-0.02170903,0.79584122,1.30825043
2096,1.28765106,0.97105201,13502,0.27189255,0.99287128,2851,1.01575851,-0.02181927,0.77977180,1.28765106
2097,1.26628876,0.97144885,13278,0.26426315,0.99307219,2771,1.00202560,-0.02162334,0.76527596,1.26628876
2098,0.63219070,0.98811130,6629,0.89521408,0.98299006,9387,-0.26302338,0.00512124,0.76370239,0.89521408
2099,0.61941147,0.98850571,6495,0.88253021,0.98340047,9254,-0.26311874,0.00510524,0.75097084,0.88253021
2100,0.62189102,0.98807953,6521,0.88415146,0.98305546,9271,-0.26226044,0.00502407,0.75302124,0.88415146
2101,0.62837601,0.98824531,6589,0.89607239,0.98281300,9396,-0.26769638,0.00543231,0.76222420,0.89607239
2102,0.61140060,0.98867496,6411,0.85840225,0.98372137,9001,-0.24700165,0.00495359,0.73490143,0.85840225
2103,0.60844421,0.98875911,6380,0.85573196,0.98362611,8973,-0.24728775,0.00513300,0.73208809,0.85573196
2104,0.61140060,0.98846281,6411,0.83894730,0.98390873,8797,-0.22754669,0.00455408,0.72517395,0.83894730
2105,0.59862137,0.98844505,6277,0.82988739,0.98402838,8702,-0.23126602,0.00441667,0.71425438,0.82988739
2106,0.40702820,0.99124184,4268,0.61988831,0.98734426,6500,-0.21286011,0.00389759,0.51345825,0.61988831
2107,0.40330887,0.99132323,4229,0.60768127,0.98804108,6372,-0.20437241,0.00328215,0.50549507,0.60768127
2108,0.41112900,0.99081043,4311,0.61969757,0.98747483,6498,-0.20856857,0.00333560,0.51541328,0.61969757
2109,0.40855408,0.99106054,4284,0.61006546,0.98763236,6397,-0.20151138,0.00342818,0.50930977,0.61006546
2110,0.40416718,0.99096799,4238,0.59490204,0.98749172,6238,-0.19073486,0.00347627,0.49953461,0.59490204
2111,0.39997101,0.99139689,4194,0.58746338,0.98816443,6160,-0.18749237,0.00323246,0.49371719,0.58746338
2112,0.39978027,0.99102629,4192,0.59280396,0.98784158,6216,-0.19302368,0.00318471,0.49629211,0.59280396
2113,0.39424896,0.99149746,4134,0.58250427,0.98826446,6108,-0.18825531,0.00323300,0.48837662,0.58250427
2114,0.80385208,0.98417507,8429,0.81243515,0.98569431,8519,-0.00858307,-0.00151923,0.80814362,0.81243515
2115,0.79622269,0.98434566,8349,0.80423355,0.98577264,8433,-0.00801086,-0.00142698,0.80022812,0.80423355
2116,0.79822540,0.98435135,8370,0.81129074,0.98567020,8507,-0.01306534,-0.00131885,0.80475807,0.81129074
2117,0.78878403,0.98457317,8271,0.79956055,0.98589512,8384,-0.01077652,-0.00132195,0.79417229,0.79956055
2118,0.78172684,0.98489037,8197,0.78802109,0.98630784,8263,-0.00629425,-0.00141746,0.78487396,0.78802109
2119,0.79050064,0.98447210,8289,0.79021454,0.98631314,8286,0.00028610,-0.00184104,0.79035759,0.79050064
2120,0.78411102,0.98500536,8222,0.78248978,0.98669002,8205,0.00162125,-0.00168466,0.78330040,0.78411102
2121,0.79154968,0.98468417,8300,0.77447891,0.98663621,8121,0.01707077,-0.00195205,0.78301430,0.79154968
2122,0.68712234,0.98540776,7205,0.40245056,0.98927438,4220,0.28467178,-0.00386662,0.54478645,0.68712234
2123,0.68693161,0.98573577,7203,0.39482117,0.98964788,4140,0.29211044,-0.00391211,0.54087639,0.68693161
2124,0.71849823,0.98560479,7534,0.40121078,0.98993698,4207,0.31728745,-0.00433219,0.55985451,0.71849823
2125,0.68883896,0.98597715,7223,0.37574768,0.99022091,3940,0.31309128,-0.00424376,0.53229332,0.68883896
2126,0.66680908,0.98659743,6992,0.35104752,0.99080206,3681,0.31576157,-0.00420463,0.50892830,0.66680908
2127,0.65402985,0.98692639,6858,0.35028458,0.99102332,3673,0.30374527,-0.00409693,0.50215721,0.65402985
2128,0.66528320,0.98709698,6976,0.36249161,0.99107192,3801,0.30279160,-0.00397495,0.51388741,0.66528320
2129,0.63142776,0.98765947,6621,0.32424927,0.99172392,3400,0.30717850,-0.00406445,0.47783852,0.63142776
2130,0.45919418,0.98985588,4815,0.07247925,0.99648593,760,0.38671494,-0.00663005,0.26583672,0.45919418
2131,0.45394897,0.98970023,4760,0.07143021,0.99641725,749,0.38251877,-0.00671703,0.26268959,0.45394897
2132,0.45166016,0.98952529,4736,0.07038116,0.99637554,738,0.38127899,-0.00685025,0.26102066,0.45166016
2133,0.45452118,0.98953612,4766,0.06790161,0.99651150,712,0.38661957,-0.00697538,0.26121140,0.45452118
2134,0.45356750,0.98969237,4756,0.06713867,0.99656051,704,0.38642883,-0.00686814,0.26035309,0.45356750
2135,0.45089722,0.98959787,4728,0.06361008,0.99660538,667,0.38728714,-0.00700751,0.25725365,0.45089722
2136,0.45032501,0.99006194,4722,0.06294250,0.99670827,660,0.38738251,-0.00664633,0.25663376,0.45032501
2137,0.45223236,0.98986455,4742,0.06399155,0.99663893,671,0.38824081,-0.00677438,0.25811195,0.45223236
2138,0.66080093,0.98837746,6929,0.73680878,0.98673781,7726,-0.07600784,0.00163965,0.69880486,0.73680878
2139,0.66022873,0.98860338,6923,0.73232651,0.98693930,7679,-0.07209778,0.00166409,0.69627762,0.73232651
2140,0.62856674,0.98873278,6591,0.70295334,0.98742555,7371,-0.07438660,0.00130722,0.66576004,0.70295334
2141,0.73442459,0.98786335,7701,0.78802109,0.98685391,8263,-0.05359650,0.00100944,0.76122284,0.78802109
2142,0.65536499,0.98825097,6872,0.70924759,0.98717906,7437,-0.05388260,0.00107192,0.68230629,0.70924759
2143,0.64458847,0.98853284,6759,0.69351196,0.98778033,7272,-0.04892349,0.00075251,0.66905022,0.69351196
2144,0.63858032,0.98900643,6696,0.68254471,0.98792471,7157,-0.04396439,0.00108172,0.66056252,0.68254471
2145,0.66070557,0.98883326,6928,0.70590973,0.98780955,7402,-0.04520416,0.00102371,0.68330765,0.70590973
2146,0.30508041,0.99522242,3199,0.25243759,0.99358270,2647,0.05264282,0.00163972,0.27875900,0.30508041
2147,0.31499863,0.99529481,3303,0.24557114,0.99391634,2575,0.06942749,0.00137846,0.28028488,0.31499863
2148,0.28944016,0.99514671,3035,0.21677017,0.99404111,2273,0.07266998,0.00110560,0.25310516,0.28944016
2149,0.29401779,0.99511414,3083,0.22211075,0.99400803,2329,0.07190704,0.00110611,0.25806427,0.29401779
2150,0.32815933,0.99455531,3441,0.24909973,0.99360219,2612,0.07905960,0.00095312,0.28862953,0.32815933
2151,0.31919479,0.99451090,3347,0.24652481,0.99337750,2585,0.07266998,0.00113340,0.28285980,0.31919479
2152,0.31251907,0.99423100,3277,0.24223328,0.99345986,2540,0.07028580,0.00077114,0.27737617,0.31251907
2153,0.31967163,0.99418497,3352,0.23584366,0.99380025,2473,0.08382797,0.00038472,0.27775764,0.31967163
2154,0.61788559,0.98773053,6479,0.44879913,0.98798165,4706,0.16908646,-0.00025112,0.53334236,0.61788559
2155,0.61683655,0.98791603,6468,0.45633316,0.98810459,4785,0.16050339,-0.00018856,0.53658485,0.61683655
2156,0.57373047,0.98876584,6016,0.44326782,0.98824086,4648,0.13046265,0.00052498,0.50849915,0.57373047
2157,0.58221817,0.98809510,6105,0.42104721,0.98830478,4415,0.16117096,-0.00020969,0.50163269,0.58221817
2158,0.60701370,0.98799417,6365,0.44116974,0.98835588,4626,0.16584396,-0.00036170,0.52409172,0.60701370
2159,0.59432983,0.98843029,6232,0.42819977,0.98886378,4490,0.16613007,-0.00043348,0.51126480,0.59432983
2160,0.57744980,0.98817428,6055,0.41198730,0.98885002,4320,0.16546249,-0.00067574,0.49471855,0.57744980
2161,0.58393478,0.98818540,6123,0.40388107,0.98912549,4235,0.18005371,-0.00094009,0.49390793,0.58393478
2162,0.66795349,0.98690585,7004,0.30584335,0.99001310,3207,0.36211014,-0.00310725,0.48689842,0.66795349
2163,0.67405701,0.98652194,7068,0.30241013,0.98984307,3171,0.37164688,-0.00332113,0.48823357,0.67405701
2164,0.66804886,0.98657376,7005,0.29211044,0.99016744,3063,0.37593842,-0.00359368,0.48007965,0.66804886
2165,0.66289902,0.98647464,6951,0.28619766,0.98995780,3001,0.37670135,-0.00348316,0.47454834,0.66289902
2166,0.65469742,0.98658109,6865,0.28142929,0.99042736,2951,0.37326813,-0.00384627,0.46806335,0.65469742
2167,0.66061020,0.98662084,6927,0.29439926,0.99017604,3087,0.36621094,-0.00355520,0.47750473,0.66061020
2168,0.64773560,0.98661241,6792,0.28448105,0.99013414,2983,0.36325455,-0.00352174,0.46610832,0.64773560
2169,0.63381195,0.98690858,6646,0.27894974,0.99046718,2925,0.35486221,-0.00355860,0.45638084,0.63381195
2170,0.59347153,0.98616757,6223,0.26454926,0.99067207,2774,0.32892227,-0.00450450,0.42901039,0.59347153
2171,0.57964325,0.98671813,6078,0.25501251,0.99094771,2674,0.32463074,-0.00422958,0.41732788,0.57964325
2172,0.59251785,0.98651961,6213,0.26597977,0.99081290,2789,0.32653809,-0.00429329,0.42924881,0.59251785
2173,0.58956146,0.98668047,6182,0.26407242,0.99112646,2769,0.32548904,-0.00444599,0.42681694,0.58956146
2174,0.58298111,0.98686661,6113,0.26865005,0.99112150,2817,0.31433105,-0.00425488,0.42581558,0.58298111
2175,0.56562424,0.98714521,5931,0.27475357,0.99136276,2881,0.29087067,-0.00421755,0.42018890,0.56562424
2176,0.56018829,0.98737114,5874,0.26741028,0.99163314,2804,0.29277802,-0.00426200,0.41379929,0.56018829
2177,0.55360794,0.98757832,5805,0.26731491,0.99180159,2803,0.28629303,-0.00422327,0.41046143,0.55360794
2178,0.46205521,0.98814882,4845,0.11205673,0.99623851,1175,0.34999847,-0.00808969,0.28705597,0.46205521
2179,0.45671463,0.98817828,4789,0.09860992,0.99659958,1034,0.35810471,-0.00842130,0.27766228,0.45671463
2180,0.47550201,0.98743991,4986,0.11672974,0.99622659,1224,0.35877228,-0.00878668,0.29611588,0.47550201
2181,0.47998428,0.98763814,5033,0.13713837,0.99575692,1438,0.34284592,-0.00811879,0.30856133,0.47998428
2182,0.46091080,0.98828418,4833,0.13628006,0.99601574,1429,0.32463074,-0.00773156,0.29859543,0.46091080
2183,0.45690536,0.98849849,4791,0.13456345,0.99625898,1411,0.32234192,-0.00776049,0.29573441,0.45690536
2184,0.45366287,0.98855721,4757,0.13074875,0.99604418,1371,0.32291412,-0.00748696,0.29220581,0.45366287
2185,0.43258667,0.98907642,4536,0.13036728,0.99616266,1367,0.30221939,-0.00708624,0.28147697,0.43258667
2186,0.68626404,0.98542511,7196,0.16040802,0.99529031,1682,0.52585602,-0.00986521,0.42333603,0.68626404
2187,0.68178177,0.98589969,7149,0.15878677,0.99533496,1665,0.52299500,-0.00943527,0.42028427,0.68178177
2188,0.68626404,0.98573967,7196,0.17414093,0.99519912,1826,0.51212311,-0.00945946,0.43020248,0.68626404
2189,0.69055557,0.98629069,7241,0.19836426,0.99506000,2080,0.49219131,-0.00876931,0.44445992,0.69055557
2190,0.68254471,0.98675391,7157,0.19721985,0.99497484,2068,0.48532486,-0.00822094,0.43988228,0.68254471
2191,0.67348480,0.98733850,7062,0.19741058,0.99514371,2070,0.47607422,-0.00780522,0.43544769,0.67348480
2192,0.68588257,0.98739999,7192,0.20570755,0.99515456,2157,0.48017502,-0.00775457,0.44579506,0.68588257
2193,0.54311752,0.98830113,5695,0.21638870,0.99461004,2269,0.32672882,-0.00630890,0.37975311,0.54311752
2194,0.53777695,0.98834802,5639,0.21657944,0.99434959,2271,0.32119751,-0.00600157,0.37717819,0.53777695
2195,0.56753159,0.98779272,5951,0.23574829,0.99419816,2472,0.33178329,-0.00640544,0.40163994,0.56753159
2196,0.56724548,0.98754488,5948,0.23698807,0.99402449,2485,0.33025742,-0.00647961,0.40211678,0.56724548
2197,0.56686401,0.98751701,5944,0.24557114,0.99410232,2575,0.32129288,-0.00658531,0.40621758,0.56686401
2198,0.58898926,0.98696325,6176,0.25072098,0.99394924,2629,0.33826828,-0.00698600,0.41985512,0.58898926
2199,0.58574677,0.98690704,6142,0.24623871,0.99404841,2582,0.33950806,-0.00714137,0.41599274,0.58574677
2200,0.58574677,0.98694729,6142,0.24442673,0.99412764,2563,0.34132004,-0.00718035,0.41508675,0.58574677
2201,0.44860840,0.99167454,4704,0.24585724,0.99627030,2578,0.20275116,-0.00459576,0.34723282,0.44860840
2202,0.45356750,0.99177745,4756,0.24538040,0.99622433,2573,0.20818710,-0.00444688,0.34947395,0.45356750
2203,0.47206879,0.99134109,4950,0.27456284,0.99577479,2879,0.19750595,-0.00443370,0.37331581,0.47206879
2204,0.47369003,0.99159841,4967,0.27341843,0.99580444,2867,0.20027161,-0.00420603,0.37355423,0.47369003
2205,0.47273636,0.99169228,4957,0.28400421,0.99575325,2978,0.18873215,-0.00406097,0.37837029,0.47273636
2206,0.48074722,0.99132025,5041,0.28629303,0.99560931,3002,0.19445419,-0.00428905,0.38352013,0.48074722
2207,0.48179626,0.99161932,5052,0.28438568,0.99586020,2982,0.19741058,-0.00424088,0.38309097,0.48179626
2208,0.47092438,0.99185577,4938,0.28209686,0.99581357,2958,0.18882751,-0.00395780,0.37651062,0.47092438
2209,0.60606003,0.98661243,6355,0.28095245,0.99514766,2946,0.32510757,-0.00853523,0.44350624,0.60606003
2210,0.61941147,0.98666985,6495,0.30460358,0.99483157,3194,0.31480789,-0.00816173,0.46200752,0.61941147
2211,0.63524246,0.98639287,6661,0.30441284,0.99504685,3192,0.33082962,-0.00865399,0.46982765,0.63524246
2212,0.65202713,0.98609670,6837,0.31633377,0.99475339,3317,0.33569336,-0.00865670,0.48418045,0.65202713
2213,0.66452026,0.98580078,6968,0.32777786,0.99463712,3437,0.33674240,-0.00883634,0.49614906,0.66452026
2214,0.67911148,0.98513896,7121,0.32501221,0.99463051,3408,0.35409927,-0.00949155,0.50206184,0.67911148
2215,0.69570541,0.98477677,7295,0.33512115,0.99450846,3514,0.36058426,-0.00973169,0.51541328,0.69570541
2216,0.71125031,0.98448788,7458,0.34141541,0.99440559,3580,0.36983490,-0.00991771,0.52633286,0.71125031
2217,0.70075989,0.98397978,7348,0.35762787,0.99503534,3750,0.34313202,-0.01105556,0.52919388,0.70075989
2218,0.71372986,0.98374798,7484,0.37612915,0.99478288,3944,0.33760071,-0.01103490,0.54492950,0.71372986
2219,0.71125031,0.98410521,7458,0.37355423,0.99484307,3917,0.33769608,-0.01073786,0.54240227,0.71125031
2220,0.70981979,0.98483468,7443,0.37689209,0.99514891,3952,0.33292770,-0.01031423,0.54335594,0.70981979
2221,0.70915222,0.98502365,7436,0.38623810,0.99503493,4050,0.32291412,-0.01001128,0.54769516,0.70915222
2222,0.71048737,0.98528305,7450,0.38633347,0.99504906,4051,0.32415390,-0.00976600,0.54841042,0.71048737
2223,0.70552826,0.98561242,7398,0.39300919,0.99498776,4121,0.31251907,-0.00937535,0.54926872,0.70552826
2224,0.71039200,0.98551575,7449,0.39148331,0.99508708,4105,0.31890869,-0.00957133,0.55093765,0.71039200
2225,0.99611282,0.97862319,10445,0.45032501,0.99346879,4722,0.54578781,-0.01484560,0.72321892,0.99611282
2226,0.98619461,0.97881600,10341,0.46176910,0.99331128,4842,0.52442551,-0.01449528,0.72398186,0.98619461
2227,0.98781586,0.97874239,10358,0.47721863,0.99334230,5004,0.51059723,-0.01459991,0.73251724,0.98781586
2228,1.00135803,0.97854698,10500,0.48179626,0.99325138,5052,0.51956177,-0.01470440,0.74157715,1.00135803
2229,0.98505020,0.97905266,10329,0.48284531,0.99343654,5063,0.50220490,-0.01438387,0.73394775,0.98505020
2230,0.97112656,0.97913995,10183,0.47369003,0.99373998,4967,0.49743652,-0.01460002,0.72240829,0.97112656
2231,0.95291138,0.97977062,9992,0.46653748,0.99358650,4892,0.48637390,-0.01381588,0.70972443,0.95291138
2232,0.94900131,0.98019548,9951,0.47483444,0.99361881,4979,0.47416687,-0.01342333,0.71191788,0.94900131
2233,0.71086884,0.98809488,7454,0.55856705,0.98852133,5857,0.15230179,-0.00042646,0.63471794,0.71086884
2234,0.73757172,0.98719512,7734,0.57258606,0.98807603,6004,0.16498566,-0.00088092,0.65507889,0.73757172
2235,0.72050095,0.98775921,7555,0.54817200,0.98882242,5748,0.17232895,-0.00106321,0.63433647,0.72050095
2236,0.72565079,0.98785109,7609,0.55408478,0.98875532,5810,0.17156601,-0.00090423,0.63986778,0.72565079
2237,0.72050095,0.98798650,7555,0.55274963,0.98878654,5796,0.16775131,-0.00080004,0.63662529,0.72050095
2238,0.71201324,0.98798063,7466,0.54216385,0.98902916,5685,0.16984940,-0.00104853,0.62708855,0.71201324
2239,0.71363449,0.98797637,7483,0.54197311,0.98913136,5683,0.17166138,-0.00115499,0.62780380,0.71363449
2240,0.71840286,0.98760584,7533,0.53672791,0.98912202,5628,0.18167496,-0.00151618,0.62756538,0.71840286
2241,0.76141357,0.98731571,7984,0.65021515,0.98952143,6818,0.11119843,-0.00220572,0.70581436,0.76141357
2242,0.76799393,0.98742113,8053,0.64592361,0.98997011,6773,0.12207031,-0.00254898,0.70695877,0.76799393
2243,0.77648163,0.98744053,8142,0.65565109,0.98974546,6875,0.12083054,-0.00230493,0.71606636,0.77648163
2244,0.78620911,0.98707425,8244,0.66699982,0.98942830,6994,0.11920929,-0.00235405,0.72660446,0.78620911
2245,0.79002380,0.98653730,8284,0.67167282,0.98878084,7043,0.11835098,-0.00224354,0.73084831,0.79002380
2246,0.78010559,0.98628776,8180,0.67749023,0.98842713,7104,0.10261536,-0.00213938,0.72879791,0.78010559
2247,0.77037811,0.98682821,8078,0.66814423,0.98871896,7006,0.10223389,-0.00189075,0.71926117,0.77037811
2248,0.75130463,0.98713564,7878,0.64563751,0.98929572,6770,0.10566711,-0.00216008,0.69847107,0.75130463
2249,0.74129105,0.98809986,7773,0.57535172,0.99108225,6033,0.16593933,-0.00298239,0.65832138,0.74129105
2250,0.80194473,0.98719660,8409,0.63323975,0.99004797,6640,0.16870499,-0.00285138,0.71759224,0.80194473
2251,0.83303452,0.98659741,8735,0.65746307,0.98946308,6894,0.17557144,-0.00286566,0.74524879,0.83303452
2252,0.83560944,0.98626609,8762,0.66967010,0.98913209,7022,0.16593933,-0.00286600,0.75263977,0.83560944
2253,0.80509186,0.98662835,8442,0.63819885,0.98950977,6692,0.16689301,-0.00288142,0.72164536,0.80509186
2254,0.75397491,0.98765442,7906,0.58889389,0.99051780,6175,0.16508102,-0.00286338,0.67143440,0.75397491
2255,0.69189072,0.98898189,7255,0.51755905,0.99189607,5427,0.17433167,-0.00291418,0.60472488,0.69189072
2256,0.65145493,0.98705224,6831,0.48522949,0.99174127,5088,0.16622543,-0.00468902,0.56834221,0.65145493
2257,0.64258575,0.98747323,6738,0.48322678,0.99179182,5067,0.15935898,-0.00431858,0.56290627,0.64258575
2258,0.70848465,0.98547882,7429,0.54903030,0.98982765,5757,0.15945435,-0.00434883,0.62875748,0.70848465
2259,0.78125000,0.98475660,8192,0.61502457,0.98892765,6449,0.16622543,-0.00417105,0.69813728,0.78125000
2260,0.79536438,0.98426110,8340,0.63381195,0.98849072,6646,0.16155243,-0.00422962,0.71458817,0.79536438
2261,0.80261230,0.98421692,8416,0.64353943,0.98833166,6748,0.15907288,-0.00411474,0.72307587,0.80261230
2262,0.79536438,0.98425063,8340,0.63371658,0.98844496,6645,0.16164780,-0.00419433,0.71454048,0.79536438
2263,0.73595047,0.98626025,7717,0.57582855,0.99014415,6038,0.16012192,-0.00388389,0.65588951,0.73595047
2264,0.64849854,0.98878557,6800,0.52947998,0.99126370,5552,0.11901855,-0.00247813,0.58898926,0.64849854
2265,0.61206818,0.98927731,6418,0.48866272,0.99202577,5124,0.12340546,-0.00274846,0.55036545,0.61206818
2266,0.61874390,0.98882808,6488,0.49943924,0.99134018,5237,0.11930466,-0.00251210,0.55909157,0.61874390
2267,0.64973831,0.98864183,6813,0.52661896,0.99126152,5522,0.12311935,-0.00261969,0.58817863,0.64973831
2268,0.69322586,0.98763258,7269,0.57125092,0.99009402,5990,0.12197495,-0.00246144,0.63223839,0.69322586
2269,0.71344376,0.98750551,7481,0.59795380,0.98991702,6270,0.11548996,-0.00241151,0.65569878,0.71344376
2270,0.73204041,0.98745129,7676,0.61874390,0.98988520,6488,0.11329651,-0.00243391,0.67539215,0.73204041
2271,0.70695877,0.98830374,7413,0.59223175,0.99050527,6210,0.11472702,-0.00220153,0.64959526,0.70695877
2272,0.88615417,0.98659909,9292,0.60005188,0.99012612,6292,0.28610229,-0.00352703,0.74310303,0.88615417
2273,0.86326599,0.98674150,9052,0.57401657,0.99032057,6019,0.28924942,-0.00357907,0.71864128,0.86326599
2274,0.86088181,0.98646193,9027,0.57659149,0.99001268,6046,0.28429031,-0.00355075,0.71873665,0.86088181
2275,0.86822510,0.98633026,9104,0.57535172,0.99020969,6033,0.29287338,-0.00387944,0.72178841,0.86822510
2276,0.88405609,0.98630423,9270,0.59165955,0.99002585,6204,0.29239655,-0.00372162,0.73785782,0.88405609
2277,0.89282990,0.98608465,9362,0.59309006,0.98991631,6219,0.29973984,-0.00383166,0.74295998,0.89282990
2278,0.89254379,0.98652464,9359,0.59347153,0.99035584,6223,0.29907227,-0.00383120,0.74300766,0.89254379
2279,0.93889236,0.98622258,9845,0.64620972,0.98977322,6776,0.29268265,-0.00355064,0.79255104,0.93889236
2280,0.75902939,0.98690140,7959,0.51670074,0.99159231,5418,0.24232864,-0.00469091,0.63786507,0.75902939
2281,0.77075958,0.98644027,8082,0.51908493,0.99153219,5443,0.25167465,-0.00509191,0.64492226,0.77075958
2282,0.78573227,0.98594134,8239,0.53501129,0.99083456,5610,0.25072098,-0.00489322,0.66037178,0.78573227
2283,0.79345703,0.98602225,8320,0.53825378,0.99100975,5644,0.25520325,-0.00498750,0.66585541,0.79345703
2284,0.81615448,0.98550230,8558,0.56896210,0.99025052,5966,0.24719238,-0.00474822,0.69255829,0.81615448
2285,0.79736710,0.98585012,8361,0.55809021,0.99026657,5852,0.23927689,-0.00441645,0.67772865,0.79736710
2286,0.79765320,0.98631197,8364,0.55494308,0.99078112,5819,0.24271011,-0.00446914,0.67629814,0.79765320
2287,0.77667236,0.98636900,8144,0.52871704,0.99104497,5544,0.24795532,-0.00467598,0.65269470,0.77667236
2288,0.97293854,0.98380917,10202,0.56495667,0.99054284,5924,0.40798187,-0.00673366,0.76894760,0.97293854
2289,0.99973679,0.98264552,10483,0.58774948,0.98978039,6163,0.41198730,-0.00713487,0.79374313,0.99973679
2290,0.99792480,0.98255632,10464,0.58917999,0.98987905,6178,0.40874481,-0.00732273,0.79355240,0.99792480
2291,1.00555420,0.98256346,10544,0.58727264,0.98988269,6158,0.41828156,-0.00731924,0.79641342,1.00555420
2292,0.99916458,0.98279585,10477,0.58937073,0.98995807,6180,0.40979385,-0.00716222,0.79426765,0.99916458
2293,1.00688934,0.98312511,10558,0.58679581,0.99017828,6153,0.42009354,-0.00705317,0.79684258,1.00688934
2294,1.01547241,0.98357277,10648,0.59137344,0.99031056,6201,0.42409897,-0.00673779,0.80342293,1.01547241
2295,1.01404190,0.98336792,10633,0.59061050,0.99030329,6193,0.42343140,-0.00693537,0.80232620,1.01404190
2296,1.18646622,0.97531758,12441,0.55341721,0.99026523,5803,0.63304901,-0.01494765,0.86994171,1.18646622
2297,1.19924545,0.97479744,12575,0.55541992,0.99027557,5824,0.64382553,-0.01547813,0.87733269,1.19924545
2298,1.21355057,0.97420721,12725,0.55751801,0.99020834,5846,0.65603256,-0.01600113,0.88553429,1.21355057
2299,1.21459961,0.97471810,12736,0.55961609,0.99006497,5868,0.65498352,-0.01534687,0.88710785,1.21459961
2300,1.20611191,0.97481000,12647,0.55131912,0.99045093,5781,0.65479279,-0.01564093,0.87871552,1.20611191
2301,1.21011734,0.97471645,12689,0.55103302,0.99067226,5778,0.65908432,-0.01595581,0.88057518,1.21011734
2302,1.24683380,0.97415815,13074,0.56533813,0.99017502,5928,0.68149567,-0.01601687,0.90608597,1.24683380
2303,1.23806000,0.97475288,12982,0.56304932,0.99054534,5904,0.67501068,-0.01579246,0.90055466,1.23806000
2304,1.01680756,0.98231602,10662,0.59947968,0.98991131,6286,0.41732788,-0.00759529,0.80814362,1.01680756
2305,1.03073120,0.98166049,10808,0.59452057,0.98976221,6234,0.43621063,-0.00810171,0.81262589,1.03073120
2306,1.03807449,0.98153743,10885,0.61120987,0.98945130,6409,0.42686462,-0.00791387,0.82464218,1.03807449
2307,1.03626251,0.98164658,10866,0.61607361,0.98914434,6460,0.42018890,-0.00749776,0.82616806,1.03626251
2308,1.04618073,0.98152408,10970,0.62112808,0.98918115,6513,0.42505264,-0.00765707,0.83365440,1.04618073
2309,1.04570389,0.98120352,10965,0.60186386,0.98943041,6311,0.44384003,-0.00822690,0.82378387,1.04570389
2310,1.06525421,0.98151492,11170,0.62932968,0.98911202,6599,0.43592453,-0.00759710,0.84729195,1.06525421
2311,1.05123520,0.98296567,11023,0.79145432,0.98791596,8299,0.25978088,-0.00495029,0.92134476,1.05123520
2312,1.04799271,0.98295737,10989,0.78926086,0.98800191,8276,0.25873184,-0.00504455,0.91862679,1.04799271
2313,1.06544495,0.98252903,11172,0.81968307,0.98734395,8595,0.24576187,-0.00481492,0.94256401,1.06544495
2314,1.04856491,0.98309319,10995,0.80022812,0.98796152,8391,0.24833679,-0.00486833,0.92439651,1.04856491
2315,1.04684830,0.98249208,10977,0.78649521,0.98795731,8247,0.26035309,-0.00546523,0.91667175,1.04684830
2316,1.07879639,0.98206085,11312,0.82073212,0.98762014,8606,0.25806427,-0.00555930,0.94976425,1.07879639
2317,1.06201172,0.98258892,11136,0.78983307,0.98773862,8282,0.27217865,-0.00514970,0.92592239,1.06201172
2318,1.06763840,0.98262048,11195,0.80862045,0.98788996,8479,0.25901794,-0.00526947,0.93812943,1.06763840
2319,0.94203949,0.98578953,9878,1.13210678,0.98290348,11871,-0.19006729,0.00288604,1.03707314,1.13210678
2320,0.95987320,0.98555314,10065,1.14536285,0.98315953,12010,-0.18548965,0.00239361,1.05261803,1.14536285
2321,0.94156265,0.98663694,9873,1.13153458,0.98419827,11865,-0.18997192,0.00243867,1.03654861,1.13153458
2322,0.96960068,0.98497976,10167,1.17168427,0.98217894,12286,-0.20208359,0.00280081,1.07064247,1.17168427
2323,0.94738007,0.98614969,9934,1.14736557,0.98356586,12031,-0.19998550,0.00258383,1.04737282,1.14736557
2324,0.96054077,0.98572009,10072,1.13887787,0.98341217,11942,-0.17833710,0.00230792,1.04970932,1.13887787
2325,1.00069046,0.98439023,10493,1.17530823,0.98177849,12324,-0.17461777,0.00261174,1.08799934,1.17530823
2326,0.97332001,0.98603454,10206,1.13048553,0.98368139,11854,-0.15716553,0.00235315,1.05190277,1.13048553
2327,1.25570297,0.97553162,13167,1.30167007,0.97663392,13649,-0.04596710,-0.00110230,1.27868652,1.30167007
2328,1.29241943,0.97424386,13552,1.32198334,0.97610819,13862,-0.02956390,-0.00186432,1.30720139,1.32198334
2329,1.24883652,0.97577131,13095,1.28641129,0.97713599,13489,-0.03757477,-0.00136468,1.26762390,1.28641129
2330,1.26352310,0.97543901,13249,1.30901337,0.97651015,13726,-0.04549026,-0.00107114,1.28626823,1.30901337
2331,1.27859116,0.97442585,13407,1.30338669,0.97625324,13667,-0.02479553,-0.00182739,1.29098892,1.30338669
2332,1.28192902,0.97436214,13442,1.29909515,0.97621198,13622,-0.01716614,-0.00184984,1.29051208,1.29909515
2333,1.26094818,0.97479773,13222,1.29365921,0.97632656,13565,-0.03271103,-0.00152883,1.27730370,1.29365921
2334,1.27086639,0.97420168,13326,1.30233765,0.97547028,13656,-0.03147125,-0.00126860,1.28660202,1.30233765
2335,1.37825012,0.97626909,14452,1.37634277,0.97525702,14432,0.00190735,0.00101207,1.37729645,1.37825012
2336,1.36508942,0.97657583,14314,1.36680603,0.97547211,14332,-0.00171661,0.00110372,1.36594772,1.36680603
2337,1.37834549,0.97625647,14453,1.38273239,0.97517478,14499,-0.00438690,0.00108169,1.38053894,1.38273239
2338,1.37014389,0.97634660,14367,1.38015747,0.97503555,14472,-0.01001358,0.00131105,1.37515068,1.38015747
2339,1.38673782,0.97623416,14541,1.39627457,0.97469447,14641,-0.00953674,0.00153969,1.39150620,1.39627457
2340,1.40008926,0.97583497,14681,1.39312744,0.97456078,14608,0.00696182,0.00127419,1.39660835,1.40008926
2341,1.38807297,0.97607218,14555,1.38301849,0.97482685,14502,0.00505447,0.00124533,1.38554573,1.38807297
2342,1.45196915,0.97532348,15225,1.42583847,0.97430518,14951,0.02613068,0.00101830,1.43890381,1.45196915
2343,1.24187469,0.97745991,13022,1.38959885,0.97409584,14571,-0.14772415,0.00336407,1.31573677,1.38959885
2344,1.23538971,0.97748113,12954,1.38463974,0.97414027,14519,-0.14925003,0.00334086,1.31001472,1.38463974
2345,1.22385025,0.97782220,12833,1.36995316,0.97446337,14365,-0.14610291,0.00335883,1.29690170,1.36995316
2346,1.23023987,0.97766572,12900,1.37653351,0.97441357,14434,-0.14629364,0.00325215,1.30338669,1.37653351
2347,1.21641159,0.97826009,12755,1.35679245,0.97502812,14227,-0.14038086,0.00323197,1.28660202,1.35679245
2348,1.22566223,0.97774883,12852,1.36394501,0.97463103,14302,-0.13828278,0.00311781,1.29480362,1.36394501
2349,1.21221542,0.97799583,12711,1.35660172,0.97468766,14225,-0.14438629,0.00330817,1.28440857,1.35660172
2350,1.25951767,0.97731704,13207,1.40695572,0.97399503,14753,-0.14743805,0.00332201,1.33323669,1.40695572
2351,1.22680664,0.97842603,12864,1.30748749,0.97702825,13710,-0.08068085,0.00139778,1.26714706,1.30748749
2352,1.19953156,0.97874281,12578,1.26867294,0.97763373,13303,-0.06914139,0.00110908,1.23410225,1.26867294
2353,1.24073029,0.97848577,13010,1.30519867,0.97754053,13686,-0.06446838,0.00094525,1.27296448,1.30519867
2354,1.22804642,0.97870246,12877,1.28812790,0.97747996,13507,-0.06008148,0.00122250,1.25808716,1.28812790
2355,1.21908188,0.97858801,12783,1.28049850,0.97752659,13427,-0.06141663,0.00106142,1.24979019,1.28049850
2356,1.23653412,0.97854792,12966,1.28040314,0.97799177,13426,-0.04386902,0.00055615,1.25846863,1.28040314
2357,1.24616623,0.97790361,13067,1.29261017,0.97727129,13554,-0.04644394,0.00063232,1.26938820,1.29261017
2358,1.23300552,0.97856342,12929,1.26676559,0.97811168,13283,-0.03376007,0.00045174,1.24988556,1.26676559
2359,1.17597580,0.98094316,12331,1.21765137,0.98034126,12768,-0.04167557,0.00060190,1.19681358,1.21765137
2360,1.17454529,0.98082789,12316,1.21498108,0.97988647,12740,-0.04043579,0.00094142,1.19476318,1.21498108
2361,1.16138458,0.98098942,12178,1.20391846,0.98001755,12624,-0.04253387,0.00097187,1.18265152,1.20391846
2362,1.15966797,0.98060097,12160,1.19094849,0.98026353,12488,-0.03128052,0.00033744,1.17530823,1.19094849
2363,1.15461349,0.98073625,12107,1.18455887,0.98029717,12421,-0.02994537,0.00043908,1.16958618,1.18455887
2364,1.17025375,0.98058191,12271,1.19962692,0.98010301,12579,-0.02937317,0.00047890,1.18494034,1.19962692
2365,1.17788315,0.98034409,12351,1.19924545,0.98031151,12575,-0.02136230,0.00003259,1.18856430,1.19924545
2366,1.16834641,0.98046021,12251,1.18856430,0.98014999,12463,-0.02021790,0.00031022,1.17845535,1.18856430
2367,1.17321014,0.98073658,12302,1.14850998,0.98290738,12043,0.02470016,-0.00217080,1.16086006,1.17321014
2368,1.15776062,0.98096202,12140,1.11331940,0.98347265,11674,0.04444122,-0.00251063,1.13554001,1.15776062
2369,1.15003586,0.98149000,12059,1.12152100,0.98371964,11760,0.02851486,-0.00222964,1.13577843,1.15003586
2370,1.15261078,0.98092685,12086,1.11036301,0.98339673,11643,0.04224777,-0.00246988,1.13148689,1.15261078
2371,1.14583969,0.98069731,12015,1.11036301,0.98299109,11643,0.03547668,-0.00229378,1.12810135,1.14583969
2372,1.15089417,0.98076025,12068,1.10244751,0.98334830,11560,0.04844666,-0.00258805,1.12667084,1.15089417
2373,1.15385056,0.98060771,12099,1.10082626,0.98351651,11543,0.05302429,-0.00290880,1.12733841,1.15385056
2374,1.10483170,0.98417799,11585,1.08757019,0.98437645,11404,0.01726151,-0.00019846,1.09620094,1.10483170
2375,1.09128952,0.98490255,11443,1.07450485,0.98479474,11267,0.01678467,0.00010780,1.08289719,1.09128952
2376,1.09195709,0.98469955,11450,1.07336044,0.98479305,11255,0.01859665,-0.00009350,1.08265877,1.09195709
2377,1.12457275,0.98435043,11792,1.11036301,0.98436873,11643,0.01420975,-0.00001830,1.11746788,1.12457275
2378,1.09033585,0.98457222,11433,1.06725693,0.98479778,11191,0.02307892,-0.00022557,1.07879639,1.09033585
2379,1.10282898,0.98462320,11564,1.07793808,0.98487140,11303,0.02489090,-0.00024819,1.09038353,1.10282898
2380,1.07574463,0.98473809,11280,1.05218887,0.98501602,11033,0.02355576,-0.00027793,1.06396675,1.07574463
2381,1.09949112,0.98485021,11529,1.08203888,0.98487864,11346,0.01745224,-0.00002844,1.09076500,1.09949112
2382,1.60894394,0.96747671,16871,1.26886368,0.97464067,13305,0.34008026,-0.00716395,1.43890381,1.60894394
2383,1.59711838,0.96715020,16747,1.26495361,0.97419169,13264,0.33216476,-0.00704149,1.43103600,1.59711838
2384,1.59826279,0.96695190,16759,1.28087997,0.97358237,13431,0.31738281,-0.00663047,1.43957138,1.59826279
2385,1.60808563,0.96686246,16862,1.28231049,0.97375166,13446,0.32577515,-0.00688920,1.44519806,1.60808563
2386,1.62067413,0.96687089,16994,1.28431320,0.97369363,13467,0.33636093,-0.00682274,1.45249367,1.62067413
2387,1.60923004,0.96738412,16874,1.26714706,0.97431899,13287,0.34208298,-0.00693487,1.43818855,1.60923004
2388,1.67016983,0.96636113,17513,1.33008957,0.97319598,13947,0.34008026,-0.00683485,1.50012970,1.67016983
2389,1.59025192,0.96759232,16675,1.24950409,0.97414042,13102,0.34074783,-0.00654809,1.41987801,1.59025192
2390,1.48792267,0.95616522,15602,1.24568939,0.96624055,13062,0.24223328,-0.01007533,1.36680603,1.48792267
2391,1.47857666,0.95613889,15504,1.24340057,0.96620511,13038,0.23517609,-0.01006623,1.36098862,1.47857666
2392,1.47123337,0.95704842,15427,1.23548508,0.96710652,12955,0.23574829,-0.01005810,1.35335922,1.47123337
2393,1.51309967,0.95648682,15866,1.27000809,0.96670006,13317,0.24309158,-0.01021324,1.39155388,1.51309967
2394,1.48525238,0.95652628,15574,1.24244690,0.96659420,13028,0.24280548,-0.01006793,1.36384964,1.48525238
2395,1.47390366,0.95683579,15455,1.23634338,0.96687864,12964,0.23756027,-0.01004285,1.35512352,1.47390366
2396,1.49631500,0.95667714,15690,1.24197006,0.96716638,13023,0.25434494,-0.01048925,1.36914253,1.49631500
2397,1.48830414,0.95676647,15606,1.22823715,0.96703269,12879,0.26006699,-0.01026622,1.35827065,1.48830414
2398,1.06906891,0.97655793,11210,1.31320953,0.96122325,13770,-0.24414062,0.01533469,1.19113922,1.31320953
2399,1.02787018,0.97720693,10778,1.26686096,0.96213627,13284,-0.23899078,0.01507066,1.14736557,1.26686096
2400,1.04036331,0.97664064,10909,1.28278732,0.96174594,13451,-0.24242401,0.01489469,1.16157532,1.28278732
2401,1.06172562,0.97660313,11133,1.30224228,0.96148214,13655,-0.24051666,0.01512099,1.18198395,1.30224228
2402,1.06487274,0.97706068,11166,1.30376816,0.96200543,13671,-0.23889542,0.01505526,1.18432045,1.30376816
2403,1.04646683,0.97726715,10973,1.28936768,0.96215307,13520,-0.24290085,0.01511409,1.16791725,1.28936768
2404,1.06649399,0.97701212,11183,1.29909515,0.96187927,13622,-0.23260117,0.01513285,1.18279457,1.29909515
2405,1.07450485,0.97685885,11267,1.29985809,0.96168875,13630,-0.22535324,0.01517010,1.18718147,1.29985809
2406,1.16338730,0.97072193,12199,1.32122040,0.96104871,13854,-0.15783310,0.00967321,1.24230385,1.32122040
2407,1.15585327,0.97097622,12120,1.31740570,0.96096399,13814,-0.16155243,0.01001223,1.23662949,1.31740570
2408,1.12762451,0.97119949,11824,1.28555298,0.96124406,13480,-0.15792847,0.00995543,1.20658875,1.28555298
2409,1.19562149,0.97022640,12537,1.33485794,0.96077184,13997,-0.13923645,0.00945456,1.26523972,1.33485794
2410,1.16748810,0.97082269,12242,1.31082535,0.96137855,13745,-0.14333725,0.00944414,1.23915672,1.31082535
2411,1.15547180,0.97066798,12116,1.28278732,0.96177263,13451,-0.12731552,0.00889535,1.21912956,1.28278732
2412,1.17149353,0.97064405,12284,1.29127502,0.96254350,13540,-0.11978149,0.00810055,1.23138428,1.29127502
2413,1.20792389,0.96977733,12666,1.32293701,0.96216286,13872,-0.11501312,0.00761446,1.26543045,1.32293701
2414,1.76362991,0.94547371,18493,1.40848160,0.95723235,14769,0.35514832,-0.01175864,1.58605576,1.76362991
2415,1.76095963,0.94627613,18465,1.39846802,0.95806032,14664,0.36249161,-0.01178419,1.57971382,1.76095963
2416,1.74913406,0.94581851,18341,1.38568878,0.95771619,14530,0.36344528,-0.01189769,1.56741142,1.74913406
2417,1.78318024,0.94542937,18698,1.40905380,0.95751845,14775,0.37412643,-0.01208908,1.59611702,1.78318024
2418,1.74207687,0.94687351,18267,1.39732361,0.95773012,14652,0.34475327,-0.01085660,1.56970024,1.74207687
2419,1.74484253,0.94674208,18296,1.39245987,0.95792628,14601,0.35238266,-0.01118419,1.56865120,1.74484253
2420,1.74207687,0.94797473,18267,1.39417648,0.95868449,14619,0.34790039,-0.01070976,1.56812668,1.74207687
2421,1.76477432,0.94703224,18505,1.40285492,0.95842172,14710,0.36191940,-0.01138948,1.58381462,1.76477432
2422,1.49641037,0.95668112,15691,1.18293762,0.96631735,12404,0.31347275,-0.00963622,1.33967400,1.49641037
2423,1.48391724,0.95663131,15560,1.16062164,0.96691876,12170,0.32329559,-0.01028745,1.32226944,1.48391724
2424,1.46541595,0.95808311,15366,1.14383698,0.96779163,11994,0.32157898,-0.00970851,1.30462646,1.46541595
2425,1.46684647,0.95772654,15381,1.15947723,0.96733157,12158,0.30736923,-0.00960503,1.31316185,1.46684647
2426,1.47399902,0.95736241,15456,1.15337372,0.96712238,12094,0.32062531,-0.00975997,1.31368637,1.47399902
2427,1.46665573,0.95735253,15379,1.13496780,0.96788883,11901,0.33168793,-0.01053630,1.30081177,1.46665573
2428,1.47752762,0.95801644,15493,1.14517212,0.96811011,12008,0.33235550,-0.01009367,1.31134987,1.47752762
2429,1.47657394,0.95832560,15483,1.14765167,0.96823673,12034,0.32892227,-0.00991113,1.31211281,1.47657394
2430,0.93450546,0.97624160,9799,1.30882263,0.96404737,13724,-0.37431717,0.01219423,1.12166405,1.30882263
2431,0.93927383,0.97597041,9849,1.29957199,0.96402627,13627,-0.36029816,0.01194414,1.11942291,1.29957199
2432,0.95100403,0.97597983,9972,1.30844116,0.96468116,13720,-0.35743713,0.01129867,1.12972260,1.30844116
2433,0.96654892,0.97617609,10135,1.31740570,0.96521916,13814,-0.35085678,0.01095693,1.14197731,1.31740570
2434,0.95338821,0.97571916,9997,1.30014420,0.96484186,13633,-0.34675598,0.01087730,1.12676620,1.30014420
2435,0.94108582,0.97568851,9868,1.28135681,0.96531159,13436,-0.34027100,0.01037692,1.11122131,1.28135681
2436,0.96597672,0.97585133,10129,1.31149292,0.96555802,13752,-0.34551620,0.01029331,1.13873482,1.31149292
2437,0.94232559,0.97618213,9881,1.28698349,0.96596940,13495,-0.34465790,0.01021274,1.11465454,1.28698349
2438,0.76179504,0.98404656,7988,1.30414963,0.96264793,13675,-0.54235458,0.02139863,1.03297234,1.30414963
2439,0.74834824,0.98399318,7847,1.28345490,0.96278907,13458,-0.53510666,0.02120410,1.01590157,1.28345490
2440,0.77505112,0.98370225,8127,1.30271912,0.96306867,13660,-0.52766800,0.02063358,1.03888512,1.30271912
2441,0.78048706,0.98398128,8184,1.29232407,0.96377176,13551,-0.51183701,0.02020952,1.03640556,1.29232407
2442,0.75550079,0.98367020,7922,1.26590729,0.96350760,13274,-0.51040649,0.02016260,1.01070404,1.26590729
2443,0.74930191,0.98369952,7857,1.26676559,0.96374880,13283,-0.51746368,0.01995072,1.00803375,1.26676559
2444,0.77362061,0.98400519,8112,1.28583908,0.96417711,13483,-0.51221848,0.01982808,1.02972984,1.28583908
2445,0.77266693,0.98417370,8102,1.28431320,0.96446515,13467,-0.51164627,0.01970854,1.02849007,1.28431320
2446,0.36611557,0.99124082,3839,1.02529526,0.97345529,10751,-0.65917969,0.01778553,0.69570541,1.02529526
2447,0.34379959,0.99141200,3605,1.00965500,0.97318656,10587,-0.66585541,0.01822544,0.67672729,1.00965500
2448,0.37899017,0.99144602,3974,1.03359222,0.97340321,10838,-0.65460205,0.01804281,0.70629120,1.03359222
2449,0.36506653,0.99157746,3828,1.00955963,0.97395164,10586,-0.64449310,0.01762582,0.68731308,1.00955963
2450,0.36687851,0.99134690,3847,1.00593567,0.97379426,10548,-0.63905716,0.01755264,0.68640709,1.00593567
2451,0.34589767,0.99158382,3627,0.98266602,0.97394857,10304,-0.63676834,0.01763525,0.66428185,0.98266602
2452,0.36525726,0.99157972,3830,0.99506378,0.97422710,10434,-0.62980652,0.01735262,0.68016052,0.99506378
2453,0.37403107,0.99130845,3922,0.99811554,0.97399683,10466,-0.62408447,0.01731162,0.68607330,0.99811554
2454,0.87728500,0.97793388,9199,1.12562180,0.96952004,11803,-0.24833679,0.00841384,1.00145340,1.12562180
2455,0.87203979,0.97834480,9144,1.12380981,0.96988562,11784,-0.25177002,0.00845917,0.99792480,1.12380981
2456,0.83799362,0.97869163,8787,1.08575821,0.97052726,11385,-0.24776459,0.00816436,0.96187592,1.08575821
2457,0.86898804,0.97825750,9112,1.09834671,0.97033952,11517,-0.22935867,0.00791799,0.98366737,1.09834671
2458,0.86488724,0.97859951,9069,1.09233856,0.97069793,11454,-0.22745132,0.00790158,0.97861290,1.09233856
2459,0.88605881,0.97876529,9291,1.10321045,0.97135490,11568,-0.21715164,0.00741039,0.99463463,1.10321045
2460,0.84781647,0.97918813,8890,1.06954575,0.97134425,11215,-0.22172928,0.00784388,0.95868111,1.06954575
2461,0.85954666,0.97866497,9013,1.07116699,0.97139220,11232,-0.21162033,0.00727278,0.96535683,1.07116699
2462,0.71115494,0.98291290,7457,1.17607117,0.97021693,12332,-0.46491623,0.01269597,0.94361305,1.17607117
2463,0.70142746,0.98332375,7355,1.16434097,0.97095222,12209,-0.46291351,0.01237153,0.93288422,1.16434097
2464,0.73280334,0.98309634,7684,1.18780136,0.97104098,12455,-0.45499802,0.01205536,0.96030235,1.18780136
2465,0.71954727,0.98245678,7545,1.17187500,0.97085250,12288,-0.45232773,0.01160427,0.94571114,1.17187500
2466,0.70781708,0.98284404,7422,1.15518570,0.97157630,12113,-0.44736862,0.01126774,0.93150139,1.15518570
2467,0.71353912,0.98256368,7482,1.15318298,0.97164536,12092,-0.43964386,0.01091831,0.93336105,1.15318298
2468,0.72069168,0.98273708,7557,1.14955902,0.97205260,12054,-0.42886734,0.01068448,0.93512535,1.14955902
2469,0.71716309,0.98279190,7520,1.14488602,0.97239036,12005,-0.42772293,0.01040153,0.93102455,1.14488602
2470,0.77333450,0.98134594,8109,1.16701126,0.97105276,12237,-0.39367676,0.01029319,0.97017288,1.16701126
2471,0.75845718,0.98182982,7953,1.15995407,0.97147018,12163,-0.40149689,0.01035963,0.95920563,1.15995407
2472,0.77733994,0.98176555,8151,1.17864609,0.97144055,12359,-0.40130615,0.01032500,0.97799301,1.17864609
2473,0.75187683,0.98223653,7884,1.15156174,0.97188822,12075,-0.39968491,0.01034830,0.95171928,1.15156174
2474,0.76713562,0.98268888,8044,1.15938187,0.97247314,12157,-0.39224625,0.01021574,0.96325874,1.15938187
2475,0.82263947,0.98205107,8626,1.21717453,0.97204106,12763,-0.39453506,0.01001002,1.01990700,1.21717453
2476,0.74863434,0.98284349,7850,1.13592148,0.97260693,11911,-0.38728714,0.01023656,0.94227791,1.13592148
2477,0.74682236,0.98315697,7831,1.13229752,0.97308661,11873,-0.38547516,0.01007036,0.93955994,1.13229752
2478,0.54903030,0.98776319,5757,1.06954575,0.97548243,11215,-0.52051544,0.01228076,0.80928802,1.06954575
2479,0.53415298,0.98848085,5601,1.05857849,0.97624949,11100,-0.52442551,0.01223136,0.79636574,1.05857849
2480,0.56114197,0.98812400,5884,1.07955933,0.97607645,11320,-0.51841736,0.01204754,0.82035065,1.07955933
2481,0.52795410,0.98853241,5536,1.05361938,0.97639027,11048,-0.52566528,0.01214214,0.79078674,1.05361938
2482,0.52652359,0.98873236,5521,1.04913712,0.97690599,11001,-0.52261353,0.01182637,0.78783035,1.04913712
2483,0.52127838,0.98886439,5466,1.04503632,0.97712724,10958,-0.52375793,0.01173714,0.78315735,1.04503632
2484,0.54759979,0.98874241,5742,1.06592178,0.97712345,11177,-0.51832199,0.01161897,0.80676079,1.06592178
2485,0.53110123,0.98892817,5569,1.05104446,0.97731603,11021,-0.51994324,0.01161214,0.79107285,1.05104446
2486,0.33559799,0.99268556,3519,1.03845596,0.97611966,10889,-0.70285797,0.01656590,0.68702698,1.03845596
2487,0.33531189,0.99258303,3516,1.03969574,0.97603798,10902,-0.70438385,0.01654505,0.68750381,1.03969574
2488,0.35657883,0.99255806,3739,1.05533600,0.97642302,11066,-0.69875717,0.01613504,0.70595741,1.05533600
2489,0.34389496,0.99274493,3606,1.04436874,0.97685535,10951,-0.70047379,0.01588957,0.69413185,1.04436874
2490,0.33817291,0.99277857,3546,1.03311539,0.97722040,10833,-0.69494247,0.01555817,0.68564415,1.03311539
2491,0.36506653,0.99246664,3828,1.05762482,0.97707085,11090,-0.69255829,0.01539578,0.71134567,1.05762482
2492,0.34818649,0.99294525,3651,1.03988647,0.97759750,10904,-0.69169998,0.01534775,0.69403648,1.03988647
2493,0.40779114,0.99087671,4276,1.00955963,0.97824978,10586,-0.60176849,0.01262693,0.70867538,1.00955963
2494,0.41198730,0.99031445,4320,1.00736618,0.97793981,10563,-0.59537888,0.01237464,0.70967674,1.00736618
2495,0.43973923,0.99004349,4611,1.03521347,0.97781059,10855,-0.59547424,0.01223290,0.73747635,1.03521347
2496,0.43792725,0.99046880,4592,1.03502274,0.97817539,10853,-0.59709549,0.01229341,0.73647499,1.03502274
2497,0.40521622,0.99096867,4249,0.99611282,0.97876993,10445,-0.59089661,0.01219874,0.70066452,0.99611282
2498,0.40483475,0.99062574,4245,0.99554062,0.97849136,10439,-0.59070587,0.01213438,0.70018768,0.99554062
2499,0.43373108,0.99031641,4548,1.01480484,0.97832338,10641,-0.58107376,0.01199303,0.72426796,1.01480484
2500,0.41790009,0.99060682,4382,0.99277496,0.97889386,10410,-0.57487488,0.01171296,0.70533752,0.99277496
2501,0.50344467,0.98953097,5279,0.90932846,0.98295420,9535,-0.40588379,0.00657677,0.70638657,0.90932846
2502,0.49133301,0.98944578,5152,0.89740753,0.98256542,9410,-0.40607452,0.00688037,0.69437027,0.89740753
2503,0.51345825,0.98944517,5384,0.91056824,0.98265176,9548,-0.39710999,0.00679340,0.71201324,0.91056824
2504,0.50792694,0.98987985,5326,0.90255737,0.98314081,9464,-0.39463043,0.00673904,0.70524216,0.90255737
2505,0.51259995,0.98962325,5375,0.91094971,0.98272178,9552,-0.39834976,0.00690147,0.71177483,0.91094971
2506,0.48618317,0.98975867,5098,0.88367462,0.98304336,9266,-0.39749146,0.00671531,0.68492889,0.88367462
2507,0.50401688,0.99005259,5285,0.89702606,0.98328364,9406,-0.39300919,0.00676895,0.70052147,0.89702606
2508,0.48904419,0.99059425,5128,0.88615417,0.98378558,9292,-0.39710999,0.00680867,0.68759918,0.88615417
2509,0.39739609,0.99297800,4167,0.97942352,0.98109026,10270,-0.58202744,0.01188775,0.68840981,0.97942352
2510,0.40645599,0.99272865,4262,0.97103119,0.98119008,10182,-0.56457520,0.01153857,0.68874359,0.97103119
2511,0.42495728,0.99265810,4456,0.97913742,0.98131120,10267,-0.55418015,0.01134690,0.70204735,0.97913742
2512,0.43344498,0.99287269,4545,0.97875595,0.98169937,10263,-0.54531097,0.01117332,0.70610046,0.97875595
2513,0.40149689,0.99296925,4210,0.93574524,0.98220678,9812,-0.53424835,0.01076247,0.66862106,0.93574524
2514,0.43401718,0.99259146,4551,0.95453262,0.98231955,10009,-0.52051544,0.01027191,0.69427490,0.95453262
2515,0.43869019,0.99267530,4600,0.94814301,0.98277971,9942,-0.50945282,0.00989559,0.69341660,0.94814301
2516,0.42343140,0.99283674,4440,0.91886520,0.98319078,9635,-0.49543381,0.00964597,0.67114830,0.91886520
2517,0.52881241,0.99134215,5545,0.69274902,0.98546505,7264,-0.16393661,0.00587710,0.61078072,0.69274902
2518,0.52671432,0.99100398,5523,0.68655014,0.98520614,7199,-0.15983582,0.00579784,0.60663223,0.68655014
2519,0.52423477,0.99135501,5497,0.67996979,0.98579649,7130,-0.15573502,0.00555852,0.60210228,0.67996979
2520,0.51536560,0.99172314,5404,0.66289902,0.98633868,6951,-0.14753342,0.00538447,0.58913231,0.66289902
2521,0.50125122,0.99192398,5256,0.64697266,0.98662593,6784,-0.14572144,0.00529805,0.57411194,0.64697266
2522,0.49991608,0.99163812,5242,0.63791275,0.98656907,6689,-0.13799667,0.00506905,0.56891441,0.63791275
2523,0.49324036,0.99216118,5172,0.63209534,0.98721052,6628,-0.13885498,0.00495067,0.56266785,0.63209534
2524,0.48618317,0.99219491,5098,0.61502457,0.98754129,6449,-0.12884140,0.00465362,0.55060387,0.61502457
2525,0.16088486,0.99525525,1687,0.53329468,0.98875650,5592,-0.37240982,0.00649875,0.34708977,0.53329468
2526,0.16965866,0.99490069,1779,0.52709579,0.98877970,5527,-0.35743713,0.00612100,0.34837723,0.52709579
2527,0.16202927,0.99535637,1699,0.51689148,0.98936583,5420,-0.35486221,0.00599053,0.33946037,0.51689148
2528,0.16078949,0.99553583,1686,0.49972534,0.98984751,5240,-0.33893585,0.00568832,0.33025742,0.49972534
2529,0.15888214,0.99526224,1666,0.48837662,0.98984621,5121,-0.32949448,0.00541603,0.32362938,0.48837662
2530,0.17051697,0.99492824,1788,0.48923492,0.98981003,5130,-0.31871796,0.00511821,0.32987595,0.48923492
2531,0.16689301,0.99527653,1750,0.47121048,0.99043424,4941,-0.30431747,0.00484229,0.31905174,0.47121048
2532,0.15974045,0.99525321,1675,0.45633316,0.99054868,4785,-0.29659271,0.00470453,0.30803680,0.45633316
2533,0.43239594,0.99176687,4534,0.46043396,0.99076393,4828,-0.02803802,0.00100294,0.44641495,0.46043396
2534,0.43010712,0.99177760,4510,0.44813156,0.99099228,4699,-0.01802444,0.00078532,0.43911934,0.44813156
2535,0.42295456,0.99221056,4435,0.43497086,0.99136925,4561,-0.01201630,0.00084131,0.42896271,0.43497086
2536,0.42562485,0.99220911,4463,0.42095184,0.99162803,4414,0.00467300,0.00058108,0.42328835,0.42562485
2537,0.41236877,0.99258748,4324,0.40483475,0.99203095,4245,0.00753403,0.00055653,0.40860176,0.41236877
2538,0.41141510,0.99274387,4314,0.40273666,0.99210474,4223,0.00867844,0.00063913,0.40707588,0.41141510
2539,0.39701462,0.99285147,4163,0.38328171,0.99231902,4019,0.01373291,0.00053245,0.39014816,0.39701462
2540,0.39691925,0.99329160,4162,0.36153793,0.99298593,3791,0.03538132,0.00030567,0.37922859,0.39691925
2541,0.37183762,0.99251422,3899,0.43315887,0.99227332,4542,-0.06132126,0.00024091,0.40249825,0.43315887
2542,0.35886765,0.99277963,3763,0.41637421,0.99265506,4366,-0.05750656,0.00012457,0.38762093,0.41637421
2543,0.34580231,0.99308616,3626,0.40044785,0.99303961,4199,-0.05464554,0.00004655,0.37312508,0.40044785
2544,0.32653809,0.99346041,3424,0.38194656,0.99342867,4005,-0.05540848,0.00003173,0.35424232,0.38194656
2545,0.31270981,0.99382211,3279,0.36745071,0.99370602,3853,-0.05474091,0.00011609,0.34008026,0.36745071
2546,0.30212402,0.99390622,3168,0.35972595,0.99373832,3772,-0.05760193,0.00016789,0.33092499,0.35972595
2547,0.28553009,0.99398528,2994,0.34608841,0.99386596,3629,-0.06055832,0.00011932,0.31580925,0.34608841
2548,0.27589798,0.99388840,2893,0.33884048,0.99374264,3553,-0.06294250,0.00014576,0.30736923,0.33884048
2549,0.24385452,0.99519517,2557,0.41131973,0.99364773,4313,-0.16746521,0.00154744,0.32758713,0.41131973
2550,0.21848679,0.99537655,2291,0.36840439,0.99400342,3863,-0.14991760,0.00137312,0.29344559,0.36840439
2551,0.21095276,0.99547497,2212,0.35600662,0.99406523,3733,-0.14505386,0.00140973,0.28347969,0.35600662
2552,0.20074844,0.99548304,2105,0.33245087,0.99424692,3486,-0.13170242,0.00123612,0.26659966,0.33245087
2553,0.19311905,0.99555770,2025,0.32043457,0.99440117,3360,-0.12731552,0.00115653,0.25677681,0.32043457
2554,0.18548965,0.99557635,1945,0.31585693,0.99438921,3312,-0.13036728,0.00118713,0.25067329,0.31585693
2555,0.18777847,0.99562504,1969,0.31147003,0.99452610,3266,-0.12369156,0.00109895,0.24962425,0.31147003
2556,0.15678406,0.99633568,1644,0.31404495,0.99466228,3293,-0.15726089,0.00167339,0.23541451,0.31404495
2557,0.19931793,0.99589554,2090,0.36258698,0.99424651,3802,-0.16326904,0.00164904,0.28095245,0.36258698
2558,0.15563965,0.99615141,1632,0.33121109,0.99438963,3473,-0.17557144,0.00176178,0.24342537,0.33121109
2559,0.16059875,0.99617779,1684,0.32052994,0.99457080,3361,-0.15993118,0.00160699,0.24056435,0.32052994
2560,0.16365051,0.99622341,1716,0.33168793,0.99456365,3478,-0.16803741,0.00165976,0.24766922,0.33168793
2561,0.16050339,0.99624987,1683,0.33292770,0.99461141,3491,-0.17242432,0.00163846,0.24671555,0.33292770
2562,0.16441345,0.99623772,1724,0.33988953,0.99462800,3564,-0.17547607,0.00160972,0.25215149,0.33988953
2563,0.16622543,0.99621635,1743,0.34179688,0.99465444,3584,-0.17557144,0.00156190,0.25401115,0.34179688
2564,0.18224716,0.99652912,1911,0.28791428,0.99544590,3019,-0.10566711,0.00108321,0.23508072,0.28791428
2565,0.18157959,0.99661444,1904,0.28209686,0.99561396,2958,-0.10051727,0.00100048,0.23183823,0.28209686
2566,0.18520355,0.99652074,1942,0.28772354,0.99547371,3017,-0.10251999,0.00104704,0.23646355,0.28772354
2567,0.18148422,0.99657125,1903,0.28791428,0.99553575,3019,-0.10643005,0.00103550,0.23469925,0.28791428
2568,0.18291473,0.99647253,1918,0.29172897,0.99547334,3059,-0.10881424,0.00099919,0.23732185,0.29172897
2569,0.18129349,0.99649532,1901,0.29306412,0.99543965,3073,-0.11177063,0.00105568,0.23717880,0.29306412
2570,0.17843246,0.99659196,1871,0.28762817,0.99555117,3016,-0.10919571,0.00104079,0.23303032,0.28762817
2571,0.18453598,0.99656640,1935,0.29115677,0.99560484,3053,-0.10662079,0.00096156,0.23784637,0.29115677
2572,0.20141602,0.99711215,2112,0.17051697,0.99716160,1788,0.03089905,-0.00004945,0.18596649,0.20141602
2573,0.20122528,0.99714690,2110,0.17042160,0.99720452,1787,0.03080368,-0.00005761,0.18582344,0.20122528
2574,0.20332336,0.99709266,2132,0.17166138,0.99716663,1800,0.03166199,-0.00007396,0.18749237,0.20332336
2575,0.19893646,0.99709634,2086,0.17147064,0.99715857,1798,0.02746582,-0.00006223,0.18520355,0.19893646
2576,0.20408630,0.99696911,2140,0.17528534,0.99707533,1838,0.02880096,-0.00010621,0.18968582,0.20408630
2577,0.20627975,0.99691817,2163,0.17528534,0.99708993,1838,0.03099442,-0.00017176,0.19078255,0.20627975
2578,0.20456314,0.99694338,2145,0.17099380,0.99711953,1793,0.03356934,-0.00017615,0.18777847,0.20456314
2579,0.21009445,0.99692721,2203,0.17585754,0.99710815,1844,0.03423691,-0.00018094,0.19297600,0.21009445
2580,0.18615723,0.99662143,1952,0.19626617,0.99628226,2058,-0.01010895,0.00033917,0.19121170,0.19626617
2581,0.20761490,0.99637035,2177,0.20875931,0.99607945,2189,-0.00114441,0.00029090,0.20818710,0.20875931
2582,0.21152496,0.99612413,2218,0.20895004,0.99596859,2191,0.00257492,0.00015555,0.21023750,0.21152496
2583,0.19760132,0.99642305,2072,0.19798279,0.99630241,2076,-0.00038147,0.00012064,0.19779205,0.19798279
2584,0.20713806,0.99623497,2172,0.21190643,0.99596841,2222,-0.00476837,0.00026656,0.20952225,0.21190643
2585,0.20418167,0.99605173,2141,0.21142960,0.99584778,2217,-0.00724792,0.00020396,0.20780563,0.21142960
2586,0.20227432,0.99623871,2121,0.20732880,0.99601242,2174,-0.00505447,0.00022628,0.20480156,0.20732880
2587,0.20980835,0.99605118,2200,0.21533966,0.99583967,2258,-0.00553131,0.00021151,0.21257401,0.21533966
2588,0.17261505,0.99730685,1810,0.28800964,0.99665842,3020,-0.11539459,0.00064843,0.23031235,0.28800964
2589,0.17461777,0.99726155,1831,0.28886795,0.99664559,3029,-0.11425018,0.00061596,0.23174286,0.28886795
2590,0.17900467,0.99727607,1877,0.28600693,0.99668825,2999,-0.10700226,0.00058782,0.23250580,0.28600693
2591,0.18262863,0.99715950,1915,0.27770996,0.99662975,2912,-0.09508133,0.00052975,0.23016930,0.27770996
2592,0.18653870,0.99710234,1956,0.28562546,0.99651062,2995,-0.09908676,0.00059172,0.23608208,0.28562546
2593,0.18854141,0.99717270,1977,0.27818680,0.99668113,2917,-0.08964539,0.00049157,0.23336411,0.27818680
2594,0.18701553,0.99697817,1961,0.28085709,0.99649083,2945,-0.09384155,0.00048734,0.23393631,0.28085709
2595,0.19140244,0.99700927,2007,0.28772354,0.99647015,3017,-0.09632111,0.00053912,0.23956299,0.28772354
2596,0.11148453,0.99773422,1169,0.23365021,0.99739003,2450,-0.12216568,0.00034419,0.17256737,0.23365021
2597,0.12006760,0.99734405,1259,0.23984909,0.99695148,2515,-0.11978149,0.00039257,0.17995834,0.23984909
2598,0.11472702,0.99763916,1203,0.23107529,0.99723452,2423,-0.11634827,0.00040463,0.17290115,0.23107529
2599,0.11777878,0.99763477,1235,0.21915436,0.99742302,2298,-0.10137558,0.00021175,0.16846657,0.21915436
2600,0.11930466,0.99749984,1251,0.21648407,0.99730441,2270,-0.09717941,0.00019542,0.16789436,0.21648407
2601,0.12111664,0.99748104,1270,0.21553040,0.99734273,2260,-0.09441376,0.00013831,0.16832352,0.21553040
2602,0.12054443,0.99734804,1264,0.20523071,0.99738192,2152,-0.08468628,-0.00003388,0.16288757,0.20523071
2603,0.12598038,0.99730132,1321,0.20475388,0.99737890,2147,-0.07877350,-0.00007757,0.16536713,0.20475388
2604,0.16736984,0.99702900,1755,0.14019012,0.99713844,1470,0.02717972,-0.00010944,0.15377998,0.16736984
2605,0.17061234,0.99676685,1789,0.14419556,0.99702484,1512,0.02641678,-0.00025799,0.15740395,0.17061234
2606,0.18014908,0.99644720,1889,0.14581680,0.99680899,1529,0.03433228,-0.00036179,0.16298294,0.18014908
2607,0.17251968,0.99655336,1809,0.13904572,0.99712764,1458,0.03347397,-0.00057428,0.15578270,0.17251968
2608,0.18377304,0.99621907,1927,0.13923645,0.99695328,1460,0.04453659,-0.00073421,0.16150475,0.18377304
2609,0.19207001,0.99606411,2014,0.14324188,0.99692271,1502,0.04882812,-0.00085860,0.16765594,0.19207001
2610,0.19950867,0.99564915,2092,0.14524460,0.99676027,1523,0.05426407,-0.00111112,0.17237663,0.19950867
2611,0.32615662,0.99420558,3420,0.14104843,0.99782889,1479,0.18510818,-0.00362331,0.23360252,0.32615662
2612,0.33254623,0.99410081,3487,0.13818741,0.99778902,1449,0.19435883,-0.00368821,0.23536682,0.33254623
2613,0.33788681,0.99376383,3543,0.14581680,0.99777096,1529,0.19207001,-0.00400713,0.24185181,0.33788681
2614,0.33998489,0.99373579,3565,0.14181137,0.99772603,1487,0.19817352,-0.00399024,0.24089813,0.33998489
2615,0.35600662,0.99343904,3733,0.14114380,0.99775048,1480,0.21486282,-0.00431144,0.24857521,0.35600662
2616,0.35037994,0.99338384,3674,0.14076233,0.99769003,1476,0.20961761,-0.00430619,0.24557114,0.35037994
2617,0.34627914,0.99311474,3631,0.13389587,0.99775516,1404,0.21238327,-0.00464042,0.24008751,0.34627914
2618,0.35247803,0.99309630,3696,0.13837814,0.99762002,1451,0.21409988,-0.00452372,0.24542809,0.35247803
2619,0.17881393,0.99711442,1875,0.12989044,0.99748811,1362,0.04892349,-0.00037369,0.15435219,0.17881393
2620,0.18205643,0.99702345,1909,0.13151169,0.99738726,1379,0.05054474,-0.00036381,0.15678406,0.18205643
2621,0.17786026,0.99706729,1865,0.12874603,0.99742165,1350,0.04911423,-0.00035436,0.15330315,0.17786026
2622,0.17881393,0.99700932,1875,0.13055801,0.99733179,1369,0.04825592,-0.00032246,0.15468597,0.17881393
2623,0.19912720,0.99694629,2088,0.15401840,0.99733009,1615,0.04510880,-0.00038380,0.17657280,0.19912720
2624,0.17299652,0.99712380,1814,0.12903214,0.99739440,1353,0.04396439,-0.00027060,0.15101433,0.17299652
2625,0.16889572,0.99714436,1771,0.12645721,0.99750150,1326,0.04243851,-0.00035714,0.14767647,0.16889572
2626,0.17156601,0.99715411,1799,0.12512207,0.99739288,1312,0.04644394,-0.00023877,0.14834404,0.17156601
2627,0.08611679,0.99767889,903,0.13113022,0.99718192,1375,-0.04501343,0.00049697,0.10862350,0.13113022
2628,0.08430481,0.99767596,884,0.13370514,0.99710514,1402,-0.04940033,0.00057082,0.10900497,0.13370514
2629,0.08516312,0.99758732,893,0.13008118,0.99729129,1364,-0.04491806,0.00029604,0.10762215,0.13008118
2630,0.08602142,0.99753768,902,0.12331009,0.99719193,1293,-0.03728867,0.00034576,0.10466576,0.12331009
2631,0.08764267,0.99752827,919,0.13074875,0.99707346,1371,-0.04310608,0.00045481,0.10919571,0.13074875
2632,0.08478165,0.99754027,889,0.12245178,0.99718081,1284,-0.03767014,0.00035946,0.10361671,0.12245178
2633,0.08420944,0.99762484,883,0.12769699,0.99717968,1339,-0.04348755,0.00044516,0.10595322,0.12769699
2634,0.07743835,0.99777986,812,0.12063980,0.99741299,1265,-0.04320145,0.00036688,0.09903908,0.12063980
2635,0.20236969,0.99512307,2122,0.15029907,0.99754428,1576,0.05207062,-0.00242121,0.17633438,0.20236969
2636,0.20666122,0.99505391,2167,0.14410019,0.99772128,1511,0.06256104,-0.00266737,0.17538071,0.20666122
2637,0.21057129,0.99502168,2208,0.13837814,0.99769930,1451,0.07219315,-0.00267763,0.17447472,0.21057129
2638,0.21181107,0.99484814,2221,0.13313293,0.99771656,1396,0.07867813,-0.00286841,0.17247200,0.21181107
2639,0.21677017,0.99490350,2273,0.13341904,0.99779739,1399,0.08335114,-0.00289389,0.17509460,0.21677017
2640,0.21333694,0.99490000,2237,0.13093948,0.99765371,1373,0.08239746,-0.00275371,0.17213821,0.21333694
2641,0.22029877,0.99477350,2310,0.13036728,0.99780620,1367,0.08993149,-0.00303270,0.17533302,0.22029877
2642,0.21705627,0.99486426,2276,0.12311935,0.99780730,1291,0.09393692,-0.00294304,0.17008781,0.21705627
2643,0.09326935,0.99775860,978,0.11472702,0.99813127,1203,-0.02145767,-0.00037267,0.10399818,0.11472702
2644,0.08068085,0.99788486,846,0.09431839,0.99828966,989,-0.01363754,-0.00040480,0.08749962,0.09431839
2645,0.07829666,0.99789805,821,0.08935928,0.99833691,937,-0.01106262,-0.00043887,0.08382797,0.08935928
2646,0.08277893,0.99772821,868,0.08859634,0.99839408,929,-0.00581741,-0.00066587,0.08568764,0.08859634
2647,0.08134842,0.99773517,853,0.09145737,0.99834114,959,-0.01010895,-0.00060597,0.08640289,0.09145737
2648,0.07982254,0.99783140,837,0.09498596,0.99836872,996,-0.01516342,-0.00053732,0.08740425,0.09498596
2649,0.08411407,0.99772680,882,0.09670258,0.99827149,1014,-0.01258850,-0.00054469,0.09040833,0.09670258
2650,0.07991791,0.99775102,838,0.09622574,0.99829690,1009,-0.01630783,-0.00054588,0.08807182,0.09622574
2651,0.12054443,0.99776444,1264,0.14181137,0.99867675,1487,-0.02126694,-0.00091231,0.13117790,0.14181137
2652,0.12140274,0.99771353,1273,0.15621185,0.99852914,1638,-0.03480911,-0.00081561,0.13880730,0.15621185
2653,0.12092590,0.99772545,1268,0.13847351,0.99869376,1452,-0.01754761,-0.00096831,0.12969971,0.13847351
2654,0.11644363,0.99778887,1221,0.13465881,0.99869379,1412,-0.01821518,-0.00090492,0.12555122,0.13465881
2655,0.11339188,0.99783808,1189,0.14133453,0.99864218,1482,-0.02794266,-0.00080410,0.12736320,0.14133453
2656,0.10614395,0.99802266,1113,0.13122559,0.99875354,1376,-0.02508163,-0.00073089,0.11868477,0.13122559
2657,0.11291504,0.99789975,1184,0.13008118,0.99871223,1364,-0.01716614,-0.00081248,0.12149811,0.13008118
2658,0.10700226,0.99800215,1122,0.12521744,0.99877880,1313,-0.01821518,-0.00077665,0.11610985,0.12521744
2659,0.07896423,0.99798749,828,0.11863708,0.99844786,1244,-0.03967285,-0.00046037,0.09880066,0.11863708
2660,0.07238388,0.99810153,759,0.11844635,0.99831801,1242,-0.04606247,-0.00021648,0.09541512,0.11844635
2661,0.07486343,0.99799832,785,0.11816025,0.99833834,1239,-0.04329681,-0.00034002,0.09651184,0.11816025
2662,0.07047653,0.99806118,739,0.11196136,0.99835230,1174,-0.04148483,-0.00029112,0.09121895,0.11196136
2663,0.06351471,0.99816578,666,0.11529922,0.99820656,1209,-0.05178452,-0.00004078,0.08940697,0.11529922
2664,0.06551743,0.99815855,687,0.11224747,0.99833819,1177,-0.04673004,-0.00017964,0.08888245,0.11224747
2665,0.06551743,0.99814539,687,0.10986328,0.99827321,1152,-0.04434586,-0.00012781,0.08769035,0.10986328
2666,0.08115768,0.99827037,851,0.12855530,0.99833581,1348,-0.04739761,-0.00006543,0.10485649,0.12855530
2667,0.40645599,0.98977155,4262,0.10261536,0.99733626,1076,0.30384064,-0.00756471,0.25453568,0.40645599
2668,0.42533875,0.98972636,4460,0.13408661,0.99707831,1406,0.29125214,-0.00735194,0.27971268,0.42533875
2669,0.41732788,0.98915709,4376,0.11320114,0.99660779,1187,0.30412674,-0.00745070,0.26526451,0.41732788
2670,0.41265488,0.98947668,4327,0.12941360,0.99594330,1357,0.28324127,-0.00646662,0.27103424,0.41265488
2671,0.42018890,0.98909997,4406,0.12826920,0.99561936,1345,0.29191971,-0.00651939,0.27422905,0.42018890
2672,0.42114258,0.98901153,4416,0.13647079,0.99515400,1431,0.28467178,-0.00614247,0.27880669,0.42114258
2673,0.41513443,0.98917713,4353,0.13828278,0.99510381,1450,0.27685165,-0.00592668,0.27670860,0.41513443
2674,0.31461716,0.99312784,3299,0.17681122,0.99715667,1854,0.13780594,-0.00402883,0.24571419,0.31461716
2675,0.33426285,0.99326402,3505,0.19474030,0.99719272,2042,0.13952255,-0.00392869,0.26450157,0.33426285
2676,0.33750534,0.99292006,3539,0.19521713,0.99705859,2047,0.14228821,-0.00413852,0.26636124,0.33750534
2677,0.32157898,0.99306684,3372,0.17757416,0.99730549,1862,0.14400482,-0.00423865,0.24957657,0.32157898
2678,0.35676956,0.99268335,3741,0.21409988,0.99665927,2245,0.14266968,-0.00397592,0.28543472,0.35676956
2679,0.35495758,0.99254886,3722,0.20246506,0.99683207,2123,0.15249252,-0.00428322,0.27871132,0.35495758
2680,0.33540726,0.99276944,3517,0.19292831,0.99679484,2023,0.14247894,-0.00402540,0.26416779,0.33540726
2681,0.35943985,0.99246649,3769,0.20923615,0.99676016,2194,0.15020370,-0.00429367,0.28433800,0.35943985
2682,1.96657181,0.95848642,20621,0.68616867,0.99174079,7195,1.28040314,-0.03325436,1.32637024,1.96657181
2683,1.99060440,0.95869823,20873,0.71153641,0.99163058,7461,1.27906799,-0.03293235,1.35107040,1.99060440
2684,2.00595856,0.95811369,21034,0.70743561,0.99147279,7418,1.29852295,-0.03335910,1.35669708,2.00595856
2685,2.01559067,0.95799882,21135,0.71029663,0.99144958,7448,1.30529404,-0.03345075,1.36294365,2.01559067
2686,2.03266144,0.95812868,21314,0.73938370,0.99133152,7753,1.29327774,-0.03320284,1.38602257,2.03266144
2687,2.06260681,0.95728138,21628,0.71983337,0.99116046,7548,1.34277344,-0.03387908,1.39122009,2.06260681
2688,2.06508636,0.95723842,21654,0.74396133,0.99099211,7801,1.32112503,-0.03375370,1.40452385,2.06508636
2689,2.12936401,0.95683901,22328,0.78535080,0.99072369,8235,1.34401321,-0.03388468,1.45735741,2.12936401
2690,2.47516632,0.95650479,25954,0.49934387,0.98971487,5236,1.97582245,-0.03321009,1.48725510,2.47516632
2691,2.48365402,0.95651897,26043,0.49972534,0.98968171,5240,1.98392868,-0.03316275,1.49168968,2.48365402
2692,2.52037048,0.95588566,26428,0.50449371,0.98939220,5290,2.01587677,-0.03350653,1.51243210,2.52037048
2693,2.54182816,0.95548840,26653,0.51927567,0.98924704,5445,2.02255249,-0.03375864,1.53055191,2.54182816
2694,2.56423950,0.95474056,26888,0.53205490,0.98841179,5579,2.03218460,-0.03367123,1.54814720,2.56423950
2695,2.58922577,0.95491034,27150,0.52661896,0.98871612,5522,2.06260681,-0.03380578,1.55792236,2.58922577
2696,2.60744095,0.95452507,27341,0.52843094,0.98858017,5541,2.07901001,-0.03405510,1.56793594,2.60744095
2697,2.61020660,0.95410549,27370,0.53215027,0.98846723,5580,2.07805634,-0.03436174,1.57117844,2.61020660
2698,1.86595917,0.97747783,19566,1.46951675,0.98009349,15409,0.39644241,-0.00261566,1.66773796,1.86595917
2699,1.88722610,0.97732506,19789,1.48601532,0.98000590,15582,0.40121078,-0.00268084,1.68662071,1.88722610
2700,1.88751221,0.97710203,19792,1.50098801,0.97965028,15739,0.38652420,-0.00254825,1.69425011,1.88751221
2701,1.92937851,0.97658747,20231,1.52597427,0.97948792,16001,0.40340424,-0.00290045,1.72767639,1.92937851
2702,2.00529099,0.97637730,21027,1.59902573,0.97915940,16767,0.40626526,-0.00278211,1.80215836,2.00529099
2703,1.96876526,0.97690391,20644,1.57175064,0.97963263,16481,0.39701462,-0.00272872,1.77025795,1.96876526
2704,1.99613571,0.97665538,20931,1.59797668,0.97955443,16756,0.39815903,-0.00289905,1.79705620,1.99613571
2705,2.02684402,0.97647111,21253,1.61952972,0.97934810,16982,0.40731430,-0.00287700,1.82318687,2.02684402
2706,0.05435944,0.99879442,570,0.10251999,0.99801408,1075,-0.04816055,0.00078035,0.07843971,0.10251999
2707,0.05807877,0.99873661,609,0.11396408,0.99772017,1195,-0.05588531,0.00101644,0.08602142,0.11396408
2708,0.05464554,0.99877203,573,0.11186600,0.99779178,1173,-0.05722046,0.00098025,0.08325577,0.11186600
2709,0.05874634,0.99872175,616,0.11396408,0.99770336,1195,-0.05521774,0.00101840,0.08635521,0.11396408
2710,0.05998611,0.99875416,629,0.11310577,0.99773544,1186,-0.05311966,0.00101872,0.08654594,0.11310577
2711,0.05836487,0.99878510,612,0.11405945,0.99771760,1196,-0.05569458,0.00106750,0.08621216,0.11405945
2712,0.05750656,0.99877548,603,0.11901855,0.99766745,1248,-0.06151199,0.00110803,0.08826256,0.11901855
2713,0.05979538,0.99879212,627,0.11091232,0.99772579,1163,-0.05111694,0.00106634,0.08535385,0.11091232
2714,0.08344650,0.99772894,875,0.11405945,0.99755475,1196,-0.03061295,0.00017419,0.09875298,0.11405945
2715,0.09307861,0.99761672,976,0.12817383,0.99741365,1344,-0.03509521,0.00020307,0.11062622,0.12817383
2716,0.10309219,0.99734841,1081,0.12655258,0.99728613,1327,-0.02346039,0.00006227,0.11482239,0.12655258
2717,0.14114380,0.99689748,1480,0.15563965,0.99693215,1632,-0.01449585,-0.00003467,0.14839172,0.15563965
2718,0.15382767,0.99627315,1613,0.16345978,0.99650788,1714,-0.00963211,-0.00023473,0.15864372,0.16345978
2719,0.16412735,0.99611614,1721,0.15735626,0.99653109,1650,0.00677109,-0.00041495,0.16074181,0.16412735
2720,0.17795563,0.99585379,1866,0.17385483,0.99628636,1823,0.00410080,-0.00043257,0.17590523,0.17795563
2721,0.20437241,0.99532245,2143,0.18320084,0.99608242,1921,0.02117157,-0.00075996,0.19378662,0.20437241
2722,0.53663254,0.98945744,5627,1.20449066,0.98141829,12630,-0.66785812,0.00803915,0.87056160,1.20449066
2723,0.54893494,0.98926169,5756,1.20573044,0.98147107,12643,-0.65679550,0.00779062,0.87733269,1.20573044
2724,0.55770874,0.98898836,5848,1.21297836,0.98112637,12719,-0.65526962,0.00786198,0.88534355,1.21297836
2725,0.57239532,0.98873039,6002,1.20267868,0.98099349,12611,-0.63028336,0.00773691,0.88753700,1.20267868
2726,0.59375763,0.98843851,6226,1.22079849,0.98070483,12801,-0.62704086,0.00773368,0.90727806,1.22079849
2727,0.60911179,0.98808519,6387,1.24626160,0.98048279,13068,-0.63714981,0.00760240,0.92768669,1.24626160
2728,0.62398911,0.98771541,6543,1.26714706,0.98027621,13287,-0.64315796,0.00743920,0.94556808,1.26714706
2729,0.64115524,0.98728400,6723,1.27611160,0.98006146,13381,-0.63495636,0.00722254,0.95863342,1.27611160
2730,0.77943802,0.98643627,8173,1.36728287,0.98085464,14337,-0.58784485,0.00558164,1.07336044,1.36728287
2731,0.78945160,0.98634290,8278,1.38864517,0.98065362,14561,-0.59919357,0.00568928,1.08904839,1.38864517
2732,0.80366135,0.98639394,8427,1.39989853,0.98093872,14679,-0.59623718,0.00545522,1.10177994,1.39989853
2733,0.81005096,0.98600152,8494,1.37062073,0.98077630,14372,-0.56056976,0.00522522,1.09033585,1.37062073
2734,0.83436966,0.98560327,8749,1.41296387,0.98011620,14816,-0.57859421,0.00548707,1.12366676,1.41296387
2735,0.84810257,0.98491344,8893,1.42726898,0.97892567,14966,-0.57916641,0.00598777,1.13768578,1.42726898
2736,0.86297989,0.98474280,9049,1.46589279,0.97848489,15371,-0.60291290,0.00625791,1.16443634,1.46589279
2737,0.90284348,0.98414824,9467,1.49040222,0.97815005,15628,-0.58755875,0.00599819,1.19662285,1.49040222
2738,2.27909088,0.96458178,23898,1.32112503,0.97968831,13853,0.95796585,-0.01510653,1.80010796,2.27909088
2739,2.32067108,0.96349980,24334,1.36394501,0.97893987,14302,0.95672607,-0.01544007,1.84230804,2.32067108
2740,2.32276917,0.96358019,24356,1.35669708,0.97915119,14226,0.96607208,-0.01557100,1.83973312,2.32276917
2741,2.35433578,0.96303079,24687,1.37224197,0.97854046,14389,0.98209381,-0.01550968,1.86328888,2.35433578
2742,2.35490799,0.96247855,24693,1.37424469,0.97826222,14410,0.98066330,-0.01578367,1.86457634,2.35490799
2743,2.37874985,0.96166636,24943,1.39045715,0.97794621,14580,0.98829269,-0.01627985,1.88460350,2.37874985
2744,2.39048004,0.96169687,25066,1.40466690,0.97768210,14729,0.98581314,-0.01598524,1.89757347,2.39048004
2745,2.38666534,0.96144050,25026,1.39970779,0.97770471,14677,0.98695755,-0.01626421,1.89318657,2.38666534
2746,1.28688812,0.97511956,13494,0.41751862,0.99343961,4378,0.86936951,-0.01832005,0.85220337,1.28688812
2747,1.27887726,0.97534684,13410,0.42858124,0.99321981,4494,0.85029602,-0.01787298,0.85372925,1.27887726
2748,1.29661560,0.97500090,13596,0.44116974,0.99326149,4626,0.85544586,-0.01826059,0.86889267,1.29661560
2749,1.25932693,0.97586666,13205,0.39157867,0.99388087,4106,0.86774826,-0.01801421,0.82545280,1.25932693
2750,1.26132965,0.97590244,13226,0.40693283,0.99392605,4267,0.85439682,-0.01802361,0.83413124,1.26132965
2751,1.24521255,0.97635293,13057,0.38681030,0.99409864,4056,0.85840225,-0.01774571,0.81601143,1.24521255
2752,1.22699738,0.97666943,12866,0.39491653,0.99412188,4141,0.83208084,-0.01745245,0.81095695,1.22699738
2753,1.23405457,0.97624561,12940,0.38452148,0.99423403,4032,0.84953308,-0.01798842,0.80928802,1.23405457
2754,1.07069016,0.97870364,11227,0.52785873,0.98964611,5535,0.54283142,-0.01094247,0.79927444,1.07069016
2755,1.08766556,0.97891729,11405,0.54426193,0.98997857,5707,0.54340363,-0.01106128,0.81596375,1.08766556
2756,1.07517242,0.97873963,11274,0.54521561,0.98939200,5717,0.52995682,-0.01065237,0.81019402,1.07517242
2757,1.07326508,0.97960081,11254,0.54378510,0.99008646,5702,0.52947998,-0.01048565,0.80852509,1.07326508
2758,1.07336044,0.97886213,11255,0.54101944,0.98952512,5673,0.53234100,-0.01066299,0.80718994,1.07336044
2759,1.07526779,0.97963105,11275,0.54426193,0.99005615,5707,0.53100586,-0.01042511,0.80976486,1.07526779
2760,1.06534958,0.97900339,11171,0.54826736,0.98948709,5749,0.51708221,-0.01048370,0.80680847,1.06534958
2761,1.07574463,0.97916626,11280,0.55484772,0.98960675,5818,0.52089691,-0.01044050,0.81529617,1.07574463
2762,1.72405243,0.96742330,18078,1.08566284,0.97762729,11384,0.63838959,-0.01020400,1.40485764,1.72405243
2763,1.74713135,0.96666462,18320,1.09205246,0.97671064,11451,0.65507889,-0.01004602,1.41959190,1.74713135
2764,1.73454285,0.96750389,18188,1.08118057,0.97727780,11337,0.65336227,-0.00977391,1.40786171,1.73454285
2765,1.76038742,0.96632347,18459,1.12419128,0.97602306,11788,0.63619614,-0.00969959,1.44228935,1.76038742
2766,1.76620483,0.96613763,18520,1.13439560,0.97620613,11895,0.63180923,-0.01006850,1.45030022,1.76620483
2767,1.77907944,0.96604527,18655,1.13925934,0.97606279,11946,0.63982010,-0.01001752,1.45916939,1.77907944
2768,1.74617767,0.96622433,18310,1.11150742,0.97627412,11655,0.63467026,-0.01004979,1.42884254,1.74617767
2769,1.75180435,0.96593956,18369,1.11484528,0.97574162,11690,0.63695908,-0.00980206,1.43332481,1.75180435
2770,1.60722733,0.96957480,16853,1.58691406,0.97848706,16640,0.02031326,-0.00891226,1.59707069,1.60722733
2771,1.62429810,0.96905094,17032,1.60827637,0.97805215,16864,0.01602173,-0.00900122,1.61628723,1.62429810
2772,1.61218643,0.96925268,16905,1.57642365,0.97853512,16530,0.03576279,-0.00928245,1.59430504,1.61218643
2773,1.62820816,0.96873062,17073,1.61437988,0.97814803,16928,0.01382828,-0.00941741,1.62129402,1.62820816
2774,1.63259506,0.96877453,17119,1.63002014,0.97804985,17092,0.00257492,-0.00927531,1.63130760,1.63259506
2775,1.63173676,0.96877588,17110,1.62057877,0.97789441,16993,0.01115799,-0.00911853,1.62615776,1.63173676
2776,1.63011551,0.96872951,17093,1.61590576,0.97781209,16944,0.01420975,-0.00908258,1.62301064,1.63011551
2777,1.62458420,0.96865974,17035,1.60636902,0.97716497,16844,0.01821518,-0.00850523,1.61547661,1.62458420
2778,1.26276016,0.97467755,13241,0.72488785,0.98954373,7601,0.53787231,-0.01486618,0.99382401,1.26276016
2779,1.31969452,0.97455402,13838,0.77476501,0.98957233,8124,0.54492950,-0.01501831,1.04722977,1.31969452
2780,1.24826431,0.97511893,13089,0.69551468,0.99018640,7293,0.55274963,-0.01506747,0.97188950,1.24826431
2781,1.33609772,0.97437215,14010,0.78620911,0.98980944,8244,0.54988861,-0.01543729,1.06115341,1.33609772
2782,1.26914978,0.97506685,13308,0.74071884,0.98999077,7767,0.52843094,-0.01492393,1.00493431,1.26914978
2783,1.31101608,0.97542941,13747,0.79298019,0.98960971,8315,0.51803589,-0.01418030,1.05199814,1.31101608
2784,1.28822327,0.97575300,13508,0.76904297,0.98982845,8064,0.51918030,-0.01407546,1.02863312,1.28822327
2785,1.25713348,0.97628841,13182,0.75941086,0.99004332,7963,0.49772263,-0.01375491,1.00827217,1.25713348
2786,2.67696381,0.97728902,28070,2.27994919,0.98557370,23907,0.39701462,-0.00828468,2.47845650,2.67696381
2787,2.61287689,0.97751994,27398,2.19545364,0.98580506,23021,0.41742325,-0.00828512,2.40416527,2.61287689
2788,2.62956619,0.97815410,27573,2.22902298,0.98632673,23373,0.40054321,-0.00817263,2.42929459,2.62956619
2789,2.63080597,0.97790228,27586,2.24590302,0.98600535,23550,0.38490295,-0.00810307,2.43835449,2.63080597
2790,2.62250900,0.97808969,27499,2.23617554,0.98606823,23448,0.38633347,-0.00797854,2.42934227,2.62250900
2791,2.53534317,0.97894980,26585,2.16398239,0.98684194,22691,0.37136078,-0.00789214,2.34966278,2.53534317
2792,2.57387161,0.97871442,26989,2.20489502,0.98670432,23120,0.36897659,-0.00798991,2.38938332,2.57387161
2793,0.71458817,0.98370238,7493,0.33206940,0.99484469,3482,0.38251877,-0.01114232,0.52332878,0.71458817
2794,0.70619583,0.98329997,7405,0.32253265,0.99479701,3382,0.38366318,-0.01149704,0.51436424,0.70619583
2795,0.71287155,0.98401058,7475,0.33025742,0.99468602,3463,0.38261414,-0.01067544,0.52156448,0.71287155
2796,0.70867538,0.98367252,7431,0.31967163,0.99475897,3352,0.38900375,-0.01108645,0.51417351,0.70867538
2797,0.72784424,0.98276151,7632,0.32758713,0.99463828,3435,0.40025711,-0.01187677,0.52771568,0.72784424
2798,0.69208145,0.98378141,7257,0.32243729,0.99468383,3381,0.36964417,-0.01090243,0.50725937,0.69208145
2799,0.69904327,0.98343086,7330,0.31681061,0.99471969,3322,0.38223267,-0.01128883,0.50792694,0.69904327
2800,0.68778992,0.98394505,7212,0.33073425,0.99464157,3468,0.35705566,-0.01069652,0.50926208,0.68778992
2801,0.91619492,0.97685147,9607,0.16498566,0.99586464,1730,0.75120926,-0.01901317,0.54059029,0.91619492
2802,0.89921951,0.97706073,9429,0.16899109,0.99586722,1772,0.73022842,-0.01880649,0.53410530,0.89921951
2803,0.89044571,0.97732083,9337,0.16727448,0.99577914,1754,0.72317123,-0.01845831,0.52886009,0.89044571
2804,0.88567734,0.97738385,9287,0.16670227,0.99578348,1748,0.71897507,-0.01839963,0.52618980,0.88567734
2805,0.88796616,0.97753406,9311,0.17127991,0.99568980,1796,0.71668625,-0.01815574,0.52962303,0.88796616
2806,0.89654922,0.97727232,9401,0.15506744,0.99599926,1626,0.74148178,-0.01872695,0.52580833,0.89654922
2807,0.90827942,0.97694258,9524,0.14572144,0.99614617,1528,0.76255798,-0.01920360,0.52700043,0.90827942
2808,0.90293884,0.97701902,9468,0.14057159,0.99643431,1474,0.76236725,-0.01941529,0.52175522,0.90293884
2809,0.85906982,0.98360560,9008,0.69847107,0.99025346,7324,0.16059875,-0.00664787,0.77877045,0.85906982
2810,0.87280273,0.98310252,9152,0.69036484,0.99029420,7239,0.18243790,-0.00719168,0.78158379,0.87280273
2811,0.87547302,0.98275569,9180,0.69446564,0.99018141,7282,0.18100739,-0.00742571,0.78496933,0.87547302
2812,0.87518692,0.98286802,9177,0.69990158,0.99007885,7339,0.17528534,-0.00721083,0.78754425,0.87518692
2813,0.84571838,0.98350672,8868,0.67710876,0.99057014,7100,0.16860962,-0.00706342,0.76141357,0.84571838
2814,0.84209442,0.98364077,8830,0.66661835,0.99089973,6990,0.17547607,-0.00725896,0.75435638,0.84209442
2815,0.84753036,0.98329478,8887,0.66213608,0.99082359,6943,0.18539429,-0.00752882,0.75483322,0.84753036
2816,0.84114075,0.98328685,8820,0.65002441,0.99111603,6816,0.19111633,-0.00782918,0.74558258,0.84114075
2817,0.73671341,0.98587180,7725,0.34809113,0.99652534,3650,0.38862228,-0.01065354,0.54240227,0.73671341
2818,0.73528290,0.98580314,7710,0.35963058,0.99642511,3771,0.37565231,-0.01062196,0.54745674,0.73528290
2819,0.72660446,0.98583717,7619,0.36516190,0.99616352,3829,0.36144257,-0.01032635,0.54588318,0.72660446
2820,0.72927475,0.98594407,7647,0.36764145,0.99611524,3855,0.36163330,-0.01017118,0.54845810,0.72927475
2821,0.70638657,0.98606270,7407,0.34275055,0.99649463,3594,0.36363602,-0.01043193,0.52456856,0.70638657
2822,0.69856644,0.98651749,7325,0.35572052,0.99639353,3730,0.34284592,-0.00987604,0.52714348,0.69856644
2823,0.69065094,0.98641141,7242,0.34837723,0.99649585,3653,0.34227371,-0.01008444,0.51951408,0.69065094
2824,0.67539215,0.98678334,7082,0.34208298,0.99664366,3587,0.33330917,-0.00986032,0.50873756,0.67539215
2825,0.78830719,0.99082893,8266,0.35715103,0.99699446,3745,0.43115616,-0.00616553,0.57272911,0.78830719
2826,0.78239441,0.99113631,8204,0.35257339,0.99704161,3697,0.42982101,-0.00590530,0.56748390,0.78239441
2827,0.79555511,0.99061597,8342,0.36783218,0.99661632,3857,0.42772293,-0.00600035,0.58169365,0.79555511
2828,0.77095032,0.99102075,8084,0.35448074,0.99679482,3717,0.41646957,-0.00577407,0.56271553,0.77095032
2829,0.76770782,0.99102921,8050,0.35085678,0.99685067,3679,0.41685104,-0.00582147,0.55928230,0.76770782
2830,0.75492859,0.99131639,7916,0.34751892,0.99686443,3644,0.40740967,-0.00554804,0.55122375,0.75492859
2831,0.74825287,0.99142821,7846,0.33845901,0.99695458,3549,0.40979385,-0.00552637,0.54335594,0.74825287
2832,0.75893402,0.99152677,7958,0.36134720,0.99687696,3789,0.39758682,-0.00535019,0.56014061,0.75893402
2833,1.60484314,0.97879665,16828,1.00288391,0.99093359,10516,0.60195923,-0.01213694,1.30386353,1.60484314
2834,1.59425735,0.97850778,16717,0.99325180,0.99100044,10415,0.60100555,-0.01249265,1.29375458,1.59425735
2835,1.61495209,0.97834526,16934,0.99945068,0.99096059,10480,0.61550140,-0.01261533,1.30720139,1.61495209
2836,1.63393021,0.97857690,17133,1.03607178,0.99083891,10864,0.59785843,-0.01226201,1.33500099,1.63393021
2837,1.61142349,0.97851989,16897,0.98495483,0.99110737,10328,0.62646866,-0.01258748,1.29818916,1.61142349
2838,1.60217285,0.97840502,16800,0.98600388,0.99112228,10339,0.61616898,-0.01271726,1.29408836,1.60217285
2839,1.59969330,0.97874085,16774,0.97503662,0.99133286,10224,0.62465668,-0.01259200,1.28736496,1.59969330
2840,1.64041519,0.97812371,17201,1.01594925,0.99105368,10653,0.62446594,-0.01292996,1.32818222,1.64041519
2841,0.29850006,0.99240355,3130,0.05340576,0.99923072,560,0.24509430,-0.00682717,0.17595291,0.29850006
2842,0.30412674,0.99219536,3189,0.04787445,0.99915915,502,0.25625229,-0.00696379,0.17600060,0.30412674
2843,0.30145645,0.99233021,3161,0.05073547,0.99923154,532,0.25072098,-0.00690133,0.17609596,0.30145645
2844,0.30527115,0.99216940,3201,0.04911423,0.99917242,515,0.25615692,-0.00700302,0.17719269,0.30527115
2845,0.29954910,0.99249836,3141,0.04673004,0.99917462,490,0.25281906,-0.00667626,0.17313957,0.29954910
2846,0.32062531,0.99197987,3362,0.06237030,0.99912233,654,0.25825500,-0.00714246,0.19149780,0.32062531
2847,0.30555725,0.99230476,3204,0.04634857,0.99916137,486,0.25920868,-0.00685661,0.17595291,0.30555725
2848,0.31833649,0.99178131,3338,0.05922318,0.99912663,621,0.25911331,-0.00734532,0.18877983,0.31833649
2849,0.33416748,0.99066969,3504,0.06675720,0.99886627,700,0.26741028,-0.00819658,0.20046234,0.33416748
2850,0.33950806,0.99039031,3560,0.06856918,0.99886726,719,0.27093887,-0.00847695,0.20403862,0.33950806
2851,0.34780502,0.99032830,3647,0.05521774,0.99890422,579,0.29258728,-0.00857592,0.20151138,0.34780502
2852,0.34666061,0.99030973,3635,0.05588531,0.99889834,586,0.29077530,-0.00858862,0.20127296,0.34666061
2853,0.35018921,0.99022388,3672,0.04777908,0.99897949,501,0.30241013,-0.00875561,0.19898415,0.35018921
2854,0.36334991,0.98979577,3810,0.05636215,0.99865831,591,0.30698776,-0.00886253,0.20985603,0.36334991
2855,0.35524368,0.98996024,3725,0.05521774,0.99886178,579,0.30002594,-0.00890154,0.20523071,0.35524368
2856,0.81262589,0.98632796,8521,0.20256042,0.99756380,2124,0.61006546,-0.01123584,0.50759315,0.81262589
2857,0.81548691,0.98626289,8551,0.20761490,0.99754732,2177,0.60787201,-0.01128443,0.51155090,0.81548691
2858,0.79669952,0.98640631,8354,0.19807816,0.99758303,2077,0.59862137,-0.01117672,0.49738884,0.79669952
2859,0.90904236,0.98535353,9532,0.29182434,0.99667987,3060,0.61721802,-0.01132634,0.60043335,0.90904236
2860,0.89540482,0.98543784,9389,0.28247833,0.99674869,2962,0.61292648,-0.01131085,0.58894157,0.89540482
2861,0.80051422,0.98609652,8394,0.20084381,0.99719797,2106,0.59967041,-0.01110146,0.50067902,0.80051422
2862,0.87404251,0.98568045,9165,0.26922226,0.99680854,2823,0.60482025,-0.01112809,0.57163239,0.87404251
2863,0.83494186,0.98614794,8755,0.28114319,0.99679504,2948,0.55379868,-0.01064710,0.55804253,0.83494186
2864,0.28390884,0.99709366,2977,0.09231567,0.99921687,968,0.19159317,-0.00212321,0.18811226,0.28390884
2865,0.28543472,0.99705481,2993,0.08468628,0.99916749,888,0.20074844,-0.00211267,0.18506050,0.28543472
2866,0.28476715,0.99708909,2986,0.09155273,0.99923527,960,0.19321442,-0.00214617,0.18815994,0.28476715
2867,0.28820038,0.99710030,3022,0.09431839,0.99906048,989,0.19388199,-0.00196018,0.19125938,0.28820038
2868,0.28724670,0.99706229,3012,0.09031296,0.99918869,947,0.19693375,-0.00212640,0.18877983,0.28724670
2869,0.28152466,0.99700269,2952,0.08230209,0.99917318,863,0.19922256,-0.00217049,0.18191338,0.28152466
2870,0.29392242,0.99701172,3082,0.09078979,0.99917798,952,0.20313263,-0.00216625,0.19235611,0.29392242
2871,0.29754639,0.99683143,3120,0.09450912,0.99905629,991,0.20303726,-0.00222486,0.19602776,0.29754639
2872,0.87518692,0.99380132,9177,0.82216263,0.99451879,8621,0.05302429,-0.00071747,0.84867477,0.87518692
2873,0.89836121,0.99367455,9420,0.82445145,0.99449539,8645,0.07390976,-0.00082084,0.86140633,0.89836121
2874,0.89807510,0.99354597,9417,0.84247589,0.99430897,8834,0.05559921,-0.00076300,0.87027550,0.89807510
2875,0.88376999,0.99361186,9267,0.81024170,0.99448274,8496,0.07352829,-0.00087088,0.84700584,0.88376999
2876,0.90446472,0.99362818,9484,0.84905624,0.99434442,8903,0.05540848,-0.00071624,0.87676048,0.90446472
2877,0.88405609,0.99363919,9270,0.81787109,0.99444124,8576,0.06618500,-0.00080205,0.85096359,0.88405609
2878,0.88844299,0.99351381,9316,0.82979202,0.99431181,8701,0.05865097,-0.00079800,0.85911751,0.88844299
2879,0.91285706,0.99316325,9572,0.84896088,0.99398969,8902,0.06389618,-0.00082645,0.88090897,0.91285706
2880,0.05149841,0.99917971,540,0.09813309,0.99846103,1029,-0.04663467,0.00071869,0.07481575,0.09813309
2881,0.05159378,0.99913697,541,0.08544922,0.99851073,896,-0.03385544,0.00062624,0.06852150,0.08544922
2882,0.05636215,0.99910789,591,0.10356903,0.99836180,1086,-0.04720688,0.00074608,0.07996559,0.10356903
2883,0.05664825,0.99908038,594,0.08945465,0.99842655,938,-0.03280640,0.00065382,0.07305145,0.08945465
2884,0.07963181,0.99874572,835,0.12826920,0.99796468,1345,-0.04863739,0.00078104,0.10395050,0.12826920
2885,0.05397797,0.99908457,566,0.08888245,0.99842500,932,-0.03490448,0.00065956,0.07143021,0.08888245
2886,0.05426407,0.99905598,569,0.10471344,0.99830677,1098,-0.05044937,0.00074921,0.07948875,0.10471344
2887,0.05435944,0.99910800,570,0.09231567,0.99839099,968,-0.03795624,0.00071700,0.07333755,0.09231567
2888,0.20084381,0.99692208,2106,0.04711151,0.99855999,494,0.15373230,-0.00163791,0.12397766,0.20084381
2889,0.19102097,0.99713457,2003,0.04272461,0.99841708,448,0.14829636,-0.00128252,0.11687279,0.19102097
2890,0.20675659,0.99679859,2168,0.04634857,0.99875399,486,0.16040802,-0.00195540,0.12655258,0.20675659
2891,0.20380020,0.99696778,2137,0.03995895,0.99845989,419,0.16384125,-0.00149210,0.12187958,0.20380020
2892,0.21162033,0.99674053,2219,0.05245209,0.99838064,550,0.15916824,-0.00164011,0.13203621,0.21162033
2893,0.30212402,0.99588058,3168,0.13580322,0.99756712,1424,0.16632080,-0.00168654,0.21896362,0.30212402
2894,0.21066666,0.99686299,2209,0.04806519,0.99836405,504,0.16260147,-0.00150106,0.12936592,0.21066666
2895,0.20627975,0.99694239,2163,0.04034042,0.99846606,423,0.16593933,-0.00152367,0.12331009,0.20627975
2896,0.19683838,0.99789886,2064,0.48055649,0.99606449,5039,-0.28371811,0.00183436,0.33869743,0.48055649
2897,0.18157959,0.99806245,1904,0.44527054,0.99584499,4669,-0.26369095,0.00221746,0.31342506,0.44527054
2898,0.18405914,0.99795907,1930,0.45738220,0.99581564,4796,-0.27332306,0.00214343,0.32072067,0.45738220
2899,0.17414093,0.99806510,1826,0.42285919,0.99637612,4434,-0.24871826,0.00168899,0.29850006,0.42285919
2900,0.18815994,0.99805957,1973,0.45261383,0.99591701,4746,-0.26445389,0.00214256,0.32038689,0.45261383
2901,0.18787384,0.99758242,1970,0.43067932,0.99552762,4516,-0.24280548,0.00205480,0.30927658,0.43067932
2902,0.17271042,0.99815065,1811,0.41942596,0.99650659,4398,-0.24671555,0.00164407,0.29606819,0.41942596
2903,0.17213821,0.99815485,1805,0.39663315,0.99625031,4159,-0.22449493,0.00190454,0.28438568,0.39663315
2904,0.33617020,0.99718478,3525,0.11119843,0.99948030,1166,0.22497177,-0.00229552,0.22368431,0.33617020
2905,0.29706955,0.99736940,3115,0.06875992,0.99958379,721,0.22830963,-0.00221439,0.18291473,0.29706955
2906,0.30012131,0.99736348,3147,0.07381439,0.99958723,774,0.22630692,-0.00222376,0.18696785,0.30012131
2907,0.28028488,0.99755436,2939,0.06275177,0.99962588,658,0.21753311,-0.00207152,0.17151833,0.28028488
2908,0.29087067,0.99743223,3050,0.07400513,0.99956178,776,0.21686554,-0.00212956,0.18243790,0.29087067
2909,0.28362274,0.99713749,2974,0.07171631,0.99915082,752,0.21190643,-0.00201333,0.17766953,0.28362274
2910,0.27809143,0.99754917,2916,0.05598068,0.99964717,587,0.22211075,-0.00209800,0.16703606,0.27809143
2911,0.54969788,0.99293287,5764,0.12207031,0.99871676,1280,0.42762756,-0.00578389,0.33588409,0.54969788
2912,0.55351257,0.99291413,5804,0.10690689,0.99875428,1121,0.44660568,-0.00584015,0.33020973,0.55351257
2913,0.54588318,0.99293360,5724,0.12226105,0.99867439,1282,0.42362213,-0.00574079,0.33407211,0.54588318
2914,0.54292679,0.99291351,5693,0.10509491,0.99872606,1102,0.43783188,-0.00581255,0.32401085,0.54292679
2915,0.53672791,0.99303176,5628,0.12311935,0.99866386,1291,0.41360855,-0.00563210,0.32992363,0.53672791
2916,0.51984787,0.99313664,5451,0.10232925,0.99873062,1073,0.41751862,-0.00559399,0.31108856,0.51984787
2917,0.52700043,0.99315539,5526,0.12426376,0.99867624,1303,0.40273666,-0.00552085,0.32563210,0.52700043
2918,0.52385330,0.99307209,5493,0.11177063,0.99866996,1172,0.41208267,-0.00559787,0.31781197,0.52385330
2919,0.93574524,0.99285207,9812,0.58584213,0.99602991,6143,0.34990311,-0.00317785,0.76079369,0.93574524
2920,0.90837479,0.99329633,9525,0.54941177,0.99653603,5761,0.35896301,-0.00323970,0.72889328,0.90837479
2921,0.91390610,0.99309813,9583,0.56571960,0.99632723,5932,0.34818649,-0.00322911,0.73981285,0.91390610
2922,0.89359283,0.99312811,9370,0.53367615,0.99637708,5596,0.35991669,-0.00324898,0.71363449,0.89359283
2923,0.89368820,0.99296181,9371,0.54483414,0.99618559,5713,0.34885406,-0.00322378,0.71926117,0.89368820
2924,0.89149475,0.99328746,9348,0.52347183,0.99673196,5489,0.36802292,-0.00344450,0.70748329,0.89149475
2925,0.88777542,0.99318305,9309,0.53243637,0.99657351,5583,0.35533905,-0.00339046,0.71010590,0.88777542
2926,0.94470978,0.99302432,9906,0.57373047,0.99642892,6016,0.37097931,-0.00340460,0.75922012,0.94470978
2927,0.42572021,0.99258000,4464,0.09202957,0.99942272,965,0.33369064,-0.00684272,0.25887489,0.42572021
2928,0.42123795,0.99261606,4417,0.07915497,0.99951506,830,0.34208298,-0.00689900,0.25019646,0.42123795
2929,0.42095184,0.99258668,4414,0.08316040,0.99949061,872,0.33779144,-0.00690393,0.25205612,0.42095184
2930,0.42095184,0.99258668,4414,0.07162094,0.99954648,751,0.34933090,-0.00695980,0.24628639,0.42095184
2931,0.42839050,0.99254194,4492,0.07247925,0.99956072,760,0.35591125,-0.00701878,0.25043488,0.42839050
2932,0.42924881,0.99250323,4501,0.06389618,0.99961730,670,0.36535263,-0.00711407,0.24657249,0.42924881
2933,0.45995712,0.99215118,4823,0.09145737,0.99941029,959,0.36849976,-0.00725911,0.27570724,0.45995712
2934,0.56009293,0.99146015,5873,0.21448135,0.99831659,2249,0.34561157,-0.00685643,0.38728714,0.56009293
2935,0.21591187,0.99670617,2264,0.11014938,0.99934140,1155,0.10576248,-0.00263523,0.16303062,0.21591187
2936,0.21371841,0.99671344,2241,0.09984970,0.99936811,1047,0.11386871,-0.00265467,0.15678406,0.21371841
2937,0.22287369,0.99661052,2337,0.10871887,0.99929736,1140,0.11415482,-0.00268684,0.16579628,0.22287369
2938,0.25234222,0.99651283,2646,0.13237000,0.99925479,1388,0.11997223,-0.00274196,0.19235611,0.25234222
2939,0.21486282,0.99661803,2253,0.10166168,0.99931405,1066,0.11320114,-0.00269602,0.15826225,0.21486282
2940,0.22029877,0.99660078,2310,0.09269714,0.99935487,972,0.12760162,-0.00275410,0.15649796,0.22029877
2941,0.23994446,0.99641512,2516,0.12140274,0.99912051,1273,0.11854172,-0.00270538,0.18067360,0.23994446
2942,0.23403168,0.99647582,2454,0.11091232,0.99919636,1163,0.12311935,-0.00272053,0.17247200,0.23403168
2943,0.09317398,0.99902541,977,0.09498596,0.99920745,996,-0.00181198,-0.00018204,0.09407997,0.09498596
2944,0.08993149,0.99890026,943,0.07686615,0.99932096,806,0.01306534,-0.00042070,0.08339882,0.08993149
2945,0.09746552,0.99886597,1022,0.08811951,0.99927587,924,0.00934601,-0.00040990,0.09279251,0.09746552
2946,0.08935928,0.99907213,937,0.07333755,0.99944710,769,0.01602173,-0.00037497,0.08134842,0.08935928
2947,0.08745193,0.99900721,917,0.08220673,0.99943942,862,0.00524521,-0.00043221,0.08482933,0.08745193
2948,0.09574890,0.99893663,1004,0.06961823,0.99943274,730,0.02613068,-0.00049611,0.08268356,0.09574890
2949,0.11644363,0.99864567,1221,0.10223389,0.99913940,1072,0.01420975,-0.00049373,0.10933876,0.11644363
2950,0.10204315,0.99876752,1070,0.08745193,0.99923245,917,0.01459122,-0.00046493,0.09474754,0.10204315
2951,0.34217834,0.99763742,3588,0.30641556,0.99796113,3213,0.03576279,-0.00032370,0.32429695,0.34217834
2952,0.32844543,0.99767458,3444,0.29306412,0.99801541,3073,0.03538132,-0.00034083,0.31075478,0.32844543
2953,0.31805038,0.99773278,3335,0.29153824,0.99806640,3057,0.02651215,-0.00033362,0.30479431,0.31805038
2954,0.31747818,0.99770339,3329,0.28533936,0.99809331,2992,0.03213882,-0.00038992,0.30140877,0.31747818
2955,0.30851364,0.99783722,3235,0.28028488,0.99811690,2939,0.02822876,-0.00027968,0.29439926,0.30851364
2956,0.29115677,0.99791888,3053,0.27370453,0.99820400,2870,0.01745224,-0.00028512,0.28243065,0.29115677
2957,0.29640198,0.99781427,3108,0.27971268,0.99807589,2933,0.01668930,-0.00026163,0.28805733,0.29640198
2958,0.28352737,0.99791701,2973,0.27112961,0.99818235,2843,0.01239777,-0.00026534,0.27732849,0.28352737
2959,0.62093735,0.99579443,6511,0.60453415,0.99693691,6339,0.01640320,-0.00114249,0.61273575,0.62093735
2960,0.59299469,0.99592456,6218,0.56123734,0.99717592,5885,0.03175735,-0.00125136,0.57711601,0.59299469
2961,0.59003830,0.99609374,6187,0.56514740,0.99726457,5926,0.02489090,-0.00117083,0.57759285,0.59003830
2962,0.57306290,0.99607147,6009,0.52947998,0.99745101,5552,0.04358292,-0.00137954,0.55127144,0.57306290
2963,0.55742264,0.99632104,5845,0.51746368,0.99755434,5426,0.03995895,-0.00123330,0.53744316,0.55742264
2964,0.53758621,0.99646790,5637,0.49409866,0.99764493,5181,0.04348755,-0.00117703,0.51584244,0.53758621
2965,0.53939819,0.99615886,5656,0.49619675,0.99737896,5203,0.04320145,-0.00122010,0.51779747,0.53939819
2966,0.50888062,0.99657066,5336,0.45604706,0.99782268,4782,0.05283356,-0.00125201,0.48246384,0.50888062
2967,0.04863739,0.99949637,510,0.05102158,0.99958148,535,-0.00238419,-0.00008511,0.04982948,0.05102158
2968,0.04234314,0.99958272,444,0.03337860,0.99977865,350,0.00896454,-0.00019594,0.03786087,0.04234314
2969,0.04367828,0.99956784,458,0.04253387,0.99957151,446,0.00114441,-0.00000367,0.04310608,0.04367828
2970,0.04701614,0.99956536,493,0.04186630,0.99973538,439,0.00514984,-0.00017001,0.04444122,0.04701614
2971,0.04444122,0.99958149,466,0.03166199,0.99970211,332,0.01277924,-0.00012063,0.03805161,0.04444122
2972,0.07934570,0.99945179,832,0.07543564,0.99946159,791,0.00391006,-0.00000979,0.07739067,0.07934570
2973,0.04720688,0.99955420,495,0.02975464,0.99978647,312,0.01745224,-0.00023227,0.03848076,0.04720688
2974,0.02603531,0.99933958,273,0.05970001,0.99921826,626,-0.03366470,0.00012132,0.04286766,0.05970001
2975,0.03194809,0.99917629,335,0.05693436,0.99908666,597,-0.02498627,0.00008963,0.04444122,0.05693436
2976,0.02059937,0.99951069,216,0.05645752,0.99933001,592,-0.03585815,0.00018068,0.03852844,0.05645752
2977,0.02775192,0.99950048,291,0.05044937,0.99935512,529,-0.02269745,0.00014536,0.03910065,0.05044937
2978,0.02775192,0.99926051,291,0.06198883,0.99914208,650,-0.03423691,0.00011843,0.04487038,0.06198883
2979,0.02298355,0.99936884,241,0.05006790,0.99928067,525,-0.02708435,0.00008817,0.03652573,0.05006790
2980,0.03700256,0.99921952,388,0.06465912,0.99904308,678,-0.02765656,0.00017644,0.05083084,0.06465912
2981,0.02565384,0.99924282,269,0.05550385,0.99914990,582,-0.02985001,0.00009292,0.04057884,0.05550385
2982,0.09346008,0.99911248,980,0.10461807,0.99871409,1097,-0.01115799,0.00039839,0.09903908,0.10461807
2983,0.10738373,0.99909078,1126,0.10881424,0.99865756,1141,-0.00143051,0.00043321,0.10809898,0.10881424
2984,0.08468628,0.99926729,888,0.11196136,0.99855159,1174,-0.02727509,0.00071570,0.09832382,0.11196136
2985,0.09546280,0.99904103,1001,0.09689331,0.99852482,1016,-0.00143051,0.00051621,0.09617805,0.09689331
2986,0.11491776,0.99843001,1205,0.12998581,0.99777700,1363,-0.01506805,0.00065300,0.12245178,0.12998581
2987,0.08573532,0.99918955,899,0.09574890,0.99864047,1004,-0.01001358,0.00054908,0.09074211,0.09574890
2988,0.09307861,0.99909129,976,0.09946823,0.99875081,1043,-0.00638962,0.00034048,0.09627342,0.09946823
2989,0.09822845,0.99913663,1030,0.09775162,0.99862372,1025,0.00047684,0.00051292,0.09799004,0.09822845
2990,0.07677078,0.99908688,805,0.10976791,0.99893032,1151,-0.03299713,0.00015656,0.09326935,0.10976791
2991,0.07781982,0.99893743,816,0.09660721,0.99890433,1013,-0.01878738,0.00003310,0.08721352,0.09660721
2992,0.07982254,0.99899465,837,0.10547638,0.99888454,1106,-0.02565384,0.00011011,0.09264946,0.10547638
2993,0.07762909,0.99903375,814,0.09508133,0.99894254,997,-0.01745224,0.00009121,0.08635521,0.09508133
2994,0.08373260,0.99895605,878,0.10366440,0.99885929,1087,-0.01993179,0.00009676,0.09369850,0.10366440
2995,0.08096695,0.99895866,849,0.09565353,0.99897716,1003,-0.01468658,-0.00001850,0.08831024,0.09565353
2996,0.07867813,0.99906960,825,0.09117126,0.99906654,956,-0.01249313,0.00000306,0.08492470,0.09117126
2997,0.07705688,0.99903279,808,0.07572174,0.99909990,794,0.00133514,-0.00006711,0.07638931,0.07705688
2998,0.16660690,0.99656554,1747,0.08497238,0.99939058,891,0.08163452,-0.00282504,0.12578964,0.16660690
2999,0.17185211,0.99630575,1802,0.07438660,0.99943405,780,0.09746552,-0.00312830,0.12311935,0.17185211
3000,0.16584396,0.99644561,1739,0.08497238,0.99937653,891,0.08087158,-0.00293092,0.12540817,0.16584396
3001,0.17127991,0.99644752,1796,0.08449554,0.99935079,886,0.08678436,-0.00290328,0.12788773,0.17127991
3002,0.17242432,0.99613298,1808,0.08630753,0.99924000,905,0.08611679,-0.00310702,0.12936592,0.17242432
3003,0.17356873,0.99636404,1820,0.08649826,0.99926636,907,0.08707047,-0.00290232,0.13003349,0.17356873
3004,0.16956329,0.99642682,1778,0.09098053,0.99930717,954,0.07858276,-0.00288035,0.13027191,0.16956329
3005,0.18510818,0.99598635,1941,0.08611679,0.99936309,903,0.09899139,-0.00337674,0.13561249,0.18510818
3006,0.29296875,0.99757875,3072,0.23431778,0.99888324,2457,0.05865097,-0.00130449,0.26364326,0.29296875
3007,0.31156540,0.99741932,3267,0.21724701,0.99910677,2278,0.09431839,-0.00168745,0.26440620,0.31156540
3008,0.29439926,0.99751397,3087,0.21171570,0.99908128,2220,0.08268356,-0.00156730,0.25305748,0.29439926
3009,0.28562546,0.99756041,2995,0.19350052,0.99923235,2029,0.09212494,-0.00167194,0.23956299,0.28562546
3010,0.28352737,0.99756107,2973,0.21057129,0.99898335,2208,0.07295609,-0.00142228,0.24704933,0.28352737
3011,0.26903152,0.99768190,2821,0.17585754,0.99926450,1844,0.09317398,-0.00158261,0.22244453,0.26903152
3012,0.26063919,0.99766905,2733,0.18053055,0.99927068,1893,0.08010864,-0.00160163,0.22058487,0.26063919
3013,0.26416779,0.99773296,2770,0.16279221,0.99934688,1707,0.10137558,-0.00161392,0.21348000,0.26416779
3014,0.19531250,0.99854218,2048,0.18281937,0.99860145,1917,0.01249313,-0.00005927,0.18906593,0.19531250
3015,0.19645691,0.99852500,2060,0.16269684,0.99876616,1706,0.03376007,-0.00024115,0.17957687,0.19645691
3016,0.20208359,0.99847387,2119,0.17824173,0.99861648,1869,0.02384186,-0.00014261,0.19016266,0.20208359
3017,0.19512177,0.99861836,2046,0.16489029,0.99871449,1729,0.03023148,-0.00009613,0.18000603,0.19512177
3018,0.19168854,0.99867565,2010,0.16899109,0.99867064,1772,0.02269745,0.00000502,0.18033981,0.19168854
3019,0.20580292,0.99850080,2158,0.15716553,0.99873171,1648,0.04863739,-0.00023091,0.18148422,0.20580292
3020,0.19569397,0.99863626,2052,0.15850067,0.99879417,1662,0.03719330,-0.00015791,0.17709732,0.19569397
3021,0.20742416,0.99854538,2175,0.15316010,0.99877827,1606,0.05426407,-0.00023288,0.18029213,0.20742416
3022,0.11148453,0.99901202,1169,0.10366440,0.99837053,1087,0.00782013,0.00064150,0.10757446,0.11148453
3023,0.10957718,0.99902542,1149,0.09946823,0.99839458,1043,0.01010895,0.00063084,0.10452271,0.10957718
3024,0.12035370,0.99881785,1262,0.10566711,0.99851966,1108,0.01468658,0.00029819,0.11301041,0.12035370
3025,0.11091232,0.99901335,1163,0.09279251,0.99859429,973,0.01811981,0.00041906,0.10185242,0.11091232
3026,0.11062622,0.99910146,1160,0.10013580,0.99846784,1050,0.01049042,0.00063363,0.10538101,0.11062622
3027,0.11997223,0.99886183,1258,0.09956360,0.99858186,1044,0.02040863,0.00027997,0.10976791,0.11997223
3028,0.10881424,0.99909309,1141,0.09651184,0.99855757,1012,0.01230240,0.00053551,0.10266304,0.10881424
3029,0.11644363,0.99905314,1221,0.09984970,0.99850368,1047,0.01659393,0.00054945,0.10814667,0.11644363
3030,0.23059845,0.99695372,2418,0.10995865,0.99832807,1153,0.12063980,-0.00137435,0.17027855,0.23059845
3031,0.21934509,0.99669860,2300,0.09393692,0.99826038,985,0.12540817,-0.00156178,0.15664101,0.21934509
3032,0.22697449,0.99687019,2380,0.10633469,0.99824351,1115,0.12063980,-0.00137332,0.16665459,0.22697449
3033,0.23241043,0.99679161,2437,0.08649826,0.99847786,907,0.14591217,-0.00168626,0.15945435,0.23241043
3034,0.25024414,0.99645213,2624,0.11501312,0.99817990,1206,0.13523102,-0.00172778,0.18262863,0.25024414
3035,0.24108887,0.99667683,2528,0.08802414,0.99853738,923,0.15306473,-0.00186055,0.16455650,0.24108887
3036,0.22869110,0.99670768,2398,0.09870529,0.99839907,1035,0.12998581,-0.00169138,0.16369820,0.22869110
3037,0.24919510,0.99630717,2613,0.09565353,0.99827972,1003,0.15354156,-0.00197255,0.17242432,0.24919510
3038,0.32453537,0.99491372,3403,0.16412735,0.99770037,1721,0.16040802,-0.00278665,0.24433136,0.32453537
3039,0.32033920,0.99477206,3359,0.14724731,0.99760659,1544,0.17309189,-0.00283453,0.23379326,0.32033920
3040,0.30879974,0.99510930,3238,0.13856888,0.99814596,1453,0.17023087,-0.00303665,0.22368431,0.30879974
3041,0.30879974,0.99525587,3238,0.13208389,0.99832385,1385,0.17671585,-0.00306798,0.22044182,0.30879974
3042,0.32701492,0.99507420,3429,0.15258789,0.99816226,1600,0.17442703,-0.00308805,0.23980141,0.32701492
3043,0.33483505,0.99474402,3511,0.14533997,0.99846142,1524,0.18949509,-0.00371740,0.24008751,0.33483505
3044,0.31576157,0.99521356,3311,0.12998581,0.99873138,1363,0.18577576,-0.00351782,0.22287369,0.31576157
3045,0.34694672,0.99456927,3638,0.16345978,0.99825471,1714,0.18348694,-0.00368544,0.25520325,0.34694672
3046,0.25987625,0.99645851,2725,0.11901855,0.99928339,1248,0.14085770,-0.00282489,0.18944740,0.25987625
3047,0.27828217,0.99634046,2918,0.11825562,0.99934649,1240,0.16002655,-0.00300603,0.19826889,0.27828217
3048,0.30879974,0.99597297,3238,0.16126633,0.99927924,1691,0.14753342,-0.00330626,0.23503304,0.30879974
3049,0.26407242,0.99630414,2769,0.10795593,0.99944862,1132,0.15611649,-0.00314447,0.18601418,0.26407242
3050,0.26969910,0.99631461,2828,0.12931824,0.99925931,1356,0.14038086,-0.00294470,0.19950867,0.26969910
3051,0.26578903,0.99640281,2787,0.11425018,0.99939066,1198,0.15153885,-0.00298786,0.19001961,0.26578903
3052,0.26273727,0.99673307,2755,0.12941360,0.99929871,1357,0.13332367,-0.00256563,0.19607544,0.26273727
3053,0.27656555,0.99625143,2900,0.12006760,0.99935713,1259,0.15649796,-0.00310570,0.19831657,0.27656555
3054,0.13303757,0.99870423,1395,0.05359650,0.99937613,562,0.07944107,-0.00067190,0.09331703,0.13303757
3055,0.12035370,0.99879555,1262,0.03881454,0.99956570,407,0.08153915,-0.00077015,0.07958412,0.12035370
3056,0.13399124,0.99876640,1405,0.05283356,0.99944278,554,0.08115768,-0.00067637,0.09341240,0.13399124
3057,0.12054443,0.99889810,1264,0.04234314,0.99950195,444,0.07820129,-0.00060385,0.08144379,0.12054443
3058,0.12865067,0.99892442,1349,0.05292892,0.99949419,555,0.07572174,-0.00056977,0.09078979,0.12865067
3059,0.12321472,0.99885943,1292,0.04730225,0.99950398,496,0.07591248,-0.00064455,0.08525848,0.12321472
3060,0.12073517,0.99895659,1266,0.04930496,0.99953956,517,0.07143021,-0.00058298,0.08502007,0.12073517
3061,0.12111664,0.99889267,1270,0.04825592,0.99946448,506,0.07286072,-0.00057181,0.08468628,0.12111664
3062,0.14390945,0.99806495,1509,0.06294250,0.99864861,660,0.08096695,-0.00058366,0.10342598,0.14390945
3063,0.14905930,0.99811853,1563,0.07591248,0.99865582,796,0.07314682,-0.00053729,0.11248589,0.14905930
3064,0.15525818,0.99804784,1628,0.06542206,0.99866641,686,0.08983612,-0.00061856,0.11034012,0.15525818
3065,0.14553070,0.99807112,1526,0.06809235,0.99866576,714,0.07743835,-0.00059464,0.10681152,0.14553070
3066,0.17499924,0.99788686,1835,0.09298325,0.99851536,975,0.08201599,-0.00062850,0.13399124,0.17499924
3067,0.15478134,0.99789212,1623,0.06952286,0.99859896,729,0.08525848,-0.00070684,0.11215210,0.15478134
3068,0.15554428,0.99795698,1631,0.06809235,0.99847629,714,0.08745193,-0.00051930,0.11181831,0.15554428
3069,0.15411377,0.99798012,1616,0.07228851,0.99862920,758,0.08182526,-0.00064909,0.11320114,0.15411377
3070,0.11568069,0.99731515,1213,0.12092590,0.99793032,1268,-0.00524521,-0.00061517,0.11830330,0.12092590
3071,0.11672974,0.99760849,1224,0.12092590,0.99808336,1268,-0.00419617,-0.00047487,0.11882782,0.12092590
3072,0.11854172,0.99734648,1243,0.11415482,0.99800496,1197,0.00438690,-0.00065847,0.11634827,0.11854172
3073,0.11425018,0.99741741,1198,0.12435913,0.99799173,1304,-0.01010895,-0.00057432,0.11930466,0.12435913
3074,0.14562607,0.99718332,1527,0.14209747,0.99791449,1490,0.00352859,-0.00073117,0.14386177,0.14562607
3075,0.11596680,0.99727673,1216,0.12369156,0.99804133,1297,-0.00772476,-0.00076460,0.11982918,0.12369156
3076,0.11234283,0.99742389,1178,0.11234283,0.99790391,1178,0.00000000,-0.00048002,0.11234283,0.11234283
3077,0.11243820,0.99729582,1179,0.11997223,0.99796411,1258,-0.00753403,-0.00066829,0.11620522,0.11997223
3078,0.38795471,0.99425667,4068,0.38862228,0.99601780,4075,-0.00066757,-0.00176113,0.38828850,0.38862228
3079,0.36735535,0.99410614,3852,0.36630630,0.99600746,3841,0.00104904,-0.00190132,0.36683083,0.36735535
3080,0.40359497,0.99387349,4232,0.39081573,0.99594141,4098,0.01277924,-0.00206791,0.39720535,0.40359497
3081,0.38385391,0.99413123,4025,0.37631989,0.99602009,3946,0.00753403,-0.00188885,0.38008690,0.38385391
3082,0.37384033,0.99398461,3920,0.36230087,0.99605381,3799,0.01153946,-0.00206920,0.36807060,0.37384033
3083,0.37765503,0.99403872,3960,0.36497116,0.99611900,3827,0.01268387,-0.00208028,0.37131310,0.37765503
3084,0.38108826,0.99399826,3996,0.35734177,0.99612993,3747,0.02374649,-0.00213167,0.36921501,0.38108826
3085,0.42400360,0.99349270,4446,0.41646957,0.99568084,4367,0.00753403,-0.00218814,0.42023659,0.42400360
3086,0.28553009,0.99621673,2994,0.41551590,0.99694916,4357,-0.12998581,-0.00073242,0.35052299,0.41551590
3087,0.26102066,0.99645821,2737,0.40349960,0.99703947,4231,-0.14247894,-0.00058126,0.33226013,0.40349960
3088,0.28629303,0.99630007,3002,0.42982101,0.99691272,4507,-0.14352798,-0.00061265,0.35805702,0.42982101
3089,0.25596619,0.99641979,2684,0.40178299,0.99702173,4213,-0.14581680,-0.00060195,0.32887459,0.40178299
3090,0.26264191,0.99618692,2754,0.38881302,0.99712665,4077,-0.12617111,-0.00093973,0.32572746,0.38881302
3091,0.26245117,0.99648905,2752,0.38557053,0.99713007,4043,-0.12311935,-0.00064102,0.32401085,0.38557053
3092,0.29611588,0.99612379,3105,0.42686462,0.99695685,4476,-0.13074875,-0.00083306,0.36149025,0.42686462
3093,0.27904510,0.99701387,2926,0.10700226,0.99774840,1122,0.17204285,-0.00073452,0.19302368,0.27904510
3094,0.27151108,0.99710563,2847,0.10185242,0.99784183,1068,0.16965866,-0.00073620,0.18668175,0.27151108
3095,0.27780533,0.99687370,2913,0.11701584,0.99763797,1227,0.16078949,-0.00076428,0.19741058,0.27780533
3096,0.27608871,0.99690821,2895,0.10662079,0.99773087,1118,0.16946793,-0.00082266,0.19135475,0.27608871
3097,0.27151108,0.99685828,2847,0.11367798,0.99757305,1192,0.15783310,-0.00071477,0.19259453,0.27151108
3098,0.27847290,0.99684336,2920,0.10938644,0.99774669,1147,0.16908646,-0.00090333,0.19392967,0.27847290
3099,0.27713776,0.99666465,2906,0.11215210,0.99755588,1176,0.16498566,-0.00089122,0.19464493,0.27713776
3100,0.29077530,0.99657595,3049,0.11358261,0.99771847,1191,0.17719269,-0.00114253,0.20217896,0.29077530
3101,0.12474060,0.99798024,1308,0.19683838,0.99747474,2064,-0.07209778,0.00050549,0.16078949,0.19683838
3102,0.13084412,0.99788658,1372,0.18911362,0.99755057,1983,-0.05826950,0.00033602,0.15997887,0.18911362
3103,0.12807846,0.99793593,1343,0.18787384,0.99766277,1970,-0.05979538,0.00027315,0.15797615,0.18787384
3104,0.13494492,0.99778516,1415,0.18930435,0.99762669,1985,-0.05435944,0.00015848,0.16212463,0.18930435
3105,0.13246536,0.99785053,1389,0.19598007,0.99759983,2055,-0.06351471,0.00025070,0.16422272,0.19598007
3106,0.13589859,0.99781146,1425,0.18873215,0.99766537,1979,-0.05283356,0.00014609,0.16231537,0.18873215
3107,0.14066696,0.99789355,1475,0.19550323,0.99764227,2050,-0.05483627,0.00025129,0.16808510,0.19550323
3108,0.13961792,0.99782299,1464,0.19664764,0.99765527,2062,-0.05702972,0.00016772,0.16813278,0.19664764
3109,0.17948151,0.99744860,1882,0.24099350,0.99631070,2527,-0.06151199,0.00113791,0.21023750,0.24099350
3110,0.19693375,0.99710046,2065,0.25844574,0.99596574,2710,-0.06151199,0.00113472,0.22768974,0.25844574
3111,0.18558502,0.99729759,1946,0.24223328,0.99619745,2540,-0.05664825,0.00110014,0.21390915,0.24223328
3112,0.18949509,0.99711329,1987,0.24147034,0.99614481,2532,-0.05197525,0.00096848,0.21548271,0.24147034
3113,0.19207001,0.99710338,2014,0.24442673,0.99599738,2563,-0.05235672,0.00110600,0.21824837,0.24442673
3114,0.19731522,0.99700654,2069,0.24538040,0.99604135,2573,-0.04806519,0.00096520,0.22134781,0.24538040
3115,0.19388199,0.99706849,2033,0.25091171,0.99591132,2631,-0.05702972,0.00115716,0.22239685,0.25091171
3116,0.20170212,0.99685813,2115,0.25072098,0.99580744,2629,-0.04901886,0.00105069,0.22621155,0.25072098
3117,0.32167435,0.99443659,3373,0.31032562,0.99615876,3254,0.01134872,-0.00172217,0.31599998,0.32167435
3118,0.34675598,0.99415413,3636,0.32711029,0.99586596,3430,0.01964569,-0.00171183,0.33693314,0.34675598
3119,0.30870438,0.99421426,3237,0.30345917,0.99583571,3182,0.00524521,-0.00162145,0.30608177,0.30870438
3120,0.33369064,0.99430003,3499,0.31938553,0.99598756,3349,0.01430511,-0.00168753,0.32653809,0.33369064
3121,0.32663345,0.99370091,3425,0.31976700,0.99541470,3353,0.00686646,-0.00171379,0.32320023,0.32663345
3122,0.33864975,0.99401087,3551,0.32281876,0.99579716,3385,0.01583099,-0.00178629,0.33073425,0.33864975
3123,0.31585693,0.99405485,3312,0.30364990,0.99576571,3184,0.01220703,-0.00171086,0.30975342,0.31585693
3124,0.34952164,0.99387825,3665,0.32958984,0.99563250,3456,0.01993179,-0.00175424,0.33955574,0.34952164
3125,0.30565262,0.99612840,3205,0.55074692,0.99426219,5775,-0.24509430,0.00186621,0.42819977,0.55074692
3126,0.29935837,0.99632156,3139,0.55208206,0.99450646,5789,-0.25272369,0.00181511,0.42572021,0.55208206
3127,0.29830933,0.99629465,3128,0.54922104,0.99448862,5759,-0.25091171,0.00180603,0.42376518,0.54922104
3128,0.29964447,0.99632480,3142,0.56085587,0.99433306,5881,-0.26121140,0.00199174,0.43025017,0.56085587
3129,0.30651093,0.99630818,3214,0.55322647,0.99451806,5801,-0.24671555,0.00179012,0.42986870,0.55322647
3130,0.30765533,0.99604133,3226,0.54969788,0.99435058,5764,-0.24204254,0.00169075,0.42867661,0.54969788
3131,0.30517578,0.99600434,3200,0.54435730,0.99424755,5708,-0.23918152,0.00175679,0.42476654,0.54435730
3132,0.31833649,0.99598391,3338,0.57067871,0.99392484,5984,-0.25234222,0.00205908,0.44450760,0.57067871
3133,0.19750595,0.99867810,2071,0.13999939,0.99914096,1468,0.05750656,-0.00046286,0.16875267,0.19750595
3134,0.19655228,0.99872157,2061,0.14457703,0.99905754,1516,0.05197525,-0.00033597,0.17056465,0.19655228
3135,0.19750595,0.99867831,2071,0.14162064,0.99911116,1485,0.05588531,-0.00043285,0.16956329,0.19750595
3136,0.19655228,0.99871704,2061,0.14390945,0.99908245,1509,0.05264282,-0.00036541,0.17023087,0.19655228
3137,0.20589828,0.99861460,2159,0.14648438,0.99908943,1536,0.05941391,-0.00047483,0.17619133,0.20589828
3138,0.19807816,0.99873123,2077,0.14448166,0.99911524,1515,0.05359650,-0.00038402,0.17127991,0.19807816
3139,0.19969940,0.99864656,2094,0.14963150,0.99898986,1569,0.05006790,-0.00034330,0.17466545,0.19969940
3140,0.20189285,0.99861793,2117,0.14209747,0.99907764,1490,0.05979538,-0.00045971,0.17199516,0.20189285
3141,0.13313293,0.99938729,1396,0.11129379,0.99961413,1167,0.02183914,-0.00022685,0.12221336,0.13313293
3142,0.13675690,0.99935835,1434,0.11215210,0.99957276,1176,0.02460480,-0.00021441,0.12445450,0.13675690
3143,0.13456345,0.99935450,1411,0.10957718,0.99957852,1149,0.02498627,-0.00022402,0.12207031,0.13456345
3144,0.13952255,0.99935700,1463,0.11196136,0.99959230,1174,0.02756119,-0.00023530,0.12574196,0.13952255
3145,0.13284683,0.99940542,1393,0.11558533,0.99952860,1212,0.01726151,-0.00012318,0.12421608,0.13284683
3146,0.14905930,0.99888174,1563,0.12350082,0.99910045,1295,0.02555847,-0.00021871,0.13628006,0.14905930
3147,0.14696121,0.99923956,1541,0.12569427,0.99947826,1318,0.02126694,-0.00023870,0.13632774,0.14696121
3148,0.13780594,0.99936526,1445,0.11415482,0.99952318,1197,0.02365112,-0.00015792,0.12598038,0.13780594
3149,0.14190674,0.99700710,1488,0.08335114,0.99796870,874,0.05855560,-0.00096160,0.11262894,0.14190674
3150,0.14190674,0.99702396,1488,0.08459091,0.99787177,887,0.05731583,-0.00084781,0.11324883,0.14190674
3151,0.14686584,0.99689652,1540,0.09164810,0.99778723,961,0.05521774,-0.00089071,0.11925697,0.14686584
3152,0.14619827,0.99690872,1533,0.09250641,0.99779045,970,0.05369186,-0.00088172,0.11935234,0.14619827
3153,0.14743805,0.99683483,1546,0.08831024,0.99785902,926,0.05912781,-0.00102419,0.11787415,0.14743805
3154,0.15411377,0.99680732,1616,0.10261536,0.99767604,1076,0.05149841,-0.00086872,0.12836456,0.15411377
3155,0.14448166,0.99700249,1515,0.09012222,0.99783305,945,0.05435944,-0.00083056,0.11730194,0.14448166
3156,0.07314682,0.99891481,767,0.06742477,0.99898796,707,0.00572205,-0.00007315,0.07028580,0.07314682
3157,0.09002686,0.99818223,944,0.09031296,0.99832109,947,-0.00028610,-0.00013886,0.09016991,0.09031296
3158,0.07810593,0.99880933,819,0.07400513,0.99894016,776,0.00410080,-0.00013083,0.07605553,0.07810593
3159,0.07600784,0.99871696,797,0.07085800,0.99894421,743,0.00514984,-0.00022726,0.07343292,0.07600784
3160,0.07772446,0.99871459,815,0.07905960,0.99877612,829,-0.00133514,-0.00006153,0.07839203,0.07905960
3161,0.07333755,0.99884963,769,0.06456375,0.99898615,677,0.00877380,-0.00013651,0.06895065,0.07333755
3162,0.08115768,0.99857506,851,0.08277893,0.99868087,868,-0.00162125,-0.00010581,0.08196831,0.08277893
3163,0.07820129,0.99875407,820,0.07486343,0.99894469,785,0.00333786,-0.00019063,0.07653236,0.07820129
3164,0.17423630,0.99946643,1827,0.18358231,0.99905164,1925,-0.00934601,0.00041479,0.17890930,0.18358231
3165,0.21533966,0.99925895,2258,0.22611618,0.99880373,2371,-0.01077652,0.00045522,0.22072792,0.22611618
3166,0.14152527,0.99956037,1484,0.16336441,0.99873912,1713,-0.02183914,0.00082125,0.15244484,0.16336441
3167,0.19311905,0.99934048,2025,0.20904541,0.99894908,2192,-0.01592636,0.00039140,0.20108223,0.20904541
3168,0.18730164,0.99941399,1964,0.20446777,0.99857767,2144,-0.01716614,0.00083631,0.19588470,0.20446777
3169,0.14314651,0.99954149,1501,0.15382767,0.99921210,1613,-0.01068115,0.00032939,0.14848709,0.15382767
3170,0.17347336,0.99906848,1819,0.19378662,0.99868819,2032,-0.02031326,0.00038029,0.18362999,0.19378662
3171,0.18148422,0.99936977,1903,0.20990372,0.99843048,2201,-0.02841949,0.00093929,0.19569397,0.20990372
3172,0.37021637,0.99739650,3882,0.25024414,0.99836125,2624,0.11997223,-0.00096475,0.31023026,0.37021637
3173,0.37584305,0.99733193,3941,0.26102066,0.99830783,2737,0.11482239,-0.00097590,0.31843185,0.37584305
3174,0.36067963,0.99751216,3782,0.24957657,0.99817289,2617,0.11110306,-0.00066073,0.30512810,0.36067963
3175,0.34141541,0.99753823,3580,0.22935867,0.99845604,2405,0.11205673,-0.00091781,0.28538704,0.34141541
3176,0.36430359,0.99743180,3820,0.25568008,0.99820247,2681,0.10862350,-0.00077068,0.30999184,0.36430359
3177,0.34208298,0.99763028,3587,0.23012161,0.99823782,2413,0.11196136,-0.00060754,0.28610229,0.34208298
3178,0.37088394,0.99750892,3889,0.24948120,0.99834030,2616,0.12140274,-0.00083138,0.31018257,0.37088394
3179,0.36020279,0.99763598,3777,0.24614334,0.99834353,2581,0.11405945,-0.00070755,0.30317307,0.36020279
3180,0.09517670,0.99900993,998,0.07114410,0.99931968,746,0.02403259,-0.00030975,0.08316040,0.09517670
3181,0.10585785,0.99888574,1110,0.07400513,0.99922685,776,0.03185272,-0.00034111,0.08993149,0.10585785
3182,0.08955002,0.99896477,939,0.07429123,0.99921327,779,0.01525879,-0.00024850,0.08192062,0.08955002
3183,0.09603500,0.99904378,1007,0.07066727,0.99936963,741,0.02536774,-0.00032585,0.08335114,0.09603500
3184,0.10290146,0.99902862,1079,0.07810593,0.99933817,819,0.02479553,-0.00030954,0.09050369,0.10290146
3185,0.09622574,0.99892480,1009,0.07181168,0.99936434,753,0.02441406,-0.00043954,0.08401871,0.09622574
3186,0.10509491,0.99889472,1102,0.07381439,0.99937748,774,0.03128052,-0.00048276,0.08945465,0.10509491
3187,0.11148453,0.99882291,1169,0.08096695,0.99931441,849,0.03051758,-0.00049150,0.09622574,0.11148453
3188,0.36153793,0.99624578,3791,0.21724701,0.99828493,2278,0.14429092,-0.00203915,0.28939247,0.36153793
3189,0.39129257,0.99601622,4103,0.21934509,0.99823500,2300,0.17194748,-0.00221877,0.30531883,0.39129257
3190,0.40063858,0.99587812,4201,0.22563934,0.99822082,2366,0.17499924,-0.00234270,0.31313896,0.40063858
3191,0.36630630,0.99603290,3841,0.22478104,0.99820615,2357,0.14152527,-0.00217325,0.29554367,0.36630630
3192,0.39892197,0.99592967,4183,0.22592545,0.99817531,2369,0.17299652,-0.00224564,0.31242371,0.39892197
3193,0.41131973,0.99563481,4313,0.23260117,0.99812124,2439,0.17871857,-0.00248643,0.32196045,0.41131973
3194,0.32730103,0.99654054,3432,0.14352798,0.99893093,1505,0.18377304,-0.00239039,0.23541451,0.32730103
3195,0.38738251,0.99581583,4062,0.23145676,0.99808769,2427,0.15592575,-0.00227186,0.30941963,0.38738251
3196,0.31929016,0.99700010,3348,0.12207031,0.99914656,1280,0.19721985,-0.00214646,0.22068024,0.31929016
3197,0.32110214,0.99699354,3367,0.12712479,0.99912648,1333,0.19397736,-0.00213294,0.22411346,0.32110214
3198,0.34055710,0.99672263,3571,0.12807846,0.99905743,1343,0.21247864,-0.00233480,0.23431778,0.34055710
3199,0.35152435,0.99653033,3686,0.13456345,0.99890632,1411,0.21696091,-0.00237599,0.24304390,0.35152435
3200,0.33950806,0.99670531,3560,0.13074875,0.99901885,1371,0.20875931,-0.00231354,0.23512840,0.33950806
3201,0.34961700,0.99652426,3666,0.12750626,0.99901603,1337,0.22211075,-0.00249176,0.23856163,0.34961700
3202,0.35305023,0.99643074,3702,0.12979507,0.99894747,1361,0.22325516,-0.00251673,0.24142265,0.35305023
3203,0.36334991,0.99619453,3810,0.13389587,0.99889874,1404,0.22945404,-0.00270421,0.24862289,0.36334991
3204,0.09393692,0.99917040,985,0.09622574,0.99910093,1009,-0.00228882,0.00006946,0.09508133,0.09622574
3205,0.08964539,0.99922489,940,0.10814667,0.99902548,1134,-0.01850128,0.00019941,0.09889603,0.10814667
3206,0.10356903,0.99911174,1086,0.10585785,0.99906564,1110,-0.00228882,0.00004610,0.10471344,0.10585785
3207,0.09717941,0.99916522,1019,0.11739731,0.99894444,1231,-0.02021790,0.00022078,0.10728836,0.11739731
3208,0.10414124,0.99903045,1092,0.11491776,0.99893739,1205,-0.01077652,0.00009306,0.10952950,0.11491776
3209,0.10261536,0.99907145,1076,0.11329651,0.99894033,1188,-0.01068115,0.00013113,0.10795593,0.11329651
3210,0.10824203,0.99893473,1135,0.11835098,0.99889765,1241,-0.01010895,0.00003707,0.11329651,0.11835098
3211,0.18663406,0.99852539,1957,0.17709732,0.99871501,1857,0.00953674,-0.00018963,0.18186569,0.18663406
3212,0.17805099,0.99848181,1867,0.16021729,0.99871474,1680,0.01783371,-0.00023294,0.16913414,0.17805099
3213,0.18033981,0.99851745,1891,0.17080307,0.99862849,1791,0.00953674,-0.00011104,0.17557144,0.18033981
3214,0.18243790,0.99846222,1913,0.17843246,0.99871013,1871,0.00400543,-0.00024791,0.18043518,0.18243790
3215,0.19674301,0.99837544,2063,0.17337799,0.99878029,1818,0.02336502,-0.00040485,0.18506050,0.19674301
3216,0.19216537,0.99842246,2015,0.17747879,0.99874068,1861,0.01468658,-0.00031822,0.18482208,0.19216537
3217,0.18873215,0.99837903,1979,0.17919540,0.99859047,1879,0.00953674,-0.00021145,0.18396378,0.18873215
3218,0.19655228,0.99839138,2061,0.17566681,0.99865769,1842,0.02088547,-0.00026631,0.18610954,0.19655228
3219,0.27866364,0.99783838,2922,0.21190643,0.99858131,2222,0.06675720,-0.00074293,0.24528503,0.27866364
3220,0.28333664,0.99771915,2971,0.20456314,0.99861960,2145,0.07877350,-0.00090045,0.24394989,0.28333664
3221,0.28848648,0.99762543,3025,0.21257401,0.99864055,2229,0.07591248,-0.00101512,0.25053024,0.28848648
3222,0.28934479,0.99770064,3034,0.21657944,0.99863230,2271,0.07276535,-0.00093166,0.25296211,0.28934479
3223,0.29678345,0.99743391,3112,0.22182465,0.99853817,2326,0.07495880,-0.00110427,0.25930405,0.29678345
3224,0.30841827,0.99729508,3234,0.22201538,0.99850529,2328,0.08640289,-0.00121020,0.26521683,0.30841827
3225,0.29926300,0.99749953,3138,0.21963120,0.99851769,2303,0.07963181,-0.00101816,0.25944710,0.29926300
3226,0.29602051,0.99750074,3104,0.21505356,0.99863084,2255,0.08096695,-0.00113010,0.25553703,0.29602051
3227,0.37765503,0.99629018,3960,0.38070679,0.99511422,3992,-0.00305176,0.00117596,0.37918091,0.38070679
3228,0.37240982,0.99640792,3905,0.37508011,0.99490426,3933,-0.00267029,0.00150366,0.37374496,0.37508011
3229,0.34189224,0.99654895,3585,0.35724640,0.99477896,3746,-0.01535416,0.00176999,0.34956932,0.35724640
3230,0.33979416,0.99660726,3563,0.36745071,0.99432259,3853,-0.02765656,0.00228467,0.35362244,0.36745071
3231,0.32548904,0.99649653,3413,0.36411285,0.99391468,3818,-0.03862381,0.00258185,0.34480095,0.36411285
3232,0.32072067,0.99666268,3363,0.38700104,0.99332043,4058,-0.06628036,0.00334225,0.35386086,0.38700104
3233,0.32653809,0.99681960,3424,0.40092468,0.99285214,4204,-0.07438660,0.00396746,0.36373138,0.40092468
3234,0.30307770,0.99697393,3178,0.40435791,0.99233832,4240,-0.10128021,0.00463561,0.35371780,0.40435791
3235,0.23670197,0.99436768,2482,0.11396408,0.99636300,1195,0.12273788,-0.00199532,0.17533302,0.23670197
3236,0.24690628,0.99414907,2589,0.11100769,0.99615768,1164,0.13589859,-0.00200861,0.17895699,0.24690628
3237,0.23765564,0.99413095,2492,0.11444092,0.99626450,1200,0.12321472,-0.00213355,0.17604828,0.23765564
3238,0.24957657,0.99389452,2617,0.12073517,0.99608921,1266,0.12884140,-0.00219469,0.18515587,0.24957657
3239,0.25253296,0.99391903,2648,0.12111664,0.99605115,1270,0.13141632,-0.00213212,0.18682480,0.25253296
3240,0.26884079,0.99383845,2819,0.13284683,0.99605423,1393,0.13599396,-0.00221578,0.20084381,0.26884079
3241,0.26607513,0.99364245,2790,0.12645721,0.99587990,1326,0.13961792,-0.00223744,0.19626617,0.26607513
3242,0.26702881,0.99346947,2800,0.13742447,0.99567450,1441,0.12960434,-0.00220503,0.20222664,0.26702881
3243,0.20074844,0.99677725,2105,0.05807877,0.99876297,609,0.14266968,-0.00198572,0.12941360,0.20074844
3244,0.20055771,0.99682078,2103,0.05903244,0.99865688,619,0.14152527,-0.00183610,0.12979507,0.20055771
3245,0.20895004,0.99642359,2191,0.07104874,0.99827251,745,0.13790131,-0.00184892,0.13999939,0.20895004
3246,0.20980835,0.99657393,2200,0.06942749,0.99854545,728,0.14038086,-0.00197151,0.13961792,0.20980835
3247,0.20418167,0.99667926,2141,0.06389618,0.99863052,670,0.14028549,-0.00195126,0.13403893,0.20418167
3248,0.21038055,0.99666133,2206,0.06484985,0.99871341,680,0.14553070,-0.00205208,0.13761520,0.21038055
3249,0.22697449,0.99635087,2380,0.06971359,0.99852603,731,0.15726089,-0.00217516,0.14834404,0.22697449
3250,0.20828247,0.99652377,2184,0.06580353,0.99859112,690,0.14247894,-0.00206735,0.13704300,0.20828247
3251,0.23870468,0.99519669,2503,0.12845993,0.99848944,1347,0.11024475,-0.00329275,0.18358231,0.23870468
3252,0.25339127,0.99506084,2657,0.14743805,0.99808831,1546,0.10595322,-0.00302747,0.20041466,0.25339127
3253,0.23708344,0.99517416,2486,0.13647079,0.99817627,1431,0.10061264,-0.00300211,0.18677711,0.23708344
3254,0.32386780,0.99432092,3396,0.21104813,0.99735825,2213,0.11281967,-0.00303733,0.26745796,0.32386780
3255,0.25472641,0.99481452,2671,0.15029907,0.99769416,1576,0.10442734,-0.00287965,0.20251274,0.25472641
3256,0.24547577,0.99480986,2574,0.14457703,0.99768428,1516,0.10089874,-0.00287442,0.19502640,0.24547577
3257,0.26273727,0.99464903,2755,0.15544891,0.99741561,1630,0.10728836,-0.00276658,0.20909309,0.26273727
3258,0.28238297,0.99450666,2961,0.18424988,0.99700529,1932,0.09813309,-0.00249863,0.23331642,0.28238297
3259,0.12063980,0.99866026,1265,0.26702881,0.99784355,2800,-0.14638901,0.00081671,0.19383430,0.26702881
3260,0.12254715,0.99860322,1285,0.27198792,0.99777745,2852,-0.14944077,0.00082577,0.19726753,0.27198792
3261,0.12779236,0.99852047,1340,0.28047562,0.99774533,2941,-0.15268326,0.00077513,0.20413399,0.28047562
3262,0.12702942,0.99836691,1332,0.26655197,0.99778686,2795,-0.13952255,0.00058005,0.19679070,0.26655197
3263,0.12540817,0.99839498,1315,0.26416779,0.99785625,2770,-0.13875961,0.00053873,0.19478798,0.26416779
3264,0.14209747,0.99831955,1490,0.27828217,0.99775391,2918,-0.13618469,0.00056563,0.21018982,0.27828217
3265,0.12931824,0.99829647,1356,0.25577545,0.99786788,2682,-0.12645721,0.00042860,0.19254684,0.25577545
3266,0.12645721,0.99811394,1326,0.25777817,0.99762771,2703,-0.13132095,0.00048622,0.19211769,0.25777817
3267,0.12397766,0.99921862,1300,0.28076172,0.99807755,2944,-0.15678406,0.00114107,0.20236969,0.28076172
3268,0.12702942,0.99923532,1332,0.28505325,0.99814654,2989,-0.15802383,0.00108877,0.20604134,0.28505325
3269,0.12159348,0.99924974,1275,0.27608871,0.99819368,2895,-0.15449524,0.00105606,0.19884109,0.27608871
3270,0.12741089,0.99925277,1336,0.29802322,0.99792685,3125,-0.17061234,0.00132592,0.21271706,0.29802322
3271,0.13227463,0.99920900,1387,0.30384064,0.99798211,3186,-0.17156601,0.00122689,0.21805763,0.30384064
3272,0.12626648,0.99926140,1324,0.30202866,0.99799560,3167,-0.17576218,0.00126580,0.21414757,0.30202866
3273,0.12187958,0.99922615,1278,0.29745102,0.99797269,3119,-0.17557144,0.00125346,0.20966530,0.29745102
3274,0.24948120,0.99614148,2616,0.16679764,0.99884356,1749,0.08268356,-0.00270208,0.20813942,0.24948120
3275,0.25901794,0.99589126,2716,0.17814636,0.99874831,1868,0.08087158,-0.00285705,0.21858215,0.25901794
3276,0.24480820,0.99572913,2567,0.16803741,0.99868996,1762,0.07677078,-0.00296083,0.20642281,0.24480820
3277,0.25320053,0.99547007,2655,0.17013550,0.99856736,1784,0.08306503,-0.00309729,0.21166801,0.25320053
3278,0.26416779,0.99546140,2770,0.17042160,0.99876814,1787,0.09374619,-0.00330674,0.21729469,0.26416779
3279,0.26025772,0.99554269,2729,0.18396378,0.99864289,1929,0.07629395,-0.00310020,0.22211075,0.26025772
3280,0.23460388,0.99587381,2460,0.15850067,0.99896860,1662,0.07610321,-0.00309479,0.19655228,0.23460388
3281,0.25033951,0.99575244,2625,0.16937256,0.99876453,1776,0.08096695,-0.00301208,0.20985603,0.25033951
3282,0.24948120,0.99869805,2616,0.11615753,0.99917754,1218,0.13332367,-0.00047949,0.18281937,0.24948120
3283,0.20313263,0.99872407,2130,0.11453629,0.99920137,1201,0.08859634,-0.00047730,0.15883446,0.20313263
3284,0.24156570,0.99869690,2533,0.11768341,0.99918755,1234,0.12388229,-0.00049065,0.17962456,0.24156570
3285,0.21362305,0.99882363,2240,0.11501312,0.99917866,1206,0.09860992,-0.00035503,0.16431808,0.21362305
3286,0.23584366,0.99856111,2473,0.12636185,0.99909962,1325,0.10948181,-0.00053852,0.18110275,0.23584366
3287,0.24490356,0.99874572,2568,0.12187958,0.99910073,1278,0.12302399,-0.00035501,0.18339157,0.24490356
3288,0.22439957,0.99872171,2353,0.12626648,0.99908052,1324,0.09813309,-0.00035881,0.17533302,0.22439957
3289,0.25253296,0.99880431,2648,0.12369156,0.99907870,1297,0.12884140,-0.00027439,0.18811226,0.25253296
3290,0.15115738,0.99878454,1585,0.01649857,0.99968840,173,0.13465881,-0.00090386,0.08382797,0.15115738
3291,0.15468597,0.99880436,1622,0.01459122,0.99972396,153,0.14009476,-0.00091960,0.08463860,0.15468597
3292,0.14648438,0.99892059,1536,0.01316071,0.99971499,138,0.13332367,-0.00079440,0.07982254,0.14648438
3293,0.15897751,0.99886534,1667,0.01554489,0.99967646,163,0.14343262,-0.00081112,0.08726120,0.15897751
3294,0.15888214,0.99890608,1666,0.01678467,0.99970155,176,0.14209747,-0.00079546,0.08783340,0.15888214
3295,0.16126633,0.99875247,1691,0.01373291,0.99968937,144,0.14753342,-0.00093690,0.08749962,0.16126633
3296,0.16231537,0.99871157,1702,0.01325607,0.99972106,139,0.14905930,-0.00100949,0.08778572,0.16231537
3297,0.17290115,0.99874452,1813,0.02632141,0.99968890,276,0.14657974,-0.00094438,0.09961128,0.17290115
3298,0.13790131,0.99894664,1446,0.15144348,0.99893404,1588,-0.01354218,0.00001260,0.14467239,0.15144348
3299,0.10995865,0.99912455,1153,0.11568069,0.99914225,1213,-0.00572205,-0.00001770,0.11281967,0.11568069
3300,0.13542175,0.99907503,1420,0.14400482,0.99906650,1510,-0.00858307,0.00000853,0.13971329,0.14400482
3301,0.13771057,0.99904981,1444,0.13990402,0.99907365,1467,-0.00219345,-0.00002384,0.13880730,0.13990402
3302,0.12006760,0.99901210,1259,0.12054443,0.99908654,1264,-0.00047684,-0.00007445,0.12030602,0.12054443
3303,0.13656616,0.99905141,1432,0.14448166,0.99907367,1515,-0.00791550,-0.00002226,0.14052391,0.14448166
3304,0.14019012,0.99900812,1470,0.14200211,0.99903834,1489,-0.00181198,-0.00003022,0.14109612,0.14200211
3305,0.11110306,0.99901774,1165,0.12435913,0.99906065,1304,-0.01325607,-0.00004291,0.11773109,0.12435913
3306,0.43907166,0.99648630,4604,0.25415421,0.99861736,2665,0.18491745,-0.00213106,0.34661293,0.43907166
3307,0.48036575,0.99609918,5037,0.28209686,0.99815231,2958,0.19826889,-0.00205313,0.38123131,0.48036575
3308,0.46634674,0.99622194,4890,0.26330948,0.99834875,2761,0.20303726,-0.00212681,0.36482811,0.46634674
3309,0.53882599,0.99562188,5650,0.33483505,0.99805321,3511,0.20399094,-0.00243133,0.43683052,0.53882599
3310,0.54435730,0.99580918,5708,0.33645630,0.99820644,3528,0.20790100,-0.00239726,0.44040680,0.54435730
3311,0.51488876,0.99599403,5399,0.35486221,0.99785753,3721,0.16002655,-0.00186350,0.43487549,0.51488876
3312,0.52137375,0.99571878,5467,0.34208298,0.99801548,3587,0.17929077,-0.00229670,0.43172836,0.52137375
3313,0.49571991,0.99579675,5198,0.29745102,0.99816405,3119,0.19826889,-0.00236730,0.39658546,0.49571991
3314,0.24785995,0.99823019,2599,0.08630753,0.99939998,905,0.16155243,-0.00116979,0.16708374,0.24785995
3315,0.22907257,0.99832122,2402,0.07581711,0.99951552,795,0.15325546,-0.00119429,0.15244484,0.22907257
3316,0.23450851,0.99836453,2459,0.07410049,0.99954207,777,0.16040802,-0.00117754,0.15430450,0.23450851
3317,0.25615692,0.99809329,2686,0.08773804,0.99930639,920,0.16841888,-0.00121310,0.17194748,0.25615692
3318,0.24051666,0.99829075,2522,0.07839203,0.99947890,822,0.16212463,-0.00118814,0.15945435,0.24051666
3319,0.23307800,0.99835680,2444,0.07867813,0.99949778,825,0.15439987,-0.00114098,0.15587807,0.23307800
3320,0.24824142,0.99820485,2603,0.08640289,0.99941541,906,0.16183853,-0.00121056,0.16732216,0.24824142
3321,0.23679733,0.99830011,2483,0.07400513,0.99950836,776,0.16279221,-0.00120825,0.15540123,0.23679733
3322,0.13504028,0.99899559,1416,0.15182495,0.99893639,1592,-0.01678467,0.00005920,0.14343262,0.15182495
3323,0.13523102,0.99899826,1418,0.15840530,0.99884349,1661,-0.02317429,0.00015477,0.14681816,0.15840530
3324,0.07858276,0.99960090,824,0.09517670,0.99950095,998,-0.01659393,0.00009995,0.08687973,0.09517670
3325,0.13828278,0.99896398,1450,0.15621185,0.99891492,1638,-0.01792908,0.00004905,0.14724731,0.15621185
3326,0.14142990,0.99892678,1483,0.16460419,0.99875301,1726,-0.02317429,0.00017377,0.15301704,0.16460419
3327,0.04444122,0.99978099,466,0.06513596,0.99965186,683,-0.02069473,0.00012913,0.05478859,0.06513596
3328,0.04558563,0.99975030,478,0.06952286,0.99955933,729,-0.02393723,0.00019097,0.05755424,0.06952286
3329,0.10242462,0.99946100,1074,0.12340546,0.99935860,1294,-0.02098083,0.00010240,0.11291504,0.12340546
3330,0.11854172,0.99941800,1243,0.10251999,0.99941041,1075,0.01602173,0.00000760,0.11053085,0.11854172
3331,0.12235641,0.99943350,1283,0.10251999,0.99934310,1075,0.01983643,0.00009040,0.11243820,0.12235641
3332,0.12569427,0.99932037,1318,0.10480881,0.99937946,1099,0.02088547,-0.00005909,0.11525154,0.12569427
3333,0.11806488,0.99937264,1238,0.09880066,0.99945487,1036,0.01926422,-0.00008222,0.10843277,0.11806488
3334,0.12502670,0.99941197,1311,0.10519028,0.99938499,1103,0.01983643,0.00002698,0.11510849,0.12502670
3335,0.12197495,0.99943019,1279,0.10232925,0.99933311,1073,0.01964569,0.00009708,0.11215210,0.12197495
3336,0.12369156,0.99942842,1297,0.10175705,0.99934818,1067,0.02193451,0.00008024,0.11272430,0.12369156
3337,0.12712479,0.99931866,1333,0.10910034,0.99939068,1144,0.01802444,-0.00007202,0.11811256,0.12712479
3338,0.18310547,0.99965643,1920,0.25482178,0.99937858,2672,-0.07171631,0.00027785,0.21896362,0.25482178
3339,0.17652512,0.99967588,1851,0.24795532,0.99942727,2600,-0.07143021,0.00024861,0.21224022,0.24795532
3340,0.17881393,0.99972492,1875,0.25796890,0.99935467,2705,-0.07915497,0.00037025,0.21839142,0.25796890
3341,0.18358231,0.99967122,1925,0.25653839,0.99936385,2690,-0.07295609,0.00030737,0.22006035,0.25653839
3342,0.19016266,0.99968704,1994,0.26493073,0.99927749,2778,-0.07476807,0.00040955,0.22754669,0.26493073
3343,0.18568039,0.99971182,1947,0.26197433,0.99932516,2747,-0.07629395,0.00038666,0.22382736,0.26197433
3344,0.19121170,0.99967440,2005,0.26664734,0.99942346,2796,-0.07543564,0.00025094,0.22892952,0.26664734
3345,0.19321442,0.99968313,2026,0.27036667,0.99935255,2835,-0.07715225,0.00033058,0.23179054,0.27036667
3346,0.29077530,0.99927772,3049,0.28438568,0.99933794,2982,0.00638962,-0.00006022,0.28758049,0.29077530
3347,0.28610229,0.99929056,3000,0.27618408,0.99941057,2896,0.00991821,-0.00012000,0.28114319,0.28610229
3348,0.29029846,0.99938811,3044,0.28944016,0.99930206,3035,0.00085831,0.00008605,0.28986931,0.29029846
3349,0.29678345,0.99928148,3112,0.29058456,0.99932142,3047,0.00619888,-0.00003994,0.29368401,0.29678345
3350,0.29487610,0.99927816,3092,0.28915405,0.99928667,3032,0.00572205,-0.00000851,0.29201508,0.29487610
3351,0.31051636,0.99934225,3256,0.29459000,0.99927971,3089,0.01592636,0.00006255,0.30255318,0.31051636
3352,0.29792786,0.99938932,3124,0.29039383,0.99931122,3045,0.00753403,0.00007810,0.29416084,0.29792786
3353,0.30469894,0.99931874,3195,0.29106140,0.99931813,3052,0.01363754,0.00000062,0.29788017,0.30469894
3354,0.35381317,0.99872979,3710,0.27370453,0.99967883,2870,0.08010864,-0.00094904,0.31375885,0.35381317
3355,0.34914017,0.99882369,3661,0.26512146,0.99967796,2780,0.08401871,-0.00085427,0.30713081,0.34914017
3356,0.36020279,0.99874502,3777,0.27446747,0.99965308,2878,0.08573532,-0.00090806,0.31733513,0.36020279
3357,0.36144257,0.99867570,3790,0.28018951,0.99957032,2938,0.08125305,-0.00089462,0.32081604,0.36144257
3358,0.36144257,0.99860714,3790,0.27284622,0.99952896,2861,0.08859634,-0.00092182,0.31714439,0.36144257
3359,0.36439896,0.99857530,3821,0.28562546,0.99947511,2995,0.07877350,-0.00089981,0.32501221,0.36439896
3360,0.36983490,0.99849292,3878,0.28953552,0.99934957,3036,0.08029938,-0.00085665,0.32968521,0.36983490
3361,0.36401749,0.99844145,3817,0.28982162,0.99924367,3039,0.07419586,-0.00080222,0.32691956,0.36401749
3362,0.28295517,0.99924100,2967,0.26473999,0.99909340,2776,0.01821518,0.00014760,0.27384758,0.28295517
3363,0.28696060,0.99923200,3009,0.26273727,0.99909258,2755,0.02422333,0.00013941,0.27484894,0.28696060
3364,0.30546188,0.99916906,3203,0.26149750,0.99903559,2742,0.04396439,0.00013347,0.28347969,0.30546188
3365,0.30078888,0.99904871,3154,0.26378632,0.99880476,2766,0.03700256,0.00024395,0.28228760,0.30078888
3366,0.30078888,0.99900545,3154,0.25205612,0.99886060,2643,0.04873276,0.00014485,0.27642250,0.30078888
3367,0.30717850,0.99894833,3221,0.25606155,0.99882379,2685,0.05111694,0.00012454,0.28162003,0.30717850
3368,0.31738281,0.99895086,3328,0.26063919,0.99885195,2733,0.05674362,0.00009891,0.28901100,0.31738281
3369,0.31986237,0.99888656,3354,0.27513504,0.99878176,2885,0.04472733,0.00010480,0.29749870,0.31986237
3370,0.04119873,0.99988275,432,0.06961823,0.99951694,730,-0.02841949,0.00036581,0.05540848,0.06961823
3371,0.03948212,0.99983667,414,0.06895065,0.99952704,723,-0.02946854,0.00030963,0.05421638,0.06895065
3372,0.04301071,0.99982377,451,0.06999969,0.99946643,734,-0.02698898,0.00035735,0.05650520,0.06999969
3373,0.04062653,0.99986990,426,0.07076263,0.99941987,742,-0.03013611,0.00045003,0.05569458,0.07076263
3374,0.03967285,0.99985119,416,0.07457733,0.99942252,782,-0.03490448,0.00042867,0.05712509,0.07457733
3375,0.04186630,0.99983280,439,0.07228851,0.99937864,758,-0.03042221,0.00045416,0.05707741,0.07228851
3376,0.04310608,0.99982432,452,0.07534027,0.99931237,790,-0.03223419,0.00051195,0.05922318,0.07534027
3377,0.03795624,0.99983112,398,0.08163452,0.99923925,856,-0.04367828,0.00059187,0.05979538,0.08163452
3378,0.14562607,0.99944137,1527,0.22535324,0.99913001,2363,-0.07972717,0.00031136,0.18548965,0.22535324
3379,0.14781952,0.99943562,1550,0.22926331,0.99910475,2404,-0.08144379,0.00033088,0.18854141,0.22926331
3380,0.15373230,0.99939102,1612,0.23050308,0.99910627,2417,-0.07677078,0.00028476,0.19211769,0.23050308
3381,0.14448166,0.99942387,1515,0.23384094,0.99908862,2452,-0.08935928,0.00033525,0.18916130,0.23384094
3382,0.15316010,0.99941112,1606,0.23307800,0.99909226,2444,-0.07991791,0.00031887,0.19311905,0.23307800
3383,0.14638901,0.99941044,1535,0.23765564,0.99910443,2492,-0.09126663,0.00030600,0.19202232,0.23765564
3384,0.15172958,0.99942405,1591,0.24242401,0.99908829,2542,-0.09069443,0.00033575,0.19707680,0.24242401
3385,0.15354156,0.99939293,1610,0.24490356,0.99908846,2568,-0.09136200,0.00030447,0.19922256,0.24490356
3386,0.22182465,0.99847197,2326,0.51889420,0.99823407,5441,-0.29706955,0.00023790,0.37035942,0.51889420
3387,0.23689270,0.99833094,2484,0.54750443,0.99816410,5741,-0.31061172,0.00016684,0.39219856,0.54750443
3388,0.23250580,0.99829944,2438,0.54769516,0.99822889,5743,-0.31518936,0.00007055,0.39010048,0.54769516
3389,0.23078918,0.99846612,2420,0.54244995,0.99830993,5688,-0.31166077,0.00015619,0.38661957,0.54244995
3390,0.23384094,0.99827729,2452,0.56943893,0.99825230,5971,-0.33559799,0.00002499,0.40163994,0.56943893
3391,0.24299622,0.99825655,2548,0.56657791,0.99823173,5941,-0.32358170,0.00002482,0.40478706,0.56657791
3392,0.23746490,0.99824789,2490,0.57458878,0.99822849,6025,-0.33712387,0.00001940,0.40602684,0.57458878
3393,0.60157776,0.99135775,6308,1.51538849,0.99548858,15890,-0.91381073,-0.00413083,1.05848312,1.51538849
3394,0.64535141,0.99072597,6767,1.54056549,0.99530150,16154,-0.89521408,-0.00457553,1.09295845,1.54056549
3395,0.64573288,0.99076710,6771,1.56345367,0.99512323,16394,-0.91772079,-0.00435613,1.10459328,1.56345367
3396,0.60634613,0.99107849,6358,1.57461166,0.99528449,16511,-0.96826553,-0.00420600,1.09047890,1.57461166
3397,0.66556931,0.99044992,6979,1.58491135,0.99487047,16619,-0.91934204,-0.00442055,1.12524033,1.58491135
3398,0.63219070,0.99098745,6629,1.61151886,0.99486699,16898,-0.97932816,-0.00387954,1.12185478,1.61151886
3399,0.62084198,0.99084505,6510,1.60350800,0.99522025,16814,-0.98266602,-0.00437519,1.11217499,1.60350800
3400,0.66576004,0.99051242,6981,1.62868500,0.99504881,17078,-0.96292496,-0.00453639,1.14722252,1.62868500
3401,0.29163361,0.99576791,3058,1.58958435,0.98925094,16668,-1.29795074,0.00651698,0.94060898,1.58958435
3402,0.31270981,0.99567079,3279,1.58262253,0.98923054,16595,-1.26991272,0.00644025,0.94766617,1.58262253
3403,0.30603409,0.99552016,3209,1.58538818,0.98929126,16624,-1.27935410,0.00622890,0.94571114,1.58538818
3404,0.30937195,0.99564119,3244,1.63135529,0.98912756,17106,-1.32198334,0.00651363,0.97036362,1.63135529
3405,0.30555725,0.99558368,3204,1.58672333,0.98921114,16638,-1.28116608,0.00637254,0.94614029,1.58672333
3406,0.31461716,0.99547249,3299,1.62496567,0.98925257,17039,-1.31034851,0.00621993,0.96979141,1.62496567
3407,0.31766891,0.99541902,3331,1.61981583,0.98934800,16985,-1.30214691,0.00607102,0.96874237,1.61981583
3408,0.30250549,0.99547066,3172,1.62525177,0.98929769,17042,-1.32274628,0.00617297,0.96387863,1.62525177
3409,0.15449524,0.99820660,1620,0.02918243,0.99980644,306,0.12531281,-0.00159984,0.09183884,0.15449524
3410,0.15935898,0.99817810,1671,0.03051758,0.99981022,320,0.12884140,-0.00163212,0.09493828,0.15935898
3411,0.15945435,0.99808821,1672,0.02470016,0.99983033,259,0.13475418,-0.00174212,0.09207726,0.15945435
3412,0.15897751,0.99821213,1667,0.02479553,0.99988864,260,0.13418198,-0.00167651,0.09188652,0.15897751
3413,0.15983582,0.99821018,1676,0.02450943,0.99989543,257,0.13532639,-0.00168524,0.09217262,0.15983582
3414,0.16288757,0.99815469,1708,0.02183914,0.99990872,229,0.14104843,-0.00175403,0.09236336,0.16288757
3415,0.16756058,0.99809704,1757,0.02403259,0.99990960,252,0.14352798,-0.00181256,0.09579659,0.16756058
3416,0.17395020,0.99799250,1824,0.02059937,0.99993371,216,0.15335083,-0.00194122,0.09727478,0.17395020
3417,0.37364960,0.99745299,3918,0.12941360,0.99879871,1357,0.24423599,-0.00134573,0.25153160,0.37364960
3418,0.36935806,0.99738655,3873,0.12464523,0.99886910,1307,0.24471283,-0.00148255,0.24700165,0.36935806
3419,0.37040710,0.99731794,3884,0.12588501,0.99887404,1320,0.24452209,-0.00155609,0.24814606,0.37040710
3420,0.37136078,0.99732533,3894,0.12931824,0.99883799,1356,0.24204254,-0.00151266,0.25033951,0.37136078
3421,0.36163330,0.99735586,3792,0.13351440,0.99881256,1400,0.22811890,-0.00145669,0.24757385,0.36163330
3422,0.36087036,0.99724156,3784,0.13217926,0.99880723,1386,0.22869110,-0.00156567,0.24652481,0.36087036
3423,0.35943985,0.99721065,3769,0.13084412,0.99876957,1372,0.22859573,-0.00155893,0.24514198,0.35943985
3424,0.35467148,0.99722823,3719,0.13122559,0.99881861,1376,0.22344589,-0.00159038,0.24294853,0.35467148
3425,0.88872910,0.99173833,9319,0.51240921,0.99534002,5373,0.37631989,-0.00360169,0.70056915,0.88872910
3426,0.86870193,0.99201743,9109,0.51965714,0.99516418,5449,0.34904480,-0.00314675,0.69417953,0.86870193
3427,0.84981918,0.99201693,8911,0.51441193,0.99536331,5394,0.33540726,-0.00334637,0.68211555,0.84981918
3428,0.83646774,0.99189719,8771,0.51774979,0.99553051,5429,0.31871796,-0.00363332,0.67710876,0.83646774
3429,0.82616806,0.99167439,8663,0.53129196,0.99535449,5571,0.29487610,-0.00368010,0.67873001,0.82616806
3430,0.82807541,0.99142933,8683,0.54178238,0.99542239,5681,0.28629303,-0.00399306,0.68492889,0.82807541
3431,0.82483292,0.99121061,8649,0.54473877,0.99540183,5712,0.28009415,-0.00419121,0.68478584,0.82483292
3432,0.87270737,0.99083022,9151,0.57325363,0.99532249,6011,0.29945374,-0.00449226,0.72298050,0.87270737
3433,0.39176941,0.99589327,4108,0.86030960,0.98778620,9021,-0.46854019,0.00810708,0.62603951,0.86030960
3434,0.40607452,0.99567965,4258,0.85334778,0.98766279,8948,-0.44727325,0.00801686,0.62971115,0.85334778
3435,0.39310455,0.99577740,4122,0.80671310,0.98817738,8459,-0.41360855,0.00760002,0.59990883,0.80671310
3436,0.39463043,0.99565046,4138,0.73499680,0.98876130,7707,-0.34036636,0.00688916,0.56481361,0.73499680
3437,0.37765503,0.99630232,3960,0.61044693,0.99211981,6401,-0.23279190,0.00418251,0.49405098,0.61044693
3438,0.36182404,0.99686447,3794,0.56915283,0.99364532,5968,-0.20732880,0.00321915,0.46548843,0.56915283
3439,0.36134720,0.99682866,3789,0.56715012,0.99358274,5947,-0.20580292,0.00324592,0.46424866,0.56715012
3440,0.36382675,0.99684260,3815,0.56962967,0.99362027,5973,-0.20580292,0.00322232,0.46672821,0.56962967
3441,0.33674240,0.99711718,3531,0.30832291,0.99562675,3233,0.02841949,0.00149042,0.32253265,0.33674240
3442,0.34294128,0.99696383,3596,0.31213760,0.99552116,3273,0.03080368,0.00144268,0.32753944,0.34294128
3443,0.34761429,0.99687193,3645,0.31394958,0.99547357,3292,0.03366470,0.00139836,0.33078194,0.34761429
3444,0.34675598,0.99690397,3636,0.32081604,0.99528569,3364,0.02593994,0.00161828,0.33378601,0.34675598
3445,0.34990311,0.99682329,3669,0.32186508,0.99528563,3375,0.02803802,0.00153767,0.33588409,0.34990311
3446,0.35429001,0.99676232,3715,0.32377243,0.99523501,3395,0.03051758,0.00152732,0.33903122,0.35429001
3447,0.35591125,0.99669407,3732,0.31394958,0.99523969,3292,0.04196167,0.00145438,0.33493042,0.35591125
3448,0.35619736,0.99667478,3735,0.32377243,0.99515639,3395,0.03242493,0.00151839,0.33998489,0.35619736
3449,0.43210983,0.99641007,4531,0.38652420,0.99697072,4053,0.04558563,-0.00056065,0.40931702,0.43210983
3450,0.44412613,0.99623277,4657,0.40626526,0.99669882,4260,0.03786087,-0.00046605,0.42519569,0.44412613
3451,0.43964386,0.99630706,4610,0.39596558,0.99681366,4152,0.04367828,-0.00050660,0.41780472,0.43964386
3452,0.44317245,0.99626473,4647,0.39434433,0.99684951,4135,0.04882812,-0.00058478,0.41875839,0.44317245
3453,0.47798157,0.99620410,5012,0.43659210,0.99663988,4578,0.04138947,-0.00043578,0.45728683,0.47798157
3454,0.44889450,0.99621936,4707,0.40378571,0.99667158,4234,0.04510880,-0.00045222,0.42634010,0.44889450
3455,0.44212341,0.99644645,4636,0.40531158,0.99672265,4250,0.03681183,-0.00027620,0.42371750,0.44212341
3456,0.87747574,0.99424886,9201,0.55141449,0.99514692,5782,0.32606125,-0.00089806,0.71444511,0.87747574
3457,0.87509155,0.99416537,9176,0.55999756,0.99501615,5872,0.31509399,-0.00085078,0.71754456,0.87509155
3458,0.88682175,0.99405947,9299,0.56982040,0.99491406,5975,0.31700134,-0.00085459,0.72832108,0.88682175
3459,0.90122223,0.99397208,9450,0.57888031,0.99479907,6070,0.32234192,-0.00082699,0.74005127,0.90122223
3460,0.89941025,0.99397542,9431,0.57916641,0.99479530,6073,0.32024384,-0.00081988,0.73928833,0.89941025
3461,0.91428757,0.99398807,9587,0.57544708,0.99482311,6034,0.33884048,-0.00083504,0.74486732,0.91428757
3462,0.90484619,0.99381525,9488,0.57868958,0.99477844,6068,0.32615662,-0.00096320,0.74176788,0.90484619
3463,0.91276169,0.99380289,9571,0.58107376,0.99475163,6093,0.33168793,-0.00094874,0.74691772,0.91276169
3464,1.05867386,0.98841649,11101,0.78411102,0.99249738,8222,0.27456284,-0.00408089,0.92139244,1.05867386
3465,1.05237961,0.98841470,11035,0.78430176,0.99241100,8224,0.26807785,-0.00399630,0.91834068,1.05237961
3466,1.04207993,0.98844063,10927,0.77829361,0.99241357,8161,0.26378632,-0.00397295,0.91018677,1.04207993
3467,1.05495453,0.98834423,11062,0.79460144,0.99223590,8332,0.26035309,-0.00389167,0.92477798,1.05495453
3468,1.03759766,0.98831303,10880,0.79412460,0.99227331,8327,0.24347305,-0.00396028,0.91586113,1.03759766
3469,1.03530884,0.98832959,10856,0.79030991,0.99231313,8287,0.24499893,-0.00398355,0.91280937,1.03530884
3470,1.04417801,0.98833252,10949,0.78983307,0.99239992,8282,0.25434494,-0.00406740,0.91700554,1.04417801
3471,1.08976364,0.98796477,11427,0.80165863,0.99219075,8406,0.28810501,-0.00422598,0.94571114,1.08976364
3472,0.99134445,0.98831619,10395,0.93040466,0.98996488,9756,0.06093979,-0.00164869,0.96087456,0.99134445
3473,0.97656250,0.98879061,10240,0.92782974,0.99011709,9729,0.04873276,-0.00132648,0.95219612,0.97656250
3474,1.00040436,0.98833036,10490,0.93145370,0.99000223,9767,0.06895065,-0.00167187,0.96592903,1.00040436
3475,0.99954605,0.98839811,10481,0.94079971,0.98986384,9865,0.05874634,-0.00146573,0.97017288,0.99954605
3476,1.02100372,0.98819454,10706,0.94633102,0.98998495,9923,0.07467270,-0.00179041,0.98366737,1.02100372
3477,1.01184845,0.98834851,10610,0.95472336,0.98967773,10011,0.05712509,-0.00132921,0.98328590,1.01184845
3478,1.02891922,0.98811242,10789,0.96263885,0.98959131,10094,0.06628036,-0.00147889,0.99577904,1.02891922
3479,1.01671219,0.98811913,10661,0.96473694,0.98966584,10116,0.05197525,-0.00154670,0.99072456,1.01671219
3480,0.79402924,0.99075664,8326,0.68130493,0.99349395,7144,0.11272430,-0.00273730,0.73766708,0.79402924
3481,0.75483322,0.99099596,7915,0.64411163,0.99361768,6754,0.11072159,-0.00262172,0.69947243,0.75483322
3482,0.76723099,0.99074189,8045,0.65841675,0.99337039,6904,0.10881424,-0.00262850,0.71282387,0.76723099
3483,0.77180862,0.99079055,8093,0.65288544,0.99349134,6846,0.11892319,-0.00270079,0.71234703,0.77180862
3484,0.76503754,0.99089236,8022,0.66642761,0.99353330,6988,0.09860992,-0.00264094,0.71573257,0.76503754
3485,0.76694489,0.99084730,8042,0.65479279,0.99364134,6866,0.11215210,-0.00279404,0.71086884,0.76694489
3486,0.76656342,0.99087111,8038,0.66156387,0.99350741,6937,0.10499954,-0.00263630,0.71406364,0.76656342
3487,0.76017380,0.99075798,7971,0.65603256,0.99351555,6879,0.10414124,-0.00275757,0.70810318,0.76017380
3488,0.36983490,0.99551078,3878,0.43745041,0.99558482,4587,-0.06761551,-0.00007404,0.40364265,0.43745041
3489,0.38261414,0.99542413,4012,0.45337677,0.99540955,4754,-0.07076263,0.00001458,0.41799545,0.45337677
3490,0.37193298,0.99551565,3900,0.44231415,0.99559581,4638,-0.07038116,-0.00008016,0.40712357,0.44231415
3491,0.37879944,0.99544312,3972,0.45499802,0.99538692,4771,-0.07619858,0.00005621,0.41689873,0.45499802
3492,0.37164688,0.99536830,3897,0.44002533,0.99548543,4614,-0.06837845,-0.00011713,0.40583611,0.44002533
3493,0.38700104,0.99540495,4058,0.45890808,0.99550883,4812,-0.07190704,-0.00010388,0.42295456,0.45890808
3494,0.37059784,0.99561821,3886,0.45566559,0.99553353,4778,-0.08506775,0.00008468,0.41313171,0.45566559
3495,0.39272308,0.99519792,4118,0.45795441,0.99549896,4802,-0.06523132,-0.00030104,0.42533875,0.45795441
3496,0.44746399,0.99587867,4692,0.83427429,0.99220093,8748,-0.38681030,0.00367773,0.64086914,0.83427429
3497,0.45099258,0.99589986,4729,0.83446503,0.99224549,8750,-0.38347244,0.00365437,0.64272881,0.83446503
3498,0.45251846,0.99594439,4745,0.83570480,0.99245727,8763,-0.38318634,0.00348712,0.64411163,0.83570480
3499,0.46510696,0.99568005,4877,0.85535049,0.99215523,8969,-0.39024353,0.00352482,0.66022873,0.85535049
3500,0.44975281,0.99593515,4716,0.83713531,0.99228841,8778,-0.38738251,0.00364674,0.64344406,0.83713531
3501,0.45118332,0.99582891,4731,0.84056854,0.99228679,8814,-0.38938522,0.00354212,0.64587593,0.84056854
3502,0.44822693,0.99582440,4700,0.83627701,0.99224366,8769,-0.38805008,0.00358074,0.64225197,0.83627701
3503,0.44527054,0.99594870,4669,0.83951950,0.99235701,8803,-0.39424896,0.00359169,0.64239502,0.83951950
3504,0.41055679,0.99824003,4305,0.69398880,0.99420252,7277,-0.28343201,0.00403751,0.55227280,0.69398880
3505,0.41656494,0.99822258,4368,0.70123672,0.99407507,7353,-0.28467178,0.00414751,0.55890083,0.70123672
3506,0.41465759,0.99820944,4348,0.69713593,0.99421577,7310,-0.28247833,0.00399367,0.55589676,0.69713593
3507,0.43058395,0.99810109,4515,0.70123672,0.99416022,7353,-0.27065277,0.00394088,0.56591034,0.70123672
3508,0.42877197,0.99817359,4496,0.70075989,0.99418990,7348,-0.27198792,0.00398369,0.56476593,0.70075989
3509,0.42467117,0.99812951,4453,0.70056915,0.99416532,7346,-0.27589798,0.00396419,0.56262016,0.70056915
3510,0.43239594,0.99815379,4534,0.70285797,0.99407622,7370,-0.27046204,0.00407757,0.56762695,0.70285797
3511,0.51679611,0.99365868,5419,0.54416656,0.99505228,5706,-0.02737045,-0.00139360,0.53048134,0.54416656
3512,0.52108765,0.99342412,5464,0.54330826,0.99492910,5697,-0.02222061,-0.00150498,0.53219795,0.54330826
3513,0.52232742,0.99318091,5477,0.54559708,0.99471838,5721,-0.02326965,-0.00153747,0.53396225,0.54559708
3514,0.52881241,0.99279058,5545,0.55179596,0.99436800,5786,-0.02298355,-0.00157743,0.54030418,0.55179596
3515,0.54092407,0.99272099,5672,0.55952072,0.99428553,5867,-0.01859665,-0.00156453,0.55022240,0.55952072
3516,0.53138733,0.99242281,5572,0.54988861,0.99400445,5766,-0.01850128,-0.00158164,0.54063797,0.54988861
3517,0.54130554,0.99209061,5676,0.55828094,0.99379823,5854,-0.01697540,-0.00170762,0.54979324,0.55828094
3518,0.54388046,0.99179262,5703,0.56524277,0.99351857,5927,-0.02136230,-0.00172595,0.55456161,0.56524277
3519,0.46739578,0.99131803,4901,0.43115616,0.99385702,4521,0.03623962,-0.00253899,0.44927597,0.46739578
3520,0.47626495,0.99066549,4994,0.42695999,0.99348363,4477,0.04930496,-0.00281814,0.45161247,0.47626495
3521,0.47998428,0.99053236,5033,0.43716431,0.99323767,4584,0.04281998,-0.00270531,0.45857430,0.47998428
3522,0.50325394,0.99020661,5277,0.45871735,0.99314059,4810,0.04453659,-0.00293398,0.48098564,0.50325394
3523,0.49972534,0.98996936,5240,0.45909882,0.99290326,4814,0.04062653,-0.00293391,0.47941208,0.49972534
3524,0.49333572,0.98962881,5173,0.44937134,0.99280413,4712,0.04396439,-0.00317532,0.47135353,0.49333572
3525,0.49695969,0.98943190,5211,0.45537949,0.99261478,4775,0.04158020,-0.00318288,0.47616959,0.49695969
3526,0.50039291,0.98897774,5247,0.45433044,0.99252479,4764,0.04606247,-0.00354704,0.47736168,0.50039291
3527,0.57067871,0.99502190,5984,0.88663101,0.99323667,9297,-0.31595230,0.00178523,0.72865486,0.88663101
3528,0.51250458,0.99512828,5374,0.82178116,0.99334617,8617,-0.30927658,0.00178211,0.66714287,0.82178116
3529,0.51116943,0.99507150,5360,0.82950592,0.99318119,8698,-0.31833649,0.00189032,0.67033768,0.82950592
3530,0.51412582,0.99503900,5391,0.83885193,0.99318601,8796,-0.32472610,0.00185299,0.67648888,0.83885193
3531,0.51288605,0.99500413,5378,0.83246231,0.99312568,8729,-0.31957626,0.00187845,0.67267418,0.83246231
3532,0.51136017,0.99512081,5362,0.83189011,0.99311140,8723,-0.32052994,0.00200941,0.67162514,0.83189011
3533,0.51746368,0.99498153,5426,0.83627701,0.99299935,8769,-0.31881332,0.00198218,0.67687035,0.83627701
3534,0.51374435,0.99510349,5387,0.84238052,0.99301601,8833,-0.32863617,0.00208749,0.67806244,0.84238052
3535,0.45099258,0.99534984,4729,0.54092407,0.99560307,5672,-0.08993149,-0.00025322,0.49595833,0.54092407
3536,0.45089722,0.99544260,4728,0.53653717,0.99557295,5626,-0.08563995,-0.00013034,0.49371719,0.53653717
3537,0.45528412,0.99536722,4774,0.54035187,0.99564029,5666,-0.08506775,-0.00027307,0.49781799,0.54035187
3538,0.46329498,0.99515075,4858,0.54416656,0.99546977,5706,-0.08087158,-0.00031902,0.50373077,0.54416656
3539,0.45862198,0.99520621,4809,0.53997040,0.99560652,5662,-0.08134842,-0.00040031,0.49929619,0.53997040
3540,0.45948029,0.99522613,4818,0.54121017,0.99562458,5675,-0.08172989,-0.00039845,0.50034523,0.54121017
3541,0.46024323,0.99510043,4826,0.53358078,0.99569558,5595,-0.07333755,-0.00059515,0.49691200,0.53358078
3542,0.46415329,0.99503730,4867,0.54101944,0.99553303,5673,-0.07686615,-0.00049573,0.50258636,0.54101944
3543,1.09586716,0.98845772,11491,0.77505112,0.99186523,8127,0.32081604,-0.00340751,0.93545914,1.09586716
3544,1.10425949,0.98812248,11579,0.77819824,0.99181004,8160,0.32606125,-0.00368755,0.94122887,1.10425949
3545,1.11255646,0.98825469,11666,0.79183578,0.99175124,8303,0.32072067,-0.00349655,0.95219612,1.11255646
3546,1.11608505,0.98832399,11703,0.80070496,0.99181159,8396,0.31538010,-0.00348760,0.95839500,1.11608505
3547,1.10845566,0.98850258,11623,0.79975128,0.99185086,8386,0.30870438,-0.00334827,0.95410347,1.10845566
3548,1.11541748,0.98847967,11696,0.79650879,0.99180859,8352,0.31890869,-0.00332893,0.95596313,1.11541748
3549,1.11722946,0.98845499,11715,0.80680847,0.99156286,8460,0.31042099,-0.00310786,0.96201897,1.11722946
3550,1.11312866,0.98855665,11672,0.79574585,0.99155635,8344,0.31738281,-0.00299971,0.95443726,1.11312866
3551,1.12524033,0.98447780,11799,0.39749146,0.99746131,4168,0.72774887,-0.01298351,0.76136589,1.12524033
3552,1.06401443,0.98535719,11157,0.35648346,0.99778269,3738,0.70753098,-0.01242550,0.71024895,1.06401443
3553,1.17502213,0.98480994,12321,0.43468475,0.99761979,4558,0.74033737,-0.01280986,0.80485344,1.17502213
3554,1.12829208,0.98487650,11831,0.38452148,0.99761691,4032,0.74377060,-0.01274040,0.75640678,1.12829208
3555,1.11083984,0.98497840,11648,0.36239624,0.99779050,3800,0.74844360,-0.01281210,0.73661804,1.11083984
3556,1.12705231,0.98479824,11818,0.35371780,0.99779996,3709,0.77333450,-0.01300172,0.74038506,1.12705231
3557,1.16367340,0.98433923,12202,0.37317276,0.99761186,3913,0.79050064,-0.01327263,0.76842308,1.16367340
3558,1.17959976,0.98437700,12369,0.37631989,0.99758403,3946,0.80327988,-0.01320703,0.77795982,1.17959976
3559,1.18169785,0.98695165,12391,0.62780380,0.99500510,6583,0.55389404,-0.00805345,0.90475082,1.18169785
3560,1.20086670,0.98685083,12592,0.63734055,0.99497071,6683,0.56352615,-0.00811988,0.91910362,1.20086670
3561,1.21879578,0.98653755,12780,0.63343048,0.99489269,6642,0.58536530,-0.00835513,0.92611313,1.21879578
3562,1.23281479,0.98641103,12927,0.64516068,0.99477095,6765,0.58765411,-0.00835992,0.93898773,1.23281479
3563,1.26466751,0.98626877,13261,0.66461563,0.99484201,6969,0.60005188,-0.00857324,0.96464157,1.26466751
3564,1.25007629,0.98628207,13108,0.64277649,0.99496099,6740,0.60729980,-0.00867892,0.94642639,1.25007629
3565,1.27353668,0.98579774,13354,0.65898895,0.99485460,6910,0.61454773,-0.00905687,0.96626282,1.27353668
3566,1.30176544,0.98556141,13650,0.65965652,0.99496908,6917,0.64210892,-0.00940767,0.98071098,1.30176544
3567,0.52518845,0.99548787,5507,0.25520325,0.99634010,2676,0.26998520,-0.00085223,0.39019585,0.52518845
3568,0.54063797,0.99532916,5669,0.26082993,0.99626383,2735,0.27980804,-0.00093467,0.40073395,0.54063797
3569,0.54883957,0.99521283,5755,0.26521683,0.99621399,2781,0.28362274,-0.00100117,0.40702820,0.54883957
3570,0.57754517,0.99492486,6056,0.26493073,0.99619561,2778,0.31261444,-0.00127076,0.42123795,0.57754517
3571,0.59404373,0.99464230,6229,0.26388168,0.99618175,2767,0.33016205,-0.00153945,0.42896271,0.59404373
3572,0.59671402,0.99475199,6257,0.27685165,0.99606424,2903,0.31986237,-0.00131225,0.43678284,0.59671402
3573,0.58860779,0.99515720,6172,0.27685165,0.99614177,2903,0.31175613,-0.00098456,0.43272972,0.58860779
3574,1.48811340,0.99348281,15604,0.56324005,0.99546605,5906,0.92487335,-0.00198324,1.02567673,1.48811340
3575,1.49497986,0.99349002,15676,0.55761337,0.99558935,5847,0.93736649,-0.00209933,1.02629662,1.49497986
3576,1.51081085,0.99332579,15842,0.53853989,0.99557742,5647,0.97227097,-0.00225163,1.02467537,1.51081085
3577,1.53579712,0.99327433,16104,0.54044724,0.99548181,5667,0.99534988,-0.00220748,1.03812218,1.53579712
3578,1.53150558,0.99324633,16059,0.56371689,0.99550420,5911,0.96778870,-0.00225787,1.04761124,1.53150558
3579,1.48744583,0.99344110,15597,0.56877136,0.99540683,5964,0.91867447,-0.00196573,1.02810860,1.48744583
3580,1.50938034,0.99333428,15827,0.55294037,0.99542788,5798,0.95643997,-0.00209361,1.03116035,1.50938034
3581,1.54237747,0.99324236,16173,0.58012009,0.99540328,6083,0.96225739,-0.00216092,1.06124878,1.54237747
3582,0.99506378,0.99158141,10434,0.88253021,0.99081759,9254,0.11253357,0.00076382,0.93879700,0.99506378
3583,1.00927353,0.99157206,10583,0.89149475,0.99078653,9348,0.11777878,0.00078553,0.95038414,1.00927353
3584,0.97484589,0.99186951,10222,0.86088181,0.99110034,9027,0.11396408,0.00076917,0.91786385,0.97484589
3585,1.00755692,0.99165662,10565,0.89025497,0.99082932,9335,0.11730194,0.00082731,0.94890594,1.00755692
3586,1.00078583,0.99182955,10494,0.87528229,0.99111536,9178,0.12550354,0.00071419,0.93803406,1.00078583
3587,1.01022720,0.99192742,10593,0.87985992,0.99125947,9226,0.13036728,0.00066795,0.94504356,1.01022720
3588,0.97589493,0.99215984,10233,0.84466934,0.99151019,8857,0.13122559,0.00064965,0.91028214,0.97589493
3589,0.97999573,0.99217270,10276,0.84953308,0.99151784,8908,0.13046265,0.00065486,0.91476440,0.97999573
3590,0.21448135,0.99662695,2249,0.17824173,0.99783534,1869,0.03623962,-0.00120839,0.19636154,0.21448135
3591,0.21371841,0.99663630,2241,0.17242432,0.99789663,1808,0.04129410,-0.00126032,0.19307137,0.21371841
3592,0.21991730,0.99649438,2306,0.17051697,0.99789098,1788,0.04940033,-0.00139660,0.19521713,0.21991730
3593,0.18596649,0.99694261,1950,0.14171600,0.99807809,1486,0.04425049,-0.00113548,0.16384125,0.18596649
3594,0.22182465,0.99649286,2326,0.16546249,0.99794692,1735,0.05636215,-0.00145406,0.19364357,0.22182465
3595,0.21314621,0.99667171,2235,0.16059875,0.99796597,1684,0.05254745,-0.00129426,0.18687248,0.21314621
3596,0.20208359,0.99664201,2119,0.13532639,0.99817772,1419,0.06675720,-0.00153571,0.16870499,0.20208359
3597,0.21572113,0.99663896,2262,0.15411377,0.99802112,1616,0.06160736,-0.00138217,0.18491745,0.21572113
3598,0.39310455,0.99840643,4122,0.15792847,0.99811089,1656,0.23517609,0.00029554,0.27551651,0.39310455
3599,0.37336349,0.99851256,3915,0.14839172,0.99820934,1556,0.22497177,0.00030322,0.26087761,0.37336349
