Step,dice,loss_SparseWeightedDiceLoss,loss_NoGuessLoss,loss,epoch,lr
0,0.7914727330207825,0.20852726697921753,1.329776406288147,0.21973976492881775,1,0.001
1,0.8089790344238281,0.19102096557617188,1.3344330787658691,0.2024550884962082,1,0.001
2,0.8341637253761292,0.16583627462387085,1.350342869758606,0.1776813417673111,1,0.001
3,0.8672696948051453,0.13273030519485474,1.3349246978759766,0.14475224912166595,1,0.001
4,0.8966279625892639,0.10337203741073608,1.3407870531082153,0.11574619263410568,1,0.001
5,0.926786482334137,0.07321351766586304,1.342602252960205,0.08590740710496902,1,0.001
6,0.9428128004074097,0.05718719959259033,1.323923110961914,0.06985455751419067,1,0.001
7,0.9611772894859314,0.038822710514068604,1.3276995420455933,0.05171147733926773,1,0.001
8,0.9743046760559082,0.025695323944091797,1.3373881578445435,0.03881224989891052,1,0.001
9,0.9694066047668457,0.030593395233154297,1.3129148483276367,0.04341661185026169,1,0.001
10,0.9795356392860413,0.02046436071395874,1.333752155303955,0.03359723836183548,1,0.001
11,0.9810253977775574,0.018974602222442627,1.3420859575271606,0.03220571577548981,1,0.001
12,0.9795586466789246,0.02044135332107544,1.3316291570663452,0.03355323150753975,1,0.001
13,0.9781744480133057,0.021825551986694336,1.3148610591888428,0.03475590795278549,1,0.001
14,0.9849818348884583,0.015018165111541748,1.3668537139892578,0.028536520898342133,1,0.001
15,0.9827530384063721,0.01724696159362793,1.3513717651367188,0.030588209629058838,1,0.001
16,0.9843379855155945,0.015662014484405518,1.3557569980621338,0.029062964022159576,1,0.001
17,0.9866161346435547,0.013383865356445312,1.3638355731964111,0.02688838168978691,1,0.001
18,0.9812307953834534,0.01876920461654663,1.3489916324615479,0.03207143023610115,1,0.001
19,0.9836751222610474,0.016324877738952637,1.3511948585510254,0.029673578217625618,1,0.001
20,0.9840692281723022,0.015930771827697754,1.3473817110061646,0.029245279729366302,1,0.001
21,0.9869217276573181,0.013078272342681885,1.3466416597366333,0.02641390636563301,1,0.001
22,0.9866117238998413,0.013388276100158691,1.3659050464630127,0.026913443580269814,1,0.001
23,0.987908661365509,0.012091338634490967,1.370456337928772,0.025674987584352493,1,0.001
24,0.9873043298721313,0.012695670127868652,1.359990119934082,0.026168614625930786,1,0.001
25,0.9884750843048096,0.01152491569519043,1.3653825521469116,0.025063492357730865,1,0.001
26,0.9882099032402039,0.011790096759796143,1.3742972612380981,0.025415167212486267,1,0.001
27,0.9887641668319702,0.011235833168029785,1.394174575805664,0.025065220892429352,1,0.001
28,0.9885001182556152,0.011499881744384766,1.3664052486419678,0.025048933923244476,1,0.001
29,0.9886332750320435,0.011366724967956543,1.3960959911346436,0.025214016437530518,1,0.001
30,0.9894608855247498,0.010539114475250244,1.3985646963119507,0.024419371038675308,1,0.001
31,0.9894400238990784,0.01055997610092163,1.4115073680877686,0.024569449946284294,2,0.00095
32,0.9884693026542664,0.011530697345733643,1.3712959289550781,0.025128349661827087,2,0.00095
33,0.9899724125862122,0.010027587413787842,1.3690896034240723,0.02361820638179779,2,0.00095
34,0.989263117313385,0.01073688268661499,1.3625352382659912,0.02425486594438553,2,0.00095
35,0.9897780418395996,0.01022195816040039,1.3892751932144165,0.024012491106987,2,0.00095
36,0.9898741245269775,0.010125875473022461,1.380957007408142,0.023834187537431717,2,0.00095
37,0.9902059435844421,0.009794056415557861,1.3780463933944702,0.023476578295230865,2,0.00095
38,0.9895696640014648,0.010430335998535156,1.3540894985198975,0.02386692725121975,2,0.00095
39,0.9907232522964478,0.009276747703552246,1.3744134902954102,0.022928114980459213,2,0.00095
40,0.9903652667999268,0.009634733200073242,1.3745036125183105,0.023283421993255615,2,0.00095
41,0.9905433058738708,0.00945669412612915,1.3927028179168701,0.023289155215024948,2,0.00095
42,0.9899370670318604,0.010062932968139648,1.3356853723526,0.02331915684044361,2,0.00095
43,0.9901670813560486,0.009832918643951416,1.359350562095642,0.02332809567451477,2,0.00095
44,0.989531934261322,0.010468065738677979,1.3464633226394653,0.023828018456697464,2,0.00095
45,0.9897094368934631,0.010290563106536865,1.355592131614685,0.023743577301502228,2,0.00095
46,0.9900168776512146,0.0099831223487854,1.3600863218307495,0.023484153673052788,2,0.00095
47,0.9896989464759827,0.010301053524017334,1.3696866035461426,0.023894909769296646,2,0.00095
48,0.9904171824455261,0.009582817554473877,1.3739306926727295,0.023226294666528702,2,0.00095
49,0.9907424449920654,0.00925755500793457,1.3479068279266357,0.0226440466940403,2,0.00095
50,0.9900758266448975,0.009924173355102539,1.3498209714889526,0.023323141038417816,2,0.00095
51,0.9907721877098083,0.00922781229019165,1.3520841598510742,0.022656375542283058,2,0.00095
52,0.9905008673667908,0.009499132633209229,1.3429477214813232,0.02283361926674843,2,0.00095
53,0.9898625612258911,0.010137438774108887,1.3459835052490234,0.023495899513363838,2,0.00095
54,0.9903796315193176,0.009620368480682373,1.3728047609329224,0.0232522115111351,2,0.00095
55,0.9907419085502625,0.009258091449737549,1.3532700538635254,0.022698210552334785,2,0.00095
56,0.9904510974884033,0.00954890251159668,1.3608900308609009,0.023062314838171005,2,0.00095
57,0.990323543548584,0.009676456451416016,1.324754238128662,0.022827234119176865,2,0.00095
58,0.9892269372940063,0.010773062705993652,1.3346974849700928,0.024012306705117226,2,0.00095
59,0.9903576374053955,0.009642362594604492,1.371443510055542,0.02326037362217903,2,0.00095
60,0.9909058213233948,0.009094178676605225,1.3690139055252075,0.02269337698817253,2,0.00095
61,0.9907251596450806,0.009274840354919434,1.3578579425811768,0.022760670632123947,2,0.00095
62,0.9905904531478882,0.009409546852111816,1.3506397008895874,0.02282184734940529,3,0.0009025
63,0.9901703000068665,0.009829699993133545,1.3473231792449951,0.023204635828733444,3,0.0009025
64,0.9909720420837402,0.009027957916259766,1.3652307987213135,0.02258998528122902,3,0.0009025
65,0.9905687570571899,0.009431242942810059,1.363227367401123,0.022969204932451248,3,0.0009025
66,0.9908103346824646,0.0091896653175354,1.3477803468704224,0.02257557213306427,3,0.0009025
67,0.9895382523536682,0.010461747646331787,1.3610098361968994,0.023967228829860687,3,0.0009025
68,0.9906889796257019,0.009311020374298096,1.342361330986023,0.02264152467250824,3,0.0009025
69,0.9911957383155823,0.008804261684417725,1.369611382484436,0.022412333637475967,3,0.0009025
70,0.9906503558158875,0.009349644184112549,1.3622232675552368,0.022878380492329597,3,0.0009025
71,0.9904428124427795,0.009557187557220459,1.3613656759262085,0.023075271397829056,3,0.0009025
72,0.990817666053772,0.009182333946228027,1.3593388795852661,0.022683899849653244,3,0.0009025
73,0.9905217885971069,0.009478211402893066,1.3502200841903687,0.022885629907250404,3,0.0009025
74,0.9908511638641357,0.009148836135864258,1.3606139421463013,0.022663487121462822,3,0.0009025
75,0.9912996292114258,0.008700370788574219,1.353425145149231,0.022147618234157562,3,0.0009025
76,0.9908369183540344,0.009163081645965576,1.3397912979125977,0.02246936410665512,3,0.0009025
77,0.9901100397109985,0.009889960289001465,1.3689789772033691,0.0234808512032032,3,0.0009025
78,0.9906519055366516,0.009348094463348389,1.3490599393844604,0.02274521254003048,3,0.0009025
79,0.9909637570381165,0.009036242961883545,1.3399637937545776,0.022345516830682755,3,0.0009025
80,0.9900194406509399,0.009980559349060059,1.3385106325149536,0.023265860974788666,3,0.0009025
81,0.9902119040489197,0.009788095951080322,1.3528788089752197,0.023219002410769463,3,0.0009025
82,0.9902830719947815,0.009716928005218506,1.3378676176071167,0.02299843356013298,3,0.0009025
83,0.9907671213150024,0.009232878684997559,1.3284947872161865,0.022425498813390732,3,0.0009025
84,0.9908852577209473,0.009114742279052734,1.3585517406463623,0.022609110921621323,3,0.0009025
85,0.990140974521637,0.009859025478363037,1.343358039855957,0.02319401502609253,3,0.0009025
86,0.9911268353462219,0.008873164653778076,1.3607428073883057,0.02239185944199562,3,0.0009025
87,0.9905793070793152,0.009420692920684814,1.3594995737075806,0.022921480238437653,3,0.0009025
88,0.9899446368217468,0.010055363178253174,1.334718942642212,0.023301998153328896,3,0.0009025
89,0.9908026456832886,0.009197354316711426,1.3304355144500732,0.02240973524749279,3,0.0009025
90,0.9909598231315613,0.00904017686843872,1.3338193893432617,0.022287968546152115,3,0.0009025
91,0.9911293387413025,0.00887066125869751,1.3596055507659912,0.02237800881266594,3,0.0009025
92,0.9909613728523254,0.00903862714767456,1.3377087116241455,0.02232532948255539,3,0.0009025
93,0.9906020760536194,0.009397923946380615,1.3698064088821411,0.023002009838819504,4,0.000857375
94,0.9911220669746399,0.008877933025360107,1.360874056816101,0.02239789441227913,4,0.000857375
95,0.991369903087616,0.008630096912384033,1.3571993112564087,0.022115789353847504,4,0.000857375
96,0.9913224577903748,0.008677542209625244,1.3480263948440552,0.022071029990911484,4,0.000857375
97,0.9912028312683105,0.008797168731689453,1.3568289279937744,0.022277485579252243,4,0.000857375
98,0.9907394647598267,0.00926053524017334,1.3484084606170654,0.02265201508998871,4,0.000857375
99,0.9907616376876831,0.009238362312316895,1.3608520030975342,0.022754497826099396,4,0.000857375
100,0.9911797046661377,0.008820295333862305,1.3476976156234741,0.02220906876027584,4,0.000857375
101,0.9915745854377747,0.008425414562225342,1.3389415740966797,0.02173057571053505,4,0.000857375
102,0.9906559586524963,0.009344041347503662,1.3478626012802124,0.02272922545671463,4,0.000857375
103,0.9909537434577942,0.00904625654220581,1.3305771350860596,0.022261565551161766,4,0.000857375
104,0.991416871547699,0.008583128452301025,1.3475784063339233,0.021973080933094025,4,0.000857375
105,0.9910619854927063,0.008938014507293701,1.3610484600067139,0.02245911955833435,4,0.000857375
106,0.9908210039138794,0.009178996086120605,1.3581087589263916,0.022668292745947838,4,0.000857375
107,0.9911729693412781,0.008827030658721924,1.3196685314178467,0.021935446187853813,4,0.000857375
108,0.9909474849700928,0.009052515029907227,1.3389909267425537,0.02235189825296402,4,0.000857375
109,0.9910324215888977,0.008967578411102295,1.3265949487686157,0.022143851965665817,4,0.000857375
110,0.9910756945610046,0.008924305438995361,1.329188585281372,0.022126946598291397,4,0.000857375
111,0.9910456538200378,0.008954346179962158,1.35141921043396,0.022378996014595032,4,0.000857375
112,0.9911928772926331,0.008807122707366943,1.3191139698028564,0.02191019058227539,4,0.000857375
113,0.9910310506820679,0.008968949317932129,1.3398622274398804,0.02227788232266903,4,0.000857375
114,0.9911608099937439,0.008839190006256104,1.3443527221679688,0.022194325923919678,4,0.000857375
115,0.9914074540138245,0.008592545986175537,1.3355318307876587,0.021861938759684563,4,0.000857375
116,0.990807294845581,0.009192705154418945,1.3343141078948975,0.022443918511271477,4,0.000857375
117,0.9913501143455505,0.008649885654449463,1.3401061296463013,0.02196444943547249,4,0.000857375
118,0.9911618232727051,0.008838176727294922,1.3372067213058472,0.022121861577033997,4,0.000857375
119,0.9890452027320862,0.010954797267913818,1.325454831123352,0.024099797010421753,4,0.000857375
120,0.9909101128578186,0.009089887142181396,1.3339967727661133,0.022338956594467163,4,0.000857375
121,0.9910926818847656,0.008907318115234375,1.3372931480407715,0.022191176190972328,4,0.000857375
122,0.9916006326675415,0.008399367332458496,1.3216979503631592,0.02153235301375389,4,0.000857375
123,0.991636335849762,0.008363664150238037,1.3316601514816284,0.021596629172563553,4,0.000857375
124,0.9912477135658264,0.008752286434173584,1.351732611656189,0.02218208834528923,5,0.0008145062499999999
125,0.9914566278457642,0.00854337215423584,1.352187991142273,0.021979818120598793,5,0.0008145062499999999
126,0.99161297082901,0.00838702917098999,1.3370810747146606,0.02167396992444992,5,0.0008145062499999999
127,0.9913555383682251,0.008644461631774902,1.3443893194198608,0.02200191095471382,5,0.0008145062499999999
128,0.9914608001708984,0.008539199829101562,1.303713083267212,0.02149093896150589,5,0.0008145062499999999
129,0.9910354614257812,0.00896453857421875,1.3193628787994385,0.02206852287054062,5,0.0008145062499999999
130,0.9915653467178345,0.008434653282165527,1.353480339050293,0.021885110065340996,5,0.0008145062499999999
131,0.9916152954101562,0.00838470458984375,1.3255888223648071,0.02155674621462822,5,0.0008145062499999999
132,0.9912908673286438,0.008709132671356201,1.316565752029419,0.021787699311971664,5,0.0008145062499999999
133,0.9913073182106018,0.008692681789398193,1.3392819166183472,0.0219985730946064,5,0.0008145062499999999
134,0.9913978576660156,0.008602142333984375,1.3640360832214355,0.022156480699777603,5,0.0008145062499999999
135,0.9916999936103821,0.00830000638961792,1.319852590560913,0.021415531635284424,5,0.0008145062499999999
136,0.9918246865272522,0.008175313472747803,1.3242082595825195,0.021335642784833908,5,0.0008145062499999999
137,0.9915746450424194,0.008425354957580566,1.3560656309127808,0.021901758387684822,5,0.0008145062499999999
138,0.9911490082740784,0.00885099172592163,1.342154860496521,0.02218402922153473,5,0.0008145062499999999
139,0.9915688037872314,0.008431196212768555,1.3335411548614502,0.021682295948266983,5,0.0008145062499999999
140,0.9915732145309448,0.008426785469055176,1.335829496383667,0.021700812503695488,5,0.0008145062499999999
141,0.9904828667640686,0.009517133235931396,1.3252536058425903,0.022674497216939926,5,0.0008145062499999999
142,0.9916701912879944,0.008329808712005615,1.335896611213684,0.0216054767370224,5,0.0008145062499999999
143,0.9916501641273499,0.008349835872650146,1.3302175998687744,0.02156851254403591,5,0.0008145062499999999
144,0.991393506526947,0.008606493473052979,1.3374128341674805,0.021894557401537895,5,0.0008145062499999999
145,0.9915094375610352,0.008490562438964844,1.3279730081558228,0.021685386076569557,5,0.0008145062499999999
146,0.9914302229881287,0.008569777011871338,1.305776596069336,0.021541845053434372,5,0.0008145062499999999
147,0.991555392742157,0.008444607257843018,1.3378973007202148,0.021739134564995766,5,0.0008145062499999999
148,0.990835428237915,0.009164571762084961,1.3439507484436035,0.02251243218779564,5,0.0008145062499999999
149,0.9914913773536682,0.008508622646331787,1.3296172618865967,0.021719709038734436,5,0.0008145062499999999
150,0.9915564060211182,0.008443593978881836,1.3165926933288574,0.021525084972381592,5,0.0008145062499999999
151,0.9915586709976196,0.008441329002380371,1.3367329835891724,0.021724246442317963,5,0.0008145062499999999
152,0.9915573000907898,0.008442699909210205,1.3363322019577026,0.021721594035625458,5,0.0008145062499999999
153,0.9914040565490723,0.008595943450927734,1.3446351289749146,0.02195633575320244,5,0.0008145062499999999
154,0.9914707541465759,0.008529245853424072,1.3346478939056396,0.021790431812405586,5,0.0008145062499999999
155,0.9918404221534729,0.0081595778465271,1.3405241966247559,0.021483223885297775,6,0.0007737809374999998
156,0.9916033148765564,0.008396685123443604,1.3503656387329102,0.021816372871398926,6,0.0007737809374999998
157,0.9916480183601379,0.00835198163986206,1.3071041107177734,0.021339502185583115,6,0.0007737809374999998
158,0.9916369318962097,0.008363068103790283,1.3386266231536865,0.021665703505277634,6,0.0007737809374999998
159,0.9915702939033508,0.00842970609664917,1.33327317237854,0.02167814038693905,6,0.0007737809374999998
160,0.9916552305221558,0.008344769477844238,1.3265111446380615,0.021526433527469635,6,0.0007737809374999998
161,0.9914836883544922,0.008516311645507812,1.3107357025146484,0.0215385053306818,6,0.0007737809374999998
162,0.9918636679649353,0.008136332035064697,1.3217693567276,0.02127266302704811,6,0.0007737809374999998
163,0.9911496639251709,0.008850336074829102,1.3035435676574707,0.021797267720103264,6,0.0007737809374999998
164,0.9913287162780762,0.008671283721923828,1.3202921152114868,0.02178749069571495,6,0.0007737809374999998
165,0.9918463230133057,0.008153676986694336,1.3154118061065674,0.02122625708580017,6,0.0007737809374999998
166,0.9912472367286682,0.008752763271331787,1.3401113748550415,0.022066349163651466,6,0.0007737809374999998
167,0.9915103912353516,0.008489608764648438,1.3298654556274414,0.021703366190195084,6,0.0007737809374999998
168,0.9920003414154053,0.007999658584594727,1.323027491569519,0.02114993706345558,6,0.0007737809374999998
169,0.991314709186554,0.008685290813446045,1.3210294246673584,0.02180873230099678,6,0.0007737809374999998
170,0.9920581579208374,0.007941842079162598,1.3295087814331055,0.021157510578632355,6,0.0007737809374999998
171,0.9915107488632202,0.008489251136779785,1.3218562602996826,0.021622920408844948,6,0.0007737809374999998
172,0.99167799949646,0.008322000503540039,1.3332831859588623,0.021571611985564232,6,0.0007737809374999998
173,0.9918036460876465,0.008196353912353516,1.3152623176574707,0.021267011761665344,6,0.0007737809374999998
174,0.9916474223136902,0.008352577686309814,1.3463282585144043,0.021732334047555923,6,0.0007737809374999998
175,0.9913256764411926,0.008674323558807373,1.3388069868087769,0.021975649520754814,6,0.0007737809374999998
176,0.9916694164276123,0.008330583572387695,1.3256983757019043,0.02150426059961319,6,0.0007737809374999998
177,0.9918280839920044,0.008171916007995605,1.3095606565475464,0.021185804158449173,6,0.0007737809374999998
178,0.9920398592948914,0.007960140705108643,1.3076443672180176,0.02095698192715645,6,0.0007737809374999998
179,0.9917669892311096,0.00823301076889038,1.3282322883605957,0.02143300324678421,6,0.0007737809374999998
180,0.9913532733917236,0.008646726608276367,1.31345534324646,0.021694812923669815,6,0.0007737809374999998
181,0.9919679164886475,0.008032083511352539,1.3181300163269043,0.02113306149840355,6,0.0007737809374999998
182,0.9916892051696777,0.008310794830322266,1.3398046493530273,0.021625734865665436,6,0.0007737809374999998
183,0.9918756484985352,0.008124351501464844,1.3202340602874756,0.021245449781417847,6,0.0007737809374999998
184,0.9916000962257385,0.008399903774261475,1.3047271966934204,0.02136317640542984,6,0.0007737809374999998
185,0.9916624426841736,0.008337557315826416,1.344287395477295,0.02169705554842949,6,0.0007737809374999998
186,0.9918559193611145,0.008144080638885498,1.3324397802352905,0.02138703688979149,7,0.0007350918906249997
187,0.9918795824050903,0.008120417594909668,1.3277528285980225,0.021316740661859512,7,0.0007350918906249997
188,0.991666316986084,0.008333683013916016,1.3166784048080444,0.021417129784822464,7,0.0007350918906249997
189,0.9919171929359436,0.008082807064056396,1.3327152729034424,0.021329130977392197,7,0.0007350918906249997
190,0.992064356803894,0.007935643196105957,1.3273411989212036,0.021129697561264038,7,0.0007350918906249997
191,0.9916331768035889,0.008366823196411133,1.3447072505950928,0.021730227395892143,7,0.0007350918906249997
192,0.9918767809867859,0.008123219013214111,1.3221931457519531,0.02126391790807247,7,0.0007350918906249997
193,0.9919131398200989,0.008086860179901123,1.321803331375122,0.021224025636911392,7,0.0007350918906249997
194,0.9918280839920044,0.008171916007995605,1.319395661354065,0.021284153684973717,7,0.0007350918906249997
195,0.9914693832397461,0.008530616760253906,1.311636209487915,0.021561671048402786,7,0.0007350918906249997
196,0.991902768611908,0.008097231388092041,1.3204002380371094,0.021220261231064796,7,0.0007350918906249997
197,0.9917364120483398,0.008263587951660156,1.3061693906784058,0.021242644637823105,7,0.0007350918906249997
198,0.9921905398368835,0.007809460163116455,1.3175076246261597,0.020906440913677216,7,0.0007350918906249997
199,0.9913671612739563,0.008632838726043701,1.2932127714157104,0.02147863805294037,7,0.0007350918906249997
200,0.9918599128723145,0.008140087127685547,1.3134067058563232,0.021192753687500954,7,0.0007350918906249997
201,0.9918243885040283,0.00817561149597168,1.3169147968292236,0.0212630033493042,7,0.0007350918906249997
202,0.9918558597564697,0.008144140243530273,1.3046728372573853,0.021109428256750107,7,0.0007350918906249997
203,0.9920618534088135,0.007938146591186523,1.3223700523376465,0.02108246460556984,7,0.0007350918906249997
204,0.9919788241386414,0.008021175861358643,1.3147287368774414,0.02108824998140335,7,0.0007350918906249997
205,0.9919782280921936,0.008021771907806396,1.3185120820999146,0.021126674488186836,7,0.0007350918906249997
206,0.9920993447303772,0.007900655269622803,1.3257375955581665,0.02107902429997921,7,0.0007350918906249997
207,0.9921576976776123,0.007842302322387695,1.3249993324279785,0.02101387269794941,7,0.0007350918906249997
208,0.9919990301132202,0.008000969886779785,1.3226044178009033,0.021147003397345543,7,0.0007350918906249997
209,0.9920113682746887,0.00798863172531128,1.3402609825134277,0.021311353892087936,7,0.0007350918906249997
210,0.9917128682136536,0.008287131786346436,1.3287608623504639,0.021491870284080505,7,0.0007350918906249997
211,0.992150604724884,0.007849395275115967,1.3104095458984375,0.0208749957382679,7,0.0007350918906249997
212,0.9914451837539673,0.008554816246032715,1.3193182945251465,0.021662451326847076,7,0.0007350918906249997
213,0.9919978380203247,0.008002161979675293,1.3176401853561401,0.021098542958498,7,0.0007350918906249997
214,0.9914226531982422,0.008577346801757812,1.3230633735656738,0.021722206845879555,7,0.0007350918906249997
215,0.9916808009147644,0.008319199085235596,1.3027570247650146,0.021263577044010162,7,0.0007350918906249997
216,0.9920601844787598,0.007939815521240234,1.3190357685089111,0.021050773561000824,7,0.0007350918906249997
217,0.9921101331710815,0.007889866828918457,1.3085182905197144,0.020896151661872864,8,0.0006983372960937497
218,0.9920100569725037,0.007989943027496338,1.313227653503418,0.021042320877313614,8,0.0006983372960937497
219,0.9919400215148926,0.008059978485107422,1.3226914405822754,0.021206293255090714,8,0.0006983372960937497
220,0.9920060038566589,0.007993996143341064,1.3190951347351074,0.021105006337165833,8,0.0006983372960937497
221,0.9921043515205383,0.00789564847946167,1.3140108585357666,0.020956799387931824,8,0.0006983372960937497
222,0.9922094345092773,0.007790565490722656,1.2980329990386963,0.020692989230155945,8,0.0006983372960937497
223,0.991741418838501,0.008258581161499023,1.311064600944519,0.02128664031624794,8,0.0006983372960937497
224,0.9918673634529114,0.008132636547088623,1.329698085784912,0.021348290145397186,8,0.0006983372960937497
225,0.9918131232261658,0.008186876773834229,1.321455478668213,0.021319562569260597,8,0.0006983372960937497
226,0.9919260144233704,0.008073985576629639,1.3235825300216675,0.02122906967997551,8,0.0006983372960937497
227,0.9917107820510864,0.008289217948913574,1.318364143371582,0.02138996683061123,8,0.0006983372960937497
228,0.992088794708252,0.007911205291748047,1.3038114309310913,0.020870206877589226,8,0.0006983372960937497
229,0.9921597838401794,0.007840216159820557,1.3196319341659546,0.020958133041858673,8,0.0006983372960937497
230,0.9922084212303162,0.007791578769683838,1.3225816488265991,0.020939478650689125,8,0.0006983372960937497
231,0.9915931820869446,0.00840681791305542,1.3046433925628662,0.02136918343603611,8,0.0006983372960937497
232,0.9923681616783142,0.007631838321685791,1.3166924715042114,0.020722445100545883,8,0.0006983372960937497
233,0.9921888113021851,0.007811188697814941,1.333104133605957,0.021064117550849915,8,0.0006983372960937497
234,0.9920621514320374,0.007937848567962646,1.3081796169281006,0.02094026654958725,8,0.0006983372960937497
235,0.9921147227287292,0.007885277271270752,1.3292145729064941,0.02109856903553009,8,0.0006983372960937497
236,0.9918127655982971,0.00818723440170288,1.3223856687545776,0.02132921852171421,8,0.0006983372960937497
237,0.9920220375061035,0.007977962493896484,1.3068583011627197,0.02096676453948021,8,0.0006983372960937497
238,0.9918345808982849,0.008165419101715088,1.3141390085220337,0.021225154399871826,8,0.0006983372960937497
239,0.9918781518936157,0.008121848106384277,1.3273123502731323,0.021313752979040146,8,0.0006983372960937497
240,0.9920777082443237,0.00792229175567627,1.3162744045257568,0.021005813032388687,8,0.0006983372960937497
241,0.9920792579650879,0.00792074203491211,1.3029226064682007,0.020870760083198547,8,0.0006983372960937497
242,0.99172443151474,0.00827556848526001,1.332404375076294,0.02151685580611229,8,0.0006983372960937497
243,0.9910486340522766,0.008951365947723389,1.316620111465454,0.022028053179383278,8,0.0006983372960937497
244,0.9919936060905457,0.008006393909454346,1.323005199432373,0.02115638181567192,8,0.0006983372960937497
245,0.9920727014541626,0.007927298545837402,1.3087940216064453,0.020935963839292526,8,0.0006983372960937497
246,0.9920098185539246,0.00799018144607544,1.3320424556732178,0.021230705082416534,8,0.0006983372960937497
247,0.9913609027862549,0.008639097213745117,1.309337854385376,0.021646084263920784,8,0.0006983372960937497
248,0.9920110702514648,0.007988929748535156,1.3172138929367065,0.02108117938041687,9,0.0006634204312890621
249,0.9921007752418518,0.007899224758148193,1.3045768737792969,0.020866001024842262,9,0.0006634204312890621
250,0.9919559359550476,0.008044064044952393,1.3216700553894043,0.021180324256420135,9,0.0006634204312890621
251,0.9920635223388672,0.007936477661132812,1.3169678449630737,0.021026790142059326,9,0.0006634204312890621
252,0.9919365048408508,0.00806349515914917,1.3204631805419922,0.021187491714954376,9,0.0006634204312890621
253,0.9920188784599304,0.00798112154006958,1.32326078414917,0.021133918315172195,9,0.0006634204312890621
254,0.9917833209037781,0.008216679096221924,1.307939887046814,0.021213911473751068,9,0.0006634204312890621
255,0.9920240640640259,0.007975935935974121,1.31309974193573,0.021027173846960068,9,0.0006634204312890621
256,0.9920570254325867,0.00794297456741333,1.2927916049957275,0.02079145982861519,9,0.0006634204312890621
257,0.9918914437294006,0.008108556270599365,1.31010103225708,0.02112847939133644,9,0.0006634204312890621
258,0.9916208386421204,0.008379161357879639,1.3192861080169678,0.021488230675458908,9,0.0006634204312890621
259,0.9919578433036804,0.00804215669631958,1.3150526285171509,0.021112261340022087,9,0.0006634204312890621
260,0.9922730922698975,0.007726907730102539,1.3157519102096558,0.020807158201932907,9,0.0006634204312890621
261,0.9921004176139832,0.007899582386016846,1.318068265914917,0.021001268178224564,9,0.0006634204312890621
262,0.9918144345283508,0.00818556547164917,1.3093622922897339,0.021197332069277763,9,0.0006634204312890621
263,0.9920108318328857,0.007989168167114258,1.3251973390579224,0.02116125077009201,9,0.0006634204312890621
264,0.9919447898864746,0.00805521011352539,1.331168532371521,0.021286342293024063,9,0.0006634204312890621
265,0.9923137426376343,0.007686257362365723,1.3190730810165405,0.02080012485384941,9,0.0006634204312890621
266,0.9920872449874878,0.007912755012512207,1.3254811763763428,0.021088439971208572,9,0.0006634204312890621
267,0.9919672608375549,0.008032739162445068,1.3183163404464722,0.02113557606935501,9,0.0006634204312890621
268,0.9924789667129517,0.00752103328704834,1.3128230571746826,0.0205740537494421,9,0.0006634204312890621
269,0.992079496383667,0.007920503616333008,1.2815295457839966,0.020656593143939972,9,0.0006634204312890621
270,0.9916399717330933,0.008360028266906738,1.3133633136749268,0.021410061046481133,9,0.0006634204312890621
271,0.9921059608459473,0.007894039154052734,1.3229124546051025,0.02104422263801098,9,0.0006634204312890621
272,0.9918626546859741,0.008137345314025879,1.303869366645813,0.021094664931297302,9,0.0006634204312890621
273,0.9921483397483826,0.007851660251617432,1.3218588829040527,0.0209917314350605,9,0.0006634204312890621
274,0.9923344254493713,0.007665574550628662,1.3000845909118652,0.020589765161275864,9,0.0006634204312890621
275,0.9919340014457703,0.008065998554229736,1.3165717124938965,0.02115105465054512,9,0.0006634204312890621
276,0.9923001527786255,0.007699847221374512,1.3168660402297974,0.02079150825738907,9,0.0006634204312890621
277,0.9918821454048157,0.008117854595184326,1.320313811302185,0.021239813417196274,9,0.0006634204312890621
278,0.9926069378852844,0.007393062114715576,1.3086285591125488,0.020405417308211327,9,0.0006634204312890621
279,0.9920513033866882,0.007948696613311768,1.3168015480041504,0.021037224680185318,10,0.000630249409724609
280,0.9923105239868164,0.007689476013183594,1.3207342624664307,0.020819924771785736,10,0.000630249409724609
281,0.992118775844574,0.007881224155426025,1.3181593418121338,0.02098400518298149,10,0.000630249409724609
282,0.9922561049461365,0.007743895053863525,1.2976692914962769,0.020643148571252823,10,0.000630249409724609
283,0.9922698736190796,0.00773012638092041,1.2944453954696655,0.02059727907180786,10,0.000630249409724609
284,0.9922080039978027,0.007791996002197266,1.3085224628448486,0.02079930156469345,10,0.000630249409724609
285,0.9921205043792725,0.007879495620727539,1.3258986473083496,0.021059686318039894,10,0.000630249409724609
286,0.991927981376648,0.00807201862335205,1.2997065782546997,0.02098836377263069,10,0.000630249409724609
287,0.9920165538787842,0.00798344612121582,1.315302848815918,0.021056639030575752,10,0.000630249409724609
288,0.9921697378158569,0.007830262184143066,1.313675880432129,0.020888717845082283,10,0.000630249409724609
289,0.991995096206665,0.008004903793334961,1.316934585571289,0.021094199270009995,10,0.000630249409724609
290,0.991919219493866,0.008080780506134033,1.3099128007888794,0.02109909988939762,10,0.000630249409724609
291,0.9922327399253845,0.0077672600746154785,1.2971811294555664,0.020661398768424988,10,0.000630249409724609
292,0.9920952916145325,0.00790470838546753,1.3110191822052002,0.020935852080583572,10,0.000630249409724609
293,0.992297887802124,0.0077021121978759766,1.3181545734405518,0.020806636661291122,10,0.000630249409724609
294,0.9923247694969177,0.007675230503082275,1.3201780319213867,0.020800258964300156,10,0.000630249409724609
295,0.9916272163391113,0.008372783660888672,1.3305954933166504,0.02159501053392887,10,0.000630249409724609
296,0.9921736717224121,0.00782632827758789,1.3082925081253052,0.020830990746617317,10,0.000630249409724609
297,0.9920812845230103,0.007918715476989746,1.3184629678726196,0.021024158224463463,10,0.000630249409724609
298,0.9922215938568115,0.0077784061431884766,1.3102960586547852,0.020803581923246384,10,0.000630249409724609
299,0.9919038414955139,0.008096158504486084,1.3023476600646973,0.02103867381811142,10,0.000630249409724609
300,0.9921441078186035,0.007855892181396484,1.30277419090271,0.020805075764656067,10,0.000630249409724609
301,0.9923812747001648,0.007618725299835205,1.3013283014297485,0.02055582031607628,10,0.000630249409724609
302,0.9922488331794739,0.007751166820526123,1.2943767309188843,0.020617421716451645,10,0.000630249409724609
303,0.9920921921730042,0.00790780782699585,1.3209580183029175,0.02103830873966217,10,0.000630249409724609
304,0.9924346208572388,0.0075653791427612305,1.3110694885253906,0.020600419491529465,10,0.000630249409724609
305,0.9920932054519653,0.007906794548034668,1.3085682392120361,0.02091340906918049,10,0.000630249409724609
306,0.9925264716148376,0.0074735283851623535,1.3105775117874146,0.02050456777215004,10,0.000630249409724609
307,0.9923504590988159,0.007649540901184082,1.315612554550171,0.020729171112179756,10,0.000630249409724609
308,0.9922078251838684,0.007792174816131592,1.2998756170272827,0.02071300894021988,10,0.000630249409724609
309,0.9918625950813293,0.008137404918670654,1.293700933456421,0.02099303901195526,10,0.000630249409724609
310,0.9923752546310425,0.0076247453689575195,1.3184994459152222,0.020733492448925972,11,0.0005987369392383785
311,0.9920384883880615,0.007961511611938477,1.3186335563659668,0.021068232133984566,11,0.0005987369392383785
312,0.9922020435333252,0.007797956466674805,1.3061308860778809,0.02078128606081009,11,0.0005987369392383785
313,0.9923841953277588,0.007615804672241211,1.305076241493225,0.020590409636497498,11,0.0005987369392383785
314,0.9916911721229553,0.008308827877044678,1.3111765384674072,0.02133750542998314,11,0.0005987369392383785
315,0.992487370967865,0.00751262903213501,1.2986221313476562,0.020423725247383118,11,0.0005987369392383785
316,0.9923508763313293,0.007649123668670654,1.316247582435608,0.020735107362270355,11,0.0005987369392383785
317,0.9921607375144958,0.00783926248550415,1.309091329574585,0.020851783454418182,11,0.0005987369392383785
318,0.9925221800804138,0.007477819919586182,1.3072564601898193,0.020475605502724648,11,0.0005987369392383785
319,0.9926472306251526,0.007352769374847412,1.3123284578323364,0.02040252648293972,11,0.0005987369392383785
320,0.9923394918441772,0.007660508155822754,1.286232590675354,0.020446229726076126,11,0.0005987369392383785
321,0.9922678470611572,0.0077321529388427734,1.3095502853393555,0.02075033448636532,11,0.0005987369392383785
322,0.992254912853241,0.007745087146759033,1.3078478574752808,0.02074611559510231,11,0.0005987369392383785
323,0.9923301339149475,0.00766986608505249,1.3153221607208252,0.020746389403939247,11,0.0005987369392383785
324,0.9926421046257019,0.007357895374298096,1.2978183031082153,0.020262500271201134,11,0.0005987369392383785
325,0.9924070239067078,0.007592976093292236,1.300552487373352,0.020522572100162506,11,0.0005987369392383785
326,0.9921700358390808,0.00782996416091919,1.298927664756775,0.020740941166877747,11,0.0005987369392383785
327,0.9923657774925232,0.007634222507476807,1.312179446220398,0.020679675042629242,11,0.0005987369392383785
328,0.9924179315567017,0.00758206844329834,1.3032383918762207,0.020538631826639175,11,0.0005987369392383785
329,0.9922813773155212,0.00771862268447876,1.2943658828735352,0.02058509550988674,11,0.0005987369392383785
330,0.9919307827949524,0.008069217205047607,1.2999210357666016,0.0209877360612154,11,0.0005987369392383785
331,0.9924072623252869,0.007592737674713135,1.307692050933838,0.020593730732798576,11,0.0005987369392383785
332,0.9925943613052368,0.007405638694763184,1.3059122562408447,0.02039070427417755,11,0.0005987369392383785
333,0.9922287464141846,0.00777125358581543,1.3146260976791382,0.02083980292081833,11,0.0005987369392383785
334,0.9922236800193787,0.007776319980621338,1.297160267829895,0.02067015878856182,11,0.0005987369392383785
335,0.9922130107879639,0.007786989212036133,1.30095374584198,0.020718656480312347,11,0.0005987369392383785
336,0.9921464323997498,0.007853567600250244,1.314123511314392,0.02091626636683941,11,0.0005987369392383785
337,0.9921728372573853,0.007827162742614746,1.3247654438018799,0.020996544510126114,11,0.0005987369392383785
338,0.9921783804893494,0.007821619510650635,1.312250018119812,0.020865902304649353,11,0.0005987369392383785
339,0.9923979043960571,0.007602095603942871,1.2992206811904907,0.020518280565738678,11,0.0005987369392383785
340,0.991987943649292,0.008012056350708008,1.307192325592041,0.021003857254981995,11,0.0005987369392383785
341,0.9921784400939941,0.00782155990600586,1.3129607439041138,0.020872950553894043,12,0.0005688000922764595
342,0.9925128221511841,0.007487177848815918,1.3124637603759766,0.020536944270133972,12,0.0005688000922764595
343,0.9923668503761292,0.00763314962387085,1.3282519578933716,0.02083933725953102,12,0.0005688000922764595
344,0.9925721287727356,0.007427871227264404,1.3011956214904785,0.020365547388792038,12,0.0005688000922764595
345,0.9922761917114258,0.007723808288574219,1.3093109130859375,0.020739680156111717,12,0.0005688000922764595
346,0.9926068186759949,0.007393181324005127,1.3091833591461182,0.020411083474755287,12,0.0005688000922764595
347,0.992551326751709,0.007448673248291016,1.303126335144043,0.020405448973178864,12,0.0005688000922764595
348,0.9923180341720581,0.0076819658279418945,1.304324746131897,0.020648393779993057,12,0.0005688000922764595
349,0.9922963380813599,0.007703661918640137,1.2951951026916504,0.020578576251864433,12,0.0005688000922764595
350,0.9924706816673279,0.007529318332672119,1.3034286499023438,0.020488310605287552,12,0.0005688000922764595
351,0.9923698306083679,0.00763016939163208,1.2990180253982544,0.02054404839873314,12,0.0005688000922764595
352,0.9922649264335632,0.007735073566436768,1.3118687868118286,0.02077641151845455,12,0.0005688000922764595
353,0.9922621250152588,0.007737874984741211,1.3027586936950684,0.02068808302283287,12,0.0005688000922764595
354,0.9919917583465576,0.008008241653442383,1.3111389875411987,0.021039549261331558,12,0.0005688000922764595
355,0.9924039244651794,0.007596075534820557,1.3052204847335815,0.020572319626808167,12,0.0005688000922764595
356,0.9923990368843079,0.007600963115692139,1.3062273263931274,0.020587226375937462,12,0.0005688000922764595
357,0.9922531247138977,0.007746875286102295,1.292535424232483,0.0205947607755661,12,0.0005688000922764595
358,0.992489755153656,0.007510244846343994,1.2980629205703735,0.0204157717525959,12,0.0005688000922764595
359,0.9924877882003784,0.007512211799621582,1.2882598638534546,0.020319689065217972,12,0.0005688000922764595
360,0.992603600025177,0.007396399974822998,1.306546688079834,0.020387902855873108,12,0.0005688000922764595
361,0.9923796653747559,0.007620334625244141,1.3117198944091797,0.020661329850554466,12,0.0005688000922764595
362,0.9923709630966187,0.007629036903381348,1.30369234085083,0.020589670166373253,12,0.0005688000922764595
363,0.9923415184020996,0.007658481597900391,1.2903990745544434,0.020485887303948402,12,0.0005688000922764595
364,0.9920687079429626,0.007931292057037354,1.3080109357833862,0.020932087674736977,12,0.0005688000922764595
365,0.9922709465026855,0.007729053497314453,1.3113991022109985,0.020765753462910652,12,0.0005688000922764595
366,0.99246746301651,0.00753253698348999,1.2956576347351074,0.02041378803551197,12,0.0005688000922764595
367,0.9926034808158875,0.007396519184112549,1.3081152439117432,0.020403705537319183,12,0.0005688000922764595
368,0.9922144412994385,0.0077855587005615234,1.2904585599899292,0.020612288266420364,12,0.0005688000922764595
369,0.9926332831382751,0.0073667168617248535,1.2950248718261719,0.020243298262357712,12,0.0005688000922764595
370,0.992071270942688,0.007928729057312012,1.309641718864441,0.02094585821032524,12,0.0005688000922764595
371,0.9922691583633423,0.007730841636657715,1.3129639625549316,0.02078317292034626,12,0.0005688000922764595
372,0.9924666881561279,0.00753331184387207,1.3008817434310913,0.020466797053813934,13,0.0005403600876626365
373,0.9922909736633301,0.007709026336669922,1.3087384700775146,0.020719319581985474,13,0.0005403600876626365
374,0.9924992322921753,0.007500767707824707,1.3042871952056885,0.020468631759285927,13,0.0005403600876626365
375,0.9925819635391235,0.007418036460876465,1.2957477569580078,0.0203013326972723,13,0.0005403600876626365
376,0.9928602576255798,0.007139742374420166,1.2922706604003906,0.01999105140566826,13,0.0005403600876626365
377,0.9921410083770752,0.007858991622924805,1.3039854764938354,0.0208202563226223,13,0.0005403600876626365
378,0.9925736784934998,0.007426321506500244,1.3006947040557861,0.02035900577902794,13,0.0005403600876626365
379,0.9922003149986267,0.007799685001373291,1.2838366031646729,0.02056005410850048,13,0.0005403600876626365
380,0.9924304485321045,0.007569551467895508,1.3005856275558472,0.020499711856245995,13,0.0005403600876626365
381,0.9923917651176453,0.007608234882354736,1.2925689220428467,0.020457841455936432,13,0.0005403600876626365
382,0.9926751255989075,0.007324874401092529,1.2927480936050415,0.020179107785224915,13,0.0005403600876626365
383,0.9920819997787476,0.007918000221252441,1.3238469362258911,0.021077290177345276,13,0.0005403600876626365
384,0.9924215078353882,0.007578492164611816,1.2970470190048218,0.02047317661345005,13,0.0005403600876626365
385,0.9926683306694031,0.007331669330596924,1.3037160634994507,0.020295511931180954,13,0.0005403600876626365
386,0.9924814105033875,0.007518589496612549,1.2990143299102783,0.020433546975255013,13,0.0005403600876626365
387,0.9925098419189453,0.0074901580810546875,1.2955265045166016,0.020370520651340485,13,0.0005403600876626365
388,0.9926682114601135,0.007331788539886475,1.3005338907241821,0.020263809710741043,13,0.0005403600876626365
389,0.9920539259910583,0.00794607400894165,1.2968082427978516,0.020834695547819138,13,0.0005403600876626365
390,0.9924538135528564,0.007546186447143555,1.3019975423812866,0.020490700379014015,13,0.0005403600876626365
391,0.9921053051948547,0.007894694805145264,1.3092741966247559,0.02090848982334137,13,0.0005403600876626365
392,0.9921578764915466,0.00784212350845337,1.3167983293533325,0.020931685343384743,13,0.0005403600876626365
393,0.9919074177742004,0.00809258222579956,1.3170493841171265,0.021182149648666382,13,0.0005403600876626365
394,0.9919450283050537,0.008054971694946289,1.3265175819396973,0.021239597350358963,13,0.0005403600876626365
395,0.9916587471961975,0.00834125280380249,1.3286583423614502,0.021544422954320908,13,0.0005403600876626365
396,0.9920889139175415,0.007911086082458496,1.3258113861083984,0.021090088412165642,13,0.0005403600876626365
397,0.9917417764663696,0.008258223533630371,1.3251440525054932,0.021427081897854805,13,0.0005403600876626365
398,0.9920604228973389,0.007939577102661133,1.3118501901626587,0.020978683605790138,13,0.0005403600876626365
399,0.9921541213989258,0.007845878601074219,1.325050950050354,0.021017929539084435,13,0.0005403600876626365
400,0.9919673204421997,0.008032679557800293,1.3205620050430298,0.021157972514629364,13,0.0005403600876626365
401,0.9920509457588196,0.00794905424118042,1.3001983165740967,0.020871546119451523,13,0.0005403600876626365
402,0.9921677708625793,0.007832229137420654,1.291154146194458,0.020665448158979416,13,0.0005403600876626365
403,0.9919214248657227,0.008078575134277344,1.3063815832138062,0.021061604842543602,14,0.0005133420832795047
404,0.9926882386207581,0.007311761379241943,1.3145655393600464,0.020384298637509346,14,0.0005133420832795047
405,0.9924668669700623,0.007533133029937744,1.2938401699066162,0.02039620280265808,14,0.0005133420832795047
406,0.9922325015068054,0.00776749849319458,1.3109594583511353,0.020799417048692703,14,0.0005133420832795047
407,0.9921974539756775,0.00780254602432251,1.29957914352417,0.020720310509204865,14,0.0005133420832795047
408,0.9923422336578369,0.007657766342163086,1.3176629543304443,0.02075781859457493,14,0.0005133420832795047
409,0.9925535917282104,0.007446408271789551,1.3101427555084229,0.02047337219119072,14,0.0005133420832795047
410,0.9923534989356995,0.007646501064300537,1.3205463886260986,0.020775500684976578,14,0.0005133420832795047
411,0.9918649196624756,0.008135080337524414,1.301601529121399,0.02106974460184574,14,0.0005133420832795047
412,0.9919950366020203,0.008004963397979736,1.312530279159546,0.021050214767456055,14,0.0005133420832795047
413,0.9923009872436523,0.007699012756347656,1.3073954582214355,0.02069597691297531,14,0.0005133420832795047
414,0.9921369552612305,0.007863044738769531,1.295960545539856,0.020744020119309425,14,0.0005133420832795047
415,0.9920111298561096,0.00798887014389038,1.3247123956680298,0.021156106144189835,14,0.0005133420832795047
416,0.9921075105667114,0.007892489433288574,1.3257997035980225,0.02107156068086624,14,0.0005133420832795047
417,0.9919004440307617,0.008099555969238281,1.3180429935455322,0.021198991686105728,14,0.0005133420832795047
418,0.992089033126831,0.007910966873168945,1.3109207153320312,0.02094106376171112,14,0.0005133420832795047
419,0.9923593997955322,0.0076406002044677734,1.286623477935791,0.0204304289072752,14,0.0005133420832795047
420,0.9921635389328003,0.007836461067199707,1.322622299194336,0.020984318107366562,14,0.0005133420832795047
421,0.9923449158668518,0.007655084133148193,1.3017325401306152,0.020595857873558998,14,0.0005133420832795047
422,0.9922996759414673,0.007700324058532715,1.3095026016235352,0.020718347281217575,14,0.0005133420832795047
423,0.9918600916862488,0.00813990831375122,1.2964773178100586,0.021023280918598175,14,0.0005133420832795047
424,0.9923338890075684,0.007666110992431641,1.315110445022583,0.020740553736686707,14,0.0005133420832795047
425,0.9921151399612427,0.007884860038757324,1.3184926509857178,0.02099093794822693,14,0.0005133420832795047
426,0.9922276139259338,0.007772386074066162,1.2951890230178833,0.020646551623940468,14,0.0005133420832795047
427,0.9924739599227905,0.007526040077209473,1.3063852787017822,0.020514633506536484,14,0.0005133420832795047
428,0.9923750758171082,0.007624924182891846,1.3065062761306763,0.020613737404346466,14,0.0005133420832795047
429,0.9920642971992493,0.007935702800750732,1.2912839651107788,0.020769186317920685,14,0.0005133420832795047
430,0.9922060370445251,0.0077939629554748535,1.3186606168746948,0.02090262994170189,14,0.0005133420832795047
431,0.9921976327896118,0.007802367210388184,1.3132656812667847,0.02085700072348118,14,0.0005133420832795047
432,0.9921091794967651,0.007890820503234863,1.3035355806350708,0.020847268402576447,14,0.0005133420832795047
433,0.9919861555099487,0.00801384449005127,1.313699722290039,0.021070703864097595,14,0.0005133420832795047
434,0.9924315810203552,0.007568418979644775,1.3095890283584595,0.020588625222444534,15,0.00048767497911552944
435,0.9922545552253723,0.0077454447746276855,1.3068249225616455,0.020736239850521088,15,0.00048767497911552944
436,0.9922462701797485,0.007753729820251465,1.3136560916900635,0.020812753587961197,15,0.00048767497911552944
437,0.9924635887145996,0.007536411285400391,1.3158831596374512,0.02061987854540348,15,0.00048767497911552944
438,0.9924028515815735,0.007597148418426514,1.3056002855300903,0.02057717926800251,15,0.00048767497911552944
439,0.9925732612609863,0.007426738739013672,1.3105437755584717,0.020457908511161804,15,0.00048767497911552944
440,0.9925724267959595,0.007427573204040527,1.3004122972488403,0.020357418805360794,15,0.00048767497911552944
441,0.9925873279571533,0.00741267204284668,1.2984790802001953,0.020323336124420166,15,0.00048767497911552944
442,0.9922658801078796,0.007734119892120361,1.2903337478637695,0.020560115575790405,15,0.00048767497911552944
443,0.9925153851509094,0.007484614849090576,1.2997581958770752,0.02040735073387623,15,0.00048767497911552944
444,0.9920687675476074,0.007931232452392578,1.2944984436035156,0.02079690434038639,15,0.00048767497911552944
445,0.9925786256790161,0.007421374320983887,1.2963871955871582,0.020311031490564346,15,0.00048767497911552944
446,0.9922994375228882,0.007700562477111816,1.3123290538787842,0.020746847614645958,15,0.00048767497911552944
447,0.992582380771637,0.007417619228363037,1.280834674835205,0.020151790231466293,15,0.00048767497911552944
448,0.9920578598976135,0.007942140102386475,1.3012347221374512,0.02087506651878357,15,0.00048767497911552944
449,0.992405116558075,0.007594883441925049,1.2996798753738403,0.02051573246717453,15,0.00048767497911552944
450,0.9924409985542297,0.007559001445770264,1.3124276399612427,0.020607687532901764,15,0.00048767497911552944
451,0.9925840497016907,0.007415950298309326,1.302516222000122,0.020366951823234558,15,0.00048767497911552944
452,0.9924208521842957,0.007579147815704346,1.3053518533706665,0.020556874573230743,15,0.00048767497911552944
453,0.9925746321678162,0.007425367832183838,1.2945544719696045,0.02029665932059288,15,0.00048767497911552944
454,0.9927463531494141,0.0072536468505859375,1.2997218370437622,0.020178329199552536,15,0.00048767497911552944
455,0.992011308670044,0.007988691329956055,1.3225855827331543,0.02113465964794159,15,0.00048767497911552944
456,0.9922360181808472,0.007763981819152832,1.2887922525405884,0.020574264228343964,15,0.00048767497911552944
457,0.9926633834838867,0.007336616516113281,1.2908720970153809,0.02017197012901306,15,0.00048767497911552944
458,0.9921829700469971,0.00781702995300293,1.3103582859039307,0.02084244228899479,15,0.00048767497911552944
459,0.9925447106361389,0.007455289363861084,1.3008251190185547,0.02038898691534996,15,0.00048767497911552944
460,0.9925260543823242,0.007473945617675781,1.304861307144165,0.02044781856238842,15,0.00048767497911552944
461,0.992298424243927,0.007701575756072998,1.3013544082641602,0.020638104528188705,15,0.00048767497911552944
462,0.9924646615982056,0.007535338401794434,1.3050330877304077,0.020510315895080566,15,0.00048767497911552944
463,0.9923983812332153,0.007601618766784668,1.3063031435012817,0.02058863453567028,15,0.00048767497911552944
464,0.992522120475769,0.007477879524230957,1.2905545234680176,0.02030864544212818,15,0.00048767497911552944
465,0.9925590753555298,0.007440924644470215,1.2972582578659058,0.02033909782767296,16,0.00046329123015975297
466,0.9927273392677307,0.007272660732269287,1.2983402013778687,0.02018333598971367,16,0.00046329123015975297
467,0.9923708438873291,0.0076291561126708984,1.3003664016723633,0.020556528121232986,16,0.00046329123015975297
468,0.9922872185707092,0.0077127814292907715,1.3092576265335083,0.020728228613734245,16,0.00046329123015975297
469,0.9926279187202454,0.007372081279754639,1.291015625,0.020208515226840973,16,0.00046329123015975297
470,0.9927582740783691,0.007241725921630859,1.2831060886383057,0.020000368356704712,16,0.00046329123015975297
471,0.9923457503318787,0.007654249668121338,1.3087598085403442,0.020665304735302925,16,0.00046329123015975297
472,0.9928000569343567,0.0071999430656433105,1.2840576171875,0.019968518987298012,16,0.00046329123015975297
473,0.9924827218055725,0.00751727819442749,1.2874127626419067,0.020316231995821,16,0.00046329123015975297
474,0.992786169052124,0.0072138309478759766,1.2959188222885132,0.020100880414247513,16,0.00046329123015975297
475,0.992698609828949,0.007301390171051025,1.2963240146636963,0.02019161731004715,16,0.00046329123015975297
476,0.992397665977478,0.007602334022521973,1.2901184558868408,0.02042749524116516,16,0.00046329123015975297
477,0.9923772811889648,0.007622718811035156,1.2968436479568481,0.020514927804470062,16,0.00046329123015975297
478,0.9925602078437805,0.007439792156219482,1.3013238906860352,0.020378634333610535,16,0.00046329123015975297
479,0.9926862716674805,0.007313728332519531,1.2997397184371948,0.020237987861037254,16,0.00046329123015975297
480,0.9921495318412781,0.007850468158721924,1.3065571784973145,0.020837536081671715,16,0.00046329123015975297
481,0.9926483035087585,0.007351696491241455,1.2932339906692505,0.020210519433021545,16,0.00046329123015975297
482,0.9926116466522217,0.00738835334777832,1.2985001802444458,0.02029947191476822,16,0.00046329123015975297
483,0.9925204515457153,0.007479548454284668,1.2854963541030884,0.020259715616703033,16,0.00046329123015975297
484,0.9926832318305969,0.007316768169403076,1.2862269878387451,0.020105870440602303,16,0.00046329123015975297
485,0.9926308989524841,0.007369101047515869,1.2922847270965576,0.02021825686097145,16,0.00046329123015975297
486,0.9924519658088684,0.007548034191131592,1.30778968334198,0.020550450310111046,16,0.00046329123015975297
487,0.992298424243927,0.007701575756072998,1.306101679801941,0.020685575902462006,16,0.00046329123015975297
488,0.9926294088363647,0.007370591163635254,1.285163164138794,0.020148515701293945,16,0.00046329123015975297
489,0.9925861954689026,0.007413804531097412,1.285203456878662,0.020191701129078865,16,0.00046329123015975297
490,0.992495059967041,0.007504940032958984,1.3018907308578491,0.020448798313736916,16,0.00046329123015975297
491,0.9925340414047241,0.007465958595275879,1.2987713813781738,0.02037901245057583,16,0.00046329123015975297
492,0.9925678372383118,0.007432162761688232,1.2963035106658936,0.02032087743282318,16,0.00046329123015975297
493,0.992581844329834,0.007418155670166016,1.3074547052383423,0.020418521016836166,16,0.00046329123015975297
494,0.9925462007522583,0.007453799247741699,1.304722547531128,0.020426485687494278,16,0.00046329123015975297
495,0.9923914670944214,0.007608532905578613,1.3079462051391602,0.02061190828680992,16,0.00046329123015975297
496,0.9924464225769043,0.007553577423095703,1.2880862951278687,0.02035890519618988,17,0.0004401266686517653
497,0.992635190486908,0.007364809513092041,1.2942456007003784,0.02023361623287201,17,0.0004401266686517653
498,0.9926875829696655,0.007312417030334473,1.2856485843658447,0.02009577862918377,17,0.0004401266686517653
499,0.992608368396759,0.007391631603240967,1.300243854522705,0.02032015472650528,17,0.0004401266686517653
500,0.9927683472633362,0.007231652736663818,1.3023948669433594,0.02018328383564949,17,0.0004401266686517653
501,0.9925289154052734,0.0074710845947265625,1.2994765043258667,0.020391138270497322,17,0.0004401266686517653
502,0.9925115704536438,0.007488429546356201,1.3018364906311035,0.02043190971016884,17,0.0004401266686517653
503,0.9926654100418091,0.007334589958190918,1.2935504913330078,0.02019674889743328,17,0.0004401266686517653
504,0.992720365524292,0.007279634475708008,1.2722200155258179,0.019929038360714912,17,0.0004401266686517653
505,0.9925066828727722,0.007493317127227783,1.2848539352416992,0.020266924053430557,17,0.0004401266686517653
506,0.9927726984024048,0.007227301597595215,1.2911772727966309,0.020066801458597183,17,0.0004401266686517653
507,0.9925966262817383,0.007403373718261719,1.2919889688491821,0.020249228924512863,17,0.0004401266686517653
508,0.9925714135169983,0.007428586483001709,1.2974909543991089,0.02032921090722084,17,0.0004401266686517653
509,0.9928180575370789,0.007181942462921143,1.2958663702011108,0.020068787038326263,17,0.0004401266686517653
510,0.9927584528923035,0.007241547107696533,1.2867878675460815,0.020037010312080383,17,0.0004401266686517653
511,0.9927685856819153,0.007231414318084717,1.2974308729171753,0.020133409649133682,17,0.0004401266686517653
512,0.9927153587341309,0.007284641265869141,1.3120436668395996,0.020332232117652893,17,0.0004401266686517653
513,0.9923786520957947,0.007621347904205322,1.3023828268051147,0.020568963140249252,17,0.0004401266686517653
514,0.9928497076034546,0.00715029239654541,1.291385293006897,0.019992642104625702,17,0.0004401266686517653
515,0.9926890134811401,0.007310986518859863,1.2942452430725098,0.02018032968044281,17,0.0004401266686517653
516,0.9924924373626709,0.0075075626373291016,1.2935826778411865,0.020368313416838646,17,0.0004401266686517653
517,0.9926626682281494,0.007337331771850586,1.2940473556518555,0.02020443230867386,17,0.0004401266686517653
518,0.9925655126571655,0.007434487342834473,1.2962360382080078,0.02032250165939331,17,0.0004401266686517653
519,0.9923364520072937,0.007663547992706299,1.2942664623260498,0.020529577508568764,17,0.0004401266686517653
520,0.9926056861877441,0.007394313812255859,1.285840630531311,0.02017877623438835,17,0.0004401266686517653
521,0.9926942586898804,0.007305741310119629,1.28231942653656,0.020055878907442093,17,0.0004401266686517653
522,0.9929198026657104,0.007080197334289551,1.2906854152679443,0.019916249439120293,17,0.0004401266686517653
523,0.9924931526184082,0.007506847381591797,1.3005117177963257,0.02043689601123333,17,0.0004401266686517653
524,0.9926080703735352,0.007391929626464844,1.2871127128601074,0.020189136266708374,17,0.0004401266686517653
525,0.9927851557731628,0.007214844226837158,1.290919542312622,0.02005189098417759,17,0.0004401266686517653
526,0.9929307699203491,0.007069230079650879,1.2900326251983643,0.01989886537194252,17,0.0004401266686517653
527,0.9924335479736328,0.0075664520263671875,1.291858434677124,0.020409371703863144,18,0.00041812033521917703
528,0.9927108883857727,0.007289111614227295,1.2916184663772583,0.020132403820753098,18,0.00041812033521917703
529,0.9930151104927063,0.006984889507293701,1.2860032320022583,0.01977507211267948,18,0.00041812033521917703
530,0.9925317168235779,0.007468283176422119,1.2940711975097656,0.020334310829639435,18,0.00041812033521917703
531,0.9929621815681458,0.007037818431854248,1.2736084461212158,0.019703524187207222,18,0.00041812033521917703
532,0.9928820729255676,0.007117927074432373,1.2863394021987915,0.019910141825675964,18,0.00041812033521917703
533,0.9925168752670288,0.007483124732971191,1.2940469980239868,0.020348763093352318,18,0.00041812033521917703
534,0.9927515983581543,0.007248401641845703,1.2811317443847656,0.019987234845757484,18,0.00041812033521917703
535,0.9927675724029541,0.0072324275970458984,1.295142650604248,0.020111529156565666,18,0.00041812033521917703
536,0.992750346660614,0.007249653339385986,1.2878077030181885,0.02005523443222046,18,0.00041812033521917703
537,0.9927812814712524,0.007218718528747559,1.2956494092941284,0.020103024318814278,18,0.00041812033521917703
538,0.9928720593452454,0.007127940654754639,1.2844876050949097,0.019901536405086517,18,0.00041812033521917703
539,0.9927451014518738,0.007254898548126221,1.3038684129714966,0.020221032202243805,18,0.00041812033521917703
540,0.9926819205284119,0.007318079471588135,1.292485237121582,0.020169749855995178,18,0.00041812033521917703
541,0.9925668835639954,0.007433116436004639,1.2883532047271729,0.020242316648364067,18,0.00041812033521917703
542,0.9925748109817505,0.007425189018249512,1.2869452238082886,0.02022038958966732,18,0.00041812033521917703
543,0.9930604100227356,0.006939589977264404,1.2920116186141968,0.01979031041264534,18,0.00041812033521917703
544,0.9927255511283875,0.007274448871612549,1.284891963005066,0.020050624385476112,18,0.00041812033521917703
545,0.9926325082778931,0.007367491722106934,1.2861818075180054,0.020155634731054306,18,0.00041812033521917703
546,0.9929290413856506,0.007070958614349365,1.2848491668701172,0.019848741590976715,18,0.00041812033521917703
547,0.9927941560745239,0.007205843925476074,1.2804168462753296,0.01993795484304428,18,0.00041812033521917703
548,0.9928351044654846,0.007164895534515381,1.2980200052261353,0.02007344551384449,18,0.00041812033521917703
549,0.992728590965271,0.007271409034729004,1.3016278743743896,0.020214974880218506,18,0.00041812033521917703
550,0.9924848675727844,0.007515132427215576,1.3015803098678589,0.02045578509569168,18,0.00041812033521917703
551,0.9926120042800903,0.007387995719909668,1.2850159406661987,0.02016427367925644,18,0.00041812033521917703
552,0.9926944971084595,0.007305502891540527,1.2583552598953247,0.019816000014543533,18,0.00041812033521917703
553,0.9930413961410522,0.006958603858947754,1.2857582569122314,0.019746599718928337,18,0.00041812033521917703
554,0.9927088618278503,0.007291138172149658,1.2934389114379883,0.020152615383267403,18,0.00041812033521917703
555,0.9929386377334595,0.007061362266540527,1.279584527015686,0.019786594435572624,18,0.00041812033521917703
556,0.9925981163978577,0.007401883602142334,1.2967629432678223,0.02029549330472946,18,0.00041812033521917703
557,0.9926891326904297,0.0073108673095703125,1.2832310199737549,0.020070068538188934,18,0.00041812033521917703
558,0.9928761124610901,0.007123887538909912,1.2844152450561523,0.019896801561117172,19,0.00039721431845821814
559,0.9926397204399109,0.007360279560089111,1.2892347574234009,0.0201790239661932,19,0.00039721431845821814
560,0.9929717779159546,0.00702822208404541,1.2908134460449219,0.01986607536673546,19,0.00039721431845821814
561,0.9926489591598511,0.007351040840148926,1.2731261253356934,0.020008791238069534,19,0.00039721431845821814
562,0.9929046630859375,0.0070953369140625,1.2904638051986694,0.01992902159690857,19,0.00039721431845821814
563,0.9925863742828369,0.007413625717163086,1.2855106592178345,0.02019459567964077,19,0.00039721431845821814
564,0.9927528500556946,0.00724714994430542,1.292750358581543,0.020102182403206825,19,0.00039721431845821814
565,0.992673397064209,0.007326602935791016,1.291246771812439,0.020165804773569107,19,0.00039721431845821814
566,0.992816150188446,0.007183849811553955,1.2901244163513184,0.02001325413584709,19,0.00039721431845821814
567,0.9926236867904663,0.007376313209533691,1.2910113334655762,0.02021266333758831,19,0.00039721431845821814
568,0.9930406808853149,0.006959319114685059,1.2741096019744873,0.01963082142174244,19,0.00039721431845821814
569,0.9925785660743713,0.007421433925628662,1.2895582914352417,0.020242802798748016,19,0.00039721431845821814
570,0.992829442024231,0.007170557975769043,1.2891759872436523,0.01999061182141304,19,0.00039721431845821814
571,0.9930219054222107,0.006978094577789307,1.2819647789001465,0.019727962091565132,19,0.00039721431845821814
572,0.9928296208381653,0.007170379161834717,1.280060052871704,0.01989927515387535,19,0.00039721431845821814
573,0.9927729368209839,0.007227063179016113,1.281973123550415,0.019974522292613983,19,0.00039721431845821814
574,0.9928686022758484,0.007131397724151611,1.2917875051498413,0.019977958872914314,19,0.00039721431845821814
575,0.9928718209266663,0.00712817907333374,1.2603193521499634,0.019660091027617455,19,0.00039721431845821814
576,0.9928666353225708,0.007133364677429199,1.2847986221313477,0.019910017028450966,19,0.00039721431845821814
577,0.9928538203239441,0.007146179676055908,1.2806307077407837,0.019881024956703186,19,0.00039721431845821814
578,0.9927105903625488,0.007289409637451172,1.2882112264633179,0.020098626613616943,19,0.00039721431845821814
579,0.9931030869483948,0.006896913051605225,1.2876758575439453,0.019704703241586685,19,0.00039721431845821814
580,0.9929060935974121,0.007093906402587891,1.2865875959396362,0.019888844341039658,19,0.00039721431845821814
581,0.9928086400032043,0.007191359996795654,1.2769845724105835,0.019889291375875473,19,0.00039721431845821814
582,0.99288010597229,0.007119894027709961,1.2825127840042114,0.01987382397055626,19,0.00039721431845821814
583,0.9930858612060547,0.0069141387939453125,1.2763564586639404,0.01960856094956398,19,0.00039721431845821814
584,0.9927945137023926,0.007205486297607422,1.276082158088684,0.019894253462553024,19,0.00039721431845821814
585,0.9929620623588562,0.007037937641143799,1.2847141027450562,0.01981469988822937,19,0.00039721431845821814
586,0.9927922487258911,0.007207751274108887,1.2890675067901611,0.020026348531246185,19,0.00039721431845821814
587,0.9927403926849365,0.0072596073150634766,1.2826871871948242,0.020013881847262383,19,0.00039721431845821814
588,0.9929539561271667,0.007046043872833252,1.290154218673706,0.019877124577760696,19,0.00039721431845821814
589,0.9928441643714905,0.0071558356285095215,1.2745860815048218,0.019830137491226196,20,0.0003773536025353072
590,0.9930887818336487,0.006911218166351318,1.2837104797363281,0.01967921108007431,20,0.0003773536025353072
591,0.9926681518554688,0.00733184814453125,1.289924144744873,0.020157771185040474,20,0.0003773536025353072
592,0.9929261207580566,0.007073879241943359,1.2789242267608643,0.019792381674051285,20,0.0003773536025353072
593,0.9930543303489685,0.006945669651031494,1.2771917581558228,0.019648130983114243,20,0.0003773536025353072
594,0.9929230809211731,0.007076919078826904,1.2788734436035156,0.01979488506913185,20,0.0003773536025353072
595,0.992944061756134,0.007055938243865967,1.2838482856750488,0.019823862239718437,20,0.0003773536025353072
596,0.9927516579627991,0.007248342037200928,1.27199387550354,0.019895797595381737,20,0.0003773536025353072
597,0.993005633354187,0.006994366645812988,1.2719907760620117,0.01964433118700981,20,0.0003773536025353072
598,0.9927669763565063,0.007233023643493652,1.2886765003204346,0.02004745788872242,20,0.0003773536025353072
599,0.993104100227356,0.006895899772644043,1.2668577432632446,0.019495517015457153,20,0.0003773536025353072
600,0.9929589629173279,0.007041037082672119,1.2764308452606201,0.019734935835003853,20,0.0003773536025353072
601,0.9926565885543823,0.007343411445617676,1.2881749868392944,0.02015172690153122,20,0.0003773536025353072
602,0.9929494261741638,0.007050573825836182,1.2890300750732422,0.019870368763804436,20,0.0003773536025353072
603,0.9931135177612305,0.006886482238769531,1.285933017730713,0.019676946103572845,20,0.0003773536025353072
604,0.9930772185325623,0.006922781467437744,1.27957022190094,0.019649256020784378,20,0.0003773536025353072
605,0.992829442024231,0.007170557975769043,1.2894649505615234,0.019993502646684647,20,0.0003773536025353072
606,0.9928341507911682,0.007165849208831787,1.2792946100234985,0.019887136295437813,20,0.0003773536025353072
607,0.9927813410758972,0.007218658924102783,1.2675056457519531,0.01982152834534645,20,0.0003773536025353072
608,0.9928761720657349,0.007123827934265137,1.292095422744751,0.019973544403910637,20,0.0003773536025353072
609,0.9926029443740845,0.007397055625915527,1.2850111722946167,0.020173195749521255,20,0.0003773536025353072
610,0.9930123090744019,0.0069876909255981445,1.2732179164886475,0.019649993628263474,20,0.0003773536025353072
611,0.9932190775871277,0.0067809224128723145,1.2738484144210815,0.019451597705483437,20,0.0003773536025353072
612,0.9926878213882446,0.007312178611755371,1.2865309715270996,0.020104367285966873,20,0.0003773536025353072
613,0.9930996894836426,0.006900310516357422,1.2806788682937622,0.019638095051050186,20,0.0003773536025353072
614,0.992957353591919,0.007042646408081055,1.2754132747650146,0.019726350903511047,20,0.0003773536025353072
615,0.9929810166358948,0.007018983364105225,1.2784656286239624,0.019733449444174767,20,0.0003773536025353072
616,0.9929636120796204,0.007036387920379639,1.2836263179779053,0.019802287220954895,20,0.0003773536025353072
617,0.9928304553031921,0.007169544696807861,1.2637970447540283,0.01973581872880459,20,0.0003773536025353072
618,0.9928713440895081,0.007128655910491943,1.2730101346969604,0.019787469878792763,20,0.0003773536025353072
619,0.9929205775260925,0.007079422473907471,1.2737592458724976,0.019746219739317894,20,0.0003773536025353072
620,0.9927498698234558,0.0072501301765441895,1.2893112897872925,0.020070740953087807,21,0.0003584859224085418
621,0.9929513931274414,0.007048606872558594,1.2722982168197632,0.019701102748513222,21,0.0003584859224085418
622,0.992922306060791,0.007077693939208984,1.2792227268218994,0.019799143075942993,21,0.0003584859224085418
623,0.9931126832962036,0.006887316703796387,1.2763047218322754,0.019581489264965057,21,0.0003584859224085418
624,0.9927688241004944,0.007231175899505615,1.2840453386306763,0.019999317824840546,21,0.0003584859224085418
625,0.9931920170783997,0.006807982921600342,1.2584515810012817,0.019324418157339096,21,0.0003584859224085418
626,0.9931616187095642,0.006838381290435791,1.2674665451049805,0.01944466307759285,21,0.0003584859224085418
627,0.992999255657196,0.007000744342803955,1.2670727968215942,0.01960146427154541,21,0.0003584859224085418
628,0.9930663704872131,0.006933629512786865,1.2758655548095703,0.01962294802069664,21,0.0003584859224085418
629,0.9929470419883728,0.007052958011627197,1.2857887744903564,0.019840316846966743,21,0.0003584859224085418
630,0.9928004145622253,0.007199585437774658,1.268025517463684,0.0198078453540802,21,0.0003584859224085418
631,0.9930256009101868,0.006974399089813232,1.2714695930480957,0.019619349390268326,21,0.0003584859224085418
632,0.9930237531661987,0.0069762468338012695,1.283045768737793,0.019736941903829575,21,0.0003584859224085418
633,0.9928153157234192,0.0071846842765808105,1.2795920372009277,0.019908757880330086,21,0.0003584859224085418
634,0.9931247234344482,0.006875276565551758,1.2761175632476807,0.0195677001029253,21,0.0003584859224085418
635,0.9929529428482056,0.007047057151794434,1.2733345031738281,0.019709931686520576,21,0.0003584859224085418
636,0.9930152297019958,0.00698477029800415,1.2781184911727905,0.019696107134222984,21,0.0003584859224085418
637,0.9931125044822693,0.006887495517730713,1.278470754623413,0.01960332691669464,21,0.0003584859224085418
638,0.9930940866470337,0.006905913352966309,1.263657569885254,0.019473429769277573,21,0.0003584859224085418
639,0.9928948283195496,0.0071051716804504395,1.270719289779663,0.01974131166934967,21,0.0003584859224085418
640,0.9931431412696838,0.006856858730316162,1.2612571716308594,0.019400861114263535,21,0.0003584859224085418
641,0.992994487285614,0.007005512714385986,1.2782588005065918,0.019718045368790627,21,0.0003584859224085418
642,0.9929903745651245,0.007009625434875488,1.276464581489563,0.019704174250364304,21,0.0003584859224085418
643,0.9931066632270813,0.006893336772918701,1.2698301076889038,0.01952270418405533,21,0.0003584859224085418
644,0.9930624961853027,0.006937503814697266,1.2783349752426147,0.01965147815644741,21,0.0003584859224085418
645,0.9929150938987732,0.007084906101226807,1.2738022804260254,0.019752079620957375,21,0.0003584859224085418
646,0.9931555390357971,0.006844460964202881,1.2764033079147339,0.019540049135684967,21,0.0003584859224085418
647,0.9929020404815674,0.007097959518432617,1.2813562154769897,0.0198405422270298,21,0.0003584859224085418
648,0.9930517673492432,0.006948232650756836,1.2575695514678955,0.01945444568991661,21,0.0003584859224085418
649,0.9925703406333923,0.007429659366607666,1.2797201871871948,0.020152565091848373,21,0.0003584859224085418
650,0.9930427074432373,0.006957292556762695,1.2761414051055908,0.01964913308620453,21,0.0003584859224085418
651,0.9929857850074768,0.007014214992523193,1.2821224927902222,0.019765296950936317,22,0.0003405616262881147
652,0.9930112957954407,0.006988704204559326,1.287636160850525,0.01979517936706543,22,0.0003405616262881147
653,0.9928687214851379,0.0071312785148620605,1.2785507440567017,0.019845472648739815,22,0.0003405616262881147
654,0.9933570623397827,0.006642937660217285,1.273034930229187,0.019306857138872147,22,0.0003405616262881147
655,0.9929718375205994,0.007028162479400635,1.2817342281341553,0.01977522298693657,22,0.0003405616262881147
656,0.9930540323257446,0.006945967674255371,1.2651326656341553,0.01952783390879631,22,0.0003405616262881147
657,0.9930039644241333,0.006996035575866699,1.2581688165664673,0.019507762044668198,22,0.0003405616262881147
658,0.993033230304718,0.006966769695281982,1.2644562721252441,0.0195416659116745,22,0.0003405616262881147
659,0.9931709170341492,0.00682908296585083,1.2783055305480957,0.01954384706914425,22,0.0003405616262881147
660,0.9931556582450867,0.00684434175491333,1.2695432901382446,0.01947133056819439,22,0.0003405616262881147
661,0.9930896759033203,0.0069103240966796875,1.2799787521362305,0.019641008228063583,22,0.0003405616262881147
662,0.9931183457374573,0.006881654262542725,1.2775754928588867,0.019588593393564224,22,0.0003405616262881147
663,0.9929676055908203,0.0070323944091796875,1.2537909746170044,0.01949997991323471,22,0.0003405616262881147
664,0.9930604100227356,0.006939589977264404,1.2543871402740479,0.019414065405726433,22,0.0003405616262881147
665,0.9930687546730042,0.00693124532699585,1.2613286972045898,0.019475219771265984,22,0.0003405616262881147
666,0.9929475784301758,0.007052421569824219,1.271462321281433,0.019696520641446114,22,0.0003405616262881147
667,0.9930458068847656,0.006954193115234375,1.2652572393417358,0.019537223502993584,22,0.0003405616262881147
668,0.9926955699920654,0.00730443000793457,1.2703049182891846,0.019934434443712234,22,0.0003405616262881147
669,0.9929208159446716,0.007079184055328369,1.2681715488433838,0.01969010755419731,22,0.0003405616262881147
670,0.9931218028068542,0.006878197193145752,1.2686601877212524,0.019496016204357147,22,0.0003405616262881147
671,0.993248462677002,0.006751537322998047,1.2715264558792114,0.019399285316467285,22,0.0003405616262881147
672,0.9930344223976135,0.006965577602386475,1.2613786458969116,0.019509708508849144,22,0.0003405616262881147
673,0.9930481314659119,0.006951868534088135,1.2610578536987305,0.019492927938699722,22,0.0003405616262881147
674,0.9931352138519287,0.006864786148071289,1.2609082460403442,0.019405219703912735,22,0.0003405616262881147
675,0.9932188391685486,0.006781160831451416,1.2670694589614868,0.019384043291211128,22,0.0003405616262881147
676,0.9929965138435364,0.007003486156463623,1.2692620754241943,0.0196260716766119,22,0.0003405616262881147
677,0.9932258725166321,0.00677412748336792,1.2771707773208618,0.019478093832731247,22,0.0003405616262881147
678,0.9930157661437988,0.006984233856201172,1.2647743225097656,0.0195621345192194,22,0.0003405616262881147
679,0.9931743144989014,0.006825685501098633,1.2636094093322754,0.019393522292375565,22,0.0003405616262881147
680,0.993418276309967,0.006581723690032959,1.2656545639038086,0.01917245239019394,22,0.0003405616262881147
681,0.9930023550987244,0.006997644901275635,1.2827470302581787,0.019755138084292412,22,0.0003405616262881147
682,0.9931520223617554,0.006847977638244629,1.2581069469451904,0.01936056651175022,23,0.00032353354497370894
683,0.9929608702659607,0.007039129734039307,1.2695722579956055,0.01966446079313755,23,0.00032353354497370894
684,0.9932177066802979,0.0067822933197021484,1.254870891571045,0.01926317811012268,23,0.00032353354497370894
685,0.9930804371833801,0.006919562816619873,1.2694772481918335,0.019545139744877815,23,0.00032353354497370894
686,0.9930827021598816,0.006917297840118408,1.2696279287338257,0.01954440400004387,23,0.00032353354497370894
687,0.9931650757789612,0.006834924221038818,1.2694607973098755,0.01946118287742138,23,0.00032353354497370894
688,0.9932597279548645,0.006740272045135498,1.2543063163757324,0.019215932115912437,23,0.00032353354497370894
689,0.9933656454086304,0.006634354591369629,1.264618992805481,0.019214201718568802,23,0.00032353354497370894
690,0.993019700050354,0.006980299949645996,1.2608225345611572,0.019518721848726273,23,0.00032353354497370894
691,0.9934018850326538,0.006598114967346191,1.2593796253204346,0.019125929102301598,23,0.00032353354497370894
692,0.9931110143661499,0.006888985633850098,1.2681204080581665,0.019501298666000366,23,0.00032353354497370894
693,0.9929698705673218,0.007030129432678223,1.2679098844528198,0.019638925790786743,23,0.00032353354497370894
694,0.9931065440177917,0.006893455982208252,1.2645981311798096,0.01947050169110298,23,0.00032353354497370894
695,0.9930369257926941,0.006963074207305908,1.2583370208740234,0.019476814195513725,23,0.00032353354497370894
696,0.9932462573051453,0.006753742694854736,1.2646644115447998,0.019332848489284515,23,0.00032353354497370894
697,0.993048369884491,0.006951630115509033,1.2675323486328125,0.019557436928153038,23,0.00032353354497370894
698,0.9931962490081787,0.006803750991821289,1.2657585144042969,0.019393298774957657,23,0.00032353354497370894
699,0.9932917952537537,0.006708204746246338,1.2486486434936523,0.019127609208226204,23,0.00032353354497370894
700,0.9932059645652771,0.0067940354347229,1.2625744342803955,0.019351838156580925,23,0.00032353354497370894
701,0.9927845001220703,0.0072154998779296875,1.2748104333877563,0.019891448318958282,23,0.00032353354497370894
702,0.9927516579627991,0.007248342037200928,1.271549105644226,0.019891349598765373,23,0.00032353354497370894
703,0.9931221008300781,0.006877899169921875,1.2525217533111572,0.0193343386054039,23,0.00032353354497370894
704,0.9931674003601074,0.006832599639892578,1.2570079565048218,0.019334353506565094,23,0.00032353354497370894
705,0.9932878017425537,0.006712198257446289,1.2593694925308228,0.019238771870732307,23,0.00032353354497370894
706,0.9931368827819824,0.006863117218017578,1.2676918506622314,0.01947140321135521,23,0.00032353354497370894
707,0.993362545967102,0.006637454032897949,1.253204345703125,0.019103122875094414,23,0.00032353354497370894
708,0.9934022426605225,0.006597757339477539,1.2727967500686646,0.019259747117757797,23,0.00032353354497370894
709,0.9932016730308533,0.0067983269691467285,1.2552649974822998,0.0192829929292202,23,0.00032353354497370894
710,0.9933573007583618,0.006642699241638184,1.2565176486968994,0.01914144866168499,23,0.00032353354497370894
711,0.993137776851654,0.006862223148345947,1.2755125761032104,0.019548727199435234,23,0.00032353354497370894
712,0.9932264089584351,0.006773591041564941,1.2674224376678467,0.019380077719688416,23,0.00032353354497370894
713,0.9932534098625183,0.0067465901374816895,1.2580522298812866,0.01925964653491974,24,0.00030735686772502346
714,0.9932703971862793,0.006729602813720703,1.2610526084899902,0.019272832199931145,24,0.00030735686772502346
715,0.993203341960907,0.006796658039093018,1.2607474327087402,0.019336165860295296,24,0.00030735686772502346
716,0.9931868314743042,0.006813168525695801,1.245900273323059,0.019204039126634598,24,0.00030735686772502346
717,0.9932278990745544,0.006772100925445557,1.2524197101593018,0.019228577613830566,24,0.00030735686772502346
718,0.993457019329071,0.006542980670928955,1.2618969678878784,0.01909651979804039,24,0.00030735686772502346
719,0.9934840798377991,0.006515920162200928,1.2563074827194214,0.019013836979866028,24,0.00030735686772502346
720,0.9931986927986145,0.006801307201385498,1.2557889223098755,0.019291182979941368,24,0.00030735686772502346
721,0.9931660890579224,0.006833910942077637,1.2641748189926147,0.01940731890499592,24,0.00030735686772502346
722,0.993364155292511,0.006635844707489014,1.248077154159546,0.01905025728046894,24,0.00030735686772502346
723,0.9931854009628296,0.00681459903717041,1.2780455350875854,0.019526908174157143,24,0.00030735686772502346
724,0.9934020042419434,0.006597995758056641,1.2487436532974243,0.01901945285499096,24,0.00030735686772502346
725,0.9931007623672485,0.006899237632751465,1.25911283493042,0.019421372562646866,24,0.00030735686772502346
726,0.9932804107666016,0.0067195892333984375,1.2432422637939453,0.019084814935922623,24,0.00030735686772502346
727,0.993191123008728,0.006808876991271973,1.2672083377838135,0.019412871450185776,24,0.00030735686772502346
728,0.9929935932159424,0.007006406784057617,1.2704582214355469,0.019640924409031868,24,0.00030735686772502346
729,0.9932889342308044,0.006711065769195557,1.2569483518600464,0.019213438034057617,24,0.00030735686772502346
730,0.9933549165725708,0.006645083427429199,1.2615846395492554,0.019194480031728745,24,0.00030735686772502346
731,0.9933103322982788,0.006689667701721191,1.2529140710830688,0.01915191113948822,24,0.00030735686772502346
732,0.9933493137359619,0.006650686264038086,1.259263515472412,0.019176814705133438,24,0.00030735686772502346
733,0.9931038618087769,0.0068961381912231445,1.2522485256195068,0.019349662587046623,24,0.00030735686772502346
734,0.9933350682258606,0.006664931774139404,1.259368658065796,0.01919196918606758,24,0.00030735686772502346
735,0.993397057056427,0.006602942943572998,1.2504667043685913,0.019041581079363823,24,0.00030735686772502346
736,0.9933339953422546,0.006666004657745361,1.2534990310668945,0.019134335219860077,24,0.00030735686772502346
737,0.9929466247558594,0.007053375244140625,1.2609307765960693,0.019592149183154106,24,0.00030735686772502346
738,0.9933305382728577,0.006669461727142334,1.253914475440979,0.01914191246032715,24,0.00030735686772502346
739,0.9932956099510193,0.006704390048980713,1.2618052959442139,0.019255399703979492,24,0.00030735686772502346
740,0.9931030869483948,0.006896913051605225,1.2535731792449951,0.019363675266504288,24,0.00030735686772502346
741,0.9930922389030457,0.006907761096954346,1.2592523097991943,0.019431205466389656,24,0.00030735686772502346
742,0.9929743409156799,0.007025659084320068,1.2638596296310425,0.019593998789787292,24,0.00030735686772502346
743,0.9933077096939087,0.006692290306091309,1.2575527429580688,0.019200894981622696,24,0.00030735686772502346
744,0.9933850169181824,0.006614983081817627,1.2582218647003174,0.019131051376461983,25,0.00029198902433877225
745,0.9933160543441772,0.006683945655822754,1.252004861831665,0.019137155264616013,25,0.00029198902433877225
746,0.9931736588478088,0.006826341152191162,1.252073884010315,0.019278816878795624,25,0.00029198902433877225
747,0.9936120510101318,0.006387948989868164,1.245572805404663,0.018779797479510307,25,0.00029198902433877225
748,0.993261456489563,0.006738543510437012,1.2525166273117065,0.019196324050426483,25,0.00029198902433877225
749,0.993196427822113,0.006803572177886963,1.2705785036087036,0.01944132149219513,25,0.00029198902433877225
750,0.9933850765228271,0.0066149234771728516,1.2526369094848633,0.019075144082307816,25,0.00029198902433877225
751,0.9931227564811707,0.006877243518829346,1.2548105716705322,0.01935657672584057,25,0.00029198902433877225
752,0.9931101202964783,0.0068898797035217285,1.2666547298431396,0.019487528130412102,25,0.00029198902433877225
753,0.9933773875236511,0.006622612476348877,1.2605831623077393,0.019162217155098915,25,0.00029198902433877225
754,0.9932557344436646,0.006744265556335449,1.2533292770385742,0.01921011507511139,25,0.00029198902433877225
755,0.9932100772857666,0.0067899227142333984,1.256299614906311,0.019285019487142563,25,0.00029198902433877225
756,0.9931128621101379,0.0068871378898620605,1.2560417652130127,0.01937868446111679,25,0.00029198902433877225
757,0.9932674765586853,0.006732523441314697,1.2451233863830566,0.01911643147468567,25,0.00029198902433877225
758,0.9934134483337402,0.006586551666259766,1.2445712089538574,0.018966397270560265,25,0.00029198902433877225
759,0.9932762980461121,0.0067237019538879395,1.2602397203445435,0.019258862361311913,25,0.00029198902433877225
760,0.9933831691741943,0.006616830825805664,1.2425240278244019,0.01897590234875679,25,0.00029198902433877225
761,0.9933847784996033,0.0066152215003967285,1.2617238759994507,0.019166307523846626,25,0.00029198902433877225
762,0.993227481842041,0.006772518157958984,1.245511770248413,0.019159911200404167,25,0.00029198902433877225
763,0.9932754635810852,0.006724536418914795,1.2526841163635254,0.019184131175279617,25,0.00029198902433877225
764,0.9934394359588623,0.006560564041137695,1.245721459388733,0.018952172249555588,25,0.00029198902433877225
765,0.9935206770896912,0.006479322910308838,1.2479326725006104,0.018893856555223465,25,0.00029198902433877225
766,0.9932636618614197,0.006736338138580322,1.235684871673584,0.01902582310140133,25,0.00029198902433877225
767,0.9933589100837708,0.006641089916229248,1.2577472925186157,0.01915215142071247,25,0.00029198902433877225
768,0.9934043884277344,0.006595611572265625,1.2597053050994873,0.019126707687973976,25,0.00029198902433877225
769,0.9933730959892273,0.006626904010772705,1.2430974245071411,0.018991608172655106,25,0.00029198902433877225
770,0.9932276606559753,0.006772339344024658,1.2558742761611938,0.019263358786702156,25,0.00029198902433877225
771,0.9933395981788635,0.006660401821136475,1.2446558475494385,0.01904035545885563,25,0.00029198902433877225
772,0.993353545665741,0.006646454334259033,1.2465847730636597,0.019045837223529816,25,0.00029198902433877225
773,0.9934391975402832,0.006560802459716797,1.2414647340774536,0.018909841775894165,25,0.00029198902433877225
774,0.993431031703949,0.006568968296051025,1.2479532957077026,0.018982810899615288,25,0.00029198902433877225
775,0.9933040738105774,0.006695926189422607,1.2572340965270996,0.019201308488845825,26,0.00027738957312183364
776,0.9933723211288452,0.006627678871154785,1.2471357583999634,0.019032759591937065,26,0.00027738957312183364
777,0.9934821128845215,0.006517887115478516,1.2497559785842896,0.018950268626213074,26,0.00027738957312183364
778,0.9932728409767151,0.006727159023284912,1.2461656332015991,0.01912154257297516,26,0.00027738957312183364
779,0.993182361125946,0.006817638874053955,1.250266671180725,0.019252128899097443,26,0.00027738957312183364
780,0.993331253528595,0.006668746471405029,1.2473088502883911,0.019075147807598114,26,0.00027738957312183364
781,0.9934446811676025,0.006555318832397461,1.243348479270935,0.01892324909567833,26,0.00027738957312183364
782,0.9936022162437439,0.0063977837562561035,1.251107931137085,0.018844885751605034,26,0.00027738957312183364
783,0.9933883547782898,0.006611645221710205,1.247018814086914,0.019015716388821602,26,0.00027738957312183364
784,0.9934465885162354,0.0065534114837646484,1.2382007837295532,0.018869884312152863,26,0.00027738957312183364
785,0.9932483434677124,0.006751656532287598,1.2423540353775024,0.019107680767774582,26,0.00027738957312183364
786,0.9934237599372864,0.006576240062713623,1.242461085319519,0.01893508806824684,26,0.00027738957312183364
787,0.9936332702636719,0.006366729736328125,1.2351101636886597,0.01865416392683983,26,0.00027738957312183364
788,0.993307888507843,0.006692111492156982,1.2436085939407349,0.019061274826526642,26,0.00027738957312183364
789,0.9932293891906738,0.006770610809326172,1.2559232711791992,0.01926213689148426,26,0.00027738957312183364
790,0.9932757616043091,0.006724238395690918,1.251346230506897,0.019170459359884262,26,0.00027738957312183364
791,0.9932279586791992,0.006772041320800781,1.2408721446990967,0.01911304146051407,26,0.00027738957312183364
792,0.9934573173522949,0.006542682647705078,1.2378568649291992,0.018855825066566467,26,0.00027738957312183364
793,0.9934525489807129,0.006547451019287109,1.2453006505966187,0.018934983760118484,26,0.00027738957312183364
794,0.9933459162712097,0.006654083728790283,1.242030382156372,0.0190078467130661,26,0.00027738957312183364
795,0.9932360053062439,0.0067639946937561035,1.2474101781845093,0.019170455634593964,26,0.00027738957312183364
796,0.9935050010681152,0.006494998931884766,1.245792269706726,0.018887970596551895,26,0.00027738957312183364
797,0.9933826327323914,0.006617367267608643,1.2439255714416504,0.018990449607372284,26,0.00027738957312183364
798,0.9934067726135254,0.006593227386474609,1.239377737045288,0.018921073526144028,26,0.00027738957312183364
799,0.9932754039764404,0.00672459602355957,1.259812355041504,0.01925547420978546,26,0.00027738957312183364
800,0.9933065176010132,0.006693482398986816,1.2514983415603638,0.019141530618071556,26,0.00027738957312183364
801,0.9934975504875183,0.0065024495124816895,1.2482564449310303,0.018919989466667175,26,0.00027738957312183364
802,0.9935924410820007,0.006407558917999268,1.238289713859558,0.018726380541920662,26,0.00027738957312183364
803,0.9934519529342651,0.006548047065734863,1.2587144374847412,0.01906971074640751,26,0.00027738957312183364
804,0.9936017394065857,0.006398260593414307,1.249160647392273,0.01882588490843773,26,0.00027738957312183364
805,0.9935842156410217,0.0064157843589782715,1.242201328277588,0.01877363957464695,26,0.00027738957312183364
806,0.9932440519332886,0.006755948066711426,1.2527146339416504,0.01921553537249565,27,0.0002635200944657419
807,0.9934959411621094,0.006504058837890625,1.2425472736358643,0.01886449009180069,27,0.0002635200944657419
808,0.9934120178222656,0.006587982177734375,1.2369641065597534,0.018891744315624237,27,0.0002635200944657419
809,0.99354088306427,0.0064591169357299805,1.2470425367355347,0.0188649520277977,27,0.0002635200944657419
810,0.9933639764785767,0.00663602352142334,1.2424026727676392,0.018993690609931946,27,0.0002635200944657419
811,0.9933251142501831,0.0066748857498168945,1.2567017078399658,0.019175153225660324,27,0.0002635200944657419
812,0.9937552213668823,0.006244778633117676,1.2315585613250732,0.01849791593849659,27,0.0002635200944657419
813,0.9934921264648438,0.00650787353515625,1.2459142208099365,0.01890193670988083,27,0.0002635200944657419
814,0.9934072494506836,0.006592750549316406,1.2358837127685547,0.01888566091656685,27,0.0002635200944657419
815,0.99347984790802,0.0065201520919799805,1.2389506101608276,0.01884445734322071,27,0.0002635200944657419
816,0.9936178922653198,0.006382107734680176,1.2407187223434448,0.018725473433732986,27,0.0002635200944657419
817,0.9932904839515686,0.0067095160484313965,1.242987871170044,0.01907229796051979,27,0.0002635200944657419
818,0.9934589266777039,0.006541073322296143,1.2427626848220825,0.01890328899025917,27,0.0002635200944657419
819,0.9935659170150757,0.006434082984924316,1.2404241561889648,0.018773984163999557,27,0.0002635200944657419
820,0.9934900403022766,0.006509959697723389,1.227087140083313,0.01871573179960251,27,0.0002635200944657419
821,0.9935784339904785,0.006421566009521484,1.241568922996521,0.018773039802908897,27,0.0002635200944657419
822,0.9935422539710999,0.0064577460289001465,1.2426806688308716,0.01881997473537922,27,0.0002635200944657419
823,0.9935421347618103,0.006457865238189697,1.2396595478057861,0.018789881840348244,27,0.0002635200944657419
824,0.9935809373855591,0.006419062614440918,1.230031132698059,0.018655182793736458,27,0.0002635200944657419
825,0.9934135675430298,0.006586432456970215,1.2446393966674805,0.01896696165204048,27,0.0002635200944657419
826,0.9936580657958984,0.0063419342041015625,1.2457391023635864,0.01873590424656868,27,0.0002635200944657419
827,0.9936185479164124,0.0063814520835876465,1.2589764595031738,0.018907401710748672,27,0.0002635200944657419
828,0.9934927821159363,0.006507217884063721,1.2421585321426392,0.018863730132579803,27,0.0002635200944657419
829,0.9932963252067566,0.006703674793243408,1.2246758937835693,0.018883395940065384,27,0.0002635200944657419
830,0.993280291557312,0.006719708442687988,1.2415239810943604,0.019067751243710518,27,0.0002635200944657419
831,0.9933603405952454,0.006639659404754639,1.2440123558044434,0.019013386219739914,27,0.0002635200944657419
832,0.9934790730476379,0.0065209269523620605,1.2260791063308716,0.018716508522629738,27,0.0002635200944657419
833,0.9935463666915894,0.0064536333084106445,1.2479716539382935,0.018868813291192055,27,0.0002635200944657419
834,0.9934607744216919,0.0065392255783081055,1.235539436340332,0.01882922649383545,27,0.0002635200944657419
835,0.9932582974433899,0.006741702556610107,1.2418299913406372,0.019092585891485214,27,0.0002635200944657419
836,0.9933633208274841,0.006636679172515869,1.2369520664215088,0.018939832225441933,27,0.0002635200944657419
837,0.9934000968933105,0.006599903106689453,1.2426707744598389,0.018960611894726753,28,0.0002503440897424548
838,0.9935131669044495,0.006486833095550537,1.2346433401107788,0.018768398091197014,28,0.0002503440897424548
839,0.9936966300010681,0.006303369998931885,1.2318819761276245,0.018559155985713005,28,0.0002503440897424548
840,0.993607759475708,0.006392240524291992,1.2335199117660522,0.018663518130779266,28,0.0002503440897424548
841,0.9936010837554932,0.006398916244506836,1.2168850898742676,0.01850377768278122,28,0.0002503440897424548
842,0.993450403213501,0.0065495967864990234,1.2373472452163696,0.018857574090361595,28,0.0002503440897424548
843,0.9934573173522949,0.006542682647705078,1.2383177280426025,0.018860433250665665,28,0.0002503440897424548
844,0.9934546947479248,0.006545305252075195,1.2346022129058838,0.018825873732566833,28,0.0002503440897424548
845,0.9934349060058594,0.006565093994140625,1.2438335418701172,0.01893777772784233,28,0.0002503440897424548
846,0.9935480952262878,0.006451904773712158,1.236840844154358,0.018755793571472168,28,0.0002503440897424548
847,0.9934306740760803,0.006569325923919678,1.2390916347503662,0.01889454945921898,28,0.0002503440897424548
848,0.9934887886047363,0.006511211395263672,1.2421295642852783,0.01886739395558834,28,0.0002503440897424548
849,0.9937021136283875,0.006297886371612549,1.2366323471069336,0.018601231276988983,28,0.0002503440897424548
850,0.9935196042060852,0.006480395793914795,1.2316510677337646,0.0187321025878191,28,0.0002503440897424548
851,0.9936664700508118,0.006333529949188232,1.2198293209075928,0.01846848800778389,28,0.0002503440897424548
852,0.993536114692688,0.006463885307312012,1.244458794593811,0.01884383335709572,28,0.0002503440897424548
853,0.993658721446991,0.006341278553009033,1.2315394878387451,0.018593259155750275,28,0.0002503440897424548
854,0.993628978729248,0.006371021270751953,1.2390042543411255,0.018697353079915047,28,0.0002503440897424548
855,0.9934359788894653,0.006564021110534668,1.2485415935516357,0.01898379623889923,28,0.0002503440897424548
856,0.9933905601501465,0.006609439849853516,1.2541998624801636,0.019085343927145004,28,0.0002503440897424548
857,0.9935197830200195,0.006480216979980469,1.238334059715271,0.01879875548183918,28,0.0002503440897424548
858,0.9935073256492615,0.006492674350738525,1.230534315109253,0.018733089789748192,28,0.0002503440897424548
859,0.9937976598739624,0.006202340126037598,1.2176254987716675,0.018316570669412613,28,0.0002503440897424548
860,0.9935812950134277,0.006418704986572266,1.2298113107681274,0.01865263096988201,28,0.0002503440897424548
861,0.9932700991630554,0.00672990083694458,1.2487976551055908,0.01915057748556137,28,0.0002503440897424548
862,0.9935013055801392,0.00649869441986084,1.239875078201294,0.018832458183169365,28,0.0002503440897424548
863,0.9935001134872437,0.006499886512756348,1.2364647388458252,0.018799535930156708,28,0.0002503440897424548
864,0.9935865998268127,0.006413400173187256,1.2287229299545288,0.018636494874954224,28,0.0002503440897424548
865,0.993419885635376,0.0065801143646240234,1.2273200750350952,0.01878751441836357,28,0.0002503440897424548
866,0.9936395287513733,0.006360471248626709,1.237165927886963,0.0186685249209404,28,0.0002503440897424548
867,0.9935817122459412,0.006418287754058838,1.2307426929473877,0.018661532551050186,28,0.0002503440897424548
868,0.9933325052261353,0.006667494773864746,1.236734390258789,0.018968163058161736,29,0.00023782688525533205
869,0.9938130974769592,0.0061869025230407715,1.2330032587051392,0.01845506578683853,29,0.00023782688525533205
870,0.9933962821960449,0.006603717803955078,1.236288070678711,0.018900562077760696,29,0.00023782688525533205
871,0.9932821393013,0.006717860698699951,1.2410011291503906,0.019060693681240082,29,0.00023782688525533205
872,0.9934475421905518,0.006552457809448242,1.235887885093689,0.0188458114862442,29,0.00023782688525533205
873,0.993599534034729,0.006400465965270996,1.2333709001541138,0.01867016963660717,29,0.00023782688525533205
874,0.9935425519943237,0.0064574480056762695,1.245815396308899,0.01885102689266205,29,0.00023782688525533205
875,0.9937254786491394,0.006274521350860596,1.2367796897888184,0.018579572439193726,29,0.00023782688525533205
876,0.9934007525444031,0.006599247455596924,1.24824059009552,0.019015660509467125,29,0.00023782688525533205
877,0.9937121868133545,0.006287813186645508,1.2271195650100708,0.018496129661798477,29,0.00023782688525533205
878,0.9936542510986328,0.0063457489013671875,1.2320365905761719,0.018602658063173294,29,0.00023782688525533205
879,0.9936264157295227,0.006373584270477295,1.2167727947235107,0.018477575853466988,29,0.00023782688525533205
880,0.9935554265975952,0.006444573402404785,1.2358829975128174,0.01873895712196827,29,0.00023782688525533205
881,0.993345320224762,0.006654679775238037,1.2389012575149536,0.018977146595716476,29,0.00023782688525533205
882,0.9938341975212097,0.006165802478790283,1.21839439868927,0.018288088962435722,29,0.00023782688525533205
883,0.993572473526001,0.0064275264739990234,1.2183051109313965,0.018546301871538162,29,0.00023782688525533205
884,0.9935266971588135,0.0064733028411865234,1.2354573011398315,0.018763141706585884,29,0.00023782688525533205
885,0.9936984181404114,0.006301581859588623,1.223415493965149,0.018472721800208092,29,0.00023782688525533205
886,0.9936138391494751,0.006386160850524902,1.2143795490264893,0.018466094508767128,29,0.00023782688525533205
887,0.993654191493988,0.006345808506011963,1.232678771018982,0.01860913820564747,29,0.00023782688525533205
888,0.9937769770622253,0.006223022937774658,1.2231985330581665,0.01839277893304825,29,0.00023782688525533205
889,0.9936091899871826,0.006390810012817383,1.2141368389129639,0.01846827007830143,29,0.00023782688525533205
890,0.9936661720275879,0.006333827972412109,1.2279603481292725,0.018550094217061996,29,0.00023782688525533205
891,0.9937070608139038,0.006292939186096191,1.2180712223052979,0.01841072179377079,29,0.00023782688525533205
892,0.9934818148612976,0.006518185138702393,1.2400016784667969,0.018853019922971725,29,0.00023782688525533205
893,0.9934989213943481,0.0065010786056518555,1.2342455387115479,0.018778523430228233,29,0.00023782688525533205
894,0.9934459328651428,0.006554067134857178,1.244674801826477,0.018935274332761765,29,0.00023782688525533205
895,0.9936199188232422,0.0063800811767578125,1.2294142246246338,0.01861042156815529,29,0.00023782688525533205
896,0.9938378930091858,0.006162106990814209,1.2160228490829468,0.018260713666677475,29,0.00023782688525533205
897,0.9938119053840637,0.006188094615936279,1.2252140045166016,0.018378354609012604,29,0.00023782688525533205
898,0.9938001036643982,0.006199896335601807,1.233755111694336,0.018475446850061417,29,0.00023782688525533205
899,0.993738055229187,0.006261944770812988,1.2199145555496216,0.018398471176624298,30,0.00022593554099256544
900,0.9932950735092163,0.006704926490783691,1.2318320274353027,0.018956197425723076,30,0.00022593554099256544
901,0.9935494065284729,0.0064505934715271,1.2290793657302856,0.01867688074707985,30,0.00022593554099256544
902,0.9934674501419067,0.006532549858093262,1.2381356954574585,0.018848581239581108,30,0.00022593554099256544
903,0.9937885999679565,0.006211400032043457,1.2217379808425903,0.01836666464805603,30,0.00022593554099256544
904,0.9937781691551208,0.00622183084487915,1.2221291065216064,0.01838090270757675,30,0.00022593554099256544
905,0.9937098622322083,0.006290137767791748,1.2252261638641357,0.018479496240615845,30,0.00022593554099256544
906,0.9934970140457153,0.006502985954284668,1.2264609336853027,0.018702566623687744,30,0.00022593554099256544
907,0.9935638308525085,0.006436169147491455,1.2336078882217407,0.018707886338233948,30,0.00022593554099256544
908,0.9934777021408081,0.0065222978591918945,1.2353143692016602,0.018810218200087547,30,0.00022593554099256544
909,0.9935666918754578,0.006433308124542236,1.2327181100845337,0.01869615539908409,30,0.00022593554099256544
910,0.9936853051185608,0.006314694881439209,1.2231606245040894,0.018483154475688934,30,0.00022593554099256544
911,0.9937610030174255,0.006238996982574463,1.2262438535690308,0.018439045175909996,30,0.00022593554099256544
912,0.9937789440155029,0.00622105598449707,1.2228853702545166,0.018387697637081146,30,0.00022593554099256544
913,0.9938114881515503,0.006188511848449707,1.2115243673324585,0.018241871148347855,30,0.00022593554099256544
914,0.9936525225639343,0.006347477436065674,1.2324144840240479,0.018608147278428078,30,0.00022593554099256544
915,0.9938466548919678,0.0061533451080322266,1.2228518724441528,0.01832032948732376,30,0.00022593554099256544
916,0.9934802055358887,0.006519794464111328,1.2234573364257812,0.018689170479774475,30,0.00022593554099256544
917,0.9935752153396606,0.0064247846603393555,1.2318111658096313,0.01867864839732647,30,0.00022593554099256544
918,0.9937514662742615,0.006248533725738525,1.2081090211868286,0.018267139792442322,30,0.00022593554099256544
919,0.9937081933021545,0.006291806697845459,1.218584656715393,0.018414735794067383,30,0.00022593554099256544
920,0.993872344493866,0.006127655506134033,1.2198526859283447,0.018264904618263245,30,0.00022593554099256544
921,0.9936750531196594,0.006324946880340576,1.2222784757614136,0.018484482541680336,30,0.00022593554099256544
922,0.9936802983283997,0.006319701671600342,1.222081184387207,0.018477316945791245,30,0.00022593554099256544
923,0.9937854409217834,0.006214559078216553,1.2392728328704834,0.01854514144361019,30,0.00022593554099256544
924,0.9936761260032654,0.006323873996734619,1.2387263774871826,0.018647897988557816,30,0.00022593554099256544
925,0.993563175201416,0.006436824798583984,1.2184383869171143,0.01855684071779251,30,0.00022593554099256544
926,0.9938598871231079,0.00614011287689209,1.218228816986084,0.018261000514030457,30,0.00022593554099256544
927,0.9937034845352173,0.006296515464782715,1.2211869955062866,0.018445419147610664,30,0.00022593554099256544
928,0.993549108505249,0.0064508914947509766,1.2363579273223877,0.018749961629509926,30,0.00022593554099256544
929,0.9937737584114075,0.006226241588592529,1.222915530204773,0.01839313469827175,30,0.00022593554099256544
930,0.993825376033783,0.006174623966217041,1.2218831777572632,0.018331708386540413,31,0.00021463876394293716
931,0.9937294721603394,0.0062705278396606445,1.2091411352157593,0.01829923316836357,31,0.00021463876394293716
932,0.9938507080078125,0.0061492919921875,1.2287869453430176,0.018375668674707413,31,0.00021463876394293716
933,0.9939095973968506,0.006090402603149414,1.2190217971801758,0.0182197168469429,31,0.00021463876394293716
934,0.9936027526855469,0.006397247314453125,1.2249507904052734,0.018582783639431,31,0.00021463876394293716
935,0.9937136173248291,0.0062863826751708984,1.2194098234176636,0.018417617306113243,31,0.00021463876394293716
936,0.9937710762023926,0.006228923797607422,1.2148643732070923,0.018315277993679047,31,0.00021463876394293716
937,0.9937428832054138,0.006257116794586182,1.2334270477294922,0.018528815358877182,31,0.00021463876394293716
938,0.9937868714332581,0.006213128566741943,1.2247389554977417,0.018398385494947433,31,0.00021463876394293716
939,0.9939945936203003,0.006005406379699707,1.2175307273864746,0.01812065951526165,31,0.00021463876394293716
940,0.9937134981155396,0.006286501884460449,1.2233883142471313,0.018457520753145218,31,0.00021463876394293716
941,0.9940006732940674,0.005999326705932617,1.216577410697937,0.01810510829091072,31,0.00021463876394293716
942,0.9938051104545593,0.006194889545440674,1.220564842224121,0.018338588997721672,31,0.00021463876394293716
943,0.9936090111732483,0.006390988826751709,1.233018159866333,0.01865725964307785,31,0.00021463876394293716
944,0.9936566352844238,0.006343364715576172,1.2222559452056885,0.0185024905949831,31,0.00021463876394293716
945,0.9938643574714661,0.0061356425285339355,1.224304437637329,0.0183173306286335,31,0.00021463876394293716
946,0.9936766624450684,0.006323337554931641,1.2095324993133545,0.01835542917251587,31,0.00021463876394293716
947,0.9936094284057617,0.006390571594238281,1.2234067916870117,0.018560733646154404,31,0.00021463876394293716
948,0.9935349225997925,0.0064650774002075195,1.2200872898101807,0.018601298332214355,31,0.00021463876394293716
949,0.9935433268547058,0.0064566731452941895,1.2314261198043823,0.018706366419792175,31,0.00021463876394293716
950,0.9935676455497742,0.00643235445022583,1.2133033275604248,0.01850106380879879,31,0.00021463876394293716
951,0.9938890337944031,0.006110966205596924,1.2275183200836182,0.018325038254261017,31,0.00021463876394293716
952,0.9937284588813782,0.006271541118621826,1.2185578346252441,0.018394403159618378,31,0.00021463876394293716
953,0.993615448474884,0.006384551525115967,1.223494529724121,0.018555650487542152,31,0.00021463876394293716
954,0.99346923828125,0.00653076171875,1.2205883264541626,0.018671337515115738,31,0.00021463876394293716
955,0.9935712814331055,0.006428718566894531,1.225117802619934,0.018615609034895897,31,0.00021463876394293716
956,0.9938331246376038,0.00616687536239624,1.2157585620880127,0.018262792378664017,31,0.00021463876394293716
957,0.9936667084693909,0.006333291530609131,1.2163441181182861,0.018433399498462677,31,0.00021463876394293716
958,0.9936326742172241,0.006367325782775879,1.224031686782837,0.018543969839811325,31,0.00021463876394293716
959,0.9938185214996338,0.006181478500366211,1.2131425142288208,0.01825108751654625,31,0.00021463876394293716
960,0.9939464330673218,0.006053566932678223,1.2088490724563599,0.01808152161538601,31,0.00021463876394293716
961,0.993681788444519,0.006318211555480957,1.2308670282363892,0.01856369897723198,32,0.0002039068257457903
962,0.9938719272613525,0.006128072738647461,1.2109073400497437,0.018175864592194557,32,0.0002039068257457903
963,0.993863582611084,0.006136417388916016,1.221977710723877,0.01829482987523079,32,0.0002039068257457903
964,0.9938572645187378,0.006142735481262207,1.2190724611282349,0.01827203296124935,32,0.0002039068257457903
965,0.993594229221344,0.006405770778656006,1.2213222980499268,0.018554935231804848,32,0.0002039068257457903
966,0.9936525821685791,0.0063474178314208984,1.2293064594268799,0.018577007576823235,32,0.0002039068257457903
967,0.9937867522239685,0.006213247776031494,1.2091606855392456,0.018242722377181053,32,0.0002039068257457903
968,0.9936604499816895,0.006339550018310547,1.2281708717346191,0.01855786330997944,32,0.0002039068257457903
969,0.9938468337059021,0.0061531662940979,1.2097805738449097,0.0181894414126873,32,0.0002039068257457903
970,0.9937525391578674,0.006247460842132568,1.2185364961624146,0.01837035082280636,32,0.0002039068257457903
971,0.9938358068466187,0.006164193153381348,1.2206822633743286,0.018309373408555984,32,0.0002039068257457903
972,0.9936729669570923,0.006327033042907715,1.2173106670379639,0.018436867743730545,32,0.0002039068257457903
973,0.9938154816627502,0.006184518337249756,1.2280943393707275,0.018403615802526474,32,0.0002039068257457903
974,0.993955135345459,0.006044864654541016,1.2149503231048584,0.018133919686079025,32,0.0002039068257457903
975,0.9939101934432983,0.00608980655670166,1.217004656791687,0.018198955804109573,32,0.0002039068257457903
976,0.9938796758651733,0.00612032413482666,1.1965088844299316,0.018024209886789322,32,0.0002039068257457903
977,0.9939604997634888,0.0060395002365112305,1.2031911611557007,0.01801101677119732,32,0.0002039068257457903
978,0.9937695860862732,0.006230413913726807,1.2171932458877563,0.018340041860938072,32,0.0002039068257457903
979,0.9936461448669434,0.006353855133056641,1.2203162908554077,0.01849347911775112,32,0.0002039068257457903
980,0.9938706159591675,0.0061293840408325195,1.2191778421401978,0.018259868025779724,32,0.0002039068257457903
981,0.9939534068107605,0.006046593189239502,1.220523476600647,0.01819136179983616,32,0.0002039068257457903
982,0.9935567378997803,0.0064432621002197266,1.2194074392318726,0.01857290416955948,32,0.0002039068257457903
983,0.9936715364456177,0.006328463554382324,1.2180876731872559,0.0184460561722517,32,0.0002039068257457903
984,0.9939420819282532,0.006057918071746826,1.2149614095687866,0.018146952614188194,32,0.0002039068257457903
985,0.9935697913169861,0.006430208683013916,1.217411756515503,0.018540024757385254,32,0.0002039068257457903
986,0.9937376379966736,0.006262362003326416,1.2082324028015137,0.01828206144273281,32,0.0002039068257457903
987,0.9939872622489929,0.00601273775100708,1.2066724300384521,0.018019333481788635,32,0.0002039068257457903
988,0.9937182664871216,0.006281733512878418,1.214141845703125,0.018360335379838943,32,0.0002039068257457903
989,0.9937565326690674,0.006243467330932617,1.223552942276001,0.01841656118631363,32,0.0002039068257457903
990,0.9937698245048523,0.006230175495147705,1.2059749364852905,0.018227621912956238,32,0.0002039068257457903
991,0.9937582015991211,0.006241798400878906,1.2067385911941528,0.018246766179800034,32,0.0002039068257457903
992,0.993728756904602,0.006271243095397949,1.211032509803772,0.01831885427236557,33,0.00019371148445850077
993,0.9937230348587036,0.006276965141296387,1.2215259075164795,0.018429454416036606,33,0.00019371148445850077
994,0.9939457774162292,0.006054222583770752,1.2118937969207764,0.01811261847615242,33,0.00019371148445850077
995,0.9938048124313354,0.006195187568664551,1.2176278829574585,0.018309514969587326,33,0.00019371148445850077
996,0.9936531782150269,0.0063468217849731445,1.2160003185272217,0.018443357199430466,33,0.00019371148445850077
997,0.9938047528266907,0.006195247173309326,1.230626106262207,0.018439555540680885,33,0.00019371148445850077
998,0.9937751293182373,0.006224870681762695,1.2127273082733154,0.018289893865585327,33,0.00019371148445850077
999,0.9937956929206848,0.0062043070793151855,1.22123122215271,0.01835457608103752,33,0.00019371148445850077
1000,0.9940925240516663,0.00590747594833374,1.208166241645813,0.017930064350366592,33,0.00019371148445850077
1001,0.993783712387085,0.006216287612915039,1.2151833772659302,0.018305957317352295,33,0.00019371148445850077
1002,0.9937426447868347,0.006257355213165283,1.2029657363891602,0.018224438652396202,33,0.00019371148445850077
1003,0.9939954876899719,0.006004512310028076,1.20456063747406,0.017990073189139366,33,0.00019371148445850077
1004,0.9935873746871948,0.006412625312805176,1.2192132472991943,0.018540631979703903,33,0.00019371148445850077
1005,0.9938357472419739,0.006164252758026123,1.206183910369873,0.01816444844007492,33,0.00019371148445850077
1006,0.9937722682952881,0.006227731704711914,1.2185317277908325,0.018350772559642792,33,0.00019371148445850077
1007,0.9938801527023315,0.006119847297668457,1.2185263633728027,0.018243912607431412,33,0.00019371148445850077
1008,0.9936953186988831,0.006304681301116943,1.2173084020614624,0.01841471716761589,33,0.00019371148445850077
1009,0.9938086867332458,0.00619131326675415,1.2135716676712036,0.018265116959810257,33,0.00019371148445850077
1010,0.9939345717430115,0.006065428256988525,1.2170275449752808,0.018175048753619194,33,0.00019371148445850077
1011,0.993828535079956,0.006171464920043945,1.190642237663269,0.01801617257297039,33,0.00019371148445850077
1012,0.9938398003578186,0.0061601996421813965,1.2267075777053833,0.01836567372083664,33,0.00019371148445850077
1013,0.993780255317688,0.006219744682312012,1.213075041770935,0.018288297578692436,33,0.00019371148445850077
1014,0.993813157081604,0.006186842918395996,1.2148054838180542,0.01827302947640419,33,0.00019371148445850077
1015,0.9940592646598816,0.005940735340118408,1.2015761137008667,0.017897088080644608,33,0.00019371148445850077
1016,0.9940369129180908,0.00596308708190918,1.1999969482421875,0.01790342479944229,33,0.00019371148445850077
1017,0.9937459826469421,0.006254017353057861,1.2087674140930176,0.018279150128364563,33,0.00019371148445850077
1018,0.9940155744552612,0.0059844255447387695,1.2093822956085205,0.01801840402185917,33,0.00019371148445850077
1019,0.9938483238220215,0.006151676177978516,1.2059794664382935,0.018149953335523605,33,0.00019371148445850077
1020,0.9940321445465088,0.005967855453491211,1.2108583450317383,0.018016759306192398,33,0.00019371148445850077
1021,0.9939956068992615,0.006004393100738525,1.199570655822754,0.017940055578947067,33,0.00019371148445850077
1022,0.9939768314361572,0.0060231685638427734,1.2038111686706543,0.018001049757003784,33,0.00019371148445850077
1023,0.9937800765037537,0.006219923496246338,1.2121944427490234,0.01827966794371605,34,0.00018402591023557573
1024,0.9937538504600525,0.00624614953994751,1.2059506177902222,0.01824319362640381,34,0.00018402591023557573
1025,0.9939157366752625,0.006084263324737549,1.2064697742462158,0.018088117241859436,34,0.00018402591023557573
1026,0.9938294291496277,0.0061705708503723145,1.2087132930755615,0.018195997923612595,34,0.00018402591023557573
1027,0.9940590858459473,0.005940914154052734,1.1986790895462036,0.017868295311927795,34,0.00018402591023557573
1028,0.9940032958984375,0.0059967041015625,1.1978542804718018,0.017915278673171997,34,0.00018402591023557573
1029,0.9941356778144836,0.005864322185516357,1.2109625339508057,0.017915304750204086,34,0.00018402591023557573
1030,0.993869960308075,0.006130039691925049,1.2021608352661133,0.018090346828103065,34,0.00018402591023557573
1031,0.9938828349113464,0.0061171650886535645,1.2060550451278687,0.01811654306948185,34,0.00018402591023557573
1032,0.9937978386878967,0.0062021613121032715,1.2166457176208496,0.01830659806728363,34,0.00018402591023557573
1033,0.9939612150192261,0.006038784980773926,1.2137945890426636,0.018116343766450882,34,0.00018402591023557573
1034,0.9938762784004211,0.006123721599578857,1.21212637424469,0.018183749169111252,34,0.00018402591023557573
1035,0.993929386138916,0.006070613861083984,1.2067409753799438,0.018077317625284195,34,0.00018402591023557573
1036,0.9940620064735413,0.00593799352645874,1.2061126232147217,0.017939738929271698,34,0.00018402591023557573
1037,0.9938217401504517,0.00617825984954834,1.210188388824463,0.01821836084127426,34,0.00018402591023557573
1038,0.9940380454063416,0.005961954593658447,1.2212843894958496,0.018115177750587463,34,0.00018402591023557573
1039,0.9939419031143188,0.006058096885681152,1.2166156768798828,0.01816367171704769,34,0.00018402591023557573
1040,0.9936167001724243,0.006383299827575684,1.2181870937347412,0.018501337617635727,34,0.00018402591023557573
1041,0.9937721490859985,0.006227850914001465,1.1875947713851929,0.018041519448161125,34,0.00018402591023557573
1042,0.9938258528709412,0.006174147129058838,1.2035202980041504,0.018147608265280724,34,0.00018402591023557573
1043,0.9938502311706543,0.006149768829345703,1.1980087757110596,0.018068358302116394,34,0.00018402591023557573
1044,0.9939190745353699,0.006080925464630127,1.2158914804458618,0.01817903108894825,34,0.00018402591023557573
1045,0.9940575361251831,0.0059424638748168945,1.192748785018921,0.017810527235269547,34,0.00018402591023557573
1046,0.9940134286880493,0.005986571311950684,1.2061797380447388,0.017988502979278564,34,0.00018402591023557573
1047,0.994061291217804,0.005938708782196045,1.2054951190948486,0.017934272065758705,34,0.00018402591023557573
1048,0.9938223958015442,0.0061776041984558105,1.2065041065216064,0.01818086951971054,34,0.00018402591023557573
1049,0.9937322735786438,0.006267726421356201,1.2286791801452637,0.018491841852664948,34,0.00018402591023557573
1050,0.9938032627105713,0.006196737289428711,1.2081114053726196,0.018215883523225784,34,0.00018402591023557573
1051,0.9938724637031555,0.006127536296844482,1.2002869844436646,0.018069129437208176,34,0.00018402591023557573
1052,0.994126558303833,0.005873441696166992,1.207498550415039,0.01788969337940216,34,0.00018402591023557573
1053,0.9938948154449463,0.006105184555053711,1.2078237533569336,0.018122371286153793,34,0.00018402591023557573
1054,0.9938886761665344,0.006111323833465576,1.1976187229156494,0.01802639663219452,35,0.00017482461472379692
1055,0.9938820004463196,0.00611799955368042,1.1897484064102173,0.017954302951693535,35,0.00017482461472379692
1056,0.9938377737998962,0.00616222620010376,1.2121081352233887,0.01822168566286564,35,0.00017482461472379692
1057,0.9938923120498657,0.006107687950134277,1.193574070930481,0.017982352524995804,35,0.00017482461472379692
1058,0.9938209652900696,0.00617903470993042,1.2121994495391846,0.018239237368106842,35,0.00017482461472379692
1059,0.994131863117218,0.005868136882781982,1.1971452236175537,0.017780907452106476,35,0.00017482461472379692
1060,0.9937398433685303,0.0062601566314697266,1.203381896018982,0.01823137328028679,35,0.00017482461472379692
1061,0.9939255118370056,0.006074488162994385,1.2201943397521973,0.018215686082839966,35,0.00017482461472379692
1062,0.9939457774162292,0.006054222583770752,1.1886093616485596,0.017879774793982506,35,0.00017482461472379692
1063,0.9938375353813171,0.006162464618682861,1.2108147144317627,0.01820898801088333,35,0.00017482461472379692
1064,0.9940690994262695,0.005930900573730469,1.2018744945526123,0.017890335991978645,35,0.00017482461472379692
1065,0.9941006302833557,0.005899369716644287,1.196557641029358,0.017805952578783035,35,0.00017482461472379692
1066,0.9937101602554321,0.006289839744567871,1.2179677486419678,0.018406618386507034,35,0.00017482461472379692
1067,0.9940488338470459,0.0059511661529541016,1.2027459144592285,0.017919113859534264,35,0.00017482461472379692
1068,0.9941441416740417,0.005855858325958252,1.1907284259796143,0.017704583704471588,35,0.00017482461472379692
1069,0.9939903020858765,0.006009697914123535,1.214609146118164,0.01809569261968136,35,0.00017482461472379692
1070,0.9938615560531616,0.006138443946838379,1.2026991844177246,0.018104050308465958,35,0.00017482461472379692
1071,0.9938042759895325,0.006195724010467529,1.2048205137252808,0.018181972205638885,35,0.00017482461472379692
1072,0.993956446647644,0.006043553352355957,1.2004077434539795,0.017987195402383804,35,0.00017482461472379692
1073,0.9937778115272522,0.006222188472747803,1.2132974863052368,0.01829294115304947,35,0.00017482461472379692
1074,0.9939103126525879,0.006089687347412109,1.1976890563964844,0.018005680292844772,35,0.00017482461472379692
1075,0.9941917657852173,0.005808234214782715,1.2072216272354126,0.017822368070483208,35,0.00017482461472379692
1076,0.9939678907394409,0.006032109260559082,1.2034962177276611,0.01800674945116043,35,0.00017482461472379692
1077,0.9939586520195007,0.006041347980499268,1.2125593423843384,0.018106527626514435,35,0.00017482461472379692
1078,0.9939725995063782,0.006027400493621826,1.2102278470993042,0.018069405108690262,35,0.00017482461472379692
1079,0.994194507598877,0.005805492401123047,1.205399751663208,0.017801433801651,35,0.00017482461472379692
1080,0.9940598607063293,0.005940139293670654,1.2066128253936768,0.017946865409612656,35,0.00017482461472379692
1081,0.9939635396003723,0.0060364603996276855,1.208919882774353,0.01806529425084591,35,0.00017482461472379692
1082,0.9938832521438599,0.006116747856140137,1.1972678899765015,0.01802825927734375,35,0.00017482461472379692
1083,0.9938242435455322,0.0061757564544677734,1.1987006664276123,0.018101004883646965,35,0.00017482461472379692
1084,0.9942202568054199,0.005779743194580078,1.1927037239074707,0.017648981884121895,35,0.00017482461472379692
1085,0.9940875172615051,0.005912482738494873,1.19923734664917,0.01784573122859001,36,0.00016608338398760707
1086,0.9940398931503296,0.00596010684967041,1.202143669128418,0.017921943217515945,36,0.00016608338398760707
1087,0.9939148426055908,0.00608515739440918,1.214193344116211,0.01816623844206333,36,0.00016608338398760707
1088,0.9940517544746399,0.005948245525360107,1.1989699602127075,0.017878463491797447,36,0.00016608338398760707
1089,0.9938398003578186,0.0061601996421813965,1.2172201871871948,0.01827079989016056,36,0.00016608338398760707
1090,0.9938859939575195,0.006114006042480469,1.2034344673156738,0.01808721013367176,36,0.00016608338398760707
1091,0.9940289258956909,0.005971074104309082,1.1999598741531372,0.01791096106171608,36,0.00016608338398760707
1092,0.9940792322158813,0.005920767784118652,1.1990779638290405,0.017852339893579483,36,0.00016608338398760707
1093,0.9938886165618896,0.0061113834381103516,1.2211660146713257,0.018261929973959923,36,0.00016608338398760707
1094,0.9940006732940674,0.005999326705932617,1.2021639347076416,0.01796097308397293,36,0.00016608338398760707
1095,0.9939515590667725,0.006048440933227539,1.195022463798523,0.01793818175792694,36,0.00016608338398760707
1096,0.9938693046569824,0.006130695343017578,1.1807126998901367,0.01787651516497135,36,0.00016608338398760707
1097,0.9939604997634888,0.0060395002365112305,1.1986501216888428,0.01796560548245907,36,0.00016608338398760707
1098,0.9938499927520752,0.006150007247924805,1.2037322521209717,0.018125828355550766,36,0.00016608338398760707
1099,0.9940326809883118,0.005967319011688232,1.1954740285873413,0.017862385138869286,36,0.00016608338398760707
1100,0.9941544532775879,0.005845546722412109,1.1983214616775513,0.017770305275917053,36,0.00016608338398760707
1101,0.9938393831253052,0.006160616874694824,1.2062968015670776,0.01816197857260704,36,0.00016608338398760707
1102,0.994091272354126,0.0059087276458740234,1.1983879804611206,0.017833519726991653,36,0.00016608338398760707
1103,0.9940813183784485,0.005918681621551514,1.2061975002288818,0.01792147010564804,36,0.00016608338398760707
1104,0.9939163327217102,0.006083667278289795,1.195051908493042,0.01797334849834442,36,0.00016608338398760707
1105,0.9941676259040833,0.005832374095916748,1.2050092220306396,0.017824143171310425,36,0.00016608338398760707
1106,0.9939596652984619,0.006040334701538086,1.194824457168579,0.017928175628185272,36,0.00016608338398760707
1107,0.9939884543418884,0.006011545658111572,1.2011895179748535,0.01796332560479641,36,0.00016608338398760707
1108,0.9940153360366821,0.005984663963317871,1.1863311529159546,0.017788127064704895,36,0.00016608338398760707
1109,0.9941318035125732,0.005868196487426758,1.1983959674835205,0.017793472856283188,36,0.00016608338398760707
1110,0.9940491914749146,0.005950808525085449,1.1995725631713867,0.017887026071548462,36,0.00016608338398760707
1111,0.9939038157463074,0.006096184253692627,1.2027066946029663,0.0180622898042202,36,0.00016608338398760707
1112,0.9942256808280945,0.005774319171905518,1.1959662437438965,0.01767623797059059,36,0.00016608338398760707
1113,0.9940362572669983,0.005963742733001709,1.1991816759109497,0.01789592206478119,36,0.00016608338398760707
1114,0.9939939975738525,0.006006002426147461,1.1760636568069458,0.017706578597426414,36,0.00016608338398760707
1115,0.993937611579895,0.0060623884201049805,1.2060810327529907,0.018062574788928032,36,0.00016608338398760707
1116,0.9939824342727661,0.006017565727233887,1.1970503330230713,0.01792789250612259,37,0.0001577792147882267
1117,0.993877649307251,0.0061223506927490234,1.2062633037567139,0.01812376081943512,37,0.0001577792147882267
1118,0.9941086173057556,0.005891382694244385,1.1962090730667114,0.01779456064105034,37,0.0001577792147882267
1119,0.9939563274383545,0.006043672561645508,1.1916508674621582,0.01789974421262741,37,0.0001577792147882267
1120,0.9941737651824951,0.005826234817504883,1.1953898668289185,0.0177218709141016,37,0.0001577792147882267
1121,0.9941246509552002,0.005875349044799805,1.1863806247711182,0.017680402845144272,37,0.0001577792147882267
1122,0.9939000010490417,0.006099998950958252,1.1953439712524414,0.01799243874847889,37,0.0001577792147882267
1123,0.99424147605896,0.005758523941040039,1.1896426677703857,0.017597366124391556,37,0.0001577792147882267
1124,0.9941146373748779,0.00588536262512207,1.1915608644485474,0.01774211786687374,37,0.0001577792147882267
1125,0.9940962195396423,0.005903780460357666,1.1934565305709839,0.017779307439923286,37,0.0001577792147882267
1126,0.9940333366394043,0.005966663360595703,1.1996214389801025,0.01790321059525013,37,0.0001577792147882267
1127,0.994204044342041,0.005795955657958984,1.1998744010925293,0.01773674041032791,37,0.0001577792147882267
1128,0.9940933585166931,0.005906641483306885,1.2006614208221436,0.01785418950021267,37,0.0001577792147882267
1129,0.9940083622932434,0.005991637706756592,1.200417160987854,0.017935892567038536,37,0.0001577792147882267
1130,0.9940137267112732,0.005986273288726807,1.2024192810058594,0.017950601875782013,37,0.0001577792147882267
1131,0.9939045906066895,0.006095409393310547,1.2211856842041016,0.01824631169438362,37,0.0001577792147882267
1132,0.9940047264099121,0.005995273590087891,1.2019661664962769,0.017954982817173004,37,0.0001577792147882267
1133,0.9941757917404175,0.0058242082595825195,1.1916944980621338,0.017682909965515137,37,0.0001577792147882267
1134,0.9939586520195007,0.006041347980499268,1.1984670162200928,0.01796560361981392,37,0.0001577792147882267
1135,0.9940550923347473,0.0059449076652526855,1.1997700929641724,0.01788315922021866,37,0.0001577792147882267
1136,0.9940943717956543,0.005905628204345703,1.1926047801971436,0.017772618681192398,37,0.0001577792147882267
1137,0.9940391182899475,0.00596088171005249,1.1898281574249268,0.017799554392695427,37,0.0001577792147882267
1138,0.9940411448478699,0.005958855152130127,1.1943179368972778,0.017842445522546768,37,0.0001577792147882267
1139,0.9940885901451111,0.005911409854888916,1.1937391757965088,0.01778968796133995,37,0.0001577792147882267
1140,0.9940329194068909,0.005967080593109131,1.1778002977371216,0.017685413360595703,37,0.0001577792147882267
1141,0.9939476847648621,0.0060523152351379395,1.2008706331253052,0.018000498414039612,37,0.0001577792147882267
1142,0.9938728213310242,0.00612717866897583,1.2040821313858032,0.018106728792190552,37,0.0001577792147882267
1143,0.9941121935844421,0.005887806415557861,1.1960258483886719,0.017789185047149658,37,0.0001577792147882267
1144,0.9940604567527771,0.0059395432472229,1.194654941558838,0.01782669685781002,37,0.0001577792147882267
1145,0.9939935207366943,0.006006479263305664,1.1828460693359375,0.017774876207113266,37,0.0001577792147882267
1146,0.9940041303634644,0.0059958696365356445,1.2041500806808472,0.017977412790060043,37,0.0001577792147882267
1147,0.9941654801368713,0.005834519863128662,1.190312385559082,0.017679298296570778,38,0.00014989025404881537
1148,0.9941620230674744,0.005837976932525635,1.1943745613098145,0.017723342403769493,38,0.00014989025404881537
1149,0.9940882921218872,0.005911707878112793,1.1776942014694214,0.017629532143473625,38,0.00014989025404881537
1150,0.994045078754425,0.005954921245574951,1.2123382091522217,0.018018754199147224,38,0.00014989025404881537
1151,0.9941200613975525,0.00587993860244751,1.1960703134536743,0.01778184249997139,38,0.00014989025404881537
1152,0.9942305088043213,0.005769491195678711,1.1897830963134766,0.017609626054763794,38,0.00014989025404881537
1153,0.9939607977867126,0.0060392022132873535,1.2011220455169678,0.017990030348300934,38,0.00014989025404881537
1154,0.9938774108886719,0.006122589111328125,1.2066463232040405,0.01812782697379589,38,0.00014989025404881537
1155,0.9940409660339355,0.005959033966064453,1.1931118965148926,0.017830561846494675,38,0.00014989025404881537
1156,0.9940231442451477,0.005976855754852295,1.192447543144226,0.017841562628746033,38,0.00014989025404881537
1157,0.9940342307090759,0.005965769290924072,1.2021784782409668,0.017927896231412888,38,0.00014989025404881537
1158,0.9940968155860901,0.005903184413909912,1.1907341480255127,0.01775149255990982,38,0.00014989025404881537
1159,0.9940391182899475,0.00596088171005249,1.1897475719451904,0.01779874786734581,38,0.00014989025404881537
1160,0.9942178726196289,0.005782127380371094,1.195110559463501,0.017675410956144333,38,0.00014989025404881537
1161,0.9942315220832825,0.005768477916717529,1.1911840438842773,0.017622632905840874,38,0.00014989025404881537
1162,0.9938939213752747,0.006106078624725342,1.1862212419509888,0.01790723018348217,38,0.00014989025404881537
1163,0.9940170645713806,0.005982935428619385,1.1951566934585571,0.017874673008918762,38,0.00014989025404881537
1164,0.9939250349998474,0.006074965000152588,1.1974031925201416,0.01798824779689312,38,0.00014989025404881537
1165,0.9942792654037476,0.005720734596252441,1.1857233047485352,0.017520759254693985,38,0.00014989025404881537
1166,0.9941116571426392,0.00588834285736084,1.1947143077850342,0.017776602879166603,38,0.00014989025404881537
1167,0.9941080808639526,0.005891919136047363,1.1987066268920898,0.017820065841078758,38,0.00014989025404881537
1168,0.9940969347953796,0.005903065204620361,1.184813141822815,0.017692165449261665,38,0.00014989025404881537
1169,0.9940783977508545,0.005921602249145508,1.1919968128204346,0.01778235472738743,38,0.00014989025404881537
1170,0.9942061305046082,0.005793869495391846,1.2046854496002197,0.0177827849984169,38,0.00014989025404881537
1171,0.9940539598464966,0.005946040153503418,1.191911220550537,0.017805691808462143,38,0.00014989025404881537
1172,0.9940778017044067,0.005922198295593262,1.173250675201416,0.017595482990145683,38,0.00014989025404881537
1173,0.9940641522407532,0.005935847759246826,1.1982526779174805,0.017859015613794327,38,0.00014989025404881537
1174,0.9941477179527283,0.0058522820472717285,1.1937180757522583,0.017730940133333206,38,0.00014989025404881537
1175,0.9940656423568726,0.005934357643127441,1.1868977546691895,0.017743991687893867,38,0.00014989025404881537
1176,0.9940316677093506,0.005968332290649414,1.1878447532653809,0.01778709702193737,38,0.00014989025404881537
1177,0.9941129088401794,0.005887091159820557,1.1852750778198242,0.017680970951914787,38,0.00014989025404881537
1178,0.9942155480384827,0.005784451961517334,1.1789965629577637,0.017516572028398514,39,0.00014239574134637458
1179,0.9940612316131592,0.00593876838684082,1.1984459161758423,0.017863839864730835,39,0.00014239574134637458
1180,0.9942634105682373,0.005736589431762695,1.1902081966400146,0.017581306397914886,39,0.00014239574134637458
1181,0.9940802454948425,0.005919754505157471,1.185083031654358,0.01771138608455658,39,0.00014239574134637458
1182,0.9941369295120239,0.005863070487976074,1.193509578704834,0.017739534378051758,39,0.00014239574134637458
1183,0.9942278265953064,0.0057721734046936035,1.1993882656097412,0.01770833507180214,39,0.00014239574134637458
1184,0.9942534565925598,0.0057465434074401855,1.183605432510376,0.01752513274550438,39,0.00014239574134637458
1185,0.9942139983177185,0.005786001682281494,1.1896839141845703,0.017624979838728905,39,0.00014239574134637458
1186,0.9941430687904358,0.005856931209564209,1.1801656484603882,0.01760001853108406,39,0.00014239574134637458
1187,0.9941992163658142,0.005800783634185791,1.1907808780670166,0.017650583758950233,39,0.00014239574134637458
1188,0.9942873120307922,0.005712687969207764,1.1836389303207397,0.01749194972217083,39,0.00014239574134637458
1189,0.9940469264984131,0.005953073501586914,1.1862975358963013,0.017756517976522446,39,0.00014239574134637458
1190,0.9940731525421143,0.005926847457885742,1.1854984760284424,0.017722563818097115,39,0.00014239574134637458
1191,0.9941509962081909,0.005849003791809082,1.1857775449752808,0.01764828898012638,39,0.00014239574134637458
1192,0.9940877556800842,0.0059122443199157715,1.1952993869781494,0.017806116491556168,39,0.00014239574134637458
1193,0.994127094745636,0.005872905254364014,1.1964012384414673,0.0177781879901886,39,0.00014239574134637458
1194,0.9939324259757996,0.0060675740242004395,1.1906089782714844,0.017912987619638443,39,0.00014239574134637458
1195,0.9941502213478088,0.005849778652191162,1.1843243837356567,0.017634524032473564,39,0.00014239574134637458
1196,0.9942131042480469,0.005786895751953125,1.206461787223816,0.017793644219636917,39,0.00014239574134637458
1197,0.9940751791000366,0.005924820899963379,1.188816785812378,0.017753740772604942,39,0.00014239574134637458
1198,0.9940107464790344,0.005989253520965576,1.1969859600067139,0.017899220809340477,39,0.00014239574134637458
1199,0.9941009879112244,0.005899012088775635,1.1893612146377563,0.017733633518218994,39,0.00014239574134637458
1200,0.9941086769104004,0.005891323089599609,1.1881158351898193,0.01771356724202633,39,0.00014239574134637458
1201,0.9942472577095032,0.005752742290496826,1.1896004676818848,0.017591219395399094,39,0.00014239574134637458
1202,0.9940536618232727,0.005946338176727295,1.1854076385498047,0.017740949988365173,39,0.00014239574134637458
1203,0.9939372539520264,0.006062746047973633,1.2014050483703613,0.018016168847680092,39,0.00014239574134637458
1204,0.993970513343811,0.006029486656188965,1.201153039932251,0.017980720847845078,39,0.00014239574134637458
1205,0.9941416382789612,0.005858361721038818,1.1794734001159668,0.017594512552022934,39,0.00014239574134637458
1206,0.9940579533576965,0.005942046642303467,1.1933951377868652,0.01781657710671425,39,0.00014239574134637458
1207,0.9941477179527283,0.0058522820472717285,1.1796752214431763,0.017590511590242386,39,0.00014239574134637458
1208,0.9941551685333252,0.005844831466674805,1.1888560056686401,0.017674943432211876,39,0.00014239574134637458
1209,0.9940641522407532,0.005935847759246826,1.1816447973251343,0.017692936584353447,40,0.00013527595427905584
1210,0.9939765334129333,0.00602346658706665,1.1931326389312744,0.017894558608531952,40,0.00013527595427905584
1211,0.9942253828048706,0.0057746171951293945,1.1831520795822144,0.017548391595482826,40,0.00013527595427905584
1212,0.9942235350608826,0.005776464939117432,1.1889398097991943,0.017608098685741425,40,0.00013527595427905584
1213,0.994246780872345,0.005753219127655029,1.1805024147033691,0.017500711604952812,40,0.00013527595427905584
1214,0.9940967559814453,0.0059032440185546875,1.183205485343933,0.01767626591026783,40,0.00013527595427905584
1215,0.9941646456718445,0.005835354328155518,1.1927093267440796,0.01770409382879734,40,0.00013527595427905584
1216,0.9940837621688843,0.005916237831115723,1.1795082092285156,0.017652157694101334,40,0.00013527595427905584
1217,0.9940423965454102,0.005957603454589844,1.2009713649749756,0.01790774241089821,40,0.00013527595427905584
1218,0.9943863153457642,0.00561368465423584,1.177213191986084,0.017329679802060127,40,0.00013527595427905584
1219,0.9941388368606567,0.005861163139343262,1.1745243072509766,0.017547793686389923,40,0.00013527595427905584
1220,0.9941584467887878,0.005841553211212158,1.1950559616088867,0.017733696848154068,40,0.00013527595427905584
1221,0.9942430257797241,0.005756974220275879,1.1911370754241943,0.01761077530682087,40,0.00013527595427905584
1222,0.9942576885223389,0.005742311477661133,1.193953514099121,0.017624422907829285,40,0.00013527595427905584
1223,0.9940513968467712,0.00594860315322876,1.1854791641235352,0.017743907868862152,40,0.00013527595427905584
1224,0.994317889213562,0.005682110786437988,1.1837518215179443,0.01746280863881111,40,0.00013527595427905584
1225,0.9941187500953674,0.005881249904632568,1.1810925006866455,0.017633361741900444,40,0.00013527595427905584
1226,0.9941138029098511,0.005886197090148926,1.1914616823196411,0.01774195209145546,40,0.00013527595427905584
1227,0.9941996335983276,0.005800366401672363,1.1949462890625,0.017691824585199356,40,0.00013527595427905584
1228,0.994368851184845,0.005631148815155029,1.1781212091445923,0.01735604926943779,40,0.00013527595427905584
1229,0.994232714176178,0.0057672858238220215,1.1906750202178955,0.017616363242268562,40,0.00013527595427905584
1230,0.9939711093902588,0.006028890609741211,1.1931004524230957,0.017899606376886368,40,0.00013527595427905584
1231,0.9941088557243347,0.005891144275665283,1.1828670501708984,0.017660902813076973,40,0.00013527595427905584
1232,0.9942430853843689,0.0057569146156311035,1.1937718391418457,0.017637062817811966,40,0.00013527595427905584
1233,0.994023859500885,0.00597614049911499,1.1934332847595215,0.017850711941719055,40,0.00013527595427905584
1234,0.9940667748451233,0.005933225154876709,1.1903613805770874,0.01777750626206398,40,0.00013527595427905584
1235,0.9940384030342102,0.005961596965789795,1.18053138256073,0.01770729571580887,40,0.00013527595427905584
1236,0.9941437244415283,0.00585627555847168,1.1807971000671387,0.01760568469762802,40,0.00013527595427905584
1237,0.9943116307258606,0.005688369274139404,1.1797244548797607,0.017428729683160782,40,0.00013527595427905584
1238,0.994294285774231,0.005705714225769043,1.1868816614151,0.01751747354865074,40,0.00013527595427905584
1239,0.9939863085746765,0.006013691425323486,1.1955949068069458,0.017909502610564232,40,0.00013527595427905584
1240,0.9942031502723694,0.005796849727630615,1.1795220375061035,0.017534101381897926,41,0.00012851215656510304
1241,0.9940994381904602,0.005900561809539795,1.1732319593429565,0.017573876306414604,41,0.00012851215656510304
1242,0.9941961169242859,0.005803883075714111,1.1816991567611694,0.017562836408615112,41,0.00012851215656510304
1243,0.994376540184021,0.005623459815979004,1.1805564165115356,0.01737278886139393,41,0.00012851215656510304
1244,0.9940193891525269,0.0059806108474731445,1.201807975769043,0.0179388839751482,41,0.00012851215656510304
1245,0.9940775632858276,0.005922436714172363,1.1905179023742676,0.017768390476703644,41,0.00012851215656510304
1246,0.994449257850647,0.005550742149353027,1.1839250326156616,0.017334485426545143,41,0.00012851215656510304
1247,0.9940328001976013,0.005967199802398682,1.195375680923462,0.01786128431558609,41,0.00012851215656510304
1248,0.9942894577980042,0.00571054220199585,1.1823471784591675,0.01747690886259079,41,0.00012851215656510304
1249,0.9943020343780518,0.005697965621948242,1.166614294052124,0.017307128757238388,41,0.00012851215656510304
1250,0.994128942489624,0.0058710575103759766,1.1884204149246216,0.017696551978588104,41,0.00012851215656510304
1251,0.9942070841789246,0.0057929158210754395,1.188456654548645,0.017619553953409195,41,0.00012851215656510304
1252,0.9941504001617432,0.005849599838256836,1.164807915687561,0.017439182847738266,41,0.00012851215656510304
1253,0.9941405653953552,0.005859434604644775,1.1809701919555664,0.017610542476177216,41,0.00012851215656510304
1254,0.9942071437835693,0.005792856216430664,1.2004369497299194,0.017739295959472656,41,0.00012851215656510304
1255,0.994229257106781,0.005770742893218994,1.2002573013305664,0.017715606838464737,41,0.00012851215656510304
1256,0.9941319227218628,0.005868077278137207,1.1837356090545654,0.017646752297878265,41,0.00012851215656510304
1257,0.994189441204071,0.005810558795928955,1.1836434602737427,0.017588887363672256,41,0.00012851215656510304
1258,0.9942401051521301,0.005759894847869873,1.181911826133728,0.017521413043141365,41,0.00012851215656510304
1259,0.994280993938446,0.005719006061553955,1.1753945350646973,0.017415760084986687,41,0.00012851215656510304
1260,0.9941317439079285,0.005868256092071533,1.183896541595459,0.017648538574576378,41,0.00012851215656510304
1261,0.9943147301673889,0.005685269832611084,1.187745213508606,0.017505869269371033,41,0.00012851215656510304
1262,0.9942068457603455,0.005793154239654541,1.1759198904037476,0.01749442145228386,41,0.00012851215656510304
1263,0.9943283200263977,0.005671679973602295,1.1801916360855103,0.017416879534721375,41,0.00012851215656510304
1264,0.9939923882484436,0.0060076117515563965,1.1993857622146606,0.017941392958164215,41,0.00012851215656510304
1265,0.9941709637641907,0.005829036235809326,1.1826945543289185,0.01759769208729267,41,0.00012851215656510304
1266,0.9941194653511047,0.005880534648895264,1.1825146675109863,0.017646875232458115,41,0.00012851215656510304
1267,0.9942391514778137,0.005760848522186279,1.193544626235962,0.017638687044382095,41,0.00012851215656510304
1268,0.9941175580024719,0.005882441997528076,1.1806426048278809,0.017630044370889664,41,0.00012851215656510304
1269,0.9942383766174316,0.005761623382568359,1.1786001920700073,0.01749000884592533,41,0.00012851215656510304
1270,0.9942312836647034,0.005768716335296631,1.1692488193511963,0.01740351691842079,41,0.00012851215656510304
1271,0.993976354598999,0.0060236454010009766,1.1868226528167725,0.01783163473010063,42,0.00012208654873684788
1272,0.9942754507064819,0.005724549293518066,1.1934943199157715,0.01760224625468254,42,0.00012208654873684788
1273,0.9942488074302673,0.005751192569732666,1.1734521389007568,0.0174282006919384,42,0.00012208654873684788
1274,0.9941006898880005,0.005899310111999512,1.1830464601516724,0.017670780420303345,42,0.00012208654873684788
1275,0.9942436218261719,0.005756378173828125,1.1791952848434448,0.017490766942501068,42,0.00012208654873684788
1276,0.9939672946929932,0.006032705307006836,1.1982556581497192,0.017954934388399124,42,0.00012208654873684788
1277,0.9942068457603455,0.005793154239654541,1.1724666357040405,0.017459888011217117,42,0.00012208654873684788
1278,0.9942372441291809,0.005762755870819092,1.1856614351272583,0.017561741173267365,42,0.00012208654873684788
1279,0.9944243431091309,0.005575656890869141,1.1807620525360107,0.01732752099633217,42,0.00012208654873684788
1280,0.9942628741264343,0.005737125873565674,1.1793944835662842,0.017473699524998665,42,0.00012208654873684788
1281,0.9943129420280457,0.005687057971954346,1.1823495626449585,0.01745368167757988,42,0.00012208654873684788
1282,0.9942155480384827,0.005784451961517334,1.18752121925354,0.017601819708943367,42,0.00012208654873684788
1283,0.9943280220031738,0.005671977996826172,1.1830193996429443,0.017445452511310577,42,0.00012208654873684788
1284,0.9943210482597351,0.005678951740264893,1.1844474077224731,0.01746663637459278,42,0.00012208654873684788
1285,0.9942051768302917,0.005794823169708252,1.182409644126892,0.017560971900820732,42,0.00012208654873684788
1286,0.9941508173942566,0.005849182605743408,1.1639928817749023,0.017430618405342102,42,0.00012208654873684788
1287,0.994303822517395,0.0056961774826049805,1.1858689785003662,0.01749790459871292,42,0.00012208654873684788
1288,0.9942477941513062,0.005752205848693848,1.1726679801940918,0.017421362921595573,42,0.00012208654873684788
1289,0.9944071173667908,0.0055928826332092285,1.1898193359375,0.017435148358345032,42,0.00012208654873684788
1290,0.9941006302833557,0.005899369716644287,1.1969558000564575,0.01780993491411209,42,0.00012208654873684788
1291,0.9941604733467102,0.005839526653289795,1.1747342348098755,0.0175284743309021,42,0.00012208654873684788
1292,0.9943022727966309,0.005697727203369141,1.1734682321548462,0.017375431954860687,42,0.00012208654873684788
1293,0.994253396987915,0.005746603012084961,1.1675814390182495,0.017364950850605965,42,0.00012208654873684788
1294,0.9942675828933716,0.005732417106628418,1.180513620376587,0.01748022809624672,42,0.00012208654873684788
1295,0.9942641258239746,0.005735874176025391,1.1758315563201904,0.017436830326914787,42,0.00012208654873684788
1296,0.9942713975906372,0.005728602409362793,1.1787910461425781,0.01745922677218914,42,0.00012208654873684788
1297,0.9943281412124634,0.005671858787536621,1.1786341667175293,0.01740148290991783,42,0.00012208654873684788
1298,0.9941365122795105,0.005863487720489502,1.1802704334259033,0.017607556656003,42,0.00012208654873684788
1299,0.9942855834960938,0.00571441650390625,1.1782829761505127,0.017440102994441986,42,0.00012208654873684788
1300,0.9941667914390564,0.0058332085609436035,1.1882606744766235,0.017657482996582985,42,0.00012208654873684788
1301,0.994195818901062,0.005804181098937988,1.1738801002502441,0.017484940588474274,42,0.00012208654873684788
1302,0.994166910648346,0.005833089351654053,1.1765559911727905,0.01754031702876091,43,0.00011598222130000548
1303,0.9941158890724182,0.005884110927581787,1.185240387916565,0.0176776722073555,43,0.00011598222130000548
1304,0.9943724870681763,0.0056275129318237305,1.180968165397644,0.01738091930747032,43,0.00011598222130000548
1305,0.994297444820404,0.005702555179595947,1.1891883611679077,0.01753741316497326,43,0.00011598222130000548
1306,0.9943777322769165,0.005622267723083496,1.1744436025619507,0.017310481518507004,43,0.00011598222130000548
1307,0.9941721558570862,0.005827844142913818,1.1772767305374146,0.017542332410812378,43,0.00011598222130000548
1308,0.9942413568496704,0.00575864315032959,1.1756705045700073,0.017457760870456696,43,0.00011598222130000548
1309,0.9941484928131104,0.0058515071868896484,1.177213430404663,0.017565127462148666,43,0.00011598222130000548
1310,0.9941951632499695,0.005804836750030518,1.189932107925415,0.01764610782265663,43,0.00011598222130000548
1311,0.9942275285720825,0.0057724714279174805,1.1756536960601807,0.017471283674240112,43,0.00011598222130000548
1312,0.9941253066062927,0.005874693393707275,1.1956031322479248,0.017771977931261063,43,0.00011598222130000548
1313,0.9944403171539307,0.005559682846069336,1.17448091506958,0.01724889501929283,43,0.00011598222130000548
1314,0.9944301247596741,0.005569875240325928,1.1841660737991333,0.017355836927890778,43,0.00011598222130000548
1315,0.9941807985305786,0.005819201469421387,1.180151104927063,0.017562519758939743,43,0.00011598222130000548
1316,0.9941341876983643,0.005865812301635742,1.1805505752563477,0.01761266030371189,43,0.00011598222130000548
1317,0.9941655397415161,0.005834460258483887,1.168338418006897,0.017459500581026077,43,0.00011598222130000548
1318,0.9941465258598328,0.005853474140167236,1.1765871047973633,0.01756080985069275,43,0.00011598222130000548
1319,0.9943739771842957,0.005626022815704346,1.1861613988876343,0.01743137650191784,43,0.00011598222130000548
1320,0.9942954778671265,0.005704522132873535,1.1721532344818115,0.01736900955438614,43,0.00011598222130000548
1321,0.9942232370376587,0.005776762962341309,1.1878035068511963,0.017597030848264694,43,0.00011598222130000548
1322,0.9943695068359375,0.0056304931640625,1.1747236251831055,0.017321424558758736,43,0.00011598222130000548
1323,0.9944500923156738,0.005549907684326172,1.177801251411438,0.01727242022752762,43,0.00011598222130000548
1324,0.9942293167114258,0.005770683288574219,1.1770899295806885,0.017483875155448914,43,0.00011598222130000548
1325,0.9943515658378601,0.005648434162139893,1.1695222854614258,0.017287172377109528,43,0.00011598222130000548
1326,0.9942866563796997,0.005713343620300293,1.1735714673995972,0.017391923815011978,43,0.00011598222130000548
1327,0.9941839575767517,0.005816042423248291,1.1823853254318237,0.01758173480629921,43,0.00011598222130000548
1328,0.9942764043807983,0.00572359561920166,1.1793042421340942,0.017459401860833168,43,0.00011598222130000548
1329,0.9943909049034119,0.005609095096588135,1.181674599647522,0.017369750887155533,43,0.00011598222130000548
1330,0.9942532777786255,0.005746722221374512,1.1856266260147095,0.01754552125930786,43,0.00011598222130000548
1331,0.994266927242279,0.005733072757720947,1.1568125486373901,0.017243867740035057,43,0.00011598222130000548
1332,0.994333028793335,0.005666971206665039,1.1583722829818726,0.017194023355841637,43,0.00011598222130000548
1333,0.9942823648452759,0.005717635154724121,1.1942812204360962,0.017603270709514618,44,0.00011018311023500519
1334,0.9943409562110901,0.005659043788909912,1.1626472473144531,0.017228925600647926,44,0.00011018311023500519
1335,0.9944993853569031,0.005500614643096924,1.177846908569336,0.017224077135324478,44,0.00011018311023500519
1336,0.9942313432693481,0.0057686567306518555,1.1700674295425415,0.017411643639206886,44,0.00011018311023500519
1337,0.9943646192550659,0.005635380744934082,1.1738831996917725,0.017317859455943108,44,0.00011018311023500519
1338,0.9944515824317932,0.005548417568206787,1.1734167337417603,0.01722710020840168,44,0.00011018311023500519
1339,0.9942989945411682,0.005701005458831787,1.1793668270111084,0.017437662929296494,44,0.00011018311023500519
1340,0.9942242503166199,0.005775749683380127,1.1877341270446777,0.017595333978533745,44,0.00011018311023500519
1341,0.9943158030509949,0.005684196949005127,1.1695574522018433,0.017322929576039314,44,0.00011018311023500519
1342,0.9942554831504822,0.005744516849517822,1.1798248291015625,0.017485320568084717,44,0.00011018311023500519
1343,0.9944361448287964,0.005563855171203613,1.1726694107055664,0.017234910279512405,44,0.00011018311023500519
1344,0.9942156672477722,0.005784332752227783,1.1632356643676758,0.017358846962451935,44,0.00011018311023500519
1345,0.99419105052948,0.0058089494705200195,1.177727222442627,0.01752813160419464,44,0.00011018311023500519
1346,0.9942259192466736,0.005774080753326416,1.1818020343780518,0.01753436028957367,44,0.00011018311023500519
1347,0.9941665530204773,0.005833446979522705,1.1761410236358643,0.017536522820591927,44,0.00011018311023500519
1348,0.9942794442176819,0.005720555782318115,1.1849826574325562,0.017513176426291466,44,0.00011018311023500519
1349,0.9941827058792114,0.005817294120788574,1.1749224662780762,0.01750834658741951,44,0.00011018311023500519
1350,0.9942768216133118,0.005723178386688232,1.1787787675857544,0.017453733831644058,44,0.00011018311023500519
1351,0.994300901889801,0.005699098110198975,1.1676970720291138,0.017319077625870705,44,0.00011018311023500519
1352,0.9942381978034973,0.0057618021965026855,1.176255464553833,0.01746673882007599,44,0.00011018311023500519
1353,0.9943157434463501,0.005684256553649902,1.1638511419296265,0.01726592518389225,44,0.00011018311023500519
1354,0.9943091869354248,0.005690813064575195,1.1600794792175293,0.017234699800610542,44,0.00011018311023500519
1355,0.9942368865013123,0.005763113498687744,1.1781126260757446,0.017486609518527985,44,0.00011018311023500519
1356,0.9944875836372375,0.005512416362762451,1.182491660118103,0.017282208427786827,44,0.00011018311023500519
1357,0.9942236542701721,0.005776345729827881,1.186711311340332,0.017585694789886475,44,0.00011018311023500519
1358,0.9942083954811096,0.005791604518890381,1.1816681623458862,0.01755036972463131,44,0.00011018311023500519
1359,0.9943212866783142,0.005678713321685791,1.1765356063842773,0.017387282103300095,44,0.00011018311023500519
1360,0.994288444519043,0.005711555480957031,1.1843326091766357,0.01749776490032673,44,0.00011018311023500519
1361,0.9942778944969177,0.005722105503082275,1.1638307571411133,0.017303191125392914,44,0.00011018311023500519
1362,0.9943580031394958,0.00564199686050415,1.1829726696014404,0.017415303736925125,44,0.00011018311023500519
1363,0.9941993951797485,0.005800604820251465,1.1707525253295898,0.01745012402534485,44,0.00011018311023500519
1364,0.9943628907203674,0.005637109279632568,1.1694655418395996,0.01727539300918579,45,0.00010467395472325493
1365,0.9944467544555664,0.005553245544433594,1.1753382682800293,0.017251094803214073,45,0.00010467395472325493
1366,0.9944552779197693,0.005544722080230713,1.1684062480926514,0.017173336818814278,45,0.00010467395472325493
1367,0.9942761063575745,0.005723893642425537,1.1876834630966187,0.01754348911345005,45,0.00010467395472325493
1368,0.9943597316741943,0.005640268325805664,1.1663541793823242,0.017247406765818596,45,0.00010467395472325493
1369,0.9942898750305176,0.005710124969482422,1.1710323095321655,0.017363347113132477,45,0.00010467395472325493
1370,0.9943068623542786,0.0056931376457214355,1.173221468925476,0.017368420958518982,45,0.00010467395472325493
1371,0.9944185614585876,0.0055814385414123535,1.195625901222229,0.017481882125139236,45,0.00010467395472325493
1372,0.9942601919174194,0.005739808082580566,1.174351453781128,0.01742592453956604,45,0.00010467395472325493
1373,0.9941831231117249,0.0058168768882751465,1.1879733800888062,0.017638441175222397,45,0.00010467395472325493
1374,0.9944251179695129,0.0055748820304870605,1.1758548021316528,0.017277680337429047,45,0.00010467395472325493
1375,0.9944143891334534,0.005585610866546631,1.1715009212493896,0.017244763672351837,45,0.00010467395472325493
1376,0.9943289756774902,0.005671024322509766,1.172574758529663,0.01734006032347679,45,0.00010467395472325493
1377,0.9943588972091675,0.0056411027908325195,1.1694931983947754,0.017279623076319695,45,0.00010467395472325493
1378,0.9943279027938843,0.005672097206115723,1.1721025705337524,0.017336402088403702,45,0.00010467395472325493
1379,0.9943214058876038,0.00567859411239624,1.1675832271575928,0.017297640442848206,45,0.00010467395472325493
1380,0.9943183660507202,0.005681633949279785,1.171876311302185,0.017343580722808838,45,0.00010467395472325493
1381,0.994350254535675,0.005649745464324951,1.1708705425262451,0.017301952466368675,45,0.00010467395472325493
1382,0.9942940473556519,0.0057059526443481445,1.1772156953811646,0.017421049997210503,45,0.00010467395472325493
1383,0.9942481517791748,0.005751848220825195,1.161553978919983,0.017309870570898056,45,0.00010467395472325493
1384,0.9943429827690125,0.005657017230987549,1.1787618398666382,0.01738806627690792,45,0.00010467395472325493
1385,0.9943608045578003,0.005639195442199707,1.1729886531829834,0.017312688753008842,45,0.00010467395472325493
1386,0.9944505095481873,0.005549490451812744,1.1741951704025269,0.017235945910215378,45,0.00010467395472325493
1387,0.9941112995147705,0.005888700485229492,1.172548770904541,0.017555300146341324,45,0.00010467395472325493
1388,0.9942408204078674,0.005759179592132568,1.165756344795227,0.01735915057361126,45,0.00010467395472325493
1389,0.9943341612815857,0.005665838718414307,1.1760083436965942,0.017369262874126434,45,0.00010467395472325493
1390,0.9943099617958069,0.005690038204193115,1.1591689586639404,0.017224827781319618,45,0.00010467395472325493
1391,0.9943007230758667,0.005699276924133301,1.1825230121612549,0.01746751368045807,45,0.00010467395472325493
1392,0.9943389892578125,0.0056610107421875,1.1715421676635742,0.017319822683930397,45,0.00010467395472325493
1393,0.9942750930786133,0.005724906921386719,1.1733357906341553,0.017401015385985374,45,0.00010467395472325493
1394,0.9943088293075562,0.005691170692443848,1.1794824600219727,0.017429083585739136,45,0.00010467395472325493
1395,0.9942712783813477,0.005728721618652344,1.1836529970169067,0.017507964745163918,46,9.944025698709218e-05
1396,0.9942694902420044,0.0057305097579956055,1.1671119928359985,0.01734432391822338,46,9.944025698709218e-05
1397,0.9943008422851562,0.00569915771484375,1.173218846321106,0.017374355345964432,46,9.944025698709218e-05
1398,0.994459331035614,0.005540668964385986,1.1668784618377686,0.017154047265648842,46,9.944025698709218e-05
1399,0.9943427443504333,0.00565725564956665,1.1743695735931396,0.01734437793493271,46,9.944025698709218e-05
1400,0.9943733811378479,0.0056266188621521,1.1679191589355469,0.017249543219804764,46,9.944025698709218e-05
1401,0.9942721724510193,0.005727827548980713,1.171910285949707,0.017389651387929916,46,9.944025698709218e-05
1402,0.9942903518676758,0.005709648132324219,1.172354817390442,0.017376098781824112,46,9.944025698709218e-05
1403,0.994225800037384,0.005774199962615967,1.167855978012085,0.01739501766860485,46,9.944025698709218e-05
1404,0.9942663908004761,0.005733609199523926,1.164968729019165,0.017325960099697113,46,9.944025698709218e-05
1405,0.9943416118621826,0.005658388137817383,1.16910719871521,0.017292875796556473,46,9.944025698709218e-05
1406,0.9943603873252869,0.005639612674713135,1.1684867143630981,0.01726808398962021,46,9.944025698709218e-05
1407,0.9945196509361267,0.005480349063873291,1.1703153848648071,0.017128698527812958,46,9.944025698709218e-05
1408,0.994496762752533,0.005503237247467041,1.1651777029037476,0.017099982127547264,46,9.944025698709218e-05
1409,0.9942924976348877,0.005707502365112305,1.167636513710022,0.01732679083943367,46,9.944025698709218e-05
1410,0.9944484233856201,0.005551576614379883,1.1668769121170044,0.01716483011841774,46,9.944025698709218e-05
1411,0.9944421648979187,0.005557835102081299,1.1676337718963623,0.017178595066070557,46,9.944025698709218e-05
1412,0.9943113327026367,0.005688667297363281,1.1873033046722412,0.01750481314957142,46,9.944025698709218e-05
1413,0.9942547082901001,0.005745291709899902,1.1700522899627686,0.01738836243748665,46,9.944025698709218e-05
1414,0.9943219423294067,0.005678057670593262,1.170620322227478,0.017327480018138885,46,9.944025698709218e-05
1415,0.9945154190063477,0.005484580993652344,1.1682584285736084,0.01711231842637062,46,9.944025698709218e-05
1416,0.9943862557411194,0.005613744258880615,1.180250644683838,0.017360113561153412,46,9.944025698709218e-05
1417,0.9944086074829102,0.005591392517089844,1.1819641590118408,0.017355119809508324,46,9.944025698709218e-05
1418,0.9943373203277588,0.005662679672241211,1.1733074188232422,0.017339127138257027,46,9.944025698709218e-05
1419,0.9942489862442017,0.00575101375579834,1.1810787916183472,0.017504291608929634,46,9.944025698709218e-05
1420,0.9944618344306946,0.00553816556930542,1.1753658056259155,0.017236441373825073,46,9.944025698709218e-05
1421,0.9943898320198059,0.005610167980194092,1.1704466342926025,0.017258532345294952,46,9.944025698709218e-05
1422,0.9943258166313171,0.005674183368682861,1.168578863143921,0.017303230240941048,46,9.944025698709218e-05
1423,0.994329571723938,0.005670428276062012,1.1647443771362305,0.017261167988181114,46,9.944025698709218e-05
1424,0.9944641590118408,0.00553584098815918,1.171789288520813,0.01719837449491024,46,9.944025698709218e-05
1425,0.9943512678146362,0.0056487321853637695,1.1606833934783936,0.01719907857477665,46,9.944025698709218e-05
1426,0.9944425821304321,0.005557417869567871,1.1753675937652588,0.017255518585443497,47,9.446824413773756e-05
1427,0.9944545030593872,0.005545496940612793,1.1734308004379272,0.017224349081516266,47,9.446824413773756e-05
1428,0.9943279027938843,0.005672097206115723,1.1608049869537354,0.017223425209522247,47,9.446824413773756e-05
1429,0.9943349957466125,0.005665004253387451,1.1747716665267944,0.01735606975853443,47,9.446824413773756e-05
1430,0.9944015145301819,0.005598485469818115,1.1723750829696655,0.017266251146793365,47,9.446824413773756e-05
1431,0.9944630861282349,0.005536913871765137,1.1640625,0.017122169956564903,47,9.446824413773756e-05
1432,0.9944372177124023,0.005562782287597656,1.1703238487243652,0.01721039228141308,47,9.446824413773756e-05
1433,0.994229793548584,0.005770206451416016,1.1596298217773438,0.017308801412582397,47,9.446824413773756e-05
1434,0.9945821166038513,0.005417883396148682,1.1586167812347412,0.01694987341761589,47,9.446824413773756e-05
1435,0.9943941831588745,0.005605816841125488,1.1713827848434448,0.017263587564229965,47,9.446824413773756e-05
1436,0.9943239688873291,0.0056760311126708984,1.1755763292312622,0.017375033348798752,47,9.446824413773756e-05
1437,0.9941944479942322,0.005805552005767822,1.1772303581237793,0.01751979999244213,47,9.446824413773756e-05
1438,0.9943192005157471,0.00568079948425293,1.1767774820327759,0.017391767352819443,47,9.446824413773756e-05
1439,0.9943206310272217,0.00567936897277832,1.1574612855911255,0.01719718798995018,47,9.446824413773756e-05
1440,0.9943042993545532,0.005695700645446777,1.1733371019363403,0.017372114583849907,47,9.446824413773756e-05
1441,0.9944840669631958,0.005515933036804199,1.1756346225738525,0.01721711829304695,47,9.446824413773756e-05
1442,0.9943543076515198,0.005645692348480225,1.169208288192749,0.017281318083405495,47,9.446824413773756e-05
1443,0.9942542314529419,0.0057457685470581055,1.1771761178970337,0.01746007241308689,47,9.446824413773756e-05
1444,0.9943735003471375,0.005626499652862549,1.1734986305236816,0.017305221408605576,47,9.446824413773756e-05
1445,0.9943632483482361,0.005636751651763916,1.1673442125320435,0.017253827303647995,47,9.446824413773756e-05
1446,0.9943798184394836,0.005620181560516357,1.147841453552246,0.01704239472746849,47,9.446824413773756e-05
1447,0.9942666292190552,0.005733370780944824,1.1668047904968262,0.01734408549964428,47,9.446824413773756e-05
1448,0.994506299495697,0.0054937005043029785,1.184258222579956,0.017281346023082733,47,9.446824413773756e-05
1449,0.9946160316467285,0.005383968353271484,1.169264793395996,0.01702277734875679,47,9.446824413773756e-05
1450,0.9942534565925598,0.0057465434074401855,1.1591296195983887,0.017280373722314835,47,9.446824413773756e-05
1451,0.9944621324539185,0.005537867546081543,1.1702536344528198,0.017185024917125702,47,9.446824413773756e-05
1452,0.9942982196807861,0.005701780319213867,1.1749745607376099,0.01739450730383396,47,9.446824413773756e-05
1453,0.9943852424621582,0.005614757537841797,1.1723589897155762,0.01728219911456108,47,9.446824413773756e-05
1454,0.9945130944252014,0.005486905574798584,1.1560481786727905,0.016992518678307533,47,9.446824413773756e-05
1455,0.9944294095039368,0.005570590496063232,1.171427845954895,0.01722916215658188,47,9.446824413773756e-05
1456,0.9944869875907898,0.005513012409210205,1.168959379196167,0.017147475853562355,47,9.446824413773756e-05
1457,0.994267463684082,0.005732536315917969,1.187549114227295,0.017550701275467873,48,8.974483193085068e-05
1458,0.9943824410438538,0.00561755895614624,1.1476836204528809,0.017038218677043915,48,8.974483193085068e-05
1459,0.9943490624427795,0.005650937557220459,1.1690242290496826,0.01728467084467411,48,8.974483193085068e-05
1460,0.9945312738418579,0.00546872615814209,1.1704565286636353,0.017118602991104126,48,8.974483193085068e-05
1461,0.9944173693656921,0.005582630634307861,1.1721835136413574,0.017248637974262238,48,8.974483193085068e-05
1462,0.9945969581604004,0.005403041839599609,1.167810082435608,0.01702711172401905,48,8.974483193085068e-05
1463,0.9943633675575256,0.005636632442474365,1.172772765159607,0.01730799302458763,48,8.974483193085068e-05
1464,0.9944235682487488,0.005576431751251221,1.1641408205032349,0.017162075266242027,48,8.974483193085068e-05
1465,0.9943547248840332,0.005645275115966797,1.1609570980072021,0.017198393121361732,48,8.974483193085068e-05
1466,0.9944032430648804,0.005596756935119629,1.1702766418457031,0.017243554815649986,48,8.974483193085068e-05
1467,0.9943681359291077,0.005631864070892334,1.164201021194458,0.01721755601465702,48,8.974483193085068e-05
1468,0.994510293006897,0.005489706993103027,1.1772449016571045,0.017207259312272072,48,8.974483193085068e-05
1469,0.9944396018981934,0.005560398101806641,1.1690012216567993,0.017194805666804314,48,8.974483193085068e-05
1470,0.9943829774856567,0.005617022514343262,1.1682963371276855,0.01724381558597088,48,8.974483193085068e-05
1471,0.9943965077400208,0.005603492259979248,1.156648874282837,0.01711394637823105,48,8.974483193085068e-05
1472,0.9943785667419434,0.005621433258056641,1.1721750497817993,0.01728696934878826,48,8.974483193085068e-05
1473,0.9943645000457764,0.005635499954223633,1.1501139402389526,0.017080284655094147,48,8.974483193085068e-05
1474,0.9942886829376221,0.00571131706237793,1.1548552513122559,0.01720275729894638,48,8.974483193085068e-05
1475,0.9943807125091553,0.0056192874908447266,1.1785681247711182,0.017348775640130043,48,8.974483193085068e-05
1476,0.9945847988128662,0.005415201187133789,1.1686547994613647,0.017047597095370293,48,8.974483193085068e-05
1477,0.9943325519561768,0.005667448043823242,1.1654319763183594,0.017265092581510544,48,8.974483193085068e-05
1478,0.9944301843643188,0.005569815635681152,1.1776533126831055,0.017290649935603142,48,8.974483193085068e-05
1479,0.9944475293159485,0.005552470684051514,1.1663333177566528,0.01716027781367302,48,8.974483193085068e-05
1480,0.9943341016769409,0.005665898323059082,1.1772900819778442,0.017382141202688217,48,8.974483193085068e-05
1481,0.9943656921386719,0.005634307861328125,1.1674256324768066,0.017252221703529358,48,8.974483193085068e-05
1482,0.9943721294403076,0.005627870559692383,1.1690523624420166,0.017262116074562073,48,8.974483193085068e-05
1483,0.9943981170654297,0.0056018829345703125,1.1620227098464966,0.01716609112918377,48,8.974483193085068e-05
1484,0.9944633841514587,0.00553661584854126,1.1709017753601074,0.017190266400575638,48,8.974483193085068e-05
1485,0.9943903088569641,0.005609691143035889,1.1593647003173828,0.017147241160273552,48,8.974483193085068e-05
1486,0.994486391544342,0.005513608455657959,1.1681969165802002,0.01714044064283371,48,8.974483193085068e-05
1487,0.9945844411849976,0.005415558815002441,1.1499435901641846,0.01686083897948265,48,8.974483193085068e-05
1488,0.9945650696754456,0.005434930324554443,1.1737046241760254,0.01711762696504593,49,8.525759033430814e-05
1489,0.9945182800292969,0.005481719970703125,1.1698707342147827,0.017125610262155533,49,8.525759033430814e-05
1490,0.9944528937339783,0.0055471062660217285,1.1599011421203613,0.01709064655005932,49,8.525759033430814e-05
1491,0.9944031238555908,0.00559687614440918,1.1891229152679443,0.017432136461138725,49,8.525759033430814e-05
1492,0.9945668578147888,0.005433142185211182,1.1504716873168945,0.016883525997400284,49,8.525759033430814e-05
1493,0.9942271113395691,0.005772888660430908,1.15297269821167,0.017244886606931686,49,8.525759033430814e-05
1494,0.9945439696311951,0.005456030368804932,1.1618859767913818,0.0170203298330307,49,8.525759033430814e-05
1495,0.9943407773971558,0.005659222602844238,1.1556388139724731,0.01715901866555214,49,8.525759033430814e-05
1496,0.9944264888763428,0.0055735111236572266,1.1627802848815918,0.01714557781815529,49,8.525759033430814e-05
1497,0.9944895505905151,0.005510449409484863,1.1641318798065186,0.017096664756536484,49,8.525759033430814e-05
1498,0.994318962097168,0.005681037902832031,1.181208610534668,0.01743631437420845,49,8.525759033430814e-05
1499,0.9944902062416077,0.005509793758392334,1.1498806476593018,0.016953501850366592,49,8.525759033430814e-05
1500,0.9942467212677002,0.005753278732299805,1.1713876724243164,0.01740962266921997,49,8.525759033430814e-05
1501,0.9943769574165344,0.005623042583465576,1.1645777225494385,0.01721258834004402,49,8.525759033430814e-05
1502,0.994438111782074,0.005561888217926025,1.1650365591049194,0.017156634479761124,49,8.525759033430814e-05
1503,0.9944261908531189,0.0055738091468811035,1.166737675666809,0.017185447737574577,49,8.525759033430814e-05
1504,0.994385302066803,0.0056146979331970215,1.1603367328643799,0.017161918804049492,49,8.525759033430814e-05
1505,0.9945289492607117,0.00547105073928833,1.1666500568389893,0.01708284020423889,49,8.525759033430814e-05
1506,0.9944317936897278,0.005568206310272217,1.1689919233322144,0.01720244437456131,49,8.525759033430814e-05
1507,0.9945094585418701,0.005490541458129883,1.1799795627593994,0.01723543182015419,49,8.525759033430814e-05
1508,0.9944009780883789,0.005599021911621094,1.1702706813812256,0.017245737835764885,49,8.525759033430814e-05
1509,0.9944344162940979,0.0055655837059021,1.160936951637268,0.01711929589509964,49,8.525759033430814e-05
1510,0.994595468044281,0.005404531955718994,1.1673473119735718,0.017023960128426552,49,8.525759033430814e-05
1511,0.994370698928833,0.005629301071166992,1.169528841972351,0.01726829633116722,49,8.525759033430814e-05
1512,0.9944192171096802,0.005580782890319824,1.1497578620910645,0.017022553831338882,49,8.525759033430814e-05
1513,0.994281530380249,0.0057184696197509766,1.171777367591858,0.01737905852496624,49,8.525759033430814e-05
1514,0.9943613409996033,0.0056386590003967285,1.1585613489151,0.01716788485646248,49,8.525759033430814e-05
1515,0.9944559335708618,0.005544066429138184,1.1715534925460815,0.0172041617333889,49,8.525759033430814e-05
1516,0.9944437146186829,0.005556285381317139,1.1669585704803467,0.017170308157801628,49,8.525759033430814e-05
1517,0.994562566280365,0.00543743371963501,1.1568434238433838,0.01695149391889572,49,8.525759033430814e-05
1518,0.9944576621055603,0.005542337894439697,1.1615498065948486,0.01710241287946701,49,8.525759033430814e-05
1519,0.9943476319313049,0.005652368068695068,1.1669844388961792,0.017265688627958298,50,8.099471081759274e-05
1520,0.9945278763771057,0.005472123622894287,1.1581443548202515,0.01699884608387947,50,8.099471081759274e-05
1521,0.9943760633468628,0.005623936653137207,1.1690983772277832,0.01725868135690689,50,8.099471081759274e-05
1522,0.9946565628051758,0.005343437194824219,1.176551342010498,0.017055517062544823,50,8.099471081759274e-05
1523,0.9944466352462769,0.0055533647537231445,1.1596354246139526,0.017094185575842857,50,8.099471081759274e-05
1524,0.9943127036094666,0.005687296390533447,1.166163444519043,0.01729205623269081,50,8.099471081759274e-05
1525,0.9944741129875183,0.0055258870124816895,1.1529717445373535,0.017000345513224602,50,8.099471081759274e-05
1526,0.9943727850914001,0.0056272149085998535,1.163871169090271,0.017209654673933983,50,8.099471081759274e-05
1527,0.9945072531700134,0.005492746829986572,1.1572457551956177,0.017010275274515152,50,8.099471081759274e-05
1528,0.9943975806236267,0.005602419376373291,1.1787704229354858,0.017334099858999252,50,8.099471081759274e-05
1529,0.9945603609085083,0.005439639091491699,1.1607781648635864,0.016993023455142975,50,8.099471081759274e-05
1530,0.9945099353790283,0.00549006462097168,1.1618705987930298,0.017053868621587753,50,8.099471081759274e-05
1531,0.9945164918899536,0.005483508110046387,1.1702109575271606,0.017130782827734947,50,8.099471081759274e-05
1532,0.9944953322410583,0.00550466775894165,1.1773228645324707,0.017222849652171135,50,8.099471081759274e-05
1533,0.9944317936897278,0.005568206310272217,1.1578843593597412,0.01709136739373207,50,8.099471081759274e-05
1534,0.9944766163825989,0.005523383617401123,1.1624361276626587,0.0170925110578537,50,8.099471081759274e-05
1535,0.9943625330924988,0.005637466907501221,1.1532468795776367,0.017113560810685158,50,8.099471081759274e-05
1536,0.9944450855255127,0.005554914474487305,1.1576226949691772,0.017075592651963234,50,8.099471081759274e-05
1537,0.9944818019866943,0.005518198013305664,1.15792715549469,0.017042286694049835,50,8.099471081759274e-05
1538,0.9944314956665039,0.005568504333496094,1.1654162406921387,0.0171669814735651,50,8.099471081759274e-05
1539,0.9944103360176086,0.005589663982391357,1.1674145460128784,0.017207913100719452,50,8.099471081759274e-05
1540,0.9944849610328674,0.005515038967132568,1.1612441539764404,0.01707233116030693,50,8.099471081759274e-05
1541,0.9943685531616211,0.005631446838378906,1.162986397743225,0.017204996198415756,50,8.099471081759274e-05
1542,0.9944139719009399,0.005586028099060059,1.1621447801589966,0.017151614651083946,50,8.099471081759274e-05
1543,0.9944403767585754,0.0055596232414245605,1.1719069480895996,0.017223097383975983,50,8.099471081759274e-05
1544,0.9945509433746338,0.005449056625366211,1.1477675437927246,0.016872242093086243,50,8.099471081759274e-05
1545,0.9945245385169983,0.005475461483001709,1.1779072284698486,0.01719977892935276,50,8.099471081759274e-05
1546,0.9945399761199951,0.005460023880004883,1.1654388904571533,0.01705981232225895,50,8.099471081759274e-05
1547,0.9944201707839966,0.005579829216003418,1.1599388122558594,0.017123419791460037,50,8.099471081759274e-05
1548,0.9945275187492371,0.0054724812507629395,1.1566112041473389,0.016983868554234505,50,8.099471081759274e-05
1549,0.994454026222229,0.005545973777770996,1.1624102592468262,0.01711461693048477,50,8.099471081759274e-05
1550,0.9944175481796265,0.005582451820373535,1.173345685005188,0.017260083928704262,51,7.69449752767131e-05
1551,0.9944184422492981,0.005581557750701904,1.1427512168884277,0.016953254118561745,51,7.69449752767131e-05
1552,0.994613766670227,0.005386233329772949,1.1526991128921509,0.01685936190187931,51,7.69449752767131e-05
1553,0.9945012331008911,0.005498766899108887,1.1580332517623901,0.01702411100268364,51,7.69449752767131e-05
1554,0.9942737817764282,0.005726218223571777,1.179781436920166,0.017466770485043526,51,7.69449752767131e-05
1555,0.9944650530815125,0.005534946918487549,1.1672426462173462,0.017152022570371628,51,7.69449752767131e-05
1556,0.9945050477981567,0.005494952201843262,1.1598844528198242,0.017038846388459206,51,7.69449752767131e-05
1557,0.9945663809776306,0.005433619022369385,1.15663480758667,0.016945630311965942,51,7.69449752767131e-05
1558,0.9943292737007141,0.005670726299285889,1.1789052486419678,0.017403069883584976,51,7.69449752767131e-05
1559,0.9944621920585632,0.005537807941436768,1.1506552696228027,0.016988983377814293,51,7.69449752767131e-05
1560,0.9943887591362,0.005611240863800049,1.1618646383285522,0.017173774540424347,51,7.69449752767131e-05
1561,0.9944458603858948,0.005554139614105225,1.156166911125183,0.01706026680767536,51,7.69449752767131e-05
1562,0.9943562150001526,0.005643784999847412,1.1626720428466797,0.01721406728029251,51,7.69449752767131e-05
1563,0.9943200349807739,0.005679965019226074,1.1695209741592407,0.017318375408649445,51,7.69449752767131e-05
1564,0.9947326183319092,0.00526738166809082,1.162121057510376,0.01683591865003109,51,7.69449752767131e-05
1565,0.9944464564323425,0.005553543567657471,1.165292501449585,0.017150932922959328,51,7.69449752767131e-05
1566,0.9945467710494995,0.005453228950500488,1.1553364992141724,0.016952062025666237,51,7.69449752767131e-05
1567,0.9946867823600769,0.005313217639923096,1.1691956520080566,0.016952041536569595,51,7.69449752767131e-05
1568,0.9945521354675293,0.005447864532470703,1.1610561609268188,0.017003946006298065,51,7.69449752767131e-05
1569,0.9944216012954712,0.005578398704528809,1.1605017185211182,0.01712763123214245,51,7.69449752767131e-05
1570,0.9945194721221924,0.005480527877807617,1.1794486045837402,0.017220208421349525,51,7.69449752767131e-05
1571,0.994455099105835,0.005544900894165039,1.153603434562683,0.017025485634803772,51,7.69449752767131e-05
1572,0.9946275353431702,0.005372464656829834,1.160277009010315,0.0169215090572834,51,7.69449752767131e-05
1573,0.994408905506134,0.005591094493865967,1.1607261896133423,0.017142444849014282,51,7.69449752767131e-05
1574,0.994458794593811,0.005541205406188965,1.1654701232910156,0.017140494659543037,51,7.69449752767131e-05
1575,0.9945586919784546,0.00544130802154541,1.1520938873291016,0.016907833516597748,51,7.69449752767131e-05
1576,0.9945487380027771,0.0054512619972229,1.1583712100982666,0.01698046177625656,51,7.69449752767131e-05
1577,0.9944572448730469,0.005542755126953125,1.1542526483535767,0.01702985353767872,51,7.69449752767131e-05
1578,0.9944469928741455,0.005553007125854492,1.1600011587142944,0.017097488045692444,51,7.69449752767131e-05
1579,0.9945984482765198,0.005401551723480225,1.1675143241882324,0.01702267862856388,51,7.69449752767131e-05
1580,0.9942883253097534,0.005711674690246582,1.1572675704956055,0.017227234318852425,51,7.69449752767131e-05
1581,0.9945129752159119,0.005487024784088135,1.1661345958709717,0.01709350012242794,52,7.309772651287744e-05
1582,0.9945565462112427,0.005443453788757324,1.1584506034851074,0.016973525285720825,52,7.309772651287744e-05
1583,0.9946200251579285,0.005379974842071533,1.1545511484146118,0.016871687024831772,52,7.309772651287744e-05
1584,0.9944759011268616,0.005524098873138428,1.1609450578689575,0.017078308388590813,52,7.309772651287744e-05
1585,0.994685173034668,0.005314826965332031,1.15273118019104,0.016788991168141365,52,7.309772651287744e-05
1586,0.9943703413009644,0.0056296586990356445,1.1642768383026123,0.01721613109111786,52,7.309772651287744e-05
1587,0.9945473670959473,0.005452632904052734,1.1524829864501953,0.016922935843467712,52,7.309772651287744e-05
1588,0.9945446252822876,0.005455374717712402,1.1591044664382935,0.016991864889860153,52,7.309772651287744e-05
1589,0.9944009780883789,0.005599021911621094,1.155879259109497,0.017101824283599854,52,7.309772651287744e-05
1590,0.9944803714752197,0.0055196285247802734,1.1461418867111206,0.01692585088312626,52,7.309772651287744e-05
1591,0.9944222569465637,0.005577743053436279,1.166289210319519,0.01718485727906227,52,7.309772651287744e-05
1592,0.9942979216575623,0.005702078342437744,1.1636064052581787,0.017281120643019676,52,7.309772651287744e-05
1593,0.9946244955062866,0.005375504493713379,1.1604770421981812,0.016926519572734833,52,7.309772651287744e-05
1594,0.9944406747817993,0.005559325218200684,1.1592683792114258,0.017096415162086487,52,7.309772651287744e-05
1595,0.9944649338722229,0.0055350661277771,1.1466313600540161,0.016946028918027878,52,7.309772651287744e-05
1596,0.9943925738334656,0.005607426166534424,1.1704990863800049,0.017256341874599457,52,7.309772651287744e-05
1597,0.9946356415748596,0.005364358425140381,1.1505893468856812,0.016816608607769012,52,7.309772651287744e-05
1598,0.9943690896034241,0.005630910396575928,1.159003734588623,0.01716463826596737,52,7.309772651287744e-05
1599,0.9947515726089478,0.005248427391052246,1.150783658027649,0.016703778877854347,52,7.309772651287744e-05
1600,0.9946306347846985,0.005369365215301514,1.1692050695419312,0.017007723450660706,52,7.309772651287744e-05
1601,0.9943025708198547,0.005697429180145264,1.172942042350769,0.01736987568438053,52,7.309772651287744e-05
1602,0.9944193959236145,0.005580604076385498,1.1620653867721558,0.01714545115828514,52,7.309772651287744e-05
1603,0.9946368932723999,0.005363106727600098,1.1535230875015259,0.01684470660984516,52,7.309772651287744e-05
1604,0.9944418668746948,0.005558133125305176,1.1629294157028198,0.017131846398115158,52,7.309772651287744e-05
1605,0.9944905638694763,0.005509436130523682,1.1730852127075195,0.017185192555189133,52,7.309772651287744e-05
1606,0.994474470615387,0.005525529384613037,1.1565728187561035,0.01703600212931633,52,7.309772651287744e-05
1607,0.9946305751800537,0.005369424819946289,1.1662654876708984,0.01697838492691517,52,7.309772651287744e-05
1608,0.9945563673973083,0.00544363260269165,1.1647120714187622,0.01703631691634655,52,7.309772651287744e-05
1609,0.9943152070045471,0.005684792995452881,1.1634191274642944,0.017262134701013565,52,7.309772651287744e-05
1610,0.9945472478866577,0.005452752113342285,1.152449369430542,0.016922717913985252,52,7.309772651287744e-05
1611,0.994480550289154,0.005519449710845947,1.1729556322097778,0.017193811014294624,52,7.309772651287744e-05
1612,0.9946292042732239,0.005370795726776123,1.1678221225738525,0.01699530892074108,53,6.944284018723356e-05
1613,0.9945262670516968,0.005473732948303223,1.1641980409622192,0.01706097647547722,53,6.944284018723356e-05
1614,0.9946067333221436,0.005393266677856445,1.1480708122253418,0.016820041462779045,53,6.944284018723356e-05
1615,0.9945332407951355,0.005466759204864502,1.1473113298416138,0.01688520424067974,53,6.944284018723356e-05
1616,0.9944562911987305,0.005543708801269531,1.1536558866500854,0.017024829983711243,53,6.944284018723356e-05
1617,0.9945043325424194,0.005495667457580566,1.1733931303024292,0.01717464253306389,53,6.944284018723356e-05
1618,0.9943603873252869,0.005639612674713135,1.1569644212722778,0.017152860760688782,53,6.944284018723356e-05
1619,0.9945200681686401,0.005479931831359863,1.1635258197784424,0.01706038974225521,53,6.944284018723356e-05
1620,0.9943578243255615,0.0056421756744384766,1.1614350080490112,0.017200103029608727,53,6.944284018723356e-05
1621,0.9945970773696899,0.005402922630310059,1.1654624938964844,0.017003517597913742,53,6.944284018723356e-05
1622,0.9945424199104309,0.005457580089569092,1.146863579750061,0.01687164045870304,53,6.944284018723356e-05
1623,0.9944514632225037,0.005548536777496338,1.162536382675171,0.017118414863944054,53,6.944284018723356e-05
1624,0.9944345951080322,0.0055654048919677734,1.1568224430084229,0.0170779749751091,53,6.944284018723356e-05
1625,0.9945381283760071,0.00546187162399292,1.1597537994384766,0.017004789784550667,53,6.944284018723356e-05
1626,0.9945172667503357,0.005482733249664307,1.1563760042190552,0.016991665586829185,53,6.944284018723356e-05
1627,0.9947832822799683,0.005216717720031738,1.1513594388961792,0.01667814515531063,53,6.944284018723356e-05
1628,0.9944730997085571,0.005526900291442871,1.1728951930999756,0.017200583592057228,53,6.944284018723356e-05
1629,0.9944727420806885,0.0055272579193115234,1.1568183898925781,0.01704016886651516,53,6.944284018723356e-05
1630,0.9944389462471008,0.00556105375289917,1.168008804321289,0.017185531556606293,53,6.944284018723356e-05
1631,0.9945335984230042,0.00546640157699585,1.172731637954712,0.017139054834842682,53,6.944284018723356e-05
1632,0.9946998357772827,0.005300164222717285,1.150540828704834,0.016752570867538452,53,6.944284018723356e-05
1633,0.994499146938324,0.005500853061676025,1.1584101915359497,0.01702994480729103,53,6.944284018723356e-05
1634,0.9944255352020264,0.005574464797973633,1.1527187824249268,0.01704590767621994,53,6.944284018723356e-05
1635,0.9945056438446045,0.005494356155395508,1.1520251035690308,0.01695966348052025,53,6.944284018723356e-05
1636,0.9945171475410461,0.005482852458953857,1.1560897827148438,0.01698892191052437,53,6.944284018723356e-05
1637,0.9944380521774292,0.005561947822570801,1.1521095037460327,0.017027422785758972,53,6.944284018723356e-05
1638,0.9944444894790649,0.005555510520935059,1.151155710220337,0.01701151207089424,53,6.944284018723356e-05
1639,0.9947146773338318,0.005285322666168213,1.1581542491912842,0.016814012080430984,53,6.944284018723356e-05
1640,0.994598388671875,0.005401611328125,1.159283995628357,0.016940435394644737,53,6.944284018723356e-05
1641,0.9944371581077576,0.005562841892242432,1.1576504707336426,0.01708371751010418,53,6.944284018723356e-05
1642,0.9946799278259277,0.005320072174072266,1.168263554573059,0.016949506476521492,53,6.944284018723356e-05
1643,0.9946275949478149,0.005372405052185059,1.1540741920471191,0.016859423369169235,54,6.597069817787189e-05
1644,0.9945870637893677,0.005412936210632324,1.149119257926941,0.016849998384714127,54,6.597069817787189e-05
1645,0.9944813251495361,0.005518674850463867,1.1728671789169312,0.017192158848047256,54,6.597069817787189e-05
1646,0.9943103790283203,0.0056896209716796875,1.1530431509017944,0.01716315560042858,54,6.597069817787189e-05
1647,0.9944621920585632,0.005537807941436768,1.161099910736084,0.01709342934191227,54,6.597069817787189e-05
1648,0.9947265982627869,0.005273401737213135,1.160150408744812,0.016822172328829765,54,6.597069817787189e-05
1649,0.9945367574691772,0.005463242530822754,1.1556007862091064,0.016964618116617203,54,6.597069817787189e-05
1650,0.9945207238197327,0.005479276180267334,1.1522718667984009,0.016947202384471893,54,6.597069817787189e-05
1651,0.9946089386940002,0.005391061305999756,1.1533844470977783,0.016870994120836258,54,6.597069817787189e-05
1652,0.9944741129875183,0.0055258870124816895,1.1605693101882935,0.017076320946216583,54,6.597069817787189e-05
1653,0.9944804310798645,0.005519568920135498,1.1646820306777954,0.017111193388700485,54,6.597069817787189e-05
1654,0.9944207668304443,0.005579233169555664,1.1591463088989258,0.017114903777837753,54,6.597069817787189e-05
1655,0.9945045113563538,0.00549548864364624,1.1503759622573853,0.016944292932748795,54,6.597069817787189e-05
1656,0.9943099021911621,0.005690097808837891,1.1646696329116821,0.017279893159866333,54,6.597069817787189e-05
1657,0.9946116805076599,0.005388319492340088,1.1559828519821167,0.0168942641466856,54,6.597069817787189e-05
1658,0.9946386814117432,0.005361318588256836,1.1643974781036377,0.016951680183410645,54,6.597069817787189e-05
1659,0.9944709539413452,0.005529046058654785,1.149084210395813,0.01696459762752056,54,6.597069817787189e-05
1660,0.9945112466812134,0.005488753318786621,1.1670809984207153,0.017104675993323326,54,6.597069817787189e-05
1661,0.9946179389953613,0.005382061004638672,1.159224033355713,0.016920480877161026,54,6.597069817787189e-05
1662,0.9945425987243652,0.005457401275634766,1.1559942960739136,0.016962770372629166,54,6.597069817787189e-05
1663,0.994500994682312,0.005499005317687988,1.1650588512420654,0.017094604671001434,54,6.597069817787189e-05
1664,0.9945046305656433,0.0054953694343566895,1.1525137424468994,0.016965553164482117,54,6.597069817787189e-05
1665,0.994621217250824,0.005378782749176025,1.159606695175171,0.016921062022447586,54,6.597069817787189e-05
1666,0.9946261048316956,0.005373895168304443,1.1547892093658447,0.016868047416210175,54,6.597069817787189e-05
1667,0.9944888949394226,0.005511105060577393,1.1671267747879028,0.01712726056575775,54,6.597069817787189e-05
1668,0.9947150945663452,0.005284905433654785,1.1597168445587158,0.016829226166009903,54,6.597069817787189e-05
1669,0.9946345686912537,0.005365431308746338,1.1496957540512085,0.016808733344078064,54,6.597069817787189e-05
1670,0.9945294857025146,0.0054705142974853516,1.1553181409835815,0.016968991607427597,54,6.597069817787189e-05
1671,0.9946385622024536,0.005361437797546387,1.1538091897964478,0.016845915466547012,54,6.597069817787189e-05
1672,0.9944525957107544,0.0055474042892456055,1.1404979228973389,0.016896909102797508,54,6.597069817787189e-05
1673,0.9946279525756836,0.005372047424316406,1.1430124044418335,0.016748450696468353,54,6.597069817787189e-05
1674,0.9945204854011536,0.0054795145988464355,1.1414295434951782,0.01683901436626911,55,6.267216326897829e-05
1675,0.9945356249809265,0.005464375019073486,1.1548528671264648,0.01695825904607773,55,6.267216326897829e-05
1676,0.9945027232170105,0.005497276782989502,1.151012897491455,0.016952432692050934,55,6.267216326897829e-05
1677,0.9944497346878052,0.005550265312194824,1.1580215692520142,0.017074977979063988,55,6.267216326897829e-05
1678,0.9944495558738708,0.00555044412612915,1.1601601839065552,0.017096541821956635,55,6.267216326897829e-05
1679,0.9946269392967224,0.005373060703277588,1.1606236696243286,0.016925565898418427,55,6.267216326897829e-05
1680,0.9944931268692017,0.00550687313079834,1.1575783491134644,0.017027588561177254,55,6.267216326897829e-05
1681,0.9945370554924011,0.005462944507598877,1.1495813131332397,0.016904126852750778,55,6.267216326897829e-05
1682,0.9945158958435059,0.005484104156494141,1.1612451076507568,0.017041712999343872,55,6.267216326897829e-05
1683,0.9945930242538452,0.005406975746154785,1.1492661237716675,0.016845567151904106,55,6.267216326897829e-05
1684,0.9946622848510742,0.005337715148925781,1.1518144607543945,0.016802482306957245,55,6.267216326897829e-05
1685,0.9946983456611633,0.00530165433883667,1.1654093265533447,0.016902729868888855,55,6.267216326897829e-05
1686,0.9944783449172974,0.005521655082702637,1.1452751159667969,0.01691919006407261,55,6.267216326897829e-05
1687,0.9945603013038635,0.005439698696136475,1.1631635427474976,0.017016936093568802,55,6.267216326897829e-05
1688,0.9944607615470886,0.005539238452911377,1.1469414234161377,0.016953259706497192,55,6.267216326897829e-05
1689,0.9944770932197571,0.00552290678024292,1.1633353233337402,0.01710103079676628,55,6.267216326897829e-05
1690,0.9945564270019531,0.005443572998046875,1.1597310304641724,0.01698644831776619,55,6.267216326897829e-05
1691,0.9946640729904175,0.0053359270095825195,1.1624103784561157,0.016906671226024628,55,6.267216326897829e-05
1692,0.9945669174194336,0.005433082580566406,1.1472111940383911,0.01685086265206337,55,6.267216326897829e-05
1693,0.9945385456085205,0.005461454391479492,1.1623870134353638,0.017030708491802216,55,6.267216326897829e-05
1694,0.9943580627441406,0.005641937255859375,1.146336317062378,0.017048880457878113,55,6.267216326897829e-05
1695,0.9947404265403748,0.005259573459625244,1.1524323225021362,0.016731301322579384,55,6.267216326897829e-05
1696,0.9946995973587036,0.005300402641296387,1.1557857990264893,0.01680525578558445,55,6.267216326897829e-05
1697,0.9947095513343811,0.0052904486656188965,1.1566435098648071,0.016803979873657227,55,6.267216326897829e-05
1698,0.9945108890533447,0.0054891109466552734,1.1506718397140503,0.01694093830883503,55,6.267216326897829e-05
1699,0.9947507977485657,0.005249202251434326,1.1610000133514404,0.016806710511446,55,6.267216326897829e-05
1700,0.9944775700569153,0.005522429943084717,1.16849684715271,0.017152173444628716,55,6.267216326897829e-05
1701,0.994478166103363,0.005521833896636963,1.1547783613204956,0.01701439917087555,55,6.267216326897829e-05
1702,0.9945769309997559,0.005423069000244141,1.1597812175750732,0.016966650262475014,55,6.267216326897829e-05
1703,0.994446337223053,0.0055536627769470215,1.1556276082992554,0.017054401338100433,55,6.267216326897829e-05
1704,0.9947419762611389,0.005258023738861084,1.1524772644042969,0.016730215400457382,55,6.267216326897829e-05
1705,0.9945827126502991,0.005417287349700928,1.1517237424850464,0.016880352050065994,56,5.953855510552937e-05
1706,0.9945202469825745,0.005479753017425537,1.1520471572875977,0.016945427283644676,56,5.953855510552937e-05
1707,0.994657576084137,0.005342423915863037,1.1605174541473389,0.016894172877073288,56,5.953855510552937e-05
1708,0.9946100115776062,0.005389988422393799,1.1477904319763184,0.016813993453979492,56,5.953855510552937e-05
1709,0.9946802258491516,0.005319774150848389,1.1471331119537354,0.016737908124923706,56,5.953855510552937e-05
1710,0.9945264458656311,0.0054735541343688965,1.1689180135726929,0.017107997089624405,56,5.953855510552937e-05
1711,0.994472086429596,0.005527913570404053,1.1616716384887695,0.017089350149035454,56,5.953855510552937e-05
1712,0.9945406913757324,0.005459308624267578,1.1599440574645996,0.01700415462255478,56,5.953855510552937e-05
1713,0.9946152567863464,0.0053847432136535645,1.1474686861038208,0.016805581748485565,56,5.953855510552937e-05
1714,0.9946222305297852,0.005377769470214844,1.1459953784942627,0.0167839452624321,56,5.953855510552937e-05
1715,0.9946281313896179,0.00537186861038208,1.1603492498397827,0.016921643167734146,56,5.953855510552937e-05
1716,0.9945470690727234,0.005452930927276611,1.167344331741333,0.01707184500992298,56,5.953855510552937e-05
1717,0.9947202205657959,0.0052797794342041016,1.151254653930664,0.016739528626203537,56,5.953855510552937e-05
1718,0.9944995045661926,0.005500495433807373,1.1457301378250122,0.01690279133617878,56,5.953855510552937e-05
1719,0.9945427775382996,0.0054572224617004395,1.1382896900177002,0.016785547137260437,56,5.953855510552937e-05
1720,0.9944651126861572,0.0055348873138427734,1.1609677076339722,0.01708921603858471,56,5.953855510552937e-05
1721,0.9945958256721497,0.005404174327850342,1.148753046989441,0.01683766394853592,56,5.953855510552937e-05
1722,0.9946005940437317,0.0053994059562683105,1.1526100635528564,0.016871511936187744,56,5.953855510552937e-05
1723,0.9946173429489136,0.005382657051086426,1.164737582206726,0.01697620563209057,56,5.953855510552937e-05
1724,0.9945482015609741,0.005451798439025879,1.152849555015564,0.01692577637732029,56,5.953855510552937e-05
1725,0.9945213794708252,0.005478620529174805,1.1535276174545288,0.016959110274910927,56,5.953855510552937e-05
1726,0.9945017695426941,0.005498230457305908,1.165479063987732,0.017098039388656616,56,5.953855510552937e-05
1727,0.9946293234825134,0.005370676517486572,1.1609443426132202,0.016926413401961327,56,5.953855510552937e-05
1728,0.9944389462471008,0.00556105375289917,1.137424349784851,0.01687968708574772,56,5.953855510552937e-05
1729,0.9945657253265381,0.005434274673461914,1.1570886373519897,0.01695081777870655,56,5.953855510552937e-05
1730,0.9946050643920898,0.005394935607910156,1.1543235778808594,0.016884222626686096,56,5.953855510552937e-05
1731,0.9945847988128662,0.005415201187133789,1.1542457342147827,0.016903506591916084,56,5.953855510552937e-05
1732,0.9946619272232056,0.005338072776794434,1.1587026119232178,0.01687171682715416,56,5.953855510552937e-05
1733,0.9944646954536438,0.005535304546356201,1.152891993522644,0.017008870840072632,56,5.953855510552937e-05
1734,0.9945787787437439,0.0054212212562561035,1.150342345237732,0.01687043160200119,56,5.953855510552937e-05
1735,0.9948483109474182,0.005151689052581787,1.1536473035812378,0.016636643558740616,56,5.953855510552937e-05
1736,0.9946755766868591,0.005324423313140869,1.1619805097579956,0.016890984028577805,57,5.65616273502529e-05
1737,0.9944373965263367,0.00556260347366333,1.1497721672058105,0.017004698514938354,57,5.65616273502529e-05
1738,0.9945481419563293,0.005451858043670654,1.152445673942566,0.016921795904636383,57,5.65616273502529e-05
1739,0.9945237636566162,0.005476236343383789,1.1730656623840332,0.017152130603790283,57,5.65616273502529e-05
1740,0.9945966601371765,0.005403339862823486,1.1519016027450562,0.01686832308769226,57,5.65616273502529e-05
1741,0.9946924448013306,0.005307555198669434,1.142640471458435,0.01668088324368,57,5.65616273502529e-05
1742,0.994679868221283,0.005320131778717041,1.1488124132156372,0.016755053773522377,57,5.65616273502529e-05
1743,0.9944509863853455,0.005549013614654541,1.156603455543518,0.017059557139873505,57,5.65616273502529e-05
1744,0.9946386814117432,0.005361318588256836,1.1549116373062134,0.01685682125389576,57,5.65616273502529e-05
1745,0.9948481321334839,0.005151867866516113,1.1590991020202637,0.016691340133547783,57,5.65616273502529e-05
1746,0.9946767687797546,0.005323231220245361,1.1631977558135986,0.016901977360248566,57,5.65616273502529e-05
1747,0.9944867491722107,0.005513250827789307,1.1427719593048096,0.01688583754003048,57,5.65616273502529e-05
1748,0.9946017265319824,0.005398273468017578,1.1491732597351074,0.016836022958159447,57,5.65616273502529e-05
1749,0.9944961667060852,0.005503833293914795,1.1554462909698486,0.01700325682759285,57,5.65616273502529e-05
1750,0.9945785403251648,0.005421459674835205,1.1602160930633545,0.016969405114650726,57,5.65616273502529e-05
1751,0.9944918155670166,0.0055081844329833984,1.1527245044708252,0.016980348154902458,57,5.65616273502529e-05
1752,0.9946082830429077,0.005391716957092285,1.1450865268707275,0.01678866520524025,57,5.65616273502529e-05
1753,0.9945730566978455,0.005426943302154541,1.1662603616714478,0.01703527756035328,57,5.65616273502529e-05
1754,0.994625985622406,0.005374014377593994,1.1363259553909302,0.016683533787727356,57,5.65616273502529e-05
1755,0.9947075247764587,0.00529247522354126,1.1524196863174438,0.016763746738433838,57,5.65616273502529e-05
1756,0.9945085048675537,0.005491495132446289,1.1685580015182495,0.017122160643339157,57,5.65616273502529e-05
1757,0.9946447610855103,0.005355238914489746,1.1517128944396973,0.01681881584227085,57,5.65616273502529e-05
1758,0.9946507811546326,0.005349218845367432,1.146610975265503,0.016761835664510727,57,5.65616273502529e-05
1759,0.9945276975631714,0.005472302436828613,1.1452606916427612,0.01687018573284149,57,5.65616273502529e-05
1760,0.9944315552711487,0.005568444728851318,1.1538217067718506,0.017050977796316147,57,5.65616273502529e-05
1761,0.9947351813316345,0.0052648186683654785,1.146517276763916,0.016677342355251312,57,5.65616273502529e-05
1762,0.9946325421333313,0.005367457866668701,1.1532219648361206,0.016846003010869026,57,5.65616273502529e-05
1763,0.994647741317749,0.0053522586822509766,1.138399600982666,0.016682730987668037,57,5.65616273502529e-05
1764,0.9945122599601746,0.0054877400398254395,1.1598373651504517,0.017031237483024597,57,5.65616273502529e-05
1765,0.9945377707481384,0.005462229251861572,1.1492177248001099,0.01689978316426277,57,5.65616273502529e-05
1766,0.9947462677955627,0.005253732204437256,1.1587889194488525,0.016789084300398827,57,5.65616273502529e-05
1767,0.9946344494819641,0.005365550518035889,1.1507879495620728,0.016819775104522705,58,5.373354598274025e-05
1768,0.9946796298027039,0.005320370197296143,1.156593918800354,0.016833104193210602,58,5.373354598274025e-05
1769,0.9946126341819763,0.005387365818023682,1.1426366567611694,0.016759857535362244,58,5.373354598274025e-05
1770,0.9947690963745117,0.005230903625488281,1.147956371307373,0.016658157110214233,58,5.373354598274025e-05
1771,0.9944462776184082,0.005553722381591797,1.1611301898956299,0.01710948720574379,58,5.373354598274025e-05
1772,0.9945908188819885,0.005409181118011475,1.1559489965438843,0.016914580017328262,58,5.373354598274025e-05
1773,0.994503378868103,0.005496621131896973,1.1576284170150757,0.017017938196659088,58,5.373354598274025e-05
1774,0.9946995377540588,0.005300462245941162,1.1547613143920898,0.016795070841908455,58,5.373354598274025e-05
1775,0.9945347905158997,0.005465209484100342,1.1450728178024292,0.016861286014318466,58,5.373354598274025e-05
1776,0.9945823550224304,0.00541764497756958,1.1478605270385742,0.01684207282960415,58,5.373354598274025e-05
1777,0.9947201013565063,0.005279898643493652,1.1622146368026733,0.016849245876073837,58,5.373354598274025e-05
1778,0.9946680665016174,0.005331933498382568,1.1516492366790771,0.01679510623216629,58,5.373354598274025e-05
1779,0.9944958090782166,0.005504190921783447,1.1626434326171875,0.017075583338737488,58,5.373354598274025e-05
1780,0.9946208000183105,0.005379199981689453,1.1652525663375854,0.016977934166789055,58,5.373354598274025e-05
1781,0.9946680068969727,0.005331993103027344,1.1582022905349731,0.01686069555580616,58,5.373354598274025e-05
1782,0.9943946599960327,0.005605340003967285,1.1516883373260498,0.017066169530153275,58,5.373354598274025e-05
1783,0.9947302937507629,0.0052697062492370605,1.1467045545578003,0.01668405532836914,58,5.373354598274025e-05
1784,0.9945369362831116,0.005463063716888428,1.1465502977371216,0.016873937100172043,58,5.373354598274025e-05
1785,0.9947591423988342,0.0052408576011657715,1.1343092918395996,0.01653154194355011,58,5.373354598274025e-05
1786,0.9946573376655579,0.005342662334442139,1.1497533321380615,0.016786769032478333,58,5.373354598274025e-05
1787,0.9944760203361511,0.005523979663848877,1.148371934890747,0.016952458769083023,58,5.373354598274025e-05
1788,0.9945657849311829,0.005434215068817139,1.1505745649337769,0.01688561774790287,58,5.373354598274025e-05
1789,0.9945074319839478,0.005492568016052246,1.152760624885559,0.016965247690677643,58,5.373354598274025e-05
1790,0.9947572946548462,0.005242705345153809,1.138239860534668,0.016572676599025726,58,5.373354598274025e-05
1791,0.9945670962333679,0.00543290376663208,1.1341062784194946,0.0167196374386549,58,5.373354598274025e-05
1792,0.9947447180747986,0.005255281925201416,1.1437147855758667,0.01663987711071968,58,5.373354598274025e-05
1793,0.9946290254592896,0.005370974540710449,1.1576672792434692,0.016893936321139336,58,5.373354598274025e-05
1794,0.9946001768112183,0.005399823188781738,1.1508257389068604,0.01685408130288124,58,5.373354598274025e-05
1795,0.9946199655532837,0.005380034446716309,1.150996208190918,0.016836196184158325,58,5.373354598274025e-05
1796,0.9945018887519836,0.005498111248016357,1.164454460144043,0.017087673768401146,58,5.373354598274025e-05
1797,0.9946155548095703,0.0053844451904296875,1.1761105060577393,0.01709170639514923,58,5.373354598274025e-05
1798,0.9945619702339172,0.005438029766082764,1.154038667678833,0.016924036666750908,59,5.104686868360323e-05
1799,0.994685173034668,0.005314826965332031,1.1538736820220947,0.0168004147708416,59,5.104686868360323e-05
1800,0.9946514368057251,0.005348563194274902,1.1519824266433716,0.016814902424812317,59,5.104686868360323e-05
1801,0.9944947361946106,0.005505263805389404,1.1709165573120117,0.01715937629342079,59,5.104686868360323e-05
1802,0.9944096803665161,0.005590319633483887,1.148865818977356,0.017023075371980667,59,5.104686868360323e-05
1803,0.9946667551994324,0.005333244800567627,1.1724170446395874,0.01700408384203911,59,5.104686868360323e-05
1804,0.9945546984672546,0.005445301532745361,1.1398859024047852,0.01678970642387867,59,5.104686868360323e-05
1805,0.9946562647819519,0.005343735218048096,1.1502641439437866,0.016792938113212585,59,5.104686868360323e-05
1806,0.9948512315750122,0.005148768424987793,1.139236330986023,0.01648964360356331,59,5.104686868360323e-05
1807,0.9947788119316101,0.005221188068389893,1.153670072555542,0.016705676913261414,59,5.104686868360323e-05
1808,0.9945992827415466,0.005400717258453369,1.1382791996002197,0.016729502007365227,59,5.104686868360323e-05
1809,0.9945782423019409,0.005421757698059082,1.1514177322387695,0.01688171736896038,59,5.104686868360323e-05
1810,0.994584858417511,0.005415141582489014,1.1479995250701904,0.016840985044836998,59,5.104686868360323e-05
1811,0.9946737885475159,0.005326211452484131,1.147686243057251,0.01674981229007244,59,5.104686868360323e-05
1812,0.9945480227470398,0.005451977252960205,1.1461135149002075,0.016858592629432678,59,5.104686868360323e-05
1813,0.9947097301483154,0.00529026985168457,1.1516245603561401,0.016753612086176872,59,5.104686868360323e-05
1814,0.9947452545166016,0.0052547454833984375,1.1568461656570435,0.016770659014582634,59,5.104686868360323e-05
1815,0.9945647120475769,0.005435287952423096,1.1447620391845703,0.01682855561375618,59,5.104686868360323e-05
1816,0.9945445656776428,0.005455434322357178,1.1491808891296387,0.0168926902115345,59,5.104686868360323e-05
1817,0.9944879412651062,0.005512058734893799,1.150753378868103,0.016964472830295563,59,5.104686868360323e-05
1818,0.9945794939994812,0.005420506000518799,1.1389824151992798,0.016756124794483185,59,5.104686868360323e-05
1819,0.9946950078010559,0.005304992198944092,1.1469155550003052,0.016721097752451897,59,5.104686868360323e-05
1820,0.994622528553009,0.005377471446990967,1.157562255859375,0.016899319365620613,59,5.104686868360323e-05
1821,0.9947386384010315,0.005261361598968506,1.153528094291687,0.01674402877688408,59,5.104686868360323e-05
1822,0.9946810007095337,0.005318999290466309,1.1421120166778564,0.016686929389834404,59,5.104686868360323e-05
1823,0.9946103692054749,0.0053896307945251465,1.1556029319763184,0.016891764476895332,59,5.104686868360323e-05
1824,0.9945822358131409,0.005417764186859131,1.1470967531204224,0.016834553331136703,59,5.104686868360323e-05
1825,0.9945692420005798,0.005430757999420166,1.1553559303283691,0.01693001016974449,59,5.104686868360323e-05
1826,0.9945875406265259,0.005412459373474121,1.1635136604309082,0.01699347048997879,59,5.104686868360323e-05
1827,0.9948111772537231,0.0051888227462768555,1.1460356712341309,0.016597291454672813,59,5.104686868360323e-05
1828,0.9945574998855591,0.005442500114440918,1.1466028690338135,0.01685410365462303,59,5.104686868360323e-05
1829,0.9945800304412842,0.00541996955871582,1.14299476146698,0.016795717179775238,60,4.849452524942307e-05
1830,0.9947198629379272,0.005280137062072754,1.1487927436828613,0.016715262085199356,60,4.849452524942307e-05
1831,0.9948270916938782,0.005172908306121826,1.1552284955978394,0.016673464328050613,60,4.849452524942307e-05
1832,0.9946200847625732,0.005379915237426758,1.1408212184906006,0.016734328120946884,60,4.849452524942307e-05
1833,0.9945651888847351,0.005434811115264893,1.1423683166503906,0.016804145649075508,60,4.849452524942307e-05
1834,0.9946293830871582,0.005370616912841797,1.1431090831756592,0.01674800179898739,60,4.849452524942307e-05
1835,0.994634747505188,0.005365252494812012,1.1594964265823364,0.016906563192605972,60,4.849452524942307e-05
1836,0.9947176575660706,0.005282342433929443,1.1386339664459229,0.016615858301520348,60,4.849452524942307e-05
1837,0.994612455368042,0.005387544631958008,1.1597931385040283,0.016931600868701935,60,4.849452524942307e-05
1838,0.9946380257606506,0.005361974239349365,1.1588413715362549,0.016896767541766167,60,4.849452524942307e-05
1839,0.9945034384727478,0.005496561527252197,1.1508125066757202,0.016949720680713654,60,4.849452524942307e-05
1840,0.9945778846740723,0.005422115325927734,1.1459532976150513,0.016827426850795746,60,4.849452524942307e-05
1841,0.9946014285087585,0.005398571491241455,1.1487051248550415,0.016831636428833008,60,4.849452524942307e-05
1842,0.9946591258049011,0.005340874195098877,1.1482856273651123,0.016770321875810623,60,4.849452524942307e-05
1843,0.9945903420448303,0.005409657955169678,1.137796401977539,0.016733525320887566,60,4.849452524942307e-05
1844,0.9945994019508362,0.005400598049163818,1.1469255685806274,0.016815846785902977,60,4.849452524942307e-05
1845,0.9948610067367554,0.005138993263244629,1.1516914367675781,0.01660451665520668,60,4.849452524942307e-05
1846,0.9947330951690674,0.005266904830932617,1.1611911058425903,0.016826145350933075,60,4.849452524942307e-05
1847,0.994702935218811,0.005297064781188965,1.1518665552139282,0.016762759536504745,60,4.849452524942307e-05
1848,0.9948015213012695,0.005198478698730469,1.15030038356781,0.01664949767291546,60,4.849452524942307e-05
1849,0.9945131540298462,0.005486845970153809,1.1402692794799805,0.016834670677781105,60,4.849452524942307e-05
1850,0.9946704506874084,0.005329549312591553,1.1504430770874023,0.016780683770775795,60,4.849452524942307e-05
1851,0.9947460293769836,0.005253970623016357,1.144390344619751,0.016645334661006927,60,4.849452524942307e-05
1852,0.9945565462112427,0.005443453788757324,1.1532524824142456,0.016921544447541237,60,4.849452524942307e-05
1853,0.9947128295898438,0.00528717041015625,1.159794569015503,0.016832243651151657,60,4.849452524942307e-05
1854,0.9944259524345398,0.005574047565460205,1.1653722524642944,0.017172029241919518,60,4.849452524942307e-05
1855,0.9947067499160767,0.00529325008392334,1.1532301902770996,0.016772620379924774,60,4.849452524942307e-05
1856,0.994583785533905,0.005416214466094971,1.1496784687042236,0.016858836635947227,60,4.849452524942307e-05
1857,0.9944922924041748,0.005507707595825195,1.1453853845596313,0.016906484961509705,60,4.849452524942307e-05
1858,0.9945654273033142,0.005434572696685791,1.1404411792755127,0.016784638166427612,60,4.849452524942307e-05
1859,0.9946852326393127,0.005314767360687256,1.161435604095459,0.0168759748339653,60,4.849452524942307e-05
1860,0.9945385456085205,0.005461454391479492,1.1532009840011597,0.01693885028362274,61,4.606979898695191e-05
1861,0.994638979434967,0.005361020565032959,1.1275887489318848,0.01658329740166664,61,4.606979898695191e-05
1862,0.994489312171936,0.005510687828063965,1.147170066833496,0.016927281394600868,61,4.606979898695191e-05
1863,0.9947527050971985,0.005247294902801514,1.1449103355407715,0.01664392463862896,61,4.606979898695191e-05
1864,0.9948598146438599,0.005140185356140137,1.1391369104385376,0.016480151563882828,61,4.606979898695191e-05
1865,0.9945878386497498,0.005412161350250244,1.1608707904815674,0.016966747120022774,61,4.606979898695191e-05
1866,0.9946501851081848,0.0053498148918151855,1.147894263267517,0.016775259748101234,61,4.606979898695191e-05
1867,0.9946085810661316,0.005391418933868408,1.1498115062713623,0.016835618764162064,61,4.606979898695191e-05
1868,0.9947550892829895,0.005244910717010498,1.1531305313110352,0.016723766922950745,61,4.606979898695191e-05
1869,0.9945588111877441,0.005441188812255859,1.1553928852081299,0.016940705478191376,61,4.606979898695191e-05
1870,0.9947420954704285,0.005257904529571533,1.1636415719985962,0.016841741278767586,61,4.606979898695191e-05
1871,0.9947267174720764,0.005273282527923584,1.1432534456253052,0.01665308326482773,61,4.606979898695191e-05
1872,0.9946929812431335,0.005307018756866455,1.1500682830810547,0.0167546309530735,61,4.606979898695191e-05
1873,0.9947208166122437,0.005279183387756348,1.1490488052368164,0.01671687886118889,61,4.606979898695191e-05
1874,0.9946550726890564,0.0053449273109436035,1.1427435874938965,0.016718914732336998,61,4.606979898695191e-05
1875,0.9944042563438416,0.005595743656158447,1.1548508405685425,0.01708829402923584,61,4.606979898695191e-05
1876,0.994666337966919,0.005333662033081055,1.1468594074249268,0.01674892008304596,61,4.606979898695191e-05
1877,0.9948607683181763,0.0051392316818237305,1.1511764526367188,0.01659960299730301,61,4.606979898695191e-05
1878,0.9946320056915283,0.00536799430847168,1.144623041152954,0.01676054485142231,61,4.606979898695191e-05
1879,0.9947109222412109,0.0052890777587890625,1.1571636199951172,0.01680782251060009,61,4.606979898695191e-05
1880,0.9946690797805786,0.005330920219421387,1.1472952365875244,0.01675056293606758,61,4.606979898695191e-05
1881,0.9945411086082458,0.00545889139175415,1.1502963304519653,0.016907265409827232,61,4.606979898695191e-05
1882,0.9946028590202332,0.005397140979766846,1.1548006534576416,0.016891175881028175,61,4.606979898695191e-05
1883,0.9947777986526489,0.005222201347351074,1.1664841175079346,0.016834821552038193,61,4.606979898695191e-05
1884,0.9947227835655212,0.00527721643447876,1.146669626235962,0.016691140830516815,61,4.606979898695191e-05
1885,0.9946088194847107,0.005391180515289307,1.135330319404602,0.01669057086110115,61,4.606979898695191e-05
1886,0.9946370124816895,0.005362987518310547,1.1408212184906006,0.016717569902539253,61,4.606979898695191e-05
1887,0.9947118759155273,0.005288124084472656,1.153416633605957,0.0167694091796875,61,4.606979898695191e-05
1888,0.9945582747459412,0.005441725254058838,1.1415809392929077,0.016803117468953133,61,4.606979898695191e-05
1889,0.9946343302726746,0.0053656697273254395,1.1497732400894165,0.016809744760394096,61,4.606979898695191e-05
1890,0.994462788105011,0.005537211894989014,1.1352418661117554,0.016834257170557976,61,4.606979898695191e-05
1891,0.9947385191917419,0.005261480808258057,1.149334192276001,0.016702208667993546,62,4.376630903760431e-05
1892,0.9947127103805542,0.005287289619445801,1.1416321992874146,0.016650738194584846,62,4.376630903760431e-05
1893,0.9947049617767334,0.0052950382232666016,1.1442903280258179,0.016684990376234055,62,4.376630903760431e-05
1894,0.9945545196533203,0.0054454803466796875,1.1388276815414429,0.016779301688075066,62,4.376630903760431e-05
1895,0.9947976469993591,0.005202353000640869,1.1390786170959473,0.016541115939617157,62,4.376630903760431e-05
1896,0.9946456551551819,0.005354344844818115,1.1511110067367554,0.016811911016702652,62,4.376630903760431e-05
1897,0.9948064088821411,0.005193591117858887,1.1450135707855225,0.016591791063547134,62,4.376630903760431e-05
1898,0.9945582151412964,0.005441784858703613,1.153555154800415,0.01692291907966137,62,4.376630903760431e-05
1899,0.9946431517601013,0.005356848239898682,1.1539250612258911,0.01684253104031086,62,4.376630903760431e-05
1900,0.9946751594543457,0.005324840545654297,1.1452157497406006,0.016723748296499252,62,4.376630903760431e-05
1901,0.9945661425590515,0.005433857440948486,1.1512742042541504,0.016892259940505028,62,4.376630903760431e-05
1902,0.9945284724235535,0.005471527576446533,1.1484644412994385,0.01690145581960678,62,4.376630903760431e-05
1903,0.9947510957717896,0.005248904228210449,1.146050214767456,0.016656916588544846,62,4.376630903760431e-05
1904,0.9945367574691772,0.005463242530822754,1.147881269454956,0.016887422651052475,62,4.376630903760431e-05
1905,0.9947081208229065,0.005291879177093506,1.1569726467132568,0.016808686777949333,62,4.376630903760431e-05
1906,0.9946267008781433,0.0053732991218566895,1.14261794090271,0.01674574427306652,62,4.376630903760431e-05
1907,0.9947544932365417,0.005245506763458252,1.1495592594146729,0.016688644886016846,62,4.376630903760431e-05
1908,0.9945580959320068,0.005441904067993164,1.1459603309631348,0.016847088932991028,62,4.376630903760431e-05
1909,0.9945962429046631,0.005403757095336914,1.1515287160873413,0.01686500571668148,62,4.376630903760431e-05
1910,0.9948820471763611,0.005117952823638916,1.1506966352462769,0.016573740169405937,62,4.376630903760431e-05
1911,0.9946821331977844,0.005317866802215576,1.1384303569793701,0.016648992896080017,62,4.376630903760431e-05
1912,0.9948943853378296,0.00510561466217041,1.1464203596115112,0.016518762335181236,62,4.376630903760431e-05
1913,0.99452805519104,0.005471944808959961,1.141384482383728,0.01683107018470764,62,4.376630903760431e-05
1914,0.994706392288208,0.005293607711791992,1.141330361366272,0.01665397547185421,62,4.376630903760431e-05
1915,0.99471515417099,0.00528484582901001,1.1567455530166626,0.016799453645944595,62,4.376630903760431e-05
1916,0.9947717189788818,0.005228281021118164,1.1656135320663452,0.016832133755087852,62,4.376630903760431e-05
1917,0.9946520924568176,0.005347907543182373,1.1425403356552124,0.01671983115375042,62,4.376630903760431e-05
1918,0.9947137236595154,0.005286276340484619,1.1493502855300903,0.016726914793252945,62,4.376630903760431e-05
1919,0.9945509433746338,0.005449056625366211,1.1474238634109497,0.01686880551278591,62,4.376630903760431e-05
1920,0.9946319460868835,0.005368053913116455,1.1482760906219482,0.016797132790088654,62,4.376630903760431e-05
1921,0.9944873452186584,0.005512654781341553,1.154440999031067,0.017001938074827194,62,4.376630903760431e-05
1922,0.9947739839553833,0.005226016044616699,1.145086407661438,0.01662461832165718,63,4.157799358572409e-05
1923,0.9945163726806641,0.0054836273193359375,1.1528358459472656,0.016957148909568787,63,4.157799358572409e-05
1924,0.9947400689125061,0.0052599310874938965,1.1506414413452148,0.016713745892047882,63,4.157799358572409e-05
1925,0.9945778250694275,0.00542217493057251,1.1624865531921387,0.01699281856417656,63,4.157799358572409e-05
1926,0.994518518447876,0.0054814815521240234,1.1443266868591309,0.016869932413101196,63,4.157799358572409e-05
1927,0.9947269558906555,0.005273044109344482,1.1460967063903809,0.016681279987096786,63,4.157799358572409e-05
1928,0.9946467876434326,0.005353212356567383,1.1544464826583862,0.016844144091010094,63,4.157799358572409e-05
1929,0.9947406649589539,0.005259335041046143,1.147096872329712,0.01667771115899086,63,4.157799358572409e-05
1930,0.9945232272148132,0.005476772785186768,1.1574695110321045,0.016996700316667557,63,4.157799358572409e-05
1931,0.9947313666343689,0.0052686333656311035,1.1433959007263184,0.01664990559220314,63,4.157799358572409e-05
1932,0.9946572780609131,0.005342721939086914,1.145836353302002,0.01674765720963478,63,4.157799358572409e-05
1933,0.9945893287658691,0.005410671234130859,1.146880865097046,0.016825372353196144,63,4.157799358572409e-05
1934,0.994653582572937,0.005346417427062988,1.1439801454544067,0.016732754185795784,63,4.157799358572409e-05
1935,0.9946804642677307,0.005319535732269287,1.1352648735046387,0.016618989408016205,63,4.157799358572409e-05
1936,0.994777262210846,0.005222737789154053,1.1474815607070923,0.01664532534778118,63,4.157799358572409e-05
1937,0.9947376847267151,0.005262315273284912,1.136885166168213,0.016578543931245804,63,4.157799358572409e-05
1938,0.9944939613342285,0.005506038665771484,1.1487406492233276,0.016938384622335434,63,4.157799358572409e-05
1939,0.9946793913841248,0.005320608615875244,1.1490837335586548,0.016758238896727562,63,4.157799358572409e-05
1940,0.9945885539054871,0.0054114460945129395,1.1541922092437744,0.01689925417304039,63,4.157799358572409e-05
1941,0.9946318864822388,0.0053681135177612305,1.1295591592788696,0.016610024496912956,63,4.157799358572409e-05
1942,0.9945711493492126,0.0054288506507873535,1.1450546979904175,0.016825109720230103,63,4.157799358572409e-05
1943,0.9946818351745605,0.005318164825439453,1.1400481462478638,0.016665464267134666,63,4.157799358572409e-05
1944,0.9948129653930664,0.005187034606933594,1.1530945301055908,0.0166661087423563,63,4.157799358572409e-05
1945,0.994859516620636,0.005140483379364014,1.1511940956115723,0.016601018607616425,63,4.157799358572409e-05
1946,0.9947802424430847,0.005219757556915283,1.136883020401001,0.016536390408873558,63,4.157799358572409e-05
1947,0.9946362972259521,0.0053637027740478516,1.1578727960586548,0.01688879355788231,63,4.157799358572409e-05
1948,0.994652509689331,0.005347490310668945,1.1431149244308472,0.016725163906812668,63,4.157799358572409e-05
1949,0.9948376417160034,0.005162358283996582,1.1468734741210938,0.01657946966588497,63,4.157799358572409e-05
1950,0.9946653246879578,0.005334675312042236,1.1520154476165771,0.016801482066512108,63,4.157799358572409e-05
1951,0.9949039220809937,0.005096077919006348,1.1449742317199707,0.016494859009981155,63,4.157799358572409e-05
1952,0.9946706891059875,0.005329310894012451,1.138262391090393,0.016658641397953033,63,4.157799358572409e-05
1953,0.9947850704193115,0.0052149295806884766,1.1501543521881104,0.016664322465658188,64,3.9499093906437885e-05
1954,0.9946544170379639,0.005345582962036133,1.1334606409072876,0.016626734286546707,64,3.9499093906437885e-05
1955,0.9948123097419739,0.005187690258026123,1.1354598999023438,0.01649041287600994,64,3.9499093906437885e-05
1956,0.9946672916412354,0.0053327083587646484,1.1573553085327148,0.016852933913469315,64,3.9499093906437885e-05
1957,0.9947064518928528,0.005293548107147217,1.142796516418457,0.01666857674717903,64,3.9499093906437885e-05
1958,0.9946776032447815,0.005322396755218506,1.147498607635498,0.016744159162044525,64,3.9499093906437885e-05
1959,0.9947224855422974,0.005277514457702637,1.139714241027832,0.01662188023328781,64,3.9499093906437885e-05
1960,0.994533896446228,0.005466103553771973,1.1343927383422852,0.016755368560552597,64,3.9499093906437885e-05
1961,0.9945640563964844,0.005435943603515625,1.1492030620574951,0.016873614862561226,64,3.9499093906437885e-05
1962,0.9946404099464417,0.00535959005355835,1.1458848714828491,0.016764841973781586,64,3.9499093906437885e-05
1963,0.9947894811630249,0.005210518836975098,1.1627119779586792,0.016785534098744392,64,3.9499093906437885e-05
1964,0.9946791529655457,0.005320847034454346,1.1364778280258179,0.01663241535425186,64,3.9499093906437885e-05
1965,0.9945687651634216,0.005431234836578369,1.1360828876495361,0.01673775166273117,64,3.9499093906437885e-05
1966,0.9946909546852112,0.005309045314788818,1.1559823751449585,0.016815777868032455,64,3.9499093906437885e-05
1967,0.9946491718292236,0.005350828170776367,1.1519826650619507,0.01681714504957199,64,3.9499093906437885e-05
1968,0.9948979616165161,0.005102038383483887,1.1410831212997437,0.016461849212646484,64,3.9499093906437885e-05
1969,0.994652509689331,0.005347490310668945,1.1493052244186401,0.01678706705570221,64,3.9499093906437885e-05
1970,0.9946627020835876,0.0053372979164123535,1.1413134336471558,0.016697058454155922,64,3.9499093906437885e-05
1971,0.9946947693824768,0.005305230617523193,1.1423473358154297,0.01667565107345581,64,3.9499093906437885e-05
1972,0.9946081042289734,0.005391895771026611,1.140344500541687,0.016741421073675156,64,3.9499093906437885e-05
1973,0.9947583675384521,0.0052416324615478516,1.1479144096374512,0.01666836068034172,64,3.9499093906437885e-05
1974,0.9947391748428345,0.005260825157165527,1.1616684198379517,0.01682490110397339,64,3.9499093906437885e-05
1975,0.9947615265846252,0.005238473415374756,1.130929708480835,0.016495386138558388,64,3.9499093906437885e-05
1976,0.9947519898414612,0.005248010158538818,1.1524872779846191,0.016720402985811234,64,3.9499093906437885e-05
1977,0.9948961138725281,0.005103886127471924,1.1450272798538208,0.016503119841217995,64,3.9499093906437885e-05
1978,0.9946752786636353,0.005324721336364746,1.1556499004364014,0.01682797260582447,64,3.9499093906437885e-05
1979,0.9945853352546692,0.0054146647453308105,1.147182822227478,0.016832346096634865,64,3.9499093906437885e-05
1980,0.9945828914642334,0.0054171085357666016,1.144801139831543,0.0168109480291605,64,3.9499093906437885e-05
1981,0.994680643081665,0.005319356918334961,1.148698329925537,0.016753146424889565,64,3.9499093906437885e-05
1982,0.9946216344833374,0.005378365516662598,1.1504629850387573,0.01682921126484871,64,3.9499093906437885e-05
1983,0.9946920275688171,0.005307972431182861,1.146787405014038,0.016722766682505608,64,3.9499093906437885e-05
1984,0.994824230670929,0.005175769329071045,1.1541115045547485,0.016665127128362656,65,3.752413921111599e-05
1985,0.9947510957717896,0.005248904228210449,1.1473771333694458,0.016670186072587967,65,3.752413921111599e-05
1986,0.9947106242179871,0.0052893757820129395,1.1449928283691406,0.01668640971183777,65,3.752413921111599e-05
1987,0.9946714043617249,0.0053285956382751465,1.1450636386871338,0.016725946217775345,65,3.752413921111599e-05
1988,0.9945834279060364,0.005416572093963623,1.1490522623062134,0.016852928325533867,65,3.752413921111599e-05
1989,0.9946200251579285,0.005379974842071533,1.1572160720825195,0.01689833588898182,65,3.752413921111599e-05
1990,0.9946969747543335,0.005303025245666504,1.163888692855835,0.016888881102204323,65,3.752413921111599e-05
1991,0.9946578145027161,0.0053421854972839355,1.1401419639587402,0.01669018343091011,65,3.752413921111599e-05
1992,0.9946539998054504,0.0053460001945495605,1.1401722431182861,0.016694262623786926,65,3.752413921111599e-05
1993,0.9948868155479431,0.005113184452056885,1.125540018081665,0.016317453235387802,65,3.752413921111599e-05
1994,0.994873583316803,0.0051264166831970215,1.141281247138977,0.01648796536028385,65,3.752413921111599e-05
1995,0.9947754144668579,0.00522458553314209,1.1408569812774658,0.016580909490585327,65,3.752413921111599e-05
1996,0.9946102499961853,0.005389750003814697,1.1447339057922363,0.01678319089114666,65,3.752413921111599e-05
1997,0.9945839643478394,0.0054160356521606445,1.1508673429489136,0.016870548948645592,65,3.752413921111599e-05
1998,0.9947091937065125,0.005290806293487549,1.1413315534591675,0.0166512131690979,65,3.752413921111599e-05
1999,0.99481201171875,0.00518798828125,1.1533901691436768,0.01667000912129879,65,3.752413921111599e-05
2000,0.9946634769439697,0.0053365230560302734,1.1455026865005493,0.016738183796405792,65,3.752413921111599e-05
2001,0.9946519732475281,0.005348026752471924,1.146389126777649,0.01675843819975853,65,3.752413921111599e-05
2002,0.9947068691253662,0.005293130874633789,1.147368311882019,0.016713881865143776,65,3.752413921111599e-05
2003,0.9946604371070862,0.005339562892913818,1.1596956253051758,0.01688312366604805,65,3.752413921111599e-05
2004,0.9946162700653076,0.005383729934692383,1.1483265161514282,0.016813157126307487,65,3.752413921111599e-05
2005,0.9946790337562561,0.0053209662437438965,1.1343486309051514,0.016611242666840553,65,3.752413921111599e-05
2006,0.9947447776794434,0.005255222320556641,1.1433357000350952,0.01663602702319622,65,3.752413921111599e-05
2007,0.9945882558822632,0.005411744117736816,1.154775619506836,0.01690538227558136,65,3.752413921111599e-05
2008,0.9947914481163025,0.00520855188369751,1.1470682621002197,0.016627147793769836,65,3.752413921111599e-05
2009,0.9945422410964966,0.005457758903503418,1.1268025636672974,0.016671206802129745,65,3.752413921111599e-05
2010,0.9946378469467163,0.005362153053283691,1.137826681137085,0.016686799004673958,65,3.752413921111599e-05
2011,0.9946420192718506,0.005357980728149414,1.1409895420074463,0.016714297235012054,65,3.752413921111599e-05
2012,0.994800329208374,0.0051996707916259766,1.1482758522033691,0.01663043349981308,65,3.752413921111599e-05
2013,0.9948374032974243,0.005162596702575684,1.1399832963943481,0.016510803252458572,65,3.752413921111599e-05
2014,0.994916558265686,0.005083441734313965,1.1332736015319824,0.01636534184217453,65,3.752413921111599e-05
2015,0.9946212768554688,0.00537872314453125,1.147800087928772,0.016802936792373657,66,3.564793225056019e-05
2016,0.9946597814559937,0.005340218544006348,1.1517910957336426,0.016804726794362068,66,3.564793225056019e-05
2017,0.9948277473449707,0.005172252655029297,1.1370731592178345,0.01649126224219799,66,3.564793225056019e-05
2018,0.9948334693908691,0.005166530609130859,1.1425780057907104,0.01654064655303955,66,3.564793225056019e-05
2019,0.9947509765625,0.0052490234375,1.1483325958251953,0.016679858788847923,66,3.564793225056019e-05
2020,0.994817852973938,0.005182147026062012,1.1528421640396118,0.01665874570608139,66,3.564793225056019e-05
2021,0.9946649670600891,0.005335032939910889,1.1605689525604248,0.016887372359633446,66,3.564793225056019e-05
2022,0.9947533011436462,0.00524669885635376,1.1484432220458984,0.016678664833307266,66,3.564793225056019e-05
2023,0.9947319030761719,0.005268096923828125,1.1460493803024292,0.016675909981131554,66,3.564793225056019e-05
2024,0.9946072101593018,0.005392789840698242,1.1405420303344727,0.016744282096624374,66,3.564793225056019e-05
2025,0.9948184490203857,0.005181550979614258,1.160440444946289,0.016734139993786812,66,3.564793225056019e-05
2026,0.9947848320007324,0.005215167999267578,1.1495221853256226,0.01665823720395565,66,3.564793225056019e-05
2027,0.9947667121887207,0.005233287811279297,1.1337497234344482,0.016518451273441315,66,3.564793225056019e-05
2028,0.9946292042732239,0.005370795726776123,1.1378774642944336,0.016695862635970116,66,3.564793225056019e-05
2029,0.9947293400764465,0.005270659923553467,1.1338038444519043,0.016555991023778915,66,3.564793225056019e-05
2030,0.9946587681770325,0.005341231822967529,1.153456687927246,0.016822386533021927,66,3.564793225056019e-05
2031,0.9947916865348816,0.005208313465118408,1.1482336521148682,0.016638565808534622,66,3.564793225056019e-05
2032,0.9946204423904419,0.0053795576095581055,1.14642333984375,0.0167899951338768,66,3.564793225056019e-05
2033,0.9946327805519104,0.0053672194480896,1.1408289670944214,0.01672183722257614,66,3.564793225056019e-05
2034,0.9946175813674927,0.005382418632507324,1.1500204801559448,0.01682879962027073,66,3.564793225056019e-05
2035,0.9944589138031006,0.005541086196899414,1.1518173217773438,0.017003849148750305,66,3.564793225056019e-05
2036,0.994900643825531,0.005099356174468994,1.1441445350646973,0.01648980751633644,66,3.564793225056019e-05
2037,0.9948503375053406,0.005149662494659424,1.1356292963027954,0.016454458236694336,66,3.564793225056019e-05
2038,0.9946602582931519,0.0053397417068481445,1.138046383857727,0.016666807234287262,66,3.564793225056019e-05
2039,0.9948055148124695,0.005194485187530518,1.1252148151397705,0.016394687816500664,66,3.564793225056019e-05
2040,0.9946648478507996,0.0053351521492004395,1.1498699188232422,0.01678049936890602,66,3.564793225056019e-05
2041,0.9947105646133423,0.005289435386657715,1.1272114515304565,0.01650865562260151,66,3.564793225056019e-05
2042,0.9947111010551453,0.005288898944854736,1.13912034034729,0.01662721298635006,66,3.564793225056019e-05
2043,0.994735836982727,0.005264163017272949,1.1374038457870483,0.016585560515522957,66,3.564793225056019e-05
2044,0.9946925044059753,0.005307495594024658,1.136099934577942,0.01661542057991028,66,3.564793225056019e-05
2045,0.9946629405021667,0.005337059497833252,1.1648306846618652,0.016931995749473572,66,3.564793225056019e-05
2046,0.9945657253265381,0.005434274673461914,1.1330132484436035,0.016710065305233,67,3.3865535638032174e-05
2047,0.9947296380996704,0.00527036190032959,1.1461396217346191,0.016679054126143456,67,3.3865535638032174e-05
2048,0.9949074983596802,0.005092501640319824,1.1410269737243652,0.016451846808195114,67,3.3865535638032174e-05
2049,0.994573712348938,0.005426287651062012,1.1430436372756958,0.016802459955215454,67,3.3865535638032174e-05
2050,0.9947060346603394,0.0052939653396606445,1.1461087465286255,0.016702113673090935,67,3.3865535638032174e-05
2051,0.9948160648345947,0.0051839351654052734,1.1446727514266968,0.01657882332801819,67,3.3865535638032174e-05
2052,0.9947810173034668,0.005218982696533203,1.1388896703720093,0.01655568927526474,67,3.3865535638032174e-05
2053,0.9947358965873718,0.005264103412628174,1.1413109302520752,0.01662457175552845,67,3.3865535638032174e-05
2054,0.9948161840438843,0.005183815956115723,1.1371501684188843,0.016503479331731796,67,3.3865535638032174e-05
2055,0.9947155117988586,0.005284488201141357,1.1386421918869019,0.016618065536022186,67,3.3865535638032174e-05
2056,0.9946978092193604,0.0053021907806396484,1.154284119606018,0.01679201051592827,67,3.3865535638032174e-05
2057,0.9945811033248901,0.005418896675109863,1.1459565162658691,0.01682427152991295,67,3.3865535638032174e-05
2058,0.9946224689483643,0.005377531051635742,1.1508550643920898,0.01683230698108673,67,3.3865535638032174e-05
2059,0.9945598244667053,0.005440175533294678,1.1406290531158447,0.016792064532637596,67,3.3865535638032174e-05
2060,0.9947381019592285,0.005261898040771484,1.148187518119812,0.01669115386903286,67,3.3865535638032174e-05
2061,0.9947503209114075,0.005249679088592529,1.1311852931976318,0.016509033739566803,67,3.3865535638032174e-05
2062,0.9946512579917908,0.0053487420082092285,1.1327110528945923,0.01662236452102661,67,3.3865535638032174e-05
2063,0.9948446154594421,0.005155384540557861,1.1399184465408325,0.016503015533089638,67,3.3865535638032174e-05
2064,0.9946476817131042,0.005352318286895752,1.1385445594787598,0.016684241592884064,67,3.3865535638032174e-05
2065,0.9947642087936401,0.005235791206359863,1.152979850769043,0.016713231801986694,67,3.3865535638032174e-05
2066,0.9947255253791809,0.005274474620819092,1.1468943357467651,0.016690673306584358,67,3.3865535638032174e-05
2067,0.9945130944252014,0.005486905574798584,1.144639492034912,0.016878431662917137,67,3.3865535638032174e-05
2068,0.9948511719703674,0.005148828029632568,1.1678403615951538,0.016775742173194885,67,3.3865535638032174e-05
2069,0.9947869777679443,0.005213022232055664,1.1353031396865845,0.016513923183083534,67,3.3865535638032174e-05
2070,0.9946874976158142,0.005312502384185791,1.1543505191802979,0.01680288277566433,67,3.3865535638032174e-05
2071,0.9949113726615906,0.005088627338409424,1.1562235355377197,0.016599975526332855,67,3.3865535638032174e-05
2072,0.9948024749755859,0.0051975250244140625,1.13685941696167,0.016514144837856293,67,3.3865535638032174e-05
2073,0.994686484336853,0.005313515663146973,1.1373096704483032,0.016633477061986923,67,3.3865535638032174e-05
2074,0.9948204159736633,0.00517958402633667,1.1340174674987793,0.01646796241402626,67,3.3865535638032174e-05
2075,0.994772732257843,0.005227267742156982,1.1476795673370361,0.016651790589094162,67,3.3865535638032174e-05
2076,0.9947199821472168,0.005280017852783203,1.1427998542785645,0.016655215993523598,67,3.3865535638032174e-05
2077,0.9947751760482788,0.005224823951721191,1.1401405334472656,0.016573980450630188,68,3.2172258856130564e-05
2078,0.9946339726448059,0.005366027355194092,1.1554509401321411,0.016866877675056458,68,3.2172258856130564e-05
2079,0.9949010610580444,0.005098938941955566,1.1382131576538086,0.0164300799369812,68,3.2172258856130564e-05
2080,0.9946918487548828,0.0053081512451171875,1.1427496671676636,0.016682565212249756,68,3.2172258856130564e-05
2081,0.9947304129600525,0.00526958703994751,1.1543025970458984,0.01675991714000702,68,3.2172258856130564e-05
2082,0.9947212338447571,0.00527876615524292,1.1432461738586426,0.016658440232276917,68,3.2172258856130564e-05
2083,0.9947627782821655,0.005237221717834473,1.1261810064315796,0.016446659341454506,68,3.2172258856130564e-05
2084,0.9947585463523865,0.005241453647613525,1.147085189819336,0.016659891232848167,68,3.2172258856130564e-05
2085,0.9947251081466675,0.0052748918533325195,1.1411982774734497,0.016634125262498856,68,3.2172258856130564e-05
2086,0.9947371482849121,0.005262851715087891,1.1370971202850342,0.01658119447529316,68,3.2172258856130564e-05
2087,0.9947620034217834,0.005237996578216553,1.1406545639038086,0.01659216172993183,68,3.2172258856130564e-05
2088,0.9947108030319214,0.005289196968078613,1.1438026428222656,0.016674330458045006,68,3.2172258856130564e-05
2089,0.9946257472038269,0.005374252796173096,1.1509453058242798,0.016829963773489,68,3.2172258856130564e-05
2090,0.9946810007095337,0.005318999290466309,1.132275104522705,0.01658855937421322,68,3.2172258856130564e-05
2091,0.9946927428245544,0.005307257175445557,1.1423804759979248,0.016677990555763245,68,3.2172258856130564e-05
2092,0.9946971535682678,0.005302846431732178,1.1456211805343628,0.016706028953194618,68,3.2172258856130564e-05
2093,0.9946808815002441,0.005319118499755859,1.1376569271087646,0.0166424959897995,68,3.2172258856130564e-05
2094,0.9946462512016296,0.005353748798370361,1.1381112337112427,0.01668132282793522,68,3.2172258856130564e-05
2095,0.9945794343948364,0.005420565605163574,1.134299397468567,0.016709353774785995,68,3.2172258856130564e-05
2096,0.9948927164077759,0.005107283592224121,1.1478002071380615,0.016534212976694107,68,3.2172258856130564e-05
2097,0.9947730898857117,0.00522691011428833,1.1485792398452759,0.016660433262586594,68,3.2172258856130564e-05
2098,0.9946362376213074,0.005363762378692627,1.1457490921020508,0.01676761545240879,68,3.2172258856130564e-05
2099,0.9949361085891724,0.005063891410827637,1.1379458904266357,0.01639271154999733,68,3.2172258856130564e-05
2100,0.9947931170463562,0.005206882953643799,1.15557861328125,0.01671059988439083,68,3.2172258856130564e-05
2101,0.9947758913040161,0.005224108695983887,1.1428176164627075,0.016600042581558228,68,3.2172258856130564e-05
2102,0.9946470260620117,0.005352973937988281,1.1315557956695557,0.01661500334739685,68,3.2172258856130564e-05
2103,0.994645893573761,0.005354106426239014,1.1538622379302979,0.01683918759226799,68,3.2172258856130564e-05
2104,0.9947230219841003,0.005276978015899658,1.1444542407989502,0.01666875183582306,68,3.2172258856130564e-05
2105,0.9949108958244324,0.005089104175567627,1.1437337398529053,0.016475550830364227,68,3.2172258856130564e-05
2106,0.9946906566619873,0.005309343338012695,1.1409516334533691,0.016665766015648842,68,3.2172258856130564e-05
2107,0.9949545860290527,0.005045413970947266,1.1481914520263672,0.01647687517106533,68,3.2172258856130564e-05
2108,0.9947265982627869,0.005273401737213135,1.136345386505127,0.0165841206908226,69,3.056364591332403e-05
2109,0.9945992231369019,0.0054007768630981445,1.1488463878631592,0.016835233196616173,69,3.056364591332403e-05
2110,0.9948326349258423,0.005167365074157715,1.1389472484588623,0.0165051631629467,69,3.056364591332403e-05
2111,0.9947739839553833,0.005226016044616699,1.1348876953125,0.016522632911801338,69,3.056364591332403e-05
2112,0.9948243498802185,0.005175650119781494,1.1346311569213867,0.016470205038785934,69,3.056364591332403e-05
2113,0.9949609637260437,0.005039036273956299,1.1370500326156616,0.016359146684408188,69,3.056364591332403e-05
2114,0.9947523474693298,0.005247652530670166,1.1492164134979248,0.016687341034412384,69,3.056364591332403e-05
2115,0.9946507811546326,0.005349218845367432,1.1397607326507568,0.01669333316385746,69,3.056364591332403e-05
2116,0.994728147983551,0.005271852016448975,1.1285358667373657,0.016504492610692978,69,3.056364591332403e-05
2117,0.9947056174278259,0.005294382572174072,1.1374433040618896,0.016615871340036392,69,3.056364591332403e-05
2118,0.9947710633277893,0.005228936672210693,1.141993522644043,0.016596581786870956,69,3.056364591332403e-05
2119,0.994644284248352,0.005355715751647949,1.133229374885559,0.01663445122539997,69,3.056364591332403e-05
2120,0.9946058988571167,0.005394101142883301,1.1393851041793823,0.016734011471271515,69,3.056364591332403e-05
2121,0.9946120381355286,0.0053879618644714355,1.1508264541625977,0.016842346638441086,69,3.056364591332403e-05
2122,0.9948017001152039,0.005198299884796143,1.1472394466400146,0.01661871001124382,69,3.056364591332403e-05
2123,0.9948474168777466,0.005152583122253418,1.1366714239120483,0.01646777056157589,69,3.056364591332403e-05
2124,0.9947825074195862,0.005217492580413818,1.1506887674331665,0.016672205179929733,69,3.056364591332403e-05
2125,0.9947505593299866,0.005249440670013428,1.1493937969207764,0.01669088378548622,69,3.056364591332403e-05
2126,0.9947848916053772,0.005215108394622803,1.1562212705612183,0.016725169494748116,69,3.056364591332403e-05
2127,0.9947293400764465,0.005270659923553467,1.1486272811889648,0.016704225912690163,69,3.056364591332403e-05
2128,0.9950510263442993,0.004948973655700684,1.1459665298461914,0.016359150409698486,69,3.056364591332403e-05
2129,0.9945815205574036,0.0054184794425964355,1.1410701274871826,0.016774995252490044,69,3.056364591332403e-05
2130,0.9946813583374023,0.005318641662597656,1.1288892030715942,0.016554346308112144,69,3.056364591332403e-05
2131,0.9948033094406128,0.005196690559387207,1.1360362768173218,0.016505084931850433,69,3.056364591332403e-05
2132,0.9945904612541199,0.005409538745880127,1.148608922958374,0.016841532662510872,69,3.056364591332403e-05
2133,0.9948356747627258,0.00516432523727417,1.1459121704101562,0.016571803018450737,69,3.056364591332403e-05
2134,0.9947413206100464,0.005258679389953613,1.15078604221344,0.016713952645659447,69,3.056364591332403e-05
2135,0.9947998523712158,0.00520014762878418,1.156739592552185,0.01671554148197174,69,3.056364591332403e-05
2136,0.9946858882904053,0.0053141117095947266,1.1405308246612549,0.01666627824306488,69,3.056364591332403e-05
2137,0.9946459531784058,0.005354046821594238,1.1331572532653809,0.01663207821547985,69,3.056364591332403e-05
2138,0.9947941303253174,0.005205869674682617,1.141920566558838,0.016573015600442886,69,3.056364591332403e-05
2139,0.9945986270904541,0.0054013729095458984,1.1422749757766724,0.01677010953426361,70,2.903546361765783e-05
2140,0.99454665184021,0.005453348159790039,1.1463371515274048,0.016862185671925545,70,2.903546361765783e-05
2141,0.9946199655532837,0.005380034446716309,1.1409046649932861,0.01673527993261814,70,2.903546361765783e-05
2142,0.994739294052124,0.0052607059478759766,1.1366853713989258,0.016574952751398087,70,2.903546361765783e-05
2143,0.9949662685394287,0.005033731460571289,1.1308987140655518,0.016292382031679153,70,2.903546361765783e-05
2144,0.994672417640686,0.005327582359313965,1.150349736213684,0.016777804121375084,70,2.903546361765783e-05
2145,0.9948514699935913,0.005148530006408691,1.1355904340744019,0.01645294949412346,70,2.903546361765783e-05
2146,0.9947503209114075,0.005249679088592529,1.1424353122711182,0.016621533781290054,70,2.903546361765783e-05
2147,0.9947350025177002,0.005264997482299805,1.1422600746154785,0.016634948551654816,70,2.903546361765783e-05
2148,0.9947482347488403,0.005251765251159668,1.1394542455673218,0.01659378968179226,70,2.903546361765783e-05
2149,0.9947460889816284,0.005253911018371582,1.1486639976501465,0.016688011586666107,70,2.903546361765783e-05
2150,0.9947447776794434,0.005255222320556641,1.1385498046875,0.01658816821873188,70,2.903546361765783e-05
2151,0.9948418736457825,0.005158126354217529,1.1546186208724976,0.016652731224894524,70,2.903546361765783e-05
2152,0.9948055744171143,0.005194425582885742,1.1384401321411133,0.016526883468031883,70,2.903546361765783e-05
2153,0.9946392178535461,0.005360782146453857,1.1500579118728638,0.01680775359272957,70,2.903546361765783e-05
2154,0.9947256445884705,0.005274355411529541,1.1425693035125732,0.016647305339574814,70,2.903546361765783e-05
2155,0.9947747588157654,0.005225241184234619,1.1442419290542603,0.016615407541394234,70,2.903546361765783e-05
2156,0.9948089122772217,0.00519108772277832,1.1453567743301392,0.01659274473786354,70,2.903546361765783e-05
2157,0.9948273301124573,0.005172669887542725,1.1334155797958374,0.01645509898662567,70,2.903546361765783e-05
2158,0.9946904182434082,0.005309581756591797,1.1568255424499512,0.016824740916490555,70,2.903546361765783e-05
2159,0.9947183132171631,0.005281686782836914,1.1346732378005981,0.016575602814555168,70,2.903546361765783e-05
2160,0.9948534965515137,0.005146503448486328,1.1392735242843628,0.01648777350783348,70,2.903546361765783e-05
2161,0.9947646856307983,0.00523531436920166,1.135791540145874,0.016540877521038055,70,2.903546361765783e-05
2162,0.9946223497390747,0.005377650260925293,1.1396245956420898,0.01672011986374855,70,2.903546361765783e-05
2163,0.9947340488433838,0.005265951156616211,1.1429543495178223,0.01664283499121666,70,2.903546361765783e-05
2164,0.9947694540023804,0.005230545997619629,1.1307276487350464,0.016485515981912613,70,2.903546361765783e-05
2165,0.9948873519897461,0.005112648010253906,1.1323554515838623,0.016385076567530632,70,2.903546361765783e-05
2166,0.9947323203086853,0.005267679691314697,1.1271535158157349,0.01648653671145439,70,2.903546361765783e-05
2167,0.9948921799659729,0.0051078200340271,1.1437454223632812,0.01649419590830803,70,2.903546361765783e-05
2168,0.9948471784591675,0.0051528215408325195,1.1513482332229614,0.016614776104688644,70,2.903546361765783e-05
2169,0.9946915507316589,0.0053084492683410645,1.153764247894287,0.016793007031083107,70,2.903546361765783e-05
2170,0.9948470592498779,0.00515294075012207,1.1368563175201416,0.01646997407078743,71,2.758369043677494e-05
2171,0.9947115182876587,0.005288481712341309,1.132102131843567,0.016556618735194206,71,2.758369043677494e-05
2172,0.9947707653045654,0.00522923469543457,1.1469805240631104,0.016646746546030045,71,2.758369043677494e-05
2173,0.9946987628936768,0.005301237106323242,1.1474007368087769,0.01672223210334778,71,2.758369043677494e-05
2174,0.9948338866233826,0.005166113376617432,1.1395905017852783,0.016510358080267906,71,2.758369043677494e-05
2175,0.9948277473449707,0.005172252655029297,1.154797077178955,0.016668500378727913,71,2.758369043677494e-05
2176,0.9948718547821045,0.005128145217895508,1.1409560441970825,0.016486424952745438,71,2.758369043677494e-05
2177,0.9947378039360046,0.005262196063995361,1.1354349851608276,0.01656392402946949,71,2.758369043677494e-05
2178,0.9947307109832764,0.005269289016723633,1.1395578384399414,0.01661217398941517,71,2.758369043677494e-05
2179,0.9948136210441589,0.0051863789558410645,1.126280665397644,0.016397321596741676,71,2.758369043677494e-05
2180,0.9947593212127686,0.005240678787231445,1.1493360996246338,0.01668163202702999,71,2.758369043677494e-05
2181,0.9946975708007812,0.00530242919921875,1.1425303220748901,0.0166747085750103,71,2.758369043677494e-05
2182,0.9948171377182007,0.005182862281799316,1.1326874494552612,0.01645790785551071,71,2.758369043677494e-05
2183,0.9948211908340454,0.00517880916595459,1.1600960493087769,0.016727980226278305,71,2.758369043677494e-05
2184,0.994868814945221,0.005131185054779053,1.1531847715377808,0.016611721366643906,71,2.758369043677494e-05
2185,0.994789719581604,0.005210280418395996,1.1329395771026611,0.016487572342157364,71,2.758369043677494e-05
2186,0.9947486519813538,0.00525134801864624,1.151166319847107,0.016710497438907623,71,2.758369043677494e-05
2187,0.994631290435791,0.005368709564208984,1.1341552734375,0.016656573861837387,71,2.758369043677494e-05
2188,0.9945849776268005,0.005415022373199463,1.1512219905853271,0.016873091459274292,71,2.758369043677494e-05
2189,0.994751513004303,0.0052484869956970215,1.1362359523773193,0.016558360308408737,71,2.758369043677494e-05
2190,0.9947373867034912,0.005262613296508789,1.1356061697006226,0.016566049307584763,71,2.758369043677494e-05
2191,0.9947361350059509,0.005263864994049072,1.1314635276794434,0.016525860875844955,71,2.758369043677494e-05
2192,0.9947803020477295,0.005219697952270508,1.139150619506836,0.01655900664627552,71,2.758369043677494e-05
2193,0.9948596358299255,0.005140364170074463,1.1468806266784668,0.016557767987251282,71,2.758369043677494e-05
2194,0.994844913482666,0.005155086517333984,1.1428672075271606,0.016532206907868385,71,2.758369043677494e-05
2195,0.9948903918266296,0.005109608173370361,1.1443942785263062,0.01650245487689972,71,2.758369043677494e-05
2196,0.9947402477264404,0.00525975227355957,1.1318832635879517,0.016525987535715103,71,2.758369043677494e-05
2197,0.99470055103302,0.0052994489669799805,1.1381124258041382,0.01662757806479931,71,2.758369043677494e-05
2198,0.9947115778923035,0.005288422107696533,1.1367779970169067,0.016603317111730576,71,2.758369043677494e-05
2199,0.9948034286499023,0.005196571350097656,1.1361299753189087,0.016505904495716095,71,2.758369043677494e-05
2200,0.9945337772369385,0.0054662227630615234,1.1430962085723877,0.016842521727085114,71,2.758369043677494e-05
2201,0.9948019981384277,0.005198001861572266,1.1375372409820557,0.0165213942527771,72,2.620450591493619e-05
2202,0.9946948885917664,0.005305111408233643,1.137528896331787,0.016627348959445953,72,2.620450591493619e-05
2203,0.9947707056999207,0.005229294300079346,1.1294925212860107,0.016471926122903824,72,2.620450591493619e-05
2204,0.9948685765266418,0.005131423473358154,1.1354093551635742,0.0164342038333416,72,2.620450591493619e-05
2205,0.9945792555809021,0.0054207444190979,1.1491024494171143,0.016857560724020004,72,2.620450591493619e-05
2206,0.9947669506072998,0.005233049392700195,1.1383036375045776,0.01656375452876091,72,2.620450591493619e-05
2207,0.9946720004081726,0.005327999591827393,1.1346642971038818,0.016621362417936325,72,2.620450591493619e-05
2208,0.9946897625923157,0.005310237407684326,1.1244221925735474,0.016501355916261673,72,2.620450591493619e-05
2209,0.9948108196258545,0.005189180374145508,1.1456751823425293,0.016594039276242256,72,2.620450591493619e-05
2210,0.994816243648529,0.005183756351470947,1.1244243383407593,0.016376161947846413,72,2.620450591493619e-05
2211,0.9947637319564819,0.005236268043518066,1.1254169940948486,0.0164380744099617,72,2.620450591493619e-05
2212,0.9948635697364807,0.005136430263519287,1.1422008275985718,0.016507074236869812,72,2.620450591493619e-05
2213,0.9948405027389526,0.005159497261047363,1.1435127258300781,0.016543028876185417,72,2.620450591493619e-05
2214,0.994769275188446,0.005230724811553955,1.1435081958770752,0.016613498330116272,72,2.620450591493619e-05
2215,0.9947959780693054,0.00520402193069458,1.1432915925979614,0.01658489741384983,72,2.620450591493619e-05
2216,0.9949424266815186,0.005057573318481445,1.1467655897140503,0.016474653035402298,72,2.620450591493619e-05
2217,0.9947139620780945,0.005286037921905518,1.1519525051116943,0.016752703115344048,72,2.620450591493619e-05
2218,0.994624674320221,0.005375325679779053,1.146809697151184,0.016789669170975685,72,2.620450591493619e-05
2219,0.9947594404220581,0.0052405595779418945,1.1481932401657104,0.01667008548974991,72,2.620450591493619e-05
2220,0.9947465062141418,0.005253493785858154,1.1477229595184326,0.016678187996149063,72,2.620450591493619e-05
2221,0.9948109984397888,0.005189001560211182,1.1374956369400024,0.0165120679885149,72,2.620450591493619e-05
2222,0.9947432279586792,0.005256772041320801,1.1367249488830566,0.01657145470380783,72,2.620450591493619e-05
2223,0.9947453141212463,0.005254685878753662,1.1415374279022217,0.016617514193058014,72,2.620450591493619e-05
2224,0.9947868585586548,0.005213141441345215,1.1422035694122314,0.016583045944571495,72,2.620450591493619e-05
2225,0.9948339462280273,0.005166053771972656,1.1509828567504883,0.016624221578240395,72,2.620450591493619e-05
2226,0.994772732257843,0.005227267742156982,1.1435279846191406,0.016610274091362953,72,2.620450591493619e-05
2227,0.994776725769043,0.005223274230957031,1.1396753787994385,0.016567794606089592,72,2.620450591493619e-05
2228,0.9947603344917297,0.005239665508270264,1.1412022113800049,0.016599290072917938,72,2.620450591493619e-05
2229,0.9949585795402527,0.0050414204597473145,1.132860779762268,0.01631961390376091,72,2.620450591493619e-05
2230,0.9947333931922913,0.00526660680770874,1.1344099044799805,0.01655803993344307,72,2.620450591493619e-05
2231,0.994732141494751,0.0052678585052490234,1.1596390008926392,0.016811570152640343,72,2.620450591493619e-05
2232,0.9946472644805908,0.00535273551940918,1.1361644268035889,0.01666085235774517,73,2.489428061918938e-05
2233,0.9947314858436584,0.005268514156341553,1.1349592208862305,0.016565421596169472,73,2.489428061918938e-05
2234,0.9946361184120178,0.005363881587982178,1.136912226676941,0.016679365187883377,73,2.489428061918938e-05
2235,0.994882345199585,0.005117654800415039,1.130803108215332,0.016374509781599045,73,2.489428061918938e-05
2236,0.9948337078094482,0.005166292190551758,1.1230359077453613,0.016344988718628883,73,2.489428061918938e-05
2237,0.9946788549423218,0.005321145057678223,1.1479012966156006,0.016746945679187775,73,2.489428061918938e-05
2238,0.9947611689567566,0.005238831043243408,1.1383965015411377,0.016570407897233963,73,2.489428061918938e-05
2239,0.9947806000709534,0.005219399929046631,1.137302041053772,0.016540225595235825,73,2.489428061918938e-05
2240,0.994656503200531,0.005343496799468994,1.136345386505127,0.01665351539850235,73,2.489428061918938e-05
2241,0.9946911931037903,0.005308806896209717,1.135731816291809,0.016613036394119263,73,2.489428061918938e-05
2242,0.9948238730430603,0.005176126956939697,1.1275054216384888,0.01639942079782486,73,2.489428061918938e-05
2243,0.9948715567588806,0.005128443241119385,1.1298878192901611,0.016376037150621414,73,2.489428061918938e-05
2244,0.9948022365570068,0.005197763442993164,1.1395965814590454,0.016541751101613045,73,2.489428061918938e-05
2245,0.9950169324874878,0.004983067512512207,1.1469742059707642,0.01640297845005989,73,2.489428061918938e-05
2246,0.9948182106018066,0.005181789398193359,1.1482460498809814,0.016612432897090912,73,2.489428061918938e-05
2247,0.9947671890258789,0.005232810974121094,1.1404770612716675,0.016585253179073334,73,2.489428061918938e-05
2248,0.994885265827179,0.005114734172821045,1.1428501605987549,0.0164920873939991,73,2.489428061918938e-05
2249,0.9947763681411743,0.005223631858825684,1.1375372409820557,0.016546767204999924,73,2.489428061918938e-05
2250,0.9947059750556946,0.00529402494430542,1.1414353847503662,0.016655437648296356,73,2.489428061918938e-05
2251,0.9947700500488281,0.005229949951171875,1.1302183866500854,0.01647983491420746,73,2.489428061918938e-05
2252,0.9948534965515137,0.005146503448486328,1.1382410526275635,0.016477448865771294,73,2.489428061918938e-05
2253,0.99465411901474,0.00534588098526001,1.1475423574447632,0.016767844557762146,73,2.489428061918938e-05
2254,0.9947091937065125,0.005290806293487549,1.137062668800354,0.016608525067567825,73,2.489428061918938e-05
2255,0.9948096871376038,0.00519031286239624,1.144324541091919,0.01658165454864502,73,2.489428061918938e-05
2256,0.9947546720504761,0.005245327949523926,1.1402150392532349,0.0165950246155262,73,2.489428061918938e-05
2257,0.9947727918624878,0.005227208137512207,1.1457033157348633,0.016631968319416046,73,2.489428061918938e-05
2258,0.9947177767753601,0.005282223224639893,1.146660327911377,0.016696004197001457,73,2.489428061918938e-05
2259,0.9948140382766724,0.005185961723327637,1.1384377479553223,0.016518479213118553,73,2.489428061918938e-05
2260,0.9948440194129944,0.005155980587005615,1.1698933839797974,0.016803354024887085,73,2.489428061918938e-05
2261,0.994842529296875,0.005157470703125,1.138184905052185,0.016487743705511093,73,2.489428061918938e-05
2262,0.9949287176132202,0.005071282386779785,1.1455904245376587,0.016476472839713097,73,2.489428061918938e-05
2263,0.9948180913925171,0.00518190860748291,1.1430864334106445,0.016560953110456467,74,2.364956658822991e-05
2264,0.9948644638061523,0.005135536193847656,1.1441789865493774,0.01652597077190876,74,2.364956658822991e-05
2265,0.9946050643920898,0.005394935607910156,1.1499112844467163,0.016840098425745964,74,2.364956658822991e-05
2266,0.9948333501815796,0.00516664981842041,1.1349254846572876,0.0164642371237278,74,2.364956658822991e-05
2267,0.9946036338806152,0.005396366119384766,1.142128825187683,0.01676369085907936,74,2.364956658822991e-05
2268,0.9947767853736877,0.005223214626312256,1.1434739828109741,0.016605721786618233,74,2.364956658822991e-05
2269,0.994941771030426,0.005058228969573975,1.1406500339508057,0.01641414687037468,74,2.364956658822991e-05
2270,0.9948572516441345,0.0051427483558654785,1.13949453830719,0.016486264765262604,74,2.364956658822991e-05
2271,0.994777262210846,0.005222737789154053,1.1308547258377075,0.01647905819118023,74,2.364956658822991e-05
2272,0.994843065738678,0.0051569342613220215,1.1423149108886719,0.01652851328253746,74,2.364956658822991e-05
2273,0.9949328899383545,0.005067110061645508,1.1397327184677124,0.016413766890764236,74,2.364956658822991e-05
2274,0.9949036240577698,0.005096375942230225,1.1430351734161377,0.01647576317191124,74,2.364956658822991e-05
2275,0.9949019551277161,0.0050980448722839355,1.1498968601226807,0.016546033322811127,74,2.364956658822991e-05
2276,0.9949479699134827,0.005052030086517334,1.1373118162155151,0.016374627128243446,74,2.364956658822991e-05
2277,0.9948338270187378,0.005166172981262207,1.1424832344055176,0.01653934270143509,74,2.364956658822991e-05
2278,0.99477618932724,0.00522381067276001,1.1378989219665527,0.016550561413168907,74,2.364956658822991e-05
2279,0.9948651790618896,0.0051348209381103516,1.1532692909240723,0.01661616563796997,74,2.364956658822991e-05
2280,0.9947341680526733,0.00526583194732666,1.1364312171936035,0.01657748594880104,74,2.364956658822991e-05
2281,0.9947273135185242,0.00527268648147583,1.1346521377563477,0.016566481441259384,74,2.364956658822991e-05
2282,0.9946640729904175,0.0053359270095825195,1.144235372543335,0.016724921762943268,74,2.364956658822991e-05
2283,0.9947829246520996,0.005217075347900391,1.1339318752288818,0.01650422438979149,74,2.364956658822991e-05
2284,0.9946818351745605,0.005318164825439453,1.1276402473449707,0.016541386023163795,74,2.364956658822991e-05
2285,0.9947841763496399,0.005215823650360107,1.1391149759292603,0.01655481569468975,74,2.364956658822991e-05
2286,0.9947233200073242,0.005276679992675781,1.129822015762329,0.016522131860256195,74,2.364956658822991e-05
2287,0.9947172999382019,0.005282700061798096,1.1353130340576172,0.016583003103733063,74,2.364956658822991e-05
2288,0.9947823286056519,0.0052176713943481445,1.130873441696167,0.016474228352308273,74,2.364956658822991e-05
2289,0.9947182536125183,0.0052817463874816895,1.1326285600662231,0.016555214300751686,74,2.364956658822991e-05
2290,0.9948000907897949,0.005199909210205078,1.1397967338562012,0.01654587686061859,74,2.364956658822991e-05
2291,0.9947342872619629,0.005265712738037109,1.143721103668213,0.01665026694536209,74,2.364956658822991e-05
2292,0.9947762489318848,0.005223751068115234,1.1402939558029175,0.016574453562498093,74,2.364956658822991e-05
2293,0.9947477579116821,0.005252242088317871,1.128795862197876,0.01648767851293087,74,2.364956658822991e-05
2294,0.9948222637176514,0.005177736282348633,1.132659673690796,0.016452554613351822,75,2.2467088258818413e-05
2295,0.9948355555534363,0.005164444446563721,1.1350865364074707,0.016463665291666985,75,2.2467088258818413e-05
2296,0.9946865439414978,0.005313456058502197,1.1290616989135742,0.016550937667489052,75,2.2467088258818413e-05
2297,0.9947957992553711,0.005204200744628906,1.1339173316955566,0.016491331160068512,75,2.2467088258818413e-05
2298,0.994816780090332,0.005183219909667969,1.1402126550674438,0.016533514484763145,75,2.2467088258818413e-05
2299,0.9948170781135559,0.005182921886444092,1.1438066959381104,0.01656915992498398,75,2.2467088258818413e-05
2300,0.9948115348815918,0.005188465118408203,1.133739948272705,0.016473980620503426,75,2.2467088258818413e-05
2301,0.9947692155838013,0.0052307844161987305,1.1451144218444824,0.016629621386528015,75,2.2467088258818413e-05
2302,0.9947121739387512,0.005287826061248779,1.1418088674545288,0.016653036698698997,75,2.2467088258818413e-05
2303,0.9946942329406738,0.005305767059326172,1.1418039798736572,0.016670748591423035,75,2.2467088258818413e-05
2304,0.9947113394737244,0.005288660526275635,1.143723964691162,0.0166730135679245,75,2.2467088258818413e-05
2305,0.9947254061698914,0.005274593830108643,1.1473456621170044,0.016695303842425346,75,2.2467088258818413e-05
2306,0.9948289394378662,0.005171060562133789,1.13848078250885,0.016504157334566116,75,2.2467088258818413e-05
2307,0.9948062300682068,0.005193769931793213,1.1399375200271606,0.01654120720922947,75,2.2467088258818413e-05
2308,0.9948456883430481,0.005154311656951904,1.1321772336959839,0.01642454043030739,75,2.2467088258818413e-05
2309,0.9947420954704285,0.005257904529571533,1.1431102752685547,0.016636427491903305,75,2.2467088258818413e-05
2310,0.9948298335075378,0.005170166492462158,1.1385772228240967,0.016504237428307533,75,2.2467088258818413e-05
2311,0.9949203729629517,0.00507962703704834,1.1344568729400635,0.016373399645090103,75,2.2467088258818413e-05
2312,0.9948475360870361,0.005152463912963867,1.1263799667358398,0.01636473834514618,75,2.2467088258818413e-05
2313,0.9950447678565979,0.0049552321434021,1.1387821435928345,0.01629350148141384,75,2.2467088258818413e-05
2314,0.9949372410774231,0.005062758922576904,1.126299500465393,0.016275126487016678,75,2.2467088258818413e-05
2315,0.9947953820228577,0.005204617977142334,1.1355639696121216,0.016508210450410843,75,2.2467088258818413e-05
2316,0.9947530627250671,0.005246937274932861,1.1431552171707153,0.016626019030809402,75,2.2467088258818413e-05
2317,0.9948368668556213,0.005163133144378662,1.148294448852539,0.01659444533288479,75,2.2467088258818413e-05
2318,0.9949010610580444,0.005098938941955566,1.1428699493408203,0.016476647928357124,75,2.2467088258818413e-05
2319,0.994848906993866,0.005151093006134033,1.1458585262298584,0.016558166593313217,75,2.2467088258818413e-05
2320,0.994826078414917,0.005173921585083008,1.1595518589019775,0.0167177002876997,75,2.2467088258818413e-05
2321,0.9945952296257019,0.005404770374298096,1.1335326433181763,0.016686048358678818,75,2.2467088258818413e-05
2322,0.9946313500404358,0.005368649959564209,1.15012526512146,0.016816215589642525,75,2.2467088258818413e-05
2323,0.9947896003723145,0.005210399627685547,1.124369502067566,0.0164019912481308,75,2.2467088258818413e-05
2324,0.9946287870407104,0.005371212959289551,1.1292232275009155,0.016609732061624527,75,2.2467088258818413e-05
2325,0.9947951436042786,0.0052048563957214355,1.143662452697754,0.016589432954788208,76,2.134373384587749e-05
2326,0.9947216510772705,0.005278348922729492,1.1456060409545898,0.016681626439094543,76,2.134373384587749e-05
2327,0.9947640299797058,0.0052359700202941895,1.1497156620025635,0.016680767759680748,76,2.134373384587749e-05
2328,0.9947742223739624,0.005225777626037598,1.1419715881347656,0.01659323461353779,76,2.134373384587749e-05
2329,0.9946776032447815,0.005322396755218506,1.1293624639511108,0.016562797129154205,76,2.134373384587749e-05
2330,0.9946932792663574,0.005306720733642578,1.1427041292190552,0.016680695116519928,76,2.134373384587749e-05
2331,0.9946542978286743,0.005345702171325684,1.1357945203781128,0.016650190576910973,76,2.134373384587749e-05
2332,0.9947993755340576,0.005200624465942383,1.1360756158828735,0.016509374603629112,76,2.134373384587749e-05
2333,0.9947965145111084,0.0052034854888916016,1.1386725902557373,0.01653817668557167,76,2.134373384587749e-05
2334,0.9947898387908936,0.005210161209106445,1.1464804410934448,0.016622863709926605,76,2.134373384587749e-05
2335,0.9950376749038696,0.004962325096130371,1.1314445734024048,0.016227146610617638,76,2.134373384587749e-05
2336,0.9948732256889343,0.005126774311065674,1.1422593593597412,0.016498100012540817,76,2.134373384587749e-05
2337,0.9947054386138916,0.0052945613861083984,1.1276227235794067,0.016517844051122665,76,2.134373384587749e-05
2338,0.9948267936706543,0.005173206329345703,1.1397942304611206,0.016519416123628616,76,2.134373384587749e-05
2339,0.9949642419815063,0.005035758018493652,1.1363860368728638,0.01634925976395607,76,2.134373384587749e-05
2340,0.9947227835655212,0.00527721643447876,1.1246881484985352,0.01647132635116577,76,2.134373384587749e-05
2341,0.9948943853378296,0.00510561466217041,1.157280445098877,0.016627363860607147,76,2.134373384587749e-05
2342,0.994745135307312,0.005254864692687988,1.1396280527114868,0.016598597168922424,76,2.134373384587749e-05
2343,0.9947734475135803,0.005226552486419678,1.1323277950286865,0.016497565433382988,76,2.134373384587749e-05
2344,0.9948567152023315,0.005143284797668457,1.1437041759490967,0.016528893262147903,76,2.134373384587749e-05
2345,0.9946486949920654,0.00535130500793457,1.1188846826553345,0.0164866391569376,76,2.134373384587749e-05
2346,0.994830846786499,0.0051691532135009766,1.14509916305542,0.01656845211982727,76,2.134373384587749e-05
2347,0.9948316812515259,0.005168318748474121,1.143173098564148,0.016548365354537964,76,2.134373384587749e-05
2348,0.994831383228302,0.005168616771697998,1.1328284740447998,0.016445215791463852,76,2.134373384587749e-05
2349,0.9948599934577942,0.0051400065422058105,1.132727026939392,0.016415877267718315,76,2.134373384587749e-05
2350,0.9947237372398376,0.0052762627601623535,1.1406925916671753,0.016630426049232483,76,2.134373384587749e-05
2351,0.9949254989624023,0.005074501037597656,1.1469132900238037,0.01649288833141327,76,2.134373384587749e-05
2352,0.9947843551635742,0.005215644836425781,1.138925552368164,0.016552744433283806,76,2.134373384587749e-05
2353,0.9948182702064514,0.005181729793548584,1.1197292804718018,0.016327204182744026,76,2.134373384587749e-05
2354,0.9949098825454712,0.005090117454528809,1.134674310684204,0.016385959461331367,76,2.134373384587749e-05
2355,0.9948845505714417,0.00511544942855835,1.1510334014892578,0.01657462865114212,76,2.134373384587749e-05
2356,0.9948068857192993,0.005193114280700684,1.143502950668335,0.016576211899518967,77,2.0276547153583614e-05
2357,0.9950021505355835,0.004997849464416504,1.147548794746399,0.016423359513282776,77,2.0276547153583614e-05
2358,0.9948297739028931,0.005170226097106934,1.1558868885040283,0.01667739264667034,77,2.0276547153583614e-05
2359,0.9946500062942505,0.005349993705749512,1.138048768043518,0.01667698100209236,77,2.0276547153583614e-05
2360,0.9947910308837891,0.0052089691162109375,1.1405293941497803,0.016562173143029213,77,2.0276547153583614e-05
2361,0.9947243928909302,0.005275607109069824,1.1429461240768433,0.016652312129735947,77,2.0276547153583614e-05
2362,0.9949269890785217,0.0050730109214782715,1.135874629020691,0.016381027176976204,77,2.0276547153583614e-05
2363,0.9949142932891846,0.00508570671081543,1.1307284832000732,0.016342133283615112,77,2.0276547153583614e-05
2364,0.9948781132698059,0.005121886730194092,1.14083993434906,0.016479067504405975,77,2.0276547153583614e-05
2365,0.994789719581604,0.005210280418395996,1.1345802545547485,0.01650397852063179,77,2.0276547153583614e-05
2366,0.9948574900627136,0.005142509937286377,1.1209594011306763,0.016300678253173828,77,2.0276547153583614e-05
2367,0.9947400689125061,0.0052599310874938965,1.1373004913330078,0.016580335795879364,77,2.0276547153583614e-05
2368,0.9948211312294006,0.005178868770599365,1.1140937805175781,0.016268018633127213,77,2.0276547153583614e-05
2369,0.9947485327720642,0.005251467227935791,1.1528139114379883,0.016727091744542122,77,2.0276547153583614e-05
2370,0.9946367740631104,0.0053632259368896484,1.1437077522277832,0.01674667000770569,77,2.0276547153583614e-05
2371,0.9948256611824036,0.0051743388175964355,1.1526412963867188,0.01664900779724121,77,2.0276547153583614e-05
2372,0.9947898983955383,0.00521010160446167,1.1397513151168823,0.016555514186620712,77,2.0276547153583614e-05
2373,0.9949930906295776,0.005006909370422363,1.1377575397491455,0.0163344144821167,77,2.0276547153583614e-05
2374,0.9947674870491028,0.005232512950897217,1.1397242546081543,0.016577430069446564,77,2.0276547153583614e-05
2375,0.9948325157165527,0.005167484283447266,1.1416969299316406,0.0165327787399292,77,2.0276547153583614e-05
2376,0.9948244690895081,0.005175530910491943,1.13936185836792,0.01651739329099655,77,2.0276547153583614e-05
2377,0.994735598564148,0.005264401435852051,1.1318572759628296,0.01653033122420311,77,2.0276547153583614e-05
2378,0.9948115348815918,0.005188465118408203,1.1300663948059082,0.016437243670225143,77,2.0276547153583614e-05
2379,0.9947943091392517,0.005205690860748291,1.1400153636932373,0.016553787514567375,77,2.0276547153583614e-05
2380,0.9948034286499023,0.005196571350097656,1.1377133131027222,0.016521738842129707,77,2.0276547153583614e-05
2381,0.9948047995567322,0.005195200443267822,1.1371450424194336,0.016514699906110764,77,2.0276547153583614e-05
2382,0.9947453737258911,0.005254626274108887,1.1388931274414062,0.016591012477874756,77,2.0276547153583614e-05
2383,0.9949733018875122,0.005026698112487793,1.132936716079712,0.016305798664689064,77,2.0276547153583614e-05
2384,0.9947011470794678,0.0052988529205322266,1.1258471012115479,0.016504336148500443,77,2.0276547153583614e-05
2385,0.9948112964630127,0.005188703536987305,1.1363438367843628,0.016500255092978477,77,2.0276547153583614e-05
2386,0.9947899580001831,0.0052100419998168945,1.1267728805541992,0.016425669193267822,77,2.0276547153583614e-05
2387,0.9949398636817932,0.005060136318206787,1.1358528137207031,0.016368063166737556,78,1.9262719795904432e-05
2388,0.9948444962501526,0.005155503749847412,1.1384204626083374,0.016488153487443924,78,1.9262719795904432e-05
2389,0.9948912858963013,0.0051087141036987305,1.13662850856781,0.016423910856246948,78,1.9262719795904432e-05
2390,0.994953989982605,0.0050460100173950195,1.1392862796783447,0.016388412564992905,78,1.9262719795904432e-05
2391,0.9948406219482422,0.0051593780517578125,1.1391124725341797,0.016498908400535583,78,1.9262719795904432e-05
2392,0.994857668876648,0.005142331123352051,1.1357616186141968,0.016448523849248886,78,1.9262719795904432e-05
2393,0.994708776473999,0.0052912235260009766,1.1387863159179688,0.016626175493001938,78,1.9262719795904432e-05
2394,0.9948604702949524,0.005139529705047607,1.130622386932373,0.01639435812830925,78,1.9262719795904432e-05
2395,0.9947462677955627,0.005253732204437256,1.1289459466934204,0.01649065501987934,78,1.9262719795904432e-05
2396,0.9947478771209717,0.00525212287902832,1.1496673822402954,0.016696274280548096,78,1.9262719795904432e-05
2397,0.9948435425758362,0.005156457424163818,1.1326042413711548,0.016430934891104698,78,1.9262719795904432e-05
2398,0.9948537349700928,0.0051462650299072266,1.133418083190918,0.016428982838988304,78,1.9262719795904432e-05
2399,0.9950351119041443,0.004964888095855713,1.1419346332550049,0.01633458584547043,78,1.9262719795904432e-05
2400,0.9947588443756104,0.0052411556243896484,1.1565322875976562,0.016754066571593285,78,1.9262719795904432e-05
2401,0.9948970675468445,0.005102932453155518,1.1312445402145386,0.01636434718966484,78,1.9262719795904432e-05
2402,0.9946460723876953,0.0053539276123046875,1.13905930519104,0.01669098064303398,78,1.9262719795904432e-05
2403,0.9947315454483032,0.005268454551696777,1.1366807222366333,0.01658257655799389,78,1.9262719795904432e-05
2404,0.9947552680969238,0.005244731903076172,1.1367220878601074,0.016559503972530365,78,1.9262719795904432e-05
2405,0.9947400689125061,0.0052599310874938965,1.1361117362976074,0.016568448394536972,78,1.9262719795904432e-05
2406,0.9949150681495667,0.00508493185043335,1.133143663406372,0.016365518793463707,78,1.9262719795904432e-05
2407,0.9948262572288513,0.005173742771148682,1.137333869934082,0.016495343297719955,78,1.9262719795904432e-05
2408,0.9947516322135925,0.005248367786407471,1.1389304399490356,0.01658518798649311,78,1.9262719795904432e-05
2409,0.9948856830596924,0.005114316940307617,1.1335315704345703,0.016398489475250244,78,1.9262719795904432e-05
2410,0.9948846101760864,0.005115389823913574,1.155186653137207,0.016616102308034897,78,1.9262719795904432e-05
2411,0.994678258895874,0.0053217411041259766,1.126386284828186,0.01653238572180271,78,1.9262719795904432e-05
2412,0.9947420358657837,0.005257964134216309,1.1422683000564575,0.016628067940473557,78,1.9262719795904432e-05
2413,0.9947935938835144,0.005206406116485596,1.1448673009872437,0.0166030153632164,78,1.9262719795904432e-05
2414,0.9946742653846741,0.005325734615325928,1.1254085302352905,0.016526563093066216,78,1.9262719795904432e-05
2415,0.9948627352714539,0.005137264728546143,1.1454287767410278,0.016540180891752243,78,1.9262719795904432e-05
2416,0.9948264956474304,0.00517350435256958,1.1293895244598389,0.016415663063526154,78,1.9262719795904432e-05
2417,0.9948645830154419,0.0051354169845581055,1.1221870183944702,0.01630593277513981,78,1.9262719795904432e-05
2418,0.9950056076049805,0.004994392395019531,1.1385483741760254,0.01632993295788765,79,1.829958380610921e-05
2419,0.9948680400848389,0.005131959915161133,1.134734034538269,0.016427980735898018,79,1.829958380610921e-05
2420,0.994796633720398,0.005203366279602051,1.134109616279602,0.01649242825806141,79,1.829958380610921e-05
2421,0.9948024153709412,0.005197584629058838,1.1475275754928589,0.016620883718132973,79,1.829958380610921e-05
2422,0.9949777722358704,0.005022227764129639,1.1401423215866089,0.01637342944741249,79,1.829958380610921e-05
2423,0.9947956800460815,0.005204319953918457,1.1440315246582031,0.016592592000961304,79,1.829958380610921e-05
2424,0.9946836829185486,0.005316317081451416,1.1350349187850952,0.01661350205540657,79,1.829958380610921e-05
2425,0.9948055148124695,0.005194485187530518,1.142733097076416,0.016569871455430984,79,1.829958380610921e-05
2426,0.9947797656059265,0.005220234394073486,1.1327025890350342,0.016495056450366974,79,1.829958380610921e-05
2427,0.9947540760040283,0.00524592399597168,1.1297674179077148,0.01649113930761814,79,1.829958380610921e-05
2428,0.9948574900627136,0.005142509937286377,1.1365972757339478,0.016457058489322662,79,1.829958380610921e-05
2429,0.9949431419372559,0.005056858062744141,1.1418564319610596,0.01642485335469246,79,1.829958380610921e-05
2430,0.9947881698608398,0.005211830139160156,1.1326016187667847,0.016485728323459625,79,1.829958380610921e-05
2431,0.9948120713233948,0.005187928676605225,1.1349132061004639,0.01648518070578575,79,1.829958380610921e-05
2432,0.9946855902671814,0.0053144097328186035,1.135131597518921,0.01661258190870285,79,1.829958380610921e-05
2433,0.9949288964271545,0.005071103572845459,1.1271655559539795,0.01629204861819744,79,1.829958380610921e-05
2434,0.9948008060455322,0.0051991939544677734,1.131507396697998,0.016462275758385658,79,1.829958380610921e-05
2435,0.9947012066841125,0.005298793315887451,1.1217756271362305,0.016463560983538628,79,1.829958380610921e-05
2436,0.9948801398277283,0.0051198601722717285,1.1248128414154053,0.016316790133714676,79,1.829958380610921e-05
2437,0.9948858022689819,0.005114197731018066,1.132584810256958,0.0163889043033123,79,1.829958380610921e-05
2438,0.9946507215499878,0.005349278450012207,1.1336781978607178,0.0166325680911541,79,1.829958380610921e-05
2439,0.9948047995567322,0.005195200443267822,1.143880844116211,0.016582056879997253,79,1.829958380610921e-05
2440,0.9948171973228455,0.005182802677154541,1.14250910282135,0.016556065529584885,79,1.829958380610921e-05
2441,0.9947901368141174,0.005209863185882568,1.1553376913070679,0.016711141914129257,79,1.829958380610921e-05
2442,0.9949728846549988,0.005027115345001221,1.133901596069336,0.01631585881114006,79,1.829958380610921e-05
2443,0.9947782158851624,0.0052217841148376465,1.1459628343582153,0.01662919484078884,79,1.829958380610921e-05
2444,0.9947939515113831,0.005206048488616943,1.1404623985290527,0.016558611765503883,79,1.829958380610921e-05
2445,0.9949359893798828,0.0050640106201171875,1.1264375448226929,0.016277745366096497,79,1.829958380610921e-05
2446,0.9948742985725403,0.005125701427459717,1.1413519382476807,0.016487963497638702,79,1.829958380610921e-05
2447,0.9946714043617249,0.0053285956382751465,1.1455540657043457,0.01673085056245327,79,1.829958380610921e-05
2448,0.9949767589569092,0.00502324104309082,1.138780951499939,0.016360817477107048,79,1.829958380610921e-05
2449,0.9949774146080017,0.005022585391998291,1.1368067264556885,0.016340427100658417,80,1.738460461580375e-05
2450,0.9949517250061035,0.005048274993896484,1.1371132135391235,0.0163689237087965,80,1.738460461580375e-05
2451,0.9947441816329956,0.0052558183670043945,1.147854208946228,0.01668180152773857,80,1.738460461580375e-05
2452,0.994870662689209,0.005129337310791016,1.1313285827636719,0.0163913294672966,80,1.738460461580375e-05
2453,0.9947519302368164,0.005248069763183594,1.1331462860107422,0.016527051106095314,80,1.738460461580375e-05
2454,0.9948716163635254,0.005128383636474609,1.1427898406982422,0.01650499738752842,80,1.738460461580375e-05
2455,0.9947936534881592,0.00520634651184082,1.138737440109253,0.016541657969355583,80,1.738460461580375e-05
2456,0.9947437644004822,0.005256235599517822,1.1347742080688477,0.016551414504647255,80,1.738460461580375e-05
2457,0.9947090744972229,0.0052909255027771,1.134107232093811,0.01657908782362938,80,1.738460461580375e-05
2458,0.9947658777236938,0.005234122276306152,1.127476692199707,0.016456548124551773,80,1.738460461580375e-05
2459,0.9946501851081848,0.0053498148918151855,1.1347122192382812,0.01664343848824501,80,1.738460461580375e-05
2460,0.9950661659240723,0.004933834075927734,1.1380693912506104,0.01626518927514553,80,1.738460461580375e-05
2461,0.9948149919509888,0.0051850080490112305,1.1410846710205078,0.016544004902243614,80,1.738460461580375e-05
2462,0.9949495196342468,0.005050480365753174,1.134626030921936,0.01634623482823372,80,1.738460461580375e-05
2463,0.9949237108230591,0.005076289176940918,1.136242389678955,0.016387950628995895,80,1.738460461580375e-05
2464,0.9949557781219482,0.005044221878051758,1.1270387172698975,0.016264166682958603,80,1.738460461580375e-05
2465,0.9948461651802063,0.005153834819793701,1.1300249099731445,0.01640254631638527,80,1.738460461580375e-05
2466,0.9946315884590149,0.005368411540985107,1.137296438217163,0.01668769121170044,80,1.738460461580375e-05
2467,0.9948469400405884,0.005153059959411621,1.125972032546997,0.01636124961078167,80,1.738460461580375e-05
2468,0.9947699904441833,0.00523000955581665,1.1426106691360474,0.01660381630063057,80,1.738460461580375e-05
2469,0.9947213530540466,0.005278646945953369,1.1344242095947266,0.01657010242342949,80,1.738460461580375e-05
2470,0.9946951270103455,0.005304872989654541,1.1420516967773438,0.016672341153025627,80,1.738460461580375e-05
2471,0.9948009252548218,0.005199074745178223,1.1387033462524414,0.016534117981791496,80,1.738460461580375e-05
2472,0.9950569868087769,0.0049430131912231445,1.1316031217575073,0.016209613531827927,80,1.738460461580375e-05
2473,0.9949366450309753,0.005063354969024658,1.1383239030838013,0.01639596000313759,80,1.738460461580375e-05
2474,0.9947498440742493,0.005250155925750732,1.1352620124816895,0.016550274565815926,80,1.738460461580375e-05
2475,0.9947561025619507,0.005243897438049316,1.143919825553894,0.016630657017230988,80,1.738460461580375e-05
2476,0.9948261976242065,0.005173802375793457,1.1475659608840942,0.016597723588347435,80,1.738460461580375e-05
2477,0.9948102831840515,0.005189716815948486,1.139361023902893,0.016531430184841156,80,1.738460461580375e-05
2478,0.9948878884315491,0.005112111568450928,1.1204603910446167,0.016265593469142914,80,1.738460461580375e-05
2479,0.9948614239692688,0.005138576030731201,1.1573110818862915,0.016660301014780998,80,1.738460461580375e-05
2480,0.9948259592056274,0.005174040794372559,1.1303905248641968,0.0164262056350708,81,1.6515374385013564e-05
2481,0.9948068857192993,0.005193114280700684,1.1303768157958984,0.01644495129585266,81,1.6515374385013564e-05
2482,0.9948238730430603,0.005176126956939697,1.1295464038848877,0.016419829800724983,81,1.6515374385013564e-05
2483,0.9947296977043152,0.0052703022956848145,1.1407835483551025,0.016625434160232544,81,1.6515374385013564e-05
2484,0.9947933554649353,0.005206644535064697,1.137346863746643,0.016528047621250153,81,1.6515374385013564e-05
2485,0.9947791695594788,0.00522083044052124,1.1409730911254883,0.016578353941440582,81,1.6515374385013564e-05
2486,0.9948009848594666,0.005199015140533447,1.143395185470581,0.0165809765458107,81,1.6515374385013564e-05
2487,0.9948599934577942,0.0051400065422058105,1.1414868831634521,0.016503475606441498,81,1.6515374385013564e-05
2488,0.9950039386749268,0.004996061325073242,1.150704026222229,0.01645314134657383,81,1.6515374385013564e-05
2489,0.9948007464408875,0.005199253559112549,1.1396124362945557,0.01654338464140892,81,1.6515374385013564e-05
2490,0.9947328567504883,0.005267143249511719,1.1250373125076294,0.016464844346046448,81,1.6515374385013564e-05
2491,0.9947671294212341,0.005232870578765869,1.123853087425232,0.016419071704149246,81,1.6515374385013564e-05
2492,0.9948335886001587,0.005166411399841309,1.1295559406280518,0.016410306096076965,81,1.6515374385013564e-05
2493,0.9947984218597412,0.005201578140258789,1.141148328781128,0.016561046242713928,81,1.6515374385013564e-05
2494,0.9948256611824036,0.0051743388175964355,1.1419401168823242,0.016541995108127594,81,1.6515374385013564e-05
2495,0.9948771595954895,0.005122840404510498,1.1284533739089966,0.016356145963072777,81,1.6515374385013564e-05
2496,0.9948787093162537,0.005121290683746338,1.1364521980285645,0.016434598714113235,81,1.6515374385013564e-05
2497,0.9950010180473328,0.004998981952667236,1.134919285774231,0.016298186033964157,81,1.6515374385013564e-05
2498,0.9946886301040649,0.005311369895935059,1.139887809753418,0.016657134518027306,81,1.6515374385013564e-05
2499,0.994786262512207,0.005213737487792969,1.152921199798584,0.01669081300497055,81,1.6515374385013564e-05
2500,0.9949573278427124,0.005042672157287598,1.1360374689102173,0.016352619975805283,81,1.6515374385013564e-05
2501,0.9949094653129578,0.005090534687042236,1.1369836330413818,0.016409466043114662,81,1.6515374385013564e-05
2502,0.9948592185974121,0.005140781402587891,1.1299207210540771,0.016388580203056335,81,1.6515374385013564e-05
2503,0.9950118064880371,0.004988193511962891,1.1377580165863037,0.016315890476107597,81,1.6515374385013564e-05
2504,0.9948630332946777,0.005136966705322266,1.139057993888855,0.01647617667913437,81,1.6515374385013564e-05
2505,0.9947440028190613,0.005255997180938721,1.130531907081604,0.016508756205439568,81,1.6515374385013564e-05
2506,0.9947588443756104,0.0052411556243896484,1.130138635635376,0.016490129753947258,81,1.6515374385013564e-05
2507,0.9947801232337952,0.005219876766204834,1.142723798751831,0.016594916582107544,81,1.6515374385013564e-05
2508,0.9949859976768494,0.005014002323150635,1.1331905126571655,0.016295766457915306,81,1.6515374385013564e-05
2509,0.9947996139526367,0.005200386047363281,1.1338260173797607,0.016486642882227898,81,1.6515374385013564e-05
2510,0.9948202967643738,0.005179703235626221,1.128928303718567,0.016417188569903374,81,1.6515374385013564e-05
2511,0.9947413802146912,0.005258619785308838,1.1371792554855347,0.0165778249502182,82,1.5689605665762886e-05
2512,0.9947941303253174,0.005205869674682617,1.1332770586013794,0.016486581414937973,82,1.5689605665762886e-05
2513,0.9947882294654846,0.005211770534515381,1.1380813121795654,0.016540465876460075,82,1.5689605665762886e-05
2514,0.9948787093162537,0.005121290683746338,1.1355862617492676,0.01642593927681446,82,1.5689605665762886e-05
2515,0.9947845339775085,0.005215466022491455,1.1547486782073975,0.01671079732477665,82,1.5689605665762886e-05
2516,0.9948042631149292,0.005195736885070801,1.1459511518478394,0.016603291034698486,82,1.5689605665762886e-05
2517,0.9946873784065247,0.005312621593475342,1.1365607976913452,0.01662510260939598,82,1.5689605665762886e-05
2518,0.994911253452301,0.005088746547698975,1.1268843412399292,0.01630670204758644,82,1.5689605665762886e-05
2519,0.9948266744613647,0.005173325538635254,1.1276850700378418,0.016398442909121513,82,1.5689605665762886e-05
2520,0.9947913289070129,0.0052086710929870605,1.123785138130188,0.016394436359405518,82,1.5689605665762886e-05
2521,0.9949429631233215,0.005057036876678467,1.146744728088379,0.016473913565278053,82,1.5689605665762886e-05
2522,0.9949437379837036,0.005056262016296387,1.1263680458068848,0.0162693802267313,82,1.5689605665762886e-05
2523,0.9949207901954651,0.005079209804534912,1.145682454109192,0.016485242173075676,82,1.5689605665762886e-05
2524,0.9947804808616638,0.005219519138336182,1.136681318283081,0.01653413660824299,82,1.5689605665762886e-05
2525,0.9948149919509888,0.0051850080490112305,1.1433777809143066,0.016566935926675797,82,1.5689605665762886e-05
2526,0.9946288466453552,0.005371153354644775,1.141929030418396,0.016736730933189392,82,1.5689605665762886e-05
2527,0.9950273036956787,0.004972696304321289,1.1194654703140259,0.016117624938488007,82,1.5689605665762886e-05
2528,0.994910478591919,0.005089521408081055,1.1319042444229126,0.0163576677441597,82,1.5689605665762886e-05
2529,0.9949262142181396,0.0050737857818603516,1.1305071115493774,0.0163281187415123,82,1.5689605665762886e-05
2530,0.9947945475578308,0.0052054524421691895,1.1394587755203247,0.01654798537492752,82,1.5689605665762886e-05
2531,0.9949630498886108,0.00503695011138916,1.1340463161468506,0.016327042132616043,82,1.5689605665762886e-05
2532,0.9948697686195374,0.0051302313804626465,1.1367018222808838,0.0164459478110075,82,1.5689605665762886e-05
2533,0.9948623776435852,0.005137622356414795,1.1330865621566772,0.016417112201452255,82,1.5689605665762886e-05
2534,0.9948711395263672,0.0051288604736328125,1.1312798261642456,0.016390370205044746,82,1.5689605665762886e-05
2535,0.9948744177818298,0.005125582218170166,1.134246826171875,0.016416793689131737,82,1.5689605665762886e-05
2536,0.9947832226753235,0.005216777324676514,1.130171537399292,0.016466325148940086,82,1.5689605665762886e-05
2537,0.99483722448349,0.00516277551651001,1.1368050575256348,0.01647919788956642,82,1.5689605665762886e-05
2538,0.9946871995925903,0.005312800407409668,1.1338821649551392,0.016598494723439217,82,1.5689605665762886e-05
2539,0.9948300123214722,0.005169987678527832,1.1410715579986572,0.016529003158211708,82,1.5689605665762886e-05
2540,0.9948992133140564,0.0051007866859436035,1.1354683637619019,0.01640446111559868,82,1.5689605665762886e-05
2541,0.9949913024902344,0.005008697509765625,1.1447498798370361,0.016406109556555748,82,1.5689605665762886e-05
2542,0.994837760925293,0.005162239074707031,1.144317388534546,0.016553789377212524,83,1.490512538247474e-05
2543,0.9946772456169128,0.005322754383087158,1.140714168548584,0.01667666807770729,83,1.490512538247474e-05
2544,0.9947119355201721,0.005288064479827881,1.129216194152832,0.016527345404028893,83,1.490512538247474e-05
2545,0.9948613047599792,0.005138695240020752,1.1280629634857178,0.016367938369512558,83,1.490512538247474e-05
2546,0.9948792457580566,0.005120754241943359,1.1367467641830444,0.016437014564871788,83,1.490512538247474e-05
2547,0.994895339012146,0.005104660987854004,1.1380701065063477,0.016434315592050552,83,1.490512538247474e-05
2548,0.9947105646133423,0.005289435386657715,1.128196358680725,0.016518503427505493,83,1.490512538247474e-05
2549,0.9948074817657471,0.00519251823425293,1.1258658170700073,0.01639925129711628,83,1.490512538247474e-05
2550,0.9948674440383911,0.005132555961608887,1.141568899154663,0.016496919095516205,83,1.490512538247474e-05
2551,0.99498051404953,0.005019485950469971,1.141495943069458,0.016384249553084373,83,1.490512538247474e-05
2552,0.9948591589927673,0.005140841007232666,1.139741063117981,0.016486842185258865,83,1.490512538247474e-05
2553,0.9949793815612793,0.005020618438720703,1.1252387762069702,0.016222799196839333,83,1.490512538247474e-05
2554,0.9949660897254944,0.005033910274505615,1.137665033340454,0.016360221430659294,83,1.490512538247474e-05
2555,0.9948750734329224,0.005124926567077637,1.1449922323226929,0.01652359962463379,83,1.490512538247474e-05
2556,0.9948533177375793,0.005146682262420654,1.129421591758728,0.016389431431889534,83,1.490512538247474e-05
2557,0.9949740767478943,0.005025923252105713,1.130839228630066,0.01628405600786209,83,1.490512538247474e-05
2558,0.9949389100074768,0.005061089992523193,1.138291597366333,0.016393395140767097,83,1.490512538247474e-05
2559,0.9947095513343811,0.0052904486656188965,1.1380860805511475,0.016618404537439346,83,1.490512538247474e-05
2560,0.9947556853294373,0.005244314670562744,1.1457363367080688,0.016649235039949417,83,1.490512538247474e-05
2561,0.9949634671211243,0.005036532878875732,1.1278040409088135,0.016264207661151886,83,1.490512538247474e-05
2562,0.9948193430900574,0.005180656909942627,1.1267600059509277,0.016396449878811836,83,1.490512538247474e-05
2563,0.9948736429214478,0.005126357078552246,1.131713628768921,0.01639222912490368,83,1.490512538247474e-05
2564,0.9947798252105713,0.005220174789428711,1.1297868490219116,0.016465842723846436,83,1.490512538247474e-05
2565,0.9949083924293518,0.005091607570648193,1.1418572664260864,0.016459263861179352,83,1.490512538247474e-05
2566,0.9947560429573059,0.005243957042694092,1.1297276020050049,0.01648879237473011,83,1.490512538247474e-05
2567,0.9948471188545227,0.005152881145477295,1.1417618989944458,0.01651897095143795,83,1.490512538247474e-05
2568,0.9947587251663208,0.005241274833679199,1.1285121440887451,0.016473984345793724,83,1.490512538247474e-05
2569,0.9948553442955017,0.005144655704498291,1.1401028633117676,0.016494236886501312,83,1.490512538247474e-05
2570,0.9948849678039551,0.005115032196044922,1.129384160041809,0.016357723623514175,83,1.490512538247474e-05
2571,0.9947885274887085,0.005211472511291504,1.1352671384811401,0.016512028872966766,83,1.490512538247474e-05
2572,0.9948945641517639,0.005105435848236084,1.1573700904846191,0.01662808284163475,83,1.490512538247474e-05
2573,0.9948737025260925,0.005126297473907471,1.1416786909103394,0.01649182103574276,84,1.4159869113351003e-05
2574,0.9948195219039917,0.005180478096008301,1.1356810331344604,0.016485482454299927,84,1.4159869113351003e-05
2575,0.9947910904884338,0.005208909511566162,1.1373624801635742,0.016530444845557213,84,1.4159869113351003e-05
2576,0.9946972131729126,0.005302786827087402,1.1388378143310547,0.0166381374001503,84,1.4159869113351003e-05
2577,0.9948071837425232,0.005192816257476807,1.1365000009536743,0.016505887731909752,84,1.4159869113351003e-05
2578,0.9947816133499146,0.005218386650085449,1.133563756942749,0.016501840204000473,84,1.4159869113351003e-05
2579,0.9947955012321472,0.005204498767852783,1.1154873371124268,0.016307327896356583,84,1.4159869113351003e-05
2580,0.9948181509971619,0.005181849002838135,1.1376383304595947,0.016506412997841835,84,1.4159869113351003e-05
2581,0.9948005676269531,0.005199432373046875,1.1455888748168945,0.01660332642495632,84,1.4159869113351003e-05
2582,0.9950079917907715,0.004992008209228516,1.1446545124053955,0.016388632357120514,84,1.4159869113351003e-05
2583,0.9948540925979614,0.005145907402038574,1.1441584825515747,0.016536032781004906,84,1.4159869113351003e-05
2584,0.9949905872344971,0.00500941276550293,1.136516809463501,0.016324486583471298,84,1.4159869113351003e-05
2585,0.9947709441184998,0.005229055881500244,1.1270842552185059,0.016447607427835464,84,1.4159869113351003e-05
2586,0.9947283864021301,0.005271613597869873,1.1295045614242554,0.016513943672180176,84,1.4159869113351003e-05
2587,0.9948069453239441,0.005193054676055908,1.1436504125595093,0.016577627509832382,84,1.4159869113351003e-05
2588,0.9948684573173523,0.005131542682647705,1.1406354904174805,0.016486581414937973,84,1.4159869113351003e-05
2589,0.9947646856307983,0.00523531436920166,1.136597752571106,0.016548939049243927,84,1.4159869113351003e-05
2590,0.9948942065238953,0.005105793476104736,1.1320137977600098,0.016374872997403145,84,1.4159869113351003e-05
2591,0.9948821067810059,0.005117893218994141,1.133164405822754,0.016398359090089798,84,1.4159869113351003e-05
2592,0.9948000907897949,0.005199909210205078,1.1459896564483643,0.016607806086540222,84,1.4159869113351003e-05
2593,0.9949721097946167,0.005027890205383301,1.1365947723388672,0.016343558207154274,84,1.4159869113351003e-05
2594,0.9949018359184265,0.005098164081573486,1.1423465013504028,0.01647064834833145,84,1.4159869113351003e-05
2595,0.9949443936347961,0.005055606365203857,1.129867434501648,0.01630372554063797,84,1.4159869113351003e-05
2596,0.9949082136154175,0.0050917863845825195,1.134279489517212,0.016383662819862366,84,1.4159869113351003e-05
2597,0.9950231909751892,0.004976809024810791,1.1281969547271729,0.016209010034799576,84,1.4159869113351003e-05
2598,0.9947240948677063,0.005275905132293701,1.1298668384552002,0.016521815210580826,84,1.4159869113351003e-05
2599,0.9951096773147583,0.004890322685241699,1.1244280338287354,0.016085699200630188,84,1.4159869113351003e-05
2600,0.9949230551719666,0.005076944828033447,1.1360743045806885,0.01638691872358322,84,1.4159869113351003e-05
2601,0.9947015643119812,0.005298435688018799,1.120925784111023,0.016454709693789482,84,1.4159869113351003e-05
2602,0.9948205947875977,0.005179405212402344,1.1358258724212646,0.016485869884490967,84,1.4159869113351003e-05
2603,0.9948373436927795,0.005162656307220459,1.1358892917633057,0.01646992191672325,84,1.4159869113351003e-05
2604,0.9950637221336365,0.004936277866363525,1.1354800462722778,0.016241714358329773,85,1.3451875657683452e-05
2605,0.9946969747543335,0.005303025245666504,1.1322799921035767,0.016572795808315277,85,1.3451875657683452e-05
2606,0.9948433041572571,0.00515669584274292,1.139791488647461,0.016503043472766876,85,1.3451875657683452e-05
2607,0.9949448704719543,0.005055129528045654,1.1474002599716187,0.016478579491376877,85,1.3451875657683452e-05
2608,0.9948753118515015,0.005124688148498535,1.144155740737915,0.01651499792933464,85,1.3451875657683452e-05
2609,0.9949390292167664,0.005060970783233643,1.1360182762145996,0.016370544210076332,85,1.3451875657683452e-05
2610,0.9948825240135193,0.005117475986480713,1.1349718570709229,0.016416018828749657,85,1.3451875657683452e-05
2611,0.9949530959129333,0.00504690408706665,1.1372296810150146,0.01636873185634613,85,1.3451875657683452e-05
2612,0.9949941039085388,0.005005896091461182,1.1367038488388062,0.016322875395417213,85,1.3451875657683452e-05
2613,0.9947068691253662,0.005293130874633789,1.1317218542099,0.016557417809963226,85,1.3451875657683452e-05
2614,0.9948958158493042,0.005104184150695801,1.1178271770477295,0.016231413930654526,85,1.3451875657683452e-05
2615,0.9948180317878723,0.0051819682121276855,1.129730224609375,0.016427449882030487,85,1.3451875657683452e-05
2616,0.9947863221168518,0.005213677883148193,1.1326545476913452,0.01648808643221855,85,1.3451875657683452e-05
2617,0.9947922229766846,0.00520777702331543,1.1447674036026,0.016603372991085052,85,1.3451875657683452e-05
2618,0.9949119091033936,0.005088090896606445,1.1279228925704956,0.01631643995642662,85,1.3451875657683452e-05
2619,0.9947450757026672,0.005254924297332764,1.129067301750183,0.016493048518896103,85,1.3451875657683452e-05
2620,0.9948241114616394,0.005175888538360596,1.1398738622665405,0.01652286760509014,85,1.3451875657683452e-05
2621,0.994760274887085,0.005239725112915039,1.1418880224227905,0.016606207937002182,85,1.3451875657683452e-05
2622,0.9950621724128723,0.0049378275871276855,1.1309081315994263,0.016197530552744865,85,1.3451875657683452e-05
2623,0.9947019219398499,0.0052980780601501465,1.1360772848129272,0.01660587079823017,85,1.3451875657683452e-05
2624,0.9948862195014954,0.005113780498504639,1.1283427476882935,0.016346070915460587,85,1.3451875657683452e-05
2625,0.9948806166648865,0.005119383335113525,1.1328489780426025,0.01639667898416519,85,1.3451875657683452e-05
2626,0.994875967502594,0.005124032497406006,1.1392104625701904,0.016464896500110626,85,1.3451875657683452e-05
2627,0.9948848485946655,0.005115151405334473,1.135208010673523,0.01641608029603958,85,1.3451875657683452e-05
2628,0.9949171543121338,0.005082845687866211,1.1466631889343262,0.01649864949285984,85,1.3451875657683452e-05
2629,0.9949415922164917,0.005058407783508301,1.143296241760254,0.01644078642129898,85,1.3451875657683452e-05
2630,0.9948407411575317,0.005159258842468262,1.1317745447158813,0.01642541214823723,85,1.3451875657683452e-05
2631,0.9946650266647339,0.005334973335266113,1.1238775253295898,0.01652039960026741,85,1.3451875657683452e-05
2632,0.994862973690033,0.005137026309967041,1.125213623046875,0.016337791457772255,85,1.3451875657683452e-05
2633,0.9946943521499634,0.005305647850036621,1.1423888206481934,0.01667647808790207,85,1.3451875657683452e-05
2634,0.9948781132698059,0.005121886730194092,1.1201013326644897,0.0162716805934906,85,1.3451875657683452e-05
2635,0.9949018359184265,0.005098164081573486,1.1353447437286377,0.01640062965452671,86,1.277928187479928e-05
2636,0.9949749708175659,0.005025029182434082,1.1375893354415894,0.016350671648979187,86,1.277928187479928e-05
2637,0.9949197173118591,0.005080282688140869,1.136635422706604,0.01639583334326744,86,1.277928187479928e-05
2638,0.9948475360870361,0.005152463912963867,1.1431828737258911,0.016532767564058304,86,1.277928187479928e-05
2639,0.9947274923324585,0.005272507667541504,1.1174366474151611,0.016394149512052536,86,1.277928187479928e-05
2640,0.9948101043701172,0.0051898956298828125,1.133856177330017,0.01647655852138996,86,1.277928187479928e-05
2641,0.9949418306350708,0.005058169364929199,1.1278564929962158,0.016286153346300125,86,1.277928187479928e-05
2642,0.9949872493743896,0.0050127506256103516,1.145945429801941,0.016422078013420105,86,1.277928187479928e-05
2643,0.9949031472206116,0.005096852779388428,1.1383925676345825,0.016429809853434563,86,1.277928187479928e-05
2644,0.9949004650115967,0.00509953498840332,1.1491726636886597,0.016540266573429108,86,1.277928187479928e-05
2645,0.9948294162750244,0.005170583724975586,1.125862717628479,0.016377504914999008,86,1.277928187479928e-05
2646,0.9948636293411255,0.005136370658874512,1.147620439529419,0.01656121015548706,86,1.277928187479928e-05
2647,0.994736909866333,0.005263090133666992,1.1244380474090576,0.01645483821630478,86,1.277928187479928e-05
2648,0.9949038028717041,0.0050961971282958984,1.1272414922714233,0.01631765067577362,86,1.277928187479928e-05
2649,0.9948374032974243,0.005162596702575684,1.128805160522461,0.016399022191762924,86,1.277928187479928e-05
2650,0.9947658777236938,0.005234122276306152,1.1286464929580688,0.016468245536088943,86,1.277928187479928e-05
2651,0.9948925375938416,0.005107462406158447,1.1398152112960815,0.016454540193080902,86,1.277928187479928e-05
2652,0.9949855804443359,0.0050144195556640625,1.1322118043899536,0.016286391764879227,86,1.277928187479928e-05
2653,0.9949744343757629,0.0050255656242370605,1.1304221153259277,0.01627953164279461,86,1.277928187479928e-05
2654,0.9949485063552856,0.0050514936447143555,1.1307278871536255,0.01630825735628605,86,1.277928187479928e-05
2655,0.9948880672454834,0.0051119327545166016,1.1307766437530518,0.016368579119443893,86,1.277928187479928e-05
2656,0.9948685169219971,0.00513148307800293,1.1499922275543213,0.016580089926719666,86,1.277928187479928e-05
2657,0.9949131011962891,0.0050868988037109375,1.1380443572998047,0.01641647331416607,86,1.277928187479928e-05
2658,0.9948027729988098,0.0051972270011901855,1.1350075006484985,0.01649533025920391,86,1.277928187479928e-05
2659,0.9946562647819519,0.005343735218048096,1.1247748136520386,0.016538046300411224,86,1.277928187479928e-05
2660,0.9948323965072632,0.005167603492736816,1.1422076225280762,0.016538003459572792,86,1.277928187479928e-05
2661,0.9949156641960144,0.005084335803985596,1.1375370025634766,0.01640886254608631,86,1.277928187479928e-05
2662,0.9946864247322083,0.005313575267791748,1.1374545097351074,0.0166349858045578,86,1.277928187479928e-05
2663,0.9948675036430359,0.005132496356964111,1.112075686454773,0.0162019282579422,86,1.277928187479928e-05
2664,0.9947346448898315,0.005265355110168457,1.1429311037063599,0.0166420117020607,86,1.277928187479928e-05
2665,0.9949002861976624,0.0050997138023376465,1.1375057697296143,0.016423774883151054,86,1.277928187479928e-05
2666,0.9948062896728516,0.0051937103271484375,1.1441162824630737,0.01658293604850769,87,1.2140317781059316e-05
2667,0.994746208190918,0.005253791809082031,1.1274256706237793,0.016475509852170944,87,1.2140317781059316e-05
2668,0.9948447346687317,0.0051552653312683105,1.126677393913269,0.016370486468076706,87,1.2140317781059316e-05
2669,0.9949274063110352,0.005072593688964844,1.1535398960113525,0.01655726693570614,87,1.2140317781059316e-05
2670,0.9947826266288757,0.005217373371124268,1.1309725046157837,0.016474924981594086,87,1.2140317781059316e-05
2671,0.9948374032974243,0.005162596702575684,1.136622428894043,0.01647719368338585,87,1.2140317781059316e-05
2672,0.9948424100875854,0.005157589912414551,1.1390279531478882,0.016496293246746063,87,1.2140317781059316e-05
2673,0.9948703050613403,0.005129694938659668,1.1309841871261597,0.016388239338994026,87,1.2140317781059316e-05
2674,0.9948511123657227,0.005148887634277344,1.1292182207107544,0.016389580443501472,87,1.2140317781059316e-05
2675,0.9949093461036682,0.005090653896331787,1.131033182144165,0.01635007932782173,87,1.2140317781059316e-05
2676,0.9948794841766357,0.005120515823364258,1.132835865020752,0.016397669911384583,87,1.2140317781059316e-05
2677,0.994866669178009,0.005133330821990967,1.1325980424880981,0.016407977789640427,87,1.2140317781059316e-05
2678,0.9949716925621033,0.0050283074378967285,1.1286349296569824,0.016264373436570168,87,1.2140317781059316e-05
2679,0.9948265552520752,0.005173444747924805,1.1411528587341309,0.01653323881328106,87,1.2140317781059316e-05
2680,0.9947672486305237,0.005232751369476318,1.1423721313476562,0.016604144126176834,87,1.2140317781059316e-05
2681,0.9948458671569824,0.005154132843017578,1.1225016117095947,0.01632760837674141,87,1.2140317781059316e-05
2682,0.9947840571403503,0.005215942859649658,1.1336851119995117,0.01650063507258892,87,1.2140317781059316e-05
2683,0.9948892593383789,0.005110740661621094,1.1238508224487305,0.016298141330480576,87,1.2140317781059316e-05
2684,0.9948429465293884,0.005157053470611572,1.141969084739685,0.01652517355978489,87,1.2140317781059316e-05
2685,0.9949369430541992,0.005063056945800781,1.130496621131897,0.016317393630743027,87,1.2140317781059316e-05
2686,0.9948256611824036,0.0051743388175964355,1.1309113502502441,0.01643170788884163,87,1.2140317781059316e-05
2687,0.9948868751525879,0.005113124847412109,1.1354446411132812,0.016416439786553383,87,1.2140317781059316e-05
2688,0.9947725534439087,0.005227446556091309,1.1217130422592163,0.0163923017680645,87,1.2140317781059316e-05
2689,0.9950318336486816,0.004968166351318359,1.13365638256073,0.016255047172307968,87,1.2140317781059316e-05
2690,0.9948496222496033,0.0051503777503967285,1.143955945968628,0.016538433730602264,87,1.2140317781059316e-05
2691,0.9950379133224487,0.0049620866775512695,1.1275634765625,0.01618809998035431,87,1.2140317781059316e-05
2692,0.9951104521751404,0.004889547824859619,1.142545223236084,0.016266103833913803,87,1.2140317781059316e-05
2693,0.9947172999382019,0.005282700061798096,1.1361383199691772,0.016591256484389305,87,1.2140317781059316e-05
2694,0.9948452711105347,0.005154728889465332,1.135223388671875,0.01645541563630104,87,1.2140317781059316e-05
2695,0.9949506521224976,0.005049347877502441,1.1325571537017822,0.016324426978826523,87,1.2140317781059316e-05
2696,0.994804322719574,0.005195677280426025,1.1465766429901123,0.01660948619246483,87,1.2140317781059316e-05
2697,0.9948806762695312,0.00511932373046875,1.1331169605255127,0.01639929972589016,88,1.153330189200635e-05
2698,0.9948020577430725,0.00519794225692749,1.1334998607635498,0.016480961814522743,88,1.153330189200635e-05
2699,0.9949102997779846,0.005089700222015381,1.1305063962936401,0.016343867406249046,88,1.153330189200635e-05
2700,0.9947068095207214,0.0052931904792785645,1.1381686925888062,0.016621945425868034,88,1.153330189200635e-05
2701,0.9949038624763489,0.005096137523651123,1.1293054819107056,0.016338231042027473,88,1.153330189200635e-05
2702,0.994827926158905,0.005172073841094971,1.131879210472107,0.016439145430922508,88,1.153330189200635e-05
2703,0.9950570464134216,0.004942953586578369,1.1419055461883545,0.016312578693032265,88,1.153330189200635e-05
2704,0.9949040412902832,0.005095958709716797,1.1470441818237305,0.016515441238880157,88,1.153330189200635e-05
2705,0.9948539733886719,0.005146026611328125,1.1198447942733765,0.016293015331029892,88,1.153330189200635e-05
2706,0.9947645664215088,0.005235433578491211,1.1433404684066772,0.01661648415029049,88,1.153330189200635e-05
2707,0.9948747158050537,0.005125284194946289,1.1399531364440918,0.01647356152534485,88,1.153330189200635e-05
2708,0.9948943853378296,0.00510561466217041,1.129852533340454,0.01635308377444744,88,1.153330189200635e-05
2709,0.9949419498443604,0.0050580501556396484,1.1299175024032593,0.016306644305586815,88,1.153330189200635e-05
2710,0.9950144290924072,0.0049855709075927734,1.1328247785568237,0.016263961791992188,88,1.153330189200635e-05
2711,0.9948735237121582,0.005126476287841797,1.1367926597595215,0.01644313707947731,88,1.153330189200635e-05
2712,0.9948674440383911,0.005132555961608887,1.1450084447860718,0.016531314700841904,88,1.153330189200635e-05
2713,0.995010495185852,0.004989504814147949,1.134534239768982,0.01628495194017887,88,1.153330189200635e-05
2714,0.9949145317077637,0.005085468292236328,1.133563756942749,0.016370251774787903,88,1.153330189200635e-05
2715,0.9948157668113708,0.00518423318862915,1.1437687873840332,0.0165700800716877,88,1.153330189200635e-05
2716,0.9947987794876099,0.005201220512390137,1.1237088441848755,0.01638629660010338,88,1.153330189200635e-05
2717,0.9947492480278015,0.005250751972198486,1.1226496696472168,0.016424741595983505,88,1.153330189200635e-05
2718,0.9949644804000854,0.005035519599914551,1.1394710540771484,0.01637987419962883,88,1.153330189200635e-05
2719,0.9948410391807556,0.005158960819244385,1.1415492296218872,0.016522862017154694,88,1.153330189200635e-05
2720,0.9948433637619019,0.0051566362380981445,1.128591775894165,0.016390986740589142,88,1.153330189200635e-05
2721,0.9948949813842773,0.005105018615722656,1.1297091245651245,0.016351059079170227,88,1.153330189200635e-05
2722,0.9948182702064514,0.005181729793548584,1.1367897987365723,0.016497809439897537,88,1.153330189200635e-05
2723,0.9948188662528992,0.00518113374710083,1.1303825378417969,0.016433147713541985,88,1.153330189200635e-05
2724,0.9948158264160156,0.005184173583984375,1.1393520832061768,0.01652585342526436,88,1.153330189200635e-05
2725,0.9948144555091858,0.005185544490814209,1.1254984140396118,0.016388673335313797,88,1.153330189200635e-05
2726,0.9949887990951538,0.005011200904846191,1.1305714845657349,0.016266804188489914,88,1.153330189200635e-05
2727,0.994813084602356,0.005186915397644043,1.1279346942901611,0.016414392739534378,88,1.153330189200635e-05
2728,0.9948330521583557,0.005166947841644287,1.1330969333648682,0.016446247696876526,89,1.0956636797406032e-05
2729,0.9950773119926453,0.004922688007354736,1.132933259010315,0.016202792525291443,89,1.0956636797406032e-05
2730,0.9949221611022949,0.005077838897705078,1.1283893585205078,0.016310952603816986,89,1.0956636797406032e-05
2731,0.9948908686637878,0.005109131336212158,1.1331497430801392,0.01638953760266304,89,1.0956636797406032e-05
2732,0.9947538375854492,0.005246162414550781,1.1434879302978516,0.016628580167889595,89,1.0956636797406032e-05
2733,0.9948932528495789,0.005106747150421143,1.1335443258285522,0.016391122713685036,89,1.0956636797406032e-05
2734,0.9949035048484802,0.005096495151519775,1.1400089263916016,0.016445618122816086,89,1.0956636797406032e-05
2735,0.9948940277099609,0.0051059722900390625,1.1399788856506348,0.016454700380563736,89,1.0956636797406032e-05
2736,0.9948742985725403,0.005125701427459717,1.1382408142089844,0.016456851735711098,89,1.0956636797406032e-05
2737,0.9948189854621887,0.005181014537811279,1.1284102201461792,0.016413306817412376,89,1.0956636797406032e-05
2738,0.9950611591339111,0.004938840866088867,1.1331181526184082,0.016220632940530777,89,1.0956636797406032e-05
2739,0.994706928730011,0.005293071269989014,1.1434603929519653,0.016674743965268135,89,1.0956636797406032e-05
2740,0.9947652816772461,0.005234718322753906,1.1302192211151123,0.016484562307596207,89,1.0956636797406032e-05
2741,0.9947915077209473,0.005208492279052734,1.1276130676269531,0.016432538628578186,89,1.0956636797406032e-05
2742,0.9947469234466553,0.0052530765533447266,1.1305469274520874,0.0165060143917799,89,1.0956636797406032e-05
2743,0.9948229193687439,0.0051770806312561035,1.1219828128814697,0.016345137730240822,89,1.0956636797406032e-05
2744,0.9949898719787598,0.005010128021240234,1.1396334171295166,0.01635636016726494,89,1.0956636797406032e-05
2745,0.9947435855865479,0.0052564144134521484,1.140228033065796,0.016606129705905914,89,1.0956636797406032e-05
2746,0.9949280619621277,0.0050719380378723145,1.1392862796783447,0.016414081677794456,89,1.0956636797406032e-05
2747,0.9947732090950012,0.005226790904998779,1.1421948671340942,0.016596471890807152,89,1.0956636797406032e-05
2748,0.9949080348014832,0.005091965198516846,1.1303191184997559,0.016344236209988594,89,1.0956636797406032e-05
2749,0.9948086738586426,0.005191326141357422,1.135947346687317,0.016498886048793793,89,1.0956636797406032e-05
2750,0.9948090314865112,0.0051909685134887695,1.1352450847625732,0.016491509974002838,89,1.0956636797406032e-05
2751,0.9949800968170166,0.0050199031829833984,1.1291080713272095,0.0162607841193676,89,1.0956636797406032e-05
2752,0.9948535561561584,0.005146443843841553,1.1359459161758423,0.016454437747597694,89,1.0956636797406032e-05
2753,0.9948780536651611,0.005121946334838867,1.1238294839859009,0.016309021040797234,89,1.0956636797406032e-05
2754,0.9950466156005859,0.0049533843994140625,1.1354806423187256,0.016258656978607178,89,1.0956636797406032e-05
2755,0.9949084520339966,0.005091547966003418,1.1374620199203491,0.016415253281593323,89,1.0956636797406032e-05
2756,0.9949080944061279,0.00509190559387207,1.131209135055542,0.016353078186511993,89,1.0956636797406032e-05
2757,0.9949511289596558,0.005048871040344238,1.1324172019958496,0.016322553157806396,89,1.0956636797406032e-05
2758,0.9949811697006226,0.005018830299377441,1.114166021347046,0.01611030101776123,89,1.0956636797406032e-05
2759,0.9948552250862122,0.005144774913787842,1.1248743534088135,0.01634206995368004,90,1.0408804957535729e-05
2760,0.9947101473808289,0.005289852619171143,1.1314681768417358,0.016551636159420013,90,1.0408804957535729e-05
2761,0.9948750138282776,0.005124986171722412,1.1392673254013062,0.016466408967971802,90,1.0408804957535729e-05
2762,0.9948697686195374,0.0051302313804626465,1.12567138671875,0.016335641965270042,90,1.0408804957535729e-05
2763,0.9947793483734131,0.005220651626586914,1.1400485038757324,0.016568928956985474,90,1.0408804957535729e-05
2764,0.9949167370796204,0.005083262920379639,1.1261050701141357,0.0162934809923172,90,1.0408804957535729e-05
2765,0.9948673844337463,0.005132615566253662,1.126542091369629,0.016346709802746773,90,1.0408804957535729e-05
2766,0.9948629140853882,0.005137085914611816,1.125545620918274,0.01634117215871811,90,1.0408804957535729e-05
2767,0.9948179721832275,0.005182027816772461,1.1395875215530396,0.016526082530617714,90,1.0408804957535729e-05
2768,0.994900107383728,0.005099892616271973,1.1290221214294434,0.01633911393582821,90,1.0408804957535729e-05
2769,0.9949530959129333,0.00504690408706665,1.1301957368850708,0.016298392787575722,90,1.0408804957535729e-05
2770,0.9948201179504395,0.005179882049560547,1.1255638599395752,0.01638372242450714,90,1.0408804957535729e-05
2771,0.994774341583252,0.005225658416748047,1.1349551677703857,0.016522953286767006,90,1.0408804957535729e-05
2772,0.9948112964630127,0.005188703536987305,1.145609736442566,0.01659291423857212,90,1.0408804957535729e-05
2773,0.9949848651885986,0.005015134811401367,1.1278542280197144,0.016243524849414825,90,1.0408804957535729e-05
2774,0.9948923587799072,0.0051076412200927734,1.1421270370483398,0.016477834433317184,90,1.0408804957535729e-05
2775,0.9949588775634766,0.0050411224365234375,1.1235556602478027,0.0162262674421072,90,1.0408804957535729e-05
2776,0.9948329329490662,0.005167067050933838,1.1381161212921143,0.016496557742357254,90,1.0408804957535729e-05
2777,0.9949039220809937,0.005096077919006348,1.1263132095336914,0.016308249905705452,90,1.0408804957535729e-05
2778,0.9948877096176147,0.005112290382385254,1.1308627128601074,0.01636979542672634,90,1.0408804957535729e-05
2779,0.9948362112045288,0.005163788795471191,1.1339421272277832,0.016451572999358177,90,1.0408804957535729e-05
2780,0.9949131608009338,0.005086839199066162,1.141121506690979,0.01644718647003174,90,1.0408804957535729e-05
2781,0.9948511719703674,0.005148828029632568,1.1368502378463745,0.016465842723846436,90,1.0408804957535729e-05
2782,0.9949907064437866,0.005009293556213379,1.1344274282455444,0.016303474083542824,90,1.0408804957535729e-05
2783,0.9948804974555969,0.005119502544403076,1.1400004625320435,0.016468312591314316,90,1.0408804957535729e-05
2784,0.9948915243148804,0.005108475685119629,1.137467622756958,0.01643206551671028,90,1.0408804957535729e-05
2785,0.9950219392776489,0.004978060722351074,1.136630892753601,0.016294589266180992,90,1.0408804957535729e-05
2786,0.9948351979255676,0.005164802074432373,1.1344287395477295,0.016457442194223404,90,1.0408804957535729e-05
2787,0.9948515892028809,0.005148410797119141,1.135251522064209,0.016449442133307457,90,1.0408804957535729e-05
2788,0.9949617981910706,0.005038201808929443,1.1468005180358887,0.01645582541823387,90,1.0408804957535729e-05
2789,0.99502032995224,0.00497967004776001,1.1281611919403076,0.016211485490202904,90,1.0408804957535729e-05
2790,0.9949131608009338,0.005086839199066162,1.1343786716461182,0.01637975685298443,91,9.888364709658941e-06
2791,0.9948194026947021,0.0051805973052978516,1.1177043914794922,0.0163058340549469,91,9.888364709658941e-06
2792,0.9949696063995361,0.005030393600463867,1.1353256702423096,0.01633334532380104,91,9.888364709658941e-06
2793,0.9947070479393005,0.005292952060699463,1.1411349773406982,0.016651371493935585,91,9.888364709658941e-06
2794,0.9948763251304626,0.0051236748695373535,1.1326961517333984,0.01639939844608307,91,9.888364709658941e-06
2795,0.9949086308479309,0.005091369152069092,1.1209686994552612,0.016250140964984894,91,9.888364709658941e-06
2796,0.9949105978012085,0.005089402198791504,1.1353411674499512,0.016391919925808907,91,9.888364709658941e-06
2797,0.994692862033844,0.005307137966156006,1.1390342712402344,0.01664440892636776,91,9.888364709658941e-06
2798,0.9950075149536133,0.004992485046386719,1.134609580039978,0.016288654878735542,91,9.888364709658941e-06
2799,0.9948151111602783,0.00518488883972168,1.1292846202850342,0.016425885260105133,91,9.888364709658941e-06
2800,0.9949615001678467,0.00503849983215332,1.1245533227920532,0.016233647242188454,91,9.888364709658941e-06
2801,0.9948948621749878,0.005105137825012207,1.1289310455322266,0.01634339615702629,91,9.888364709658941e-06
2802,0.9948036670684814,0.005196332931518555,1.1552139520645142,0.0166965089738369,91,9.888364709658941e-06
2803,0.9950430393218994,0.004956960678100586,1.133392333984375,0.01624131388962269,91,9.888364709658941e-06
2804,0.994867742061615,0.00513225793838501,1.1328365802764893,0.01640930026769638,91,9.888364709658941e-06
2805,0.9948468208312988,0.005153179168701172,1.1310853958129883,0.01641250029206276,91,9.888364709658941e-06
2806,0.9946866631507874,0.0053133368492126465,1.145358920097351,0.016713792458176613,91,9.888364709658941e-06
2807,0.9950530529022217,0.00494694709777832,1.1241471767425537,0.016138948500156403,91,9.888364709658941e-06
2808,0.9948683977127075,0.0051316022872924805,1.1272672414779663,0.016352958977222443,91,9.888364709658941e-06
2809,0.9949406981468201,0.005059301853179932,1.1343414783477783,0.016352124512195587,91,9.888364709658941e-06
2810,0.9948766231536865,0.0051233768463134766,1.149125337600708,0.016563396900892258,91,9.888364709658941e-06
2811,0.9948745965957642,0.00512540340423584,1.1367565393447876,0.016441714018583298,91,9.888364709658941e-06
2812,0.995029091835022,0.004970908164978027,1.1321473121643066,0.016242671757936478,91,9.888364709658941e-06
2813,0.9949129819869995,0.005087018013000488,1.1189433336257935,0.016225580126047134,91,9.888364709658941e-06
2814,0.9948090314865112,0.0051909685134887695,1.1285589933395386,0.016424648463726044,91,9.888364709658941e-06
2815,0.9947666525840759,0.005233347415924072,1.123886227607727,0.016419876366853714,91,9.888364709658941e-06
2816,0.9947750568389893,0.005224943161010742,1.1264232397079468,0.016436925157904625,91,9.888364709658941e-06
2817,0.9949222803115845,0.005077719688415527,1.1293373107910156,0.01632031612098217,91,9.888364709658941e-06
2818,0.9948529601097107,0.005147039890289307,1.1470284461975098,0.016565853729844093,91,9.888364709658941e-06
2819,0.9951412081718445,0.004858791828155518,1.1474803686141968,0.0162850059568882,91,9.888364709658941e-06
2820,0.9948093891143799,0.005190610885620117,1.128364086151123,0.016422346234321594,91,9.888364709658941e-06
2821,0.9950370788574219,0.004962921142578125,1.1413030624389648,0.01632632315158844,92,9.393946474175994e-06
2822,0.9950448870658875,0.004955112934112549,1.1422525644302368,0.01632808707654476,92,9.393946474175994e-06
2823,0.995010495185852,0.004989504814147949,1.1243096590042114,0.016182705760002136,92,9.393946474175994e-06
2824,0.9948756098747253,0.005124390125274658,1.1291390657424927,0.016364537179470062,92,9.393946474175994e-06
2825,0.9947629570960999,0.0052370429039001465,1.1274447441101074,0.016459118574857712,92,9.393946474175994e-06
2826,0.9948412179946899,0.005158782005310059,1.136739730834961,0.016474591568112373,92,9.393946474175994e-06
2827,0.9947986602783203,0.0052013397216796875,1.1348459720611572,0.016497787088155746,92,9.393946474175994e-06
2828,0.994879961013794,0.005120038986206055,1.154813289642334,0.01661697030067444,92,9.393946474175994e-06
2829,0.9949008822441101,0.005099117755889893,1.1327232122421265,0.016375359147787094,92,9.393946474175994e-06
2830,0.9949125051498413,0.005087494850158691,1.12128484249115,0.01624946855008602,92,9.393946474175994e-06
2831,0.9947977066040039,0.005202293395996094,1.1269322633743286,0.01641959324479103,92,9.393946474175994e-06
2832,0.9947691559791565,0.005230844020843506,1.1373943090438843,0.016552478075027466,92,9.393946474175994e-06
2833,0.9949853420257568,0.005014657974243164,1.1355230808258057,0.016319742426276207,92,9.393946474175994e-06
2834,0.9948692917823792,0.00513070821762085,1.1288033723831177,0.016367435455322266,92,9.393946474175994e-06
2835,0.9951058626174927,0.004894137382507324,1.1255149841308594,0.01610034517943859,92,9.393946474175994e-06
2836,0.9949117302894592,0.0050882697105407715,1.12083101272583,0.01624569669365883,92,9.393946474175994e-06
2837,0.994792103767395,0.0052078962326049805,1.1342031955718994,0.01649784855544567,92,9.393946474175994e-06
2838,0.9948304295539856,0.005169570446014404,1.1266006231307983,0.016383880749344826,92,9.393946474175994e-06
2839,0.9949097633361816,0.005090236663818359,1.1384315490722656,0.016423650085926056,92,9.393946474175994e-06
2840,0.9948642253875732,0.005135774612426758,1.1260803937911987,0.016345221549272537,92,9.393946474175994e-06
2841,0.9948070049285889,0.005192995071411133,1.13290274143219,0.01647009141743183,92,9.393946474175994e-06
2842,0.9947152137756348,0.005284786224365234,1.1270371675491333,0.01650230959057808,92,9.393946474175994e-06
2843,0.9949512481689453,0.0050487518310546875,1.1289522647857666,0.016287786886096,92,9.393946474175994e-06
2844,0.9948400855064392,0.005159914493560791,1.13820481300354,0.016490362584590912,92,9.393946474175994e-06
2845,0.9949286580085754,0.0050713419914245605,1.1313656568527222,0.016334284096956253,92,9.393946474175994e-06
2846,0.9949066042900085,0.005093395709991455,1.1320759057998657,0.016363220289349556,92,9.393946474175994e-06
2847,0.9949841499328613,0.005015850067138672,1.1326802968978882,0.016292493790388107,92,9.393946474175994e-06
2848,0.9948474764823914,0.005152523517608643,1.1493371725082397,0.01659437082707882,92,9.393946474175994e-06
2849,0.9949615597724915,0.005038440227508545,1.1339994668960571,0.016328049823641777,92,9.393946474175994e-06
2850,0.9947711825370789,0.005228817462921143,1.1328920125961304,0.016505450010299683,92,9.393946474175994e-06
2851,0.9949114322662354,0.0050885677337646484,1.1427229642868042,0.01646491140127182,92,9.393946474175994e-06
2852,0.9949728846549988,0.005027115345001221,1.1466548442840576,0.016443392261862755,93,8.924249150467194e-06
2853,0.9950594305992126,0.0049405694007873535,1.1279151439666748,0.016170315444469452,93,8.924249150467194e-06
2854,0.9949153661727905,0.005084633827209473,1.1296682357788086,0.016330469399690628,93,8.924249150467194e-06
2855,0.9949305057525635,0.0050694942474365234,1.1294001340866089,0.016312800347805023,93,8.924249150467194e-06
2856,0.9947983026504517,0.00520169734954834,1.1289284229278564,0.016438964754343033,93,8.924249150467194e-06
2857,0.9948811531066895,0.005118846893310547,1.147966742515564,0.016547325998544693,93,8.924249150467194e-06
2858,0.9948107600212097,0.005189239978790283,1.1348977088928223,0.01648632436990738,93,8.924249150467194e-06
2859,0.9948776960372925,0.0051223039627075195,1.1338282823562622,0.016409363597631454,93,8.924249150467194e-06
2860,0.994865357875824,0.005134642124176025,1.1301356554031372,0.016384651884436607,93,8.924249150467194e-06
2861,0.9951229095458984,0.0048770904541015625,1.12195885181427,0.01604790799319744,93,8.924249150467194e-06
2862,0.9947615265846252,0.005238473415374756,1.1271324157714844,0.016457412391901016,93,8.924249150467194e-06
2863,0.9949191212654114,0.005080878734588623,1.1292067766189575,0.016322137787938118,93,8.924249150467194e-06
2864,0.9947627186775208,0.005237281322479248,1.1242762804031372,0.016427669674158096,93,8.924249150467194e-06
2865,0.9948208928108215,0.005179107189178467,1.123354196548462,0.01636085845530033,93,8.924249150467194e-06
2866,0.9949178099632263,0.005082190036773682,1.1417980194091797,0.016449349001049995,93,8.924249150467194e-06
2867,0.9948814511299133,0.00511854887008667,1.1315809488296509,0.016383172944188118,93,8.924249150467194e-06
2868,0.994828999042511,0.005171000957489014,1.1364195346832275,0.01648348569869995,93,8.924249150467194e-06
2869,0.9948863983154297,0.0051136016845703125,1.125586986541748,0.016318336129188538,93,8.924249150467194e-06
2870,0.9948408007621765,0.005159199237823486,1.1362662315368652,0.01647026836872101,93,8.924249150467194e-06
2871,0.9948900938034058,0.005109906196594238,1.1298844814300537,0.016357652842998505,93,8.924249150467194e-06
2872,0.9950261116027832,0.004973888397216797,1.1251232624053955,0.01617538183927536,93,8.924249150467194e-06
2873,0.9947779178619385,0.0052220821380615234,1.1482306718826294,0.016652168706059456,93,8.924249150467194e-06
2874,0.9948126077651978,0.005187392234802246,1.1290366649627686,0.016425885260105133,93,8.924249150467194e-06
2875,0.994924008846283,0.005075991153717041,1.1482735872268677,0.016507966443896294,93,8.924249150467194e-06
2876,0.9948861002922058,0.0051138997077941895,1.1155471801757812,0.01621823199093342,93,8.924249150467194e-06
2877,0.9949194192886353,0.005080580711364746,1.1316224336624146,0.016345998272299767,93,8.924249150467194e-06
2878,0.9947412610054016,0.005258738994598389,1.1454858779907227,0.016661010682582855,93,8.924249150467194e-06
2879,0.9950894117355347,0.004910588264465332,1.139436960220337,0.016255851835012436,93,8.924249150467194e-06
2880,0.9948276877403259,0.005172312259674072,1.1340312957763672,0.016460902988910675,93,8.924249150467194e-06
2881,0.9948477149009705,0.005152285099029541,1.1326851844787598,0.01642761379480362,93,8.924249150467194e-06
2882,0.9950714111328125,0.0049285888671875,1.1248626708984375,0.016127929091453552,93,8.924249150467194e-06
2883,0.9950438141822815,0.004956185817718506,1.1307307481765747,0.016213931143283844,94,8.478036692943835e-06
2884,0.9949609041213989,0.005039095878601074,1.1226861476898193,0.01621556654572487,94,8.478036692943835e-06
2885,0.9948168396949768,0.005183160305023193,1.1340595483779907,0.016471924260258675,94,8.478036692943835e-06
2886,0.9947906732559204,0.00520932674407959,1.1403218507766724,0.016560452058911324,94,8.478036692943835e-06
2887,0.994832456111908,0.005167543888092041,1.1336308717727661,0.016452178359031677,94,8.478036692943835e-06
2888,0.9948362708091736,0.005163729190826416,1.1373682022094727,0.016485773026943207,94,8.478036692943835e-06
2889,0.9948030114173889,0.005196988582611084,1.1408675909042358,0.016553694382309914,94,8.478036692943835e-06
2890,0.994949996471405,0.005050003528594971,1.127625823020935,0.016275761649012566,94,8.478036692943835e-06
2891,0.9947714805603027,0.005228519439697266,1.1548348665237427,0.016724582761526108,94,8.478036692943835e-06
2892,0.9948572516441345,0.0051427483558654785,1.1160774230957031,0.016252094879746437,94,8.478036692943835e-06
2893,0.9949816465377808,0.005018353462219238,1.1285228729248047,0.0162533987313509,94,8.478036692943835e-06
2894,0.9948866963386536,0.0051133036613464355,1.1367666721343994,0.0164298377931118,94,8.478036692943835e-06
2895,0.9949675798416138,0.0050324201583862305,1.1325089931488037,0.01630718633532524,94,8.478036692943835e-06
2896,0.9947577118873596,0.005242288112640381,1.1463611125946045,0.016653476282954216,94,8.478036692943835e-06
2897,0.9948967099189758,0.00510329008102417,1.1311429738998413,0.016363687813282013,94,8.478036692943835e-06
2898,0.9950436353683472,0.004956364631652832,1.1312611103057861,0.01621941104531288,94,8.478036692943835e-06
2899,0.9948272705078125,0.0051727294921875,1.1280746459960938,0.0164017491042614,94,8.478036692943835e-06
2900,0.9949407577514648,0.005059242248535156,1.1333177089691162,0.01634182780981064,94,8.478036692943835e-06
2901,0.9950288534164429,0.004971146583557129,1.127784013748169,0.016199275851249695,94,8.478036692943835e-06
2902,0.9947988986968994,0.005201101303100586,1.1273225545883179,0.016422314569354057,94,8.478036692943835e-06
2903,0.9949750304222107,0.005024969577789307,1.1391286849975586,0.016366006806492805,94,8.478036692943835e-06
2904,0.9948848485946655,0.005115151405334473,1.1430708169937134,0.016494708135724068,94,8.478036692943835e-06
2905,0.9947938919067383,0.005206108093261719,1.1228617429733276,0.016382664442062378,94,8.478036692943835e-06
2906,0.9949082732200623,0.005091726779937744,1.118232250213623,0.016223132610321045,94,8.478036692943835e-06
2907,0.9947983622550964,0.0052016377449035645,1.1402918100357056,0.01655253954231739,94,8.478036692943835e-06
2908,0.9950166940689087,0.004983305931091309,1.1264872550964355,0.01619834452867508,94,8.478036692943835e-06
2909,0.9949303269386292,0.00506967306137085,1.1286499500274658,0.016305476427078247,94,8.478036692943835e-06
2910,0.9949047565460205,0.005095243453979492,1.1264885663986206,0.01630917750298977,94,8.478036692943835e-06
2911,0.9949752688407898,0.005024731159210205,1.1371734142303467,0.016346218064427376,94,8.478036692943835e-06
2912,0.9947868585586548,0.005213141441345215,1.132157564163208,0.016482586041092873,94,8.478036692943835e-06
2913,0.9950087666511536,0.0049912333488464355,1.1343680620193481,0.0162850022315979,94,8.478036692943835e-06
2914,0.9949350357055664,0.005064964294433594,1.1345092058181763,0.01635940745472908,95,8.054134858296643e-06
2915,0.9948455095291138,0.0051544904708862305,1.1334264278411865,0.016437210142612457,95,8.054134858296643e-06
2916,0.9946779012680054,0.005322098731994629,1.127368688583374,0.01654256507754326,95,8.054134858296643e-06
2917,0.994909405708313,0.005090594291687012,1.1416901350021362,0.016456589102745056,95,8.054134858296643e-06
2918,0.9948607683181763,0.0051392316818237305,1.1274007558822632,0.016361847519874573,95,8.054134858296643e-06
2919,0.9948212504386902,0.0051787495613098145,1.1234850883483887,0.016361812129616737,95,8.054134858296643e-06
2920,0.9949222207069397,0.005077779293060303,1.1265792846679688,0.016292795538902283,95,8.054134858296643e-06
2921,0.9948824644088745,0.005117535591125488,1.1317081451416016,0.016383441165089607,95,8.054134858296643e-06
2922,0.9948725700378418,0.005127429962158203,1.1587144136428833,0.01666329987347126,95,8.054134858296643e-06
2923,0.9950217008590698,0.004978299140930176,1.128799319267273,0.01621650904417038,95,8.054134858296643e-06
2924,0.994870126247406,0.005129873752593994,1.1401888132095337,0.01648046262562275,95,8.054134858296643e-06
2925,0.9947448372840881,0.005255162715911865,1.131069540977478,0.01651330664753914,95,8.054134858296643e-06
2926,0.9948611855506897,0.005138814449310303,1.1331508159637451,0.016418933868408203,95,8.054134858296643e-06
2927,0.9948320984840393,0.005167901515960693,1.1420483589172363,0.016536705195903778,95,8.054134858296643e-06
2928,0.9951256513595581,0.0048743486404418945,1.1328192949295044,0.016153797507286072,95,8.054134858296643e-06
2929,0.9947679042816162,0.005232095718383789,1.14064359664917,0.01658621057868004,95,8.054134858296643e-06
2930,0.9949204325675964,0.0050795674324035645,1.1291407346725464,0.016320178285241127,95,8.054134858296643e-06
2931,0.995100736618042,0.004899263381958008,1.1314537525177002,0.016164807602763176,95,8.054134858296643e-06
2932,0.9950557351112366,0.004944264888763428,1.1288968324661255,0.01618378981947899,95,8.054134858296643e-06
2933,0.9949289560317993,0.005071043968200684,1.1335710287094116,0.01635604351758957,95,8.054134858296643e-06
2934,0.9949398636817932,0.005060136318206787,1.1360018253326416,0.01636955328285694,95,8.054134858296643e-06
2935,0.9948620200157166,0.005137979984283447,1.1247936487197876,0.01633453741669655,95,8.054134858296643e-06
2936,0.9948651194572449,0.005134880542755127,1.1366691589355469,0.016450222581624985,95,8.054134858296643e-06
2937,0.9947317242622375,0.005268275737762451,1.1258131265640259,0.01647372357547283,95,8.054134858296643e-06
2938,0.9949403405189514,0.005059659481048584,1.1281155347824097,0.016290217638015747,95,8.054134858296643e-06
2939,0.9949194192886353,0.005080580711364746,1.1182538270950317,0.016212312504649162,95,8.054134858296643e-06
2940,0.9950490593910217,0.0049509406089782715,1.1290024518966675,0.016191454604268074,95,8.054134858296643e-06
2941,0.9949317574501038,0.00506824254989624,1.130770206451416,0.01632526144385338,95,8.054134858296643e-06
2942,0.9947479963302612,0.0052520036697387695,1.1453713178634644,0.01665319688618183,95,8.054134858296643e-06
2943,0.9949690103530884,0.005030989646911621,1.1175754070281982,0.016156433150172234,95,8.054134858296643e-06
2944,0.9949861764907837,0.005013823509216309,1.1383956670761108,0.016347641125321388,95,8.054134858296643e-06
2945,0.995004415512085,0.004995584487915039,1.1283444166183472,0.016229072585701942,96,7.65142811538181e-06
2946,0.9948601722717285,0.005139827728271484,1.136919617652893,0.01645762473344803,96,7.65142811538181e-06
2947,0.9947643876075745,0.005235612392425537,1.1282376050949097,0.016465632244944572,96,7.65142811538181e-06
2948,0.9950264692306519,0.0049735307693481445,1.1357632875442505,0.016281427815556526,96,7.65142811538181e-06
2949,0.994756817817688,0.005243182182312012,1.1472357511520386,0.01666310802102089,96,7.65142811538181e-06
2950,0.9948199391365051,0.005180060863494873,1.1473265886306763,0.016601525247097015,96,7.65142811538181e-06
2951,0.9949742555618286,0.005025744438171387,1.1207387447357178,0.016182873398065567,96,7.65142811538181e-06
2952,0.9949501156806946,0.00504988431930542,1.1453715562820435,0.016453100368380547,96,7.65142811538181e-06
2953,0.9948327541351318,0.005167245864868164,1.131637692451477,0.01643195003271103,96,7.65142811538181e-06
2954,0.994758129119873,0.005241870880126953,1.137372374534607,0.01656317710876465,96,7.65142811538181e-06
2955,0.9948958158493042,0.005104184150695801,1.1372179985046387,0.016425322741270065,96,7.65142811538181e-06
2956,0.9948719143867493,0.005128085613250732,1.1192686557769775,0.016269490122795105,96,7.65142811538181e-06
2957,0.9948537349700928,0.0051462650299072266,1.147860050201416,0.016573403030633926,96,7.65142811538181e-06
2958,0.9949780702590942,0.005021929740905762,1.1251600980758667,0.01622331142425537,96,7.65142811538181e-06
2959,0.9949277639389038,0.005072236061096191,1.1154296398162842,0.016175810247659683,96,7.65142811538181e-06
2960,0.994931161403656,0.005068838596343994,1.1386626958847046,0.016404777765274048,96,7.65142811538181e-06
2961,0.9950260519981384,0.004973948001861572,1.1325829029083252,0.016250036656856537,96,7.65142811538181e-06
2962,0.9949469566345215,0.005053043365478516,1.127260684967041,0.01627511903643608,96,7.65142811538181e-06
2963,0.9948376417160034,0.005162358283996582,1.1410582065582275,0.016521316021680832,96,7.65142811538181e-06
2964,0.9948931932449341,0.005106806755065918,1.1265509128570557,0.016321247443556786,96,7.65142811538181e-06
2965,0.9947246313095093,0.005275368690490723,1.127641201019287,0.016499027609825134,96,7.65142811538181e-06
2966,0.9947775602340698,0.005222439765930176,1.1313505172729492,0.016483720391988754,96,7.65142811538181e-06
2967,0.9948821663856506,0.005117833614349365,1.1338069438934326,0.01640472374856472,96,7.65142811538181e-06
2968,0.9949816465377808,0.005018353462219238,1.1409213542938232,0.01637738198041916,96,7.65142811538181e-06
2969,0.9948734641075134,0.005126535892486572,1.1293339729309082,0.01636861078441143,96,7.65142811538181e-06
2970,0.9949800968170166,0.0050199031829833984,1.1297050714492798,0.016266755759716034,96,7.65142811538181e-06
2971,0.994796097278595,0.005203902721405029,1.1240766048431396,0.016392629593610764,96,7.65142811538181e-06
2972,0.9950922727584839,0.004907727241516113,1.12522292137146,0.016110878437757492,96,7.65142811538181e-06
2973,0.994966983795166,0.005033016204833984,1.1388038396835327,0.016370724886655807,96,7.65142811538181e-06
2974,0.9950117468833923,0.004988253116607666,1.1180074214935303,0.016118444502353668,96,7.65142811538181e-06
2975,0.9949454665184021,0.0050545334815979,1.1260032653808594,0.016264021396636963,96,7.65142811538181e-06
2976,0.9947525858879089,0.0052474141120910645,1.1383092403411865,0.016578031703829765,97,7.26885670961272e-06
2977,0.9949879050254822,0.005012094974517822,1.1301170587539673,0.016263144090771675,97,7.26885670961272e-06
2978,0.9948544502258301,0.005145549774169922,1.1359691619873047,0.016453785821795464,97,7.26885670961272e-06
2979,0.9950084090232849,0.004991590976715088,1.1510047912597656,0.016451723873615265,97,7.26885670961272e-06
2980,0.9948819875717163,0.005118012428283691,1.124759316444397,0.016314424574375153,97,7.26885670961272e-06
2981,0.9950518608093262,0.004948139190673828,1.1133770942687988,0.016032427549362183,97,7.26885670961272e-06
2982,0.9948364496231079,0.00516355037689209,1.130570411682129,0.016417618840932846,97,7.26885670961272e-06
2983,0.9949990510940552,0.005000948905944824,1.138756513595581,0.01633850485086441,97,7.26885670961272e-06
2984,0.9949496388435364,0.005050361156463623,1.1394129991531372,0.016393987461924553,97,7.26885670961272e-06
2985,0.9948924779891968,0.005107522010803223,1.128225564956665,0.01633870229125023,97,7.26885670961272e-06
2986,0.9949237108230591,0.005076289176940918,1.1255866289138794,0.01628139242529869,97,7.26885670961272e-06
2987,0.994995653629303,0.0050043463706970215,1.1390328407287598,0.01634463109076023,97,7.26885670961272e-06
2988,0.9950324892997742,0.00496751070022583,1.1428788900375366,0.016346624121069908,97,7.26885670961272e-06
2989,0.9948291778564453,0.0051708221435546875,1.1368757486343384,0.01648787036538124,97,7.26885670961272e-06
2990,0.9948586225509644,0.0051413774490356445,1.1294822692871094,0.016384785994887352,97,7.26885670961272e-06
2991,0.9948486685752869,0.005151331424713135,1.1331199407577515,0.016431016847491264,97,7.26885670961272e-06
2992,0.9948470592498779,0.00515294075012207,1.1279923915863037,0.016381334513425827,97,7.26885670961272e-06
2993,0.9949070811271667,0.005092918872833252,1.1305248737335205,0.016347238793969154,97,7.26885670961272e-06
2994,0.9947603344917297,0.005239665508270264,1.1428020000457764,0.016615288332104683,97,7.26885670961272e-06
2995,0.9948086142539978,0.005191385746002197,1.1196529865264893,0.016336001455783844,97,7.26885670961272e-06
2996,0.9948641061782837,0.005135893821716309,1.1271189451217651,0.0163557231426239,97,7.26885670961272e-06
2997,0.9950898289680481,0.004910171031951904,1.1275298595428467,0.01613636687397957,97,7.26885670961272e-06
2998,0.9949024319648743,0.005097568035125732,1.1319048404693604,0.016365639865398407,97,7.26885670961272e-06
2999,0.9948076605796814,0.0051923394203186035,1.145264744758606,0.01659306325018406,97,7.26885670961272e-06
3000,0.9948410391807556,0.005158960819244385,1.1243276596069336,0.016350647434592247,97,7.26885670961272e-06
3001,0.9947701096534729,0.0052298903465271,1.1143114566802979,0.01632070541381836,97,7.26885670961272e-06
3002,0.9947656393051147,0.005234360694885254,1.136224627494812,0.016544263809919357,97,7.26885670961272e-06
3003,0.9950280785560608,0.004971921443939209,1.1369034051895142,0.016291236504912376,97,7.26885670961272e-06
3004,0.9948184490203857,0.005181550979614258,1.1357756853103638,0.016487492248415947,97,7.26885670961272e-06
3005,0.9950063228607178,0.0049936771392822266,1.1262233257293701,0.01620597392320633,97,7.26885670961272e-06
3006,0.9951379895210266,0.004862010478973389,1.1249769926071167,0.016063159331679344,97,7.26885670961272e-06
3007,0.9947975277900696,0.00520247220993042,1.1354973316192627,0.016505420207977295,98,6.905413874132084e-06
3008,0.9949003458023071,0.005099654197692871,1.1376521587371826,0.016425179317593575,98,6.905413874132084e-06
3009,0.9949179291725159,0.005082070827484131,1.1367017030715942,0.016398265957832336,98,6.905413874132084e-06
3010,0.9947910904884338,0.005208909511566162,1.132262110710144,0.01647944189608097,98,6.905413874132084e-06
3011,0.9950840473175049,0.004915952682495117,1.1327401399612427,0.016194194555282593,98,6.905413874132084e-06
3012,0.9949244856834412,0.005075514316558838,1.131169319152832,0.016336452215909958,98,6.905413874132084e-06
3013,0.9948850274085999,0.0051149725914001465,1.1357290744781494,0.016421113163232803,98,6.905413874132084e-06
3014,0.9950379133224487,0.0049620866775512695,1.1442114114761353,0.016354579478502274,98,6.905413874132084e-06
3015,0.9949538707733154,0.00504612922668457,1.1325032711029053,0.01632069982588291,98,6.905413874132084e-06
3016,0.994931161403656,0.005068838596343994,1.1149905920028687,0.016168056055903435,98,6.905413874132084e-06
3017,0.9949392676353455,0.005060732364654541,1.1261017322540283,0.016271142289042473,98,6.905413874132084e-06
3018,0.9949887990951538,0.005011200904846191,1.1346126794815063,0.01630721613764763,98,6.905413874132084e-06
3019,0.9949355721473694,0.005064427852630615,1.138482928276062,0.016398612409830093,98,6.905413874132084e-06
3020,0.9949740767478943,0.005025923252105713,1.1194734573364258,0.016170397400856018,98,6.905413874132084e-06
3021,0.9949061870574951,0.005093812942504883,1.1220743656158447,0.01626361720263958,98,6.905413874132084e-06
3022,0.9947518110275269,0.0052481889724731445,1.1228256225585938,0.016423963010311127,98,6.905413874132084e-06
3023,0.9949028491973877,0.005097150802612305,1.136229157447815,0.016408469527959824,98,6.905413874132084e-06
3024,0.9950022101402283,0.0049977898597717285,1.1290769577026367,0.016238581389188766,98,6.905413874132084e-06
3025,0.9948148131370544,0.005185186862945557,1.1227355003356934,0.01636068895459175,98,6.905413874132084e-06
3026,0.994881808757782,0.005118191242218018,1.140509009361267,0.016472099348902702,98,6.905413874132084e-06
3027,0.9948228001594543,0.005177199840545654,1.1292558908462524,0.016417987644672394,98,6.905413874132084e-06
3028,0.9947807788848877,0.005219221115112305,1.1364154815673828,0.016531184315681458,98,6.905413874132084e-06
3029,0.9948343634605408,0.0051656365394592285,1.122961163520813,0.01634359173476696,98,6.905413874132084e-06
3030,0.9950608611106873,0.004939138889312744,1.1436420679092407,0.016326168552041054,98,6.905413874132084e-06
3031,0.9948570728302002,0.005142927169799805,1.1388415098190308,0.016479913145303726,98,6.905413874132084e-06
3032,0.9948922395706177,0.005107760429382324,1.1307460069656372,0.016364142298698425,98,6.905413874132084e-06
3033,0.9948812127113342,0.0051187872886657715,1.1415157318115234,0.016482757404446602,98,6.905413874132084e-06
3034,0.9948513507843018,0.005148649215698242,1.1359028816223145,0.01645619049668312,98,6.905413874132084e-06
3035,0.9947929382324219,0.005207061767578125,1.129642128944397,0.016451412811875343,98,6.905413874132084e-06
3036,0.9950899481773376,0.0049100518226623535,1.1258132457733154,0.016119083389639854,98,6.905413874132084e-06
3037,0.9949084520339966,0.005091547966003418,1.1275222301483154,0.016315855085849762,98,6.905413874132084e-06
3038,0.9948442578315735,0.005155742168426514,1.1268031597137451,0.01637221686542034,99,6.5601431804254795e-06
3039,0.994983434677124,0.0050165653228759766,1.1365747451782227,0.016332145780324936,99,6.5601431804254795e-06
3040,0.9949082732200623,0.005091726779937744,1.1231669187545776,0.01627247780561447,99,6.5601431804254795e-06
3041,0.9951289892196655,0.004871010780334473,1.1325984001159668,0.016148284077644348,99,6.5601431804254795e-06
3042,0.9949328303337097,0.005067169666290283,1.1242655515670776,0.016259152442216873,99,6.5601431804254795e-06
3043,0.9951346516609192,0.0048653483390808105,1.1261334419250488,0.016078028827905655,99,6.5601431804254795e-06
3044,0.9949485063552856,0.0050514936447143555,1.1297833919525146,0.0162988118827343,99,6.5601431804254795e-06
3045,0.9948624968528748,0.005137503147125244,1.1288186311721802,0.016374314203858376,99,6.5601431804254795e-06
3046,0.9949185252189636,0.005081474781036377,1.1304967403411865,0.01633562706410885,99,6.5601431804254795e-06
3047,0.9950113892555237,0.004988610744476318,1.1278871297836304,0.01621759682893753,99,6.5601431804254795e-06
3048,0.9947525858879089,0.0052474141120910645,1.1316733360290527,0.016511673107743263,99,6.5601431804254795e-06
3049,0.994924008846283,0.005075991153717041,1.1268153190612793,0.01629338413476944,99,6.5601431804254795e-06
3050,0.99479740858078,0.005202591419219971,1.148041844367981,0.016630982980132103,99,6.5601431804254795e-06
3051,0.9950064420700073,0.004993557929992676,1.1374613046646118,0.01631823554635048,99,6.5601431804254795e-06
3052,0.9949483871459961,0.005051612854003906,1.124409794807434,0.016245193779468536,99,6.5601431804254795e-06
3053,0.994845449924469,0.005154550075531006,1.131824016571045,0.0164212454110384,99,6.5601431804254795e-06
3054,0.994836151599884,0.005163848400115967,1.1239545345306396,0.01635175570845604,99,6.5601431804254795e-06
3055,0.9948474168777466,0.005152583122253418,1.1494472026824951,0.01659552939236164,99,6.5601431804254795e-06
3056,0.9951131939888,0.004886806011199951,1.1362764835357666,0.016200702637434006,99,6.5601431804254795e-06
3057,0.9949151277542114,0.005084872245788574,1.1512173414230347,0.01654619723558426,99,6.5601431804254795e-06
3058,0.9947516918182373,0.005248308181762695,1.1334034204483032,0.016529858112335205,99,6.5601431804254795e-06
3059,0.9948428869247437,0.005157113075256348,1.1374518871307373,0.016480060294270515,99,6.5601431804254795e-06
3060,0.9948751926422119,0.005124807357788086,1.1243609189987183,0.01631716825067997,99,6.5601431804254795e-06
3061,0.9949264526367188,0.00507354736328125,1.1272878646850586,0.016295690089464188,99,6.5601431804254795e-06
3062,0.994897186756134,0.005102813243865967,1.1302107572555542,0.016353892162442207,99,6.5601431804254795e-06
3063,0.9948692321777344,0.005130767822265625,1.1322673559188843,0.01640213280916214,99,6.5601431804254795e-06
3064,0.9947721362113953,0.005227863788604736,1.123848557472229,0.01641407050192356,99,6.5601431804254795e-06
3065,0.9948265552520752,0.005173444747924805,1.13157320022583,0.016437441110610962,99,6.5601431804254795e-06
3066,0.9950405955314636,0.004959404468536377,1.1398016214370728,0.016307827085256577,99,6.5601431804254795e-06
3067,0.9949464797973633,0.005053520202636719,1.1265767812728882,0.01626875251531601,99,6.5601431804254795e-06
3068,0.994784951210022,0.005215048789978027,1.1267012357711792,0.01642991043627262,99,6.5601431804254795e-06
3069,0.9948527216911316,0.005147278308868408,1.1180499792099,0.01627630554139614,100,6.232136021404205e-06
3070,0.9949415922164917,0.005058407783508301,1.1227666139602661,0.016235489398241043,100,6.232136021404205e-06
3071,0.9948543310165405,0.005145668983459473,1.1268270015716553,0.01636248268187046,100,6.232136021404205e-06
3072,0.9950016140937805,0.004998385906219482,1.1363580226898193,0.01631198264658451,100,6.232136021404205e-06
3073,0.9949430823326111,0.005056917667388916,1.134570598602295,0.016352053731679916,100,6.232136021404205e-06
3074,0.9949568510055542,0.005043148994445801,1.1245934963226318,0.016238652169704437,100,6.232136021404205e-06
3075,0.9948709011077881,0.005129098892211914,1.1296496391296387,0.01637430489063263,100,6.232136021404205e-06
3076,0.995010256767273,0.004989743232727051,1.1332887411117554,0.016272732987999916,100,6.232136021404205e-06
3077,0.9947935342788696,0.005206465721130371,1.1240360736846924,0.016394760459661484,100,6.232136021404205e-06
3078,0.995087206363678,0.0049127936363220215,1.1353375911712646,0.01621704176068306,100,6.232136021404205e-06
3079,0.9948344230651855,0.005165576934814453,1.1340173482894897,0.016454093158245087,100,6.232136021404205e-06
3080,0.9948204159736633,0.00517958402633667,1.1265637874603271,0.016393424943089485,100,6.232136021404205e-06
3081,0.9948718547821045,0.005128145217895508,1.1321899890899658,0.01639876328408718,100,6.232136021404205e-06
3082,0.9949232935905457,0.005076706409454346,1.1301121711730957,0.016327060759067535,100,6.232136021404205e-06
3083,0.9948254227638245,0.005174577236175537,1.1346765756607056,0.016469597816467285,100,6.232136021404205e-06
3084,0.994911253452301,0.005088746547698975,1.1419117450714111,0.016456976532936096,100,6.232136021404205e-06
3085,0.9950813055038452,0.004918694496154785,1.1212654113769531,0.01608216017484665,100,6.232136021404205e-06
3086,0.9949358701705933,0.005064129829406738,1.1349830627441406,0.016363319009542465,100,6.232136021404205e-06
3087,0.9947931170463562,0.005206882953643799,1.1365174055099487,0.01651998795568943,100,6.232136021404205e-06
3088,0.9950252175331116,0.004974782466888428,1.1353206634521484,0.016278240829706192,100,6.232136021404205e-06
3089,0.9950034618377686,0.004996538162231445,1.1224217414855957,0.016170788556337357,100,6.232136021404205e-06
3090,0.9949826002120972,0.005017399787902832,1.134856939315796,0.016315795481204987,100,6.232136021404205e-06
3091,0.9948671460151672,0.005132853984832764,1.1396358013153076,0.016477882862091064,100,6.232136021404205e-06
3092,0.9948506355285645,0.005149364471435547,1.142479658126831,0.016522668302059174,100,6.232136021404205e-06
3093,0.9949802160263062,0.005019783973693848,1.1366994380950928,0.016336580738425255,100,6.232136021404205e-06
3094,0.9949130415916443,0.005086958408355713,1.133264183998108,0.01636872999370098,100,6.232136021404205e-06
3095,0.994871199131012,0.005128800868988037,1.1309884786605835,0.016387397423386574,100,6.232136021404205e-06
3096,0.9948345422744751,0.005165457725524902,1.1408534049987793,0.01652233675122261,100,6.232136021404205e-06
3097,0.9947741627693176,0.005225837230682373,1.122954249382019,0.016403120011091232,100,6.232136021404205e-06
3098,0.9948858618736267,0.005114138126373291,1.136866807937622,0.016431665048003197,100,6.232136021404205e-06
3099,0.9950258135795593,0.004974186420440674,1.1224193572998047,0.016148637980222702,100,6.232136021404205e-06
3100,0.9948864579200745,0.005113542079925537,1.1240005493164062,0.016302412375807762,101,5.920529220333994e-06
3101,0.9949407577514648,0.005059242248535156,1.1207624673843384,0.016216274350881577,101,5.920529220333994e-06
3102,0.9949745535850525,0.00502544641494751,1.1196883916854858,0.016172075644135475,101,5.920529220333994e-06
3103,0.9948635697364807,0.005136430263519287,1.1256904602050781,0.01634196937084198,101,5.920529220333994e-06
3104,0.9949195384979248,0.005080461502075195,1.1476061344146729,0.016505718231201172,101,5.920529220333994e-06
3105,0.9950755834579468,0.004924416542053223,1.1416113376617432,0.016291284933686256,101,5.920529220333994e-06
3106,0.9948349595069885,0.005165040493011475,1.130439281463623,0.01641778275370598,101,5.920529220333994e-06
3107,0.9947938919067383,0.005206108093261719,1.1381174325942993,0.01653522253036499,101,5.920529220333994e-06
3108,0.9948251247406006,0.005174875259399414,1.132508635520935,0.016448212787508965,101,5.920529220333994e-06
3109,0.9949895143508911,0.005010485649108887,1.1280806064605713,0.01624118722975254,101,5.920529220333994e-06
3110,0.9950084090232849,0.004991590976715088,1.1246546506881714,0.01618822105228901,101,5.920529220333994e-06
3111,0.994882345199585,0.005117654800415039,1.133340835571289,0.016399886459112167,101,5.920529220333994e-06
3112,0.9948749542236328,0.0051250457763671875,1.1482490301132202,0.016556285321712494,101,5.920529220333994e-06
3113,0.9948009848594666,0.005199015140533447,1.1355606317520142,0.016502629965543747,101,5.920529220333994e-06
3114,0.995041012763977,0.004958987236022949,1.1213843822479248,0.016123240813612938,101,5.920529220333994e-06
3115,0.9951067566871643,0.004893243312835693,1.1337531805038452,0.016181843355298042,101,5.920529220333994e-06
3116,0.9950050711631775,0.00499492883682251,1.137695074081421,0.016321931034326553,101,5.920529220333994e-06
3117,0.9948908686637878,0.005109131336212158,1.1309335231781006,0.01636737585067749,101,5.920529220333994e-06
3118,0.9948365688323975,0.005163431167602539,1.130751609802246,0.016419313848018646,101,5.920529220333994e-06
3119,0.9948782324790955,0.005121767520904541,1.1285572052001953,0.016356121748685837,101,5.920529220333994e-06
3120,0.9949687123298645,0.005031287670135498,1.1241053342819214,0.01622202806174755,101,5.920529220333994e-06
3121,0.9948496222496033,0.0051503777503967285,1.1379776000976562,0.016478650271892548,101,5.920529220333994e-06
3122,0.9948930144309998,0.005106985569000244,1.1280229091644287,0.016336143016815186,101,5.920529220333994e-06
3123,0.9949442744255066,0.005055725574493408,1.129673957824707,0.01630190759897232,101,5.920529220333994e-06
3124,0.994742751121521,0.005257248878479004,1.1440601348876953,0.01664527878165245,101,5.920529220333994e-06
3125,0.9948105216026306,0.005189478397369385,1.11362624168396,0.016273844987154007,101,5.920529220333994e-06
3126,0.9948670268058777,0.0051329731941223145,1.1251431703567505,0.016333075240254402,101,5.920529220333994e-06
3127,0.9949415326118469,0.005058467388153076,1.1342368125915527,0.01635025069117546,101,5.920529220333994e-06
3128,0.9950239062309265,0.004976093769073486,1.1300173997879028,0.016226505860686302,101,5.920529220333994e-06
3129,0.9949761629104614,0.005023837089538574,1.1345088481903076,0.016318686306476593,101,5.920529220333994e-06
3130,0.9948698878288269,0.005130112171173096,1.1437807083129883,0.01651661843061447,101,5.920529220333994e-06
3131,0.9948877096176147,0.005112290382385254,1.1266520023345947,0.016327686607837677,102,5.624502759317295e-06
3132,0.9950254559516907,0.004974544048309326,1.1320914030075073,0.016245713457465172,102,5.624502759317295e-06
3133,0.9949499368667603,0.005050063133239746,1.140256404876709,0.016402127221226692,102,5.624502759317295e-06
3134,0.9950204491615295,0.004979550838470459,1.125074028968811,0.01618049480021,102,5.624502759317295e-06
3135,0.9950041770935059,0.004995822906494141,1.1233456134796143,0.016179319471120834,102,5.624502759317295e-06
3136,0.9947720170021057,0.005227982997894287,1.1228184700012207,0.016403887420892715,102,5.624502759317295e-06
3137,0.9948554039001465,0.005144596099853516,1.1175596714019775,0.016268746927380562,102,5.624502759317295e-06
3138,0.9949586987495422,0.005041301250457764,1.1285207271575928,0.016276095062494278,102,5.624502759317295e-06
3139,0.9950087070465088,0.004991292953491211,1.1401046514511108,0.01634242571890354,102,5.624502759317295e-06
3140,0.9949591755867004,0.0050408244132995605,1.1462421417236328,0.016452837735414505,102,5.624502759317295e-06
3141,0.9949479103088379,0.005052089691162109,1.1328091621398926,0.016329659149050713,102,5.624502759317295e-06
3142,0.9949382543563843,0.005061745643615723,1.1324199438095093,0.016335327178239822,102,5.624502759317295e-06
3143,0.9949179291725159,0.005082070827484131,1.1343189477920532,0.016374439001083374,102,5.624502759317295e-06
3144,0.9950034618377686,0.004996538162231445,1.1365199089050293,0.016311772167682648,102,5.624502759317295e-06
3145,0.994920015335083,0.005079984664916992,1.1320306062698364,0.016349490731954575,102,5.624502759317295e-06
3146,0.9949502944946289,0.005049705505371094,1.1253348588943481,0.016252556815743446,102,5.624502759317295e-06
3147,0.9949858784675598,0.0050141215324401855,1.1327472925186157,0.016291452571749687,102,5.624502759317295e-06
3148,0.9948718547821045,0.005128145217895508,1.147754430770874,0.01655440777540207,102,5.624502759317295e-06
3149,0.9948632121086121,0.0051367878913879395,1.1436541080474854,0.016521960496902466,102,5.624502759317295e-06
3150,0.9948287606239319,0.005171239376068115,1.1311485767364502,0.016431013122200966,102,5.624502759317295e-06
3151,0.9951246380805969,0.004875361919403076,1.1239688396453857,0.01606629602611065,102,5.624502759317295e-06
3152,0.994937539100647,0.005062460899353027,1.1243926286697388,0.016255762428045273,102,5.624502759317295e-06
3153,0.9948607683181763,0.0051392316818237305,1.138946294784546,0.016477301716804504,102,5.624502759317295e-06
3154,0.9950057864189148,0.004994213581085205,1.1343657970428467,0.01628793030977249,102,5.624502759317295e-06
3155,0.9949784278869629,0.005021572113037109,1.1279494762420654,0.01625085063278675,102,5.624502759317295e-06
3156,0.9946778416633606,0.005322158336639404,1.1334439516067505,0.01660337671637535,102,5.624502759317295e-06
3157,0.9948722124099731,0.0051277875900268555,1.125362753868103,0.016330137848854065,102,5.624502759317295e-06
3158,0.9948126077651978,0.005187392234802246,1.1282085180282593,0.016417603939771652,102,5.624502759317295e-06
3159,0.9946999549865723,0.005300045013427734,1.1285587549209595,0.01653263159096241,102,5.624502759317295e-06
3160,0.9948827028274536,0.005117297172546387,1.1238150596618652,0.016304275020956993,102,5.624502759317295e-06
3161,0.9948668479919434,0.005133152008056641,1.1282353401184082,0.016364173963665962,102,5.624502759317295e-06
3162,0.9947279691696167,0.005272030830383301,1.1167598962783813,0.016386909410357475,103,5.34327762135143e-06
3163,0.994807243347168,0.005192756652832031,1.1301323175430298,0.016442151740193367,103,5.34327762135143e-06
3164,0.9948221445083618,0.005177855491638184,1.1392918825149536,0.01651899516582489,103,5.34327762135143e-06
3165,0.9948316812515259,0.005168318748474121,1.1351292133331299,0.016467927023768425,103,5.34327762135143e-06
3166,0.9949098229408264,0.005090177059173584,1.1299711465835571,0.01633898727595806,103,5.34327762135143e-06
3167,0.9948430061340332,0.005156993865966797,1.1312285661697388,0.01641771011054516,103,5.34327762135143e-06
3168,0.9950330853462219,0.004966914653778076,1.1185771226882935,0.016103016212582588,103,5.34327762135143e-06
3169,0.9951421022415161,0.004857897758483887,1.1427600383758545,0.016236919909715652,103,5.34327762135143e-06
3170,0.9949935078620911,0.0050064921379089355,1.1261831521987915,0.016218258067965508,103,5.34327762135143e-06
3171,0.9947954416275024,0.005204558372497559,1.1317111253738403,0.016469623893499374,103,5.34327762135143e-06
3172,0.9949320554733276,0.005067944526672363,1.1330208778381348,0.016347473487257957,103,5.34327762135143e-06
3173,0.994827389717102,0.005172610282897949,1.1221579313278198,0.016342462971806526,103,5.34327762135143e-06
3174,0.9949308037757874,0.0050691962242126465,1.1320223808288574,0.016338728368282318,103,5.34327762135143e-06
3175,0.9949406981468201,0.005059301853179932,1.1447079181671143,0.016455788165330887,103,5.34327762135143e-06
3176,0.9948945641517639,0.005105435848236084,1.1295722723007202,0.01635010540485382,103,5.34327762135143e-06
3177,0.9948019981384277,0.005198001861572266,1.1284259557724,0.016430281102657318,103,5.34327762135143e-06
3178,0.9948465824127197,0.0051534175872802734,1.1407383680343628,0.016509266570210457,103,5.34327762135143e-06
3179,0.9950083494186401,0.004991650581359863,1.1359578371047974,0.016301311552524567,103,5.34327762135143e-06
3180,0.9949465394020081,0.005053460597991943,1.1338059902191162,0.016340985894203186,103,5.34327762135143e-06
3181,0.9948676824569702,0.005132317543029785,1.129306435585022,0.01637405902147293,103,5.34327762135143e-06
3182,0.9948586821556091,0.005141317844390869,1.1162699460983276,0.016252603381872177,103,5.34327762135143e-06
3183,0.9947373867034912,0.005262613296508789,1.1307271718978882,0.016517259180545807,103,5.34327762135143e-06
3184,0.994841456413269,0.005158543586730957,1.1343600749969482,0.016450557857751846,103,5.34327762135143e-06
3185,0.9950980544090271,0.0049019455909729,1.13082754611969,0.016161201521754265,103,5.34327762135143e-06
3186,0.9948893189430237,0.005110681056976318,1.1282905340194702,0.01634247973561287,103,5.34327762135143e-06
3187,0.9949906468391418,0.005009353160858154,1.1395243406295776,0.016354503110051155,103,5.34327762135143e-06
3188,0.9951906204223633,0.004809379577636719,1.1348050832748413,0.01610933616757393,103,5.34327762135143e-06
3189,0.9949806332588196,0.00501936674118042,1.1318402290344238,0.016287576407194138,103,5.34327762135143e-06
3190,0.9949629306793213,0.005037069320678711,1.123977541923523,0.016226474195718765,103,5.34327762135143e-06
3191,0.9950006008148193,0.004999399185180664,1.1325396299362183,0.016274800524115562,103,5.34327762135143e-06
3192,0.9950600266456604,0.0049399733543396,1.133485198020935,0.016225425526499748,103,5.34327762135143e-06
3193,0.9949735403060913,0.005026459693908691,1.1373753547668457,0.016349948942661285,104,5.076113740283858e-06
3194,0.9949831962585449,0.005016803741455078,1.1173381805419922,0.01614001765847206,104,5.076113740283858e-06
3195,0.9949530959129333,0.00504690408706665,1.1299395561218262,0.01629582978785038,104,5.076113740283858e-06
3196,0.9948824048042297,0.005117595195770264,1.1234533786773682,0.016300953924655914,104,5.076113740283858e-06
3197,0.9949924349784851,0.005007565021514893,1.1283345222473145,0.016240833327174187,104,5.076113740283858e-06
3198,0.9948915243148804,0.005108475685119629,1.1350038051605225,0.016407428309321404,104,5.076113740283858e-06
3199,0.9948358535766602,0.005164146423339844,1.1168752908706665,0.016281258314847946,104,5.076113740283858e-06
3200,0.9949633479118347,0.005036652088165283,1.129503607749939,0.01628132164478302,104,5.076113740283858e-06
3201,0.9948527216911316,0.005147278308868408,1.1303235292434692,0.016399040818214417,104,5.076113740283858e-06
3202,0.9949101209640503,0.005089879035949707,1.161494493484497,0.01665392518043518,104,5.076113740283858e-06
3203,0.9949592351913452,0.005040764808654785,1.1283595561981201,0.016273953020572662,104,5.076113740283858e-06
3204,0.9948170185089111,0.005182981491088867,1.130699634552002,0.01643814891576767,104,5.076113740283858e-06
3205,0.9948979020118713,0.005102097988128662,1.1225110292434692,0.01627618633210659,104,5.076113740283858e-06
3206,0.9948025345802307,0.005197465419769287,1.1280144453048706,0.016425635665655136,104,5.076113740283858e-06
3207,0.9949188828468323,0.005081117153167725,1.129858136177063,0.016328886151313782,104,5.076113740283858e-06
3208,0.9951085448265076,0.004891455173492432,1.1256283521652222,0.01609882339835167,104,5.076113740283858e-06
3209,0.9950224161148071,0.004977583885192871,1.127335548400879,0.016201162710785866,104,5.076113740283858e-06
3210,0.9948247671127319,0.005175232887268066,1.1354509592056274,0.01647799089550972,104,5.076113740283858e-06
3211,0.9950085878372192,0.004991412162780762,1.1361165046691895,0.01630266383290291,104,5.076113740283858e-06
3212,0.994815468788147,0.005184531211853027,1.1361231803894043,0.016493916511535645,104,5.076113740283858e-06
3213,0.994767963886261,0.005232036113739014,1.133426308631897,0.01651397906243801,104,5.076113740283858e-06
3214,0.9949898719787598,0.005010128021240234,1.1317541599273682,0.01627756655216217,104,5.076113740283858e-06
3215,0.9951179027557373,0.004882097244262695,1.1209096908569336,0.016042374074459076,104,5.076113740283858e-06
3216,0.9948704838752747,0.005129516124725342,1.1300855875015259,0.01637907698750496,104,5.076113740283858e-06
3217,0.9948685169219971,0.00513148307800293,1.1290079355239868,0.016370248049497604,104,5.076113740283858e-06
3218,0.9951187968254089,0.0048812031745910645,1.1318049430847168,0.016150441020727158,104,5.076113740283858e-06
3219,0.9947280287742615,0.005271971225738525,1.1312410831451416,0.01653166115283966,104,5.076113740283858e-06
3220,0.9949008226394653,0.005099177360534668,1.1367077827453613,0.016415264457464218,104,5.076113740283858e-06
3221,0.995028018951416,0.004971981048583984,1.1354150772094727,0.016276411712169647,104,5.076113740283858e-06
3222,0.9949160814285278,0.005083918571472168,1.1366701126098633,0.01639978028833866,104,5.076113740283858e-06
3223,0.9948223829269409,0.005177617073059082,1.1377434730529785,0.01650327444076538,104,5.076113740283858e-06
3224,0.9949657917022705,0.005034208297729492,1.1346375942230225,0.016330242156982422,105,4.8223080532696655e-06
3225,0.9948242902755737,0.0051757097244262695,1.1279656887054443,0.01640360988676548,105,4.8223080532696655e-06
3226,0.9948819279670715,0.005118072032928467,1.138555884361267,0.016452450305223465,105,4.8223080532696655e-06
3227,0.994958758354187,0.005041241645812988,1.1313598155975342,0.01630442589521408,105,4.8223080532696655e-06
3228,0.9949615597724915,0.005038440227508545,1.1430320739746094,0.016418375074863434,105,4.8223080532696655e-06
3229,0.9950562715530396,0.004943728446960449,1.1213078498840332,0.01610736921429634,105,4.8223080532696655e-06
3230,0.9949218034744263,0.0050781965255737305,1.1273161172866821,0.01630057580769062,105,4.8223080532696655e-06
3231,0.9948928356170654,0.00510716438293457,1.135469675064087,0.016410790383815765,105,4.8223080532696655e-06
3232,0.9950107336044312,0.004989266395568848,1.1260510683059692,0.016199883073568344,105,4.8223080532696655e-06
3233,0.9948214888572693,0.005178511142730713,1.1413590908050537,0.016540316864848137,105,4.8223080532696655e-06
3234,0.9950904250144958,0.00490957498550415,1.1186283826828003,0.016046762466430664,105,4.8223080532696655e-06
3235,0.9950016140937805,0.004998385906219482,1.126459002494812,0.01621299237012863,105,4.8223080532696655e-06
3236,0.9948922991752625,0.005107700824737549,1.1345046758651733,0.01640167087316513,105,4.8223080532696655e-06
3237,0.9949338436126709,0.0050661563873291016,1.1399699449539185,0.016415193676948547,105,4.8223080532696655e-06
3238,0.9949662089347839,0.0050337910652160645,1.1334130764007568,0.01631758362054825,105,4.8223080532696655e-06
3239,0.9949288368225098,0.005071163177490234,1.1322581768035889,0.01634303294122219,105,4.8223080532696655e-06
3240,0.9949752688407898,0.005024731159210205,1.1254878044128418,0.016229361295700073,105,4.8223080532696655e-06
3241,0.9948915243148804,0.005108475685119629,1.1338999271392822,0.01639638841152191,105,4.8223080532696655e-06
3242,0.9948508739471436,0.005149126052856445,1.1229884624481201,0.016327518969774246,105,4.8223080532696655e-06
3243,0.9950502514839172,0.004949748516082764,1.1402238607406616,0.01630248874425888,105,4.8223080532696655e-06
3244,0.994831383228302,0.005168616771697998,1.1373904943466187,0.016490835696458817,105,4.8223080532696655e-06
3245,0.9947857856750488,0.005214214324951172,1.1214051246643066,0.01637612283229828,105,4.8223080532696655e-06
3246,0.994747519493103,0.005252480506896973,1.1289091110229492,0.016489047557115555,105,4.8223080532696655e-06
3247,0.9948211312294006,0.005178868770599365,1.1172488927841187,0.016299568116664886,105,4.8223080532696655e-06
3248,0.9949091076850891,0.005090892314910889,1.1208895444869995,0.016248878091573715,105,4.8223080532696655e-06
3249,0.9949805736541748,0.005019426345825195,1.1203529834747314,0.016172761097550392,105,4.8223080532696655e-06
3250,0.9949319362640381,0.005068063735961914,1.1394941806793213,0.01641232520341873,105,4.8223080532696655e-06
3251,0.994845449924469,0.005154550075531006,1.1270511150360107,0.016373515129089355,105,4.8223080532696655e-06
3252,0.9951207637786865,0.0048792362213134766,1.1405901908874512,0.01623634621500969,105,4.8223080532696655e-06
3253,0.9948287010192871,0.005171298980712891,1.1353201866149902,0.01647278666496277,105,4.8223080532696655e-06
3254,0.9949950575828552,0.005004942417144775,1.1383225917816162,0.01633811742067337,105,4.8223080532696655e-06
3255,0.9948964715003967,0.0051035284996032715,1.1204779148101807,0.0162572730332613,106,4.581192650606182e-06
3256,0.9948755502700806,0.005124449729919434,1.1300959587097168,0.016374165192246437,106,4.581192650606182e-06
3257,0.9949372410774231,0.005062758922576904,1.1248581409454346,0.01626071333885193,106,4.581192650606182e-06
3258,0.9949172139167786,0.0050827860832214355,1.1326160430908203,0.016358118504285812,106,4.581192650606182e-06
3259,0.9949831366539001,0.0050168633460998535,1.1316421031951904,0.01628311537206173,106,4.581192650606182e-06
3260,0.9947874546051025,0.005212545394897461,1.1358929872512817,0.016519349068403244,106,4.581192650606182e-06
3261,0.9949922561645508,0.005007743835449219,1.1325581073760986,0.016283247619867325,106,4.581192650606182e-06
3262,0.9950019121170044,0.0049980878829956055,1.1323952674865723,0.016272058710455894,106,4.581192650606182e-06
3263,0.9948821663856506,0.005117833614349365,1.1517276763916016,0.01658393070101738,106,4.581192650606182e-06
3264,0.9948485493659973,0.0051514506340026855,1.1247562170028687,0.016347497701644897,106,4.581192650606182e-06
3265,0.9949819445610046,0.005018055438995361,1.1290979385375977,0.016258854418992996,106,4.581192650606182e-06
3266,0.9948841333389282,0.005115866661071777,1.129969596862793,0.016364403069019318,106,4.581192650606182e-06
3267,0.9949111938476562,0.00508880615234375,1.139019250869751,0.016428111121058464,106,4.581192650606182e-06
3268,0.9950599670410156,0.004940032958984375,1.129012942314148,0.01618076115846634,106,4.581192650606182e-06
3269,0.9949812293052673,0.005018770694732666,1.1223491430282593,0.016192074865102768,106,4.581192650606182e-06
3270,0.9949042201042175,0.005095779895782471,1.1386915445327759,0.016431737691164017,106,4.581192650606182e-06
3271,0.9949809312820435,0.005019068717956543,1.1404484510421753,0.01637336239218712,106,4.581192650606182e-06
3272,0.9947960376739502,0.005203962326049805,1.1310234069824219,0.016462156549096107,106,4.581192650606182e-06
3273,0.9950302839279175,0.0049697160720825195,1.1211358308792114,0.01613137684762478,106,4.581192650606182e-06
3274,0.99491286277771,0.005087137222290039,1.1369123458862305,0.016405388712882996,106,4.581192650606182e-06
3275,0.9948144555091858,0.005185544490814209,1.1362378597259521,0.016496067866683006,106,4.581192650606182e-06
3276,0.9949014186859131,0.005098581314086914,1.1238415241241455,0.016286009922623634,106,4.581192650606182e-06
3277,0.9950571060180664,0.004942893981933594,1.1347808837890625,0.016241274774074554,106,4.581192650606182e-06
3278,0.9949496388435364,0.005050361156463623,1.1270766258239746,0.016270622611045837,106,4.581192650606182e-06
3279,0.9949313998222351,0.005068600177764893,1.1310542821884155,0.01632845774292946,106,4.581192650606182e-06
3280,0.994766116142273,0.005233883857727051,1.1443979740142822,0.016625523567199707,106,4.581192650606182e-06
3281,0.9950848817825317,0.004915118217468262,1.1217260360717773,0.01608322747051716,106,4.581192650606182e-06
3282,0.9949954152107239,0.005004584789276123,1.1254688501358032,0.016209226101636887,106,4.581192650606182e-06
3283,0.9948562979698181,0.005143702030181885,1.1268298625946045,0.016360562294721603,106,4.581192650606182e-06
3284,0.9949061870574951,0.005093812942504883,1.1169568300247192,0.01621244288980961,106,4.581192650606182e-06
3285,0.9948182702064514,0.005181729793548584,1.130200982093811,0.01643192209303379,106,4.581192650606182e-06
3286,0.9949902892112732,0.005009710788726807,1.126487374305725,0.016224486753344536,107,4.3521330180758725e-06
3287,0.9948648810386658,0.0051351189613342285,1.1447833776474,0.016531601548194885,107,4.3521330180758725e-06
3288,0.9947676062583923,0.005232393741607666,1.1276458501815796,0.01645652763545513,107,4.3521330180758725e-06
3289,0.9949415326118469,0.005058467388153076,1.1312048435211182,0.01631993055343628,107,4.3521330180758725e-06
3290,0.995036780834198,0.004963219165802002,1.1315783262252808,0.01622936874628067,107,4.3521330180758725e-06
3291,0.9949117302894592,0.0050882697105407715,1.126983404159546,0.016307219862937927,107,4.3521330180758725e-06
3292,0.9947891235351562,0.00521087646484375,1.1303192377090454,0.01646195910871029,107,4.3521330180758725e-06
3293,0.9948590993881226,0.005140900611877441,1.1336249113082886,0.016425739973783493,107,4.3521330180758725e-06
3294,0.9948813915252686,0.005118608474731445,1.1375064849853516,0.01644248701632023,107,4.3521330180758725e-06
3295,0.9949216842651367,0.005078315734863281,1.1247031688690186,0.01627456396818161,107,4.3521330180758725e-06
3296,0.9949710369110107,0.005028963088989258,1.1298185586929321,0.016276858747005463,107,4.3521330180758725e-06
3297,0.9949797987937927,0.005020201206207275,1.1269375085830688,0.01623937487602234,107,4.3521330180758725e-06
3298,0.9950827360153198,0.004917263984680176,1.124877691268921,0.01611686870455742,107,4.3521330180758725e-06
3299,0.9950131177902222,0.004986882209777832,1.1302603483200073,0.01623961701989174,107,4.3521330180758725e-06
3300,0.9949418902397156,0.005058109760284424,1.1353458166122437,0.016360986977815628,107,4.3521330180758725e-06
3301,0.9950371384620667,0.00496286153793335,1.1381876468658447,0.016295108944177628,107,4.3521330180758725e-06
3302,0.9949431419372559,0.005056858062744141,1.1326228380203247,0.016332518309354782,107,4.3521330180758725e-06
3303,0.9948537945747375,0.005146205425262451,1.1346919536590576,0.01644166186451912,107,4.3521330180758725e-06
3304,0.994898796081543,0.005101203918457031,1.135380506515503,0.01640399731695652,107,4.3521330180758725e-06
3305,0.9949079751968384,0.005092024803161621,1.132876992225647,0.016369875520467758,107,4.3521330180758725e-06
3306,0.9948406219482422,0.0051593780517578125,1.1263238191604614,0.016371022909879684,107,4.3521330180758725e-06
3307,0.9950788617134094,0.004921138286590576,1.1325756311416626,0.016197683289647102,107,4.3521330180758725e-06
3308,0.994849681854248,0.005150318145751953,1.1319634914398193,0.016418449580669403,107,4.3521330180758725e-06
3309,0.9949123859405518,0.005087614059448242,1.1348239183425903,0.016384977847337723,107,4.3521330180758725e-06
3310,0.9950646758079529,0.004935324192047119,1.1284165382385254,0.016170136630535126,107,4.3521330180758725e-06
3311,0.9950366616249084,0.004963338375091553,1.1216987371444702,0.016130691394209862,107,4.3521330180758725e-06
3312,0.9947522878646851,0.005247712135314941,1.1198937892913818,0.016394171863794327,107,4.3521330180758725e-06
3313,0.994786262512207,0.005213737487792969,1.1290909051895142,0.01645250990986824,107,4.3521330180758725e-06
3314,0.9948617815971375,0.005138218402862549,1.1350414752960205,0.01643725112080574,107,4.3521330180758725e-06
3315,0.9949869513511658,0.0050130486488342285,1.1354601383209229,0.016317520290613174,107,4.3521330180758725e-06
3316,0.9950064420700073,0.004993557929992676,1.1197243928909302,0.01614086702466011,107,4.3521330180758725e-06
3317,0.9948736429214478,0.005126357078552246,1.138684630393982,0.016461938619613647,108,4.1345263671720786e-06
3318,0.995045006275177,0.004954993724822998,1.129109263420105,0.016196535900235176,108,4.1345263671720786e-06
3319,0.9949734807014465,0.005026519298553467,1.1381298303604126,0.016357552260160446,108,4.1345263671720786e-06
3320,0.9950659871101379,0.0049340128898620605,1.1230491399765015,0.016115164384245872,108,4.1345263671720786e-06
3321,0.9949579834938049,0.005042016506195068,1.1294262409210205,0.016285859048366547,108,4.1345263671720786e-06
3322,0.9948778748512268,0.005122125148773193,1.1370768547058105,0.016441671177744865,108,4.1345263671720786e-06
3323,0.9950129985809326,0.004987001419067383,1.1285665035247803,0.016222795471549034,108,4.1345263671720786e-06
3324,0.9949154853820801,0.005084514617919922,1.1259759664535522,0.01629342883825302,108,4.1345263671720786e-06
3325,0.9949133396148682,0.005086660385131836,1.125244379043579,0.016288237646222115,108,4.1345263671720786e-06
3326,0.9948581457138062,0.005141854286193848,1.1340596675872803,0.016431033611297607,108,4.1345263671720786e-06
3327,0.9950483441352844,0.004951655864715576,1.1425081491470337,0.01632722094655037,108,4.1345263671720786e-06
3328,0.9949108362197876,0.005089163780212402,1.120455265045166,0.016242824494838715,108,4.1345263671720786e-06
3329,0.9948939085006714,0.005106091499328613,1.1378464698791504,0.01643349602818489,108,4.1345263671720786e-06
3330,0.9947974681854248,0.005202531814575195,1.1148216724395752,0.016298722475767136,108,4.1345263671720786e-06
3331,0.9951013326644897,0.004898667335510254,1.1367521286010742,0.016217201948165894,108,4.1345263671720786e-06
3332,0.9949691295623779,0.00503087043762207,1.1289743185043335,0.01627030409872532,108,4.1345263671720786e-06
3333,0.9949131608009338,0.005086839199066162,1.1304566860198975,0.01634053699672222,108,4.1345263671720786e-06
3334,0.9949765801429749,0.0050234198570251465,1.1348190307617188,0.016321375966072083,108,4.1345263671720786e-06
3335,0.9947472810745239,0.005252718925476074,1.1420836448669434,0.016621027141809464,108,4.1345263671720786e-06
3336,0.9947563409805298,0.005243659019470215,1.1280180215835571,0.01647140271961689,108,4.1345263671720786e-06
3337,0.9948506951332092,0.0051493048667907715,1.130872130393982,0.016406532377004623,108,4.1345263671720786e-06
3338,0.9950165152549744,0.004983484745025635,1.1394610404968262,0.01632826030254364,108,4.1345263671720786e-06
3339,0.9948940277099609,0.0051059722900390625,1.1231169700622559,0.016286082565784454,108,4.1345263671720786e-06
3340,0.9949547052383423,0.005045294761657715,1.1334701776504517,0.01632954366505146,108,4.1345263671720786e-06
3341,0.9948661923408508,0.00513380765914917,1.1358799934387207,0.01644126884639263,108,4.1345263671720786e-06
3342,0.9949395656585693,0.005060434341430664,1.125949501991272,0.016269324347376823,108,4.1345263671720786e-06
3343,0.994805097579956,0.005194902420043945,1.1173207759857178,0.016316160559654236,108,4.1345263671720786e-06
3344,0.9949448704719543,0.005055129528045654,1.1244537830352783,0.016249116510152817,108,4.1345263671720786e-06
3345,0.9950066208839417,0.00499337911605835,1.126367211341858,0.016207117587327957,108,4.1345263671720786e-06
3346,0.9950101971626282,0.004989802837371826,1.136378288269043,0.016303688287734985,108,4.1345263671720786e-06
3347,0.9948663115501404,0.005133688449859619,1.1289643049240112,0.016371995210647583,108,4.1345263671720786e-06
3348,0.9947934150695801,0.005206584930419922,1.1257818937301636,0.016412338241934776,109,3.927800048813474e-06
3349,0.994697630405426,0.005302369594573975,1.1341304779052734,0.016590651124715805,109,3.927800048813474e-06
3350,0.9948465824127197,0.0051534175872802734,1.1335049867630005,0.016436932608485222,109,3.927800048813474e-06
3351,0.9949523210525513,0.0050476789474487305,1.131645917892456,0.016313660889863968,109,3.927800048813474e-06
3352,0.9947561025619507,0.005243897438049316,1.1290009021759033,0.016481466591358185,109,3.927800048813474e-06
3353,0.9949448108673096,0.00505518913269043,1.1374677419662476,0.01637931540608406,109,3.927800048813474e-06
3354,0.9950007796287537,0.004999220371246338,1.1446484327316284,0.01639571227133274,109,3.927800048813474e-06
3355,0.9950594902038574,0.004940509796142578,1.129339337348938,0.016184497624635696,109,3.927800048813474e-06
3356,0.9949010610580444,0.005098938941955566,1.1523818969726562,0.0165717676281929,109,3.927800048813474e-06
3357,0.9949759840965271,0.0050240159034729,1.126791000366211,0.016241684556007385,109,3.927800048813474e-06
3358,0.994891881942749,0.0051081180572509766,1.1275126934051514,0.016332164406776428,109,3.927800048813474e-06
3359,0.995026707649231,0.004973292350769043,1.1298116445541382,0.016221676021814346,109,3.927800048813474e-06
3360,0.9949458241462708,0.005054175853729248,1.1288903951644897,0.01629253849387169,109,3.927800048813474e-06
3361,0.9949662685394287,0.005033731460571289,1.1399742364883423,0.016383137553930283,109,3.927800048813474e-06
3362,0.9948439598083496,0.005156040191650391,1.1265778541564941,0.01637025736272335,109,3.927800048813474e-06
3363,0.994840681552887,0.005159318447113037,1.1333566904067993,0.01644129306077957,109,3.927800048813474e-06
3364,0.9948452711105347,0.005154728889465332,1.1376558542251587,0.016479739919304848,109,3.927800048813474e-06
3365,0.9948688745498657,0.005131125450134277,1.1341638565063477,0.016421452164649963,109,3.927800048813474e-06
3366,0.9948661923408508,0.00513380765914917,1.1271969079971313,0.016354437917470932,109,3.927800048813474e-06
3367,0.9950740933418274,0.004925906658172607,1.1256803274154663,0.016133449971675873,109,3.927800048813474e-06
3368,0.9949734210968018,0.005026578903198242,1.128413200378418,0.01626044511795044,109,3.927800048813474e-06
3369,0.9947469830513,0.005253016948699951,1.1203804016113281,0.01640428975224495,109,3.927800048813474e-06
3370,0.9950283169746399,0.004971683025360107,1.1305372714996338,0.01622733846306801,109,3.927800048813474e-06
3371,0.994872510433197,0.0051274895668029785,1.113785982131958,0.016214074566960335,109,3.927800048813474e-06
3372,0.9950807094573975,0.004919290542602539,1.1277931928634644,0.016148028895258904,109,3.927800048813474e-06
3373,0.9949350357055664,0.005064964294433594,1.1153080463409424,0.016167394816875458,109,3.927800048813474e-06
3374,0.9950896501541138,0.0049103498458862305,1.1313002109527588,0.01617424748837948,109,3.927800048813474e-06
3375,0.9949458241462708,0.005054175853729248,1.1361515522003174,0.01636514998972416,109,3.927800048813474e-06
3376,0.9951309561729431,0.004869043827056885,1.1196166276931763,0.01601652055978775,109,3.927800048813474e-06
3377,0.9950617551803589,0.004938244819641113,1.1381123065948486,0.0162699855864048,109,3.927800048813474e-06
3378,0.9948945641517639,0.005105435848236084,1.1252331733703613,0.016306713223457336,109,3.927800048813474e-06
3379,0.9951838254928589,0.004816174507141113,1.1319741010665894,0.01608775369822979,110,3.7314100463728006e-06
3380,0.9949572682380676,0.005042731761932373,1.1284844875335693,0.016277149319648743,110,3.7314100463728006e-06
3381,0.99493807554245,0.005061924457550049,1.1378687620162964,0.016389992088079453,110,3.7314100463728006e-06
3382,0.995038628578186,0.004961371421813965,1.1277636289596558,0.016189392656087875,110,3.7314100463728006e-06
3383,0.9948596358299255,0.005140364170074463,1.1279432773590088,0.01636839285492897,110,3.7314100463728006e-06
3384,0.9950270056724548,0.004972994327545166,1.123120903968811,0.016154473647475243,110,3.7314100463728006e-06
3385,0.9951347708702087,0.00486522912979126,1.1337100267410278,0.016153676435351372,110,3.7314100463728006e-06
3386,0.9948508739471436,0.005149126052856445,1.1373120546340942,0.016470754519104958,110,3.7314100463728006e-06
3387,0.9948405027389526,0.005159497261047363,1.1477031707763672,0.016584934666752815,110,3.7314100463728006e-06
3388,0.9948427081108093,0.005157291889190674,1.1224822998046875,0.016330542042851448,110,3.7314100463728006e-06
3389,0.9949769973754883,0.005023002624511719,1.1331228017807007,0.016304001212120056,110,3.7314100463728006e-06
3390,0.994789183139801,0.005210816860198975,1.1148346662521362,0.016307055950164795,110,3.7314100463728006e-06
3391,0.994802713394165,0.005197286605834961,1.1241059303283691,0.016386372968554497,110,3.7314100463728006e-06
3392,0.9948825240135193,0.005117475986480713,1.1245698928833008,0.016311999410390854,110,3.7314100463728006e-06
3393,0.9948009252548218,0.005199074745178223,1.12312650680542,0.01637834869325161,110,3.7314100463728006e-06
3394,0.9947862029075623,0.005213797092437744,1.1334816217422485,0.016496475785970688,110,3.7314100463728006e-06
3395,0.9950001239776611,0.004999876022338867,1.1184684038162231,0.016134561970829964,110,3.7314100463728006e-06
3396,0.9949666261672974,0.005033373832702637,1.126285195350647,0.016245892271399498,110,3.7314100463728006e-06
3397,0.9949933290481567,0.005006670951843262,1.1351594924926758,0.016308199614286423,110,3.7314100463728006e-06
3398,0.9948795437812805,0.005120456218719482,1.1251403093338013,0.01632065512239933,110,3.7314100463728006e-06
3399,0.9948754906654358,0.005124509334564209,1.1269277334213257,0.016342541202902794,110,3.7314100463728006e-06
3400,0.9949542880058289,0.005045711994171143,1.1312532424926758,0.016307786107063293,110,3.7314100463728006e-06
3401,0.9949235320091248,0.005076467990875244,1.1370949745178223,0.016396652907133102,110,3.7314100463728006e-06
3402,0.994941234588623,0.005058765411376953,1.1301051378250122,0.016309227794408798,110,3.7314100463728006e-06
3403,0.9949138164520264,0.005086183547973633,1.132319688796997,0.016358518972992897,110,3.7314100463728006e-06
3404,0.9950082898139954,0.004991710186004639,1.1323270797729492,0.016265064477920532,110,3.7314100463728006e-06
3405,0.9950376749038696,0.004962325096130371,1.123813271522522,0.016150834038853645,110,3.7314100463728006e-06
3406,0.9950666427612305,0.004933357238769531,1.137552261352539,0.01625954546034336,110,3.7314100463728006e-06
3407,0.9949228167533875,0.005077183246612549,1.133013129234314,0.016356542706489563,110,3.7314100463728006e-06
3408,0.9948492050170898,0.005150794982910156,1.1422481536865234,0.016521768644452095,110,3.7314100463728006e-06
3409,0.9947696924209595,0.005230307579040527,1.1486343145370483,0.016664348542690277,110,3.7314100463728006e-06
3410,0.9949783086776733,0.00502169132232666,1.128735899925232,0.016258832067251205,111,3.5448395440541604e-06
3411,0.9949173331260681,0.005082666873931885,1.1252998113632202,0.016284838318824768,111,3.5448395440541604e-06
3412,0.9948042631149292,0.005195736885070801,1.1283392906188965,0.01642717234790325,111,3.5448395440541604e-06
3413,0.994974672794342,0.005025327205657959,1.124332308769226,0.0162183977663517,111,3.5448395440541604e-06
3414,0.9949882626533508,0.00501173734664917,1.1442705392837524,0.016404325142502785,111,3.5448395440541604e-06
3415,0.995002269744873,0.004997730255126953,1.1342051029205322,0.016289804130792618,111,3.5448395440541604e-06
3416,0.9951050877571106,0.004894912242889404,1.121726632118225,0.016063230112195015,111,3.5448395440541604e-06
3417,0.9948782920837402,0.005121707916259766,1.1361920833587646,0.01643241196870804,111,3.5448395440541604e-06
3418,0.9948818683624268,0.005118131637573242,1.1318178176879883,0.01638512872159481,111,3.5448395440541604e-06
3419,0.994830846786499,0.0051691532135009766,1.1264088153839111,0.01638154871761799,111,3.5448395440541604e-06
3420,0.9950147867202759,0.004985213279724121,1.1258201599121094,0.016193563118577003,111,3.5448395440541604e-06
3421,0.994985044002533,0.005014955997467041,1.1167069673538208,0.016131876036524773,111,3.5448395440541604e-06
3422,0.99502032995224,0.00497967004776001,1.133756399154663,0.016267437487840652,111,3.5448395440541604e-06
3423,0.9947524666786194,0.005247533321380615,1.1232726573944092,0.01642778515815735,111,3.5448395440541604e-06
3424,0.9949563145637512,0.005043685436248779,1.1411871910095215,0.016405120491981506,111,3.5448395440541604e-06
3425,0.9950205683708191,0.004979431629180908,1.1360081434249878,0.016289718449115753,111,3.5448395440541604e-06
3426,0.9948681592941284,0.005131840705871582,1.1365998983383179,0.016446521505713463,111,3.5448395440541604e-06
3427,0.9948384761810303,0.0051615238189697266,1.1366157531738281,0.016476064920425415,111,3.5448395440541604e-06
3428,0.9950159788131714,0.004984021186828613,1.1309658288955688,0.016243839636445045,111,3.5448395440541604e-06
3429,0.9948708415031433,0.0051291584968566895,1.1183034181594849,0.016260899603366852,111,3.5448395440541604e-06
3430,0.9950463175773621,0.0049536824226379395,1.1314090490341187,0.016218235716223717,111,3.5448395440541604e-06
3431,0.9947639107704163,0.00523608922958374,1.1418768167495728,0.016602497547864914,111,3.5448395440541604e-06
3432,0.9947944283485413,0.00520557165145874,1.1404800415039062,0.016558315604925156,111,3.5448395440541604e-06
3433,0.9949553608894348,0.0050446391105651855,1.116339087486267,0.01615758240222931,111,3.5448395440541604e-06
3434,0.9951738715171814,0.0048261284828186035,1.11923086643219,0.015970176085829735,111,3.5448395440541604e-06
3435,0.9949660301208496,0.005033969879150391,1.1242601871490479,0.016226232051849365,111,3.5448395440541604e-06
3436,0.9948317408561707,0.005168259143829346,1.1365046501159668,0.01648162305355072,111,3.5448395440541604e-06
3437,0.9948089122772217,0.00519108772277832,1.1300768852233887,0.01643994450569153,111,3.5448395440541604e-06
3438,0.9949944019317627,0.005005598068237305,1.1256498098373413,0.016212040558457375,111,3.5448395440541604e-06
3439,0.9949756860733032,0.005024313926696777,1.1475356817245483,0.016449427232146263,111,3.5448395440541604e-06
3440,0.9949219822883606,0.005078017711639404,1.1212036609649658,0.01623927429318428,111,3.5448395440541604e-06
3441,0.9949854016304016,0.005014598369598389,1.1381417512893677,0.01634586974978447,112,3.3675975668514524e-06
3442,0.9950082302093506,0.004991769790649414,1.1267318725585938,0.01620917022228241,112,3.3675975668514524e-06
3443,0.9948895573616028,0.005110442638397217,1.1326230764389038,0.01638556830585003,112,3.3675975668514524e-06
3444,0.9950110912322998,0.004988908767700195,1.1334097385406494,0.016273116692900658,112,3.3675975668514524e-06
3445,0.9948989152908325,0.0051010847091674805,1.1318849325180054,0.0163689237087965,112,3.3675975668514524e-06
3446,0.9949719905853271,0.0050280094146728516,1.119127631187439,0.016169004142284393,112,3.3675975668514524e-06
3447,0.9949109554290771,0.0050890445709228516,1.1291346549987793,0.016329500824213028,112,3.3675975668514524e-06
3448,0.9948177337646484,0.0051822662353515625,1.1427326202392578,0.01655776984989643,112,3.3675975668514524e-06
3449,0.9950247406959534,0.004975259304046631,1.1373109817504883,0.01629861630499363,112,3.3675975668514524e-06
3450,0.9949299693107605,0.005070030689239502,1.129774808883667,0.016317076981067657,112,3.3675975668514524e-06
3451,0.9950419068336487,0.004958093166351318,1.1275140047073364,0.016183651983737946,112,3.3675975668514524e-06
3452,0.9948806762695312,0.00511932373046875,1.1201356649398804,0.016269486397504807,112,3.3675975668514524e-06
3453,0.9949325919151306,0.005067408084869385,1.1279138326644897,0.016295872628688812,112,3.3675975668514524e-06
3454,0.9949820637702942,0.0050179362297058105,1.1263415813446045,0.016231171786785126,112,3.3675975668514524e-06
3455,0.9948381781578064,0.0051618218421936035,1.122424840927124,0.016334451735019684,112,3.3675975668514524e-06
3456,0.9951120615005493,0.004887938499450684,1.1346232891082764,0.01618529111146927,112,3.3675975668514524e-06
3457,0.9948168396949768,0.005183160305023193,1.1217091083526611,0.016348419710993767,112,3.3675975668514524e-06
3458,0.9949108958244324,0.005089104175567627,1.1333415508270264,0.016371628269553185,112,3.3675975668514524e-06
3459,0.9950027465820312,0.00499725341796875,1.1189123392105103,0.016136404126882553,112,3.3675975668514524e-06
3460,0.994960367679596,0.005039632320404053,1.1571370363235474,0.01656060665845871,112,3.3675975668514524e-06
3461,0.9948093891143799,0.005190610885620117,1.1427924633026123,0.016566628590226173,112,3.3675975668514524e-06
3462,0.9948704242706299,0.005129575729370117,1.1319411993026733,0.016397692263126373,112,3.3675975668514524e-06
3463,0.9949555993080139,0.005044400691986084,1.1268855333328247,0.016262810677289963,112,3.3675975668514524e-06
3464,0.9950259327888489,0.004974067211151123,1.1291000843048096,0.016215328127145767,112,3.3675975668514524e-06
3465,0.9949007034301758,0.005099296569824219,1.1181938648223877,0.01623024232685566,112,3.3675975668514524e-06
3466,0.9948859214782715,0.005114078521728516,1.1278207302093506,0.01634114608168602,112,3.3675975668514524e-06
3467,0.9949566125869751,0.005043387413024902,1.1299211978912354,0.016292165964841843,112,3.3675975668514524e-06
3468,0.9949747323989868,0.005025267601013184,1.1260700225830078,0.0162357147783041,112,3.3675975668514524e-06
3469,0.9949337840080261,0.005066215991973877,1.1277319192886353,0.01629287376999855,112,3.3675975668514524e-06
3470,0.9948259592056274,0.005174040794372559,1.1250855922698975,0.016373155638575554,112,3.3675975668514524e-06
3471,0.9949575066566467,0.0050424933433532715,1.1431080102920532,0.016423149034380913,112,3.3675975668514524e-06
3472,0.9949928522109985,0.005007147789001465,1.1365163326263428,0.016322240233421326,113,3.1992176885088796e-06
3473,0.994707465171814,0.005292534828186035,1.130751132965088,0.016547121107578278,113,3.1992176885088796e-06
3474,0.9949135780334473,0.005086421966552734,1.1291048526763916,0.016326606273651123,113,3.1992176885088796e-06
3475,0.9949161410331726,0.005083858966827393,1.1278297901153564,0.016311317682266235,113,3.1992176885088796e-06
3476,0.9949833750724792,0.005016624927520752,1.135169506072998,0.016318153589963913,113,3.1992176885088796e-06
3477,0.9948434829711914,0.005156517028808594,1.1238722801208496,0.016343673691153526,113,3.1992176885088796e-06
3478,0.9949133396148682,0.005086660385131836,1.1444560289382935,0.016480354592204094,113,3.1992176885088796e-06
3479,0.9948591589927673,0.005140841007232666,1.1270341873168945,0.01635977439582348,113,3.1992176885088796e-06
3480,0.9951411485671997,0.004858851432800293,1.129607915878296,0.016106341034173965,113,3.1992176885088796e-06
3481,0.9949494004249573,0.005050599575042725,1.1390868425369263,0.016390962526202202,113,3.1992176885088796e-06
3482,0.9948626756668091,0.005137324333190918,1.1361947059631348,0.016447898000478745,113,3.1992176885088796e-06
3483,0.9949578046798706,0.0050421953201293945,1.1324113607406616,0.0163158867508173,113,3.1992176885088796e-06
3484,0.994816780090332,0.005183219909667969,1.128430962562561,0.01641569659113884,113,3.1992176885088796e-06
3485,0.9950275421142578,0.0049724578857421875,1.1500047445297241,0.016422780230641365,113,3.1992176885088796e-06
3486,0.9948806762695312,0.00511932373046875,1.1256330013275146,0.01632446050643921,113,3.1992176885088796e-06
3487,0.9948464632034302,0.005153536796569824,1.123357892036438,0.016335580497980118,113,3.1992176885088796e-06
3488,0.9948911666870117,0.005108833312988281,1.1286628246307373,0.016344374045729637,113,3.1992176885088796e-06
3489,0.9950454235076904,0.00495457649230957,1.140181064605713,0.016306841745972633,113,3.1992176885088796e-06
3490,0.9948646426200867,0.00513535737991333,1.121419906616211,0.0162982027977705,113,3.1992176885088796e-06
3491,0.9949957132339478,0.005004286766052246,1.1062543392181396,0.01601678691804409,113,3.1992176885088796e-06
3492,0.9949955940246582,0.005004405975341797,1.1312761306762695,0.016267122700810432,113,3.1992176885088796e-06
3493,0.9950280785560608,0.004971921443939209,1.116268515586853,0.016084887087345123,113,3.1992176885088796e-06
3494,0.9948592185974121,0.005140781402587891,1.1418256759643555,0.016507631167769432,113,3.1992176885088796e-06
3495,0.9949963688850403,0.005003631114959717,1.125864028930664,0.016212236136198044,113,3.1992176885088796e-06
3496,0.9949026703834534,0.005097329616546631,1.1256568431854248,0.0163029246032238,113,3.1992176885088796e-06
3497,0.9949248433113098,0.0050751566886901855,1.1229562759399414,0.016253966838121414,113,3.1992176885088796e-06
3498,0.9950094819068909,0.004990518093109131,1.1402373313903809,0.01634298637509346,113,3.1992176885088796e-06
3499,0.9949283003807068,0.005071699619293213,1.1327404975891113,0.01634838804602623,113,3.1992176885088796e-06
3500,0.9948614835739136,0.005138516426086426,1.1276756525039673,0.01636388711631298,113,3.1992176885088796e-06
3501,0.9949877262115479,0.0050122737884521484,1.1202398538589478,0.016164548695087433,113,3.1992176885088796e-06
3502,0.9952582716941833,0.00474172830581665,1.1338346004486084,0.016032656654715538,113,3.1992176885088796e-06
3503,0.995084285736084,0.004915714263916016,1.1267656087875366,0.016134213656187057,114,3.0392568040834356e-06
3504,0.9950488209724426,0.004951179027557373,1.1500436067581177,0.016402103006839752,114,3.0392568040834356e-06
3505,0.9948164820671082,0.005183517932891846,1.1185636520385742,0.016317319124937057,114,3.0392568040834356e-06
3506,0.994962751865387,0.005037248134613037,1.12798273563385,0.016266703605651855,114,3.0392568040834356e-06
3507,0.994911253452301,0.005088746547698975,1.1294831037521362,0.01633268967270851,114,3.0392568040834356e-06
3508,0.994894802570343,0.005105197429656982,1.133729100227356,0.016391435638070107,114,3.0392568040834356e-06
3509,0.9948562383651733,0.00514376163482666,1.1188298463821411,0.01628062315285206,114,3.0392568040834356e-06
3510,0.9948257803916931,0.005174219608306885,1.122854232788086,0.016351019963622093,114,3.0392568040834356e-06
3511,0.994926393032074,0.005073606967926025,1.1322945356369019,0.016345815733075142,114,3.0392568040834356e-06
3512,0.9949264526367188,0.00507354736328125,1.1311402320861816,0.016334213316440582,114,3.0392568040834356e-06
3513,0.9949421286582947,0.005057871341705322,1.1346769332885742,0.016354061663150787,114,3.0392568040834356e-06
3514,0.9949917793273926,0.005008220672607422,1.1282694339752197,0.016240833327174187,114,3.0392568040834356e-06
3515,0.99480140209198,0.0051985979080200195,1.1377952098846436,0.01652456447482109,114,3.0392568040834356e-06
3516,0.9949711561203003,0.005028843879699707,1.1254501342773438,0.016233056783676147,114,3.0392568040834356e-06
3517,0.9949257969856262,0.005074203014373779,1.1318060159683228,0.016341520473361015,114,3.0392568040834356e-06
3518,0.9948133826255798,0.005186617374420166,1.1313658952713013,0.016448410227894783,114,3.0392568040834356e-06
3519,0.9949705600738525,0.005029439926147461,1.1396147012710571,0.016375292092561722,114,3.0392568040834356e-06
3520,0.995050311088562,0.004949688911437988,1.1219288110733032,0.01611948013305664,114,3.0392568040834356e-06
3521,0.9949243664741516,0.005075633525848389,1.122615098953247,0.016251027584075928,114,3.0392568040834356e-06
3522,0.9950159788131714,0.004984021186828613,1.1362590789794922,0.01629677228629589,114,3.0392568040834356e-06
3523,0.9949930906295776,0.005006909370422363,1.1253039836883545,0.016209879890084267,114,3.0392568040834356e-06
3524,0.9949445724487305,0.005055427551269531,1.1231322288513184,0.0162361953407526,114,3.0392568040834356e-06
3525,0.9949879050254822,0.005012094974517822,1.134719967842102,0.01630917377769947,114,3.0392568040834356e-06
3526,0.9949488639831543,0.005051136016845703,1.1299493312835693,0.01630011759698391,114,3.0392568040834356e-06
3527,0.9949656128883362,0.005034387111663818,1.1230286359786987,0.01621432974934578,114,3.0392568040834356e-06
3528,0.9949206709861755,0.005079329013824463,1.1277093887329102,0.016305629163980484,114,3.0392568040834356e-06
3529,0.9948522448539734,0.005147755146026611,1.1384685039520264,0.016480961814522743,114,3.0392568040834356e-06
3530,0.9949124455451965,0.005087554454803467,1.1344432830810547,0.01638111099600792,114,3.0392568040834356e-06
3531,0.9949123859405518,0.005087614059448242,1.1346803903579712,0.016383541747927666,114,3.0392568040834356e-06
3532,0.9949662685394287,0.005033731460571289,1.1271533966064453,0.016254927963018417,114,3.0392568040834356e-06
3533,0.9951377511024475,0.00486224889755249,1.1345161199569702,0.01615878753364086,114,3.0392568040834356e-06
3534,0.9950794577598572,0.004920542240142822,1.1504242420196533,0.016375578939914703,115,2.8872939638792635e-06
3535,0.9950229525566101,0.004977047443389893,1.1427322626113892,0.016354599967598915,115,2.8872939638792635e-06
3536,0.9948575496673584,0.0051424503326416016,1.130965232849121,0.01640067808330059,115,2.8872939638792635e-06
3537,0.9949793815612793,0.005020618438720703,1.131518840789795,0.016285600140690804,115,2.8872939638792635e-06
3538,0.9949505925178528,0.005049407482147217,1.129744052886963,0.016296353191137314,115,2.8872939638792635e-06
3539,0.9950099587440491,0.004990041255950928,1.1241004467010498,0.01618114486336708,115,2.8872939638792635e-06
3540,0.9949405193328857,0.005059480667114258,1.1290769577026367,0.0162996556609869,115,2.8872939638792635e-06
3541,0.9948302507400513,0.0051697492599487305,1.127044916152954,0.01638850010931492,115,2.8872939638792635e-06
3542,0.9948444962501526,0.005155503749847412,1.1354371309280396,0.01645831950008869,115,2.8872939638792635e-06
3543,0.9948521852493286,0.005147814750671387,1.1342898607254028,0.01643923483788967,115,2.8872939638792635e-06
3544,0.9950087070465088,0.004991292953491211,1.1399297714233398,0.016340676695108414,115,2.8872939638792635e-06
3545,0.9948992133140564,0.0051007866859436035,1.1328686475753784,0.01637846603989601,115,2.8872939638792635e-06
3546,0.9949263334274292,0.005073666572570801,1.1245789527893066,0.016268718987703323,115,2.8872939638792635e-06
3547,0.9948579668998718,0.005142033100128174,1.1343907117843628,0.016434520483016968,115,2.8872939638792635e-06
3548,0.9948459267616272,0.005154073238372803,1.1374869346618652,0.016477402299642563,115,2.8872939638792635e-06
3549,0.9949689507484436,0.0050310492515563965,1.1199405193328857,0.016180142760276794,115,2.8872939638792635e-06
3550,0.9949098825454712,0.005090117454528809,1.1255433559417725,0.016294648870825768,115,2.8872939638792635e-06
3551,0.9947758316993713,0.005224168300628662,1.1199454069137573,0.016371380537748337,115,2.8872939638792635e-06
3552,0.994981050491333,0.005018949508666992,1.1380362510681152,0.016349121928215027,115,2.8872939638792635e-06
3553,0.9950121641159058,0.004987835884094238,1.1416192054748535,0.0163541492074728,115,2.8872939638792635e-06
3554,0.9949939846992493,0.005006015300750732,1.1273528337478638,0.016229484230279922,115,2.8872939638792635e-06
3555,0.9948844909667969,0.005115509033203125,1.1215596199035645,0.016279948875308037,115,2.8872939638792635e-06
3556,0.994867205619812,0.005132794380187988,1.1222494840621948,0.016303960233926773,115,2.8872939638792635e-06
3557,0.9950069785118103,0.004993021488189697,1.126009464263916,0.01620318554341793,115,2.8872939638792635e-06
3558,0.9948856234550476,0.005114376544952393,1.118227243423462,0.016245504841208458,115,2.8872939638792635e-06
3559,0.9950694441795349,0.004930555820465088,1.130281686782837,0.016184067353606224,115,2.8872939638792635e-06
3560,0.9949961304664612,0.005003869533538818,1.1274306774139404,0.01622813753783703,115,2.8872939638792635e-06
3561,0.9949054718017578,0.0050945281982421875,1.127864122390747,0.016322225332260132,115,2.8872939638792635e-06
3562,0.9950902462005615,0.0049097537994384766,1.1214227676391602,0.016074884682893753,115,2.8872939638792635e-06
3563,0.9948374032974243,0.005162596702575684,1.1327235698699951,0.016438204795122147,115,2.8872939638792635e-06
3564,0.995069146156311,0.004930853843688965,1.1198362112045288,0.01607990637421608,115,2.8872939638792635e-06
3565,0.9948409795761108,0.00515902042388916,1.121778964996338,0.016325220465660095,116,2.7429292656853003e-06
3566,0.9950296878814697,0.0049703121185302734,1.1274440288543701,0.01619504950940609,116,2.7429292656853003e-06
3567,0.9948426485061646,0.005157351493835449,1.1276729106903076,0.016382506117224693,116,2.7429292656853003e-06
3568,0.9948980212211609,0.005101978778839111,1.1240289211273193,0.016291247680783272,116,2.7429292656853003e-06
3569,0.9950233697891235,0.004976630210876465,1.1302077770233154,0.016228940337896347,116,2.7429292656853003e-06
3570,0.9950430989265442,0.0049569010734558105,1.1367363929748535,0.016274696215987206,116,2.7429292656853003e-06
3571,0.9948282837867737,0.005171716213226318,1.1266223192214966,0.01638622209429741,116,2.7429292656853003e-06
3572,0.9948263764381409,0.005173623561859131,1.1362838745117188,0.01648472622036934,116,2.7429292656853003e-06
3573,0.9948509931564331,0.0051490068435668945,1.1356474161148071,0.01645399071276188,116,2.7429292656853003e-06
3574,0.9948523640632629,0.0051476359367370605,1.1242990493774414,0.016339149326086044,116,2.7429292656853003e-06
3575,0.9951262474060059,0.004873752593994141,1.1387450695037842,0.0162124652415514,116,2.7429292656853003e-06
3576,0.9950441718101501,0.0049558281898498535,1.1373955011367798,0.016280224546790123,116,2.7429292656853003e-06
3577,0.9949601292610168,0.005039870738983154,1.1263808012008667,0.016253279522061348,116,2.7429292656853003e-06
3578,0.9948054552078247,0.005194544792175293,1.124083161354065,0.01638343185186386,116,2.7429292656853003e-06
3579,0.9949237108230591,0.005076289176940918,1.120439052581787,0.016229916363954544,116,2.7429292656853003e-06
3580,0.9950237274169922,0.0049762725830078125,1.1148837804794312,0.016075346618890762,116,2.7429292656853003e-06
3581,0.9948844313621521,0.0051155686378479,1.1338169574737549,0.016402583569288254,116,2.7429292656853003e-06
3582,0.9948535561561584,0.005146443843841553,1.119880199432373,0.016293780878186226,116,2.7429292656853003e-06
3583,0.995106041431427,0.004893958568572998,1.1448256969451904,0.016293276101350784,116,2.7429292656853003e-06
3584,0.9949688911437988,0.005031108856201172,1.1351945400238037,0.01633274182677269,116,2.7429292656853003e-06
3585,0.994892954826355,0.0051070451736450195,1.1365973949432373,0.01642194762825966,116,2.7429292656853003e-06
3586,0.994976818561554,0.005023181438446045,1.1312134265899658,0.016285084187984467,116,2.7429292656853003e-06
3587,0.9951760768890381,0.004823923110961914,1.1215472221374512,0.015991155058145523,116,2.7429292656853003e-06
3588,0.9949477910995483,0.00505220890045166,1.1318610906600952,0.016320297494530678,116,2.7429292656853003e-06
3589,0.9949365258216858,0.005063474178314209,1.1178563833236694,0.016191402450203896,116,2.7429292656853003e-06
3590,0.9949374794960022,0.005062520503997803,1.123058795928955,0.016242483630776405,116,2.7429292656853003e-06
3591,0.9950141310691833,0.00498586893081665,1.1381314992904663,0.016317324712872505,116,2.7429292656853003e-06
3592,0.9947747588157654,0.005225241184234619,1.1500954627990723,0.016673943027853966,116,2.7429292656853003e-06
3593,0.9948939681053162,0.005106031894683838,1.128552794456482,0.016340499743819237,116,2.7429292656853003e-06
3594,0.9949286580085754,0.0050713419914245605,1.1348190307617188,0.016368817538022995,116,2.7429292656853003e-06
3595,0.9950436353683472,0.004956364631652832,1.128185510635376,0.01618865504860878,116,2.7429292656853003e-06
3596,0.9949163198471069,0.005083680152893066,1.1186734437942505,0.016219576820731163,117,2.605782802401035e-06
3597,0.9951706528663635,0.004829347133636475,1.1284362077713013,0.016065414994955063,117,2.605782802401035e-06
3598,0.9949321150779724,0.005067884922027588,1.142594814300537,0.016443153843283653,117,2.605782802401035e-06
3599,0.9949818849563599,0.005018115043640137,1.1360775232315063,0.016328709200024605,117,2.605782802401035e-06
3600,0.994881272315979,0.005118727684020996,1.129738211631775,0.016364920884370804,117,2.605782802401035e-06
3601,0.9949811697006226,0.005018830299377441,1.1361154317855835,0.016329795122146606,117,2.605782802401035e-06
3602,0.9949151873588562,0.005084812641143799,1.1335582733154297,0.016369547694921494,117,2.605782802401035e-06
3603,0.9948065280914307,0.005193471908569336,1.1357086896896362,0.01649862341582775,117,2.605782802401035e-06
3604,0.9950578808784485,0.004942119121551514,1.127521276473999,0.016167910769581795,117,2.605782802401035e-06
3605,0.9948968291282654,0.005103170871734619,1.1286954879760742,0.016339093446731567,117,2.605782802401035e-06
3606,0.9948787093162537,0.005121290683746338,1.1312177181243896,0.016382254660129547,117,2.605782802401035e-06
3607,0.9949492812156677,0.005050718784332275,1.1306179761886597,0.01630639098584652,117,2.605782802401035e-06
3608,0.9950503706932068,0.004949629306793213,1.1294376850128174,0.016194511204957962,117,2.605782802401035e-06
3609,0.994899332523346,0.005100667476654053,1.1212810277938843,0.016262471675872803,117,2.605782802401035e-06
3610,0.9949639439582825,0.005036056041717529,1.1191076040267944,0.016176771372556686,117,2.605782802401035e-06
3611,0.9948850274085999,0.0051149725914001465,1.128584861755371,0.01634967140853405,117,2.605782802401035e-06
3612,0.9947625994682312,0.005237400531768799,1.1258465051651,0.016443490982055664,117,2.605782802401035e-06
3613,0.9948440194129944,0.005155980587005615,1.1430379152297974,0.016534799709916115,117,2.605782802401035e-06
3614,0.9949302077293396,0.0050697922706604,1.1377564668655396,0.01639665849506855,117,2.605782802401035e-06
3615,0.9948698878288269,0.005130112171173096,1.1207448244094849,0.01628625951707363,117,2.605782802401035e-06
3616,0.9949537515640259,0.005046248435974121,1.14032781124115,0.016399063169956207,117,2.605782802401035e-06
3617,0.9947578310966492,0.00524216890335083,1.128263235092163,0.016472378745675087,117,2.605782802401035e-06
3618,0.9950183033943176,0.004981696605682373,1.1281391382217407,0.016213269904255867,117,2.605782802401035e-06
3619,0.9949690699577332,0.005030930042266846,1.1307135820388794,0.016287755221128464,117,2.605782802401035e-06
3620,0.9949591755867004,0.0050408244132995605,1.1304949522018433,0.01629536598920822,117,2.605782802401035e-06
3621,0.9950481057167053,0.004951894283294678,1.1308598518371582,0.016210973262786865,117,2.605782802401035e-06
3622,0.9950041174888611,0.004995882511138916,1.126222848892212,0.01620815135538578,117,2.605782802401035e-06
3623,0.9950218796730042,0.00497812032699585,1.1356085538864136,0.01628442481160164,117,2.605782802401035e-06
3624,0.9951130747795105,0.004886925220489502,1.1305137872695923,0.0161431934684515,117,2.605782802401035e-06
3625,0.9950054883956909,0.004994511604309082,1.1186795234680176,0.016131361946463585,117,2.605782802401035e-06
3626,0.9948047995567322,0.005195200443267822,1.1157605648040771,0.016300853341817856,117,2.605782802401035e-06
3627,0.9950138330459595,0.004986166954040527,1.1261032819747925,0.016197338700294495,118,2.475493662280983e-06
3628,0.9948546886444092,0.00514531135559082,1.1298528909683228,0.016392387449741364,118,2.475493662280983e-06
3629,0.9948604106903076,0.005139589309692383,1.1172374486923218,0.01626056805253029,118,2.475493662280983e-06
3630,0.99489825963974,0.00510174036026001,1.1332957744598389,0.01638367958366871,118,2.475493662280983e-06
3631,0.9949777722358704,0.005022227764129639,1.12895667552948,0.016261572018265724,118,2.475493662280983e-06
3632,0.9948754906654358,0.005124509334564209,1.116233468055725,0.0162355974316597,118,2.475493662280983e-06
3633,0.9947716593742371,0.0052283406257629395,1.1390820741653442,0.01656687632203102,118,2.475493662280983e-06
3634,0.9949837923049927,0.005016207695007324,1.13093101978302,0.016275355592370033,118,2.475493662280983e-06
3635,0.9949362277984619,0.005063772201538086,1.1289626359939575,0.01630276069045067,118,2.475493662280983e-06
3636,0.9947960376739502,0.005203962326049805,1.11140775680542,0.016265999525785446,118,2.475493662280983e-06
3637,0.9948619604110718,0.005138039588928223,1.1282752752304077,0.0163694117218256,118,2.475493662280983e-06
3638,0.9950657486915588,0.004934251308441162,1.122478723526001,0.01610969565808773,118,2.475493662280983e-06
3639,0.9947827458381653,0.005217254161834717,1.1297014951705933,0.016462095081806183,118,2.475493662280983e-06
3640,0.9950360059738159,0.004963994026184082,1.1348800659179688,0.01626315526664257,118,2.475493662280983e-06
3641,0.9948565363883972,0.005143463611602783,1.137969970703125,0.016471728682518005,118,2.475493662280983e-06
3642,0.9949970841407776,0.005002915859222412,1.1204413175582886,0.016157299280166626,118,2.475493662280983e-06
3643,0.9949894547462463,0.005010545253753662,1.1246936321258545,0.0162073764950037,118,2.475493662280983e-06
3644,0.9950672388076782,0.004932761192321777,1.1479337215423584,0.01636277139186859,118,2.475493662280983e-06
3645,0.9951164722442627,0.004883527755737305,1.123626947402954,0.016070961952209473,118,2.475493662280983e-06
3646,0.9950821399688721,0.00491786003112793,1.1304259300231934,0.016172941774129868,118,2.475493662280983e-06
3647,0.9948508739471436,0.005149126052856445,1.1370421648025513,0.016468055546283722,118,2.475493662280983e-06
3648,0.9949999451637268,0.005000054836273193,1.1247632503509521,0.0161976870149374,118,2.475493662280983e-06
3649,0.995076596736908,0.004923403263092041,1.1287078857421875,0.016161248087882996,118,2.475493662280983e-06
3650,0.9950199723243713,0.004980027675628662,1.1432573795318604,0.01636280119419098,118,2.475493662280983e-06
3651,0.9948781728744507,0.005121827125549316,1.128208875656128,0.01635269820690155,118,2.475493662280983e-06
3652,0.9949711561203003,0.005028843879699707,1.1369677782058716,0.016348233446478844,118,2.475493662280983e-06
3653,0.9950000047683716,0.004999995231628418,1.1306661367416382,0.016256656497716904,118,2.475493662280983e-06
3654,0.9948339462280273,0.005166053771972656,1.136067509651184,0.016475068405270576,118,2.475493662280983e-06
3655,0.994895339012146,0.005104660987854004,1.1302293539047241,0.016355907544493675,118,2.475493662280983e-06
3656,0.995006263256073,0.004993736743927002,1.1361970901489258,0.016305770725011826,118,2.475493662280983e-06
3657,0.9948562383651733,0.00514376163482666,1.1288347244262695,0.0163806714117527,118,2.475493662280983e-06
3658,0.994974672794342,0.005025327205657959,1.1255452632904053,0.016230527311563492,119,2.351718979166934e-06
3659,0.9949604868888855,0.005039513111114502,1.1283003091812134,0.01627212017774582,119,2.351718979166934e-06
3660,0.994940459728241,0.005059540271759033,1.121620535850525,0.016225149855017662,119,2.351718979166934e-06
3661,0.9949358105659485,0.005064189434051514,1.1277210712432861,0.016290757805109024,119,2.351718979166934e-06
3662,0.9949297904968262,0.005070209503173828,1.131445288658142,0.016333959996700287,119,2.351718979166934e-06
3663,0.9948846101760864,0.005115389823913574,1.1426798105239868,0.016491033136844635,119,2.351718979166934e-06
3664,0.995064377784729,0.004935622215270996,1.130686640739441,0.01619313284754753,119,2.351718979166934e-06
3665,0.9949045181274414,0.005095481872558594,1.1239902973175049,0.016284430399537086,119,2.351718979166934e-06
3666,0.9949905872344971,0.00500941276550293,1.1201378107070923,0.016160696744918823,119,2.351718979166934e-06
3667,0.9949118494987488,0.005088150501251221,1.1134271621704102,0.016171541064977646,119,2.351718979166934e-06
3668,0.9948976039886475,0.005102396011352539,1.1319092512130737,0.016370464116334915,119,2.351718979166934e-06
3669,0.9949641227722168,0.005035877227783203,1.129563808441162,0.01628115586936474,119,2.351718979166934e-06
3670,0.9949008822441101,0.005099117755889893,1.1388185024261475,0.01643631048500538,119,2.351718979166934e-06
3671,0.9949225187301636,0.005077481269836426,1.13424551486969,0.016369160264730453,119,2.351718979166934e-06
3672,0.9950145483016968,0.004985451698303223,1.1258447170257568,0.016194043681025505,119,2.351718979166934e-06
3673,0.99489426612854,0.005105733871459961,1.1352508068084717,0.016407184302806854,119,2.351718979166934e-06
3674,0.9949278235435486,0.005072176456451416,1.1519886255264282,0.016541339457035065,119,2.351718979166934e-06
3675,0.9947510957717896,0.005248904228210449,1.1372852325439453,0.016569267958402634,119,2.351718979166934e-06
3676,0.9952513575553894,0.004748642444610596,1.141413688659668,0.01611529290676117,119,2.351718979166934e-06
3677,0.9950444102287292,0.004955589771270752,1.1314321756362915,0.01622035540640354,119,2.351718979166934e-06
3678,0.9950264096260071,0.00497359037399292,1.1291277408599854,0.016215132549405098,119,2.351718979166934e-06
3679,0.9948468804359436,0.0051531195640563965,1.123457670211792,0.016336165368556976,119,2.351718979166934e-06
3680,0.9948696494102478,0.005130350589752197,1.1234482526779175,0.016313528642058372,119,2.351718979166934e-06
3681,0.9949926733970642,0.005007326602935791,1.1306869983673096,0.01626412384212017,119,2.351718979166934e-06
3682,0.994933545589447,0.0050664544105529785,1.1287275552749634,0.016303066164255142,119,2.351718979166934e-06
3683,0.9948633313179016,0.005136668682098389,1.123363971710205,0.016318941488862038,119,2.351718979166934e-06
3684,0.9948530197143555,0.005146980285644531,1.1360795497894287,0.016456305980682373,119,2.351718979166934e-06
3685,0.994839608669281,0.005160391330718994,1.1202638149261475,0.01631142571568489,119,2.351718979166934e-06
3686,0.9950327277183533,0.0049672722816467285,1.1252222061157227,0.016169821843504906,119,2.351718979166934e-06
3687,0.9949687719345093,0.005031228065490723,1.1266639232635498,0.016247553750872612,119,2.351718979166934e-06
3688,0.9950316548347473,0.0049683451652526855,1.1294474601745605,0.016213135793805122,119,2.351718979166934e-06
3689,0.9949005842208862,0.0050994157791137695,1.1389954090118408,0.016438376158475876,120,2.234133030208587e-06
3690,0.99507737159729,0.004922628402709961,1.1355233192443848,0.016228634864091873,120,2.234133030208587e-06
3691,0.9949531555175781,0.005046844482421875,1.1275883913040161,0.01627225987613201,120,2.234133030208587e-06
3692,0.9948768019676208,0.00512319803237915,1.130242109298706,0.016374386847019196,120,2.234133030208587e-06
3693,0.9949256181716919,0.0050743818283081055,1.1343357563018799,0.016366995871067047,120,2.234133030208587e-06
3694,0.9948383569717407,0.005161643028259277,1.1304186582565308,0.016414213925600052,120,2.234133030208587e-06
3695,0.9949321150779724,0.005067884922027588,1.1359890699386597,0.016377095133066177,120,2.234133030208587e-06
3696,0.994886577129364,0.005113422870635986,1.1166377067565918,0.01622866466641426,120,2.234133030208587e-06
3697,0.9948924779891968,0.005107522010803223,1.1379179954528809,0.01643562689423561,120,2.234133030208587e-06
3698,0.9950379133224487,0.0049620866775512695,1.1251699924468994,0.01616416499018669,120,2.234133030208587e-06
3699,0.9949954152107239,0.005004584789276123,1.1240756511688232,0.01619529537856579,120,2.234133030208587e-06
3700,0.9948188662528992,0.00518113374710083,1.1197768449783325,0.016327090561389923,120,2.234133030208587e-06
3701,0.9951594471931458,0.004840552806854248,1.122295618057251,0.016015103086829185,120,2.234133030208587e-06
3702,0.9949944615364075,0.005005538463592529,1.1271698474884033,0.016227182000875473,120,2.234133030208587e-06
3703,0.9949874877929688,0.00501251220703125,1.125813603401184,0.016220523044466972,120,2.234133030208587e-06
3704,0.9949402213096619,0.005059778690338135,1.1319293975830078,0.0163284745067358,120,2.234133030208587e-06
3705,0.9949304461479187,0.005069553852081299,1.1325546503067017,0.016344405710697174,120,2.234133030208587e-06
3706,0.9948635101318359,0.0051364898681640625,1.1374812126159668,0.016459936276078224,120,2.234133030208587e-06
3707,0.9949176907539368,0.005082309246063232,1.1335101127624512,0.016366586089134216,120,2.234133030208587e-06
3708,0.9948104023933411,0.0051895976066589355,1.1177843809127808,0.01631554588675499,120,2.234133030208587e-06
3709,0.9949201345443726,0.005079865455627441,1.1194955110549927,0.016224021092057228,120,2.234133030208587e-06
3710,0.9950695037841797,0.0049304962158203125,1.1374210119247437,0.016255401074886322,120,2.234133030208587e-06
3711,0.9949011206626892,0.005098879337310791,1.1203502416610718,0.016251392662525177,120,2.234133030208587e-06
3712,0.9950279593467712,0.00497204065322876,1.1319794654846191,0.016242114827036858,120,2.234133030208587e-06
3713,0.9951976537704468,0.004802346229553223,1.1532343626022339,0.016286665573716164,120,2.234133030208587e-06
3714,0.9948742389678955,0.005125761032104492,1.1392383575439453,0.016466885805130005,120,2.234133030208587e-06
3715,0.9948463439941406,0.005153656005859375,1.1265965700149536,0.016368083655834198,120,2.234133030208587e-06
3716,0.9950438141822815,0.004956185817718506,1.125661015510559,0.016163233667612076,120,2.234133030208587e-06
3717,0.9949884414672852,0.005011558532714844,1.125592827796936,0.016217371448874474,120,2.234133030208587e-06
3718,0.9947962164878845,0.0052037835121154785,1.1293199062347412,0.016444943845272064,120,2.234133030208587e-06
3719,0.994961142539978,0.005038857460021973,1.125644564628601,0.01624491438269615,120,2.234133030208587e-06
3720,0.9948865175247192,0.005113482475280762,1.1222143173217773,0.016284490004181862,121,2.1224263786981576e-06
3721,0.9949332475662231,0.0050667524337768555,1.1224523782730103,0.01624060794711113,121,2.1224263786981576e-06
3722,0.9948447346687317,0.0051552653312683105,1.1276601552963257,0.01638031378388405,121,2.1224263786981576e-06
3723,0.9950210452079773,0.004978954792022705,1.1355431079864502,0.016284596174955368,121,2.1224263786981576e-06
3724,0.9950098991394043,0.004990100860595703,1.1283375024795532,0.016223574057221413,121,2.1224263786981576e-06
3725,0.9949293732643127,0.005070626735687256,1.1367853879928589,0.01638777367770672,121,2.1224263786981576e-06
3726,0.9948583841323853,0.005141615867614746,1.1367273330688477,0.01645747385919094,121,2.1224263786981576e-06
3727,0.9949322938919067,0.005067706108093262,1.1336188316345215,0.016353216022253036,121,2.1224263786981576e-06
3728,0.9951223731040955,0.004877626895904541,1.1271178722381592,0.01610003039240837,121,2.1224263786981576e-06
3729,0.9949321150779724,0.005067884922027588,1.1368721723556519,0.01638592779636383,121,2.1224263786981576e-06
3730,0.9949162602424622,0.005083739757537842,1.1243484020233154,0.016276385635137558,121,2.1224263786981576e-06
3731,0.9948691725730896,0.0051308274269104,1.1315966844558716,0.016395486891269684,121,2.1224263786981576e-06
3732,0.9949169754981995,0.005083024501800537,1.125265121459961,0.016284845769405365,121,2.1224263786981576e-06
3733,0.9949151873588562,0.005084812641143799,1.1209566593170166,0.016243530437350273,121,2.1224263786981576e-06
3734,0.9950618147850037,0.004938185214996338,1.1344273090362549,0.01623307541012764,121,2.1224263786981576e-06
3735,0.9950028657913208,0.004997134208679199,1.1276177167892456,0.01622333936393261,121,2.1224263786981576e-06
3736,0.9947671294212341,0.005232870578765869,1.129802942276001,0.01647857017815113,121,2.1224263786981576e-06
3737,0.9947913289070129,0.0052086710929870605,1.1320971250534058,0.0164775550365448,121,2.1224263786981576e-06
3738,0.9950464963912964,0.004953503608703613,1.1372463703155518,0.01627643220126629,121,2.1224263786981576e-06
3739,0.9948801398277283,0.0051198601722717285,1.1423979997634888,0.01649264246225357,121,2.1224263786981576e-06
3740,0.9950031638145447,0.004996836185455322,1.1264324188232422,0.016211193054914474,121,2.1224263786981576e-06
3741,0.9949513077735901,0.005048692226409912,1.123706340789795,0.016235269606113434,121,2.1224263786981576e-06
3742,0.9949551224708557,0.005044877529144287,1.1352221965789795,0.016346650198101997,121,2.1224263786981576e-06
3743,0.9950323700904846,0.004967629909515381,1.1200000047683716,0.01611795276403427,121,2.1224263786981576e-06
3744,0.9949477314949036,0.0050522685050964355,1.1340197324752808,0.01634194329380989,121,2.1224263786981576e-06
3745,0.9950260519981384,0.004973948001861572,1.1338282823562622,0.016262490302324295,121,2.1224263786981576e-06
3746,0.9949647784233093,0.005035221576690674,1.1141682863235474,0.01612655259668827,121,2.1224263786981576e-06
3747,0.9950374364852905,0.004962563514709473,1.1402397155761719,0.016315333545207977,121,2.1224263786981576e-06
3748,0.9949857592582703,0.005014240741729736,1.1288480758666992,0.016252579167485237,121,2.1224263786981576e-06
3749,0.9949439764022827,0.005056023597717285,1.1200990676879883,0.01620645448565483,121,2.1224263786981576e-06
3750,0.9948951601982117,0.00510483980178833,1.1250282526016235,0.016304073855280876,121,2.1224263786981576e-06
3751,0.9949493408203125,0.0050506591796875,1.1360840797424316,0.016360994428396225,122,2.0163050597632494e-06
3752,0.9948475956916809,0.005152404308319092,1.1314773559570312,0.016415653750300407,122,2.0163050597632494e-06
3753,0.9949350953102112,0.005064904689788818,1.119402289390564,0.016208278015255928,122,2.0163050597632494e-06
3754,0.9950599670410156,0.004940032958984375,1.1493507623672485,0.01638413965702057,122,2.0163050597632494e-06
3755,0.99489426612854,0.005105733871459961,1.11337411403656,0.01618841663002968,122,2.0163050597632494e-06
3756,0.9950563907623291,0.0049436092376708984,1.1390488147735596,0.01628466136753559,122,2.0163050597632494e-06
3757,0.9950271844863892,0.00497281551361084,1.1263976097106934,0.016187064349651337,122,2.0163050597632494e-06
3758,0.995015025138855,0.0049849748611450195,1.1247507333755493,0.016182633116841316,122,2.0163050597632494e-06
3759,0.9949190020561218,0.005080997943878174,1.123167872428894,0.016261866316199303,122,2.0163050597632494e-06
3760,0.9950211048126221,0.00497889518737793,1.1380430459976196,0.01630953699350357,122,2.0163050597632494e-06
3761,0.995041012763977,0.004958987236022949,1.1265591382980347,0.016174988821148872,122,2.0163050597632494e-06
3762,0.9950259327888489,0.004974067211151123,1.1277854442596436,0.016202181577682495,122,2.0163050597632494e-06
3763,0.9950681328773499,0.0049318671226501465,1.1369686126708984,0.01625223457813263,122,2.0163050597632494e-06
3764,0.9950420260429382,0.004957973957061768,1.128257393836975,0.016190968453884125,122,2.0163050597632494e-06
3765,0.9950419664382935,0.004958033561706543,1.1351820230484009,0.01626027375459671,122,2.0163050597632494e-06
3766,0.9949487447738647,0.005051255226135254,1.1364617347717285,0.016365360468626022,122,2.0163050597632494e-06
3767,0.9949687719345093,0.005031228065490723,1.1304651498794556,0.016285566613078117,122,2.0163050597632494e-06
3768,0.9948717355728149,0.005128264427185059,1.1191024780273438,0.016268005594611168,122,2.0163050597632494e-06
3769,0.9950908422470093,0.004909157752990723,1.1234333515167236,0.016094399616122246,122,2.0163050597632494e-06
3770,0.9948118925094604,0.005188107490539551,1.1253583431243896,0.016389809548854828,122,2.0163050597632494e-06
3771,0.9947794675827026,0.005220532417297363,1.1356669664382935,0.016524996608495712,122,2.0163050597632494e-06
3772,0.9949445724487305,0.005055427551269531,1.125938892364502,0.016264263540506363,122,2.0163050597632494e-06
3773,0.9948899149894714,0.0051100850105285645,1.1302427053451538,0.016361411660909653,122,2.0163050597632494e-06
3774,0.9949600100517273,0.005039989948272705,1.1282598972320557,0.01627218909561634,122,2.0163050597632494e-06
3775,0.9948959946632385,0.005104005336761475,1.131155014038086,0.01636451482772827,122,2.0163050597632494e-06
3776,0.9948137998580933,0.005186200141906738,1.1381733417510986,0.016516070812940598,122,2.0163050597632494e-06
3777,0.9949472546577454,0.005052745342254639,1.1319918632507324,0.01632213592529297,122,2.0163050597632494e-06
3778,0.9947740435600281,0.005225956439971924,1.1327768564224243,0.016501465812325478,122,2.0163050597632494e-06
3779,0.9949864745140076,0.005013525485992432,1.1203311681747437,0.016166701912879944,122,2.0163050597632494e-06
3780,0.9949263334274292,0.005073666572570801,1.128631830215454,0.01630924828350544,122,2.0163050597632494e-06
3781,0.994777500629425,0.005222499370574951,1.1168150901794434,0.016338424757122993,122,2.0163050597632494e-06
3782,0.9948846697807312,0.005115330219268799,1.132450819015503,0.016388684511184692,123,1.915489806775087e-06
3783,0.9949023127555847,0.005097687244415283,1.1266953945159912,0.016313664615154266,123,1.915489806775087e-06
3784,0.994981586933136,0.005018413066864014,1.1288866996765137,0.016257096081972122,123,1.915489806775087e-06
3785,0.9950529932975769,0.004947006702423096,1.129724144935608,0.016194777563214302,123,1.915489806775087e-06
3786,0.9950159192085266,0.004984080791473389,1.124894142150879,0.01618318259716034,123,1.915489806775087e-06
3787,0.9949614405632019,0.005038559436798096,1.141380786895752,0.016401981934905052,123,1.915489806775087e-06
3788,0.9947675466537476,0.005232453346252441,1.1335753202438354,0.016515880823135376,123,1.915489806775087e-06
3789,0.9950180053710938,0.00498199462890625,1.1311354637145996,0.016243528574705124,123,1.915489806775087e-06
3790,0.9950968623161316,0.004903137683868408,1.1304501295089722,0.016158606857061386,123,1.915489806775087e-06
3791,0.9949672222137451,0.005032777786254883,1.1205366849899292,0.016187816858291626,123,1.915489806775087e-06
3792,0.9951187372207642,0.00488126277923584,1.132138729095459,0.016153838485479355,123,1.915489806775087e-06
3793,0.9949536919593811,0.0050463080406188965,1.1365785598754883,0.016361629590392113,123,1.915489806775087e-06
3794,0.9949086904525757,0.005091309547424316,1.1336959600448608,0.01637735590338707,123,1.915489806775087e-06
3795,0.9950568675994873,0.004943132400512695,1.1236958503723145,0.016130659729242325,123,1.915489806775087e-06
3796,0.9948551654815674,0.005144834518432617,1.127992868423462,0.01637331396341324,123,1.915489806775087e-06
3797,0.9949920773506165,0.005007922649383545,1.1270029544830322,0.016227873042225838,123,1.915489806775087e-06
3798,0.9948239326477051,0.005176067352294922,1.1307469606399536,0.01643177680671215,123,1.915489806775087e-06
3799,0.9948486685752869,0.005151331424713135,1.1472740173339844,0.016572557389736176,123,1.915489806775087e-06
3800,0.99489426612854,0.005105733871459961,1.1192562580108643,0.016247238963842392,123,1.915489806775087e-06
3801,0.9950956106185913,0.004904389381408691,1.1243144273757935,0.016098489984869957,123,1.915489806775087e-06
3802,0.9947838187217712,0.00521618127822876,1.1266555786132812,0.016430575400590897,123,1.915489806775087e-06
3803,0.9949249625205994,0.005075037479400635,1.1287493705749512,0.016311781480908394,123,1.915489806775087e-06
3804,0.9950185418128967,0.0049814581871032715,1.1315021514892578,0.01624666526913643,123,1.915489806775087e-06
3805,0.995022714138031,0.004977285861968994,1.1164480447769165,0.01609199307858944,123,1.915489806775087e-06
3806,0.9949321150779724,0.005067884922027588,1.122179388999939,0.016238998621702194,123,1.915489806775087e-06
3807,0.9949744939804077,0.005025506019592285,1.1370600461959839,0.016345851123332977,123,1.915489806775087e-06
3808,0.9948335886001587,0.005166411399841309,1.1375962495803833,0.01649070903658867,123,1.915489806775087e-06
3809,0.9949319362640381,0.005068063735961914,1.1281611919403076,0.016298994421958923,123,1.915489806775087e-06
3810,0.9949293732643127,0.005070626735687256,1.1336278915405273,0.016356199979782104,123,1.915489806775087e-06
3811,0.9949241280555725,0.00507587194442749,1.1277307271957397,0.01630241982638836,123,1.915489806775087e-06
3812,0.9949914216995239,0.005008578300476074,1.122902750968933,0.01618751883506775,123,1.915489806775087e-06
3813,0.9949566721916199,0.005043327808380127,1.1190741062164307,0.016183635219931602,124,1.8197153164363325e-06
3814,0.9949622750282288,0.00503772497177124,1.1318737268447876,0.016306083649396896,124,1.8197153164363325e-06
3815,0.9950215816497803,0.0049784183502197266,1.127764344215393,0.016206277534365654,124,1.8197153164363325e-06
3816,0.9949408769607544,0.0050591230392456055,1.1264275312423706,0.016272805631160736,124,1.8197153164363325e-06
3817,0.9950167536735535,0.004983246326446533,1.1341702938079834,0.01627511717379093,124,1.8197153164363325e-06
3818,0.9948809146881104,0.0051190853118896484,1.1285464763641357,0.016353359445929527,124,1.8197153164363325e-06
3819,0.9950963854789734,0.004903614521026611,1.1377348899841309,0.016231928020715714,124,1.8197153164363325e-06
3820,0.9951461553573608,0.00485384464263916,1.1397533416748047,0.016202839091420174,124,1.8197153164363325e-06
3821,0.9949103593826294,0.0050896406173706055,1.1381607055664062,0.016420351341366768,124,1.8197153164363325e-06
3822,0.9948928952217102,0.005107104778289795,1.1275699138641357,0.016331732273101807,124,1.8197153164363325e-06
3823,0.9950488209724426,0.004951179027557373,1.119241714477539,0.016094084829092026,124,1.8197153164363325e-06
3824,0.9948837161064148,0.005116283893585205,1.1258280277252197,0.016323400661349297,124,1.8197153164363325e-06
3825,0.995017409324646,0.004982590675354004,1.118821382522583,0.016120977699756622,124,1.8197153164363325e-06
3826,0.9949306845664978,0.005069315433502197,1.1400623321533203,0.016419244930148125,124,1.8197153164363325e-06
3827,0.995000422000885,0.00499957799911499,1.1295971870422363,0.016245553269982338,124,1.8197153164363325e-06
3828,0.9948065876960754,0.0051934123039245605,1.1342098712921143,0.016483575105667114,124,1.8197153164363325e-06
3829,0.9950207471847534,0.004979252815246582,1.1268386840820312,0.016197847202420235,124,1.8197153164363325e-06
3830,0.9949584007263184,0.005041599273681641,1.1300747394561768,0.01629193127155304,124,1.8197153164363325e-06
3831,0.99485844373703,0.005141556262969971,1.113924264907837,0.016229383647441864,124,1.8197153164363325e-06
3832,0.9948893189430237,0.005110681056976318,1.1453962326049805,0.016513535752892494,124,1.8197153164363325e-06
3833,0.9949661493301392,0.00503385066986084,1.1281284093856812,0.016264796257019043,124,1.8197153164363325e-06
3834,0.9948665499687195,0.005133450031280518,1.1375274658203125,0.016457390040159225,124,1.8197153164363325e-06
3835,0.9949254393577576,0.005074560642242432,1.1276391744613647,0.016300207003951073,124,1.8197153164363325e-06
3836,0.9948764443397522,0.005123555660247803,1.1231870651245117,0.016304191201925278,124,1.8197153164363325e-06
3837,0.9949303269386292,0.00506967306137085,1.139411211013794,0.016413088887929916,124,1.8197153164363325e-06
3838,0.9950466156005859,0.0049533843994140625,1.1299618482589722,0.016203468665480614,124,1.8197153164363325e-06
3839,0.9949328899383545,0.005067110061645508,1.1366056203842163,0.016382494941353798,124,1.8197153164363325e-06
3840,0.9948535561561584,0.005146443843841553,1.126023530960083,0.01635521464049816,124,1.8197153164363325e-06
3841,0.9949532747268677,0.005046725273132324,1.1218844652175903,0.01621510274708271,124,1.8197153164363325e-06
3842,0.9950743913650513,0.0049256086349487305,1.119281530380249,0.016069168224930763,124,1.8197153164363325e-06
3843,0.9947885870933533,0.0052114129066467285,1.1303277015686035,0.016462575644254684,124,1.8197153164363325e-06
3844,0.9948431253433228,0.005156874656677246,1.117200255393982,0.016277307644486427,125,1.7287295506145157e-06
3845,0.9948791265487671,0.00512087345123291,1.1263389587402344,0.01633305475115776,125,1.7287295506145157e-06
3846,0.9950271248817444,0.004972875118255615,1.128157138824463,0.016204718500375748,125,1.7287295506145157e-06
3847,0.9949390292167664,0.005060970783233643,1.1228563785552979,0.016238924115896225,125,1.7287295506145157e-06
3848,0.9949737191200256,0.005026280879974365,1.140166997909546,0.016377687454223633,125,1.7287295506145157e-06
3849,0.9950212240219116,0.004978775978088379,1.1295758485794067,0.01622474566102028,125,1.7287295506145157e-06
3850,0.9949687123298645,0.005031287670135498,1.13054358959198,0.01628641039133072,125,1.7287295506145157e-06
3851,0.9948628544807434,0.005137145519256592,1.134698510169983,0.016432758420705795,125,1.7287295506145157e-06
3852,0.9949234127998352,0.005076587200164795,1.1181811094284058,0.016207631677389145,125,1.7287295506145157e-06
3853,0.9950037002563477,0.004996299743652344,1.1265195608139038,0.016211532056331635,125,1.7287295506145157e-06
3854,0.9949538707733154,0.00504612922668457,1.1292580366134644,0.01628824882209301,125,1.7287295506145157e-06
3855,0.9950684905052185,0.004931509494781494,1.1294071674346924,0.016176266595721245,125,1.7287295506145157e-06
3856,0.9950643181800842,0.0049356818199157715,1.133478045463562,0.01622110605239868,125,1.7287295506145157e-06
3857,0.9948471188545227,0.005152881145477295,1.1355146169662476,0.016456497833132744,125,1.7287295506145157e-06
3858,0.9948821067810059,0.005117893218994141,1.1308443546295166,0.016375157982110977,125,1.7287295506145157e-06
3859,0.9948466420173645,0.005153357982635498,1.1444523334503174,0.016546348109841347,125,1.7287295506145157e-06
3860,0.9948158860206604,0.0051841139793396,1.1251140832901,0.01638341322541237,125,1.7287295506145157e-06
3861,0.9950106739997864,0.004989326000213623,1.121461033821106,0.01615404337644577,125,1.7287295506145157e-06
3862,0.9949268102645874,0.005073189735412598,1.1442208290100098,0.01646466553211212,125,1.7287295506145157e-06
3863,0.995028018951416,0.004971981048583984,1.14008629322052,0.01632312312722206,125,1.7287295506145157e-06
3864,0.9948634505271912,0.005136549472808838,1.1224079132080078,0.016309263184666634,125,1.7287295506145157e-06
3865,0.9949647784233093,0.005035221576690674,1.1264233589172363,0.016249101608991623,125,1.7287295506145157e-06
3866,0.9948986172676086,0.005101382732391357,1.1346408128738403,0.0163967777043581,125,1.7287295506145157e-06
3867,0.9950155019760132,0.004984498023986816,1.1240694522857666,0.016175348311662674,125,1.7287295506145157e-06
3868,0.9949952363967896,0.005004763603210449,1.1350033283233643,0.016304749995470047,125,1.7287295506145157e-06
3869,0.994896650314331,0.005103349685668945,1.1266698837280273,0.016319014132022858,125,1.7287295506145157e-06
3870,0.9949442744255066,0.005055725574493408,1.1300641298294067,0.01630580984055996,125,1.7287295506145157e-06
3871,0.9949657917022705,0.005034208297729492,1.124448537826538,0.01622835174202919,125,1.7287295506145157e-06
3872,0.9950368404388428,0.0049631595611572266,1.1344263553619385,0.016257790848612785,125,1.7287295506145157e-06
3873,0.9951285719871521,0.0048714280128479,1.1146281957626343,0.015968995168805122,125,1.7287295506145157e-06
3874,0.9948694109916687,0.005130589008331299,1.132798671722412,0.01640726998448372,125,1.7287295506145157e-06
3875,0.9949292540550232,0.005070745944976807,1.1278748512268066,0.01629878766834736,126,1.6422930730837899e-06
3876,0.9948216676712036,0.005178332328796387,1.1342662572860718,0.016469210386276245,126,1.6422930730837899e-06
3877,0.994915783405304,0.005084216594696045,1.1177536249160767,0.01621090993285179,126,1.6422930730837899e-06
3878,0.994819164276123,0.005180835723876953,1.1434358358383179,0.016563385725021362,126,1.6422930730837899e-06
3879,0.9950885772705078,0.0049114227294921875,1.134711742401123,0.016209425404667854,126,1.6422930730837899e-06
3880,0.9949254393577576,0.005074560642242432,1.1237930059432983,0.016261745244264603,126,1.6422930730837899e-06
3881,0.9947983622550964,0.0052016377449035645,1.129029393196106,0.01643991470336914,126,1.6422930730837899e-06
3882,0.9949737191200256,0.005026280879974365,1.1314759254455566,0.016290776431560516,126,1.6422930730837899e-06
3883,0.9950903058052063,0.004909694194793701,1.135072112083435,0.016211317852139473,126,1.6422930730837899e-06
3884,0.9948962330818176,0.005103766918182373,1.1234972476959229,0.016287703067064285,126,1.6422930730837899e-06
3885,0.9949439167976379,0.0050560832023620605,1.1310248374938965,0.016315769404172897,126,1.6422930730837899e-06
3886,0.9949519634246826,0.005048036575317383,1.1287038326263428,0.01628459431231022,126,1.6422930730837899e-06
3887,0.9948883652687073,0.005111634731292725,1.1302446126937866,0.01636296510696411,126,1.6422930730837899e-06
3888,0.9950116276741028,0.004988372325897217,1.1184858083724976,0.016123346984386444,126,1.6422930730837899e-06
3889,0.9949689507484436,0.0050310492515563965,1.1442886590957642,0.016423625871539116,126,1.6422930730837899e-06
3890,0.9948421120643616,0.005157887935638428,1.1234370470046997,0.016340678557753563,126,1.6422930730837899e-06
3891,0.9951907396316528,0.004809260368347168,1.1280993223190308,0.016042161732912064,126,1.6422930730837899e-06
3892,0.9948458671569824,0.005154132843017578,1.1181352138519287,0.016283944249153137,126,1.6422930730837899e-06
3893,0.9950165152549744,0.004983484745025635,1.1252856254577637,0.016186505556106567,126,1.6422930730837899e-06
3894,0.9949852228164673,0.005014777183532715,1.1426303386688232,0.016390932723879814,126,1.6422930730837899e-06
3895,0.9949902892112732,0.005009710788726807,1.1275173425674438,0.016234787181019783,126,1.6422930730837899e-06
3896,0.9951571822166443,0.004842817783355713,1.1382795572280884,0.016177184879779816,126,1.6422930730837899e-06
3897,0.9948435425758362,0.005156457424163818,1.122834324836731,0.016333235427737236,126,1.6422930730837899e-06
3898,0.9948831796646118,0.005116820335388184,1.1465755701065063,0.016531407833099365,126,1.6422930730837899e-06
3899,0.9949977397918701,0.005002260208129883,1.1281676292419434,0.016233913600444794,126,1.6422930730837899e-06
3900,0.9950377941131592,0.00496220588684082,1.1277703046798706,0.016190286725759506,126,1.6422930730837899e-06
3901,0.9950767755508423,0.004923224449157715,1.124124526977539,0.016115237027406693,126,1.6422930730837899e-06
3902,0.9948707818984985,0.005129218101501465,1.1201778650283813,0.016279704868793488,126,1.6422930730837899e-06
3903,0.9948992729187012,0.005100727081298828,1.1153788566589355,0.016203507781028748,126,1.6422930730837899e-06
3904,0.9949395656585693,0.005060434341430664,1.1327356100082397,0.016337186098098755,126,1.6422930730837899e-06
3905,0.9949218034744263,0.0050781965255737305,1.1384984254837036,0.01641239784657955,126,1.6422930730837899e-06
3906,0.9949511289596558,0.005048871040344238,1.1263556480407715,0.016261938959360123,127,1.5601784194296004e-06
3907,0.9949859976768494,0.005014002323150635,1.132770299911499,0.01629156433045864,127,1.5601784194296004e-06
3908,0.9950462579727173,0.004953742027282715,1.1189634799957275,0.016093838959932327,127,1.5601784194296004e-06
3909,0.9951006770133972,0.004899322986602783,1.1212917566299438,0.016063246876001358,127,1.5601784194296004e-06
3910,0.9949460029602051,0.005053997039794922,1.1269638538360596,0.016273096203804016,127,1.5601784194296004e-06
3911,0.9948346018791199,0.005165398120880127,1.1324113607406616,0.01643785834312439,127,1.5601784194296004e-06
3912,0.99502032995224,0.00497967004776001,1.1348882913589478,0.01627875678241253,127,1.5601784194296004e-06
3913,0.9948865175247192,0.005113482475280762,1.1254568099975586,0.016316914930939674,127,1.5601784194296004e-06
3914,0.9949372410774231,0.005062758922576904,1.1237733364105225,0.016249865293502808,127,1.5601784194296004e-06
3915,0.9948867559432983,0.00511324405670166,1.127185583114624,0.016333967447280884,127,1.5601784194296004e-06
3916,0.9950482249259949,0.004951775074005127,1.1396114826202393,0.01629837229847908,127,1.5601784194296004e-06
3917,0.9950011372566223,0.0049988627433776855,1.135765552520752,0.016306528821587563,127,1.5601784194296004e-06
3918,0.9947842955589294,0.005215704441070557,1.1290231943130493,0.016453780233860016,127,1.5601784194296004e-06
3919,0.9949906468391418,0.005009353160858154,1.1295102834701538,0.01625436171889305,127,1.5601784194296004e-06
3920,0.9949023723602295,0.005097627639770508,1.1256805658340454,0.01630345731973648,127,1.5601784194296004e-06
3921,0.9947761297225952,0.005223870277404785,1.1317110061645508,0.01648874208331108,127,1.5601784194296004e-06
3922,0.9949039816856384,0.005096018314361572,1.119726300239563,0.016242321580648422,127,1.5601784194296004e-06
3923,0.9950714111328125,0.0049285888671875,1.1565321683883667,0.016444623470306396,127,1.5601784194296004e-06
3924,0.9949329495429993,0.005067050457000732,1.1139335632324219,0.01615571603178978,127,1.5601784194296004e-06
3925,0.9949196577072144,0.0050803422927856445,1.1221357583999634,0.01625089719891548,127,1.5601784194296004e-06
3926,0.995090663433075,0.004909336566925049,1.1278150081634521,0.016138393431901932,127,1.5601784194296004e-06
3927,0.9950681924819946,0.004931807518005371,1.1231803894042969,0.016114292666316032,127,1.5601784194296004e-06
3928,0.9950485825538635,0.004951417446136475,1.123468279838562,0.016136586666107178,127,1.5601784194296004e-06
3929,0.9948505759239197,0.005149424076080322,1.1297698020935059,0.016395628452301025,127,1.5601784194296004e-06
3930,0.9950077533721924,0.004992246627807617,1.1390963792800903,0.016333287581801414,127,1.5601784194296004e-06
3931,0.9948776364326477,0.005122363567352295,1.1341005563735962,0.016412146389484406,127,1.5601784194296004e-06
3932,0.9950279593467712,0.00497204065322876,1.1291005611419678,0.016213325783610344,127,1.5601784194296004e-06
3933,0.9948124289512634,0.005187571048736572,1.1157020330429077,0.016292715445160866,127,1.5601784194296004e-06
3934,0.9950608611106873,0.004939138889312744,1.1317194700241089,0.01620694249868393,127,1.5601784194296004e-06
3935,0.994834840297699,0.005165159702301025,1.140697717666626,0.016520485281944275,127,1.5601784194296004e-06
3936,0.9949864745140076,0.005013525485992432,1.143446445465088,0.016397854313254356,127,1.5601784194296004e-06
3937,0.9950111508369446,0.00498884916305542,1.1323516368865967,0.01626247726380825,128,1.4821694984581202e-06
3938,0.9949761629104614,0.005023837089538574,1.1263089179992676,0.016236688941717148,128,1.4821694984581202e-06
3939,0.9948955178260803,0.005104482173919678,1.1204814910888672,0.016258250921964645,128,1.4821694984581202e-06
3940,0.9948499798774719,0.005150020122528076,1.1409515142440796,0.016508035361766815,128,1.4821694984581202e-06
3941,0.9949244260787964,0.005075573921203613,1.132857322692871,0.016353391110897064,128,1.4821694984581202e-06
3942,0.9949755668640137,0.005024433135986328,1.1257660388946533,0.016231849789619446,128,1.4821694984581202e-06
3943,0.9952291250228882,0.004770874977111816,1.138008713722229,0.01610325276851654,128,1.4821694984581202e-06
3944,0.9949507713317871,0.005049228668212891,1.1203439235687256,0.016202175989747047,128,1.4821694984581202e-06
3945,0.9951616525650024,0.004838347434997559,1.1332887411117554,0.01612285152077675,128,1.4821694984581202e-06
3946,0.9948235750198364,0.005176424980163574,1.118349313735962,0.016308153048157692,128,1.4821694984581202e-06
3947,0.994960606098175,0.005039393901824951,1.1390870809555054,0.01637987047433853,128,1.4821694984581202e-06
3948,0.9948638677597046,0.00513613224029541,1.1259441375732422,0.016344211995601654,128,1.4821694984581202e-06
3949,0.9949594140052795,0.005040585994720459,1.1291394233703613,0.016281574964523315,128,1.4821694984581202e-06
3950,0.9950298070907593,0.004970192909240723,1.1370766162872314,0.016291256994009018,128,1.4821694984581202e-06
3951,0.9949169754981995,0.005083024501800537,1.1154229640960693,0.01618642359972,128,1.4821694984581202e-06
3952,0.9950857162475586,0.004914283752441406,1.1351356506347656,0.016216497868299484,128,1.4821694984581202e-06
3953,0.9950121641159058,0.004987835884094238,1.1449111700057983,0.01638706959784031,128,1.4821694984581202e-06
3954,0.9949231743812561,0.0050768256187438965,1.124120831489563,0.016267266124486923,128,1.4821694984581202e-06
3955,0.9949646592140198,0.005035340785980225,1.1256427764892578,0.016241414472460747,128,1.4821694984581202e-06
3956,0.994835376739502,0.005164623260498047,1.1100894212722778,0.01621387153863907,128,1.4821694984581202e-06
3957,0.9948176145553589,0.005182385444641113,1.131334662437439,0.016443908214569092,128,1.4821694984581202e-06
3958,0.9950230717658997,0.004976928234100342,1.13999605178833,0.01632711850106716,128,1.4821694984581202e-06
3959,0.9949514865875244,0.005048513412475586,1.1264355182647705,0.01626238226890564,128,1.4821694984581202e-06
3960,0.9950220584869385,0.0049779415130615234,1.1318477392196655,0.01624663919210434,128,1.4821694984581202e-06
3961,0.9951724410057068,0.004827558994293213,1.1211445331573486,0.01599072851240635,128,1.4821694984581202e-06
3962,0.9947896599769592,0.0052103400230407715,1.120902419090271,0.016367260366678238,128,1.4821694984581202e-06
3963,0.9949192404747009,0.005080759525299072,1.1307873725891113,0.01633782684803009,128,1.4821694984581202e-06
3964,0.9949367642402649,0.005063235759735107,1.1278992891311646,0.016291595995426178,128,1.4821694984581202e-06
3965,0.9948088526725769,0.005191147327423096,1.137782096862793,0.01651705615222454,128,1.4821694984581202e-06
3966,0.9949380159378052,0.005061984062194824,1.1246676445007324,0.016258040443062782,128,1.4821694984581202e-06
3967,0.9947383403778076,0.005261659622192383,1.1445441246032715,0.01665448397397995,128,1.4821694984581202e-06
3968,0.994972288608551,0.005027711391448975,1.1264970302581787,0.01624240353703499,129,1.4080610235352142e-06
3969,0.9950630068778992,0.00493699312210083,1.1273609399795532,0.016161233186721802,129,1.4080610235352142e-06
3970,0.9948818683624268,0.005118131637573242,1.1151756048202515,0.016218706965446472,129,1.4080610235352142e-06
3971,0.994869589805603,0.005130410194396973,1.1257191896438599,0.01633629761636257,129,1.4080610235352142e-06
3972,0.9948334693908691,0.005166530609130859,1.1330143213272095,0.016445007175207138,129,1.4080610235352142e-06
3973,0.994995653629303,0.0050043463706970215,1.1322004795074463,0.01627630740404129,129,1.4080610235352142e-06
3974,0.9949267506599426,0.005073249340057373,1.1201369762420654,0.016223886981606483,129,1.4080610235352142e-06
3975,0.995015561580658,0.004984438419342041,1.1459596157073975,0.01639419049024582,129,1.4080610235352142e-06
3976,0.9949249625205994,0.005075037479400635,1.1370068788528442,0.0163943562656641,129,1.4080610235352142e-06
3977,0.9948406219482422,0.0051593780517578125,1.1232701539993286,0.016340484842658043,129,1.4080610235352142e-06
3978,0.9949301481246948,0.005069851875305176,1.1259325742721558,0.016278479248285294,129,1.4080610235352142e-06
3979,0.9947679042816162,0.005232095718383789,1.1233129501342773,0.016412904486060143,129,1.4080610235352142e-06
3980,0.994907557964325,0.005092442035675049,1.1371245384216309,0.0164127629250288,129,1.4080610235352142e-06
3981,0.9949735999107361,0.005026400089263916,1.1327799558639526,0.016303936019539833,129,1.4080610235352142e-06
3982,0.9950680732727051,0.004931926727294922,1.1492117643356323,0.016374725848436356,129,1.4080610235352142e-06
3983,0.994848370552063,0.005151629447937012,1.1376780271530151,0.016476893797516823,129,1.4080610235352142e-06
3984,0.9948644042015076,0.005135595798492432,1.1215358972549438,0.016299597918987274,129,1.4080610235352142e-06
3985,0.9951440095901489,0.004855990409851074,1.1228684186935425,0.01603611558675766,129,1.4080610235352142e-06
3986,0.9951121211051941,0.004887878894805908,1.1217790842056274,0.016056790947914124,129,1.4080610235352142e-06
3987,0.9948520660400391,0.0051479339599609375,1.12825608253479,0.016379015520215034,129,1.4080610235352142e-06
3988,0.994929313659668,0.005070686340332031,1.1243106126785278,0.01626308634877205,129,1.4080610235352142e-06
3989,0.9948737025260925,0.005126297473907471,1.1344376802444458,0.016419410705566406,129,1.4080610235352142e-06
3990,0.9951523542404175,0.0048476457595825195,1.1362334489822388,0.01616150327026844,129,1.4080610235352142e-06
3991,0.9949885606765747,0.005011439323425293,1.1307623386383057,0.01626894809305668,129,1.4080610235352142e-06
3992,0.9950496554374695,0.004950344562530518,1.132798194885254,0.016228822991251945,129,1.4080610235352142e-06
3993,0.9949427843093872,0.005057215690612793,1.1185520887374878,0.01619216427206993,129,1.4080610235352142e-06
3994,0.9948029518127441,0.005197048187255859,1.1242568492889404,0.01638764515519142,129,1.4080610235352142e-06
3995,0.9950845241546631,0.004915475845336914,1.12281334400177,0.016094453632831573,129,1.4080610235352142e-06
3996,0.9949546456336975,0.00504535436630249,1.12699556350708,0.01626485586166382,129,1.4080610235352142e-06
3997,0.9950490593910217,0.0049509406089782715,1.1414817571640015,0.01631624810397625,129,1.4080610235352142e-06
3998,0.9949501156806946,0.00504988431930542,1.1269217729568481,0.01626860350370407,129,1.4080610235352142e-06
3999,0.994870126247406,0.005129873752593994,1.1221704483032227,0.016300279647111893,130,1.3376579723584535e-06
4000,0.9950125217437744,0.004987478256225586,1.129573106765747,0.016233334317803383,130,1.3376579723584535e-06
4001,0.9948563575744629,0.005143642425537109,1.1333240270614624,0.016425445675849915,130,1.3376579723584535e-06
4002,0.9949761033058167,0.00502389669418335,1.1204888820648193,0.016178546473383904,130,1.3376579723584535e-06
4003,0.9949636459350586,0.005036354064941406,1.1210849285125732,0.0161968395113945,130,1.3376579723584535e-06
4004,0.9949650168418884,0.005034983158111572,1.1277480125427246,0.01626211404800415,130,1.3376579723584535e-06
4005,0.9949485659599304,0.00505143404006958,1.1322375535964966,0.01632329449057579,130,1.3376579723584535e-06
4006,0.9950777292251587,0.004922270774841309,1.1266647577285767,0.016139695420861244,130,1.3376579723584535e-06
4007,0.9950183629989624,0.004981637001037598,1.1187877655029297,0.0161196980625391,130,1.3376579723584535e-06
4008,0.9949079155921936,0.0050920844078063965,1.1310850381851196,0.016352012753486633,130,1.3376579723584535e-06
4009,0.9948567152023315,0.005143284797668457,1.1336103677749634,0.01642795465886593,130,1.3376579723584535e-06
4010,0.9951330423355103,0.004866957664489746,1.129101037979126,0.016109298914670944,130,1.3376579723584535e-06
4011,0.9950754642486572,0.0049245357513427734,1.125413179397583,0.016129422932863235,130,1.3376579723584535e-06
4012,0.9950623512268066,0.004937648773193359,1.1249113082885742,0.016137385740876198,130,1.3376579723584535e-06
4013,0.9948133230209351,0.005186676979064941,1.135978102684021,0.016494590789079666,130,1.3376579723584535e-06
4014,0.9950429797172546,0.004957020282745361,1.1250638961791992,0.0161580890417099,130,1.3376579723584535e-06
4015,0.9949268698692322,0.005073130130767822,1.1375545263290405,0.01639794372022152,130,1.3376579723584535e-06
4016,0.9947904348373413,0.005209565162658691,1.1258987188339233,0.016416456550359726,130,1.3376579723584535e-06
4017,0.9949678778648376,0.0050321221351623535,1.143040418624878,0.01641220599412918,130,1.3376579723584535e-06
4018,0.9949186444282532,0.005081355571746826,1.144020915031433,0.01647075079381466,130,1.3376579723584535e-06
4019,0.9948923587799072,0.0051076412200927734,1.1367316246032715,0.01642388105392456,130,1.3376579723584535e-06
4020,0.9950947761535645,0.004905223846435547,1.1331448554992676,0.016187619417905807,130,1.3376579723584535e-06
4021,0.9950558543205261,0.004944145679473877,1.1301867961883545,0.01619657129049301,130,1.3376579723584535e-06
4022,0.9949018359184265,0.005098164081573486,1.1222164630889893,0.016269346699118614,130,1.3376579723584535e-06
4023,0.9950048327445984,0.004995167255401611,1.128431797027588,0.016229532659053802,130,1.3376579723584535e-06
4024,0.9949368834495544,0.005063116550445557,1.1155260801315308,0.016167746856808662,130,1.3376579723584535e-06
4025,0.9949236512184143,0.005076348781585693,1.1306029558181763,0.016331614926457405,130,1.3376579723584535e-06
4026,0.9948837757110596,0.00511622428894043,1.122504472732544,0.016290105879306793,130,1.3376579723584535e-06
4027,0.9949246644973755,0.005075335502624512,1.1299774646759033,0.016324356198310852,130,1.3376579723584535e-06
4028,0.9948197603225708,0.005180239677429199,1.127027988433838,0.01639871671795845,130,1.3376579723584535e-06
4029,0.9950501918792725,0.004949808120727539,1.1460011005401611,0.016360320150852203,130,1.3376579723584535e-06
4030,0.9950271248817444,0.004972875118255615,1.1423219442367554,0.016346365213394165,131,1.2707750737405307e-06
4031,0.9949390888214111,0.005060911178588867,1.1270216703414917,0.0162805188447237,131,1.2707750737405307e-06
4032,0.9948834180831909,0.005116581916809082,1.1125823259353638,0.016191238537430763,131,1.2707750737405307e-06
4033,0.9950827956199646,0.0049172043800354,1.1223828792572021,0.016091860830783844,131,1.2707750737405307e-06
4034,0.994992196559906,0.005007803440093994,1.1343492269515991,0.016301218420267105,131,1.2707750737405307e-06
4035,0.9948432445526123,0.005156755447387695,1.1212080717086792,0.016317268833518028,131,1.2707750737405307e-06
4036,0.9948310256004333,0.00516897439956665,1.1209847927093506,0.016327131539583206,131,1.2707750737405307e-06
4037,0.9949521422386169,0.005047857761383057,1.1291563510894775,0.016288943588733673,131,1.2707750737405307e-06
4038,0.9950203895568848,0.004979610443115234,1.140906810760498,0.016338881105184555,131,1.2707750737405307e-06
4039,0.9948474168777466,0.005152583122253418,1.1266801357269287,0.01636785827577114,131,1.2707750737405307e-06
4040,0.9950598478317261,0.004940152168273926,1.1265934705734253,0.01615668460726738,131,1.2707750737405307e-06
4041,0.994798481464386,0.005201518535614014,1.1151278018951416,0.016300780698657036,131,1.2707750737405307e-06
4042,0.9949299097061157,0.005070090293884277,1.1261446475982666,0.01628083549439907,131,1.2707750737405307e-06
4043,0.995031476020813,0.004968523979187012,1.1220916509628296,0.01613975502550602,131,1.2707750737405307e-06
4044,0.9949870705604553,0.005012929439544678,1.1265723705291748,0.01622852310538292,131,1.2707750737405307e-06
4045,0.9948518872261047,0.005148112773895264,1.135788083076477,0.016454512253403664,131,1.2707750737405307e-06
4046,0.9950168132781982,0.004983186721801758,1.1279585361480713,0.016212940216064453,131,1.2707750737405307e-06
4047,0.994927704334259,0.005072295665740967,1.1475611925125122,0.016497183591127396,131,1.2707750737405307e-06
4048,0.9948471188545227,0.005152881145477295,1.1268186569213867,0.016369538381695747,131,1.2707750737405307e-06
4049,0.9949062466621399,0.005093753337860107,1.143208622932434,0.016474902629852295,131,1.2707750737405307e-06
4050,0.9949772953987122,0.005022704601287842,1.132196307182312,0.016294440254569054,131,1.2707750737405307e-06
4051,0.9950298070907593,0.004970192909240723,1.1265169382095337,0.016185659915208817,131,1.2707750737405307e-06
4052,0.9949741959571838,0.005025804042816162,1.1252682209014893,0.01622822880744934,131,1.2707750737405307e-06
4053,0.9950416088104248,0.004958391189575195,1.135064959526062,0.016259456053376198,131,1.2707750737405307e-06
4054,0.9949726462364197,0.005027353763580322,1.1324787139892578,0.016301866620779037,131,1.2707750737405307e-06
4055,0.9950805902481079,0.00491940975189209,1.131518840789795,0.016185404732823372,131,1.2707750737405307e-06
4056,0.9948925971984863,0.005107402801513672,1.1290936470031738,0.016347264871001244,131,1.2707750737405307e-06
4057,0.9950858354568481,0.0049141645431518555,1.1272954940795898,0.016137978062033653,131,1.2707750737405307e-06
4058,0.9949364066123962,0.00506359338760376,1.1293885707855225,0.016306843608617783,131,1.2707750737405307e-06
4059,0.9948422312736511,0.005157768726348877,1.1283576488494873,0.016389768570661545,131,1.2707750737405307e-06
4060,0.9950169324874878,0.004983067512512207,1.1339322328567505,0.016272559762001038,131,1.2707750737405307e-06
4061,0.9948828220367432,0.005117177963256836,1.1219487190246582,0.016285493969917297,132,1.2072363200535042e-06
4062,0.9950568675994873,0.004943132400512695,1.1358823776245117,0.01625252515077591,132,1.2072363200535042e-06
4063,0.9949595332145691,0.005040466785430908,1.1277426481246948,0.01626748777925968,132,1.2072363200535042e-06
4064,0.9951343536376953,0.0048656463623046875,1.1294220685958862,0.016111209988594055,132,1.2072363200535042e-06
4065,0.9951790571212769,0.0048209428787231445,1.1353543996810913,0.016126276925206184,132,1.2072363200535042e-06
4066,0.9949533939361572,0.0050466060638427734,1.1357940435409546,0.01635408028960228,132,1.2072363200535042e-06
4067,0.9948605895042419,0.005139410495758057,1.1271331310272217,0.016359347850084305,132,1.2072363200535042e-06
4068,0.9949765205383301,0.005023479461669922,1.1249984502792358,0.016223229467868805,132,1.2072363200535042e-06
4069,0.994750440120697,0.0052495598793029785,1.1292107105255127,0.016489170491695404,132,1.2072363200535042e-06
4070,0.9949630498886108,0.00503695011138916,1.1399633884429932,0.016386214643716812,132,1.2072363200535042e-06
4071,0.9948380589485168,0.005161941051483154,1.1277432441711426,0.016387753188610077,132,1.2072363200535042e-06
4072,0.9950434565544128,0.004956543445587158,1.1190704107284546,0.01609768159687519,132,1.2072363200535042e-06
4073,0.9948863983154297,0.0051136016845703125,1.129302740097046,0.016355492174625397,132,1.2072363200535042e-06
4074,0.9948773980140686,0.0051226019859313965,1.1355820894241333,0.01642719656229019,132,1.2072363200535042e-06
4075,0.994949460029602,0.005050539970397949,1.1264934539794922,0.01626496948301792,132,1.2072363200535042e-06
4076,0.9948768615722656,0.005123138427734375,1.1212395429611206,0.01628430187702179,132,1.2072363200535042e-06
4077,0.9949803352355957,0.005019664764404297,1.1279618740081787,0.01624908670783043,132,1.2072363200535042e-06
4078,0.9949418306350708,0.005058169364929199,1.1297823190689087,0.016305411234498024,132,1.2072363200535042e-06
4079,0.9950975775718689,0.0049024224281311035,1.1244311332702637,0.01609770953655243,132,1.2072363200535042e-06
4080,0.9949273467063904,0.005072653293609619,1.1323163509368896,0.01634509116411209,132,1.2072363200535042e-06
4081,0.9949429035186768,0.005057096481323242,1.132238745689392,0.01632891222834587,132,1.2072363200535042e-06
4082,0.9949722290039062,0.00502777099609375,1.1272423267364502,0.016249917447566986,132,1.2072363200535042e-06
4083,0.994985818862915,0.005014181137084961,1.1348013877868652,0.01631205342710018,132,1.2072363200535042e-06
4084,0.9950171709060669,0.0049828290939331055,1.1311651468276978,0.01624465174973011,132,1.2072363200535042e-06
4085,0.9949818253517151,0.005018174648284912,1.120085597038269,0.016168847680091858,132,1.2072363200535042e-06
4086,0.9950807690620422,0.004919230937957764,1.1180483102798462,0.016050521284341812,132,1.2072363200535042e-06
4087,0.9948722720146179,0.00512772798538208,1.1379458904266357,0.016455909237265587,132,1.2072363200535042e-06
4088,0.9949986934661865,0.0050013065338134766,1.1326689720153809,0.016277983784675598,132,1.2072363200535042e-06
4089,0.9948586225509644,0.0051413774490356445,1.1346522569656372,0.016436487436294556,132,1.2072363200535042e-06
4090,0.9948496222496033,0.0051503777503967285,1.1276233196258545,0.016375107690691948,132,1.2072363200535042e-06
4091,0.9949774146080017,0.005022585391998291,1.12839674949646,0.01625632680952549,132,1.2072363200535042e-06
4092,0.99504554271698,0.0049544572830200195,1.1258935928344727,0.016163848340511322,133,1.146874504050829e-06
4093,0.9949226975440979,0.0050773024559021,1.1434853076934814,0.016461383551359177,133,1.146874504050829e-06
4094,0.9950343370437622,0.004965662956237793,1.1236984729766846,0.016152990981936455,133,1.146874504050829e-06
4095,0.9949997663497925,0.0050002336502075195,1.1307482719421387,0.016257714480161667,133,1.146874504050829e-06
4096,0.9951369166374207,0.004863083362579346,1.1360076665878296,0.016174528747797012,133,1.146874504050829e-06
4097,0.9949408769607544,0.0050591230392456055,1.1420425176620483,0.016428956761956215,133,1.146874504050829e-06
4098,0.994854748249054,0.005145251750946045,1.1319822072982788,0.016413621604442596,133,1.146874504050829e-06
4099,0.9948471188545227,0.005152881145477295,1.1169819831848145,0.01627117209136486,133,1.146874504050829e-06
4100,0.9948719143867493,0.005128085613250732,1.121417760848999,0.016290981322526932,133,1.146874504050829e-06
4101,0.9948645234107971,0.005135476589202881,1.1227619647979736,0.01631174236536026,133,1.146874504050829e-06
4102,0.9948699474334717,0.00513005256652832,1.1268984079360962,0.016347736120224,133,1.146874504050829e-06
4103,0.9949615597724915,0.005038440227508545,1.1261999607086182,0.01625005528330803,133,1.146874504050829e-06
4104,0.9948936700820923,0.005106329917907715,1.1200335025787354,0.01625560224056244,133,1.146874504050829e-06
4105,0.9949742555618286,0.005025744438171387,1.1330033540725708,0.01630552113056183,133,1.146874504050829e-06
4106,0.994896650314331,0.005103349685668945,1.1286845207214355,0.01633916050195694,133,1.146874504050829e-06
4107,0.9949671626091003,0.005032837390899658,1.1409785747528076,0.016392294317483902,133,1.146874504050829e-06
4108,0.9948569536209106,0.0051430463790893555,1.140160083770752,0.016493216156959534,133,1.146874504050829e-06
4109,0.9948718547821045,0.005128145217895508,1.1275405883789062,0.016352269798517227,133,1.146874504050829e-06
4110,0.9949728846549988,0.005027115345001221,1.1338660717010498,0.016315504908561707,133,1.146874504050829e-06
4111,0.9950597882270813,0.004940211772918701,1.1198042631149292,0.016088850796222687,133,1.146874504050829e-06
4112,0.9949840903282166,0.005015909671783447,1.1358749866485596,0.016324501484632492,133,1.146874504050829e-06
4113,0.9950106739997864,0.004989326000213623,1.123826026916504,0.016177693381905556,133,1.146874504050829e-06
4114,0.9949543476104736,0.005045652389526367,1.1220430135726929,0.016215626150369644,133,1.146874504050829e-06
4115,0.9949840307235718,0.005015969276428223,1.1283605098724365,0.016249414533376694,133,1.146874504050829e-06
4116,0.9949142932891846,0.00508570671081543,1.130507469177246,0.016339924186468124,133,1.146874504050829e-06
4117,0.9949772953987122,0.005022704601287842,1.124528169631958,0.016217758879065514,133,1.146874504050829e-06
4118,0.9949861168861389,0.005013883113861084,1.1268820762634277,0.01623256504535675,133,1.146874504050829e-06
4119,0.9949769973754883,0.005023002624511719,1.1216542720794678,0.016189314424991608,133,1.146874504050829e-06
4120,0.9949671626091003,0.005032837390899658,1.1336455345153809,0.01631896384060383,133,1.146874504050829e-06
4121,0.9948853254318237,0.0051146745681762695,1.1354162693023682,0.016417689621448517,133,1.146874504050829e-06
4122,0.9952665567398071,0.004733443260192871,1.128096103668213,0.015967069193720818,133,1.146874504050829e-06
4123,0.9950869679450989,0.004913032054901123,1.116381287574768,0.01602771505713463,134,1.0895307788482876e-06
4124,0.9949167370796204,0.005083262920379639,1.1317912340164185,0.016350343823432922,134,1.0895307788482876e-06
4125,0.9949194192886353,0.005080580711364746,1.1301782131195068,0.01633155718445778,134,1.0895307788482876e-06
4126,0.9949932098388672,0.0050067901611328125,1.1319094896316528,0.016275815665721893,134,1.0895307788482876e-06
4127,0.9949740767478943,0.005025923252105713,1.136073112487793,0.01633639447391033,134,1.0895307788482876e-06
4128,0.9949175715446472,0.005082428455352783,1.128749132156372,0.016319096088409424,134,1.0895307788482876e-06
4129,0.9950158596038818,0.004984140396118164,1.1293723583221436,0.016228022053837776,134,1.0895307788482876e-06
4130,0.994911253452301,0.005088746547698975,1.1429704427719116,0.016467563807964325,134,1.0895307788482876e-06
4131,0.9948732852935791,0.0051267147064208984,1.136103868484497,0.016436485573649406,134,1.0895307788482876e-06
4132,0.9948117136955261,0.005188286304473877,1.1131064891815186,0.01626746915280819,134,1.0895307788482876e-06
4133,0.9948174357414246,0.0051825642585754395,1.1325511932373047,0.016456250101327896,134,1.0895307788482876e-06
4134,0.9948782920837402,0.005121707916259766,1.1312531232833862,0.01638302206993103,134,1.0895307788482876e-06
4135,0.9948911070823669,0.005108892917633057,1.1345900297164917,0.01640370301902294,134,1.0895307788482876e-06
4136,0.9950230717658997,0.004976928234100342,1.1305747032165527,0.01623290590941906,134,1.0895307788482876e-06
4137,0.9948770999908447,0.0051229000091552734,1.1167457103729248,0.01623912714421749,134,1.0895307788482876e-06
4138,0.9949226975440979,0.0050773024559021,1.1222004890441895,0.016248535364866257,134,1.0895307788482876e-06
4139,0.9949588775634766,0.0050411224365234375,1.1348941326141357,0.016339652240276337,134,1.0895307788482876e-06
4140,0.9950771927833557,0.004922807216644287,1.1341612339019775,0.016215190291404724,134,1.0895307788482876e-06
4141,0.995161235332489,0.004838764667510986,1.1326218843460083,0.01611659675836563,134,1.0895307788482876e-06
4142,0.9950997829437256,0.004900217056274414,1.137027382850647,0.016221487894654274,134,1.0895307788482876e-06
4143,0.9948620796203613,0.005137920379638672,1.1238898038864136,0.016325440257787704,134,1.0895307788482876e-06
4144,0.9950140714645386,0.004985928535461426,1.1178557872772217,0.016114626079797745,134,1.0895307788482876e-06
4145,0.9949606657028198,0.005039334297180176,1.1228030920028687,0.01621697098016739,134,1.0895307788482876e-06
4146,0.9949480891227722,0.005051910877227783,1.125527024269104,0.01625666208565235,134,1.0895307788482876e-06
4147,0.9949613809585571,0.005038619041442871,1.125252604484558,0.016240758821368217,134,1.0895307788482876e-06
4148,0.9949450492858887,0.005054950714111328,1.1303175687789917,0.01630757749080658,134,1.0895307788482876e-06
4149,0.9950140118598938,0.004985988140106201,1.1378376483917236,0.01631450466811657,134,1.0895307788482876e-06
4150,0.99494469165802,0.0050553083419799805,1.1309878826141357,0.016314633190631866,134,1.0895307788482876e-06
4151,0.994997501373291,0.005002498626708984,1.1328529119491577,0.016281001269817352,134,1.0895307788482876e-06
4152,0.9950538277626038,0.00494617223739624,1.1189687252044678,0.01608639769256115,134,1.0895307788482876e-06
4153,0.9948585629463196,0.00514143705368042,1.137429118156433,0.016464313492178917,134,1.0895307788482876e-06
4154,0.9948678612709045,0.005132138729095459,1.1296041011810303,0.016376856714487076,135,1.0350542399058731e-06
4155,0.9951133728027344,0.004886627197265625,1.1271851062774658,0.016109611839056015,135,1.0350542399058731e-06
4156,0.9950007796287537,0.004999220371246338,1.1157050132751465,0.01610627770423889,135,1.0350542399058731e-06
4157,0.9949782490730286,0.0050217509269714355,1.1186729669570923,0.01615826226770878,135,1.0350542399058731e-06
4158,0.9950920939445496,0.0049079060554504395,1.1423709392547607,0.01628253608942032,135,1.0350542399058731e-06
4159,0.9950611591339111,0.004938840866088867,1.134121060371399,0.016230663284659386,135,1.0350542399058731e-06
4160,0.9950694441795349,0.004930555820465088,1.1392722129821777,0.016273971647024155,135,1.0350542399058731e-06
4161,0.9949579238891602,0.005042076110839844,1.121612787246704,0.016207782551646233,135,1.0350542399058731e-06
4162,0.99501633644104,0.004983663558959961,1.122497320175171,0.016158800572156906,135,1.0350542399058731e-06
4163,0.9948744177818298,0.005125582218170166,1.1380062103271484,0.016454387456178665,135,1.0350542399058731e-06
4164,0.9947938919067383,0.005206108093261719,1.1419973373413086,0.01657402142882347,135,1.0350542399058731e-06
4165,0.995042622089386,0.004957377910614014,1.1276527643203735,0.016184331849217415,135,1.0350542399058731e-06
4166,0.9949853420257568,0.005014657974243164,1.121854305267334,0.016183054074645042,135,1.0350542399058731e-06
4167,0.9948548078536987,0.0051451921463012695,1.1152820587158203,0.016246560961008072,135,1.0350542399058731e-06
4168,0.9948059320449829,0.00519406795501709,1.122582197189331,0.016367949545383453,135,1.0350542399058731e-06
4169,0.9948488473892212,0.005151152610778809,1.1267108917236328,0.01636675000190735,135,1.0350542399058731e-06
4170,0.9948516488075256,0.005148351192474365,1.1150166988372803,0.016247034072875977,135,1.0350542399058731e-06
4171,0.995110273361206,0.004889726638793945,1.121383786201477,0.016054667532444,135,1.0350542399058731e-06
4172,0.9950076341629028,0.004992365837097168,1.13327157497406,0.016275158151984215,135,1.0350542399058731e-06
4173,0.994964599609375,0.005035400390625,1.126477599143982,0.016249822452664375,135,1.0350542399058731e-06
4174,0.9948350191116333,0.005164980888366699,1.1293716430664062,0.01640704646706581,135,1.0350542399058731e-06
4175,0.9949725866317749,0.005027413368225098,1.1489312648773193,0.016466451808810234,135,1.0350542399058731e-06
4176,0.9949385523796082,0.005061447620391846,1.1309471130371094,0.016320303082466125,135,1.0350542399058731e-06
4177,0.9949584007263184,0.005041599273681641,1.128404974937439,0.016275232657790184,135,1.0350542399058731e-06
4178,0.9950925707817078,0.004907429218292236,1.1285935640335083,0.016144290566444397,135,1.0350542399058731e-06
4179,0.9948378205299377,0.005162179470062256,1.1374545097351074,0.016485102474689484,135,1.0350542399058731e-06
4180,0.9949773550033569,0.005022644996643066,1.1224045753479004,0.016196463257074356,135,1.0350542399058731e-06
4181,0.994796097278595,0.005203902721405029,1.1300008296966553,0.016451871022582054,135,1.0350542399058731e-06
4182,0.995015025138855,0.0049849748611450195,1.1329333782196045,0.016264459118247032,135,1.0350542399058731e-06
4183,0.9950380325317383,0.004961967468261719,1.1362279653549194,0.016274627298116684,135,1.0350542399058731e-06
4184,0.9949986934661865,0.0050013065338134766,1.1356804370880127,0.016308099031448364,135,1.0350542399058731e-06
4185,0.9949805736541748,0.005019426345825195,1.1243611574172974,0.016212843358516693,136,9.833015279105794e-07
4186,0.9950952529907227,0.004904747009277344,1.1338238716125488,0.016193937510252,136,9.833015279105794e-07
4187,0.9948825240135193,0.005117475986480713,1.1302318572998047,0.016368620097637177,136,9.833015279105794e-07
4188,0.9948984384536743,0.005101561546325684,1.1290326118469238,0.016340872272849083,136,9.833015279105794e-07
4189,0.994896650314331,0.005103349685668945,1.115446925163269,0.016206786036491394,136,9.833015279105794e-07
4190,0.9949455857276917,0.00505441427230835,1.134138584136963,0.016345255076885223,136,9.833015279105794e-07
4191,0.9949373602867126,0.0050626397132873535,1.1235244274139404,0.016247257590293884,136,9.833015279105794e-07
4192,0.9947928786277771,0.0052071213722229,1.1237683296203613,0.01639273390173912,136,9.833015279105794e-07
4193,0.9950644373893738,0.004935562610626221,1.1299877166748047,0.01618608459830284,136,9.833015279105794e-07
4194,0.994914174079895,0.0050858259201049805,1.123429536819458,0.0162692628800869,136,9.833015279105794e-07
4195,0.9949730038642883,0.00502699613571167,1.134671688079834,0.01632344350218773,136,9.833015279105794e-07
4196,0.9949747920036316,0.005025207996368408,1.1248772144317627,0.0162237286567688,136,9.833015279105794e-07
4197,0.9949724078178406,0.005027592182159424,1.1116554737091064,0.016093870624899864,136,9.833015279105794e-07
4198,0.9951013326644897,0.004898667335510254,1.1543349027633667,0.0163930281996727,136,9.833015279105794e-07
4199,0.9948702454566956,0.005129754543304443,1.1351232528686523,0.016429688781499863,136,9.833015279105794e-07
4200,0.9948480725288391,0.005151927471160889,1.12761652469635,0.016376573592424393,136,9.833015279105794e-07
4201,0.9950295686721802,0.004970431327819824,1.14138925075531,0.016334619373083115,136,9.833015279105794e-07
4202,0.9950392246246338,0.004960775375366211,1.126102089881897,0.016172189265489578,136,9.833015279105794e-07
4203,0.9950419664382935,0.004958033561706543,1.124108910560608,0.01614954136312008,136,9.833015279105794e-07
4204,0.995032548904419,0.004967451095581055,1.134522557258606,0.016263002529740334,136,9.833015279105794e-07
4205,0.994913637638092,0.005086362361907959,1.128196120262146,0.01631745882332325,136,9.833015279105794e-07
4206,0.9951526522636414,0.004847347736358643,1.128469467163086,0.016083568334579468,136,9.833015279105794e-07
4207,0.9949103593826294,0.0050896406173706055,1.1264058351516724,0.01630280166864395,136,9.833015279105794e-07
4208,0.9948879480361938,0.005112051963806152,1.124277949333191,0.016303710639476776,136,9.833015279105794e-07
4209,0.9948126673698425,0.005187332630157471,1.134775161743164,0.016483210027217865,136,9.833015279105794e-07
4210,0.9949834942817688,0.005016505718231201,1.1163240671157837,0.01612958125770092,136,9.833015279105794e-07
4211,0.9948078989982605,0.005192101001739502,1.1326260566711426,0.01646644063293934,136,9.833015279105794e-07
4212,0.9949812889099121,0.005018711090087891,1.1309717893600464,0.016278240829706192,136,9.833015279105794e-07
4213,0.9950253367424011,0.004974663257598877,1.1367191076278687,0.016292106360197067,136,9.833015279105794e-07
4214,0.994881272315979,0.005118727684020996,1.1330840587615967,0.01639838144183159,136,9.833015279105794e-07
4215,0.995162308216095,0.004837691783905029,1.1243897676467896,0.01603321172297001,136,9.833015279105794e-07
4216,0.9949843883514404,0.00501561164855957,1.1199191808700562,0.016164647415280342,137,9.341364515150503e-07
4217,0.9948771595954895,0.005122840404510498,1.128833293914795,0.01635994389653206,137,9.341364515150503e-07
4218,0.9948948621749878,0.005105137825012207,1.1393951177597046,0.016448037698864937,137,9.341364515150503e-07
4219,0.9948578476905823,0.005142152309417725,1.1283395290374756,0.016374126076698303,137,9.341364515150503e-07
4220,0.9950341582298279,0.004965841770172119,1.1231305599212646,0.016147488728165627,137,9.341364515150503e-07
4221,0.9949142336845398,0.005085766315460205,1.1174709796905518,0.016209617257118225,137,9.341364515150503e-07
4222,0.9950150847434998,0.004984915256500244,1.1310395002365112,0.016245462000370026,137,9.341364515150503e-07
4223,0.9948738813400269,0.0051261186599731445,1.1451992988586426,0.016526851803064346,137,9.341364515150503e-07
4224,0.9948921799659729,0.0051078200340271,1.1254063844680786,0.016310805454850197,137,9.341364515150503e-07
4225,0.9948328733444214,0.005167126655578613,1.1388194561004639,0.016503650695085526,137,9.341364515150503e-07
4226,0.9951473474502563,0.004852652549743652,1.137547492980957,0.016179600730538368,137,9.341364515150503e-07
4227,0.9949803948402405,0.0050196051597595215,1.1366852521896362,0.016336262226104736,137,9.341364515150503e-07
4228,0.9949657917022705,0.005034208297729492,1.1168770790100098,0.0161526370793581,137,9.341364515150503e-07
4229,0.9948853254318237,0.0051146745681762695,1.132427453994751,0.016387801617383957,137,9.341364515150503e-07
4230,0.9948857426643372,0.005114257335662842,1.1130175590515137,0.016193289309740067,137,9.341364515150503e-07
4231,0.9949330687522888,0.005066931247711182,1.126120686531067,0.01627746969461441,137,9.341364515150503e-07
4232,0.9949872493743896,0.0050127506256103516,1.1421574354171753,0.016384197399020195,137,9.341364515150503e-07
4233,0.9950029850006104,0.0049970149993896484,1.1156755685806274,0.016103800386190414,137,9.341364515150503e-07
4234,0.9949643611907959,0.0050356388092041016,1.135036826133728,0.01633565127849579,137,9.341364515150503e-07
4235,0.9949097037315369,0.005090296268463135,1.1319504976272583,0.01635889895260334,137,9.341364515150503e-07
4236,0.9950323104858398,0.004967689514160156,1.1233829259872437,0.01615184172987938,137,9.341364515150503e-07
4237,0.9950408339500427,0.004959166049957275,1.119875431060791,0.016108328476548195,137,9.341364515150503e-07
4238,0.9950034618377686,0.004996538162231445,1.130947470664978,0.016256047412753105,137,9.341364515150503e-07
4239,0.994897723197937,0.005102276802062988,1.1252517700195312,0.0163037721067667,137,9.341364515150503e-07
4240,0.9949800372123718,0.005019962787628174,1.1238878965377808,0.016208641231060028,137,9.341364515150503e-07
4241,0.9950164556503296,0.00498354434967041,1.1395525932312012,0.016329234465956688,137,9.341364515150503e-07
4242,0.9951019287109375,0.0048980712890625,1.1310590505599976,0.016159681603312492,137,9.341364515150503e-07
4243,0.9949109554290771,0.0050890445709228516,1.129579782485962,0.01633395254611969,137,9.341364515150503e-07
4244,0.9949818849563599,0.005018115043640137,1.1280524730682373,0.016248458996415138,137,9.341364515150503e-07
4245,0.9948694109916687,0.005130589008331299,1.1362874507904053,0.016442157328128815,137,9.341364515150503e-07
4246,0.995148241519928,0.0048517584800720215,1.1263437271118164,0.01606667786836624,137,9.341364515150503e-07
4247,0.9948387742042542,0.00516122579574585,1.1160101890563965,0.016269715502858162,138,8.874296289392978e-07
4248,0.9949871897697449,0.005012810230255127,1.1247735023498535,0.016210416331887245,138,8.874296289392978e-07
4249,0.9949389696121216,0.005061030387878418,1.138671875,0.01639713905751705,138,8.874296289392978e-07
4250,0.994979739189148,0.005020260810852051,1.1325199604034424,0.016295257955789566,138,8.874296289392978e-07
4251,0.9948089122772217,0.00519108772277832,1.1179956197738647,0.01631913334131241,138,8.874296289392978e-07
4252,0.9951512217521667,0.004848778247833252,1.1236014366149902,0.016036303713917732,138,8.874296289392978e-07
4253,0.9948690533638,0.005130946636199951,1.123276710510254,0.016312405467033386,138,8.874296289392978e-07
4254,0.9950659275054932,0.004934072494506836,1.1292574405670166,0.016177305951714516,138,8.874296289392978e-07
4255,0.9950606822967529,0.00493931770324707,1.1347887516021729,0.016237812116742134,138,8.874296289392978e-07
4256,0.9950311779975891,0.004968822002410889,1.136772871017456,0.016286861151456833,138,8.874296289392978e-07
4257,0.9950231909751892,0.004976809024810791,1.127754807472229,0.0162045881152153,138,8.874296289392978e-07
4258,0.9951127767562866,0.004887223243713379,1.1253423690795898,0.01609177514910698,138,8.874296289392978e-07
4259,0.9949839115142822,0.0050160884857177734,1.1308050155639648,0.016273977234959602,138,8.874296289392978e-07
4260,0.9948967099189758,0.00510329008102417,1.1459389925003052,0.016511647030711174,138,8.874296289392978e-07
4261,0.9949904680252075,0.0050095319747924805,1.1269840002059937,0.01622927561402321,138,8.874296289392978e-07
4262,0.9949620962142944,0.005037903785705566,1.1450012922286987,0.016437537968158722,138,8.874296289392978e-07
4263,0.9949380159378052,0.005061984062194824,1.1247460842132568,0.01625882461667061,138,8.874296289392978e-07
4264,0.9949101209640503,0.005089879035949707,1.1266874074935913,0.01630585454404354,138,8.874296289392978e-07
4265,0.994953989982605,0.0050460100173950195,1.1284297704696655,0.01627984642982483,138,8.874296289392978e-07
4266,0.9948205351829529,0.005179464817047119,1.1391109228134155,0.01651877909898758,138,8.874296289392978e-07
4267,0.9949424862861633,0.00505751371383667,1.1185791492462158,0.016192730516195297,138,8.874296289392978e-07
4268,0.9949247241020203,0.005075275897979736,1.1313159465789795,0.01633768156170845,138,8.874296289392978e-07
4269,0.9950625896453857,0.004937410354614258,1.127734661102295,0.01616538316011429,138,8.874296289392978e-07
4270,0.9949798583984375,0.0050201416015625,1.1208364963531494,0.016178304329514503,138,8.874296289392978e-07
4271,0.9948251247406006,0.005174875259399414,1.135671854019165,0.016479844227433205,138,8.874296289392978e-07
4272,0.9949744939804077,0.005025506019592285,1.1161190271377563,0.016136441379785538,138,8.874296289392978e-07
4273,0.9949716329574585,0.005028367042541504,1.1180161237716675,0.016158243641257286,138,8.874296289392978e-07
4274,0.9948844909667969,0.005115509033203125,1.1323904991149902,0.01638825796544552,138,8.874296289392978e-07
4275,0.9949753284454346,0.00502467155456543,1.1493984460830688,0.016468409448862076,138,8.874296289392978e-07
4276,0.994962751865387,0.005037248134613037,1.118346929550171,0.01617034524679184,138,8.874296289392978e-07
4277,0.9948889017105103,0.005111098289489746,1.1315380334854126,0.01637536659836769,138,8.874296289392978e-07
4278,0.99501633644104,0.004983663558959961,1.1325359344482422,0.01625918596982956,139,8.430581474923329e-07
4279,0.994804859161377,0.005195140838623047,1.1293060779571533,0.016436249017715454,139,8.430581474923329e-07
4280,0.9949809908866882,0.005019009113311768,1.1264172792434692,0.016232991591095924,139,8.430581474923329e-07
4281,0.994970977306366,0.005029022693634033,1.1323422193527222,0.01630215533077717,139,8.430581474923329e-07
4282,0.9948787093162537,0.005121290683746338,1.1294277906417847,0.016364354640245438,139,8.430581474923329e-07
4283,0.994853675365448,0.005146324634552002,1.1316933631896973,0.01641179621219635,139,8.430581474923329e-07
4284,0.9950367212295532,0.004963278770446777,1.1311959028244019,0.016225604340434074,139,8.430581474923329e-07
4285,0.9948952794075012,0.005104720592498779,1.1303099393844604,0.01635677181184292,139,8.430581474923329e-07
4286,0.9948185086250305,0.005181491374969482,1.1178520917892456,0.016308195888996124,139,8.430581474923329e-07
4287,0.9947778582572937,0.005222141742706299,1.1204173564910889,0.016374092549085617,139,8.430581474923329e-07
4288,0.9950322508811951,0.004967749118804932,1.1223864555358887,0.01614193618297577,139,8.430581474923329e-07
4289,0.994976818561554,0.005023181438446045,1.1250014305114746,0.016222964972257614,139,8.430581474923329e-07
4290,0.9949508309364319,0.005049169063568115,1.1219658851623535,0.016218336299061775,139,8.430581474923329e-07
4291,0.9949465394020081,0.005053460597991943,1.1474460363388062,0.01647738739848137,139,8.430581474923329e-07
4292,0.9948147535324097,0.005185246467590332,1.1262331008911133,0.016395725309848785,139,8.430581474923329e-07
4293,0.9949532747268677,0.005046725273132324,1.1347497701644897,0.016343755647540092,139,8.430581474923329e-07
4294,0.9949561953544617,0.00504380464553833,1.1327906847000122,0.016321273520588875,139,8.430581474923329e-07
4295,0.994968593120575,0.005031406879425049,1.1184579133987427,0.01616567187011242,139,8.430581474923329e-07
4296,0.9951590299606323,0.004840970039367676,1.1322036981582642,0.016114596277475357,139,8.430581474923329e-07
4297,0.9947977662086487,0.005202233791351318,1.1245691776275635,0.016395902261137962,139,8.430581474923329e-07
4298,0.9949745535850525,0.00502544641494751,1.127138376235962,0.016246575862169266,139,8.430581474923329e-07
4299,0.9949322938919067,0.005067706108093262,1.1396609544754028,0.01641363836824894,139,8.430581474923329e-07
4300,0.9951635599136353,0.004836440086364746,1.1455333232879639,0.016243409365415573,139,8.430581474923329e-07
4301,0.9950312972068787,0.004968702793121338,1.1351454257965088,0.0162704698741436,139,8.430581474923329e-07
4302,0.9951092600822449,0.004890739917755127,1.1303824186325073,0.016145657747983932,139,8.430581474923329e-07
4303,0.9950510859489441,0.004948914051055908,1.127894639968872,0.016178371384739876,139,8.430581474923329e-07
4304,0.9949321746826172,0.0050678253173828125,1.1157996654510498,0.01617514342069626,139,8.430581474923329e-07
4305,0.9950132966041565,0.004986703395843506,1.1292184591293335,0.016229020431637764,139,8.430581474923329e-07
4306,0.9949613213539124,0.0050386786460876465,1.1320244073867798,0.016308534890413284,139,8.430581474923329e-07
4307,0.9950409531593323,0.004959046840667725,1.1232959032058716,0.01614241488277912,139,8.430581474923329e-07
4308,0.9949941039085388,0.005005896091461182,1.1243159770965576,0.01619899645447731,139,8.430581474923329e-07
4309,0.9949119687080383,0.00508803129196167,1.1366642713546753,0.016403792425990105,140,8.009052401177162e-07
4310,0.9949842095375061,0.0050157904624938965,1.1298173666000366,0.016263805329799652,140,8.009052401177162e-07
4311,0.9948985576629639,0.005101442337036133,1.1302779912948608,0.01635320670902729,140,8.009052401177162e-07
4312,0.995013952255249,0.0049860477447509766,1.1255220174789429,0.016191408038139343,140,8.009052401177162e-07
4313,0.9949203729629517,0.00507962703704834,1.1275876760482788,0.016304707154631615,140,8.009052401177162e-07
4314,0.994850218296051,0.005149781703948975,1.1210012435913086,0.016308296471834183,140,8.009052401177162e-07
4315,0.995107114315033,0.004892885684967041,1.132309079170227,0.0161670483648777,140,8.009052401177162e-07
4316,0.9950326681137085,0.004967331886291504,1.1172680854797363,0.016090339049696922,140,8.009052401177162e-07
4317,0.9950290322303772,0.004970967769622803,1.123436689376831,0.016155624762177467,140,8.009052401177162e-07
4318,0.9949473142623901,0.005052685737609863,1.1413911581039429,0.016416070982813835,140,8.009052401177162e-07
4319,0.9948631525039673,0.005136847496032715,1.1302211284637451,0.016387689858675003,140,8.009052401177162e-07
4320,0.9949492812156677,0.005050718784332275,1.117730975151062,0.016177522018551826,140,8.009052401177162e-07
4321,0.9952020049095154,0.004797995090484619,1.1323603391647339,0.016073618084192276,140,8.009052401177162e-07
4322,0.9948355555534363,0.005164444446563721,1.140600562095642,0.01651880517601967,140,8.009052401177162e-07
4323,0.9950954914093018,0.004904508590698242,1.1226792335510254,0.01608225516974926,140,8.009052401177162e-07
4324,0.994949996471405,0.005050003528594971,1.1363940238952637,0.016363443806767464,140,8.009052401177162e-07
4325,0.9948272705078125,0.0051727294921875,1.1250333786010742,0.016371335834264755,140,8.009052401177162e-07
4326,0.9949488639831543,0.005051136016845703,1.1332343816757202,0.016332969069480896,140,8.009052401177162e-07
4327,0.9949662685394287,0.005033731460571289,1.1184780597686768,0.016168173402547836,140,8.009052401177162e-07
4328,0.9950509667396545,0.004949033260345459,1.1363369226455688,0.01626291126012802,140,8.009052401177162e-07
4329,0.9949290156364441,0.005070984363555908,1.1200892925262451,0.016221167519688606,140,8.009052401177162e-07
4330,0.9950293898582458,0.00497061014175415,1.1311371326446533,0.01623227447271347,140,8.009052401177162e-07
4331,0.9950883388519287,0.004911661148071289,1.1292269229888916,0.016154812648892403,140,8.009052401177162e-07
4332,0.9948331713676453,0.005166828632354736,1.150776982307434,0.01662292890250683,140,8.009052401177162e-07
4333,0.9949381947517395,0.005061805248260498,1.1282739639282227,0.016293926164507866,140,8.009052401177162e-07
4334,0.9951104521751404,0.004889547824859619,1.1316503286361694,0.016157155856490135,140,8.009052401177162e-07
4335,0.9948046207427979,0.0051953792572021484,1.1395617723464966,0.016539042815566063,140,8.009052401177162e-07
4336,0.9948264956474304,0.00517350435256958,1.1194260120391846,0.01631603017449379,140,8.009052401177162e-07
4337,0.9948291778564453,0.0051708221435546875,1.1143497228622437,0.016262611374258995,140,8.009052401177162e-07
4338,0.9951303005218506,0.004869699478149414,1.1194062232971191,0.01601506397128105,140,8.009052401177162e-07
4339,0.9948715567588806,0.005128443241119385,1.1361470222473145,0.01643862947821617,140,8.009052401177162e-07
4340,0.9950323700904846,0.004967629909515381,1.1226223707199097,0.016144176945090294,141,7.608599781118303e-07
4341,0.9951457381248474,0.004854261875152588,1.1219806671142578,0.016025524586439133,141,7.608599781118303e-07
4342,0.994951069355011,0.005048930644989014,1.1191455125808716,0.016189895570278168,141,7.608599781118303e-07
4343,0.9948740601539612,0.005125939846038818,1.1275804042816162,0.016350483521819115,141,7.608599781118303e-07
4344,0.9949146509170532,0.005085349082946777,1.122126817703247,0.016255764290690422,141,7.608599781118303e-07
4345,0.9948153495788574,0.005184650421142578,1.1292810440063477,0.016425615176558495,141,7.608599781118303e-07
4346,0.9949719905853271,0.0050280094146728516,1.1261887550354004,0.01623961701989174,141,7.608599781118303e-07
4347,0.9948971271514893,0.005102872848510742,1.1282196044921875,0.016334040090441704,141,7.608599781118303e-07
4348,0.9948092103004456,0.005190789699554443,1.1280999183654785,0.016419880092144012,141,7.608599781118303e-07
4349,0.9948515295982361,0.005148470401763916,1.1425074338912964,0.016522061079740524,141,7.608599781118303e-07
4350,0.9948782324790955,0.005121767520904541,1.1335868835449219,0.01640641875565052,141,7.608599781118303e-07
4351,0.9949074387550354,0.0050925612449646,1.127934455871582,0.016320981085300446,141,7.608599781118303e-07
4352,0.995053231716156,0.004946768283843994,1.1223183870315552,0.016120484098792076,141,7.608599781118303e-07
4353,0.9947795867919922,0.0052204132080078125,1.136580228805542,0.01653401181101799,141,7.608599781118303e-07
4354,0.994839072227478,0.005160927772521973,1.1227483749389648,0.016336802393198013,141,7.608599781118303e-07
4355,0.994992733001709,0.005007266998291016,1.1334705352783203,0.016291899606585503,141,7.608599781118303e-07
4356,0.9948322176933289,0.005167782306671143,1.1275588274002075,0.0163916926831007,141,7.608599781118303e-07
4357,0.9950577616691589,0.0049422383308410645,1.1432042121887207,0.016324857249855995,141,7.608599781118303e-07
4358,0.9950129389762878,0.004987061023712158,1.1409540176391602,0.016346730291843414,141,7.608599781118303e-07
4359,0.9950981140136719,0.004901885986328125,1.1229710578918457,0.016082577407360077,141,7.608599781118303e-07
4360,0.9949796795845032,0.005020320415496826,1.1156545877456665,0.016126662492752075,141,7.608599781118303e-07
4361,0.9949662685394287,0.005033731460571289,1.129365086555481,0.016277045011520386,141,7.608599781118303e-07
4362,0.9949567317962646,0.0050432682037353516,1.128996729850769,0.01628280244767666,141,7.608599781118303e-07
4363,0.9950011968612671,0.00499880313873291,1.1260957717895508,0.01620977371931076,141,7.608599781118303e-07
4364,0.9950094223022461,0.004990577697753906,1.1365920305252075,0.016306592151522636,141,7.608599781118303e-07
4365,0.9951675534248352,0.004832446575164795,1.1266369819641113,0.016050491482019424,141,7.608599781118303e-07
4366,0.9949457049369812,0.005054295063018799,1.1326862573623657,0.016330614686012268,141,7.608599781118303e-07
4367,0.9949465394020081,0.005053460597991943,1.1237788200378418,0.016240714117884636,141,7.608599781118303e-07
4368,0.9951295852661133,0.004870414733886719,1.134286642074585,0.01616457663476467,141,7.608599781118303e-07
4369,0.9949883222579956,0.0050116777420043945,1.1294410228729248,0.016255971044301987,141,7.608599781118303e-07
4370,0.9950355887413025,0.00496441125869751,1.1362738609313965,0.016277505084872246,141,7.608599781118303e-07
4371,0.9949469566345215,0.005053043365478516,1.1200217008590698,0.01620272919535637,142,7.228169792062388e-07
4372,0.9950966835021973,0.004903316497802734,1.128880262374878,0.016143085435032845,142,7.228169792062388e-07
4373,0.9949901103973389,0.005009889602661133,1.1303929090499878,0.016263719648122787,142,7.228169792062388e-07
4374,0.9950383901596069,0.004961609840393066,1.135036587715149,0.01626235991716385,142,7.228169792062388e-07
4375,0.9949610829353333,0.005038917064666748,1.113686442375183,0.0161253921687603,142,7.228169792062388e-07
4376,0.9949819445610046,0.005018055438995361,1.1239038705825806,0.016206912696361542,142,7.228169792062388e-07
4377,0.9950205683708191,0.004979431629180908,1.1204947233200073,0.016134584322571754,142,7.228169792062388e-07
4378,0.995103120803833,0.004896879196166992,1.1346380710601807,0.016194291412830353,142,7.228169792062388e-07
4379,0.9949221014976501,0.0050778985023498535,1.1343084573745728,0.016370203346014023,142,7.228169792062388e-07
4380,0.9948854446411133,0.005114555358886719,1.1228358745574951,0.016291767358779907,142,7.228169792062388e-07
4381,0.9948718547821045,0.005128145217895508,1.1226043701171875,0.01630290597677231,142,7.228169792062388e-07
4382,0.9949764013290405,0.005023598670959473,1.1248400211334229,0.01622176170349121,142,7.228169792062388e-07
4383,0.994939386844635,0.00506061315536499,1.1304293870925903,0.016314301639795303,142,7.228169792062388e-07
4384,0.995074987411499,0.0049250125885009766,1.1329138278961182,0.016204901039600372,142,7.228169792062388e-07
4385,0.9949702024459839,0.005029797554016113,1.1368558406829834,0.016348056495189667,142,7.228169792062388e-07
4386,0.9950690269470215,0.004930973052978516,1.131231665611267,0.016193978488445282,142,7.228169792062388e-07
4387,0.9949879050254822,0.005012094974517822,1.1314716339111328,0.016276691108942032,142,7.228169792062388e-07
4388,0.9948005676269531,0.005199432373046875,1.1277966499328613,0.01642540469765663,142,7.228169792062388e-07
4389,0.9951297044754028,0.004870295524597168,1.1407294273376465,0.01622888632118702,142,7.228169792062388e-07
4390,0.9949698448181152,0.005030155181884766,1.1315901279449463,0.01629575341939926,142,7.228169792062388e-07
4391,0.995022714138031,0.004977285861968994,1.1292203664779663,0.016219716519117355,142,7.228169792062388e-07
4392,0.9947810173034668,0.005218982696533203,1.1286828517913818,0.01645362190902233,142,7.228169792062388e-07
4393,0.9949225187301636,0.005077481269836426,1.1187413930892944,0.016214121133089066,142,7.228169792062388e-07
4394,0.994766354560852,0.005233645439147949,1.1255872249603271,0.01643718034029007,142,7.228169792062388e-07
4395,0.9949964284896851,0.005003571510314941,1.1420764923095703,0.01637430116534233,142,7.228169792062388e-07
4396,0.9949073195457458,0.00509268045425415,1.127206802368164,0.016313821077346802,142,7.228169792062388e-07
4397,0.9948729276657104,0.005127072334289551,1.1337021589279175,0.016412822529673576,142,7.228169792062388e-07
4398,0.9950093030929565,0.004990696907043457,1.1382699012756348,0.01632348820567131,142,7.228169792062388e-07
4399,0.9948523044586182,0.005147695541381836,1.1255143880844116,0.016351360827684402,142,7.228169792062388e-07
4400,0.994890034198761,0.005109965801239014,1.1263359785079956,0.016322225332260132,142,7.228169792062388e-07
4401,0.9951135516166687,0.004886448383331299,1.1251673698425293,0.01608925685286522,142,7.228169792062388e-07
4402,0.9949867129325867,0.00501328706741333,1.1160483360290527,0.016123637557029724,143,6.866761302459269e-07
4403,0.9949615597724915,0.005038440227508545,1.1455152034759521,0.01644320785999298,143,6.866761302459269e-07
4404,0.9951124787330627,0.004887521266937256,1.1145987510681152,0.015984633937478065,143,6.866761302459269e-07
4405,0.9949938058853149,0.005006194114685059,1.1240882873535156,0.01619701460003853,143,6.866761302459269e-07
4406,0.9948229193687439,0.0051770806312561035,1.1391303539276123,0.016516612842679024,143,6.866761302459269e-07
4407,0.9951688647270203,0.004831135272979736,1.1294422149658203,0.016077246516942978,143,6.866761302459269e-07
4408,0.9949657917022705,0.005034208297729492,1.1363049745559692,0.016346914693713188,143,6.866761302459269e-07
4409,0.9949243068695068,0.005075693130493164,1.1272633075714111,0.016297567635774612,143,6.866761302459269e-07
4410,0.994845986366272,0.005154013633728027,1.132153868675232,0.016424011439085007,143,6.866761302459269e-07
4411,0.9948098659515381,0.005190134048461914,1.1380277872085571,0.01651851087808609,143,6.866761302459269e-07
4412,0.9949407577514648,0.005059242248535156,1.119415283203125,0.016202803701162338,143,6.866761302459269e-07
4413,0.9948959946632385,0.005104005336761475,1.1320639848709106,0.01637360453605652,143,6.866761302459269e-07
4414,0.9948773384094238,0.005122661590576172,1.1257227659225464,0.016328662633895874,143,6.866761302459269e-07
4415,0.9949410557746887,0.005058944225311279,1.12315833568573,0.016239937394857407,143,6.866761302459269e-07
4416,0.9950506091117859,0.004949390888214111,1.1280369758605957,0.016180267557501793,143,6.866761302459269e-07
4417,0.994880199432373,0.005119800567626953,1.126526951789856,0.016333872452378273,143,6.866761302459269e-07
4418,0.9949544668197632,0.005045533180236816,1.1255470514297485,0.016250547021627426,143,6.866761302459269e-07
4419,0.9948726296424866,0.005127370357513428,1.1423749923706055,0.016499847173690796,143,6.866761302459269e-07
4420,0.995240330696106,0.004759669303894043,1.1322098970413208,0.016034170985221863,143,6.866761302459269e-07
4421,0.9949560165405273,0.005043983459472656,1.1196188926696777,0.016189731657505035,143,6.866761302459269e-07
4422,0.9949169158935547,0.0050830841064453125,1.1221541166305542,0.016253795474767685,143,6.866761302459269e-07
4423,0.9950124621391296,0.004987537860870361,1.1256645917892456,0.016194308176636696,143,6.866761302459269e-07
4424,0.9949695467948914,0.005030453205108643,1.1267313957214355,0.0162474624812603,143,6.866761302459269e-07
4425,0.995085597038269,0.004914402961730957,1.120606541633606,0.016071323305368423,143,6.866761302459269e-07
4426,0.9949115514755249,0.005088448524475098,1.1260311603546143,0.016297874972224236,143,6.866761302459269e-07
4427,0.9949252605438232,0.005074739456176758,1.1366124153137207,0.01639011688530445,143,6.866761302459269e-07
4428,0.9949150681495667,0.00508493185043335,1.1311103105545044,0.016345184296369553,143,6.866761302459269e-07
4429,0.9951285123825073,0.004871487617492676,1.1385951042175293,0.016208723187446594,143,6.866761302459269e-07
4430,0.9948858618736267,0.005114138126373291,1.1258528232574463,0.01632152497768402,143,6.866761302459269e-07
4431,0.9950336813926697,0.004966318607330322,1.135894536972046,0.016275599598884583,143,6.866761302459269e-07
4432,0.9948566555976868,0.005143344402313232,1.128629446029663,0.01637820526957512,143,6.866761302459269e-07
4433,0.9951484203338623,0.004851579666137695,1.122483730316162,0.01602790132164955,144,6.523423237336305e-07
4434,0.9949322938919067,0.005067706108093262,1.1313923597335815,0.016330953687429428,144,6.523423237336305e-07
4435,0.9949479103088379,0.005052089691162109,1.1278297901153564,0.01627986691892147,144,6.523423237336305e-07
4436,0.9949074387550354,0.0050925612449646,1.126710057258606,0.0163087360560894,144,6.523423237336305e-07
4437,0.9950066804885864,0.004993319511413574,1.1367298364639282,0.016310684382915497,144,6.523423237336305e-07
4438,0.9948602914810181,0.005139708518981934,1.1317682266235352,0.016405994072556496,144,6.523423237336305e-07
4439,0.9949320554733276,0.005067944526672363,1.1329066753387451,0.01634633168578148,144,6.523423237336305e-07
4440,0.9951710104942322,0.004828989505767822,1.1517523527145386,0.01629822328686714,144,6.523423237336305e-07
4441,0.994964599609375,0.005035400390625,1.1263985633850098,0.016249030828475952,144,6.523423237336305e-07
4442,0.9951327443122864,0.004867255687713623,1.1295185089111328,0.01611376740038395,144,6.523423237336305e-07
4443,0.994902491569519,0.005097508430480957,1.1316882371902466,0.016363415867090225,144,6.523423237336305e-07
4444,0.9948919415473938,0.005108058452606201,1.1229075193405151,0.016286052763462067,144,6.523423237336305e-07
4445,0.9949278831481934,0.005072116851806641,1.1292985677719116,0.01631438173353672,144,6.523423237336305e-07
4446,0.9950046539306641,0.0049953460693359375,1.1372188329696655,0.01631757989525795,144,6.523423237336305e-07
4447,0.9951189160346985,0.004881083965301514,1.1242880821228027,0.016075152903795242,144,6.523423237336305e-07
4448,0.9948475360870361,0.005152463912963867,1.1333224773406982,0.016434162855148315,144,6.523423237336305e-07
4449,0.9948671460151672,0.005132853984832764,1.1300235986709595,0.016381761059165,144,6.523423237336305e-07
4450,0.9950294494628906,0.004970550537109375,1.1340909004211426,0.0162617526948452,144,6.523423237336305e-07
4451,0.9948312044143677,0.005168795585632324,1.1113896369934082,0.016231004148721695,144,6.523423237336305e-07
4452,0.9950658082962036,0.004934191703796387,1.1251250505447388,0.01613610051572323,144,6.523423237336305e-07
4453,0.994877278804779,0.005122721195220947,1.1353672742843628,0.01642516627907753,144,6.523423237336305e-07
4454,0.9947683215141296,0.005231678485870361,1.1342980861663818,0.016522342339158058,144,6.523423237336305e-07
4455,0.9948878884315491,0.005112111568450928,1.1264386177062988,0.01632537692785263,144,6.523423237336305e-07
4456,0.9949376583099365,0.0050623416900634766,1.124325156211853,0.0162549689412117,144,6.523423237336305e-07
4457,0.9950358867645264,0.004964113235473633,1.131295084953308,0.016227422282099724,144,6.523423237336305e-07
4458,0.9949328303337097,0.005067169666290283,1.1229832172393799,0.016246329993009567,144,6.523423237336305e-07
4459,0.994998574256897,0.005001425743103027,1.1320000886917114,0.01627141237258911,144,6.523423237336305e-07
4460,0.9949814677238464,0.0050185322761535645,1.1145232915878296,0.016113579273223877,144,6.523423237336305e-07
4461,0.9949367642402649,0.005063235759735107,1.1257398128509521,0.016270000487565994,144,6.523423237336305e-07
4462,0.9949791431427002,0.005020856857299805,1.1270917654037476,0.016241565346717834,144,6.523423237336305e-07
4463,0.9950393438339233,0.00496065616607666,1.1218359470367432,0.01612940803170204,144,6.523423237336305e-07
4464,0.9949851036071777,0.005014896392822266,1.142544150352478,0.01639018952846527,145,6.197252075469489e-07
4465,0.9949872493743896,0.0050127506256103516,1.1062140464782715,0.016024764627218246,145,6.197252075469489e-07
4466,0.9950006604194641,0.004999339580535889,1.1427807807922363,0.016377154737710953,145,6.197252075469489e-07
4467,0.9950307607650757,0.004969239234924316,1.128687858581543,0.016206424683332443,145,6.197252075469489e-07
4468,0.9950138330459595,0.004986166954040527,1.1308708190917969,0.01624501310288906,145,6.197252075469489e-07
4469,0.9949214458465576,0.005078554153442383,1.1254478693008423,0.016282247379422188,145,6.197252075469489e-07
4470,0.9950355291366577,0.004964470863342285,1.1235511302947998,0.0161503367125988,145,6.197252075469489e-07
4471,0.9949015974998474,0.005098402500152588,1.130349040031433,0.01635090820491314,145,6.197252075469489e-07
4472,0.9948946833610535,0.005105316638946533,1.1306989192962646,0.01636125147342682,145,6.197252075469489e-07
4473,0.994996190071106,0.005003809928894043,1.1387406587600708,0.016341177746653557,145,6.197252075469489e-07
4474,0.9948696494102478,0.005130350589752197,1.125958800315857,0.016338635236024857,145,6.197252075469489e-07
4475,0.9950413703918457,0.004958629608154297,1.137376308441162,0.016282806172966957,145,6.197252075469489e-07
4476,0.9950187802314758,0.00498121976852417,1.1197614669799805,0.01612902246415615,145,6.197252075469489e-07
4477,0.9948821067810059,0.005117893218994141,1.1212056875228882,0.016278769820928574,145,6.197252075469489e-07
4478,0.9948939681053162,0.005106031894683838,1.130905270576477,0.016364024952054024,145,6.197252075469489e-07
4479,0.9950414299964905,0.0049585700035095215,1.1232757568359375,0.01614174246788025,145,6.197252075469489e-07
4480,0.9948992133140564,0.0051007866859436035,1.1263418197631836,0.01631319709122181,145,6.197252075469489e-07
4481,0.9949836730957031,0.005016326904296875,1.124252438545227,0.01620868779718876,145,6.197252075469489e-07
4482,0.9948760271072388,0.0051239728927612305,1.1336615085601807,0.01640934869647026,145,6.197252075469489e-07
4483,0.9949578046798706,0.0050421953201293945,1.1403710842132568,0.016395483165979385,145,6.197252075469489e-07
4484,0.9949060678482056,0.005093932151794434,1.1303741931915283,0.016346734017133713,145,6.197252075469489e-07
4485,0.9951925873756409,0.004807412624359131,1.1295264959335327,0.016054604202508926,145,6.197252075469489e-07
4486,0.9950510263442993,0.004948973655700684,1.1240959167480469,0.016140442341566086,145,6.197252075469489e-07
4487,0.9949421286582947,0.005057871341705322,1.11759614944458,0.01618325337767601,145,6.197252075469489e-07
4488,0.9947438836097717,0.0052561163902282715,1.1218833923339844,0.016422389075160027,145,6.197252075469489e-07
4489,0.9947945475578308,0.0052054524421691895,1.1336060762405396,0.016489457339048386,145,6.197252075469489e-07
4490,0.9950404167175293,0.004959583282470703,1.1277964115142822,0.01618795096874237,145,6.197252075469489e-07
4491,0.995002269744873,0.004997730255126953,1.1302275657653809,0.01625002920627594,145,6.197252075469489e-07
4492,0.9951445460319519,0.004855453968048096,1.131474256515503,0.01612164080142975,145,6.197252075469489e-07
4493,0.9949984550476074,0.005001544952392578,1.1250957250595093,0.01620248705148697,145,6.197252075469489e-07
4494,0.9948009252548218,0.005199074745178223,1.1434396505355835,0.016581479460000992,145,6.197252075469489e-07
4495,0.9950913786888123,0.004908621311187744,1.1219462156295776,0.016078997403383255,146,5.887389471696014e-07
4496,0.9949714541435242,0.00502854585647583,1.1185393333435059,0.016163652762770653,146,5.887389471696014e-07
4497,0.9951304197311401,0.004869580268859863,1.1283684968948364,0.016104569658637047,146,5.887389471696014e-07
4498,0.9947867393493652,0.005213260650634766,1.1376796960830688,0.016537923365831375,146,5.887389471696014e-07
4499,0.9950717687606812,0.004928231239318848,1.1388435363769531,0.016267383471131325,146,5.887389471696014e-07
4500,0.9950692057609558,0.0049307942390441895,1.1212185621261597,0.016093671321868896,146,5.887389471696014e-07
4501,0.9949721693992615,0.005027830600738525,1.1202892065048218,0.01618044450879097,146,5.887389471696014e-07
4502,0.9948561787605286,0.0051438212394714355,1.1266578435897827,0.016358960419893265,146,5.887389471696014e-07
4503,0.9948877692222595,0.0051122307777404785,1.133836030960083,0.01639946922659874,146,5.887389471696014e-07
4504,0.9950227737426758,0.004977226257324219,1.1314281225204468,0.016241734847426414,146,5.887389471696014e-07
4505,0.9948527216911316,0.005147278308868408,1.1354498863220215,0.01645030453801155,146,5.887389471696014e-07
4506,0.9948704242706299,0.005129575729370117,1.1292980909347534,0.016371261328458786,146,5.887389471696014e-07
4507,0.9950464367866516,0.004953563213348389,1.1285367012023926,0.016189394518733025,146,5.887389471696014e-07
4508,0.9949082136154175,0.0050917863845825195,1.1352323293685913,0.01639319211244583,146,5.887389471696014e-07
4509,0.994860053062439,0.005139946937561035,1.1270971298217773,0.016359519213438034,146,5.887389471696014e-07
4510,0.9949922561645508,0.005007743835449219,1.133073329925537,0.016288399696350098,146,5.887389471696014e-07
4511,0.994841456413269,0.005158543586730957,1.1306461095809937,0.01641341857612133,146,5.887389471696014e-07
4512,0.9952424764633179,0.004757523536682129,1.1380444765090942,0.01609039306640625,146,5.887389471696014e-07
4513,0.994901180267334,0.005098819732666016,1.1170684099197388,0.0162185151129961,146,5.887389471696014e-07
4514,0.9951041340827942,0.0048958659172058105,1.135286808013916,0.01619977504014969,146,5.887389471696014e-07
4515,0.9949468374252319,0.005053162574768066,1.1110379695892334,0.016113009303808212,146,5.887389471696014e-07
4516,0.9948800206184387,0.005119979381561279,1.1186965703964233,0.01625574566423893,146,5.887389471696014e-07
4517,0.9950127005577087,0.00498729944229126,1.1263015270233154,0.016200441867113113,146,5.887389471696014e-07
4518,0.9949992299079895,0.005000770092010498,1.1174068450927734,0.016124829649925232,146,5.887389471696014e-07
4519,0.9948649406433105,0.005135059356689453,1.1258655786514282,0.016342364251613617,146,5.887389471696014e-07
4520,0.994911789894104,0.005088210105895996,1.138415813446045,0.01642148569226265,146,5.887389471696014e-07
4521,0.9950785040855408,0.0049214959144592285,1.1387346982955933,0.016259627416729927,146,5.887389471696014e-07
4522,0.9949943423271179,0.00500565767288208,1.1322002410888672,0.016277603805065155,146,5.887389471696014e-07
4523,0.9947729110717773,0.005227088928222656,1.1323740482330322,0.016498558223247528,146,5.887389471696014e-07
4524,0.9949957728385925,0.005004227161407471,1.1408109664916992,0.016362294554710388,146,5.887389471696014e-07
4525,0.9948896765708923,0.005110323429107666,1.1202343702316284,0.016261564567685127,146,5.887389471696014e-07
4526,0.9947822093963623,0.005217790603637695,1.1298134326934814,0.01646374724805355,147,5.593019998111213e-07
4527,0.9948619604110718,0.005138039588928223,1.1143440008163452,0.01623009890317917,147,5.593019998111213e-07
4528,0.9950031042098999,0.004996895790100098,1.127747654914856,0.01622440293431282,147,5.593019998111213e-07
4529,0.9949125051498413,0.005087494850158691,1.1262880563735962,0.016299501061439514,147,5.593019998111213e-07
4530,0.9948859214782715,0.005114078521728516,1.1281906366348267,0.016344843432307243,147,5.593019998111213e-07
4531,0.9950085282325745,0.004991471767425537,1.1277410984039307,0.016218967735767365,147,5.593019998111213e-07
4532,0.9950090646743774,0.004990935325622559,1.1210688352584839,0.01615171507000923,147,5.593019998111213e-07
4533,0.9948195219039917,0.005180478096008301,1.1167572736740112,0.01629624515771866,147,5.593019998111213e-07
4534,0.9948967099189758,0.00510329008102417,1.1305625438690186,0.01635788381099701,147,5.593019998111213e-07
4535,0.9949604868888855,0.005039513111114502,1.1275017261505127,0.016264135017991066,147,5.593019998111213e-07
4536,0.9948849678039551,0.005115032196044922,1.12466561794281,0.016310539096593857,147,5.593019998111213e-07
4537,0.9948605895042419,0.005139410495758057,1.1212801933288574,0.01630081795156002,147,5.593019998111213e-07
4538,0.9949827194213867,0.005017280578613281,1.136743187904358,0.016334539279341698,147,5.593019998111213e-07
4539,0.9950500726699829,0.00494992733001709,1.1163907051086426,0.01606433466076851,147,5.593019998111213e-07
4540,0.9950074553489685,0.004992544651031494,1.1323511600494385,0.016266129910945892,147,5.593019998111213e-07
4541,0.9950700402259827,0.004929959774017334,1.1307553052902222,0.016188211739063263,147,5.593019998111213e-07
4542,0.9949150085449219,0.005084991455078125,1.1492232084274292,0.016526373103260994,147,5.593019998111213e-07
4543,0.9948936700820923,0.005106329917907715,1.1460492610931396,0.016515759751200676,147,5.593019998111213e-07
4544,0.9951003193855286,0.0048996806144714355,1.1270004510879517,0.016120687127113342,147,5.593019998111213e-07
4545,0.9949303865432739,0.005069613456726074,1.125962257385254,0.01627853885293007,147,5.593019998111213e-07
4546,0.9951376914978027,0.004862308502197266,1.1260638236999512,0.016074324026703835,147,5.593019998111213e-07
4547,0.9952026605606079,0.00479733943939209,1.1354347467422485,0.0161037128418684,147,5.593019998111213e-07
4548,0.9950608611106873,0.004939138889312744,1.1294492483139038,0.016184240579605103,147,5.593019998111213e-07
4549,0.9949520230293274,0.005047976970672607,1.1258721351623535,0.016256218776106834,147,5.593019998111213e-07
4550,0.9949593544006348,0.005040645599365234,1.1255756616592407,0.016245994716882706,147,5.593019998111213e-07
4551,0.9948893189430237,0.005110681056976318,1.1318559646606445,0.016378134489059448,147,5.593019998111213e-07
4552,0.9950530529022217,0.00494694709777832,1.1207364797592163,0.016104841604828835,147,5.593019998111213e-07
4553,0.9950131773948669,0.004986822605133057,1.1301583051681519,0.016238536685705185,147,5.593019998111213e-07
4554,0.9949307441711426,0.005069255828857422,1.1407654285430908,0.016426216810941696,147,5.593019998111213e-07
4555,0.994976818561554,0.005023181438446045,1.1375319957733154,0.01634826883673668,147,5.593019998111213e-07
4556,0.9947969913482666,0.0052030086517333984,1.130662441253662,0.016457602381706238,147,5.593019998111213e-07
4557,0.9949400424957275,0.005059957504272461,1.1353912353515625,0.016363270580768585,148,5.313368998205652e-07
4558,0.9949366450309753,0.005063354969024658,1.1381030082702637,0.0163937509059906,148,5.313368998205652e-07
4559,0.9951086044311523,0.004891395568847656,1.1312711238861084,0.016155192628502846,148,5.313368998205652e-07
4560,0.994932234287262,0.005067765712738037,1.1331373453140259,0.01634846068918705,148,5.313368998205652e-07
4561,0.995043158531189,0.004956841468811035,1.1216768026351929,0.016124041751027107,148,5.313368998205652e-07
4562,0.9948598146438599,0.005140185356140137,1.1306194067001343,0.016394976526498795,148,5.313368998205652e-07
4563,0.994982123374939,0.005017876625061035,1.1268502473831177,0.01623620092868805,148,5.313368998205652e-07
4564,0.9949389100074768,0.005061089992523193,1.118829607963562,0.01619877479970455,148,5.313368998205652e-07
4565,0.9951071739196777,0.004892826080322266,1.119435429573059,0.016038252040743828,148,5.313368998205652e-07
4566,0.994896411895752,0.005103588104248047,1.136375069618225,0.01641630195081234,148,5.313368998205652e-07
4567,0.9948998689651489,0.005100131034851074,1.1378166675567627,0.01642729714512825,148,5.313368998205652e-07
4568,0.9949548244476318,0.005045175552368164,1.1308534145355225,0.016303258016705513,148,5.313368998205652e-07
4569,0.9947495460510254,0.005250453948974609,1.1186069250106812,0.01638401858508587,148,5.313368998205652e-07
4570,0.9951195120811462,0.00488048791885376,1.1220276355743408,0.01605195924639702,148,5.313368998205652e-07
4571,0.9949839115142822,0.0050160884857177734,1.1336058378219604,0.016301985830068588,148,5.313368998205652e-07
4572,0.9949355721473694,0.005064427852630615,1.1272469758987427,0.016286253929138184,148,5.313368998205652e-07
4573,0.9950236082077026,0.004976391792297363,1.1288899183273315,0.016215527430176735,148,5.313368998205652e-07
4574,0.9949424862861633,0.00505751371383667,1.1246212720870972,0.01625315099954605,148,5.313368998205652e-07
4575,0.9949946999549866,0.005005300045013428,1.1260825395584106,0.01621607318520546,148,5.313368998205652e-07
4576,0.995039165019989,0.004960834980010986,1.1303350925445557,0.016214577481150627,148,5.313368998205652e-07
4577,0.994778573513031,0.005221426486968994,1.128583550453186,0.016455046832561493,148,5.313368998205652e-07
4578,0.9948856234550476,0.005114376544952393,1.1280866861343384,0.0163441002368927,148,5.313368998205652e-07
4579,0.9948916435241699,0.005108356475830078,1.121728777885437,0.01627456024289131,148,5.313368998205652e-07
4580,0.9949333071708679,0.00506669282913208,1.1321755647659302,0.01633778214454651,148,5.313368998205652e-07
4581,0.9950447678565979,0.0049552321434021,1.1146488189697266,0.016052167862653732,148,5.313368998205652e-07
4582,0.995119571685791,0.004880428314208984,1.140702247619629,0.01623864658176899,148,5.313368998205652e-07
4583,0.9951261281967163,0.004873871803283691,1.1326072216033936,0.016151204705238342,148,5.313368998205652e-07
4584,0.9949780106544495,0.005021989345550537,1.1409038305282593,0.016380807384848595,148,5.313368998205652e-07
4585,0.9948948621749878,0.005105137825012207,1.1308062076568604,0.016362149268388748,148,5.313368998205652e-07
4586,0.9948965907096863,0.005103409290313721,1.1233402490615845,0.01628577709197998,148,5.313368998205652e-07
4587,0.9950026869773865,0.004997313022613525,1.1273988485336304,0.01622132956981659,148,5.313368998205652e-07
4588,0.994979977607727,0.005020022392272949,1.1265103816986084,0.016234926879405975,149,5.047700548295369e-07
4589,0.9950410723686218,0.004958927631378174,1.1387264728546143,0.01629660278558731,149,5.047700548295369e-07
4590,0.9949732422828674,0.005026757717132568,1.120650291442871,0.016182992607355118,149,5.047700548295369e-07
4591,0.9950717091560364,0.004928290843963623,1.1309046745300293,0.016188055276870728,149,5.047700548295369e-07
4592,0.9949737191200256,0.005026280879974365,1.1289231777191162,0.016265250742435455,149,5.047700548295369e-07
4593,0.9949595332145691,0.005040466785430908,1.1348179578781128,0.01633824221789837,149,5.047700548295369e-07
4594,0.9951896667480469,0.004810333251953125,1.1420537233352661,0.01618276722729206,149,5.047700548295369e-07
4595,0.9949936270713806,0.005006372928619385,1.135574460029602,0.01631205342710018,149,5.047700548295369e-07
4596,0.9948049783706665,0.005195021629333496,1.130994439125061,0.01645301654934883,149,5.047700548295369e-07
4597,0.9949201345443726,0.005079865455627441,1.1123974323272705,0.016153041273355484,149,5.047700548295369e-07
4598,0.9948999285697937,0.005100071430206299,1.1303751468658447,0.0163528211414814,149,5.047700548295369e-07
4599,0.9950523972511292,0.00494760274887085,1.1275229454040527,0.016173355281352997,149,5.047700548295369e-07
4600,0.9949478507041931,0.005052149295806885,1.127655267715454,0.016278181225061417,149,5.047700548295369e-07
4601,0.994860827922821,0.005139172077178955,1.1278085708618164,0.016365865245461464,149,5.047700548295369e-07
4602,0.9949439167976379,0.0050560832023620605,1.1386282444000244,0.016391804441809654,149,5.047700548295369e-07
4603,0.9950351715087891,0.0049648284912109375,1.1141377687454224,0.01605655811727047,149,5.047700548295369e-07
4604,0.9949265122413635,0.005073487758636475,1.1277014017105103,0.016299765557050705,149,5.047700548295369e-07
4605,0.9950267672538757,0.004973232746124268,1.1275475025177002,0.01619897596538067,149,5.047700548295369e-07
4606,0.99498051404953,0.005019485950469971,1.1247799396514893,0.01621709018945694,149,5.047700548295369e-07
4607,0.9949327707290649,0.005067229270935059,1.1203999519348145,0.01622055657207966,149,5.047700548295369e-07
4608,0.994863748550415,0.005136251449584961,1.1361486911773682,0.016446374356746674,149,5.047700548295369e-07
4609,0.9949876070022583,0.005012392997741699,1.130483627319336,0.01626710593700409,149,5.047700548295369e-07
4610,0.9949137568473816,0.005086243152618408,1.1323753595352173,0.016359135508537292,149,5.047700548295369e-07
4611,0.9948408007621765,0.005159199237823486,1.1182341575622559,0.016289949417114258,149,5.047700548295369e-07
4612,0.9951151013374329,0.004884898662567139,1.1190190315246582,0.016026239842176437,149,5.047700548295369e-07
4613,0.994844913482666,0.005155086517333984,1.1351525783538818,0.016455061733722687,149,5.047700548295369e-07
4614,0.9951187968254089,0.0048812031745910645,1.1295478343963623,0.016127869486808777,149,5.047700548295369e-07
4615,0.9949501156806946,0.00504988431930542,1.1254947185516357,0.016254331916570663,149,5.047700548295369e-07
4616,0.9949386119842529,0.00506138801574707,1.1210956573486328,0.016221731901168823,149,5.047700548295369e-07
4617,0.9948259592056274,0.005174040794372559,1.1356650590896606,0.016478950157761574,149,5.047700548295369e-07
4618,0.9949950575828552,0.005004942417144775,1.1467795372009277,0.016422688961029053,149,5.047700548295369e-07
4619,0.994852602481842,0.005147397518157959,1.1170926094055176,0.016266848891973495,150,4.7953155208806e-07
4620,0.9951034784317017,0.00489652156829834,1.1222236156463623,0.016069792211055756,150,4.7953155208806e-07
4621,0.9949383735656738,0.005061626434326172,1.122947096824646,0.016240481287240982,150,4.7953155208806e-07
4622,0.9948217868804932,0.005178213119506836,1.131831169128418,0.016444742679595947,150,4.7953155208806e-07
4623,0.9948265552520752,0.005173444747924805,1.1288888454437256,0.016410598531365395,150,4.7953155208806e-07
4624,0.9949443936347961,0.005055606365203857,1.12513267993927,0.01625637710094452,150,4.7953155208806e-07
4625,0.99494469165802,0.0050553083419799805,1.1406399011611938,0.016411153599619865,150,4.7953155208806e-07
4626,0.994947612285614,0.005052387714385986,1.1358646154403687,0.016360510140657425,150,4.7953155208806e-07
4627,0.995084822177887,0.004915177822113037,1.1299312114715576,0.016165338456630707,150,4.7953155208806e-07
4628,0.9951303601264954,0.004869639873504639,1.128779649734497,0.016108740121126175,150,4.7953155208806e-07
4629,0.994914710521698,0.005085289478302002,1.1494863033294678,0.016529299318790436,150,4.7953155208806e-07
4630,0.9949408173561096,0.005059182643890381,1.1297684907913208,0.016306275501847267,150,4.7953155208806e-07
4631,0.9948206543922424,0.005179345607757568,1.1215029954910278,0.016342582181096077,150,4.7953155208806e-07
4632,0.9949407577514648,0.005059242248535156,1.1292414665222168,0.016301065683364868,150,4.7953155208806e-07
4633,0.9949272274971008,0.00507277250289917,1.1282702684402466,0.01630474627017975,150,4.7953155208806e-07
4634,0.9950242042541504,0.004975795745849609,1.1264967918395996,0.01619100570678711,150,4.7953155208806e-07
4635,0.9950663447380066,0.004933655261993408,1.1418315172195435,0.01630263403058052,150,4.7953155208806e-07
4636,0.9949945211410522,0.005005478858947754,1.1280955076217651,0.016236379742622375,150,4.7953155208806e-07
4637,0.9949862360954285,0.005013763904571533,1.129866600036621,0.016262292861938477,150,4.7953155208806e-07
4638,0.995140552520752,0.004859447479248047,1.121114730834961,0.016022000461816788,150,4.7953155208806e-07
4639,0.9948896169662476,0.005110383033752441,1.1298387050628662,0.01635766588151455,150,4.7953155208806e-07
4640,0.99498450756073,0.0050154924392700195,1.1200518608093262,0.016165856271982193,150,4.7953155208806e-07
4641,0.995132565498352,0.004867434501647949,1.1191550493240356,0.016010310500860214,150,4.7953155208806e-07
4642,0.9949740767478943,0.005025923252105713,1.139420747756958,0.01636987179517746,150,4.7953155208806e-07
4643,0.9949561357498169,0.0050438642501831055,1.1308624744415283,0.016302049160003662,150,4.7953155208806e-07
4644,0.9950424432754517,0.00495755672454834,1.1166661977767944,0.016074642539024353,150,4.7953155208806e-07
4645,0.9949013590812683,0.0050986409187316895,1.1309599876403809,0.01635725423693657,150,4.7953155208806e-07
4646,0.9951362609863281,0.004863739013671875,1.1257339715957642,0.016072440892457962,150,4.7953155208806e-07
4647,0.9948059320449829,0.00519406795501709,1.1345797777175903,0.01648792438209057,150,4.7953155208806e-07
4648,0.9947947263717651,0.005205273628234863,1.1277780532836914,0.01643100008368492,150,4.7953155208806e-07
4649,0.9949233531951904,0.00507664680480957,1.1263691186904907,0.016289571300148964,150,4.7953155208806e-07
4650,0.9950849413871765,0.004915058612823486,1.1253937482833862,0.01611984521150589,151,4.55554974483657e-07
4651,0.9949033856391907,0.005096614360809326,1.1233916282653809,0.016279563307762146,151,4.55554974483657e-07
4652,0.9949603080749512,0.005039691925048828,1.125249981880188,0.01624179445207119,151,4.55554974483657e-07
4653,0.9947556853294373,0.005244314670562744,1.131493330001831,0.016506804153323174,151,4.55554974483657e-07
4654,0.9950446486473083,0.00495535135269165,1.1339466571807861,0.016245264559984207,151,4.55554974483657e-07
4655,0.9949848651885986,0.005015134811401367,1.126634120941162,0.016231324523687363,151,4.55554974483657e-07
4656,0.9949641823768616,0.005035817623138428,1.1293038129806519,0.016278497874736786,151,4.55554974483657e-07
4657,0.9950992465019226,0.004900753498077393,1.1268811225891113,0.016120556741952896,151,4.55554974483657e-07
4658,0.9949283003807068,0.005071699619293213,1.1291813850402832,0.016312796622514725,151,4.55554974483657e-07
4659,0.9949052333831787,0.005094766616821289,1.1294875144958496,0.016338694840669632,151,4.55554974483657e-07
4660,0.9950382113456726,0.004961788654327393,1.1272494792938232,0.016184665262699127,151,4.55554974483657e-07
4661,0.9948106408119202,0.005189359188079834,1.1164599657058716,0.016302064061164856,151,4.55554974483657e-07
4662,0.9950453639030457,0.004954636096954346,1.1406759023666382,0.016311848536133766,151,4.55554974483657e-07
4663,0.9950864315032959,0.0049135684967041016,1.1277899742126465,0.016142331063747406,151,4.55554974483657e-07
4664,0.9950105547904968,0.004989445209503174,1.140977144241333,0.016349323093891144,151,4.55554974483657e-07
4665,0.9949377179145813,0.005062282085418701,1.1277421712875366,0.016289081424474716,151,4.55554974483657e-07
4666,0.995029091835022,0.004970908164978027,1.1213823556900024,0.016135022044181824,151,4.55554974483657e-07
4667,0.9950559139251709,0.0049440860748291016,1.133150339126587,0.01622614823281765,151,4.55554974483657e-07
4668,0.9950330257415771,0.0049669742584228516,1.1333497762680054,0.01625080220401287,151,4.55554974483657e-07
4669,0.994943380355835,0.005056619644165039,1.1332467794418335,0.016338519752025604,151,4.55554974483657e-07
4670,0.9950069785118103,0.004993021488189697,1.116066336631775,0.016103755682706833,151,4.55554974483657e-07
4671,0.994821310043335,0.005178689956665039,1.1175304651260376,0.016302207484841347,151,4.55554974483657e-07
4672,0.9948943257331848,0.0051056742668151855,1.1400673389434814,0.016455290839076042,151,4.55554974483657e-07
4673,0.9948994517326355,0.005100548267364502,1.1365296840667725,0.016414839774370193,151,4.55554974483657e-07
4674,0.994849443435669,0.005150556564331055,1.1187522411346436,0.016286572441458702,151,4.55554974483657e-07
4675,0.9950392246246338,0.004960775375366211,1.1371948719024658,0.01628311723470688,151,4.55554974483657e-07
4676,0.9948616027832031,0.005138397216796875,1.1334847211837769,0.016421860083937645,151,4.55554974483657e-07
4677,0.9949816465377808,0.005018353462219238,1.1265943050384521,0.01623411290347576,151,4.55554974483657e-07
4678,0.995037853717804,0.004962146282196045,1.1291966438293457,0.01620449125766754,151,4.55554974483657e-07
4679,0.9950307011604309,0.004969298839569092,1.1331795454025269,0.016251400113105774,151,4.55554974483657e-07
4680,0.9948877096176147,0.005112290382385254,1.1150858402252197,0.01621202565729618,151,4.55554974483657e-07
4681,0.9950881004333496,0.004911899566650391,1.1225720643997192,0.01608850061893463,152,4.327772257594741e-07
4682,0.9949957132339478,0.005004286766052246,1.1304072141647339,0.01625831611454487,152,4.327772257594741e-07
4683,0.9949172735214233,0.00508272647857666,1.1287981271743774,0.01631988026201725,152,4.327772257594741e-07
4684,0.9951663613319397,0.004833638668060303,1.1254171133041382,0.016039472073316574,152,4.327772257594741e-07
4685,0.9947776794433594,0.005222320556640625,1.133155107498169,0.016501648351550102,152,4.327772257594741e-07
4686,0.995021641254425,0.004978358745574951,1.120923399925232,0.016137808561325073,152,4.327772257594741e-07
4687,0.9951221942901611,0.004877805709838867,1.1461323499679565,0.01629035174846649,152,4.327772257594741e-07
4688,0.9950315356254578,0.004968464374542236,1.1324466466903687,0.01624324545264244,152,4.327772257594741e-07
4689,0.9949643611907959,0.0050356388092041016,1.13089919090271,0.016294274479150772,152,4.327772257594741e-07
4690,0.9950413107872009,0.004958689212799072,1.1258926391601562,0.016168028116226196,152,4.327772257594741e-07
4691,0.9948378801345825,0.0051621198654174805,1.1304033994674683,0.01641453243792057,152,4.327772257594741e-07
4692,0.9950077533721924,0.004992246627807617,1.127974510192871,0.016222069039940834,152,4.327772257594741e-07
4693,0.9950159192085266,0.004984080791473389,1.14207923412323,0.016355032101273537,152,4.327772257594741e-07
4694,0.9949890375137329,0.00501096248626709,1.1212053298950195,0.016172906383872032,152,4.327772257594741e-07
4695,0.9948493838310242,0.00515061616897583,1.1287636756896973,0.016386745497584343,152,4.327772257594741e-07
4696,0.9950032830238342,0.0049967169761657715,1.110981822013855,0.016056567430496216,152,4.327772257594741e-07
4697,0.9948717355728149,0.005128264427185059,1.1272237300872803,0.016349218785762787,152,4.327772257594741e-07
4698,0.9949294924736023,0.005070507526397705,1.1291563510894775,0.016311366111040115,152,4.327772257594741e-07
4699,0.9949496388435364,0.005050361156463623,1.1305875778198242,0.01630573347210884,152,4.327772257594741e-07
4700,0.9949460029602051,0.005053997039794922,1.1184974908828735,0.016188431531190872,152,4.327772257594741e-07
4701,0.9949960708618164,0.005003929138183594,1.12723970413208,0.016226287931203842,152,4.327772257594741e-07
4702,0.9949944019317627,0.005005598068237305,1.129072666168213,0.016246268525719643,152,4.327772257594741e-07
4703,0.9949256181716919,0.0050743818283081055,1.1268430948257446,0.016292069107294083,152,4.327772257594741e-07
4704,0.9950299859046936,0.0049700140953063965,1.1137418746948242,0.016057733446359634,152,4.327772257594741e-07
4705,0.9948325753211975,0.00516742467880249,1.132391095161438,0.016439661383628845,152,4.327772257594741e-07
4706,0.995013952255249,0.0049860477447509766,1.130955457687378,0.01624574139714241,152,4.327772257594741e-07
4707,0.9949693083763123,0.005030691623687744,1.1415584087371826,0.016395969316363335,152,4.327772257594741e-07
4708,0.994942843914032,0.005057156085968018,1.1278643608093262,0.016285227611660957,152,4.327772257594741e-07
4709,0.994924008846283,0.005075991153717041,1.1351048946380615,0.016376279294490814,152,4.327772257594741e-07
4710,0.9949179291725159,0.005082070827484131,1.13188898563385,0.016350138932466507,152,4.327772257594741e-07
4711,0.9948288202285767,0.00517117977142334,1.132184386253357,0.016441311687231064,152,4.327772257594741e-07
4712,0.9949487447738647,0.005051255226135254,1.1241809129714966,0.016242550686001778,153,4.111383644715004e-07
4713,0.9951699376106262,0.004830062389373779,1.1352726221084595,0.016134487465023994,153,4.111383644715004e-07
4714,0.9948111176490784,0.005188882350921631,1.1337940692901611,0.016474934294819832,153,4.111383644715004e-07
4715,0.9950820803642273,0.004917919635772705,1.1194181442260742,0.016062922775745392,153,4.111383644715004e-07
4716,0.9949618577957153,0.005038142204284668,1.1315903663635254,0.016303664073348045,153,4.111383644715004e-07
4717,0.9950479865074158,0.0049520134925842285,1.1317615509033203,0.016220107674598694,153,4.111383644715004e-07
4718,0.9948656558990479,0.0051343441009521484,1.1226140260696411,0.016309140250086784,153,4.111383644715004e-07
4719,0.9950143694877625,0.004985630512237549,1.1184418201446533,0.016120191663503647,153,4.111383644715004e-07
4720,0.9950093626976013,0.004990637302398682,1.1466599702835083,0.016407329589128494,153,4.111383644715004e-07
4721,0.9948861002922058,0.0051138997077941895,1.1303647756576538,0.01636640727519989,153,4.111383644715004e-07
4722,0.9949625134468079,0.005037486553192139,1.105177402496338,0.016038885340094566,153,4.111383644715004e-07
4723,0.9949322938919067,0.005067706108093262,1.1416553258895874,0.016433581709861755,153,4.111383644715004e-07
4724,0.9950507283210754,0.0049492716789245605,1.1318819522857666,0.016218598932027817,153,4.111383644715004e-07
4725,0.9950418472290039,0.004958152770996094,1.1309019327163696,0.016217591241002083,153,4.111383644715004e-07
4726,0.9949095249176025,0.005090475082397461,1.1407638788223267,0.01644720882177353,153,4.111383644715004e-07
4727,0.9950291514396667,0.004970848560333252,1.1282098293304443,0.01620323956012726,153,4.111383644715004e-07
4728,0.9949610829353333,0.005038917064666748,1.122886061668396,0.016217388212680817,153,4.111383644715004e-07
4729,0.9950133562088013,0.0049866437911987305,1.1280326843261719,0.016217103227972984,153,4.111383644715004e-07
4730,0.9948527812957764,0.005147218704223633,1.1388872861862183,0.016484618186950684,153,4.111383644715004e-07
4731,0.994924008846283,0.005075991153717041,1.1306133270263672,0.01633136346936226,153,4.111383644715004e-07
4732,0.9948556423187256,0.005144357681274414,1.1249308586120605,0.016342222690582275,153,4.111383644715004e-07
4733,0.9947983622550964,0.0052016377449035645,1.1287617683410645,0.016437239944934845,153,4.111383644715004e-07
4734,0.9949239492416382,0.005076050758361816,1.1312052011489868,0.01633734256029129,153,4.111383644715004e-07
4735,0.9949384927749634,0.005061507225036621,1.125195026397705,0.0162628423422575,153,4.111383644715004e-07
4736,0.9949135184288025,0.00508648157119751,1.128428339958191,0.01631990075111389,153,4.111383644715004e-07
4737,0.9951950311660767,0.00480496883392334,1.1293840408325195,0.016050759702920914,153,4.111383644715004e-07
4738,0.9948538541793823,0.005146145820617676,1.1331098079681396,0.016425782814621925,153,4.111383644715004e-07
4739,0.9949302673339844,0.005069732666015625,1.1227753162384033,0.016246788203716278,153,4.111383644715004e-07
4740,0.9949650764465332,0.005034923553466797,1.1183454990386963,0.016168028116226196,153,4.111383644715004e-07
4741,0.9949930310249329,0.005006968975067139,1.1260197162628174,0.016217095777392387,153,4.111383644715004e-07
4742,0.9951501488685608,0.004849851131439209,1.127791404724121,0.016079265624284744,153,4.111383644715004e-07
4743,0.9948949813842773,0.005105018615722656,1.1206128597259521,0.016260096803307533,154,3.905814462479254e-07
4744,0.994874894618988,0.005125105381011963,1.1180226802825928,0.016254080459475517,154,3.905814462479254e-07
4745,0.9949209094047546,0.005079090595245361,1.1275287866592407,0.016303587704896927,154,3.905814462479254e-07
4746,0.9950059056282043,0.004994094371795654,1.1226924657821655,0.016171077266335487,154,3.905814462479254e-07
4747,0.9950515627861023,0.004948437213897705,1.1358020305633545,0.016256973147392273,154,3.905814462479254e-07
4748,0.9949788451194763,0.005021154880523682,1.1188442707061768,0.016159385442733765,154,3.905814462479254e-07
4749,0.9949233531951904,0.00507664680480957,1.123025894165039,0.016256138682365417,154,3.905814462479254e-07
4750,0.994884729385376,0.0051152706146240234,1.137498378753662,0.016439102590084076,154,3.905814462479254e-07
4751,0.9949794411659241,0.005020558834075928,1.123868465423584,0.016209036111831665,154,3.905814462479254e-07
4752,0.9948312044143677,0.005168795585632324,1.1359847784042358,0.016476955264806747,154,3.905814462479254e-07
4753,0.9950391054153442,0.004960894584655762,1.1197075843811035,0.016108360141515732,154,3.905814462479254e-07
4754,0.9950783252716064,0.004921674728393555,1.1291028261184692,0.01616348698735237,154,3.905814462479254e-07
4755,0.9949012398719788,0.00509876012802124,1.1403546333312988,0.016451317816972733,154,3.905814462479254e-07
4756,0.9949802756309509,0.005019724369049072,1.1277905702590942,0.016247432678937912,154,3.905814462479254e-07
4757,0.9949482679367065,0.005051732063293457,1.125686526298523,0.016258079558610916,154,3.905814462479254e-07
4758,0.9949647188186646,0.005035281181335449,1.1538965702056885,0.016523893922567368,154,3.905814462479254e-07
4759,0.9948709607124329,0.005129039287567139,1.131973147392273,0.01639747992157936,154,3.905814462479254e-07
4760,0.9948451519012451,0.005154848098754883,1.1286042928695679,0.01638934202492237,154,3.905814462479254e-07
4761,0.9952272176742554,0.004772782325744629,1.1347479820251465,0.016072534024715424,154,3.905814462479254e-07
4762,0.9950886368751526,0.004911363124847412,1.1222776174545288,0.016085024923086166,154,3.905814462479254e-07
4763,0.9949206709861755,0.005079329013824463,1.1310596466064453,0.016339130699634552,154,3.905814462479254e-07
4764,0.9949764609336853,0.005023539066314697,1.1219252347946167,0.01619255542755127,154,3.905814462479254e-07
4765,0.9949064254760742,0.005093574523925781,1.1285074949264526,0.016327712684869766,154,3.905814462479254e-07
4766,0.9950683116912842,0.00493168830871582,1.1464916467666626,0.016347287222743034,154,3.905814462479254e-07
4767,0.9949986338615417,0.005001366138458252,1.1241191625595093,0.016192544251680374,154,3.905814462479254e-07
4768,0.995003342628479,0.004996657371520996,1.1254781484603882,0.016201471909880638,154,3.905814462479254e-07
4769,0.9949014186859131,0.005098581314086914,1.1259934902191162,0.01630753092467785,154,3.905814462479254e-07
4770,0.9949889779090881,0.005011022090911865,1.1308979988098145,0.01626989245414734,154,3.905814462479254e-07
4771,0.9949923753738403,0.005007624626159668,1.115580439567566,0.01611335203051567,154,3.905814462479254e-07
4772,0.9950447678565979,0.0049552321434021,1.1295444965362549,0.016201123595237732,154,3.905814462479254e-07
4773,0.9948210716247559,0.005178928375244141,1.133099913597107,0.016458136960864067,154,3.905814462479254e-07
4774,0.9950962662696838,0.004903733730316162,1.1264687776565552,0.01611938327550888,155,3.710523739355291e-07
4775,0.9950242638587952,0.004975736141204834,1.1134201288223267,0.016060179099440575,155,3.710523739355291e-07
4776,0.9948923587799072,0.0051076412200927734,1.1343419551849365,0.016399983316659927,155,3.710523739355291e-07
4777,0.9950315356254578,0.004968464374542236,1.1373258829116821,0.016292037442326546,155,3.710523739355291e-07
4778,0.9950411915779114,0.004958808422088623,1.1284315586090088,0.016193535178899765,155,3.710523739355291e-07
4779,0.9951496124267578,0.0048503875732421875,1.131381869316101,0.016115702688694,155,3.710523739355291e-07
4780,0.9949856400489807,0.005014359951019287,1.1205873489379883,0.016170090064406395,155,3.710523739355291e-07
4781,0.9949228167533875,0.005077183246612549,1.1173979043960571,0.016200389713048935,155,3.710523739355291e-07
4782,0.9949496984481812,0.005050301551818848,1.119089961051941,0.016190698370337486,155,3.710523739355291e-07
4783,0.9951547384262085,0.004845261573791504,1.1307971477508545,0.01610478013753891,155,3.710523739355291e-07
4784,0.9948656558990479,0.0051343441009521484,1.1138460636138916,0.016221461817622185,155,3.710523739355291e-07
4785,0.9948480725288391,0.005151927471160889,1.1336467266082764,0.016436874866485596,155,3.710523739355291e-07
4786,0.994904637336731,0.005095362663269043,1.124967336654663,0.0162940826267004,155,3.710523739355291e-07
4787,0.9948982000350952,0.005101799964904785,1.1274772882461548,0.016325555741786957,155,3.710523739355291e-07
4788,0.9949870109558105,0.005012989044189453,1.1129575967788696,0.016092434525489807,155,3.710523739355291e-07
4789,0.994977593421936,0.005022406578063965,1.138180136680603,0.01635398343205452,155,3.710523739355291e-07
4790,0.9949933886528015,0.005006611347198486,1.139233112335205,0.01634887605905533,155,3.710523739355291e-07
4791,0.9950560331344604,0.004943966865539551,1.125253438949585,0.016147062182426453,155,3.710523739355291e-07
4792,0.9948390126228333,0.005160987377166748,1.131221055984497,0.016421588137745857,155,3.710523739355291e-07
4793,0.9947695136070251,0.0052304863929748535,1.137244701385498,0.01655062846839428,155,3.710523739355291e-07
4794,0.9948673844337463,0.005132615566253662,1.1315593719482422,0.016396883875131607,155,3.710523739355291e-07
4795,0.9949599504470825,0.0050400495529174805,1.1251903772354126,0.01624155230820179,155,3.710523739355291e-07
4796,0.9948721528053284,0.005127847194671631,1.1336193084716797,0.01641276106238365,155,3.710523739355291e-07
4797,0.9950169324874878,0.004983067512512207,1.1314797401428223,0.016248034313321114,155,3.710523739355291e-07
4798,0.9950618743896484,0.0049381256103515625,1.1337074041366577,0.016225818544626236,155,3.710523739355291e-07
4799,0.9949427247047424,0.005057275295257568,1.1289796829223633,0.016296498477458954,155,3.710523739355291e-07
4800,0.9948153495788574,0.005184650421142578,1.1183452606201172,0.016316257417201996,155,3.710523739355291e-07
4801,0.9949714541435242,0.00502854585647583,1.1494717597961426,0.01647297851741314,155,3.710523739355291e-07
4802,0.9948794841766357,0.005120515823364258,1.1328845024108887,0.016398154199123383,155,3.710523739355291e-07
4803,0.9950823783874512,0.004917621612548828,1.1322177648544312,0.016190622001886368,155,3.710523739355291e-07
4804,0.9951874613761902,0.0048125386238098145,1.1292080879211426,0.016056492924690247,155,3.710523739355291e-07
4805,0.9948472380638123,0.005152761936187744,1.1142637729644775,0.016243871301412582,156,3.524997552387526e-07
4806,0.9950730800628662,0.004926919937133789,1.1319197416305542,0.016196846961975098,156,3.524997552387526e-07
4807,0.9947806596755981,0.0052193403244018555,1.1305650472640991,0.016472797840833664,156,3.524997552387526e-07
4808,0.99507737159729,0.004922628402709961,1.1238852739334106,0.016112254932522774,156,3.524997552387526e-07
4809,0.9948789477348328,0.005121052265167236,1.1284061670303345,0.016353903338313103,156,3.524997552387526e-07
4810,0.9950842261314392,0.004915773868560791,1.128896713256836,0.016155583783984184,156,3.524997552387526e-07
4811,0.995021641254425,0.004978358745574951,1.1300230026245117,0.016228804364800453,156,3.524997552387526e-07
4812,0.9949485659599304,0.00505143404006958,1.1215957403182983,0.016216875985264778,156,3.524997552387526e-07
4813,0.9949438571929932,0.005056142807006836,1.146577000617981,0.01647135242819786,156,3.524997552387526e-07
4814,0.994918942451477,0.005081057548522949,1.1301767826080322,0.01633201539516449,156,3.524997552387526e-07
4815,0.9948445558547974,0.005155444145202637,1.132926344871521,0.016433153301477432,156,3.524997552387526e-07
4816,0.9948901534080505,0.005109846591949463,1.1180646419525146,0.01623939350247383,156,3.524997552387526e-07
4817,0.9949101209640503,0.005089879035949707,1.128355860710144,0.016322538256645203,156,3.524997552387526e-07
4818,0.9949609041213989,0.005039095878601074,1.1408615112304688,0.016397319734096527,156,3.524997552387526e-07
4819,0.9950034618377686,0.004996538162231445,1.1191495656967163,0.016138069331645966,156,3.524997552387526e-07
4820,0.99485844373703,0.005141556262969971,1.1398805379867554,0.016488946974277496,156,3.524997552387526e-07
4821,0.9950042366981506,0.004995763301849365,1.1169730424880981,0.01611553505063057,156,3.524997552387526e-07
4822,0.9948296546936035,0.005170345306396484,1.13053560256958,0.016423996537923813,156,3.524997552387526e-07
4823,0.9950470924377441,0.004952907562255859,1.1233710050582886,0.01613708771765232,156,3.524997552387526e-07
4824,0.9948959350585938,0.00510406494140625,1.1208460330963135,0.01626148447394371,156,3.524997552387526e-07
4825,0.9949643015861511,0.005035698413848877,1.132613182067871,0.01631147228181362,156,3.524997552387526e-07
4826,0.9950478672981262,0.004952132701873779,1.1321673393249512,0.01622428372502327,156,3.524997552387526e-07
4827,0.9949281215667725,0.005071878433227539,1.1259799003601074,0.01628095842897892,156,3.524997552387526e-07
4828,0.9949488043785095,0.0050511956214904785,1.128631591796875,0.016286998987197876,156,3.524997552387526e-07
4829,0.9949967265129089,0.0050032734870910645,1.133434772491455,0.016287587583065033,156,3.524997552387526e-07
4830,0.9951593279838562,0.004840672016143799,1.1438881158828735,0.016231145709753036,156,3.524997552387526e-07
4831,0.9949737787246704,0.00502622127532959,1.1330450773239136,0.016306409612298012,156,3.524997552387526e-07
4832,0.9949848055839539,0.005015194416046143,1.1193453073501587,0.016158495098352432,156,3.524997552387526e-07
4833,0.9951305985450745,0.004869401454925537,1.1231913566589355,0.016052620485424995,156,3.524997552387526e-07
4834,0.9950713515281677,0.004928648471832275,1.136164903640747,0.016241010278463364,156,3.524997552387526e-07
4835,0.9949192404747009,0.005080759525299072,1.1183308362960815,0.01621326059103012,156,3.524997552387526e-07
4836,0.9948538541793823,0.005146145820617676,1.1246482133865356,0.01634116657078266,157,3.34874767476815e-07
4837,0.9948661923408508,0.00513380765914917,1.1292554140090942,0.016375023871660233,157,3.34874767476815e-07
4838,0.9949542284011841,0.005045771598815918,1.1199229955673218,0.0161945428699255,157,3.34874767476815e-07
4839,0.9949264526367188,0.00507354736328125,1.1373202800750732,0.016396014019846916,157,3.34874767476815e-07
4840,0.9949216842651367,0.005078315734863281,1.1332995891571045,0.016360528767108917,157,3.34874767476815e-07
4841,0.9949066638946533,0.00509333610534668,1.119445562362671,0.016236858442425728,157,3.34874767476815e-07
4842,0.9949851036071777,0.005014896392822266,1.117124319076538,0.016135990619659424,157,3.34874767476815e-07
4843,0.9949283003807068,0.005071699619293213,1.1484054327011108,0.016505036503076553,157,3.34874767476815e-07
4844,0.994879961013794,0.005120038986206055,1.1238524913787842,0.016307363286614418,157,3.34874767476815e-07
4845,0.9950670599937439,0.0049329400062561035,1.123870849609375,0.01612231880426407,157,3.34874767476815e-07
4846,0.9949597120285034,0.005040287971496582,1.139566421508789,0.016385549679398537,157,3.34874767476815e-07
4847,0.994975745677948,0.005024254322052002,1.1284103393554688,0.01625811494886875,157,3.34874767476815e-07
4848,0.9951249361038208,0.004875063896179199,1.129678726196289,0.016123101115226746,157,3.34874767476815e-07
4849,0.994951069355011,0.005048930644989014,1.1168347597122192,0.016166789457201958,157,3.34874767476815e-07
4850,0.9950120449066162,0.004987955093383789,1.116428256034851,0.01610235869884491,157,3.34874767476815e-07
4851,0.9949198365211487,0.005080163478851318,1.135366678237915,0.016383029520511627,157,3.34874767476815e-07
4852,0.9949873685836792,0.005012631416320801,1.1215713024139404,0.01617821864783764,157,3.34874767476815e-07
4853,0.9947847723960876,0.0052152276039123535,1.1228430271148682,0.016391504555940628,157,3.34874767476815e-07
4854,0.9948946237564087,0.005105376243591309,1.1247755289077759,0.0163020770996809,157,3.34874767476815e-07
4855,0.9950650930404663,0.004934906959533691,1.1391088962554932,0.01627664640545845,157,3.34874767476815e-07
4856,0.9951559901237488,0.004844009876251221,1.1394137144088745,0.016189705580472946,157,3.34874767476815e-07
4857,0.9950244426727295,0.004975557327270508,1.1298563480377197,0.016224365681409836,157,3.34874767476815e-07
4858,0.9950108528137207,0.004989147186279297,1.1425237655639648,0.01636449247598648,157,3.34874767476815e-07
4859,0.994865357875824,0.005134642124176025,1.1228644847869873,0.01631193980574608,157,3.34874767476815e-07
4860,0.9948465824127197,0.0051534175872802734,1.1302932500839233,0.016404815018177032,157,3.34874767476815e-07
4861,0.9950504302978516,0.0049495697021484375,1.1362584829330444,0.016262657940387726,157,3.34874767476815e-07
4862,0.9950793385505676,0.004920661449432373,1.1278280019760132,0.0161497350782156,157,3.34874767476815e-07
4863,0.9949163794517517,0.005083620548248291,1.130257487297058,0.01633535884320736,157,3.34874767476815e-07
4864,0.9950491786003113,0.004950821399688721,1.12405264377594,0.01614183932542801,157,3.34874767476815e-07
4865,0.9950838685035706,0.004916131496429443,1.128861665725708,0.016155587509274483,157,3.34874767476815e-07
4866,0.9949600100517273,0.005039989948272705,1.1246192455291748,0.016235781833529472,157,3.34874767476815e-07
4867,0.9948667883872986,0.005133211612701416,1.135587215423584,0.016437752172350883,158,3.181310291029742e-07
4868,0.9948903918266296,0.005109608173370361,1.1202059984207153,0.016260571777820587,158,3.181310291029742e-07
4869,0.9949607849121094,0.005039215087890625,1.1243976354599,0.016232799738645554,158,3.181310291029742e-07
4870,0.9950642585754395,0.004935741424560547,1.1419577598571777,0.016305960714817047,158,3.181310291029742e-07
4871,0.9949785470962524,0.005021452903747559,1.1272140741348267,0.016243379563093185,158,3.181310291029742e-07
4872,0.9949847459793091,0.005015254020690918,1.1241976022720337,0.016207076609134674,158,3.181310291029742e-07
4873,0.9951375126838684,0.004862487316131592,1.1350681781768799,0.016164543107151985,158,3.181310291029742e-07
4874,0.9949207901954651,0.005079209804534912,1.1291667222976685,0.016320085152983665,158,3.181310291029742e-07
4875,0.9949149489402771,0.0050850510597229,1.131605863571167,0.016350258141756058,158,3.181310291029742e-07
4876,0.9950804114341736,0.004919588565826416,1.1219357252120972,0.016089750453829765,158,3.181310291029742e-07
4877,0.9949324131011963,0.005067586898803711,1.1297180652618408,0.01631409116089344,158,3.181310291029742e-07
4878,0.9949144721031189,0.0050855278968811035,1.1298835277557373,0.016333507373929024,158,3.181310291029742e-07
4879,0.9948759078979492,0.005124092102050781,1.1212406158447266,0.016285257413983345,158,3.181310291029742e-07
4880,0.9949464797973633,0.005053520202636719,1.1362593173980713,0.016365578398108482,158,3.181310291029742e-07
4881,0.9948170185089111,0.005182981491088867,1.124103307723999,0.016372185200452805,158,3.181310291029742e-07
4882,0.9950374960899353,0.004962503910064697,1.1400632858276367,0.01631351187825203,158,3.181310291029742e-07
4883,0.995150089263916,0.004849910736083984,1.1226184368133545,0.016027595847845078,158,3.181310291029742e-07
4884,0.9948933124542236,0.005106687545776367,1.1210538148880005,0.01626615785062313,158,3.181310291029742e-07
4885,0.9948994517326355,0.005100548267364502,1.1348750591278076,0.016398293897509575,158,3.181310291029742e-07
4886,0.9949072003364563,0.005092799663543701,1.1421202421188354,0.01646307297050953,158,3.181310291029742e-07
4887,0.9948796033859253,0.005120396614074707,1.1184656620025635,0.016253847628831863,158,3.181310291029742e-07
4888,0.994996964931488,0.005003035068511963,1.1265302896499634,0.016218308359384537,158,3.181310291029742e-07
4889,0.9950954914093018,0.004904508590698242,1.120312213897705,0.016058586537837982,158,3.181310291029742e-07
4890,0.99498051404953,0.005019485950469971,1.1297667026519775,0.01626695692539215,158,3.181310291029742e-07
4891,0.9948891997337341,0.005110800266265869,1.1132887601852417,0.01619257964193821,158,3.181310291029742e-07
4892,0.9949071407318115,0.0050928592681884766,1.143796443939209,0.016479894518852234,158,3.181310291029742e-07
4893,0.995120108127594,0.004879891872406006,1.1209275722503662,0.016040368005633354,158,3.181310291029742e-07
4894,0.9949016571044922,0.0050983428955078125,1.126001000404358,0.016307368874549866,158,3.181310291029742e-07
4895,0.9950326681137085,0.004967331886291504,1.1302361488342285,0.01622002013027668,158,3.181310291029742e-07
4896,0.9951051473617554,0.004894852638244629,1.1347557306289673,0.016193460673093796,158,3.181310291029742e-07
4897,0.9948209524154663,0.005179047584533691,1.1345887184143066,0.01647314429283142,158,3.181310291029742e-07
4898,0.9952586889266968,0.004741311073303223,1.1357288360595703,0.016051186248660088,159,3.0222447764782547e-07
4899,0.9950457215309143,0.004954278469085693,1.1245763301849365,0.016150498762726784,159,3.0222447764782547e-07
4900,0.9948574304580688,0.005142569541931152,1.1353834867477417,0.01644497737288475,159,3.0222447764782547e-07
4901,0.9950751066207886,0.004924893379211426,1.1168345212936401,0.01604398898780346,159,3.0222447764782547e-07
4902,0.9949137568473816,0.005086243152618408,1.143547773361206,0.016470856964588165,159,3.0222447764782547e-07
4903,0.9948883652687073,0.005111634731292725,1.1334327459335327,0.01639484614133835,159,3.0222447764782547e-07
4904,0.9949824810028076,0.005017518997192383,1.119648814201355,0.01616383157670498,159,3.0222447764782547e-07
4905,0.9950063824653625,0.004993617534637451,1.1471606492996216,0.01641528680920601,159,3.0222447764782547e-07
4906,0.9949111342430115,0.005088865756988525,1.131888747215271,0.01635686494410038,159,3.0222447764782547e-07
4907,0.9949541091918945,0.005045890808105469,1.13071870803833,0.016302619129419327,159,3.0222447764782547e-07
4908,0.9948347806930542,0.005165219306945801,1.1330877542495728,0.01644444465637207,159,3.0222447764782547e-07
4909,0.9951534867286682,0.004846513271331787,1.1292363405227661,0.016090411692857742,159,3.0222447764782547e-07
4910,0.9951061606407166,0.004893839359283447,1.1342079639434814,0.01618698053061962,159,3.0222447764782547e-07
4911,0.9950777888298035,0.004922211170196533,1.122816801071167,0.016101155430078506,159,3.0222447764782547e-07
4912,0.9947929382324219,0.005207061767578125,1.1224502325057983,0.016379492357373238,159,3.0222447764782547e-07
4913,0.9950975179672241,0.004902482032775879,1.134602665901184,0.01619948446750641,159,3.0222447764782547e-07
4914,0.9948979020118713,0.005102097988128662,1.1348639726638794,0.016399716958403587,159,3.0222447764782547e-07
4915,0.9950065612792969,0.004993438720703125,1.1190017461776733,0.016133520752191544,159,3.0222447764782547e-07
4916,0.9950243830680847,0.004975616931915283,1.1257178783416748,0.01618303917348385,159,3.0222447764782547e-07
4917,0.9949476718902588,0.005052328109741211,1.1305402517318726,0.016307206824421883,159,3.0222447764782547e-07
4918,0.9948500394821167,0.005149960517883301,1.1296234130859375,0.01639469526708126,159,3.0222447764782547e-07
4919,0.9948642253875732,0.005135774612426758,1.1188952922821045,0.016273368149995804,159,3.0222447764782547e-07
4920,0.9950204491615295,0.004979550838470459,1.111413836479187,0.01604389399290085,159,3.0222447764782547e-07
4921,0.9950211644172668,0.004978835582733154,1.1307053565979004,0.01623610034584999,159,3.0222447764782547e-07
4922,0.9947434067726135,0.005256593227386475,1.1346054077148438,0.016550082713365555,159,3.0222447764782547e-07
4923,0.9950075149536133,0.004992485046386719,1.1358492374420166,0.016301052644848824,159,3.0222447764782547e-07
4924,0.9950543642044067,0.004945635795593262,1.1240909099578857,0.01613708771765232,159,3.0222447764782547e-07
4925,0.9949061870574951,0.005093812942504883,1.1197103261947632,0.01623997837305069,159,3.0222447764782547e-07
4926,0.9949415922164917,0.005058407783508301,1.131461262702942,0.016322437673807144,159,3.0222447764782547e-07
4927,0.9948208928108215,0.005179107189178467,1.1252769231796265,0.016380086541175842,159,3.0222447764782547e-07
4928,0.9948683381080627,0.005131661891937256,1.1184837818145752,0.016265183687210083,159,3.0222447764782547e-07
4929,0.9950640201568604,0.0049359798431396484,1.1307731866836548,0.016194351017475128,160,2.8711325376543416e-07
4930,0.9948984384536743,0.005101561546325684,1.1321005821228027,0.016371551901102066,160,2.8711325376543416e-07
4931,0.9949660897254944,0.005033910274505615,1.1319032907485962,0.016302604228258133,160,2.8711325376543416e-07
4932,0.9949200749397278,0.005079925060272217,1.1339333057403564,0.016368459910154343,160,2.8711325376543416e-07
4933,0.9951613545417786,0.0048386454582214355,1.137209177017212,0.01616235077381134,160,2.8711325376543416e-07
4934,0.9948935508728027,0.005106449127197266,1.1295925378799438,0.016351308673620224,160,2.8711325376543416e-07
4935,0.9950240850448608,0.00497591495513916,1.1276769638061523,0.01620292477309704,160,2.8711325376543416e-07
4936,0.9949659705162048,0.005034029483795166,1.1254631280899048,0.016238320618867874,160,2.8711325376543416e-07
4937,0.9948363900184631,0.005163609981536865,1.1271154880523682,0.016383128240704536,160,2.8711325376543416e-07
4938,0.9948365688323975,0.005163431167602539,1.121208906173706,0.016323886811733246,160,2.8711325376543416e-07
4939,0.9948366284370422,0.005163371562957764,1.1324856281280518,0.01643659546971321,160,2.8711325376543416e-07
4940,0.9950426816940308,0.004957318305969238,1.1334049701690674,0.01624179445207119,160,2.8711325376543416e-07
4941,0.9949495196342468,0.005050480365753174,1.1230751276016235,0.01623072661459446,160,2.8711325376543416e-07
4942,0.9950670003890991,0.004932999610900879,1.121191143989563,0.016095580533146858,160,2.8711325376543416e-07
4943,0.9950323104858398,0.004967689514160156,1.1278095245361328,0.016196107491850853,160,2.8711325376543416e-07
4944,0.9949016571044922,0.0050983428955078125,1.1289409399032593,0.016336768865585327,160,2.8711325376543416e-07
4945,0.9950418472290039,0.004958152770996094,1.1292622089385986,0.016201192513108253,160,2.8711325376543416e-07
4946,0.9948714971542358,0.00512850284576416,1.130361795425415,0.016380835324525833,160,2.8711325376543416e-07
4947,0.9948224425315857,0.005177557468414307,1.1329011917114258,0.016454793512821198,160,2.8711325376543416e-07
4948,0.995074450969696,0.004925549030303955,1.1269112825393677,0.016145406290888786,160,2.8711325376543416e-07
4949,0.9948944449424744,0.005105555057525635,1.1376713514328003,0.016431212425231934,160,2.8711325376543416e-07
4950,0.9950155019760132,0.004984498023986816,1.1270287036895752,0.016204940155148506,160,2.8711325376543416e-07
4951,0.9949763417243958,0.005023658275604248,1.1254721879959106,0.016228143125772476,160,2.8711325376543416e-07
4952,0.9949002861976624,0.0050997138023376465,1.1238642930984497,0.016287360340356827,160,2.8711325376543416e-07
4953,0.9951155185699463,0.004884481430053711,1.1180617809295654,0.01601625420153141,160,2.8711325376543416e-07
4954,0.9950017333030701,0.004998266696929932,1.1427804231643677,0.016376087442040443,160,2.8711325376543416e-07
4955,0.9950231313705444,0.004976868629455566,1.1177963018417358,0.016105063259601593,160,2.8711325376543416e-07
4956,0.9949406385421753,0.005059361457824707,1.118084192276001,0.016189608722925186,160,2.8711325376543416e-07
4957,0.9949440360069275,0.00505596399307251,1.1313897371292114,0.01631930097937584,160,2.8711325376543416e-07
4958,0.9950623512268066,0.004937648773193359,1.1284488439559937,0.016172761097550392,160,2.8711325376543416e-07
4959,0.9949039816856384,0.005096018314361572,1.1409361362457275,0.016454419121146202,160,2.8711325376543416e-07
4960,0.9950348734855652,0.0049651265144348145,1.1286677122116089,0.016202151775360107,161,2.7275759107716244e-07
4961,0.994882345199585,0.005117654800415039,1.1284754276275635,0.016351232305169106,161,2.7275759107716244e-07
4962,0.9950315356254578,0.004968464374542236,1.1306601762771606,0.016225380823016167,161,2.7275759107716244e-07
4963,0.9950321912765503,0.004967808723449707,1.1245437860488892,0.016163568943738937,161,2.7275759107716244e-07
4964,0.9949778318405151,0.005022168159484863,1.1138617992401123,0.01611056551337242,161,2.7275759107716244e-07
4965,0.9949288368225098,0.005071163177490234,1.1374099254608154,0.01639455184340477,161,2.7275759107716244e-07
4966,0.9948691725730896,0.0051308274269104,1.1316784620285034,0.016396302729845047,161,2.7275759107716244e-07
4967,0.9949953556060791,0.0050046443939208984,1.123604655265808,0.01619064435362816,161,2.7275759107716244e-07
4968,0.9948472380638123,0.005152761936187744,1.1372652053833008,0.016473885625600815,161,2.7275759107716244e-07
4969,0.9950975179672241,0.004902482032775879,1.1254123449325562,0.016107581555843353,161,2.7275759107716244e-07
4970,0.9950024485588074,0.004997551441192627,1.1227834224700928,0.0161754097789526,161,2.7275759107716244e-07
4971,0.9949784278869629,0.005021572113037109,1.1254197359085083,0.016225554049015045,161,2.7275759107716244e-07
4972,0.994907557964325,0.005092442035675049,1.1523573398590088,0.01656509004533291,161,2.7275759107716244e-07
4973,0.9949665665626526,0.005033433437347412,1.1159632205963135,0.01614273153245449,161,2.7275759107716244e-07
4974,0.9949091672897339,0.005090832710266113,1.1226707696914673,0.016266630962491035,161,2.7275759107716244e-07
4975,0.9950332641601562,0.00496673583984375,1.136413812637329,0.016281206160783768,161,2.7275759107716244e-07
4976,0.99490886926651,0.00509113073348999,1.1219950914382935,0.016260169446468353,161,2.7275759107716244e-07
4977,0.9948987364768982,0.005101263523101807,1.1268433332443237,0.016318684443831444,161,2.7275759107716244e-07
4978,0.9949296116828918,0.005070388317108154,1.1227807998657227,0.016247492283582687,161,2.7275759107716244e-07
4979,0.994927704334259,0.005072295665740967,1.1355657577514648,0.016377229243516922,161,2.7275759107716244e-07
4980,0.9949289560317993,0.005071043968200684,1.146496295928955,0.016485296189785004,161,2.7275759107716244e-07
4981,0.994886040687561,0.005113959312438965,1.128535509109497,0.01634817384183407,161,2.7275759107716244e-07
4982,0.9949425458908081,0.0050574541091918945,1.1310817003250122,0.016317695379257202,161,2.7275759107716244e-07
4983,0.9949833750724792,0.005016624927520752,1.1183923482894897,0.016150381416082382,161,2.7275759107716244e-07
4984,0.9948945045471191,0.005105495452880859,1.1309784650802612,0.01636422425508499,161,2.7275759107716244e-07
4985,0.995053768157959,0.004946231842041016,1.1213268041610718,0.01611003838479519,161,2.7275759107716244e-07
4986,0.9950459599494934,0.004954040050506592,1.1269316673278809,0.016173815354704857,161,2.7275759107716244e-07
4987,0.9950875639915466,0.004912436008453369,1.1234698295593262,0.016098009422421455,161,2.7275759107716244e-07
4988,0.9948856830596924,0.005114316940307617,1.131954550743103,0.016382718458771706,161,2.7275759107716244e-07
4989,0.9952402114868164,0.004759788513183594,1.1362979412078857,0.016075169667601585,161,2.7275759107716244e-07
4990,0.9948217868804932,0.005178213119506836,1.1287174224853516,0.016413604840636253,161,2.7275759107716244e-07
4991,0.9948767423629761,0.005123257637023926,1.1162590980529785,0.016234615817666054,162,2.591197115233043e-07
4992,0.9948703050613403,0.005129694938659668,1.1275997161865234,0.0163543950766325,162,2.591197115233043e-07
4993,0.9950071573257446,0.004992842674255371,1.1288801431655884,0.0162317156791687,162,2.591197115233043e-07
4994,0.9948751926422119,0.005124807357788086,1.1191556453704834,0.01626511663198471,162,2.591197115233043e-07
4995,0.994796633720398,0.005203366279602051,1.1399872303009033,0.016551204025745392,162,2.591197115233043e-07
4996,0.9949784278869629,0.005021572113037109,1.1160287857055664,0.016131645068526268,162,2.591197115233043e-07
4997,0.995133101940155,0.004866898059844971,1.1278516054153442,0.016096744686365128,162,2.591197115233043e-07
4998,0.9949377179145813,0.005062282085418701,1.1236637830734253,0.016248296946287155,162,2.591197115233043e-07
4999,0.9950416684150696,0.00495833158493042,1.1259562969207764,0.01616831123828888,162,2.591197115233043e-07
5000,0.9950792789459229,0.0049207210540771484,1.1298155784606934,0.01616966910660267,162,2.591197115233043e-07
5001,0.9948880672454834,0.0051119327545166016,1.121591329574585,0.016276726499199867,162,2.591197115233043e-07
5002,0.9950383901596069,0.004961609840393066,1.1198991537094116,0.016110984608530998,162,2.591197115233043e-07
5003,0.9949149489402771,0.0050850510597229,1.1239615678787231,0.01627381518483162,162,2.591197115233043e-07
5004,0.9948676228523254,0.0051323771476745605,1.1332333087921143,0.016413386911153793,162,2.591197115233043e-07
5005,0.9950585961341858,0.004941403865814209,1.1289141178131104,0.016181129962205887,162,2.591197115233043e-07
5006,0.9950994849205017,0.004900515079498291,1.1292729377746582,0.01614423841238022,162,2.591197115233043e-07
5007,0.9949090480804443,0.005090951919555664,1.1291728019714355,0.01633176952600479,162,2.591197115233043e-07
5008,0.9950835108757019,0.004916489124298096,1.1275519132614136,0.016142843291163445,162,2.591197115233043e-07
5009,0.9948782324790955,0.005121767520904541,1.1233177185058594,0.01630372740328312,162,2.591197115233043e-07
5010,0.9948925971984863,0.005107402801513672,1.1261943578720093,0.016318272799253464,162,2.591197115233043e-07
5011,0.9950836896896362,0.0049163103103637695,1.1375212669372559,0.016242358833551407,162,2.591197115233043e-07
5012,0.9949721097946167,0.005027890205383301,1.1339257955551147,0.016316868364810944,162,2.591197115233043e-07
5013,0.9948685765266418,0.005131423473358154,1.1326618194580078,0.016406726092100143,162,2.591197115233043e-07
5014,0.9950367212295532,0.004963278770446777,1.1441596746444702,0.0163552425801754,162,2.591197115233043e-07
5015,0.9949785470962524,0.005021452903747559,1.1149803400039673,0.016121041029691696,162,2.591197115233043e-07
5016,0.9950643181800842,0.0049356818199157715,1.138775110244751,0.01627407595515251,162,2.591197115233043e-07
5017,0.9951620697975159,0.004837930202484131,1.1344927549362183,0.01613447815179825,162,2.591197115233043e-07
5018,0.99480801820755,0.005191981792449951,1.1328372955322266,0.016468435525894165,162,2.591197115233043e-07
5019,0.9949138760566711,0.005086123943328857,1.1318436861038208,0.016353700309991837,162,2.591197115233043e-07
5020,0.9948214888572693,0.005178511142730713,1.1300337314605713,0.016427062451839447,162,2.591197115233043e-07
5021,0.9951494932174683,0.004850506782531738,1.148168683052063,0.016283687204122543,162,2.591197115233043e-07
5022,0.9950191974639893,0.004980802536010742,1.1242419481277466,0.016173414885997772,163,2.4616372594713905e-07
5023,0.9951170086860657,0.004882991313934326,1.1204817295074463,0.016038978472352028,163,2.4616372594713905e-07
5024,0.9949245452880859,0.0050754547119140625,1.1298366785049438,0.016323067247867584,163,2.4616372594713905e-07
5025,0.9949740171432495,0.005025982856750488,1.1217352151870728,0.016193075105547905,163,2.4616372594713905e-07
5026,0.9950181841850281,0.004981815814971924,1.139459490776062,0.01632659137248993,163,2.4616372594713905e-07
5027,0.9949356913566589,0.0050643086433410645,1.1283515691757202,0.016297180205583572,163,2.4616372594713905e-07
5028,0.9949338436126709,0.0050661563873291016,1.1280384063720703,0.01629587821662426,163,2.4616372594713905e-07
5029,0.9948545098304749,0.0051454901695251465,1.1369538307189941,0.016463574022054672,163,2.4616372594713905e-07
5030,0.9949485063552856,0.0050514936447143555,1.142163872718811,0.016422618180513382,163,2.4616372594713905e-07
5031,0.9948962330818176,0.005103766918182373,1.1224066019058228,0.01627679541707039,163,2.4616372594713905e-07
5032,0.9951164126396179,0.00488358736038208,1.1278067827224731,0.01611281931400299,163,2.4616372594713905e-07
5033,0.9949723482131958,0.005027651786804199,1.113128900527954,0.016108663752675056,163,2.4616372594713905e-07
5034,0.9949910640716553,0.0050089359283447266,1.1316767930984497,0.016275614500045776,163,2.4616372594713905e-07
5035,0.9950346946716309,0.004965305328369141,1.1408077478408813,0.01632373034954071,163,2.4616372594713905e-07
5036,0.9949754476547241,0.005024552345275879,1.1316907405853271,0.016291214153170586,163,2.4616372594713905e-07
5037,0.9949207901954651,0.005079209804534912,1.121192216873169,0.01624033972620964,163,2.4616372594713905e-07
5038,0.9951601624488831,0.004839837551116943,1.1358088254928589,0.016149526461958885,163,2.4616372594713905e-07
5039,0.9949135184288025,0.00508648157119751,1.122917652130127,0.016264792531728745,163,2.4616372594713905e-07
5040,0.9948025941848755,0.005197405815124512,1.1286641359329224,0.01643207296729088,163,2.4616372594713905e-07
5041,0.9951040148735046,0.004895985126495361,1.1235926151275635,0.016082951799035072,163,2.4616372594713905e-07
5042,0.9948919415473938,0.005108058452606201,1.1162642240524292,0.016219619661569595,163,2.4616372594713905e-07
5043,0.9949396848678589,0.005060315132141113,1.1206270456314087,0.016215981915593147,163,2.4616372594713905e-07
5044,0.9948879480361938,0.005112051963806152,1.1235536336898804,0.016296468675136566,163,2.4616372594713905e-07
5045,0.995011568069458,0.004988431930541992,1.1286578178405762,0.016225125640630722,163,2.4616372594713905e-07
5046,0.9948757886886597,0.005124211311340332,1.1335101127624512,0.016408070921897888,163,2.4616372594713905e-07
5047,0.9950514435768127,0.004948556423187256,1.1285364627838135,0.016184436157345772,163,2.4616372594713905e-07
5048,0.9947856664657593,0.005214333534240723,1.1350282430648804,0.016512472182512283,163,2.4616372594713905e-07
5049,0.9950356483459473,0.004964351654052734,1.1455638408660889,0.016370346769690514,163,2.4616372594713905e-07
5050,0.9950525164604187,0.004947483539581299,1.1392804384231567,0.0162908136844635,163,2.4616372594713905e-07
5051,0.994818389415741,0.005181610584259033,1.1253182888031006,0.01638297736644745,163,2.4616372594713905e-07
5052,0.9950191974639893,0.004980802536010742,1.1167688369750977,0.016098681837320328,163,2.4616372594713905e-07
5053,0.994790256023407,0.005209743976593018,1.1365357637405396,0.016523003578186035,164,2.3385553964978208e-07
5054,0.9949550032615662,0.005044996738433838,1.135688304901123,0.016351429745554924,164,2.3385553964978208e-07
5055,0.9950213432312012,0.004978656768798828,1.1301666498184204,0.016230536624789238,164,2.3385553964978208e-07
5056,0.9950255751609802,0.004974424839019775,1.1276843547821045,0.016201524063944817,164,2.3385553964978208e-07
5057,0.9949973821640015,0.005002617835998535,1.1407339572906494,0.016359930858016014,164,2.3385553964978208e-07
5058,0.9948732852935791,0.0051267147064208984,1.1331520080566406,0.016406968235969543,164,2.3385553964978208e-07
5059,0.9951529502868652,0.004847049713134766,1.112780213356018,0.015926379710435867,164,2.3385553964978208e-07
5060,0.9949916005134583,0.005008399486541748,1.1203912496566772,0.01616222783923149,164,2.3385553964978208e-07
5061,0.9948670268058777,0.0051329731941223145,1.1312477588653564,0.01639411970973015,164,2.3385553964978208e-07
5062,0.9949198961257935,0.005080103874206543,1.1344432830810547,0.016373734921216965,164,2.3385553964978208e-07
5063,0.9949509501457214,0.0050490498542785645,1.122091293334961,0.016219472512602806,164,2.3385553964978208e-07
5064,0.9949043989181519,0.0050956010818481445,1.1282212734222412,0.01632685773074627,164,2.3385553964978208e-07
5065,0.9949179291725159,0.005082070827484131,1.119526743888855,0.016226517036557198,164,2.3385553964978208e-07
5066,0.9949531555175781,0.005046844482421875,1.1393853425979614,0.016390230506658554,164,2.3385553964978208e-07
5067,0.9947952032089233,0.00520479679107666,1.1272543668746948,0.016425292938947678,164,2.3385553964978208e-07
5068,0.9948078989982605,0.005192101001739502,1.1201694011688232,0.01634187437593937,164,2.3385553964978208e-07
5069,0.9949852824211121,0.0050147175788879395,1.1309285163879395,0.016273856163024902,164,2.3385553964978208e-07
5070,0.9951390624046326,0.004860937595367432,1.1378761529922485,0.016191089525818825,164,2.3385553964978208e-07
5071,0.9950570464134216,0.004942953586578369,1.1205997467041016,0.01609952189028263,164,2.3385553964978208e-07
5072,0.9948227405548096,0.00517725944519043,1.127895712852478,0.016404444351792336,164,2.3385553964978208e-07
5073,0.995084285736084,0.004915714263916016,1.115236520767212,0.016018923372030258,164,2.3385553964978208e-07
5074,0.9950557351112366,0.004944264888763428,1.1371194124221802,0.01626601628959179,164,2.3385553964978208e-07
5075,0.9949884414672852,0.005011558532714844,1.1231470108032227,0.016192913055419922,164,2.3385553964978208e-07
5076,0.9949337244033813,0.005066275596618652,1.1279993057250977,0.016295606270432472,164,2.3385553964978208e-07
5077,0.9952107071876526,0.004789292812347412,1.134267807006836,0.016084078699350357,164,2.3385553964978208e-07
5078,0.9949206113815308,0.005079388618469238,1.1260790824890137,0.01628938503563404,164,2.3385553964978208e-07
5079,0.9949579238891602,0.005042076110839844,1.1310710906982422,0.01630236580967903,164,2.3385553964978208e-07
5080,0.9948775768280029,0.00512242317199707,1.131996750831604,0.016391165554523468,164,2.3385553964978208e-07
5081,0.9950973987579346,0.00490260124206543,1.132209300994873,0.01617566868662834,164,2.3385553964978208e-07
5082,0.9948928952217102,0.005107104778289795,1.123283863067627,0.016288872808218002,164,2.3385553964978208e-07
5083,0.9951105713844299,0.004889428615570068,1.1284152269363403,0.01612468622624874,164,2.3385553964978208e-07
5084,0.9950169920921326,0.004983007907867432,1.121504783630371,0.016148226335644722,165,2.2216276266729297e-07
5085,0.9949448108673096,0.00505518913269043,1.1362743377685547,0.016367381438612938,165,2.2216276266729297e-07
5086,0.9950465559959412,0.004953444004058838,1.123862624168396,0.01614253595471382,165,2.2216276266729297e-07
5087,0.9948462843894958,0.00515371561050415,1.1279264688491821,0.016381442546844482,165,2.2216276266729297e-07
5088,0.9950547814369202,0.004945218563079834,1.132192611694336,0.01621769182384014,165,2.2216276266729297e-07
5089,0.9948909878730774,0.005109012126922607,1.1208302974700928,0.016266224905848503,165,2.2216276266729297e-07
5090,0.9950689077377319,0.004931092262268066,1.131734848022461,0.016199130564928055,165,2.2216276266729297e-07
5091,0.9950795769691467,0.0049204230308532715,1.1129475831985474,0.016000693663954735,165,2.2216276266729297e-07
5092,0.995033323764801,0.004966676235198975,1.1311081647872925,0.016228090971708298,165,2.2216276266729297e-07
5093,0.9950858354568481,0.0049141645431518555,1.1164690256118774,0.016029713675379753,165,2.2216276266729297e-07
5094,0.9950366020202637,0.004963397979736328,1.1208741664886475,0.01612250506877899,165,2.2216276266729297e-07
5095,0.9950287342071533,0.00497126579284668,1.1357191801071167,0.016278745606541634,165,2.2216276266729297e-07
5096,0.9949393272399902,0.005060672760009766,1.1308554410934448,0.01631862111389637,165,2.2216276266729297e-07
5097,0.9949986934661865,0.0050013065338134766,1.1227922439575195,0.016179215162992477,165,2.2216276266729297e-07
5098,0.9949023723602295,0.005097627639770508,1.1447784900665283,0.01649443618953228,165,2.2216276266729297e-07
5099,0.9948620796203613,0.005137920379638672,1.143351435661316,0.016520055010914803,165,2.2216276266729297e-07
5100,0.994958758354187,0.005041241645812988,1.134746789932251,0.016338296234607697,165,2.2216276266729297e-07
5101,0.9949194192886353,0.005080580711364746,1.1238459348678589,0.016268234699964523,165,2.2216276266729297e-07
5102,0.9948781132698059,0.005121886730194092,1.1174520254135132,0.01624518632888794,165,2.2216276266729297e-07
5103,0.995030403137207,0.004969596862792969,1.137681245803833,0.016296712681651115,165,2.2216276266729297e-07
5104,0.9949778318405151,0.005022168159484863,1.1321159601211548,0.016293104737997055,165,2.2216276266729297e-07
5105,0.9950256943702698,0.004974305629730225,1.123391032218933,0.01615847274661064,165,2.2216276266729297e-07
5106,0.9949779510498047,0.0050220489501953125,1.1499512195587158,0.016471341252326965,165,2.2216276266729297e-07
5107,0.9949912428855896,0.0050087571144104,1.119401454925537,0.01615268364548683,165,2.2216276266729297e-07
5108,0.9948674440383911,0.005132555961608887,1.1226756572723389,0.01630798727273941,165,2.2216276266729297e-07
5109,0.9950174689292908,0.0049825310707092285,1.1313798427581787,0.016246503219008446,165,2.2216276266729297e-07
5110,0.9947910308837891,0.0052089691162109375,1.1339088678359985,0.016495967283844948,165,2.2216276266729297e-07
5111,0.9949910044670105,0.005008995532989502,1.1198526620864868,0.01615743152797222,165,2.2216276266729297e-07
5112,0.9949657320976257,0.005034267902374268,1.132023811340332,0.01630416326224804,165,2.2216276266729297e-07
5113,0.9948558807373047,0.0051441192626953125,1.1228926181793213,0.01632160320878029,165,2.2216276266729297e-07
5114,0.9949411749839783,0.0050588250160217285,1.1325854063034058,0.016334090381860733,165,2.2216276266729297e-07
5115,0.9949129819869995,0.005087018013000488,1.1292539834976196,0.016328686848282814,166,2.110546245339283e-07
5116,0.9948683381080627,0.005131661891937256,1.125892996788025,0.016339275985956192,166,2.110546245339283e-07
5117,0.9949660897254944,0.005033910274505615,1.131933569908142,0.01630290597677231,166,2.110546245339283e-07
5118,0.9949070811271667,0.005092918872833252,1.135589599609375,0.016397885978221893,166,2.110546245339283e-07
5119,0.9947614073753357,0.005238592624664307,1.1360929012298584,0.01654713600873947,166,2.110546245339283e-07
5120,0.9951282739639282,0.004871726036071777,1.1217284202575684,0.016040293499827385,166,2.110546245339283e-07
5121,0.9949730634689331,0.0050269365310668945,1.1195628643035889,0.016172295436263084,166,2.110546245339283e-07
5122,0.9950931668281555,0.004906833171844482,1.138336420059204,0.016241129487752914,166,2.110546245339283e-07
5123,0.9949694275856018,0.005030572414398193,1.123202919960022,0.01621229574084282,166,2.110546245339283e-07
5124,0.9948762059211731,0.005123794078826904,1.1389358043670654,0.016461914405226707,166,2.110546245339283e-07
5125,0.9948844909667969,0.005115509033203125,1.119303584098816,0.01625738851726055,166,2.110546245339283e-07
5126,0.9949188828468323,0.005081117153167725,1.1402746438980103,0.016433052718639374,166,2.110546245339283e-07
5127,0.9950478076934814,0.004952192306518555,1.1245388984680176,0.01614805869758129,166,2.110546245339283e-07
5128,0.9951072931289673,0.004892706871032715,1.1339868307113647,0.016183648258447647,166,2.110546245339283e-07
5129,0.994994044303894,0.005005955696105957,1.1238739490509033,0.01619463413953781,166,2.110546245339283e-07
5130,0.9950410723686218,0.004958927631378174,1.1230831146240234,0.016140170395374298,166,2.110546245339283e-07
5131,0.9949666261672974,0.005033373832702637,1.1208922863006592,0.016191963106393814,166,2.110546245339283e-07
5132,0.9950152635574341,0.004984736442565918,1.1290647983551025,0.016225537285208702,166,2.110546245339283e-07
5133,0.9949951171875,0.0050048828125,1.1223779916763306,0.016178613528609276,166,2.110546245339283e-07
5134,0.9949169158935547,0.0050830841064453125,1.1129132509231567,0.01616138592362404,166,2.110546245339283e-07
5135,0.9949966669082642,0.00500333309173584,1.1283265352249146,0.0162365660071373,166,2.110546245339283e-07
5136,0.9948525428771973,0.005147457122802734,1.1361874341964722,0.016457855701446533,166,2.110546245339283e-07
5137,0.9950003027915955,0.004999697208404541,1.1314270496368408,0.016263969242572784,166,2.110546245339283e-07
5138,0.9950014352798462,0.004998564720153809,1.1223700046539307,0.01617227867245674,166,2.110546245339283e-07
5139,0.9950445294380188,0.004955470561981201,1.1316837072372437,0.016222752630710602,166,2.110546245339283e-07
5140,0.9948954582214355,0.005104541778564453,1.119661569595337,0.016250111162662506,166,2.110546245339283e-07
5141,0.9950730204582214,0.0049269795417785645,1.14014732837677,0.016279183328151703,166,2.110546245339283e-07
5142,0.994953453540802,0.005046546459197998,1.1197510957717896,0.016193591058254242,166,2.110546245339283e-07
5143,0.9950217604637146,0.0049782395362854,1.1495726108551025,0.016424182802438736,166,2.110546245339283e-07
5144,0.9948668479919434,0.005133152008056641,1.1287575960159302,0.016369396820664406,166,2.110546245339283e-07
5145,0.9949821829795837,0.00501781702041626,1.1285357475280762,0.016252996399998665,166,2.110546245339283e-07
5146,0.9948863387107849,0.005113661289215088,1.1192035675048828,0.01625456102192402,167,2.0050189330723186e-07
5147,0.9950048327445984,0.004995167255401611,1.1151442527770996,0.016096659004688263,167,2.0050189330723186e-07
5148,0.9949047565460205,0.005095243453979492,1.1263811588287354,0.016308102756738663,167,2.0050189330723186e-07
5149,0.9948565363883972,0.005143463611602783,1.1151964664459229,0.01624399423599243,167,2.0050189330723186e-07
5150,0.9949149489402771,0.0050850510597229,1.1422317028045654,0.016456516459584236,167,2.0050189330723186e-07
5151,0.9950211644172668,0.004978835582733154,1.1330866813659668,0.01625991240143776,167,2.0050189330723186e-07
5152,0.9950094223022461,0.004990577697753906,1.131195306777954,0.016252625733613968,167,2.0050189330723186e-07
5153,0.9948009848594666,0.005199015140533447,1.1191986799240112,0.016339011490345,167,2.0050189330723186e-07
5154,0.9949706792831421,0.00502932071685791,1.1322801113128662,0.016301829367876053,167,2.0050189330723186e-07
5155,0.9949033856391907,0.005096614360809326,1.125478982925415,0.016300437971949577,167,2.0050189330723186e-07
5156,0.9949264526367188,0.00507354736328125,1.1308566331863403,0.016331378370523453,167,2.0050189330723186e-07
5157,0.9950342774391174,0.004965722560882568,1.1229007244110107,0.016145072877407074,167,2.0050189330723186e-07
5158,0.9948701858520508,0.005129814147949219,1.1331697702407837,0.016410212963819504,167,2.0050189330723186e-07
5159,0.9949366450309753,0.005063354969024658,1.1456265449523926,0.016468986868858337,167,2.0050189330723186e-07
5160,0.9950699210166931,0.004930078983306885,1.12454354763031,0.01612621359527111,167,2.0050189330723186e-07
5161,0.9950218200683594,0.004978179931640625,1.125658631324768,0.016184983775019646,167,2.0050189330723186e-07
5162,0.9950240850448608,0.00497591495513916,1.1188082695007324,0.016114238649606705,167,2.0050189330723186e-07
5163,0.9949507713317871,0.005049228668212891,1.138866662979126,0.01638740301132202,167,2.0050189330723186e-07
5164,0.9949926137924194,0.005007386207580566,1.14143967628479,0.0163717083632946,167,2.0050189330723186e-07
5165,0.9948773384094238,0.005122661590576172,1.140519142150879,0.016476627439260483,167,2.0050189330723186e-07
5166,0.9950786828994751,0.004921317100524902,1.1326349973678589,0.016198452562093735,167,2.0050189330723186e-07
5167,0.9950928092002869,0.004907190799713135,1.119553804397583,0.016053656116127968,167,2.0050189330723186e-07
5168,0.994888961315155,0.005111038684844971,1.1165509223937988,0.016225436702370644,167,2.0050189330723186e-07
5169,0.995044469833374,0.0049555301666259766,1.1267898082733154,0.016173873096704483,167,2.0050189330723186e-07
5170,0.9950786232948303,0.004921376705169678,1.1326497793197632,0.01619866117835045,167,2.0050189330723186e-07
5171,0.9948329329490662,0.005167067050933838,1.12911057472229,0.016406502574682236,167,2.0050189330723186e-07
5172,0.9950776696205139,0.004922330379486084,1.1298586130142212,0.016171693801879883,167,2.0050189330723186e-07
5173,0.9949457049369812,0.005054295063018799,1.124582052230835,0.01624957285821438,167,2.0050189330723186e-07
5174,0.9949975609779358,0.005002439022064209,1.139562964439392,0.01634804531931877,167,2.0050189330723186e-07
5175,0.995096743106842,0.004903256893157959,1.128104567527771,0.01613526977598667,167,2.0050189330723186e-07
5176,0.9947969913482666,0.0052030086517333984,1.1224044561386108,0.016375023871660233,167,2.0050189330723186e-07
5177,0.9950805306434631,0.004919469356536865,1.135399341583252,0.016224266961216927,168,1.9047679864187027e-07
5178,0.9951567649841309,0.004843235015869141,1.125917911529541,0.016053982079029083,168,1.9047679864187027e-07
5179,0.9950203895568848,0.004979610443115234,1.1251475811004639,0.01618129014968872,168,1.9047679864187027e-07
5180,0.9949145317077637,0.005085468292236328,1.1282081604003906,0.016316695138812065,168,1.9047679864187027e-07
5181,0.994960606098175,0.005039393901824951,1.1358351707458496,0.016347352415323257,168,1.9047679864187027e-07
5182,0.9949217438697815,0.005078256130218506,1.1292016506195068,0.01631948910653591,168,1.9047679864187027e-07
5183,0.9949256777763367,0.00507432222366333,1.1308810710906982,0.016332389786839485,168,1.9047679864187027e-07
5184,0.9951108694076538,0.004889130592346191,1.1341019868850708,0.016181258484721184,168,1.9047679864187027e-07
5185,0.9949639439582825,0.005036056041717529,1.1292285919189453,0.0162779800593853,168,1.9047679864187027e-07
5186,0.9950029253959656,0.004997074604034424,1.114798903465271,0.01609509252011776,168,1.9047679864187027e-07
5187,0.9948143362998962,0.00518566370010376,1.1308012008666992,0.016441818326711655,168,1.9047679864187027e-07
5188,0.9949459433555603,0.005054056644439697,1.1291804313659668,0.01629531942307949,168,1.9047679864187027e-07
5189,0.9949396848678589,0.005060315132141113,1.1260554790496826,0.016270266845822334,168,1.9047679864187027e-07
5190,0.9949323534965515,0.005067646503448486,1.139626145362854,0.016413230448961258,168,1.9047679864187027e-07
5191,0.9948999881744385,0.0051000118255615234,1.1370638608932495,0.016419649124145508,168,1.9047679864187027e-07
5192,0.9949203133583069,0.005079686641693115,1.1296707391738892,0.01632559671998024,168,1.9047679864187027e-07
5193,0.9950401186943054,0.00495988130569458,1.1183876991271973,0.016094159334897995,168,1.9047679864187027e-07
5194,0.9949466586112976,0.005053341388702393,1.1193839311599731,0.01619664579629898,168,1.9047679864187027e-07
5195,0.9949312806129456,0.005068719387054443,1.1116728782653809,0.01613476127386093,168,1.9047679864187027e-07
5196,0.9950760006904602,0.004923999309539795,1.119537591934204,0.016070134937763214,168,1.9047679864187027e-07
5197,0.9949691295623779,0.00503087043762207,1.1422626972198486,0.016403188928961754,168,1.9047679864187027e-07
5198,0.9948098659515381,0.005190134048461914,1.1280163526535034,0.016418395563960075,168,1.9047679864187027e-07
5199,0.9949868321418762,0.005013167858123779,1.1353371143341064,0.016316406428813934,168,1.9047679864187027e-07
5200,0.9949198365211487,0.005080163478851318,1.117173671722412,0.016201097518205643,168,1.9047679864187027e-07
5201,0.9949690699577332,0.005030930042266846,1.1342761516571045,0.016323382034897804,168,1.9047679864187027e-07
5202,0.9950385689735413,0.00496143102645874,1.1243394613265991,0.016155211254954338,168,1.9047679864187027e-07
5203,0.9949491620063782,0.005050837993621826,1.1243317127227783,0.016243647783994675,168,1.9047679864187027e-07
5204,0.9951395988464355,0.004860401153564453,1.1302070617675781,0.016113867983222008,168,1.9047679864187027e-07
5205,0.994939923286438,0.005060076713562012,1.1281297206878662,0.016290772706270218,168,1.9047679864187027e-07
5206,0.9949157238006592,0.00508427619934082,1.1469550132751465,0.0165029838681221,168,1.9047679864187027e-07
5207,0.9948642253875732,0.005135774612426758,1.1256450414657593,0.016340866684913635,168,1.9047679864187027e-07
5208,0.9950626492500305,0.004937350749969482,1.1259814500808716,0.016147790476679802,169,1.8095295870977674e-07
5209,0.9950318932533264,0.004968106746673584,1.1319770812988281,0.016238195821642876,169,1.8095295870977674e-07
5210,0.9948927164077759,0.005107283592224121,1.1306123733520508,0.01636233553290367,169,1.8095295870977674e-07
5211,0.9951169490814209,0.0048830509185791016,1.119010329246521,0.01602432318031788,169,1.8095295870977674e-07
5212,0.9949942827224731,0.0050057172775268555,1.1324694156646729,0.01628035306930542,169,1.8095295870977674e-07
5213,0.9949521422386169,0.005047857761383057,1.1155273914337158,0.016152653843164444,169,1.8095295870977674e-07
5214,0.9949291944503784,0.005070805549621582,1.129878282546997,0.016318880021572113,169,1.8095295870977674e-07
5215,0.994991660118103,0.005008339881896973,1.139583706855774,0.016354093328118324,169,1.8095295870977674e-07
5216,0.9949294328689575,0.0050705671310424805,1.1299574375152588,0.016319435089826584,169,1.8095295870977674e-07
5217,0.9949800968170166,0.0050199031829833984,1.1236941814422607,0.0162066463381052,169,1.8095295870977674e-07
5218,0.9951879978179932,0.004812002182006836,1.1287659406661987,0.01605154201388359,169,1.8095295870977674e-07
5219,0.9948198795318604,0.0051801204681396484,1.12046217918396,0.016332941129803658,169,1.8095295870977674e-07
5220,0.9950376152992249,0.0049623847007751465,1.1300779581069946,0.016213539987802505,169,1.8095295870977674e-07
5221,0.9950346350669861,0.004965364933013916,1.135046124458313,0.016266172751784325,169,1.8095295870977674e-07
5222,0.9947760701179504,0.0052239298820495605,1.1303068399429321,0.016474759206175804,169,1.8095295870977674e-07
5223,0.9950974583625793,0.004902541637420654,1.1324893236160278,0.01617840863764286,169,1.8095295870977674e-07
5224,0.9948670268058777,0.0051329731941223145,1.127189040184021,0.016353532671928406,169,1.8095295870977674e-07
5225,0.9948307871818542,0.005169212818145752,1.1307047605514526,0.016424568369984627,169,1.8095295870977674e-07
5226,0.9948099255561829,0.005190074443817139,1.142316460609436,0.016561336815357208,169,1.8095295870977674e-07
5227,0.9949352145195007,0.005064785480499268,1.1269524097442627,0.016283661127090454,169,1.8095295870977674e-07
5228,0.9949955344200134,0.005004465579986572,1.126069188117981,0.016215112060308456,169,1.8095295870977674e-07
5229,0.9949498176574707,0.005050182342529297,1.1287624835968018,0.01628730446100235,169,1.8095295870977674e-07
5230,0.9949079751968384,0.005092024803161621,1.1301401853561401,0.01634250581264496,169,1.8095295870977674e-07
5231,0.9948511719703674,0.005148828029632568,1.1256394386291504,0.016353733837604523,169,1.8095295870977674e-07
5232,0.9950077533721924,0.004992246627807617,1.1379587650299072,0.01632191240787506,169,1.8095295870977674e-07
5233,0.9950970411300659,0.004902958869934082,1.1389591693878174,0.016243521124124527,169,1.8095295870977674e-07
5234,0.9949942827224731,0.0050057172775268555,1.1263166666030884,0.016218826174736023,169,1.8095295870977674e-07
5235,0.9949991703033447,0.0050008296966552734,1.1257022619247437,0.016207844018936157,169,1.8095295870977674e-07
5236,0.9948669672012329,0.00513303279876709,1.107986330986023,0.016161564737558365,169,1.8095295870977674e-07
5237,0.9950171709060669,0.0049828290939331055,1.132032871246338,0.016253329813480377,169,1.8095295870977674e-07
5238,0.9951045513153076,0.004895448684692383,1.1235123872756958,0.016081618145108223,169,1.8095295870977674e-07
5239,0.9949081540107727,0.005091845989227295,1.1319044828414917,0.016359973698854446,170,1.719053107742879e-07
5240,0.9950540661811829,0.004945933818817139,1.1243884563446045,0.01614035852253437,170,1.719053107742879e-07
5241,0.9950683116912842,0.00493168830871582,1.1305935382843018,0.016188306733965874,170,1.719053107742879e-07
5242,0.9949686527252197,0.0050313472747802734,1.1273647546768188,0.01625468209385872,170,1.719053107742879e-07
5243,0.9949399828910828,0.005060017108917236,1.1073455810546875,0.016082871705293655,170,1.719053107742879e-07
5244,0.9948300123214722,0.005169987678527832,1.134997010231018,0.01646825671195984,170,1.719053107742879e-07
5245,0.9947415590286255,0.005258440971374512,1.1336264610290527,0.01654212176799774,170,1.719053107742879e-07
5246,0.9951280355453491,0.004871964454650879,1.1351691484451294,0.016174936667084694,170,1.719053107742879e-07
5247,0.9951062202453613,0.004893779754638672,1.126228928565979,0.01610713079571724,170,1.719053107742879e-07
5248,0.995029091835022,0.004970908164978027,1.1280094385147095,0.016201293095946312,170,1.719053107742879e-07
5249,0.9948753714561462,0.00512462854385376,1.1274199485778809,0.016347581520676613,170,1.719053107742879e-07
5250,0.9949807524681091,0.005019247531890869,1.1338270902633667,0.016307326033711433,170,1.719053107742879e-07
5251,0.9951498508453369,0.004850149154663086,1.1360357999801636,0.016162004321813583,170,1.719053107742879e-07
5252,0.9948543906211853,0.005145609378814697,1.1251641511917114,0.0163457952439785,170,1.719053107742879e-07
5253,0.9951353669166565,0.004864633083343506,1.1398799419403076,0.01621478609740734,170,1.719053107742879e-07
5254,0.9949356317520142,0.00506436824798584,1.1237530708312988,0.016251254826784134,170,1.719053107742879e-07
5255,0.99510258436203,0.004897415637969971,1.117950201034546,0.016027944162487984,170,1.719053107742879e-07
5256,0.9949126839637756,0.005087316036224365,1.1373984813690186,0.016410427168011665,170,1.719053107742879e-07
5257,0.9950574040412903,0.004942595958709717,1.1204982995986938,0.016098152846097946,170,1.719053107742879e-07
5258,0.9948195815086365,0.005180418491363525,1.1316115856170654,0.016444729641079903,170,1.719053107742879e-07
5259,0.9948353171348572,0.005164682865142822,1.1377527713775635,0.01649056375026703,170,1.719053107742879e-07
5260,0.9948968291282654,0.005103170871734619,1.1184906959533691,0.0162370465695858,170,1.719053107742879e-07
5261,0.9949141144752502,0.005085885524749756,1.1297508478164673,0.016332535073161125,170,1.719053107742879e-07
5262,0.9948822855949402,0.0051177144050598145,1.1232486963272095,0.01629902422428131,170,1.719053107742879e-07
5263,0.9950973391532898,0.004902660846710205,1.1327030658721924,0.01618066430091858,170,1.719053107742879e-07
5264,0.9950457215309143,0.004954278469085693,1.1242190599441528,0.01614692620933056,170,1.719053107742879e-07
5265,0.9949923157691956,0.005007684230804443,1.131662130355835,0.01627422869205475,170,1.719053107742879e-07
5266,0.9950004816055298,0.004999518394470215,1.1330727338790894,0.016280250623822212,170,1.719053107742879e-07
5267,0.9949367046356201,0.005063295364379883,1.1305885314941406,0.01631854847073555,170,1.719053107742879e-07
5268,0.9949567317962646,0.0050432682037353516,1.1264547109603882,0.016257382929325104,170,1.719053107742879e-07
5269,0.9948257207870483,0.00517427921295166,1.123401403427124,0.01635655015707016,170,1.719053107742879e-07
5270,0.9949943423271179,0.00500565767288208,1.11246657371521,0.01608026772737503,171,1.633100452355735e-07
5271,0.9948116540908813,0.005188345909118652,1.145437240600586,0.01659083366394043,171,1.633100452355735e-07
5272,0.9950475096702576,0.004952490329742432,1.1238958835601807,0.016141925007104874,171,1.633100452355735e-07
5273,0.9949151873588562,0.005084812641143799,1.132988691329956,0.016363851726055145,171,1.633100452355735e-07
5274,0.9948040843009949,0.005195915699005127,1.1380540132522583,0.01652449741959572,171,1.633100452355735e-07
5275,0.9950425028800964,0.0049574971199035645,1.131961464881897,0.016227535903453827,171,1.633100452355735e-07
5276,0.9950361847877502,0.004963815212249756,1.1241446733474731,0.016155622899532318,171,1.633100452355735e-07
5277,0.9948340654373169,0.0051659345626831055,1.1306105852127075,0.016420381143689156,171,1.633100452355735e-07
5278,0.9951087832450867,0.00489121675491333,1.1315964460372925,0.016158267855644226,171,1.633100452355735e-07
5279,0.9948996901512146,0.0051003098487854,1.1238985061645508,0.016288291662931442,171,1.633100452355735e-07
5280,0.9949790239334106,0.0050209760665893555,1.1272650957107544,0.01624341681599617,171,1.633100452355735e-07
5281,0.9949643015861511,0.005035698413848877,1.1347568035125732,0.01633290946483612,171,1.633100452355735e-07
5282,0.9949988722801208,0.00500112771987915,1.1209862232208252,0.016160979866981506,171,1.633100452355735e-07
5283,0.9950038194656372,0.004996180534362793,1.1224050521850586,0.01617026887834072,171,1.633100452355735e-07
5284,0.9949638843536377,0.005036115646362305,1.1365844011306763,0.016351599246263504,171,1.633100452355735e-07
5285,0.9948232769966125,0.005176723003387451,1.1223208904266357,0.016348164528608322,171,1.633100452355735e-07
5286,0.9948725700378418,0.005127429962158203,1.128265619277954,0.016358811408281326,171,1.633100452355735e-07
5287,0.9950529932975769,0.004947006702423096,1.1301980018615723,0.016199516132473946,171,1.633100452355735e-07
5288,0.995093822479248,0.004906177520751953,1.1266018152236938,0.016123134642839432,171,1.633100452355735e-07
5289,0.9948610663414001,0.0051389336585998535,1.1406865119934082,0.01649440824985504,171,1.633100452355735e-07
5290,0.9949244260787964,0.005075573921203613,1.125686764717102,0.01628168486058712,171,1.633100452355735e-07
5291,0.9948984980583191,0.005101501941680908,1.1271897554397583,0.016322385519742966,171,1.633100452355735e-07
5292,0.9948275685310364,0.005172431468963623,1.120605230331421,0.01632675901055336,171,1.633100452355735e-07
5293,0.9949750304222107,0.005024969577789307,1.129133701324463,0.016266057267785072,171,1.633100452355735e-07
5294,0.9951359629631042,0.004864037036895752,1.1202412843704224,0.016017809510231018,171,1.633100452355735e-07
5295,0.9950765371322632,0.004923462867736816,1.1348862648010254,0.016223091632127762,171,1.633100452355735e-07
5296,0.994958758354187,0.005041241645812988,1.1227129697799683,0.01621795818209648,171,1.633100452355735e-07
5297,0.9950288534164429,0.004971146583557129,1.1397162675857544,0.01631859689950943,171,1.633100452355735e-07
5298,0.9949612021446228,0.005038797855377197,1.1266818046569824,0.016255227848887444,171,1.633100452355735e-07
5299,0.9949764013290405,0.005023598670959473,1.13875150680542,0.016360877081751823,171,1.633100452355735e-07
5300,0.9952259659767151,0.004774034023284912,1.1098840236663818,0.01582513377070427,171,1.633100452355735e-07
5301,0.9948553442955017,0.005144655704498291,1.130777359008789,0.016400981694459915,172,1.5514454297379483e-07
5302,0.9950339198112488,0.004966080188751221,1.1264450550079346,0.016180869191884995,172,1.5514454297379483e-07
5303,0.9950493574142456,0.0049506425857543945,1.1436593532562256,0.01633772999048233,172,1.5514454297379483e-07
5304,0.9948968291282654,0.005103170871734619,1.1091364622116089,0.01614350453019142,172,1.5514454297379483e-07
5305,0.9951769113540649,0.004823088645935059,1.131655216217041,0.01609141007065773,172,1.5514454297379483e-07
5306,0.9949230551719666,0.005076944828033447,1.1415150165557861,0.016441326588392258,172,1.5514454297379483e-07
5307,0.9950405955314636,0.004959404468536377,1.1258156299591064,0.01616796664893627,172,1.5514454297379483e-07
5308,0.994901716709137,0.005098283290863037,1.1342500448226929,0.01638980023562908,172,1.5514454297379483e-07
5309,0.9949979782104492,0.005002021789550781,1.1314001083374023,0.016266003251075745,172,1.5514454297379483e-07
5310,0.9949222803115845,0.005077719688415527,1.1269807815551758,0.0162967499345541,172,1.5514454297379483e-07
5311,0.9950987100601196,0.004901289939880371,1.1269809007644653,0.016122085973620415,172,1.5514454297379483e-07
5312,0.9949594736099243,0.005040526390075684,1.1266043186187744,0.016256164759397507,172,1.5514454297379483e-07
5313,0.9949656128883362,0.005034387111663818,1.1114442348480225,0.01609848439693451,172,1.5514454297379483e-07
5314,0.9949726462364197,0.005027353763580322,1.1339884996414185,0.016316965222358704,172,1.5514454297379483e-07
5315,0.9949894547462463,0.005010545253753662,1.1298264265060425,0.01625870354473591,172,1.5514454297379483e-07
5316,0.9949244856834412,0.005075514316558838,1.1249371767044067,0.01627413183450699,172,1.5514454297379483e-07
5317,0.9949023723602295,0.005097627639770508,1.1237707138061523,0.016284357756376266,172,1.5514454297379483e-07
5318,0.9947987794876099,0.005201220512390137,1.1434259414672852,0.01658346690237522,172,1.5514454297379483e-07
5319,0.9950567483901978,0.004943251609802246,1.1248208284378052,0.01614202745258808,172,1.5514454297379483e-07
5320,0.9948182106018066,0.005181789398193359,1.130584478378296,0.016435816884040833,172,1.5514454297379483e-07
5321,0.9950177073478699,0.004982292652130127,1.123779535293579,0.016170265153050423,172,1.5514454297379483e-07
5322,0.9949162602424622,0.005083739757537842,1.1293450593948364,0.016326352953910828,172,1.5514454297379483e-07
5323,0.9949586391448975,0.005041360855102539,1.141154170036316,0.016402488574385643,172,1.5514454297379483e-07
5324,0.9949148893356323,0.005085110664367676,1.1273822784423828,0.01630808226764202,172,1.5514454297379483e-07
5325,0.9947755932807922,0.005224406719207764,1.1237367391586304,0.016409529373049736,172,1.5514454297379483e-07
5326,0.9951273202896118,0.004872679710388184,1.126457929611206,0.01608853228390217,172,1.5514454297379483e-07
5327,0.995149552822113,0.004850447177886963,1.1320997476577759,0.016122940927743912,172,1.5514454297379483e-07
5328,0.9950494170188904,0.004950582981109619,1.1322576999664307,0.01622365415096283,172,1.5514454297379483e-07
5329,0.9948375225067139,0.005162477493286133,1.1276378631591797,0.016387231647968292,172,1.5514454297379483e-07
5330,0.994939923286438,0.005060076713562012,1.119545578956604,0.01620493084192276,172,1.5514454297379483e-07
5331,0.9951097369194031,0.004890263080596924,1.1255429983139038,0.01609679125249386,172,1.5514454297379483e-07
5332,0.9949238300323486,0.005076169967651367,1.1201943159103394,0.016227351501584053,173,1.473873158251051e-07
5333,0.9948409795761108,0.00515902042388916,1.1172544956207275,0.016279974952340126,173,1.473873158251051e-07
5334,0.9949525594711304,0.005047440528869629,1.1191431283950806,0.016188398003578186,173,1.473873158251051e-07
5335,0.9950485825538635,0.004951417446136475,1.1374434232711792,0.016276337206363678,173,1.473873158251051e-07
5336,0.9950030446052551,0.004996955394744873,1.1291065216064453,0.016238050535321236,173,1.473873158251051e-07
5337,0.994924008846283,0.005075991153717041,1.1267284154891968,0.016292516142129898,173,1.473873158251051e-07
5338,0.9950785040855408,0.0049214959144592285,1.1258180141448975,0.016130462288856506,173,1.473873158251051e-07
5339,0.9949194192886353,0.005080580711364746,1.125732660293579,0.016287101432681084,173,1.473873158251051e-07
5340,0.9949807524681091,0.005019247531890869,1.1232985258102417,0.016202040016651154,173,1.473873158251051e-07
5341,0.9949543476104736,0.005045652389526367,1.139864206314087,0.016393836587667465,173,1.473873158251051e-07
5342,0.9950248599052429,0.00497514009475708,1.135857105255127,0.01628395915031433,173,1.473873158251051e-07
5343,0.9949148297309875,0.005085170269012451,1.1219359636306763,0.016253678128123283,173,1.473873158251051e-07
5344,0.9949424862861633,0.00505751371383667,1.1248328685760498,0.016255266964435577,173,1.473873158251051e-07
5345,0.9949930906295776,0.005006909370422363,1.128404974937439,0.016240891069173813,173,1.473873158251051e-07
5346,0.9952399134635925,0.004760086536407471,1.128638505935669,0.015998870134353638,173,1.473873158251051e-07
5347,0.9950000047683716,0.004999995231628418,1.1195385456085205,0.016145380213856697,173,1.473873158251051e-07
5348,0.9949010014533997,0.005098998546600342,1.1283891201019287,0.016331899911165237,173,1.473873158251051e-07
5349,0.9948887825012207,0.005111217498779297,1.1285440921783447,0.016345545649528503,173,1.473873158251051e-07
5350,0.9949052333831787,0.005094766616821289,1.1477810144424438,0.016521628946065903,173,1.473873158251051e-07
5351,0.995008111000061,0.004991888999938965,1.1411725282669067,0.01635369472205639,173,1.473873158251051e-07
5352,0.9951440095901489,0.004855990409851074,1.126112937927246,0.016068559139966965,173,1.473873158251051e-07
5353,0.9950048327445984,0.004995167255401611,1.1266136169433594,0.01621135137975216,173,1.473873158251051e-07
5354,0.9948879480361938,0.005112051963806152,1.142124891281128,0.01648217998445034,173,1.473873158251051e-07
5355,0.9949163198471069,0.005083680152893066,1.1256531476974487,0.016289373859763145,173,1.473873158251051e-07
5356,0.9950909614562988,0.004909038543701172,1.128159999847412,0.01614154689013958,173,1.473873158251051e-07
5357,0.994981586933136,0.005018413066864014,1.1304898262023926,0.016273127868771553,173,1.473873158251051e-07
5358,0.9947719573974609,0.0052280426025390625,1.121098518371582,0.016386747360229492,173,1.473873158251051e-07
5359,0.9949237108230591,0.005076289176940918,1.1229525804519653,0.016255050897598267,173,1.473873158251051e-07
5360,0.995023787021637,0.004976212978363037,1.129007339477539,0.016216523945331573,173,1.473873158251051e-07
5361,0.9948613047599792,0.005138695240020752,1.13239586353302,0.01641126722097397,173,1.473873158251051e-07
5362,0.9951156377792358,0.00488436222076416,1.1318455934524536,0.01615397445857525,173,1.473873158251051e-07
5363,0.9949132204055786,0.005086779594421387,1.118494987487793,0.016220860183238983,174,1.4001795003384983e-07
5364,0.99495530128479,0.005044698715209961,1.1297996044158936,0.01629224792122841,174,1.4001795003384983e-07
5365,0.9949591159820557,0.005040884017944336,1.1204370260238647,0.016194846481084824,174,1.4001795003384983e-07
5366,0.9948650002479553,0.005134999752044678,1.1281203031539917,0.016364851966500282,174,1.4001795003384983e-07
5367,0.9949129223823547,0.005087077617645264,1.127124547958374,0.016307450830936432,174,1.4001795003384983e-07
5368,0.9949324727058411,0.0050675272941589355,1.1346471309661865,0.016363322734832764,174,1.4001795003384983e-07
5369,0.9949130415916443,0.005086958408355713,1.1099313497543335,0.016135402023792267,174,1.4001795003384983e-07
5370,0.9950028657913208,0.004997134208679199,1.140722393989563,0.016354385763406754,174,1.4001795003384983e-07
5371,0.9952259659767151,0.004774034023284912,1.1221551895141602,0.015947844833135605,174,1.4001795003384983e-07
5372,0.9950628876686096,0.004937112331390381,1.1245874166488647,0.016133613884449005,174,1.4001795003384983e-07
5373,0.9948244690895081,0.005175530910491943,1.135171890258789,0.01647549495100975,174,1.4001795003384983e-07
5374,0.9947910904884338,0.005208909511566162,1.1219666004180908,0.01637648604810238,174,1.4001795003384983e-07
5375,0.9949953556060791,0.0050046443939208984,1.140985369682312,0.016364451497793198,174,1.4001795003384983e-07
5376,0.9949930310249329,0.005006968975067139,1.1254287958145142,0.016211185604333878,174,1.4001795003384983e-07
5377,0.9951068162918091,0.004893183708190918,1.1241390705108643,0.01608564332127571,174,1.4001795003384983e-07
5378,0.9950016736984253,0.004998326301574707,1.132811427116394,0.01627645641565323,174,1.4001795003384983e-07
5379,0.9948387145996094,0.005161285400390625,1.118011236190796,0.016289785504341125,174,1.4001795003384983e-07
5380,0.9950202703475952,0.004979729652404785,1.1377441883087158,0.016307374462485313,174,1.4001795003384983e-07
5381,0.9951081275939941,0.004891872406005859,1.1274285316467285,0.016117237508296967,174,1.4001795003384983e-07
5382,0.9948945045471191,0.005105495452880859,1.1303735971450806,0.01635817624628544,174,1.4001795003384983e-07
5383,0.994880199432373,0.005119800567626953,1.1276262998580933,0.016344865784049034,174,1.4001795003384983e-07
5384,0.9950142502784729,0.0049857497215271,1.11979079246521,0.016133800148963928,174,1.4001795003384983e-07
5385,0.9950565099716187,0.004943490028381348,1.1425284147262573,0.016319338232278824,174,1.4001795003384983e-07
5386,0.9949691295623779,0.00503087043762207,1.1131963729858398,0.016112525016069412,174,1.4001795003384983e-07
5387,0.9949473738670349,0.005052626132965088,1.1292877197265625,0.016294976696372032,174,1.4001795003384983e-07
5388,0.995011568069458,0.004988431930541992,1.134332299232483,0.016281869262456894,174,1.4001795003384983e-07
5389,0.9949990510940552,0.005000948905944824,1.1345311403274536,0.016296250745654106,174,1.4001795003384983e-07
5390,0.9949722290039062,0.00502777099609375,1.1307578086853027,0.016285071149468422,174,1.4001795003384983e-07
5391,0.9949497580528259,0.005050241947174072,1.1438149213790894,0.016437888145446777,174,1.4001795003384983e-07
5392,0.995021402835846,0.004978597164154053,1.121107816696167,0.016139889135956764,174,1.4001795003384983e-07
5393,0.994883120059967,0.005116879940032959,1.142232894897461,0.01648803986608982,174,1.4001795003384983e-07
5394,0.9949563145637512,0.005043685436248779,1.1302900314331055,0.0162961483001709,175,1.3301705253215733e-07
5395,0.9947825074195862,0.005217492580413818,1.1320325136184692,0.01648564264178276,175,1.3301705253215733e-07
5396,0.9950710535049438,0.004928946495056152,1.1252814531326294,0.016132470220327377,175,1.3301705253215733e-07
5397,0.9949621558189392,0.005037844181060791,1.1259440183639526,0.01624690555036068,175,1.3301705253215733e-07
5398,0.9951714277267456,0.0048285722732543945,1.1243596076965332,0.01602388173341751,175,1.3301705253215733e-07
5399,0.9950441718101501,0.0049558281898498535,1.1280696392059326,0.016186965629458427,175,1.3301705253215733e-07
5400,0.9949716925621033,0.0050283074378967285,1.1313468217849731,0.01629149168729782,175,1.3301705253215733e-07
5401,0.9949662089347839,0.0050337910652160645,1.12255859375,0.016209039837121964,175,1.3301705253215733e-07
5402,0.9950369000434875,0.004963099956512451,1.126742959022522,0.016180898994207382,175,1.3301705253215733e-07
5403,0.9949887990951538,0.005011200904846191,1.127586841583252,0.016236957162618637,175,1.3301705253215733e-07
5404,0.9950617551803589,0.004938244819641113,1.1235694885253906,0.016124557703733444,175,1.3301705253215733e-07
5405,0.9950767159461975,0.00492328405380249,1.131500482559204,0.016189055517315865,175,1.3301705253215733e-07
5406,0.994924783706665,0.005075216293334961,1.1406468152999878,0.01643093302845955,175,1.3301705253215733e-07
5407,0.9949980974197388,0.0050019025802612305,1.1264351606369019,0.016216235235333443,175,1.3301705253215733e-07
5408,0.9950574636459351,0.004942536354064941,1.1202678680419922,0.016095789149403572,175,1.3301705253215733e-07
5409,0.9948080778121948,0.005191922187805176,1.1274453401565552,0.016414456069469452,175,1.3301705253215733e-07
5410,0.9950979948043823,0.004902005195617676,1.128739356994629,0.016140379011631012,175,1.3301705253215733e-07
5411,0.9950577616691589,0.0049422383308410645,1.1402524709701538,0.016295339912176132,175,1.3301705253215733e-07
5412,0.9949820041656494,0.005017995834350586,1.1212352514266968,0.016180168837308884,175,1.3301705253215733e-07
5413,0.9949430823326111,0.005056917667388916,1.1271560192108154,0.01627790927886963,175,1.3301705253215733e-07
5414,0.9950677156448364,0.004932284355163574,1.1452059745788574,0.01633502170443535,175,1.3301705253215733e-07
5415,0.9948820471763611,0.005117952823638916,1.1296911239624023,0.016363684087991714,175,1.3301705253215733e-07
5416,0.99489825963974,0.00510174036026001,1.139865756034851,0.016449380666017532,175,1.3301705253215733e-07
5417,0.9949488639831543,0.005051136016845703,1.1272644996643066,0.016273269429802895,175,1.3301705253215733e-07
5418,0.9950358867645264,0.004964113235473633,1.1220670938491821,0.016135143116116524,175,1.3301705253215733e-07
5419,0.9949255585670471,0.005074441432952881,1.1259238719940186,0.016282934695482254,175,1.3301705253215733e-07
5420,0.9949507117271423,0.005049288272857666,1.127854824066162,0.016277343034744263,175,1.3301705253215733e-07
5421,0.9947685599327087,0.00523144006729126,1.1283679008483887,0.01646280474960804,175,1.3301705253215733e-07
5422,0.9948555827140808,0.0051444172859191895,1.1173410415649414,0.016266383230686188,175,1.3301705253215733e-07
5423,0.9949064254760742,0.005093574523925781,1.140807032585144,0.016450708732008934,175,1.3301705253215733e-07
5424,0.9948566555976868,0.005143344402313232,1.1182608604431152,0.01627451926469803,175,1.3301705253215733e-07
5425,0.9947705864906311,0.0052294135093688965,1.1261183023452759,0.016438301652669907,176,1.2636619990554947e-07
5426,0.9950821995735168,0.004917800426483154,1.1284202337265015,0.016152825206518173,176,1.2636619990554947e-07
5427,0.9950399994850159,0.004960000514984131,1.1217178106307983,0.016127578914165497,176,1.2636619990554947e-07
5428,0.9950734972953796,0.004926502704620361,1.1362048387527466,0.016239285469055176,176,1.2636619990554947e-07
5429,0.9949396252632141,0.005060374736785889,1.124314546585083,0.016252916306257248,176,1.2636619990554947e-07
5430,0.9949747920036316,0.005025207996368408,1.1392195224761963,0.016367150470614433,176,1.2636619990554947e-07
5431,0.9950361847877502,0.004963815212249756,1.123953938484192,0.016153715550899506,176,1.2636619990554947e-07
5432,0.995022177696228,0.004977822303771973,1.1350017786026,0.016278062015771866,176,1.2636619990554947e-07
5433,0.9950328469276428,0.004967153072357178,1.1249423027038574,0.01616690494120121,176,1.2636619990554947e-07
5434,0.9950821399688721,0.00491786003112793,1.132871389389038,0.01619739457964897,176,1.2636619990554947e-07
5435,0.9949234127998352,0.005076587200164795,1.139367938041687,0.01641950011253357,176,1.2636619990554947e-07
5436,0.9948265552520752,0.005173444747924805,1.1291258335113525,0.016412967815995216,176,1.2636619990554947e-07
5437,0.9949848651885986,0.005015134811401367,1.124721646308899,0.01621219888329506,176,1.2636619990554947e-07
5438,0.9949968457221985,0.005003154277801514,1.1248842477798462,0.016201965510845184,176,1.2636619990554947e-07
5439,0.9948535561561584,0.005146443843841553,1.1220152378082275,0.01631513237953186,176,1.2636619990554947e-07
5440,0.995003879070282,0.004996120929718018,1.1192238330841064,0.01613839715719223,176,1.2636619990554947e-07
5441,0.9950385689735413,0.00496143102645874,1.1282358169555664,0.0161941759288311,176,1.2636619990554947e-07
5442,0.9950278401374817,0.0049721598625183105,1.1244730949401855,0.0161671694368124,176,1.2636619990554947e-07
5443,0.9952337741851807,0.004766225814819336,1.1321427822113037,0.01603998988866806,176,1.2636619990554947e-07
5444,0.9949043393135071,0.00509566068649292,1.129865050315857,0.016343355178833008,176,1.2636619990554947e-07
5445,0.9949146509170532,0.005085349082946777,1.1201481819152832,0.01623597741127014,176,1.2636619990554947e-07
5446,0.9948533773422241,0.005146622657775879,1.1306699514389038,0.016401855275034904,176,1.2636619990554947e-07
5447,0.9949350953102112,0.005064904689788818,1.1196714639663696,0.016210969537496567,176,1.2636619990554947e-07
5448,0.9949551820755005,0.005044817924499512,1.1324338912963867,0.016318708658218384,176,1.2636619990554947e-07
5449,0.995181143283844,0.004818856716156006,1.1213701963424683,0.015984371304512024,176,1.2636619990554947e-07
5450,0.994921863079071,0.005078136920928955,1.1328736543655396,0.01635609194636345,176,1.2636619990554947e-07
5451,0.9947975277900696,0.00520247220993042,1.1306934356689453,0.01645738258957863,176,1.2636619990554947e-07
5452,0.9948616623878479,0.0051383376121521,1.1383110284805298,0.016470063477754593,176,1.2636619990554947e-07
5453,0.9949150681495667,0.00508493185043335,1.121341347694397,0.016247496008872986,176,1.2636619990554947e-07
5454,0.9949140548706055,0.005085945129394531,1.1470364332199097,0.016505450010299683,176,1.2636619990554947e-07
5455,0.9949960708618164,0.005003929138183594,1.1246342658996582,0.0162002332508564,176,1.2636619990554947e-07
5456,0.9949671030044556,0.005032896995544434,1.134931206703186,0.016331879422068596,177,1.20047889910272e-07
5457,0.9950448274612427,0.004955172538757324,1.1307302713394165,0.01621292345225811,177,1.20047889910272e-07
5458,0.9950189590454102,0.004981040954589844,1.1356772184371948,0.01628800295293331,177,1.20047889910272e-07
5459,0.9948989748954773,0.005101025104522705,1.1380292177200317,0.016430307179689407,177,1.20047889910272e-07
5460,0.9951207041740417,0.004879295825958252,1.1171743869781494,0.016002245247364044,177,1.20047889910272e-07
5461,0.9949309825897217,0.00506901741027832,1.1313087940216064,0.016331415623426437,177,1.20047889910272e-07
5462,0.9949514269828796,0.005048573017120361,1.1214702129364014,0.016212789341807365,177,1.20047889910272e-07
5463,0.9950954914093018,0.004904508590698242,1.121852159500122,0.016073985025286674,177,1.20047889910272e-07
5464,0.9948586821556091,0.005141317844390869,1.114290475845337,0.0162328090518713,177,1.20047889910272e-07
5465,0.9949313998222351,0.005068600177764893,1.133216381072998,0.016350077465176582,177,1.20047889910272e-07
5466,0.9950187802314758,0.00498121976852417,1.1248098611831665,0.016179505735635757,177,1.20047889910272e-07
5467,0.995007336139679,0.004992663860321045,1.1439006328582764,0.01638174243271351,177,1.20047889910272e-07
5468,0.9949524402618408,0.00504755973815918,1.1130764484405518,0.016127848997712135,177,1.20047889910272e-07
5469,0.9948400855064392,0.005159914493560791,1.1438848972320557,0.01654716394841671,177,1.20047889910272e-07
5470,0.9948102235794067,0.005189776420593262,1.12440824508667,0.01638196036219597,177,1.20047889910272e-07
5471,0.9950593113899231,0.004940688610076904,1.1232085227966309,0.016123365610837936,177,1.20047889910272e-07
5472,0.9950637817382812,0.00493621826171875,1.1378445625305176,0.016265302896499634,177,1.20047889910272e-07
5473,0.9950297474861145,0.004970252513885498,1.117661952972412,0.016097169369459152,177,1.20047889910272e-07
5474,0.9951304793357849,0.004869520664215088,1.1422096490859985,0.016242921352386475,177,1.20047889910272e-07
5475,0.9948838353157043,0.005116164684295654,1.1305171251296997,0.016370173543691635,177,1.20047889910272e-07
5476,0.9951373338699341,0.004862666130065918,1.1322803497314453,0.016136841848492622,177,1.20047889910272e-07
5477,0.9947832226753235,0.005216777324676514,1.1275107860565186,0.016439717262983322,177,1.20047889910272e-07
5478,0.9949231743812561,0.0050768256187438965,1.1348237991333008,0.016374293714761734,177,1.20047889910272e-07
5479,0.9949191212654114,0.005080878734588623,1.125062108039856,0.01628069020807743,177,1.20047889910272e-07
5480,0.9948452711105347,0.005154728889465332,1.1309078931808472,0.01641226001083851,177,1.20047889910272e-07
5481,0.9950516819953918,0.004948318004608154,1.1242382526397705,0.016141217201948166,177,1.20047889910272e-07
5482,0.9948397278785706,0.005160272121429443,1.1265804767608643,0.01637447252869606,177,1.20047889910272e-07
5483,0.9949327111244202,0.005067288875579834,1.1162073612213135,0.016178689897060394,177,1.20047889910272e-07
5484,0.9951128959655762,0.004887104034423828,1.1324689388275146,0.016162920743227005,177,1.20047889910272e-07
5485,0.9949281811714172,0.005071818828582764,1.1238253116607666,0.01625935360789299,177,1.20047889910272e-07
5486,0.9949932098388672,0.0050067901611328125,1.131730556488037,0.01627402752637863,177,1.20047889910272e-07
5487,0.9950070977210999,0.0049929022789001465,1.125415325164795,0.016197126358747482,178,1.1404549541475839e-07
5488,0.994929850101471,0.005070149898529053,1.1291358470916748,0.016310807317495346,178,1.1404549541475839e-07
5489,0.99498450756073,0.0050154924392700195,1.1243536472320557,0.016208874061703682,178,1.1404549541475839e-07
5490,0.9950134754180908,0.00498652458190918,1.1298822164535522,0.016235481947660446,178,1.1404549541475839e-07
5491,0.9949727058410645,0.005027294158935547,1.126692771911621,0.01624394953250885,178,1.1404549541475839e-07
5492,0.9949198365211487,0.005080163478851318,1.1216657161712646,0.016246018931269646,178,1.1404549541475839e-07
5493,0.9949396252632141,0.005060374736785889,1.1154890060424805,0.016164660453796387,178,1.1404549541475839e-07
5494,0.9949753880500793,0.005024611949920654,1.1262078285217285,0.01623644307255745,178,1.1404549541475839e-07
5495,0.9948685169219971,0.00513148307800293,1.1255145072937012,0.01633531227707863,178,1.1404549541475839e-07
5496,0.9950278997421265,0.004972100257873535,1.1163588762283325,0.016085967421531677,178,1.1404549541475839e-07
5497,0.9949749112129211,0.005025088787078857,1.1430275440216064,0.01640511304140091,178,1.1404549541475839e-07
5498,0.9948838949203491,0.005116105079650879,1.1447776556015015,0.01651271991431713,178,1.1404549541475839e-07
5499,0.9951537251472473,0.0048462748527526855,1.136836051940918,0.016166172921657562,178,1.1404549541475839e-07
5500,0.9948744773864746,0.005125522613525391,1.12003493309021,0.01627461612224579,178,1.1404549541475839e-07
5501,0.9949532747268677,0.005046725273132324,1.133736252784729,0.016333620995283127,178,1.1404549541475839e-07
5502,0.9949175715446472,0.005082428455352783,1.12825345993042,0.01631413772702217,178,1.1404549541475839e-07
5503,0.9949144721031189,0.0050855278968811035,1.1285150051116943,0.016319822520017624,178,1.1404549541475839e-07
5504,0.9948431849479675,0.005156815052032471,1.132177472114563,0.016427021473646164,178,1.1404549541475839e-07
5505,0.9949772953987122,0.005022704601287842,1.1367028951644897,0.016339506953954697,178,1.1404549541475839e-07
5506,0.994930624961853,0.005069375038146973,1.1276651620864868,0.016295332461595535,178,1.1404549541475839e-07
5507,0.9950808882713318,0.004919111728668213,1.1378356218338013,0.016248276457190514,178,1.1404549541475839e-07
5508,0.9948412775993347,0.005158722400665283,1.1306345462799072,0.016413480043411255,178,1.1404549541475839e-07
5509,0.9949005246162415,0.005099475383758545,1.1208772659301758,0.016257252544164658,178,1.1404549541475839e-07
5510,0.9948447942733765,0.005155205726623535,1.1174360513687134,0.016278013586997986,178,1.1404549541475839e-07
5511,0.99495530128479,0.005044698715209961,1.142135500907898,0.016415607184171677,178,1.1404549541475839e-07
5512,0.9949886798858643,0.005011320114135742,1.1236133575439453,0.016197340562939644,178,1.1404549541475839e-07
5513,0.995055615901947,0.0049443840980529785,1.1313371658325195,0.016208311542868614,178,1.1404549541475839e-07
5514,0.9950555562973022,0.004944443702697754,1.1336337327957153,0.016231335699558258,178,1.1404549541475839e-07
5515,0.9951696991920471,0.004830300807952881,1.1177564859390259,0.015959562733769417,178,1.1404549541475839e-07
5516,0.9950994253158569,0.004900574684143066,1.1311116218566895,0.016162684187293053,178,1.1404549541475839e-07
5517,0.9950459003448486,0.004954099655151367,1.125472903251648,0.016159288585186005,178,1.1404549541475839e-07
5518,0.9950162172317505,0.004983782768249512,1.137830376625061,0.01631224900484085,179,1.0834322064402047e-07
5519,0.994833767414093,0.005166232585906982,1.1272457838058472,0.016387026757001877,179,1.0834322064402047e-07
5520,0.9950096607208252,0.004990339279174805,1.137542724609375,0.01631586253643036,179,1.0834322064402047e-07
5521,0.9949139356613159,0.005086064338684082,1.1406694650650024,0.01644189842045307,179,1.0834322064402047e-07
5522,0.9951798319816589,0.0048201680183410645,1.1279404163360596,0.01605137065052986,179,1.0834322064402047e-07
5523,0.9949066042900085,0.005093395709991455,1.1156885623931885,0.016199346631765366,179,1.0834322064402047e-07
5524,0.9949200749397278,0.005079925060272217,1.128280520439148,0.01631193235516548,179,1.0834322064402047e-07
5525,0.9948891401290894,0.0051108598709106445,1.1100435256958008,0.016160186380147934,179,1.0834322064402047e-07
5526,0.9949942827224731,0.0050057172775268555,1.1313949823379517,0.016269609332084656,179,1.0834322064402047e-07
5527,0.9948186874389648,0.005181312561035156,1.1316121816635132,0.016445621848106384,179,1.0834322064402047e-07
5528,0.995030403137207,0.004969596862792969,1.1296753883361816,0.01621665433049202,179,1.0834322064402047e-07
5529,0.9950445890426636,0.004955410957336426,1.1274890899658203,0.016180748119950294,179,1.0834322064402047e-07
5530,0.9950588345527649,0.004941165447235107,1.1211762428283691,0.016103515401482582,179,1.0834322064402047e-07
5531,0.9948912262916565,0.005108773708343506,1.124832272529602,0.016306009143590927,179,1.0834322064402047e-07
5532,0.9949657917022705,0.005034208297729492,1.1325653791427612,0.016309520229697227,179,1.0834322064402047e-07
5533,0.9948931932449341,0.005106806755065918,1.1437554359436035,0.016493292525410652,179,1.0834322064402047e-07
5534,0.9950340390205383,0.00496596097946167,1.1157594919204712,0.01607389561831951,179,1.0834322064402047e-07
5535,0.9950385689735413,0.00496143102645874,1.1325030326843262,0.016236845403909683,179,1.0834322064402047e-07
5536,0.9949823617935181,0.005017638206481934,1.1254745721817017,0.016222206875681877,179,1.0834322064402047e-07
5537,0.9949977993965149,0.005002200603485107,1.1139808893203735,0.01609198749065399,179,1.0834322064402047e-07
5538,0.9948694109916687,0.005130589008331299,1.13017737865448,0.01638105697929859,179,1.0834322064402047e-07
5539,0.995042622089386,0.004957377910614014,1.1296720504760742,0.016204524785280228,179,1.0834322064402047e-07
5540,0.9949862957000732,0.005013704299926758,1.1304470300674438,0.016268037259578705,179,1.0834322064402047e-07
5541,0.994862973690033,0.005137026309967041,1.1307969093322754,0.016393624246120453,179,1.0834322064402047e-07
5542,0.9949595332145691,0.005040466785430908,1.128533124923706,0.016275392845273018,179,1.0834322064402047e-07
5543,0.9951488375663757,0.004851162433624268,1.1200225353240967,0.016002874821424484,179,1.0834322064402047e-07
5544,0.9949001669883728,0.005099833011627197,1.1291900873184204,0.01634073629975319,179,1.0834322064402047e-07
5545,0.9948926568031311,0.0051073431968688965,1.1382355690002441,0.016438625752925873,179,1.0834322064402047e-07
5546,0.9949817657470703,0.0050182342529296875,1.1363499164581299,0.016331549733877182,179,1.0834322064402047e-07
5547,0.9949173331260681,0.005082666873931885,1.1273123025894165,0.01630496233701706,179,1.0834322064402047e-07
5548,0.9951659440994263,0.0048340559005737305,1.128900408744812,0.01607472077012062,179,1.0834322064402047e-07
5549,0.9948827624320984,0.005117237567901611,1.1303495168685913,0.01636955887079239,180,1.0292605961181944e-07
5550,0.9949555993080139,0.005044400691986084,1.1211202144622803,0.016205158084630966,180,1.0292605961181944e-07
5551,0.9949813485145569,0.005018651485443115,1.1210049390792847,0.016178514808416367,180,1.0292605961181944e-07
5552,0.9949073791503906,0.005092620849609375,1.140148639678955,0.01644318178296089,180,1.0292605961181944e-07
5553,0.9950535893440247,0.004946410655975342,1.132680058479309,0.01622374728322029,180,1.0292605961181944e-07
5554,0.9949432611465454,0.00505673885345459,1.1337758302688599,0.01634392887353897,180,1.0292605961181944e-07
5555,0.994856595993042,0.005143404006958008,1.1224502325057983,0.016316471621394157,180,1.0292605961181944e-07
5556,0.9950204491615295,0.004979550838470459,1.12996506690979,0.016229405999183655,180,1.0292605961181944e-07
5557,0.9950258731842041,0.0049741268157958984,1.1244292259216309,0.016168678179383278,180,1.0292605961181944e-07
5558,0.9949213862419128,0.005078613758087158,1.1328773498535156,0.01635660231113434,180,1.0292605961181944e-07
5559,0.9949629306793213,0.005037069320678711,1.1343330144882202,0.01633002981543541,180,1.0292605961181944e-07
5560,0.9948658347129822,0.005134165287017822,1.131826639175415,0.01640108972787857,180,1.0292605961181944e-07
5561,0.9951649904251099,0.004835009574890137,1.1096506118774414,0.01588316448032856,180,1.0292605961181944e-07
5562,0.9950768947601318,0.004923105239868164,1.1241114139556885,0.016114987432956696,180,1.0292605961181944e-07
5563,0.9949684739112854,0.0050315260887146,1.135245680809021,0.016333667561411858,180,1.0292605961181944e-07
5564,0.9949724078178406,0.005027592182159424,1.1375337839126587,0.01635265350341797,180,1.0292605961181944e-07
5565,0.9948533773422241,0.005146622657775879,1.1412899494171143,0.016508055850863457,180,1.0292605961181944e-07
5566,0.9948965907096863,0.005103409290313721,1.1356581449508667,0.016408955678343773,180,1.0292605961181944e-07
5567,0.9951578974723816,0.004842102527618408,1.1163161993026733,0.01595684327185154,180,1.0292605961181944e-07
5568,0.9950690865516663,0.00493091344833374,1.1468309164047241,0.01634991355240345,180,1.0292605961181944e-07
5569,0.9949779510498047,0.0050220489501953125,1.1200692653656006,0.01617252081632614,180,1.0292605961181944e-07
5570,0.9949292540550232,0.005070745944976807,1.1222797632217407,0.01624283567070961,180,1.0292605961181944e-07
5571,0.9949212074279785,0.005078792572021484,1.1271495819091797,0.016299501061439514,180,1.0292605961181944e-07
5572,0.9949185848236084,0.0050814151763916016,1.1107168197631836,0.01613776944577694,180,1.0292605961181944e-07
5573,0.9948296546936035,0.005170345306396484,1.1239712238311768,0.016358353197574615,180,1.0292605961181944e-07
5574,0.9949862360954285,0.005013763904571533,1.1291344165802002,0.0162549689412117,180,1.0292605961181944e-07
5575,0.9949524402618408,0.00504755973815918,1.1225090026855469,0.01622217334806919,180,1.0292605961181944e-07
5576,0.9950336813926697,0.004966318607330322,1.135404109954834,0.016270697116851807,180,1.0292605961181944e-07
5577,0.9949658513069153,0.005034148693084717,1.1283665895462036,0.016267472878098488,180,1.0292605961181944e-07
5578,0.9950274229049683,0.004972577095031738,1.1360623836517334,0.01628347486257553,180,1.0292605961181944e-07
5579,0.9950178861618042,0.004982113838195801,1.1262273788452148,0.01619456708431244,180,1.0292605961181944e-07
5580,0.994881808757782,0.005118191242218018,1.122429609298706,0.016291305422782898,181,9.777975663122845e-08
5581,0.995108962059021,0.004891037940979004,1.1172293424606323,0.016014419496059418,181,9.777975663122845e-08
5582,0.9949838519096375,0.005016148090362549,1.1311304569244385,0.016277290880680084,181,9.777975663122845e-08
5583,0.9950680732727051,0.004931926727294922,1.1227765083312988,0.0161103717982769,181,9.777975663122845e-08
5584,0.994987964630127,0.005012035369873047,1.128915548324585,0.01625107042491436,181,9.777975663122845e-08
5585,0.9950097799301147,0.004990220069885254,1.144120693206787,0.01638152450323105,181,9.777975663122845e-08
5586,0.9951774477958679,0.00482255220413208,1.1235527992248535,0.016009854152798653,181,9.777975663122845e-08
5587,0.9947503209114075,0.005249679088592529,1.1247670650482178,0.016444852575659752,181,9.777975663122845e-08
5588,0.9950427412986755,0.004957258701324463,1.1460239887237549,0.016367927193641663,181,9.777975663122845e-08
5589,0.9950226545333862,0.0049773454666137695,1.1244136095046997,0.016171708703041077,181,9.777975663122845e-08
5590,0.9948962330818176,0.005103766918182373,1.1227964162826538,0.01628069207072258,181,9.777975663122845e-08
5591,0.9949769973754883,0.005023002624511719,1.1265360116958618,0.016238132491707802,181,9.777975663122845e-08
5592,0.9948493242263794,0.0051506757736206055,1.1241228580474854,0.01634039729833603,181,9.777975663122845e-08
5593,0.9949979186058044,0.005002081394195557,1.1332160234451294,0.016284219920635223,181,9.777975663122845e-08
5594,0.9949856400489807,0.005014359951019287,1.1292436122894287,0.016256652772426605,181,9.777975663122845e-08
5595,0.9949136972427368,0.005086302757263184,1.1435965299606323,0.01647140458226204,181,9.777975663122845e-08
5596,0.9948657155036926,0.005134284496307373,1.1215789318084717,0.016298729926347733,181,9.777975663122845e-08
5597,0.9948875308036804,0.00511246919631958,1.1421761512756348,0.016483105719089508,181,9.777975663122845e-08
5598,0.994838535785675,0.005161464214324951,1.1227748394012451,0.016337597742676735,181,9.777975663122845e-08
5599,0.99504154920578,0.004958450794219971,1.127208948135376,0.01618095487356186,181,9.777975663122845e-08
5600,0.9950131773948669,0.004986822605133057,1.1307454109191895,0.01624440774321556,181,9.777975663122845e-08
5601,0.9951756000518799,0.004824399948120117,1.1281322240829468,0.01605747826397419,181,9.777975663122845e-08
5602,0.994913637638092,0.005086362361907959,1.1302392482757568,0.016337890177965164,181,9.777975663122845e-08
5603,0.9948999881744385,0.0051000118255615234,1.121046543121338,0.01625947654247284,181,9.777975663122845e-08
5604,0.9949817061424255,0.005018293857574463,1.1197962760925293,0.016166074201464653,181,9.777975663122845e-08
5605,0.9949370622634888,0.0050629377365112305,1.1256366968154907,0.016268674284219742,181,9.777975663122845e-08
5606,0.9949296116828918,0.005070388317108154,1.1485519409179688,0.016505204141139984,181,9.777975663122845e-08
5607,0.9948957562446594,0.005104243755340576,1.1298563480377197,0.016351765021681786,181,9.777975663122845e-08
5608,0.9949778318405151,0.005022168159484863,1.1271765232086182,0.01624371111392975,181,9.777975663122845e-08
5609,0.9950757026672363,0.004924297332763672,1.1264396905899048,0.016139451414346695,181,9.777975663122845e-08
5610,0.9949511885643005,0.005048811435699463,1.1150939464569092,0.016149263828992844,181,9.777975663122845e-08
5611,0.994837760925293,0.005162239074707031,1.1391255855560303,0.01650187373161316,182,9.289076879966702e-08
5612,0.9948847889900208,0.005115211009979248,1.1141380071640015,0.01620543748140335,182,9.289076879966702e-08
5613,0.9949156045913696,0.005084395408630371,1.117234706878662,0.01620589941740036,182,9.289076879966702e-08
5614,0.9950401186943054,0.00495988130569458,1.1273667812347412,0.016183950006961823,182,9.289076879966702e-08
5615,0.9951266050338745,0.004873394966125488,1.1201437711715698,0.016026098281145096,182,9.289076879966702e-08
5616,0.9949392080307007,0.005060791969299316,1.1338067054748535,0.016348250210285187,182,9.289076879966702e-08
5617,0.995124340057373,0.004875659942626953,1.1374964714050293,0.016201868653297424,182,9.289076879966702e-08
5618,0.9949039816856384,0.005096018314361572,1.135986089706421,0.01640491932630539,182,9.289076879966702e-08
5619,0.9948503375053406,0.005149662494659424,1.1228636503219604,0.016326801851391792,182,9.289076879966702e-08
5620,0.995001494884491,0.004998505115509033,1.1273976564407349,0.016222495585680008,182,9.289076879966702e-08
5621,0.9950537085533142,0.004946291446685791,1.1304905414581299,0.01620173268020153,182,9.289076879966702e-08
5622,0.9949455261230469,0.005054473876953125,1.1342459917068481,0.016346387565135956,182,9.289076879966702e-08
5623,0.9949870109558105,0.005012989044189453,1.1161521673202515,0.016124380752444267,182,9.289076879966702e-08
5624,0.9948542714118958,0.005145728588104248,1.1380702257156372,0.016474973410367966,182,9.289076879966702e-08
5625,0.9948611855506897,0.005138814449310303,1.1303998231887817,0.01639142446219921,182,9.289076879966702e-08
5626,0.9948737025260925,0.005126297473907471,1.1299314498901367,0.01637434959411621,182,9.289076879966702e-08
5627,0.9951118230819702,0.004888176918029785,1.131809949874878,0.016157394275069237,182,9.289076879966702e-08
5628,0.9950872659683228,0.004912734031677246,1.1290863752365112,0.016154469922184944,182,9.289076879966702e-08
5629,0.994891881942749,0.0051081180572509766,1.1317204236984253,0.016374241560697556,182,9.289076879966702e-08
5630,0.9949976205825806,0.005002379417419434,1.1185964345932007,0.016138318926095963,182,9.289076879966702e-08
5631,0.9951300621032715,0.004869937896728516,1.132295846939087,0.016144197434186935,182,9.289076879966702e-08
5632,0.9950991868972778,0.004900813102722168,1.1133556365966797,0.015985362231731415,182,9.289076879966702e-08
5633,0.9948930740356445,0.005106925964355469,1.129341959953308,0.016349276527762413,182,9.289076879966702e-08
5634,0.9949319362640381,0.005068063735961914,1.1247578859329224,0.016264962032437325,182,9.289076879966702e-08
5635,0.9950080513954163,0.00499194860458374,1.1318837404251099,0.016260866075754166,182,9.289076879966702e-08
5636,0.9949018359184265,0.005098164081573486,1.1295405626296997,0.016342587769031525,182,9.289076879966702e-08
5637,0.9950317740440369,0.004968225955963135,1.151430606842041,0.016432849690318108,182,9.289076879966702e-08
5638,0.994988203048706,0.005011796951293945,1.130948781967163,0.016271166503429413,182,9.289076879966702e-08
5639,0.9949461817741394,0.005053818225860596,1.1304028034210205,0.01630730740725994,182,9.289076879966702e-08
5640,0.9949834942817688,0.005016505718231201,1.1194279193878174,0.016160618513822556,182,9.289076879966702e-08
5641,0.9948585033416748,0.005141496658325195,1.1234917640686035,0.016324998810887337,182,9.289076879966702e-08
5642,0.9949142932891846,0.00508570671081543,1.1375470161437988,0.01641031913459301,183,8.824623035968367e-08
5643,0.9949526190757751,0.0050473809242248535,1.1201399564743042,0.016198307275772095,183,8.824623035968367e-08
5644,0.9952198266983032,0.004780173301696777,1.1151525974273682,0.015883898362517357,183,8.824623035968367e-08
5645,0.9948656558990479,0.0051343441009521484,1.118685245513916,0.016269853338599205,183,8.824623035968367e-08
5646,0.9949268102645874,0.005073189735412598,1.1255357265472412,0.016277816146612167,183,8.824623035968367e-08
5647,0.9951150417327881,0.004884958267211914,1.1326793432235718,0.016162902116775513,183,8.824623035968367e-08
5648,0.9950441718101501,0.0049558281898498535,1.1380689144134521,0.016286959871649742,183,8.824623035968367e-08
5649,0.9951316118240356,0.0048683881759643555,1.1363415718078613,0.016183119267225266,183,8.824623035968367e-08
5650,0.9949897527694702,0.005010247230529785,1.115617275238037,0.016116317361593246,183,8.824623035968367e-08
5651,0.9949861764907837,0.005013823509216309,1.125395655632019,0.016217641532421112,183,8.824623035968367e-08
5652,0.9951037764549255,0.004896223545074463,1.131316900253296,0.016160430386662483,183,8.824623035968367e-08
5653,0.9948625564575195,0.005137443542480469,1.1227055788040161,0.01631312444806099,183,8.824623035968367e-08
5654,0.9950677156448364,0.004932284355163574,1.1177845001220703,0.016060806810855865,183,8.824623035968367e-08
5655,0.9949183464050293,0.005081653594970703,1.141381859779358,0.016444655135273933,183,8.824623035968367e-08
5656,0.994839608669281,0.005160391330718994,1.126923680305481,0.016378024592995644,183,8.824623035968367e-08
5657,0.9949815273284912,0.005018472671508789,1.1255215406417847,0.016223503276705742,183,8.824623035968367e-08
5658,0.9949232339859009,0.005076766014099121,1.1245962381362915,0.016271959990262985,183,8.824623035968367e-08
5659,0.9949536323547363,0.005046367645263672,1.141132116317749,0.016407225281000137,183,8.824623035968367e-08
5660,0.9948697686195374,0.0051302313804626465,1.1404376029968262,0.016483305022120476,183,8.824623035968367e-08
5661,0.9949385523796082,0.005061447620391846,1.1295839548110962,0.016306672245264053,183,8.824623035968367e-08
5662,0.9949848055839539,0.005015194416046143,1.1240051984786987,0.016205094754695892,183,8.824623035968367e-08
5663,0.9949870705604553,0.005012929439544678,1.1241294145584106,0.016204092651605606,183,8.824623035968367e-08
5664,0.9947741031646729,0.0052258968353271484,1.1263331174850464,0.016436967998743057,183,8.824623035968367e-08
5665,0.9951021671295166,0.0048978328704833984,1.1336565017700195,0.016185419633984566,183,8.824623035968367e-08
5666,0.9950336217880249,0.004966378211975098,1.1250427961349487,0.016167141497135162,183,8.824623035968367e-08
5667,0.994884192943573,0.005115807056427002,1.1247230768203735,0.016311880201101303,183,8.824623035968367e-08
5668,0.9948716163635254,0.005128383636474609,1.1412074565887451,0.016489174216985703,183,8.824623035968367e-08
5669,0.9949588775634766,0.0050411224365234375,1.1244292259216309,0.016235003247857094,183,8.824623035968367e-08
5670,0.9949027895927429,0.00509721040725708,1.1234530210494995,0.0162807684391737,183,8.824623035968367e-08
5671,0.9949345588684082,0.005065441131591797,1.1417973041534424,0.016432760283350945,183,8.824623035968367e-08
5672,0.9950044751167297,0.004995524883270264,1.129010796546936,0.016235677525401115,183,8.824623035968367e-08
5673,0.9949705004692078,0.005029499530792236,1.1452916860580444,0.01643212139606476,184,8.383391884169949e-08
5674,0.9948996305465698,0.005100369453430176,1.1354376077651978,0.016403742134571075,184,8.383391884169949e-08
5675,0.9949074387550354,0.0050925612449646,1.127885103225708,0.01632048562169075,184,8.383391884169949e-08
5676,0.9948622584342957,0.005137741565704346,1.1143349409103394,0.016229713335633278,184,8.383391884169949e-08
5677,0.9951340556144714,0.0048659443855285645,1.1224784851074219,0.01604207046329975,184,8.383391884169949e-08
5678,0.9948931932449341,0.005106806755065918,1.1298164129257202,0.016353901475667953,184,8.383391884169949e-08
5679,0.9949185848236084,0.0050814151763916016,1.1147457361221313,0.016178058460354805,184,8.383391884169949e-08
5680,0.994960367679596,0.005039632320404053,1.128591775894165,0.016275154426693916,184,8.383391884169949e-08
5681,0.9949049353599548,0.005095064640045166,1.1223334074020386,0.016267448663711548,184,8.383391884169949e-08
5682,0.9950746297836304,0.004925370216369629,1.122532844543457,0.016101444140076637,184,8.383391884169949e-08
5683,0.9949274659156799,0.005072534084320068,1.1211782693862915,0.016233591362833977,184,8.383391884169949e-08
5684,0.994950532913208,0.005049467086791992,1.1167412996292114,0.016166385263204575,184,8.383391884169949e-08
5685,0.9951185584068298,0.004881441593170166,1.1372368335723877,0.016204994171857834,184,8.383391884169949e-08
5686,0.994886040687561,0.005113959312438965,1.129333734512329,0.016356157138943672,184,8.383391884169949e-08
5687,0.994909942150116,0.005090057849884033,1.125835657119751,0.016297513619065285,184,8.383391884169949e-08
5688,0.9949429035186768,0.005057096481323242,1.1281603574752808,0.01628812775015831,184,8.383391884169949e-08
5689,0.9950333833694458,0.004966616630554199,1.1245466470718384,0.016162415966391563,184,8.383391884169949e-08
5690,0.9950932860374451,0.004906713962554932,1.1313142776489258,0.016170788556337357,184,8.383391884169949e-08
5691,0.9948549866676331,0.005145013332366943,1.1296534538269043,0.01639009639620781,184,8.383391884169949e-08
5692,0.9950782060623169,0.0049217939376831055,1.1244158744812012,0.016116734594106674,184,8.383391884169949e-08
5693,0.99490886926651,0.00509113073348999,1.1199288368225098,0.016239507123827934,184,8.383391884169949e-08
5694,0.9950816631317139,0.004918336868286133,1.126266360282898,0.016131818294525146,184,8.383391884169949e-08
5695,0.9949923753738403,0.005007624626159668,1.145608901977539,0.01641363650560379,184,8.383391884169949e-08
5696,0.9950768947601318,0.004923105239868164,1.1184186935424805,0.0160580612719059,184,8.383391884169949e-08
5697,0.9949297308921814,0.0050702691078186035,1.1337518692016602,0.01635708473622799,184,8.383391884169949e-08
5698,0.9948726892471313,0.005127310752868652,1.1435842514038086,0.016511879861354828,184,8.383391884169949e-08
5699,0.9950328469276428,0.004967153072357178,1.1310698986053467,0.01622818037867546,184,8.383391884169949e-08
5700,0.9949349164962769,0.0050650835037231445,1.1450350284576416,0.016464782878756523,184,8.383391884169949e-08
5701,0.9949290752410889,0.005070924758911133,1.1219508647918701,0.016239723190665245,184,8.383391884169949e-08
5702,0.9949607849121094,0.005039215087890625,1.1326106786727905,0.016314929351210594,184,8.383391884169949e-08
5703,0.9950439929962158,0.00495600700378418,1.1347917318344116,0.0162543635815382,184,8.383391884169949e-08
5704,0.9949206113815308,0.005079388618469238,1.1276236772537231,0.016304831951856613,185,7.964222289961451e-08
5705,0.9951172471046448,0.004882752895355225,1.1318230628967285,0.01615215465426445,185,7.964222289961451e-08
5706,0.9948177933692932,0.005182206630706787,1.1323899030685425,0.016454283148050308,185,7.964222289961451e-08
5707,0.9949712157249451,0.005028784275054932,1.1314475536346436,0.01629297062754631,185,7.964222289961451e-08
5708,0.9951067566871643,0.004893243312835693,1.1251121759414673,0.01609543338418007,185,7.964222289961451e-08
5709,0.9950511455535889,0.004948854446411133,1.1270716190338135,0.01617008075118065,185,7.964222289961451e-08
5710,0.995022177696228,0.004977822303771973,1.1437962055206299,0.016366004943847656,185,7.964222289961451e-08
5711,0.9949031472206116,0.005096852779388428,1.1342408657073975,0.016388293355703354,185,7.964222289961451e-08
5712,0.9949003458023071,0.005099654197692871,1.1161197423934937,0.016209855675697327,185,7.964222289961451e-08
5713,0.9950107932090759,0.004989206790924072,1.1311017274856567,0.016250330954790115,185,7.964222289961451e-08
5714,0.9950963854789734,0.004903614521026611,1.1232043504714966,0.016086623072624207,185,7.964222289961451e-08
5715,0.9950694441795349,0.004930555820465088,1.1323045492172241,0.016204295679926872,185,7.964222289961451e-08
5716,0.994831919670105,0.0051680803298950195,1.1328938007354736,0.016445336863398552,185,7.964222289961451e-08
5717,0.9948654174804688,0.00513458251953125,1.134990930557251,0.016433145850896835,185,7.964222289961451e-08
5718,0.9949967265129089,0.0050032734870910645,1.129931926727295,0.016252558678388596,185,7.964222289961451e-08
5719,0.9949690103530884,0.005030989646911621,1.1239593029022217,0.016220271587371826,185,7.964222289961451e-08
5720,0.9950239062309265,0.004976093769073486,1.1193047761917114,0.016119379550218582,185,7.964222289961451e-08
5721,0.9947718381881714,0.005228161811828613,1.126612901687622,0.016442008316516876,185,7.964222289961451e-08
5722,0.9951691031455994,0.004830896854400635,1.1294866800308228,0.016077455133199692,185,7.964222289961451e-08
5723,0.9949119091033936,0.005088090896606445,1.134088158607483,0.016378091648221016,185,7.964222289961451e-08
5724,0.9948868751525879,0.005113124847412109,1.1300787925720215,0.016362780705094337,185,7.964222289961451e-08
5725,0.9949404001235962,0.005059599876403809,1.126493215560913,0.01627393625676632,185,7.964222289961451e-08
5726,0.994835376739502,0.005164623260498047,1.1190927028656006,0.016303904354572296,185,7.964222289961451e-08
5727,0.99521404504776,0.00478595495223999,1.1282403469085693,0.016020499169826508,185,7.964222289961451e-08
5728,0.9948397278785706,0.005160272121429443,1.1191567182540894,0.01630023494362831,185,7.964222289961451e-08
5729,0.9949951767921448,0.005004823207855225,1.116832971572876,0.016123104840517044,185,7.964222289961451e-08
5730,0.99484783411026,0.00515216588973999,1.132344126701355,0.016424085944890976,185,7.964222289961451e-08
5731,0.9949623346328735,0.005037665367126465,1.1369740962982178,0.016357028856873512,185,7.964222289961451e-08
5732,0.9950152039527893,0.004984796047210693,1.1228196620941162,0.016163144260644913,185,7.964222289961451e-08
5733,0.9948562383651733,0.00514376163482666,1.1321114301681519,0.016413439065217972,185,7.964222289961451e-08
5734,0.995204746723175,0.004795253276824951,1.1385974884033203,0.016133274883031845,185,7.964222289961451e-08
5735,0.9949700832366943,0.005029916763305664,1.1303070783615112,0.016282688826322556,186,7.566011175463377e-08
5736,0.9948434829711914,0.005156517028808594,1.1290388107299805,0.016395339742302895,186,7.566011175463377e-08
5737,0.9950249195098877,0.004975080490112305,1.1370840072631836,0.01629616878926754,186,7.566011175463377e-08
5738,0.9949694275856018,0.005030572414398193,1.128190040588379,0.01626216620206833,186,7.566011175463377e-08
5739,0.9949715733528137,0.005028426647186279,1.1278589963912964,0.016256731003522873,186,7.566011175463377e-08
5740,0.9950813055038452,0.004918694496154785,1.113456130027771,0.01600406877696514,186,7.566011175463377e-08
5741,0.9950115084648132,0.004988491535186768,1.1307251453399658,0.016245858743786812,186,7.566011175463377e-08
5742,0.9949126243591309,0.005087375640869141,1.122362494468689,0.01626012660562992,186,7.566011175463377e-08
5743,0.9948030114173889,0.005196988582611084,1.1487071514129639,0.016632091253995895,186,7.566011175463377e-08
5744,0.9948003888130188,0.005199611186981201,1.1334593296051025,0.01648220792412758,186,7.566011175463377e-08
5745,0.9949529767036438,0.005047023296356201,1.127722144126892,0.016273774206638336,186,7.566011175463377e-08
5746,0.9950752258300781,0.004924774169921875,1.1265000104904175,0.0161405261605978,186,7.566011175463377e-08
5747,0.9949337840080261,0.005066215991973877,1.134291410446167,0.016358468681573868,186,7.566011175463377e-08
5748,0.9949865937232971,0.005013406276702881,1.1255451440811157,0.016218723729252815,186,7.566011175463377e-08
5749,0.9947139024734497,0.005286097526550293,1.130822777748108,0.016541464254260063,186,7.566011175463377e-08
5750,0.9950321316719055,0.004967868328094482,1.1266558170318604,0.016184747219085693,186,7.566011175463377e-08
5751,0.9948532581329346,0.00514674186706543,1.1378525495529175,0.01647379994392395,186,7.566011175463377e-08
5752,0.9948068857192993,0.005193114280700684,1.1062629222869873,0.016203811392188072,186,7.566011175463377e-08
5753,0.9951431751251221,0.00485682487487793,1.1167807579040527,0.015976063907146454,186,7.566011175463377e-08
5754,0.9950304627418518,0.004969537258148193,1.135241985321045,0.01627226173877716,186,7.566011175463377e-08
5755,0.9949744939804077,0.005025506019592285,1.1369856595993042,0.016345106065273285,186,7.566011175463377e-08
5756,0.994871973991394,0.005128026008605957,1.1159864664077759,0.01623661071062088,186,7.566011175463377e-08
5757,0.9948826432228088,0.005117356777191162,1.129312515258789,0.01635930873453617,186,7.566011175463377e-08
5758,0.9948638081550598,0.0051361918449401855,1.1283440589904785,0.01636826992034912,186,7.566011175463377e-08
5759,0.9951645135879517,0.00483548641204834,1.1336092948913574,0.016123224049806595,186,7.566011175463377e-08
5760,0.995064377784729,0.004935622215270996,1.1348206996917725,0.016234472393989563,186,7.566011175463377e-08
5761,0.9951733946800232,0.004826605319976807,1.1333000659942627,0.0161113403737545,186,7.566011175463377e-08
5762,0.9950894117355347,0.004910588264465332,1.1233747005462646,0.016095228493213654,186,7.566011175463377e-08
5763,0.995076060295105,0.0049239397048950195,1.133678913116455,0.016211489215493202,186,7.566011175463377e-08
5764,0.9950221180915833,0.004977881908416748,1.1188782453536987,0.016116885468363762,186,7.566011175463377e-08
5765,0.9949499368667603,0.005050063133239746,1.1300331354141235,0.016299894079566002,186,7.566011175463377e-08
5766,0.9948058128356934,0.005194187164306641,1.1145037412643433,0.01628728210926056,187,7.187710616690207e-08
5767,0.9949438571929932,0.005056142807006836,1.1286097764968872,0.016291677951812744,187,7.187710616690207e-08
5768,0.994910717010498,0.005089282989501953,1.1171033382415771,0.016209423542022705,187,7.187710616690207e-08
5769,0.9950366020202637,0.004963397979736328,1.1298619508743286,0.016212383285164833,187,7.187710616690207e-08
5770,0.9948872923851013,0.005112707614898682,1.1277886629104614,0.016339465975761414,187,7.187710616690207e-08
5771,0.9950383305549622,0.004961669445037842,1.1310983896255493,0.016223035752773285,187,7.187710616690207e-08
5772,0.9950367212295532,0.004963278770446777,1.1267198324203491,0.016180844977498055,187,7.187710616690207e-08
5773,0.994976282119751,0.0050237178802490234,1.1268662214279175,0.016242142766714096,187,7.187710616690207e-08
5774,0.994841992855072,0.0051580071449279785,1.1273497343063354,0.01637992449104786,187,7.187710616690207e-08
5775,0.995117723941803,0.0048822760581970215,1.1314071416854858,0.016147524118423462,187,7.187710616690207e-08
5776,0.9950355887413025,0.00496441125869751,1.129660725593567,0.01621137373149395,187,7.187710616690207e-08
5777,0.9952089190483093,0.004791080951690674,1.1255773305892944,0.015998942777514458,187,7.187710616690207e-08
5778,0.9949612617492676,0.005038738250732422,1.1327431201934814,0.016315780580043793,187,7.187710616690207e-08
5779,0.9949915409088135,0.0050084590911865234,1.135316252708435,0.016311537474393845,187,7.187710616690207e-08
5780,0.9948628544807434,0.005137145519256592,1.1157557964324951,0.016243331134319305,187,7.187710616690207e-08
5781,0.9948757886886597,0.005124211311340332,1.1315853595733643,0.016388822346925735,187,7.187710616690207e-08
5782,0.9949532151222229,0.0050467848777771,1.1280677318572998,0.016276994720101357,187,7.187710616690207e-08
5783,0.99516361951828,0.004836380481719971,1.1281508207321167,0.016069523990154266,187,7.187710616690207e-08
5784,0.9949278831481934,0.005072116851806641,1.130984902381897,0.016331244260072708,187,7.187710616690207e-08
5785,0.994901716709137,0.005098283290863037,1.135737657546997,0.01640467718243599,187,7.187710616690207e-08
5786,0.9949374794960022,0.005062520503997803,1.1295043230056763,0.016306938603520393,187,7.187710616690207e-08
5787,0.9949911236763,0.005008876323699951,1.1308505535125732,0.016267292201519012,187,7.187710616690207e-08
5788,0.9949998259544373,0.005000174045562744,1.129426121711731,0.01624443382024765,187,7.187710616690207e-08
5789,0.9949297904968262,0.005070209503173828,1.123772382736206,0.016257230192422867,187,7.187710616690207e-08
5790,0.9949519038200378,0.005048096179962158,1.135833978652954,0.016355954110622406,187,7.187710616690207e-08
5791,0.9949711561203003,0.005028843879699707,1.1306229829788208,0.01628478616476059,187,7.187710616690207e-08
5792,0.9949344992637634,0.005065500736236572,1.1243195533752441,0.016258040443062782,187,7.187710616690207e-08
5793,0.9950752854347229,0.0049247145652771,1.14207923412323,0.016296260058879852,187,7.187710616690207e-08
5794,0.9949606657028198,0.005039334297180176,1.1267263889312744,0.01625620387494564,187,7.187710616690207e-08
5795,0.9949502944946289,0.005049705505371094,1.1320302486419678,0.016319511458277702,187,7.187710616690207e-08
5796,0.9949049353599548,0.005095064640045166,1.1250826120376587,0.016294939443469048,187,7.187710616690207e-08
5797,0.9949777722358704,0.005022227764129639,1.1422604322433472,0.016394609585404396,188,6.828325085855697e-08
5798,0.9949672818183899,0.005032718181610107,1.127737045288086,0.01625976152718067,188,6.828325085855697e-08
5799,0.995000958442688,0.004999041557312012,1.1257344484329224,0.016206394881010056,188,6.828325085855697e-08
5800,0.99494868516922,0.005051314830780029,1.1334706544876099,0.016335507854819298,188,6.828325085855697e-08
5801,0.9950714707374573,0.004928529262542725,1.1296980381011963,0.016176223754882812,188,6.828325085855697e-08
5802,0.9950360059738159,0.004963994026184082,1.1119354963302612,0.016033709049224854,188,6.828325085855697e-08
5803,0.9950536489486694,0.004946351051330566,1.128469705581665,0.0161815844476223,188,6.828325085855697e-08
5804,0.9948745965957642,0.00512540340423584,1.1345858573913574,0.01642000861465931,188,6.828325085855697e-08
5805,0.9948534369468689,0.0051465630531311035,1.126150131225586,0.01635659858584404,188,6.828325085855697e-08
5806,0.9949728846549988,0.005027115345001221,1.1356278657913208,0.016333121806383133,188,6.828325085855697e-08
5807,0.9949970245361328,0.0050029754638671875,1.1240105628967285,0.016193050891160965,188,6.828325085855697e-08
5808,0.9950074553489685,0.004992544651031494,1.1357436180114746,0.016300056129693985,188,6.828325085855697e-08
5809,0.9949460625648499,0.0050539374351501465,1.116836428642273,0.016171762719750404,188,6.828325085855697e-08
5810,0.9948282837867737,0.005171716213226318,1.1091856956481934,0.0162118561565876,188,6.828325085855697e-08
5811,0.9951446652412415,0.004855334758758545,1.1292709112167358,0.016099490225315094,188,6.828325085855697e-08
5812,0.995046854019165,0.004953145980834961,1.1271493434906006,0.016175108030438423,188,6.828325085855697e-08
5813,0.994849443435669,0.005150556564331055,1.1270499229431152,0.016369549557566643,188,6.828325085855697e-08
5814,0.9948798418045044,0.0051201581954956055,1.1248443126678467,0.016317401081323624,188,6.828325085855697e-08
5815,0.9949199557304382,0.005080044269561768,1.1316614151000977,0.016345858573913574,188,6.828325085855697e-08
5816,0.9950589537620544,0.004941046237945557,1.1267368793487549,0.01615900546312332,188,6.828325085855697e-08
5817,0.9949731230735779,0.005026876926422119,1.1242576837539673,0.016219185665249825,188,6.828325085855697e-08
5818,0.9951796531677246,0.004820346832275391,1.1173138618469238,0.015945281833410263,188,6.828325085855697e-08
5819,0.994979739189148,0.005020260810852051,1.1244401931762695,0.016214460134506226,188,6.828325085855697e-08
5820,0.9949916005134583,0.005008399486541748,1.130774974822998,0.01626606658101082,188,6.828325085855697e-08
5821,0.9948405027389526,0.005159497261047363,1.1251161098480225,0.016359062865376472,188,6.828325085855697e-08
5822,0.994927167892456,0.005072832107543945,1.13229501247406,0.016345053911209106,188,6.828325085855697e-08
5823,0.9948273301124573,0.005172669887542725,1.1358929872512817,0.016479872167110443,188,6.828325085855697e-08
5824,0.9950348734855652,0.0049651265144348145,1.1358131170272827,0.016273606568574905,188,6.828325085855697e-08
5825,0.9949247241020203,0.005075275897979736,1.130165457725525,0.0163261778652668,188,6.828325085855697e-08
5826,0.9950700998306274,0.004929900169372559,1.1478965282440186,0.016359565779566765,188,6.828325085855697e-08
5827,0.9948252439498901,0.005174756050109863,1.1346185207366943,0.016469193622469902,188,6.828325085855697e-08
5828,0.9949086308479309,0.005091369152069092,1.1260497570037842,0.016300953924655914,189,6.486908831562912e-08
5829,0.9949531555175781,0.005046844482421875,1.1235103607177734,0.01623147912323475,189,6.486908831562912e-08
5830,0.9950379729270935,0.004962027072906494,1.1353689432144165,0.016266096383333206,189,6.486908831562912e-08
5831,0.9951285719871521,0.0048714280128479,1.1430519819259644,0.016253232955932617,189,6.486908831562912e-08
5832,0.9949631690979004,0.005036830902099609,1.125340223312378,0.016239864751696587,189,6.486908831562912e-08
5833,0.9950940012931824,0.004905998706817627,1.1344413757324219,0.016201352700591087,189,6.486908831562912e-08
5834,0.9948594570159912,0.005140542984008789,1.1251031160354614,0.016340168192982674,189,6.486908831562912e-08
5835,0.9948620200157166,0.005137979984283447,1.127695918083191,0.016363559290766716,189,6.486908831562912e-08
5836,0.9949445724487305,0.005055427551269531,1.1259161233901978,0.016264034435153008,189,6.486908831562912e-08
5837,0.9949607849121094,0.005039215087890625,1.132348895072937,0.016312312334775925,189,6.486908831562912e-08
5838,0.9949987530708313,0.005001246929168701,1.1233967542648315,0.016185201704502106,189,6.486908831562912e-08
5839,0.9948354363441467,0.0051645636558532715,1.1331242322921753,0.016444161534309387,189,6.486908831562912e-08
5840,0.9951432347297668,0.004856765270233154,1.1270527839660645,0.016078725457191467,189,6.486908831562912e-08
5841,0.9948808550834656,0.005119144916534424,1.1221439838409424,0.016289392486214638,189,6.486908831562912e-08
5842,0.9948769807815552,0.005123019218444824,1.1265385150909424,0.01633717492222786,189,6.486908831562912e-08
5843,0.9951651692390442,0.0048348307609558105,1.1272865533828735,0.016059348359704018,189,6.486908831562912e-08
5844,0.9949413537979126,0.005058646202087402,1.131929636001587,0.016327356919646263,189,6.486908831562912e-08
5845,0.9949113726615906,0.005088627338409424,1.1268107891082764,0.016305848956108093,189,6.486908831562912e-08
5846,0.9947023391723633,0.005297660827636719,1.1388535499572754,0.01663322001695633,189,6.486908831562912e-08
5847,0.9950078725814819,0.004992127418518066,1.1411972045898438,0.01635417714715004,189,6.486908831562912e-08
5848,0.9950559735298157,0.004944026470184326,1.1443284749984741,0.016337871551513672,189,6.486908831562912e-08
5849,0.9949804544448853,0.005019545555114746,1.1273356676101685,0.016242705285549164,189,6.486908831562912e-08
5850,0.9949842691421509,0.005015730857849121,1.1290861368179321,0.016256434842944145,189,6.486908831562912e-08
5851,0.9948444962501526,0.005155503749847412,1.1246533393859863,0.016350481659173965,189,6.486908831562912e-08
5852,0.9949344992637634,0.005065500736236572,1.1166315078735352,0.016181159764528275,189,6.486908831562912e-08
5853,0.9951139688491821,0.004886031150817871,1.1160050630569458,0.01599722169339657,189,6.486908831562912e-08
5854,0.9950482845306396,0.0049517154693603516,1.125472068786621,0.016156919300556183,189,6.486908831562912e-08
5855,0.9950413107872009,0.004958689212799072,1.1281704902648926,0.01619080640375614,189,6.486908831562912e-08
5856,0.9948998093605042,0.00510019063949585,1.1261245012283325,0.01631043292582035,189,6.486908831562912e-08
5857,0.9951353669166565,0.004864633083343506,1.1224614381790161,0.016040600836277008,189,6.486908831562912e-08
5858,0.9948632121086121,0.0051367878913879395,1.1304129362106323,0.016389548778533936,189,6.486908831562912e-08
5859,0.9948781132698059,0.005121886730194092,1.1331838369369507,0.016402505338191986,190,6.162563389984765e-08
5860,0.9951691031455994,0.004830896854400635,1.1357004642486572,0.016139592975378036,190,6.162563389984765e-08
5861,0.995055615901947,0.0049443840980529785,1.127235770225525,0.016167297959327698,190,6.162563389984765e-08
5862,0.994938850402832,0.005061149597167969,1.1295926570892334,0.01630646549165249,190,6.162563389984765e-08
5863,0.9948524236679077,0.005147576332092285,1.1246466636657715,0.016342567279934883,190,6.162563389984765e-08
5864,0.9948145747184753,0.005185425281524658,1.1239299774169922,0.01637287065386772,190,6.162563389984765e-08
5865,0.9950405955314636,0.004959404468536377,1.1301214694976807,0.016211025416851044,190,6.162563389984765e-08
5866,0.9950007796287537,0.004999220371246338,1.134153962135315,0.01629076711833477,190,6.162563389984765e-08
5867,0.994949996471405,0.005050003528594971,1.1253336668014526,0.01625283993780613,190,6.162563389984765e-08
5868,0.9949485659599304,0.00505143404006958,1.1342260837554932,0.01634318009018898,190,6.162563389984765e-08
5869,0.9950541257858276,0.004945874214172363,1.1339359283447266,0.016235774382948875,190,6.162563389984765e-08
5870,0.9950253367424011,0.004974663257598877,1.124565839767456,0.016170574352145195,190,6.162563389984765e-08
5871,0.9950185418128967,0.0049814581871032715,1.1325902938842773,0.016257546842098236,190,6.162563389984765e-08
5872,0.9949550628662109,0.0050449371337890625,1.1439262628555298,0.016433749347925186,190,6.162563389984765e-08
5873,0.9949720501899719,0.005027949810028076,1.1199102401733398,0.016176771372556686,190,6.162563389984765e-08
5874,0.9950663447380066,0.004933655261993408,1.1304497718811035,0.016188817098736763,190,6.162563389984765e-08
5875,0.9949566125869751,0.005043387413024902,1.1258326768875122,0.016251280903816223,190,6.162563389984765e-08
5876,0.9947839975357056,0.005216002464294434,1.1380218267440796,0.01654406078159809,190,6.162563389984765e-08
5877,0.9949191808700562,0.005080819129943848,1.1277393102645874,0.016307402402162552,190,6.162563389984765e-08
5878,0.9949802160263062,0.005019783973693848,1.1231249570846558,0.0162008348852396,190,6.162563389984765e-08
5879,0.9951881170272827,0.004811882972717285,1.125228762626648,0.016016051173210144,190,6.162563389984765e-08
5880,0.9948616623878479,0.0051383376121521,1.1174689531326294,0.016261642798781395,190,6.162563389984765e-08
5881,0.9949055314064026,0.005094468593597412,1.1350288391113281,0.016393812373280525,190,6.162563389984765e-08
5882,0.9949026703834534,0.005097329616546631,1.1221492290496826,0.016267847269773483,190,6.162563389984765e-08
5883,0.9950236082077026,0.004976391792297363,1.134345293045044,0.01627008058130741,190,6.162563389984765e-08
5884,0.9949557185173035,0.005044281482696533,1.1200147867202759,0.01619398593902588,190,6.162563389984765e-08
5885,0.9949569702148438,0.00504302978515625,1.124817132949829,0.016240771859884262,190,6.162563389984765e-08
5886,0.9948498010635376,0.005150198936462402,1.1293020248413086,0.01639171689748764,190,6.162563389984765e-08
5887,0.9950826168060303,0.0049173831939697266,1.1228764057159424,0.016096971929073334,190,6.162563389984765e-08
5888,0.9949647188186646,0.005035281181335449,1.1350692510604858,0.0163356214761734,190,6.162563389984765e-08
5889,0.9950920939445496,0.0049079060554504395,1.1166759729385376,0.016025587916374207,190,6.162563389984765e-08
5890,0.9949665665626526,0.005033433437347412,1.127712368965149,0.016260221600532532,191,5.854435220485527e-08
5891,0.994879424571991,0.005120575428009033,1.1355431079864502,0.01642480120062828,191,5.854435220485527e-08
5892,0.9950641393661499,0.004935860633850098,1.1258660554885864,0.016145162284374237,191,5.854435220485527e-08
5893,0.9949195981025696,0.00508040189743042,1.1213674545288086,0.01624327152967453,191,5.854435220485527e-08
5894,0.9949666857719421,0.005033314228057861,1.1258295774459839,0.016241276636719704,191,5.854435220485527e-08
5895,0.9949483871459961,0.005051612854003906,1.136662483215332,0.016367722302675247,191,5.854435220485527e-08
5896,0.9952253699302673,0.004774630069732666,1.122829556465149,0.015955179929733276,191,5.854435220485527e-08
5897,0.9949911832809448,0.005008816719055176,1.1247936487197876,0.016206664964556694,191,5.854435220485527e-08
5898,0.9948850870132446,0.005114912986755371,1.144324541091919,0.01650700904428959,191,5.854435220485527e-08
5899,0.9949872493743896,0.0050127506256103516,1.1231732368469238,0.016194354742765427,191,5.854435220485527e-08
5900,0.9950180649757385,0.004981935024261475,1.1338505744934082,0.016270622611045837,191,5.854435220485527e-08
5901,0.9949339628219604,0.005066037178039551,1.126612901687622,0.016281506046652794,191,5.854435220485527e-08
5902,0.9951658248901367,0.004834175109863281,1.1253745555877686,0.01603957824409008,191,5.854435220485527e-08
5903,0.9949117302894592,0.0050882697105407715,1.1221061944961548,0.016258448362350464,191,5.854435220485527e-08
5904,0.9950106739997864,0.004989326000213623,1.1237529516220093,0.016176961362361908,191,5.854435220485527e-08
5905,0.9949517250061035,0.005048274993896484,1.137442946434021,0.01637222059071064,191,5.854435220485527e-08
5906,0.9949405789375305,0.005059421062469482,1.1348360776901245,0.016357187181711197,191,5.854435220485527e-08
5907,0.9951693415641785,0.004830658435821533,1.1294671297073364,0.01607702299952507,191,5.854435220485527e-08
5908,0.9949578642845154,0.005042135715484619,1.119927167892456,0.016190985217690468,191,5.854435220485527e-08
5909,0.9948145151138306,0.005185484886169434,1.1272341012954712,0.016405971720814705,191,5.854435220485527e-08
5910,0.994859516620636,0.005140483379364014,1.1299316883087158,0.01638839580118656,191,5.854435220485527e-08
5911,0.9948603510856628,0.005139648914337158,1.1389254331588745,0.01647750660777092,191,5.854435220485527e-08
5912,0.9947797656059265,0.005220234394073486,1.1256977319717407,0.016425009816884995,191,5.854435220485527e-08
5913,0.9950127005577087,0.00498729944229126,1.1323635578155518,0.016261061653494835,191,5.854435220485527e-08
5914,0.9948998689651489,0.005100131034851074,1.1287857294082642,0.016336986795067787,191,5.854435220485527e-08
5915,0.9949879050254822,0.005012094974517822,1.1331181526184082,0.016293155029416084,191,5.854435220485527e-08
5916,0.9949384331703186,0.0050615668296813965,1.1265181303024292,0.016276132315397263,191,5.854435220485527e-08
5917,0.9949939250946045,0.005006074905395508,1.1227366924285889,0.016183380037546158,191,5.854435220485527e-08
5918,0.9949668049812317,0.0050331950187683105,1.1274703741073608,0.016257567331194878,191,5.854435220485527e-08
5919,0.9949970245361328,0.0050029754638671875,1.1310776472091675,0.016263721510767937,191,5.854435220485527e-08
5920,0.995119035243988,0.004880964756011963,1.1190838813781738,0.016022993251681328,191,5.854435220485527e-08
5921,0.9948619604110718,0.005138039588928223,1.130684494972229,0.016393505036830902,192,5.56171345946125e-08
5922,0.9950461387634277,0.004953861236572266,1.126919150352478,0.01617351360619068,192,5.56171345946125e-08
5923,0.9949179887771606,0.0050820112228393555,1.1220331192016602,0.016251523047685623,192,5.56171345946125e-08
5924,0.9950133562088013,0.0049866437911987305,1.1296120882034302,0.016232898458838463,192,5.56171345946125e-08
5925,0.9949761629104614,0.005023837089538574,1.1181228160858154,0.016154825687408447,192,5.56171345946125e-08
5926,0.9948932528495789,0.005106747150421143,1.1282153129577637,0.016337832435965538,192,5.56171345946125e-08
5927,0.9949617385864258,0.005038261413574219,1.1301968097686768,0.01628984697163105,192,5.56171345946125e-08
5928,0.9949837923049927,0.005016207695007324,1.1224451065063477,0.01619049534201622,192,5.56171345946125e-08
5929,0.9950096011161804,0.00499039888381958,1.1308776140213013,0.016249271109700203,192,5.56171345946125e-08
5930,0.9951385855674744,0.004861414432525635,1.122032880783081,0.016033127903938293,192,5.56171345946125e-08
5931,0.9951326251029968,0.004867374897003174,1.1224632263183594,0.01604333333671093,192,5.56171345946125e-08
5932,0.9949217438697815,0.005078256130218506,1.1210304498672485,0.016237778589129448,192,5.56171345946125e-08
5933,0.9949435591697693,0.005056440830230713,1.121530294418335,0.01622118055820465,192,5.56171345946125e-08
5934,0.9950714111328125,0.0049285888671875,1.1199119091033936,0.016078421846032143,192,5.56171345946125e-08
5935,0.9948658347129822,0.005134165287017822,1.126539707183838,0.0163482204079628,192,5.56171345946125e-08
5936,0.9949905276298523,0.005009472370147705,1.1291203498840332,0.016250580549240112,192,5.56171345946125e-08
5937,0.9948602318763733,0.005139768123626709,1.1306949853897095,0.016395319253206253,192,5.56171345946125e-08
5938,0.9949211478233337,0.00507885217666626,1.1342097520828247,0.01637016050517559,192,5.56171345946125e-08
5939,0.994880199432373,0.005119800567626953,1.1183091402053833,0.016251694411039352,192,5.56171345946125e-08
5940,0.995148241519928,0.0048517584800720215,1.1319721937179565,0.016122963279485703,192,5.56171345946125e-08
5941,0.9948757290840149,0.005124270915985107,1.1292774677276611,0.01636580191552639,192,5.56171345946125e-08
5942,0.9949843883514404,0.00501561164855957,1.1315622329711914,0.01628107763826847,192,5.56171345946125e-08
5943,0.9949563145637512,0.005043685436248779,1.1316096782684326,0.0163093451410532,192,5.56171345946125e-08
5944,0.995079755783081,0.004920244216918945,1.1246920824050903,0.016117962077260017,192,5.56171345946125e-08
5945,0.994924008846283,0.005075991153717041,1.118666648864746,0.016211897134780884,192,5.56171345946125e-08
5946,0.9951252341270447,0.004874765872955322,1.1329118013381958,0.01615513674914837,192,5.56171345946125e-08
5947,0.9949213266372681,0.005078673362731934,1.1489033699035645,0.016516920179128647,192,5.56171345946125e-08
5948,0.9950364232063293,0.004963576793670654,1.1486525535583496,0.016400467604398727,192,5.56171345946125e-08
5949,0.9948793053627014,0.005120694637298584,1.1363766193389893,0.01643325388431549,192,5.56171345946125e-08
5950,0.9949088096618652,0.005091190338134766,1.1231120824813843,0.016271399334073067,192,5.56171345946125e-08
5951,0.994792103767395,0.0052078962326049805,1.14626145362854,0.016618430614471436,192,5.56171345946125e-08
5952,0.9950433969497681,0.004956603050231934,1.1168984174728394,0.016076020896434784,193,5.2836277864881873e-08
5953,0.9950650334358215,0.004934966564178467,1.1185303926467896,0.01607092097401619,193,5.2836277864881873e-08
5954,0.9948486685752869,0.005151331424713135,1.1354717016220093,0.016454534605145454,193,5.2836277864881873e-08
5955,0.994838535785675,0.005161464214324951,1.1372510194778442,0.016482360661029816,193,5.2836277864881873e-08
5956,0.9949144124984741,0.005085587501525879,1.1435706615447998,0.01647043786942959,193,5.2836277864881873e-08
5957,0.9949522018432617,0.005047798156738281,1.1193835735321045,0.016191154718399048,193,5.2836277864881873e-08
5958,0.9948770999908447,0.0051229000091552734,1.1298784017562866,0.01637045480310917,193,5.2836277864881873e-08
5959,0.9950495958328247,0.004950404167175293,1.124475359916687,0.016145654022693634,193,5.2836277864881873e-08
5960,0.9951485395431519,0.0048514604568481445,1.127723217010498,0.016080178320407867,193,5.2836277864881873e-08
5961,0.9949871897697449,0.005012810230255127,1.128038763999939,0.016243070363998413,193,5.2836277864881873e-08
5962,0.9949456453323364,0.005054354667663574,1.1317042112350464,0.01632085256278515,193,5.2836277864881873e-08
5963,0.9949042201042175,0.005095779895782471,1.1451371908187866,0.016496194526553154,193,5.2836277864881873e-08
5964,0.9949678182601929,0.005032181739807129,1.1268901824951172,0.016250761225819588,193,5.2836277864881873e-08
5965,0.9949459433555603,0.005054056644439697,1.1260521411895752,0.016264038160443306,193,5.2836277864881873e-08
5966,0.9949352741241455,0.005064725875854492,1.1286178827285767,0.016300257295370102,193,5.2836277864881873e-08
5967,0.9949093461036682,0.005090653896331787,1.1341809034347534,0.016381556168198586,193,5.2836277864881873e-08
5968,0.9950275421142578,0.0049724578857421875,1.1274704933166504,0.016197437420487404,193,5.2836277864881873e-08
5969,0.9948681592941284,0.005131840705871582,1.1273102760314941,0.016353625804185867,193,5.2836277864881873e-08
5970,0.9949954152107239,0.005004584789276123,1.1276769638061523,0.01623130775988102,193,5.2836277864881873e-08
5971,0.9949186444282532,0.005081355571746826,1.1227933168411255,0.016258474439382553,193,5.2836277864881873e-08
5972,0.9951027631759644,0.0048972368240356445,1.1194448471069336,0.016042713075876236,193,5.2836277864881873e-08
5973,0.9949982166290283,0.00500178337097168,1.1325643062591553,0.016277408227324486,193,5.2836277864881873e-08
5974,0.9948365688323975,0.005163431167602539,1.1228641271591187,0.016340438276529312,193,5.2836277864881873e-08
5975,0.9950650334358215,0.004934966564178467,1.1293447017669678,0.01617906428873539,193,5.2836277864881873e-08
5976,0.994958221912384,0.005041778087615967,1.1281301975250244,0.016272662207484245,193,5.2836277864881873e-08
5977,0.99515300989151,0.00484699010848999,1.1246979236602783,0.016045499593019485,193,5.2836277864881873e-08
5978,0.9948721528053284,0.005127847194671631,1.117056131362915,0.016247130930423737,193,5.2836277864881873e-08
5979,0.9949414730072021,0.0050585269927978516,1.1404573917388916,0.016412515193223953,193,5.2836277864881873e-08
5980,0.9951324462890625,0.0048675537109375,1.1287925243377686,0.016106802970170975,193,5.2836277864881873e-08
5981,0.9949209690093994,0.005079030990600586,1.1321998834609985,0.016350239515304565,193,5.2836277864881873e-08
5982,0.9950010180473328,0.004998981952667236,1.1330173015594482,0.01627916470170021,193,5.2836277864881873e-08
5983,0.9949692487716675,0.0050307512283325195,1.133072018623352,0.016311164945364,194,5.019446397163778e-08
5984,0.9951570630073547,0.004842936992645264,1.1207780838012695,0.016002288088202477,194,5.019446397163778e-08
5985,0.9949635863304138,0.005036413669586182,1.1410778760910034,0.01639682799577713,194,5.019446397163778e-08
5986,0.9949750304222107,0.005024969577789307,1.1408140659332275,0.016382860019803047,194,5.019446397163778e-08
5987,0.9949548840522766,0.005045115947723389,1.1215389966964722,0.016210054978728294,194,5.019446397163778e-08
5988,0.9949955344200134,0.005004465579986572,1.1189478635787964,0.01614389941096306,194,5.019446397163778e-08
5989,0.9949841499328613,0.005015850067138672,1.1262762546539307,0.016228454187512398,194,5.019446397163778e-08
5990,0.994916558265686,0.005083441734313965,1.1414350271224976,0.016446957364678383,194,5.019446397163778e-08
5991,0.995072603225708,0.004927396774291992,1.126740574836731,0.016145529225468636,194,5.019446397163778e-08
5992,0.9949555993080139,0.005044400691986084,1.1172724962234497,0.016166681423783302,194,5.019446397163778e-08
5993,0.9949369430541992,0.005063056945800781,1.1358058452606201,0.016370484605431557,194,5.019446397163778e-08
5994,0.9951454997062683,0.0048545002937316895,1.1209303140640259,0.01601525768637657,194,5.019446397163778e-08
5995,0.9948936700820923,0.005106329917907715,1.1240370273590088,0.01629563607275486,194,5.019446397163778e-08
5996,0.9950188398361206,0.0049811601638793945,1.1298203468322754,0.016229551285505295,194,5.019446397163778e-08
5997,0.994911789894104,0.005088210105895996,1.1438493728637695,0.016475822776556015,194,5.019446397163778e-08
5998,0.9950131177902222,0.004986882209777832,1.114436149597168,0.016081374138593674,194,5.019446397163778e-08
5999,0.9949460625648499,0.0050539374351501465,1.1300959587097168,0.01630435883998871,194,5.019446397163778e-08
6000,0.994873046875,0.005126953125,1.1120883226394653,0.016196567565202713,194,5.019446397163778e-08
6001,0.9949203729629517,0.00507962703704834,1.134945034980774,0.016378279775381088,194,5.019446397163778e-08
6002,0.9950178861618042,0.004982113838195801,1.1186184883117676,0.016118478029966354,194,5.019446397163778e-08
6003,0.9949530363082886,0.005046963691711426,1.1312006711959839,0.01630849950015545,194,5.019446397163778e-08
6004,0.9948815703392029,0.005118429660797119,1.1232154369354248,0.016299400478601456,194,5.019446397163778e-08
6005,0.9950111508369446,0.00498884916305542,1.1315909624099731,0.01625487022101879,194,5.019446397163778e-08
6006,0.9948998093605042,0.00510019063949585,1.1300917863845825,0.01635010540485382,194,5.019446397163778e-08
6007,0.9948853850364685,0.005114614963531494,1.1240415573120117,0.016303883865475655,194,5.019446397163778e-08
6008,0.9948694705963135,0.0051305294036865234,1.1241551637649536,0.01632077619433403,194,5.019446397163778e-08
6009,0.9949697852134705,0.005030214786529541,1.1270886659622192,0.016250798478722572,194,5.019446397163778e-08
6010,0.994901180267334,0.005098819732666016,1.1478365659713745,0.016526196151971817,194,5.019446397163778e-08
6011,0.9950752258300781,0.004924774169921875,1.1272549629211426,0.016148075461387634,194,5.019446397163778e-08
6012,0.9949699640274048,0.005030035972595215,1.1291242837905884,0.01627097837626934,194,5.019446397163778e-08
6013,0.9950507879257202,0.004949212074279785,1.1360324621200562,0.016260044649243355,194,5.019446397163778e-08
6014,0.9949837327003479,0.0050162672996521,1.123575210571289,0.01620185747742653,195,4.7684740773055885e-08
6015,0.9948822259902954,0.00511777400970459,1.1291155815124512,0.016357751563191414,195,4.7684740773055885e-08
6016,0.9949076771736145,0.005092322826385498,1.1146823167800903,0.01618822291493416,195,4.7684740773055885e-08
6017,0.9949613213539124,0.0050386786460876465,1.1243300437927246,0.016231592744588852,195,4.7684740773055885e-08
6018,0.9948880672454834,0.0051119327545166016,1.1110577583312988,0.016171392053365707,195,4.7684740773055885e-08
6019,0.9948934316635132,0.005106568336486816,1.1322853565216064,0.016378356143832207,195,4.7684740773055885e-08
6020,0.9949138760566711,0.005086123943328857,1.1384493112564087,0.016419755294919014,195,4.7684740773055885e-08
6021,0.9950405359268188,0.004959464073181152,1.1254198551177979,0.01616406813263893,195,4.7684740773055885e-08
6022,0.995060384273529,0.004939615726470947,1.1129200458526611,0.016019420698285103,195,4.7684740773055885e-08
6023,0.9948719143867493,0.005128085613250732,1.1312143802642822,0.016388949006795883,195,4.7684740773055885e-08
6024,0.9950494766235352,0.004950523376464844,1.1337039470672607,0.016238056123256683,195,4.7684740773055885e-08
6025,0.9948910474777222,0.005108952522277832,1.1221057176589966,0.016278918832540512,195,4.7684740773055885e-08
6026,0.9950196743011475,0.004980325698852539,1.1235766410827637,0.016166288405656815,195,4.7684740773055885e-08
6027,0.9950357675552368,0.004964232444763184,1.1301822662353516,0.01621641218662262,195,4.7684740773055885e-08
6028,0.995116651058197,0.0048833489418029785,1.1355234384536743,0.016189750283956528,195,4.7684740773055885e-08
6029,0.9951499700546265,0.004850029945373535,1.1259843111038208,0.01606137305498123,195,4.7684740773055885e-08
6030,0.9948983192443848,0.005101680755615234,1.1262494325637817,0.016313157975673676,195,4.7684740773055885e-08
6031,0.9949789047241211,0.005021095275878906,1.1290208101272583,0.016261091455817223,195,4.7684740773055885e-08
6032,0.9949039220809937,0.005096077919006348,1.1397333145141602,0.016442449763417244,195,4.7684740773055885e-08
6033,0.9949927926063538,0.00500720739364624,1.125643014907837,0.016213566064834595,195,4.7684740773055885e-08
6034,0.9947901964187622,0.005209803581237793,1.1380752325057983,0.016538456082344055,195,4.7684740773055885e-08
6035,0.9949429631233215,0.005057036876678467,1.1272436380386353,0.01627890206873417,195,4.7684740773055885e-08
6036,0.9950536489486694,0.004946351051330566,1.1281322240829468,0.016178209334611893,195,4.7684740773055885e-08
6037,0.9949644804000854,0.005035519599914551,1.1312649250030518,0.01629781350493431,195,4.7684740773055885e-08
6038,0.9949700832366943,0.005029916763305664,1.1323046684265137,0.01630266383290291,195,4.7684740773055885e-08
6039,0.9950934648513794,0.0049065351486206055,1.1402838230133057,0.016260307282209396,195,4.7684740773055885e-08
6040,0.9949989914894104,0.0050010085105896,1.1318457126617432,0.01626945659518242,195,4.7684740773055885e-08
6041,0.9950687289237976,0.004931271076202393,1.1321625709533691,0.016203584149479866,195,4.7684740773055885e-08
6042,0.9948993921279907,0.005100607872009277,1.1404342651367188,0.016453944146633148,195,4.7684740773055885e-08
6043,0.9949644804000854,0.005035519599914551,1.1259067058563232,0.016244230791926384,195,4.7684740773055885e-08
6044,0.9948928952217102,0.005107104778289795,1.118821144104004,0.01624424383044243,195,4.7684740773055885e-08
6045,0.9950163960456848,0.0049836039543151855,1.1227902173995972,0.016161669045686722,196,4.530050373440309e-08
6046,0.99494469165802,0.0050553083419799805,1.1434273719787598,0.016439028084278107,196,4.530050373440309e-08
6047,0.9948037266731262,0.005196273326873779,1.1320970058441162,0.016465280205011368,196,4.530050373440309e-08
6048,0.9949340224266052,0.005065977573394775,1.14145028591156,0.016429821029305458,196,4.530050373440309e-08
6049,0.9947742223739624,0.005225777626037598,1.121950387954712,0.01639302261173725,196,4.530050373440309e-08
6050,0.9949566721916199,0.005043327808380127,1.1315157413482666,0.016308050602674484,196,4.530050373440309e-08
6051,0.994805634021759,0.005194365978240967,1.1271207332611084,0.016413629055023193,196,4.530050373440309e-08
6052,0.9949389696121216,0.005061030387878418,1.1256074905395508,0.01626649498939514,196,4.530050373440309e-08
6053,0.9950770139694214,0.004922986030578613,1.1197450160980225,0.016071205958724022,196,4.530050373440309e-08
6054,0.9950706958770752,0.004929304122924805,1.1268415451049805,0.01614842563867569,196,4.530050373440309e-08
6055,0.9948788285255432,0.005121171474456787,1.129058599472046,0.01636054553091526,196,4.530050373440309e-08
6056,0.9950234889984131,0.004976511001586914,1.1231296062469482,0.01615804061293602,196,4.530050373440309e-08
6057,0.9950158596038818,0.004984140396118164,1.1245075464248657,0.01617937535047531,196,4.530050373440309e-08
6058,0.9950295686721802,0.004970431327819824,1.138342261314392,0.016304150223731995,196,4.530050373440309e-08
6059,0.9948568344116211,0.005143165588378906,1.1317449808120728,0.01640918292105198,196,4.530050373440309e-08
6060,0.9949607253074646,0.0050392746925354,1.1313380002975464,0.016302261501550674,196,4.530050373440309e-08
6061,0.9949024319648743,0.005097568035125732,1.1294445991516113,0.016341038048267365,196,4.530050373440309e-08
6062,0.9951528310775757,0.004847168922424316,1.1379599571228027,0.016178296878933907,196,4.530050373440309e-08
6063,0.9949102997779846,0.005089700222015381,1.1198387145996094,0.01623718999326229,196,4.530050373440309e-08
6064,0.9950863122940063,0.004913687705993652,1.1254308223724365,0.016118858009576797,196,4.530050373440309e-08
6065,0.9951386451721191,0.004861354827880859,1.1277421712875366,0.016090162098407745,196,4.530050373440309e-08
6066,0.9951730966567993,0.004826903343200684,1.132528305053711,0.016103917732834816,196,4.530050373440309e-08
6067,0.9950971007347107,0.004902899265289307,1.1373814344406128,0.016227684915065765,196,4.530050373440309e-08
6068,0.9949778914451599,0.005022108554840088,1.1388628482818604,0.016360515728592873,196,4.530050373440309e-08
6069,0.9949605464935303,0.0050394535064697266,1.1262565851211548,0.01625162549316883,196,4.530050373440309e-08
6070,0.994860053062439,0.005139946937561035,1.1171197891235352,0.01625974476337433,196,4.530050373440309e-08
6071,0.9949651956558228,0.005034804344177246,1.1237112283706665,0.01622156798839569,196,4.530050373440309e-08
6072,0.9948933720588684,0.005106627941131592,1.1175569295883179,0.016231130808591843,196,4.530050373440309e-08
6073,0.9949960112571716,0.005003988742828369,1.1258223056793213,0.01621217280626297,196,4.530050373440309e-08
6074,0.9949644804000854,0.005035519599914551,1.1298892498016357,0.01628405600786209,196,4.530050373440309e-08
6075,0.9949161410331726,0.005083858966827393,1.1220602989196777,0.016253622248768806,196,4.530050373440309e-08
6076,0.9948258996009827,0.005174100399017334,1.1212806701660156,0.01633516512811184,197,4.3035478547682935e-08
6077,0.995010495185852,0.004989504814147949,1.1251095533370972,0.016190705820918083,197,4.3035478547682935e-08
6078,0.9950826168060303,0.0049173831939697266,1.129392147064209,0.01616213098168373,197,4.3035478547682935e-08
6079,0.99509197473526,0.00490802526473999,1.1300365924835205,0.016159310936927795,197,4.3035478547682935e-08
6080,0.995032012462616,0.004967987537384033,1.1176685094833374,0.0160949919372797,197,4.3035478547682935e-08
6081,0.9948816895484924,0.005118310451507568,1.1404939889907837,0.016472067683935165,197,4.3035478547682935e-08
6082,0.9949355721473694,0.005064427852630615,1.124936580657959,0.016263149678707123,197,4.3035478547682935e-08
6083,0.9951115846633911,0.004888415336608887,1.1262506246566772,0.016102038323879242,197,4.3035478547682935e-08
6084,0.9949496984481812,0.005050301551818848,1.1389542818069458,0.01638934016227722,197,4.3035478547682935e-08
6085,0.9947475790977478,0.005252420902252197,1.1315243244171143,0.016515139490365982,197,4.3035478547682935e-08
6086,0.9950666427612305,0.004933357238769531,1.1322202682495117,0.016206225380301476,197,4.3035478547682935e-08
6087,0.994888424873352,0.005111575126647949,1.1373355388641357,0.01643381454050541,197,4.3035478547682935e-08
6088,0.994958758354187,0.005041241645812988,1.1173286437988281,0.01616411656141281,197,4.3035478547682935e-08
6089,0.9950944185256958,0.004905581474304199,1.1376374959945679,0.016232900321483612,197,4.3035478547682935e-08
6090,0.9949604868888855,0.005039513111114502,1.115455985069275,0.0161436777561903,197,4.3035478547682935e-08
6091,0.9949721097946167,0.005027890205383301,1.1303534507751465,0.016281144693493843,197,4.3035478547682935e-08
6092,0.9949260354042053,0.005073964595794678,1.1341408491134644,0.016364634037017822,197,4.3035478547682935e-08
6093,0.9949750304222107,0.005024969577789307,1.126749038696289,0.01624220982193947,197,4.3035478547682935e-08
6094,0.9951350092887878,0.004864990711212158,1.1315399408340454,0.01613174006342888,197,4.3035478547682935e-08
6095,0.995086669921875,0.004913330078125,1.135419249534607,0.016218388453125954,197,4.3035478547682935e-08
6096,0.995050847530365,0.00494915246963501,1.1355173587799072,0.016254834830760956,197,4.3035478547682935e-08
6097,0.9948717951774597,0.005128204822540283,1.1268876791000366,0.0163457989692688,197,4.3035478547682935e-08
6098,0.9950041174888611,0.004995882511138916,1.121074914932251,0.016156673431396484,197,4.3035478547682935e-08
6099,0.9949537515640259,0.005046248435974121,1.1354478597640991,0.016350263729691505,197,4.3035478547682935e-08
6100,0.994840145111084,0.005159854888916016,1.128309965133667,0.01639135554432869,197,4.3035478547682935e-08
6101,0.994960606098175,0.005039393901824951,1.1285136938095093,0.016274135559797287,197,4.3035478547682935e-08
6102,0.9949367046356201,0.005063295364379883,1.1156163215637207,0.016168825328350067,197,4.3035478547682935e-08
6103,0.9949024319648743,0.005097568035125732,1.1434544324874878,0.01648113690316677,197,4.3035478547682935e-08
6104,0.9948924779891968,0.005107522010803223,1.1187725067138672,0.01624417118728161,197,4.3035478547682935e-08
6105,0.9948742389678955,0.005125761032104492,1.1162216663360596,0.016236720606684685,197,4.3035478547682935e-08
6106,0.995110809803009,0.004889190196990967,1.1310925483703613,0.016151223331689835,197,4.3035478547682935e-08
6107,0.9949445724487305,0.005055427551269531,1.1409826278686523,0.016414698213338852,198,4.0883704620298786e-08
6108,0.9949434399604797,0.005056560039520264,1.1307594776153564,0.016313588246703148,198,4.0883704620298786e-08
6109,0.9948952794075012,0.005104720592498779,1.1189014911651611,0.01624268852174282,198,4.0883704620298786e-08
6110,0.9949166178703308,0.0050833821296691895,1.1239608526229858,0.016272155568003654,198,4.0883704620298786e-08
6111,0.99504554271698,0.0049544572830200195,1.1298893690109253,0.016203805804252625,198,4.0883704620298786e-08
6112,0.9950778484344482,0.004922151565551758,1.1343647241592407,0.016216576099395752,198,4.0883704620298786e-08
6113,0.9949493408203125,0.0050506591796875,1.1333450078964233,0.016333602368831635,198,4.0883704620298786e-08
6114,0.9949101805686951,0.005089819431304932,1.1193770170211792,0.016232691705226898,198,4.0883704620298786e-08
6115,0.9949392676353455,0.005060732364654541,1.1269690990447998,0.01627981662750244,198,4.0883704620298786e-08
6116,0.994807243347168,0.005192756652832031,1.127349853515625,0.016414327546954155,198,4.0883704620298786e-08
6117,0.9949066042900085,0.005093395709991455,1.1309349536895752,0.016351811587810516,198,4.0883704620298786e-08
6118,0.9949942231178284,0.005005776882171631,1.1254360675811768,0.016210079193115234,198,4.0883704620298786e-08
6119,0.9948912262916565,0.005108773708343506,1.1204922199249268,0.016262607648968697,198,4.0883704620298786e-08
6120,0.9949243664741516,0.005075633525848389,1.128568172454834,0.01631055772304535,198,4.0883704620298786e-08
6121,0.9949336647987366,0.005066335201263428,1.1115671396255493,0.016131343320012093,198,4.0883704620298786e-08
6122,0.9949950575828552,0.005004942417144775,1.1332416534423828,0.01628730818629265,198,4.0883704620298786e-08
6123,0.9950183033943176,0.004981696605682373,1.1236070394515991,0.01616794988512993,198,4.0883704620298786e-08
6124,0.9951216578483582,0.004878342151641846,1.1272677183151245,0.01610223576426506,198,4.0883704620298786e-08
6125,0.9947820901870728,0.005217909812927246,1.1369224786758423,0.0165349543094635,198,4.0883704620298786e-08
6126,0.9949892163276672,0.005010783672332764,1.1234886646270752,0.01619556173682213,198,4.0883704620298786e-08
6127,0.995053768157959,0.004946231842041016,1.1204636096954346,0.016101405024528503,198,4.0883704620298786e-08
6128,0.99485182762146,0.005148172378540039,1.1320714950561523,0.016417406499385834,198,4.0883704620298786e-08
6129,0.9949700832366943,0.005029916763305664,1.1465530395507812,0.01644514687359333,198,4.0883704620298786e-08
6130,0.9951242208480835,0.004875779151916504,1.1263113021850586,0.016090134158730507,198,4.0883704620298786e-08
6131,0.9951151013374329,0.004884898662567139,1.1216729879379272,0.01605277881026268,198,4.0883704620298786e-08
6132,0.9949328899383545,0.005067110061645508,1.1287482976913452,0.01630392111837864,198,4.0883704620298786e-08
6133,0.9949770569801331,0.005022943019866943,1.1292059421539307,0.016264772042632103,198,4.0883704620298786e-08
6134,0.9949301481246948,0.005069851875305176,1.1355406045913696,0.016374558210372925,198,4.0883704620298786e-08
6135,0.9949238300323486,0.005076169967651367,1.1332565546035767,0.016357973217964172,198,4.0883704620298786e-08
6136,0.9952723383903503,0.004727661609649658,1.128563404083252,0.01596601866185665,198,4.0883704620298786e-08
6137,0.9949267506599426,0.005073249340057373,1.1357961893081665,0.01638047769665718,198,4.0883704620298786e-08
6138,0.9949431419372559,0.005056858062744141,1.1249945163726807,0.016256233677268028,199,3.883951938928385e-08
6139,0.9949262142181396,0.0050737857818603516,1.146436095237732,0.01648740842938423,199,3.883951938928385e-08
6140,0.9950439929962158,0.00495600700378418,1.1270806789398193,0.016177253797650337,199,3.883951938928385e-08
6141,0.9949148893356323,0.005085110664367676,1.1443634033203125,0.01647789403796196,199,3.883951938928385e-08
6142,0.9950577020645142,0.00494229793548584,1.1335315704345703,0.016228189691901207,199,3.883951938928385e-08
6143,0.99521404504776,0.00478595495223999,1.1194173097610474,0.015932269394397736,199,3.883951938928385e-08
6144,0.9950461983680725,0.00495380163192749,1.123745083808899,0.01614171452820301,199,3.883951938928385e-08
6145,0.9948912262916565,0.005108773708343506,1.1365301609039307,0.01642298698425293,199,3.883951938928385e-08
6146,0.9949154257774353,0.005084574222564697,1.1324511766433716,0.01635824143886566,199,3.883951938928385e-08
6147,0.9948746562004089,0.0051253437995910645,1.121995449066162,0.016294043511152267,199,3.883951938928385e-08
6148,0.99496990442276,0.00503009557723999,1.1179640293121338,0.016159433871507645,199,3.883951938928385e-08
6149,0.9951480031013489,0.004851996898651123,1.1281545162200928,0.016085021197795868,199,3.883951938928385e-08
6150,0.995034396648407,0.004965603351593018,1.1286581754684448,0.0162025298923254,199,3.883951938928385e-08
6151,0.9948790073394775,0.005120992660522461,1.1240592002868652,0.016310375183820724,199,3.883951938928385e-08
6152,0.9949265718460083,0.005073428153991699,1.129468560218811,0.016317378729581833,199,3.883951938928385e-08
6153,0.9950072765350342,0.00499272346496582,1.1237468719482422,0.016180265694856644,199,3.883951938928385e-08
6154,0.9947882294654846,0.005211770534515381,1.1400489807128906,0.016560140997171402,199,3.883951938928385e-08
6155,0.9948431253433228,0.005156874656677246,1.128224492073059,0.01638755016028881,199,3.883951938928385e-08
6156,0.9950888156890869,0.004911184310913086,1.1269395351409912,0.01613146811723709,199,3.883951938928385e-08
6157,0.9949960112571716,0.005003988742828369,1.116944670677185,0.016123395413160324,199,3.883951938928385e-08
6158,0.994848906993866,0.005151093006134033,1.129642367362976,0.01639600470662117,199,3.883951938928385e-08
6159,0.9951141476631165,0.004885852336883545,1.1373735666275024,0.016210729256272316,199,3.883951938928385e-08
6160,0.9951298236846924,0.004870176315307617,1.1382495164871216,0.016203969717025757,199,3.883951938928385e-08
6161,0.9949014186859131,0.005098581314086914,1.1359697580337524,0.01640729233622551,199,3.883951938928385e-08
6162,0.9949870705604553,0.005012929439544678,1.1171724796295166,0.01613452471792698,199,3.883951938928385e-08
6163,0.9949957132339478,0.005004286766052246,1.1218568086624146,0.01617281138896942,199,3.883951938928385e-08
6164,0.9949270486831665,0.005072951316833496,1.126279354095459,0.016285015270113945,199,3.883951938928385e-08
6165,0.9949290752410889,0.005070924758911133,1.125673532485962,0.016276950016617775,199,3.883951938928385e-08
6166,0.9949416518211365,0.005058348178863525,1.1208269596099854,0.016216034069657326,199,3.883951938928385e-08
6167,0.9948786497116089,0.005121350288391113,1.1278934478759766,0.01634906977415085,199,3.883951938928385e-08
6168,0.9949385523796082,0.005061447620391846,1.1301140785217285,0.016311973333358765,199,3.883951938928385e-08
6169,0.9949752688407898,0.005024731159210205,1.139758586883545,0.016372069716453552,200,3.689754341981965e-08
6170,0.9950242042541504,0.004975795745849609,1.1254435777664185,0.016180474311113358,200,3.689754341981965e-08
6171,0.9950766563415527,0.004923343658447266,1.1255443096160889,0.01612955331802368,200,3.689754341981965e-08
6172,0.9949156641960144,0.005084335803985596,1.127771019935608,0.016311202198266983,200,3.689754341981965e-08
6173,0.994865357875824,0.005134642124176025,1.1336002349853516,0.016419298946857452,200,3.689754341981965e-08
6174,0.9949026107788086,0.005097389221191406,1.1360530853271484,0.016406945884227753,200,3.689754341981965e-08
6175,0.9949459433555603,0.005054056644439697,1.1299102306365967,0.016302617266774178,200,3.689754341981965e-08
6176,0.9950820803642273,0.004917919635772705,1.1339339017868042,0.01620807871222496,200,3.689754341981965e-08
6177,0.9949228167533875,0.005077183246612549,1.1285916566848755,0.01631232723593712,200,3.689754341981965e-08
6178,0.9947677254676819,0.005232274532318115,1.131101369857788,0.016490966081619263,200,3.689754341981965e-08
6179,0.9950445294380188,0.004955470561981201,1.1312732696533203,0.016218647360801697,200,3.689754341981965e-08
6180,0.9949696063995361,0.005030393600463867,1.1377665996551514,0.016357755288481712,200,3.689754341981965e-08
6181,0.995004415512085,0.004995584487915039,1.112153172492981,0.016067160293459892,200,3.689754341981965e-08
6182,0.9949817061424255,0.005018293857574463,1.1364717483520508,0.016332827508449554,200,3.689754341981965e-08
6183,0.9948951005935669,0.0051048994064331055,1.1264933347702026,0.016318783164024353,200,3.689754341981965e-08
6184,0.9949506521224976,0.005049347877502441,1.1273859739303589,0.016272712498903275,200,3.689754341981965e-08
6185,0.9949356913566589,0.0050643086433410645,1.1335914134979248,0.016349580138921738,200,3.689754341981965e-08
6186,0.9949487447738647,0.005051255226135254,1.120776653289795,0.016208508983254433,200,3.689754341981965e-08
6187,0.9950159788131714,0.004984021186828613,1.13765287399292,0.016310708597302437,200,3.689754341981965e-08
6188,0.9950733780860901,0.004926621913909912,1.1164162158966064,0.01604151725769043,200,3.689754341981965e-08
6189,0.995003879070282,0.004996120929718018,1.1191242933273315,0.01613740250468254,200,3.689754341981965e-08
6190,0.9949455261230469,0.005054473876953125,1.1094778776168823,0.016098707914352417,200,3.689754341981965e-08
6191,0.9950035214424133,0.00499647855758667,1.1403371095657349,0.01634988561272621,200,3.689754341981965e-08
6192,0.9949235916137695,0.005076408386230469,1.142274260520935,0.016448386013507843,200,3.689754341981965e-08
6193,0.9950283765792847,0.004971623420715332,1.1267961263656616,0.01618986763060093,200,3.689754341981965e-08
6194,0.994950532913208,0.005049467086791992,1.1217759847640991,0.016216732561588287,200,3.689754341981965e-08
6195,0.9949932098388672,0.0050067901611328125,1.1122180223464966,0.016078902408480644,200,3.689754341981965e-08
6196,0.9948676824569702,0.005132317543029785,1.125504732131958,0.016336042433977127,200,3.689754341981965e-08
6197,0.9949589967727661,0.005041003227233887,1.1404908895492554,0.016395501792430878,200,3.689754341981965e-08
6198,0.9951072335243225,0.00489276647567749,1.1211252212524414,0.016055090352892876,200,3.689754341981965e-08
6199,0.9949859380722046,0.00501406192779541,1.1344518661499023,0.016308439895510674,200,3.689754341981965e-08
