Step,dice,loss,fp,fn,tn,tp,fp_rate,fn_rate,fp_ratio,gv_ratio,epoch
0,0.921654462814331,0.07834553718566895,85443.0,5559.0,16586012.0,100202.0,0.005125107709318399,0.05256190896034241,0.22747735679149628,0.49424803256988525,1
1,0.9274841547012329,0.07251584529876709,122676.0,4631.0,16517758.0,132151.0,0.007372163701802492,0.033856794238090515,0.23814940452575684,0.49469253420829773,1
2,0.9188567996025085,0.08114320039749146,95078.0,2288.0,16595705.0,84145.0,0.005696437321603298,0.026471370831131935,0.2459961324930191,0.46370524168014526,1
3,0.9269326329231262,0.07306736707687378,104546.0,5239.0,16545195.0,122236.0,0.006279136519879103,0.041098255664110184,0.2357485592365265,0.5113876461982727,1
4,0.9213977456092834,0.07860225439071655,84467.0,5571.0,16588187.0,98991.0,0.0050662001594901085,0.053279392421245575,0.22624382376670837,0.4913899898529053,1
5,0.9265854358673096,0.07341456413269043,131804.0,3789.0,16512902.0,128721.0,0.007918673567473888,0.028594069182872772,0.2480194866657257,0.49023759365081787,1
6,0.9234871864318848,0.07651281356811523,138106.0,5514.0,16497508.0,136088.0,0.008301828056573868,0.038940127938985825,0.2639852464199066,0.5241131782531738,1
7,0.9289323687553406,0.07106763124465942,123204.0,2739.0,16529543.0,121730.0,0.007398419082164764,0.022005479782819748,0.24504700303077698,0.4871622920036316,1
