Step,dice,loss_SparseWeightedDiceLoss,loss_NoGuessLoss,loss,epoch,lr
0,0.7953687310218811,0.2046312689781189,1.3290023803710938,0.21587496995925903,1,0.001
1,0.8140599131584167,0.18594008684158325,1.3325551748275757,0.19740624725818634,1,0.001
2,0.849252462387085,0.15074753761291504,1.3328723907470703,0.16256877779960632,1,0.001
3,0.8791869878768921,0.12081301212310791,1.3147125244140625,0.13275201618671417,1,0.001
4,0.9146434664726257,0.08535653352737427,1.3240951299667358,0.097743920981884,1,0.001
5,0.9334896802902222,0.06651031970977783,1.3140320777893066,0.0789855346083641,1,0.001
6,0.9564764499664307,0.043523550033569336,1.321314811706543,0.056301459670066833,1,0.001
7,0.9578734636306763,0.04212653636932373,1.3018839359283447,0.054724112153053284,1,0.001
8,0.9725223779678345,0.027477622032165527,1.3020298480987549,0.0402231439948082,1,0.001
9,0.9708899855613708,0.02911001443862915,1.3108294010162354,0.04192720726132393,1,0.001
10,0.9762586951255798,0.023741304874420166,1.3377985954284668,0.03688187897205353,1,0.001
11,0.9812281727790833,0.018771827220916748,1.3508347272872925,0.03209245577454567,1,0.001
12,0.9837052822113037,0.01629471778869629,1.3219987154006958,0.02935175597667694,1,0.001
13,0.9854773879051208,0.01452261209487915,1.3180078268051147,0.027557464316487312,1,0.001
14,0.9779044389724731,0.022095561027526855,1.2889978885650635,0.03476458415389061,1,0.001
15,0.9853724837303162,0.014627516269683838,1.3273981809616089,0.027755223214626312,1,0.001
16,0.9865106344223022,0.013489365577697754,1.343784213066101,0.026792313903570175,1,0.001
17,0.9891196489334106,0.010880351066589355,1.3470103740692139,0.024241650477051735,1,0.001
18,0.9879773259162903,0.012022674083709717,1.3350290060043335,0.02525273710489273,1,0.001
19,0.9890456795692444,0.010954320430755615,1.376619815826416,0.0246109738945961,1,0.001
20,0.9888128042221069,0.011187195777893066,1.3489729166030884,0.02456505224108696,1,0.001
21,0.9869596362113953,0.013040363788604736,1.3535107374191284,0.026445068418979645,1,0.001
22,0.9893872141838074,0.010612785816192627,1.3614296913146973,0.024120954796671867,1,0.001
23,0.9878764748573303,0.012123525142669678,1.3698866367340088,0.02570115588605404,1,0.001
24,0.9899612665176392,0.01003873348236084,1.3803932666778564,0.023742279037833214,1,0.001
25,0.9892449378967285,0.010755062103271484,1.3551183938980103,0.02419869601726532,1,0.001
26,0.9889050126075745,0.011094987392425537,1.3462333679199219,0.02444637194275856,1,0.001
27,0.9892016649246216,0.010798335075378418,1.3682936429977417,0.024373289197683334,1,0.001
28,0.9890901446342468,0.010909855365753174,1.3475983142852783,0.024276738986372948,1,0.001
29,0.9903504252433777,0.009649574756622314,1.3736698627471924,0.02328977733850479,1,0.001
30,0.9881510138511658,0.011848986148834229,1.3411281108856201,0.025141777470707893,1,0.001
31,0.9898457527160645,0.010154247283935547,1.36642324924469,0.023716937750577927,2,0.00095
32,0.9903198480606079,0.00968015193939209,1.3360106945037842,0.02294345572590828,2,0.00095
33,0.9905067682266235,0.009493231773376465,1.3605588674545288,0.02300388738512993,2,0.00095
34,0.990510880947113,0.009489119052886963,1.3608179092407227,0.02300240658223629,2,0.00095
35,0.9903848767280579,0.009615123271942139,1.3664610385894775,0.023183580487966537,2,0.00095
36,0.9910226464271545,0.008977353572845459,1.3477840423583984,0.022365421056747437,2,0.00095
37,0.9901646971702576,0.009835302829742432,1.360904574394226,0.02334599569439888,2,0.00095
38,0.9909483790397644,0.009051620960235596,1.3636268377304077,0.02259737253189087,2,0.00095
39,0.9906439185142517,0.009356081485748291,1.3686370849609375,0.022948890924453735,2,0.00095
40,0.9903802275657654,0.00961977243423462,1.34163498878479,0.022939924150705338,2,0.00095
41,0.9907357692718506,0.009264230728149414,1.3608547449111938,0.02278013527393341,2,0.00095
42,0.9883379340171814,0.011662065982818604,1.3468443155288696,0.025013888254761696,2,0.00095
43,0.9903886318206787,0.009611368179321289,1.323804259300232,0.02275329828262329,2,0.00095
44,0.9889302849769592,0.011069715023040771,1.3459181785583496,0.024418199434876442,2,0.00095
45,0.9902111887931824,0.009788811206817627,1.3498727083206177,0.02318965084850788,2,0.00095
46,0.990389347076416,0.009610652923583984,1.3288456201553345,0.02280300110578537,2,0.00095
47,0.9910709261894226,0.008929073810577393,1.351083517074585,0.02235061675310135,2,0.00095
48,0.9908658266067505,0.009134173393249512,1.357452154159546,0.02261735312640667,2,0.00095
49,0.9904189705848694,0.009581029415130615,1.35155189037323,0.02300073951482773,2,0.00095
50,0.9906041622161865,0.009395837783813477,1.360497236251831,0.022906851023435593,2,0.00095
51,0.990278422832489,0.009721577167510986,1.3664097785949707,0.023288458585739136,2,0.00095
52,0.9891420602798462,0.010857939720153809,1.3608843088150024,0.024358203634619713,2,0.00095
53,0.9888908863067627,0.011109113693237305,1.3496125936508179,0.024494148790836334,2,0.00095
54,0.9907150268554688,0.00928497314453125,1.3408098220825195,0.022600222378969193,2,0.00095
55,0.9911746382713318,0.008825361728668213,1.338178277015686,0.022118890658020973,2,0.00095
56,0.9910635352134705,0.008936464786529541,1.3616844415664673,0.02246394380927086,2,0.00095
57,0.9908540844917297,0.009145915508270264,1.3395317792892456,0.02244977466762066,2,0.00095
58,0.9909808039665222,0.009019196033477783,1.3394376039505005,0.022323379293084145,2,0.00095
59,0.9905686378479004,0.00943136215209961,1.3500200510025024,0.02283724956214428,2,0.00095
60,0.9904635548591614,0.009536445140838623,1.3511977195739746,0.022953057661652565,2,0.00095
61,0.989999532699585,0.010000467300415039,1.3273975849151611,0.023174438625574112,2,0.00095
62,0.9912930130958557,0.008706986904144287,1.3335645198822021,0.021955562755465508,3,0.0009025
63,0.9908372163772583,0.0091627836227417,1.3444589376449585,0.02251574397087097,3,0.0009025
64,0.9911162853240967,0.00888371467590332,1.343193769454956,0.022226814180612564,3,0.0009025
65,0.9908807873725891,0.009119212627410889,1.3338797092437744,0.02236681804060936,3,0.0009025
66,0.9909015893936157,0.009098410606384277,1.3222970962524414,0.022230397909879684,3,0.0009025
67,0.9914557933807373,0.008544206619262695,1.3389018774032593,0.021847782656550407,3,0.0009025
68,0.9909043312072754,0.00909566879272461,1.3478690385818481,0.022483401000499725,3,0.0009025
69,0.9907801747322083,0.009219825267791748,1.3294345140457153,0.02242197096347809,3,0.0009025
70,0.991465151309967,0.008534848690032959,1.334050178527832,0.021790001541376114,3,0.0009025
71,0.9909133315086365,0.009086668491363525,1.3419462442398071,0.022415265440940857,3,0.0009025
72,0.9912678003311157,0.008732199668884277,1.3225934505462646,0.0218708124011755,3,0.0009025
73,0.9913301467895508,0.008669853210449219,1.3559805154800415,0.022142959758639336,3,0.0009025
74,0.9905288219451904,0.00947117805480957,1.3220702409744263,0.022597167640924454,3,0.0009025
75,0.9909846782684326,0.009015321731567383,1.3361990451812744,0.02228716015815735,3,0.0009025
76,0.99075847864151,0.00924152135848999,1.3541861772537231,0.022690966725349426,3,0.0009025
77,0.9910065531730652,0.008993446826934814,1.3344210386276245,0.02224772237241268,3,0.0009025
78,0.9911215305328369,0.008878469467163086,1.3363991975784302,0.02215367555618286,3,0.0009025
79,0.9910349249839783,0.008965075016021729,1.347181797027588,0.022347241640090942,3,0.0009025
80,0.9915521144866943,0.008447885513305664,1.3255535364151,0.02161894179880619,3,0.0009025
81,0.9912872910499573,0.008712708950042725,1.3339612483978271,0.02196519449353218,3,0.0009025
82,0.9913894534111023,0.008610546588897705,1.338986873626709,0.02191431075334549,3,0.0009025
83,0.9905316829681396,0.009468317031860352,1.3515478372573853,0.022889111191034317,3,0.0009025
84,0.990938663482666,0.009061336517333984,1.3205056190490723,0.022175779566168785,3,0.0009025
85,0.9914759993553162,0.008524000644683838,1.3377254009246826,0.021816015243530273,3,0.0009025
86,0.9908667206764221,0.00913327932357788,1.3097718954086304,0.022139664739370346,3,0.0009025
87,0.9911389946937561,0.008861005306243896,1.3432096242904663,0.02220449224114418,3,0.0009025
88,0.9907329082489014,0.009267091751098633,1.330859661102295,0.022483017295598984,3,0.0009025
89,0.991104781627655,0.00889521837234497,1.3377389907836914,0.022183656692504883,3,0.0009025
90,0.9902101755142212,0.009789824485778809,1.3347710371017456,0.02303963713347912,3,0.0009025
91,0.9914141893386841,0.008585810661315918,1.3424749374389648,0.02192470245063305,3,0.0009025
92,0.991023600101471,0.008976399898529053,1.3371120691299438,0.02225775644183159,3,0.0009025
93,0.9915497303009033,0.00845026969909668,1.3530076742172241,0.021895844489336014,4,0.000857375
94,0.9910998344421387,0.008900165557861328,1.3297994136810303,0.02210915833711624,4,0.000857375
95,0.9911055564880371,0.00889444351196289,1.3340373039245605,0.022145871073007584,4,0.000857375
96,0.9913695454597473,0.008630454540252686,1.3259257078170776,0.02180340699851513,4,0.000857375
97,0.9915214776992798,0.008478522300720215,1.3433632850646973,0.021827369928359985,4,0.000857375
98,0.9915095567703247,0.008490443229675293,1.3249374628067017,0.02165491320192814,4,0.000857375
99,0.9910842776298523,0.008915722370147705,1.3111766576766968,0.021938331425189972,4,0.000857375
100,0.9913310408592224,0.008668959140777588,1.3259848356246948,0.021842118352651596,4,0.000857375
101,0.991348385810852,0.00865161418914795,1.3472177982330322,0.02203727513551712,4,0.000857375
102,0.9915134310722351,0.008486568927764893,1.3123632669448853,0.02152533456683159,4,0.000857375
103,0.9913033843040466,0.00869661569595337,1.3337149620056152,0.021946799010038376,4,0.000857375
104,0.99102383852005,0.008976161479949951,1.328946828842163,0.0221758671104908,4,0.000857375
105,0.9913027882575989,0.008697211742401123,1.3399289846420288,0.022009529173374176,4,0.000857375
106,0.9914877414703369,0.008512258529663086,1.3407150506973267,0.02183428592979908,4,0.000857375
107,0.9917165637016296,0.008283436298370361,1.3240222930908203,0.02144082449376583,4,0.000857375
108,0.9914822578430176,0.008517742156982422,1.3395555019378662,0.021828118711709976,4,0.000857375
109,0.9916443228721619,0.008355677127838135,1.3324543237686157,0.02159666270017624,4,0.000857375
110,0.9913588166236877,0.008641183376312256,1.3364651203155518,0.02191942185163498,4,0.000857375
111,0.9913635849952698,0.008636415004730225,1.3190964460372925,0.02174101397395134,4,0.000857375
112,0.9916256070137024,0.008374392986297607,1.3144903182983398,0.021435551345348358,4,0.000857375
113,0.9914442896842957,0.008555710315704346,1.3282042741775513,0.021752195432782173,4,0.000857375
114,0.9917269945144653,0.008273005485534668,1.3286559581756592,0.021476835012435913,4,0.000857375
115,0.9916125535964966,0.008387446403503418,1.3245147466659546,0.021548718214035034,4,0.000857375
116,0.9907442331314087,0.009255766868591309,1.30845046043396,0.022247713059186935,4,0.000857375
117,0.9914546012878418,0.008545398712158203,1.3211407661437988,0.02167135290801525,4,0.000857375
118,0.9909899234771729,0.009010076522827148,1.339100956916809,0.022310985252261162,4,0.000857375
119,0.991783618927002,0.008216381072998047,1.3259496688842773,0.021393712610006332,4,0.000857375
120,0.9917961359024048,0.008203864097595215,1.3276952505111694,0.02139877900481224,4,0.000857375
121,0.9914233088493347,0.008576691150665283,1.3273861408233643,0.021764785051345825,4,0.000857375
122,0.991448163986206,0.008551836013793945,1.3222639560699463,0.021688956767320633,4,0.000857375
123,0.991898238658905,0.00810176134109497,1.3146591186523438,0.0211673341691494,4,0.000857375
124,0.9916480779647827,0.008351922035217285,1.3311090469360352,0.021579492837190628,5,0.0008145062499999999
125,0.9914012551307678,0.008598744869232178,1.3350462913513184,0.021863220259547234,5,0.0008145062499999999
126,0.9911583065986633,0.00884169340133667,1.3424464464187622,0.022177740931510925,5,0.0008145062499999999
127,0.9915489554405212,0.00845104455947876,1.3183608055114746,0.021550141274929047,5,0.0008145062499999999
128,0.9920528531074524,0.007947146892547607,1.315718650817871,0.021024860441684723,5,0.0008145062499999999
129,0.9921053647994995,0.007894635200500488,1.3106318712234497,0.02092200703918934,5,0.0008145062499999999
130,0.9916298389434814,0.008370161056518555,1.3115633726119995,0.021402092650532722,5,0.0008145062499999999
131,0.9914588928222656,0.008541107177734375,1.3301074504852295,0.021756771951913834,5,0.0008145062499999999
132,0.9919707179069519,0.008029282093048096,1.3232223987579346,0.02118121273815632,5,0.0008145062499999999
133,0.9911969304084778,0.008803069591522217,1.3351466655731201,0.022066505625844002,5,0.0008145062499999999
134,0.9912973046302795,0.008702695369720459,1.3103461265563965,0.021719129756093025,5,0.0008145062499999999
135,0.9917340874671936,0.008265912532806396,1.3252776861190796,0.02143603004515171,5,0.0008145062499999999
136,0.9920226335525513,0.00797736644744873,1.3254483938217163,0.0211520753800869,5,0.0008145062499999999
137,0.991611897945404,0.008388102054595947,1.304807186126709,0.021352292969822884,5,0.0008145062499999999
138,0.9918177127838135,0.008182287216186523,1.322534203529358,0.02132580615580082,5,0.0008145062499999999
139,0.9913380742073059,0.008661925792694092,1.3323184251785278,0.021898489445447922,5,0.0008145062499999999
140,0.9917199015617371,0.00828009843826294,1.332231879234314,0.02151961624622345,5,0.0008145062499999999
141,0.9918674230575562,0.008132576942443848,1.331199288368225,0.021363243460655212,5,0.0008145062499999999
142,0.9914161562919617,0.00858384370803833,1.3271673917770386,0.021769680082798004,5,0.0008145062499999999
143,0.9919344186782837,0.008065581321716309,1.3350329399108887,0.021335255354642868,5,0.0008145062499999999
144,0.9915816187858582,0.008418381214141846,1.3217885494232178,0.021552082151174545,5,0.0008145062499999999
145,0.9917240738868713,0.008275926113128662,1.306994080543518,0.021263107657432556,5,0.0008145062499999999
146,0.9914025664329529,0.00859743356704712,1.3194239139556885,0.02170569822192192,5,0.0008145062499999999
147,0.9914436340332031,0.008556365966796875,1.3313833475112915,0.02178463712334633,5,0.0008145062499999999
148,0.9921953082084656,0.007804691791534424,1.3126482963562012,0.020853128284215927,5,0.0008145062499999999
149,0.9918118715286255,0.008188128471374512,1.31584894657135,0.021264735609292984,5,0.0008145062499999999
150,0.9914422631263733,0.008557736873626709,1.3187282085418701,0.02165944129228592,5,0.0008145062499999999
151,0.9915906190872192,0.008409380912780762,1.3250740766525269,0.02157602831721306,5,0.0008145062499999999
152,0.991716206073761,0.008283793926239014,1.3195995092391968,0.021396951749920845,5,0.0008145062499999999
153,0.9914718270301819,0.008528172969818115,1.3184757232666016,0.021627649664878845,5,0.0008145062499999999
154,0.9918714761734009,0.008128523826599121,1.3356603384017944,0.02140384167432785,5,0.0008145062499999999
155,0.9920185804367065,0.007981419563293457,1.310681700706482,0.02100842073559761,6,0.0007737809374999998
156,0.9918099045753479,0.0081900954246521,1.3306998014450073,0.021415192633867264,6,0.0007737809374999998
157,0.9920631051063538,0.00793689489364624,1.3157789707183838,0.021015316247940063,6,0.0007737809374999998
158,0.9913989305496216,0.008601069450378418,1.315398931503296,0.021669048815965652,6,0.0007737809374999998
159,0.9921765923500061,0.007823407649993896,1.306158423423767,0.020806757733225822,6,0.0007737809374999998
160,0.9920574426651001,0.007942557334899902,1.3031666278839111,0.020894799381494522,6,0.0007737809374999998
161,0.9920980334281921,0.007901966571807861,1.3209797143936157,0.02103274315595627,6,0.0007737809374999998
162,0.9918767809867859,0.008123219013214111,1.3221571445465088,0.02126355841755867,6,0.0007737809374999998
163,0.99189293384552,0.00810706615447998,1.3103339672088623,0.021129336208105087,6,0.0007737809374999998
164,0.9915356636047363,0.008464336395263672,1.3153952360153198,0.021533645689487457,6,0.0007737809374999998
165,0.9916006922721863,0.00839930772781372,1.3334838151931763,0.021650152280926704,6,0.0007737809374999998
166,0.9919033050537109,0.008096694946289062,1.314321517944336,0.021158942952752113,6,0.0007737809374999998
167,0.9919393658638,0.008060634136199951,1.3272628784179688,0.02125265635550022,6,0.0007737809374999998
168,0.9918972849845886,0.008102715015411377,1.3214077949523926,0.021235765889286995,6,0.0007737809374999998
169,0.9920229315757751,0.007977068424224854,1.3271371126174927,0.021168667823076248,6,0.0007737809374999998
170,0.9921730160713196,0.00782698392868042,1.3190035820007324,0.020938750356435776,6,0.0007737809374999998
171,0.9916812181472778,0.008318781852722168,1.3049551248550415,0.021285146474838257,6,0.0007737809374999998
172,0.9915772676467896,0.00842273235321045,1.3118066787719727,0.02145657315850258,6,0.0007737809374999998
173,0.9918153882026672,0.008184611797332764,1.3238801956176758,0.021341565996408463,6,0.0007737809374999998
174,0.9920996427536011,0.007900357246398926,1.3130552768707275,0.020951906219124794,6,0.0007737809374999998
175,0.9915812015533447,0.008418798446655273,1.324143648147583,0.02157604694366455,6,0.0007737809374999998
176,0.9915892481803894,0.008410751819610596,1.3275871276855469,0.021602515131235123,6,0.0007737809374999998
177,0.9919496774673462,0.008050322532653809,1.322428584098816,0.021194104105234146,6,0.0007737809374999998
178,0.991889238357544,0.008110761642456055,1.3147058486938477,0.021176710724830627,6,0.0007737809374999998
179,0.9921233654022217,0.00787663459777832,1.3153414726257324,0.0209512822329998,6,0.0007737809374999998
180,0.9917750358581543,0.008224964141845703,1.3243051767349243,0.021385766565799713,6,0.0007737809374999998
181,0.9918447732925415,0.008155226707458496,1.3067457675933838,0.021141132339835167,6,0.0007737809374999998
182,0.9922064542770386,0.007793545722961426,1.3157614469528198,0.02087322436273098,6,0.0007737809374999998
183,0.9914834499359131,0.008516550064086914,1.3038145303726196,0.02146952971816063,6,0.0007737809374999998
184,0.9920650720596313,0.007934927940368652,1.3315033912658691,0.021170612424612045,6,0.0007737809374999998
185,0.9915079474449158,0.008492052555084229,1.3465650081634521,0.021872781217098236,6,0.0007737809374999998
186,0.992160439491272,0.007839560508728027,1.2986319065093994,0.020747484639286995,7,0.0007350918906249997
187,0.9918212890625,0.0081787109375,1.3255666494369507,0.02135258913040161,7,0.0007350918906249997
188,0.9917644262313843,0.008235573768615723,1.3211302757263184,0.021364521235227585,7,0.0007350918906249997
189,0.991799533367157,0.008200466632843018,1.3297654390335083,0.021416116505861282,7,0.0007350918906249997
190,0.9920238256454468,0.007976174354553223,1.3144315481185913,0.02104072831571102,7,0.0007350918906249997
191,0.9916959404945374,0.008304059505462646,1.3132586479187012,0.02135360613465309,7,0.0007350918906249997
192,0.9921515583992004,0.00784844160079956,1.320786714553833,0.020977824926376343,7,0.0007350918906249997
193,0.9921011328697205,0.007898867130279541,1.3100693225860596,0.02092057093977928,7,0.0007350918906249997
194,0.9917543530464172,0.008245646953582764,1.3213348388671875,0.021376539021730423,7,0.0007350918906249997
195,0.9922446012496948,0.007755398750305176,1.3036688566207886,0.02071453258395195,7,0.0007350918906249997
196,0.9921306371688843,0.007869362831115723,1.3045580387115479,0.020836248993873596,7,0.0007350918906249997
197,0.9923151135444641,0.007684886455535889,1.3040636777877808,0.020648673176765442,7,0.0007350918906249997
198,0.9915351271629333,0.00846487283706665,1.3207303285598755,0.02158752828836441,7,0.0007350918906249997
199,0.9919534921646118,0.008046507835388184,1.304120659828186,0.021007249131798744,7,0.0007350918906249997
200,0.9922293424606323,0.007770657539367676,1.3173887729644775,0.020866839215159416,7,0.0007350918906249997
201,0.9919248223304749,0.008075177669525146,1.3164796829223633,0.021159224212169647,7,0.0007350918906249997
202,0.9922197461128235,0.007780253887176514,1.3073089122772217,0.02077553980052471,7,0.0007350918906249997
203,0.9921092987060547,0.007890701293945312,1.3067761659622192,0.020879555493593216,7,0.0007350918906249997
204,0.9918993711471558,0.008100628852844238,1.287143349647522,0.020891055464744568,7,0.0007350918906249997
205,0.9922190308570862,0.007780969142913818,1.3189125061035156,0.02089228481054306,7,0.0007350918906249997
206,0.9922123551368713,0.007787644863128662,1.3145034313201904,0.020854802802205086,7,0.0007350918906249997
207,0.9922403693199158,0.0077596306800842285,1.325847864151001,0.020940512418746948,7,0.0007350918906249997
208,0.9922280311584473,0.007771968841552734,1.3031286001205444,0.020725533366203308,7,0.0007350918906249997
209,0.9919530749320984,0.008046925067901611,1.3150476217269897,0.02111693099141121,7,0.0007350918906249997
210,0.9921925067901611,0.007807493209838867,1.3037012815475464,0.020766431465744972,7,0.0007350918906249997
211,0.9914250373840332,0.008574962615966797,1.3078502416610718,0.02156771533191204,7,0.0007350918906249997
212,0.9921373128890991,0.007862687110900879,1.3120841979980469,0.02090490236878395,7,0.0007350918906249997
213,0.9919611215591431,0.008038878440856934,1.321982741355896,0.021178316324949265,7,0.0007350918906249997
214,0.9918114542961121,0.00818854570388794,1.3162883520126343,0.02126954309642315,7,0.0007350918906249997
215,0.992148220539093,0.007851779460906982,1.3213386535644531,0.0209866464138031,7,0.0007350918906249997
216,0.9921416640281677,0.007858335971832275,1.3082993030548096,0.020862745121121407,7,0.0007350918906249997
217,0.992119550704956,0.007880449295043945,1.3150216341018677,0.020951861515641212,8,0.0006983372960937497
218,0.9921827912330627,0.007817208766937256,1.3307411670684814,0.02104644849896431,8,0.0006983372960937497
219,0.9921538829803467,0.00784611701965332,1.3322334289550781,0.021089989691972733,8,0.0006983372960937497
220,0.9920101165771484,0.007989883422851562,1.2996820211410522,0.020906804129481316,8,0.0006983372960937497
221,0.9918753504753113,0.00812464952468872,1.3087655305862427,0.021131057292222977,8,0.0006983372960937497
222,0.9922091364860535,0.007790863513946533,1.3150444030761719,0.020863398909568787,8,0.0006983372960937497
223,0.9920305013656616,0.007969498634338379,1.3140296936035156,0.02103010006248951,8,0.0006983372960937497
224,0.9919907450675964,0.008009254932403564,1.314421534538269,0.02107337675988674,8,0.0006983372960937497
225,0.9921475052833557,0.007852494716644287,1.3108572959899902,0.020882543176412582,8,0.0006983372960937497
226,0.9920042753219604,0.00799572467803955,1.3086704015731812,0.021002471446990967,8,0.0006983372960937497
227,0.9923923015594482,0.007607698440551758,1.298518180847168,0.02051680162549019,8,0.0006983372960937497
228,0.9920980930328369,0.007901906967163086,1.321118712425232,0.02103407494723797,8,0.0006983372960937497
229,0.9916669130325317,0.008333086967468262,1.312417984008789,0.021373935043811798,8,0.0006983372960937497
230,0.9924810528755188,0.007518947124481201,1.307729959487915,0.020521055907011032,8,0.0006983372960937497
231,0.992132306098938,0.007867693901062012,1.3141899108886719,0.02093091607093811,8,0.0006983372960937497
232,0.9923660755157471,0.00763392448425293,1.3033061027526855,0.02059064619243145,8,0.0006983372960937497
233,0.9923828840255737,0.0076171159744262695,1.3083561658859253,0.02062450721859932,8,0.0006983372960937497
234,0.9920757412910461,0.007924258708953857,1.2950570583343506,0.020795587450265884,8,0.0006983372960937497
235,0.9920406937599182,0.007959306240081787,1.3146908283233643,0.021026622503995895,8,0.0006983372960937497
236,0.9924310445785522,0.007568955421447754,1.3048259019851685,0.02054152451455593,8,0.0006983372960937497
237,0.9921430349349976,0.007856965065002441,1.3050709962844849,0.020829105749726295,8,0.0006983372960937497
238,0.9924691319465637,0.007530868053436279,1.3004142045974731,0.020459700375795364,8,0.0006983372960937497
239,0.992058277130127,0.007941722869873047,1.314452886581421,0.021006833761930466,8,0.0006983372960937497
240,0.9921122789382935,0.007887721061706543,1.306174874305725,0.020870592445135117,8,0.0006983372960937497
241,0.9920198321342468,0.007980167865753174,1.3145356178283691,0.02104572206735611,8,0.0006983372960937497
242,0.9923461675643921,0.00765383243560791,1.299997329711914,0.020577266812324524,8,0.0006983372960937497
243,0.9922167658805847,0.007783234119415283,1.298950433731079,0.020694905892014503,8,0.0006983372960937497
244,0.9920821189880371,0.00791788101196289,1.3133732080459595,0.02097243443131447,8,0.0006983372960937497
245,0.9923684000968933,0.0076315999031066895,1.3067572116851807,0.02062285505235195,8,0.0006983372960937497
246,0.992314875125885,0.00768512487411499,1.297408938407898,0.02058236300945282,8,0.0006983372960937497
247,0.9912812113761902,0.008718788623809814,1.3104130029678345,0.02173573151230812,8,0.0006983372960937497
248,0.9924226999282837,0.007577300071716309,1.3080732822418213,0.020582260563969612,9,0.0006634204312890621
249,0.9921293258666992,0.007870674133300781,1.31760835647583,0.020968051627278328,9,0.0006634204312890621
250,0.9924113750457764,0.007588624954223633,1.307216763496399,0.02058490738272667,9,0.0006634204312890621
251,0.9922817945480347,0.007718205451965332,1.3127918243408203,0.020768942311406136,9,0.0006634204312890621
252,0.9923272728919983,0.007672727108001709,1.3057222366333008,0.020653221756219864,9,0.0006634204312890621
253,0.9924153685569763,0.007584631443023682,1.312358021736145,0.020632365718483925,9,0.0006634204312890621
254,0.9926143288612366,0.007385671138763428,1.3072446584701538,0.020384259521961212,9,0.0006634204312890621
255,0.9923392534255981,0.0076607465744018555,1.29879629611969,0.020572101697325706,9,0.0006634204312890621
256,0.9921934604644775,0.007806539535522461,1.3120067119598389,0.02084854058921337,9,0.0006634204312890621
257,0.9921947121620178,0.007805287837982178,1.3027503490447998,0.0207547377794981,9,0.0006634204312890621
258,0.9920533895492554,0.007946610450744629,1.325021505355835,0.021117359399795532,9,0.0006634204312890621
259,0.9921641945838928,0.007835805416107178,1.3157637119293213,0.020915083587169647,9,0.0006634204312890621
260,0.9920673966407776,0.007932603359222412,1.3088419437408447,0.02094169706106186,9,0.0006634204312890621
261,0.9921014904975891,0.007898509502410889,1.3105871677398682,0.02092539519071579,9,0.0006634204312890621
262,0.992447018623352,0.007552981376647949,1.3043285608291626,0.020520737394690514,9,0.0006634204312890621
263,0.9921984076499939,0.0078015923500061035,1.3071727752685547,0.0207953043282032,9,0.0006634204312890621
264,0.9921237826347351,0.007876217365264893,1.2964541912078857,0.020761996507644653,9,0.0006634204312890621
265,0.9925187826156616,0.007481217384338379,1.2973138093948364,0.02037954330444336,9,0.0006634204312890621
266,0.9921528697013855,0.007847130298614502,1.291092872619629,0.020679587498307228,9,0.0006634204312890621
267,0.9923075437545776,0.007692456245422363,1.3103723526000977,0.0207192562520504,9,0.0006634204312890621
268,0.9923767447471619,0.007623255252838135,1.3029690980911255,0.020576713606715202,9,0.0006634204312890621
269,0.9922677874565125,0.007732212543487549,1.2891563177108765,0.020546453073620796,9,0.0006634204312890621
270,0.9922290444374084,0.007770955562591553,1.292680263519287,0.02062004804611206,9,0.0006634204312890621
271,0.9923179149627686,0.007682085037231445,1.3087979555130005,0.02069324441254139,9,0.0006634204312890621
272,0.9923571944236755,0.007642805576324463,1.3066132068634033,0.020632509142160416,9,0.0006634204312890621
273,0.9923346638679504,0.0076653361320495605,1.3027170896530151,0.020615853369235992,9,0.0006634204312890621
274,0.9919860363006592,0.00801396369934082,1.301382064819336,0.020947644487023354,9,0.0006634204312890621
275,0.9921308755874634,0.007869124412536621,1.3190617561340332,0.02098105102777481,9,0.0006634204312890621
276,0.9923551678657532,0.007644832134246826,1.3040332794189453,0.02060871571302414,9,0.0006634204312890621
277,0.9921326041221619,0.007867395877838135,1.3073756694793701,0.020862478762865067,9,0.0006634204312890621
278,0.9926808476448059,0.007319152355194092,1.3051198720932007,0.020297160372138023,9,0.0006634204312890621
279,0.9923715591430664,0.007628440856933594,1.3017297983169556,0.02056945487856865,10,0.000630249409724609
280,0.9922202825546265,0.007779717445373535,1.3004934787750244,0.02070685476064682,10,0.000630249409724609
281,0.9920963048934937,0.007903695106506348,1.3103770017623901,0.020928427577018738,10,0.000630249409724609
282,0.9919477701187134,0.008052229881286621,1.3207629919052124,0.021179337054491043,10,0.000630249409724609
283,0.9923841953277588,0.007615804672241211,1.3103301525115967,0.020642947405576706,10,0.000630249409724609
284,0.9923461079597473,0.0076538920402526855,1.307668924331665,0.020654041320085526,10,0.000630249409724609
285,0.9923277497291565,0.007672250270843506,1.2997345924377441,0.02059287391602993,10,0.000630249409724609
286,0.9924861788749695,0.007513821125030518,1.289268970489502,0.02033137157559395,10,0.000630249409724609
287,0.9926887154579163,0.00731128454208374,1.2932778596878052,0.020170949399471283,10,0.000630249409724609
288,0.9924392700195312,0.00756072998046875,1.3068821430206299,0.020553944632411003,10,0.000630249409724609
289,0.9924792647361755,0.007520735263824463,1.3006900548934937,0.020452428609132767,10,0.000630249409724609
290,0.9928080439567566,0.007191956043243408,1.2957569360733032,0.020077604800462723,10,0.000630249409724609
291,0.992481529712677,0.007518470287322998,1.3008064031600952,0.020451348274946213,10,0.000630249409724609
292,0.99234539270401,0.00765460729598999,1.3030411005020142,0.02060847170650959,10,0.000630249409724609
293,0.9925137162208557,0.007486283779144287,1.3057681322097778,0.020469101145863533,10,0.000630249409724609
294,0.9925780296325684,0.007421970367431641,1.3052481412887573,0.020400231704115868,10,0.000630249409724609
295,0.9924007654190063,0.007599234580993652,1.3046770095825195,0.02057001180946827,10,0.000630249409724609
296,0.9922910332679749,0.0077089667320251465,1.2988486289978027,0.02062036283314228,10,0.000630249409724609
297,0.9921313524246216,0.007868647575378418,1.2979656457901,0.020769618451595306,10,0.000630249409724609
298,0.9924711585044861,0.007528841495513916,1.3144199848175049,0.020597752183675766,10,0.000630249409724609
299,0.9920777678489685,0.007922232151031494,1.3078885078430176,0.020921895280480385,10,0.000630249409724609
300,0.9924981594085693,0.007501840591430664,1.3015458583831787,0.020442280918359756,10,0.000630249409724609
301,0.9924786686897278,0.007521331310272217,1.3140788078308105,0.020586906000971794,10,0.000630249409724609
302,0.9924396276473999,0.007560372352600098,1.2972798347473145,0.020457565784454346,10,0.000630249409724609
303,0.9924083352088928,0.007591664791107178,1.3047598600387573,0.020563345402479172,10,0.000630249409724609
304,0.9923199415206909,0.007680058479309082,1.300980567932129,0.020613063126802444,10,0.000630249409724609
305,0.9923779964447021,0.0076220035552978516,1.292872667312622,0.0204745102673769,10,0.000630249409724609
306,0.9921048879623413,0.007895112037658691,1.3164196014404297,0.020980358123779297,10,0.000630249409724609
307,0.992655873298645,0.0073441267013549805,1.297147512435913,0.02024216018617153,10,0.000630249409724609
308,0.9921966195106506,0.007803380489349365,1.32160484790802,0.020941395312547684,10,0.000630249409724609
309,0.9921446442604065,0.007855355739593506,1.2857189178466797,0.020633991807699203,10,0.000630249409724609
310,0.9925479292869568,0.007452070713043213,1.2908345460891724,0.020285895094275475,11,0.0005987369392383785
311,0.9921674728393555,0.007832527160644531,1.3118668794631958,0.020872870460152626,11,0.0005987369392383785
312,0.992458701133728,0.007541298866271973,1.3161821365356445,0.020627707242965698,11,0.0005987369392383785
313,0.9924517869949341,0.007548213005065918,1.2956639528274536,0.020429369062185287,11,0.0005987369392383785
314,0.992051362991333,0.007948637008666992,1.322650671005249,0.021095655858516693,11,0.0005987369392383785
315,0.992531955242157,0.007468044757843018,1.2949647903442383,0.020343011245131493,11,0.0005987369392383785
316,0.9923962354660034,0.007603764533996582,1.2997500896453857,0.02052522823214531,11,0.0005987369392383785
317,0.9920703172683716,0.007929682731628418,1.3150839805603027,0.02100122533738613,11,0.0005987369392383785
318,0.9925637245178223,0.007436275482177734,1.2957360744476318,0.020319273695349693,11,0.0005987369392383785
319,0.9922438859939575,0.0077561140060424805,1.2930954694747925,0.020609507337212563,11,0.0005987369392383785
320,0.9925032258033752,0.007496774196624756,1.2937895059585571,0.02035970240831375,11,0.0005987369392383785
321,0.992649257183075,0.007350742816925049,1.2943145036697388,0.020220380276441574,11,0.0005987369392383785
322,0.9922975897789001,0.0077024102210998535,1.305959701538086,0.02068498358130455,11,0.0005987369392383785
323,0.9924033284187317,0.0075966715812683105,1.317175030708313,0.020692454650998116,11,0.0005987369392383785
324,0.9925370812416077,0.007462918758392334,1.3098511695861816,0.020486801862716675,11,0.0005987369392383785
325,0.992780327796936,0.007219672203063965,1.2858316898345947,0.020005792379379272,11,0.0005987369392383785
326,0.9923595190048218,0.007640480995178223,1.3078067302703857,0.020642142742872238,11,0.0005987369392383785
327,0.9923496842384338,0.007650315761566162,1.3060933351516724,0.020634746178984642,11,0.0005987369392383785
328,0.9922314286231995,0.007768571376800537,1.3123387098312378,0.02081427164375782,11,0.0005987369392383785
329,0.9924536943435669,0.0075463056564331055,1.3140814304351807,0.020611656829714775,11,0.0005987369392383785
330,0.992360532283783,0.007639467716217041,1.287296175956726,0.020436033606529236,11,0.0005987369392383785
331,0.9922977685928345,0.007702231407165527,1.2989715337753296,0.020614923909306526,11,0.0005987369392383785
332,0.9926530122756958,0.007346987724304199,1.2951679229736328,0.020225197076797485,11,0.0005987369392383785
333,0.9924249649047852,0.007575035095214844,1.2906699180603027,0.020405983552336693,11,0.0005987369392383785
334,0.9927968978881836,0.007203102111816406,1.2952412366867065,0.020083483308553696,11,0.0005987369392383785
335,0.9923510551452637,0.007648944854736328,1.3080949783325195,0.02065340429544449,11,0.0005987369392383785
336,0.992344081401825,0.007655918598175049,1.2941668033599854,0.020521027967333794,11,0.0005987369392383785
337,0.9922740459442139,0.007725954055786133,1.3012971878051758,0.020661666989326477,11,0.0005987369392383785
338,0.9922663569450378,0.007733643054962158,1.30394446849823,0.020695751532912254,11,0.0005987369392383785
339,0.9925405383110046,0.007459461688995361,1.3038288354873657,0.020423155277967453,11,0.0005987369392383785
340,0.9926646947860718,0.007335305213928223,1.3046808242797852,0.020308759063482285,11,0.0005987369392383785
341,0.9923056960105896,0.0076943039894104,1.3219656944274902,0.02083701640367508,12,0.0005688000922764595
342,0.9923311471939087,0.007668852806091309,1.3099576234817505,0.02069174125790596,12,0.0005688000922764595
343,0.9926694631576538,0.007330536842346191,1.284266471862793,0.02009989693760872,12,0.0005688000922764595
344,0.9921557903289795,0.007844209671020508,1.3204903602600098,0.020970670506358147,12,0.0005688000922764595
345,0.9923526644706726,0.007647335529327393,1.3204199075698853,0.02077506110072136,12,0.0005688000922764595
346,0.9927505850791931,0.007249414920806885,1.2920557260513306,0.020097477361559868,12,0.0005688000922764595
347,0.9925214648246765,0.007478535175323486,1.2799686193466187,0.02020343579351902,12,0.0005688000922764595
348,0.9925632476806641,0.0074367523193359375,1.3014748096466064,0.020377133041620255,12,0.0005688000922764595
349,0.992560088634491,0.007439911365509033,1.2969298362731934,0.02033481001853943,12,0.0005688000922764595
350,0.9924700856208801,0.007529914379119873,1.2926596403121948,0.02038121223449707,12,0.0005688000922764595
351,0.9926540851593018,0.007345914840698242,1.2863770723342896,0.02013622596859932,12,0.0005688000922764595
352,0.9925601482391357,0.007439851760864258,1.2928338050842285,0.020293790847063065,12,0.0005688000922764595
353,0.9923778772354126,0.007622122764587402,1.3009144067764282,0.0205550454556942,12,0.0005688000922764595
354,0.9927700757980347,0.007229924201965332,1.298425555229187,0.020141880959272385,12,0.0005688000922764595
355,0.9924037456512451,0.007596254348754883,1.3146225214004517,0.020666517317295074,12,0.0005688000922764595
356,0.9923543334007263,0.007645666599273682,1.3031928539276123,0.020601138472557068,12,0.0005688000922764595
357,0.9926304817199707,0.007369518280029297,1.3045527935028076,0.020341351628303528,12,0.0005688000922764595
358,0.9925025701522827,0.007497429847717285,1.295233964920044,0.02037479355931282,12,0.0005688000922764595
359,0.9924491047859192,0.0075508952140808105,1.3008052110671997,0.020483437925577164,12,0.0005688000922764595
360,0.9923346638679504,0.0076653361320495605,1.2896888256072998,0.020485570654273033,12,0.0005688000922764595
361,0.992519736289978,0.007480263710021973,1.3021390438079834,0.020426850765943527,12,0.0005688000922764595
362,0.9922875761985779,0.007712423801422119,1.3038517236709595,0.02067381702363491,12,0.0005688000922764595
363,0.9929496049880981,0.0070503950119018555,1.288399338722229,0.019863884896039963,12,0.0005688000922764595
364,0.992408812046051,0.007591187953948975,1.2967889308929443,0.020483165979385376,12,0.0005688000922764595
365,0.9924412965774536,0.007558703422546387,1.2989996671676636,0.020473111420869827,12,0.0005688000922764595
366,0.9927927851676941,0.007207214832305908,1.2952085733413696,0.02008722722530365,12,0.0005688000922764595
367,0.9923450350761414,0.007654964923858643,1.2966214418411255,0.0205446295440197,12,0.0005688000922764595
368,0.9921345114707947,0.007865488529205322,1.3079371452331543,0.02086620405316353,12,0.0005688000922764595
369,0.9927778244018555,0.007222175598144531,1.3010509014129639,0.020160462707281113,12,0.0005688000922764595
370,0.9927225708961487,0.007277429103851318,1.2977595329284668,0.020182250067591667,12,0.0005688000922764595
371,0.9924553036689758,0.00754469633102417,1.302887201309204,0.02049812115728855,12,0.0005688000922764595
372,0.9922813177108765,0.007718682289123535,1.303102970123291,0.020672524347901344,13,0.0005403600876626365
373,0.9926091432571411,0.007390856742858887,1.2994571924209595,0.020311519503593445,13,0.0005403600876626365
374,0.9926410913467407,0.007358908653259277,1.2828254699707031,0.020113574340939522,13,0.0005403600876626365
375,0.992710530757904,0.007289469242095947,1.2958236932754517,0.020174812525510788,13,0.0005403600876626365
376,0.9925440549850464,0.007455945014953613,1.2955749034881592,0.02033713459968567,13,0.0005403600876626365
377,0.9923734068870544,0.007626593112945557,1.2991437911987305,0.020541764795780182,13,0.0005403600876626365
378,0.992577314376831,0.007422685623168945,1.303629994392395,0.020384758710861206,13,0.0005403600876626365
379,0.9927082061767578,0.0072917938232421875,1.2977873086929321,0.02019674889743328,13,0.0005403600876626365
380,0.9925804138183594,0.007419586181640625,1.2916524410247803,0.020261913537979126,13,0.0005403600876626365
381,0.9927572011947632,0.007242798805236816,1.308231234550476,0.020252682268619537,13,0.0005403600876626365
382,0.9928630590438843,0.007136940956115723,1.29624605178833,0.02002803236246109,13,0.0005403600876626365
383,0.9921783804893494,0.007821619510650635,1.3072336912155151,0.020815741270780563,13,0.0005403600876626365
384,0.992587149143219,0.007412850856781006,1.309205174446106,0.020430773496627808,13,0.0005403600876626365
385,0.9922378659248352,0.007762134075164795,1.3034250736236572,0.020718764513731003,13,0.0005403600876626365
386,0.9926163554191589,0.0073836445808410645,1.2975746393203735,0.020285554230213165,13,0.0005403600876626365
387,0.9924352765083313,0.007564723491668701,1.3147871494293213,0.020636947825551033,13,0.0005403600876626365
388,0.9926416277885437,0.007358372211456299,1.284935712814331,0.02013414539396763,13,0.0005403600876626365
389,0.9926623106002808,0.007337689399719238,1.2983839511871338,0.020248152315616608,13,0.0005403600876626365
390,0.9926110506057739,0.007388949394226074,1.302955985069275,0.02034461870789528,13,0.0005403600876626365
391,0.9927062392234802,0.007293760776519775,1.2785149812698364,0.020005973055958748,13,0.0005403600876626365
392,0.9926467537879944,0.007353246212005615,1.2876918315887451,0.020156631246209145,13,0.0005403600876626365
393,0.9928456544876099,0.007154345512390137,1.283725619316101,0.01992005854845047,13,0.0005403600876626365
394,0.9924660325050354,0.0075339674949646,1.300790548324585,0.020466532558202744,13,0.0005403600876626365
395,0.9923796653747559,0.007620334625244141,1.301235556602478,0.020556487143039703,13,0.0005403600876626365
396,0.9926733374595642,0.007326662540435791,1.3014626502990723,0.020268021151423454,13,0.0005403600876626365
397,0.992546558380127,0.007453441619873047,1.3025263547897339,0.02040417119860649,13,0.0005403600876626365
398,0.9927626848220825,0.0072373151779174805,1.296630859375,0.020131250843405724,13,0.0005403600876626365
399,0.9924253821372986,0.007574617862701416,1.2846882343292236,0.02034575492143631,13,0.0005403600876626365
400,0.9924883246421814,0.0075116753578186035,1.307106614112854,0.020507624372839928,13,0.0005403600876626365
401,0.9926736354827881,0.007326364517211914,1.2898516654968262,0.020151617005467415,13,0.0005403600876626365
402,0.9928026795387268,0.007197320461273193,1.2853682041168213,0.019979029893875122,13,0.0005403600876626365
403,0.992594301700592,0.007405698299407959,1.3002876043319702,0.020334517583251,14,0.0005133420832795047
404,0.9925633072853088,0.007436692714691162,1.3021167516708374,0.02038349211215973,14,0.0005133420832795047
405,0.9927918910980225,0.007208108901977539,1.2928102016448975,0.020064130425453186,14,0.0005133420832795047
406,0.9928745031356812,0.007125496864318848,1.2911306619644165,0.01996554806828499,14,0.0005133420832795047
407,0.9926712512969971,0.00732874870300293,1.3031154870986938,0.020286615937948227,14,0.0005133420832795047
408,0.9927499294281006,0.007250070571899414,1.299618124961853,0.020173750817775726,14,0.0005133420832795047
409,0.9926593899726868,0.007340610027313232,1.2975571155548096,0.020242774859070778,14,0.0005133420832795047
410,0.9926334619522095,0.007366538047790527,1.290048360824585,0.020193355157971382,14,0.0005133420832795047
411,0.993064284324646,0.006935715675354004,1.293228030204773,0.01979863829910755,14,0.0005133420832795047
412,0.992631196975708,0.007368803024291992,1.2938092947006226,0.02023320645093918,14,0.0005133420832795047
413,0.9928246140480042,0.00717538595199585,1.2766971588134766,0.01987060345709324,14,0.0005133420832795047
414,0.9926002025604248,0.007399797439575195,1.2951911687850952,0.020277710631489754,14,0.0005133420832795047
415,0.9924483895301819,0.007551610469818115,1.2942956686019897,0.020419051870703697,14,0.0005133420832795047
416,0.9926338791847229,0.0073661208152771,1.2956167459487915,0.02024862729012966,14,0.0005133420832795047
417,0.9928320050239563,0.007167994976043701,1.2932019233703613,0.020028334110975266,14,0.0005133420832795047
418,0.9926140308380127,0.007385969161987305,1.2983629703521729,0.02029573917388916,14,0.0005133420832795047
419,0.9923567771911621,0.007643222808837891,1.300701379776001,0.020573804154992104,14,0.0005133420832795047
420,0.9926987290382385,0.007301270961761475,1.2966203689575195,0.020194461569190025,14,0.0005133420832795047
421,0.9926944375038147,0.007305562496185303,1.2999125719070435,0.02023163251578808,14,0.0005133420832795047
422,0.9925775527954102,0.007422447204589844,1.2954192161560059,0.020302414894104004,14,0.0005133420832795047
423,0.9926459193229675,0.007354080677032471,1.284754991531372,0.02012808993458748,14,0.0005133420832795047
424,0.9926563501358032,0.007343649864196777,1.2932487726211548,0.020202700048685074,14,0.0005133420832795047
425,0.9926011562347412,0.007398843765258789,1.3052711486816406,0.020377567037940025,14,0.0005133420832795047
426,0.9925134181976318,0.007486581802368164,1.2909812927246094,0.020321529358625412,14,0.0005133420832795047
427,0.9927254319190979,0.0072745680809021,1.2696452140808105,0.019898273050785065,14,0.0005133420832795047
428,0.9927091598510742,0.007290840148925781,1.2835044860839844,0.02005297690629959,14,0.0005133420832795047
429,0.9924247860908508,0.00757521390914917,1.3141438961029053,0.0206409003585577,14,0.0005133420832795047
430,0.9928050637245178,0.007194936275482178,1.2938545942306519,0.020061533898115158,14,0.0005133420832795047
431,0.9929192066192627,0.007080793380737305,1.2958348989486694,0.019968334585428238,14,0.0005133420832795047
432,0.9923194050788879,0.0076805949211120605,1.2968794107437134,0.020572582259774208,14,0.0005133420832795047
433,0.9923698306083679,0.00763016939163208,1.3103903532028198,0.020657770335674286,14,0.0005133420832795047
434,0.9924858212471008,0.00751417875289917,1.2944986820220947,0.02038402296602726,15,0.00048767497911552944
435,0.9926050901412964,0.007394909858703613,1.2960230112075806,0.020281191915273666,15,0.00048767497911552944
436,0.9927941560745239,0.007205843925476074,1.2858048677444458,0.019991833716630936,15,0.00048767497911552944
437,0.9925243854522705,0.007475614547729492,1.301866054534912,0.020419519394636154,15,0.00048767497911552944
438,0.9922517538070679,0.007748246192932129,1.2853283882141113,0.020524047315120697,15,0.00048767497911552944
439,0.9926414489746094,0.007358551025390625,1.301625370979309,0.020301219075918198,15,0.00048767497911552944
440,0.9927355647087097,0.007264435291290283,1.298809289932251,0.020179882645606995,15,0.00048767497911552944
441,0.9926066994667053,0.007393300533294678,1.2802929878234863,0.02012229710817337,15,0.00048767497911552944
442,0.992892324924469,0.007107675075531006,1.2811663150787354,0.019848261028528214,15,0.00048767497911552944
443,0.992841899394989,0.007158100605010986,1.2973167896270752,0.02005968801677227,15,0.00048767497911552944
444,0.9926317930221558,0.007368206977844238,1.3017789125442505,0.020312312990427017,15,0.00048767497911552944
445,0.9924547076225281,0.007545292377471924,1.3046895265579224,0.020516734570264816,15,0.00048767497911552944
446,0.9925687909126282,0.007431209087371826,1.2963184118270874,0.02032008022069931,15,0.00048767497911552944
447,0.9925868511199951,0.007413148880004883,1.3069682121276855,0.02040869928896427,15,0.00048767497911552944
448,0.992897093296051,0.007102906703948975,1.3032642602920532,0.020064519718289375,15,0.00048767497911552944
449,0.9926000237464905,0.0073999762535095215,1.2976590394973755,0.02030256763100624,15,0.00048767497911552944
450,0.992885947227478,0.007114052772521973,1.2920169830322266,0.019963081926107407,15,0.00048767497911552944
451,0.9924761056900024,0.007523894309997559,1.287204623222351,0.020320702344179153,15,0.00048767497911552944
452,0.9926995038986206,0.0073004961013793945,1.2906498908996582,0.020133988931775093,15,0.00048767497911552944
453,0.9926719665527344,0.007328033447265625,1.2869672775268555,0.02012442611157894,15,0.00048767497911552944
454,0.9927997589111328,0.0072002410888671875,1.285678505897522,0.019985023885965347,15,0.00048767497911552944
455,0.9926241040229797,0.007375895977020264,1.2750332355499268,0.020052470266819,15,0.00048767497911552944
456,0.9927161335945129,0.0072838664054870605,1.2934271097183228,0.020145298913121223,15,0.00048767497911552944
457,0.9925650954246521,0.0074349045753479,1.2999900579452515,0.02036045677959919,15,0.00048767497911552944
458,0.9929007291793823,0.007099270820617676,1.2992620468139648,0.020020898431539536,15,0.00048767497911552944
459,0.9926266074180603,0.007373392581939697,1.2973681688308716,0.02027333900332451,15,0.00048767497911552944
460,0.9928746223449707,0.007125377655029297,1.2879955768585205,0.01993408054113388,15,0.00048767497911552944
461,0.9927451610565186,0.007254838943481445,1.299410104751587,0.020176392048597336,15,0.00048767497911552944
462,0.9925434589385986,0.007456541061401367,1.3043487071990967,0.0204254612326622,15,0.00048767497911552944
463,0.9926556944847107,0.007344305515289307,1.3067231178283691,0.020338091999292374,15,0.00048767497911552944
464,0.992963969707489,0.007036030292510986,1.274336576461792,0.019709035754203796,15,0.00048767497911552944
465,0.9926291108131409,0.007370889186859131,1.299839973449707,0.020295578986406326,16,0.00046329123015975297
466,0.9926543235778809,0.007345676422119141,1.3088477849960327,0.02036069706082344,16,0.00046329123015975297
467,0.9928354024887085,0.007164597511291504,1.2835160493850708,0.019928112626075745,16,0.00046329123015975297
468,0.9926693439483643,0.007330656051635742,1.2967195510864258,0.020224545150995255,16,0.00046329123015975297
469,0.9928240776062012,0.007175922393798828,1.2883765697479248,0.019987929612398148,16,0.00046329123015975297
470,0.9926347136497498,0.007365286350250244,1.289950966835022,0.020191144198179245,16,0.00046329123015975297
471,0.9927740693092346,0.007225930690765381,1.2987757921218872,0.02014143019914627,16,0.00046329123015975297
472,0.9928030371665955,0.007196962833404541,1.2908751964569092,0.02003374509513378,16,0.00046329123015975297
473,0.9928128719329834,0.0071871280670166016,1.3033010959625244,0.020148267969489098,16,0.00046329123015975297
474,0.9924707412719727,0.007529258728027344,1.2867592573165894,0.0203215591609478,16,0.00046329123015975297
475,0.9927990436553955,0.007200956344604492,1.2944549322128296,0.02007349580526352,16,0.00046329123015975297
476,0.9928791522979736,0.007120847702026367,1.2827543020248413,0.019877182319760323,16,0.00046329123015975297
477,0.9929419159889221,0.007058084011077881,1.2838023900985718,0.01982552744448185,16,0.00046329123015975297
478,0.9927746653556824,0.007225334644317627,1.2841535806655884,0.019994616508483887,16,0.00046329123015975297
479,0.9925753474235535,0.007424652576446533,1.2918856143951416,0.020269261673092842,16,0.00046329123015975297
480,0.9927773475646973,0.007222652435302734,1.2897436618804932,0.020047862082719803,16,0.00046329123015975297
481,0.9927676916122437,0.007232308387756348,1.2957431077957153,0.020117416977882385,16,0.00046329123015975297
482,0.9926649928092957,0.007335007190704346,1.286978006362915,0.020131437107920647,16,0.00046329123015975297
483,0.9926095604896545,0.007390439510345459,1.2920347452163696,0.02023688331246376,16,0.00046329123015975297
484,0.9925829172134399,0.007417082786560059,1.3020555973052979,0.020363468676805496,16,0.00046329123015975297
485,0.9929484128952026,0.007051587104797363,1.2894892692565918,0.019875962287187576,16,0.00046329123015975297
486,0.992591142654419,0.007408857345581055,1.3030116558074951,0.020364884287118912,16,0.00046329123015975297
487,0.992798924446106,0.007201075553894043,1.292582631111145,0.020054891705513,16,0.00046329123015975297
488,0.9926786422729492,0.007321357727050781,1.2981133460998535,0.02022927813231945,16,0.00046329123015975297
489,0.9928193092346191,0.007180690765380859,1.292565941810608,0.0200345441699028,16,0.00046329123015975297
490,0.9923521876335144,0.007647812366485596,1.2950023412704468,0.020521357655525208,16,0.00046329123015975297
491,0.9928889870643616,0.007111012935638428,1.2821789979934692,0.019861692562699318,16,0.00046329123015975297
492,0.9927884936332703,0.007211506366729736,1.3023464679718018,0.020162854343652725,16,0.00046329123015975297
493,0.9927882552146912,0.007211744785308838,1.284421682357788,0.019983842968940735,16,0.00046329123015975297
494,0.9926795959472656,0.007320404052734375,1.2827366590499878,0.020074566826224327,16,0.00046329123015975297
495,0.9927996397018433,0.007200360298156738,1.294339656829834,0.02007175236940384,16,0.00046329123015975297
496,0.9927963018417358,0.00720369815826416,1.304599404335022,0.020177654922008514,17,0.0004401266686517653
497,0.9927340745925903,0.007265925407409668,1.3078936338424683,0.020272202789783478,17,0.0004401266686517653
498,0.9925845861434937,0.007415413856506348,1.2946021556854248,0.020287280902266502,17,0.0004401266686517653
499,0.992806613445282,0.007193386554718018,1.2795244455337524,0.019916696473956108,17,0.0004401266686517653
500,0.9928318858146667,0.007168114185333252,1.2852190732955933,0.019948624074459076,17,0.0004401266686517653
501,0.9928286075592041,0.0071713924407958984,1.2980296611785889,0.020079974085092545,17,0.0004401266686517653
502,0.9928454160690308,0.007154583930969238,1.2892333269119263,0.019975371658802032,17,0.0004401266686517653
503,0.9928168654441833,0.00718313455581665,1.28047776222229,0.019916079938411713,17,0.0004401266686517653
504,0.993120551109314,0.006879448890686035,1.2815055847167969,0.01962571032345295,17,0.0004401266686517653
505,0.9926202297210693,0.007379770278930664,1.2999913692474365,0.02030588686466217,17,0.0004401266686517653
506,0.9926825761795044,0.0073174238204956055,1.2936702966690063,0.020180951803922653,17,0.0004401266686517653
507,0.9928097724914551,0.007190227508544922,1.2868553400039673,0.01998687908053398,17,0.0004401266686517653
508,0.9928190112113953,0.007180988788604736,1.2718620300292969,0.019827798008918762,17,0.0004401266686517653
509,0.9925022721290588,0.007497727870941162,1.2903783321380615,0.020326534286141396,17,0.0004401266686517653
510,0.9929158687591553,0.0070841312408447266,1.2907660007476807,0.019920948892831802,17,0.0004401266686517653
511,0.9927701354026794,0.007229864597320557,1.302947998046875,0.020187046378850937,17,0.0004401266686517653
512,0.9926822185516357,0.007317781448364258,1.2821617126464844,0.020066220313310623,17,0.0004401266686517653
513,0.992712140083313,0.007287859916687012,1.2875018119812012,0.020089998841285706,17,0.0004401266686517653
514,0.9929074645042419,0.007092535495758057,1.284692406654358,0.019868534058332443,17,0.0004401266686517653
515,0.9926528334617615,0.007347166538238525,1.2950472831726074,0.02022416703402996,17,0.0004401266686517653
516,0.9927994608879089,0.0072005391120910645,1.277502179145813,0.019903555512428284,17,0.0004401266686517653
517,0.9927915334701538,0.007208466529846191,1.2956342697143555,0.02009272575378418,17,0.0004401266686517653
518,0.9929913878440857,0.007008612155914307,1.2883820533752441,0.019822346046566963,17,0.0004401266686517653
519,0.9927851557731628,0.007214844226837158,1.3011629581451416,0.020154325291514397,17,0.0004401266686517653
520,0.9927201867103577,0.007279813289642334,1.2890338897705078,0.02009735442698002,17,0.0004401266686517653
521,0.9925985932350159,0.007401406764984131,1.295337438583374,0.02028076723217964,17,0.0004401266686517653
522,0.992721676826477,0.007278323173522949,1.2924665212631226,0.020130204036831856,17,0.0004401266686517653
523,0.992609441280365,0.00739055871963501,1.2959222793579102,0.02027587592601776,17,0.0004401266686517653
524,0.9927235841751099,0.007276415824890137,1.299619197845459,0.020199842751026154,17,0.0004401266686517653
525,0.9930016398429871,0.0069983601570129395,1.2864733934402466,0.019793111830949783,17,0.0004401266686517653
526,0.9928178191184998,0.007182180881500244,1.2965205907821655,0.020075565204024315,17,0.0004401266686517653
527,0.9925985336303711,0.007401466369628906,1.2980244159698486,0.020307695493102074,18,0.00041812033521917703
528,0.9927721619606018,0.007227838039398193,1.2896418571472168,0.020051978528499603,18,0.00041812033521917703
529,0.9928140044212341,0.007185995578765869,1.3022356033325195,0.02013649046421051,18,0.00041812033521917703
530,0.9929488301277161,0.0070511698722839355,1.299196481704712,0.019972622394561768,18,0.00041812033521917703
531,0.9927930235862732,0.007206976413726807,1.2877552509307861,0.02001245878636837,18,0.00041812033521917703
532,0.9930589199066162,0.006941080093383789,1.3080027103424072,0.019951697438955307,18,0.00041812033521917703
533,0.9924473762512207,0.007552623748779297,1.3012751340866089,0.020489849150180817,18,0.00041812033521917703
534,0.9928480982780457,0.007151901721954346,1.2840172052383423,0.019920554012060165,18,0.00041812033521917703
535,0.992760956287384,0.007239043712615967,1.2795525789260864,0.01996217854321003,18,0.00041812033521917703
536,0.9929118156433105,0.007088184356689453,1.2911194562911987,0.019928496330976486,18,0.00041812033521917703
537,0.9927554130554199,0.007244586944580078,1.2889666557312012,0.020061807706952095,18,0.00041812033521917703
538,0.9929959177970886,0.007004082202911377,1.2812460660934448,0.019746502861380577,18,0.00041812033521917703
539,0.9927644729614258,0.007235527038574219,1.2860708236694336,0.020023878663778305,18,0.00041812033521917703
540,0.9928472638130188,0.007152736186981201,1.2931289672851562,0.020012497901916504,18,0.00041812033521917703
541,0.9932097792625427,0.006790220737457275,1.2852144241333008,0.01957446150481701,18,0.00041812033521917703
542,0.9928175210952759,0.007182478904724121,1.2907016277313232,0.02001767046749592,18,0.00041812033521917703
543,0.9929065108299255,0.007093489170074463,1.27995765209198,0.019822129979729652,18,0.00041812033521917703
544,0.9930514693260193,0.006948530673980713,1.2802848815917969,0.019681893289089203,18,0.00041812033521917703
545,0.9928507804870605,0.007149219512939453,1.291644811630249,0.01999417506158352,18,0.00041812033521917703
546,0.9926930665969849,0.007306933403015137,1.2960041761398315,0.020193906500935555,18,0.00041812033521917703
547,0.9928773641586304,0.007122635841369629,1.2729688882827759,0.019781097769737244,18,0.00041812033521917703
548,0.9927321076393127,0.007267892360687256,1.2853230237960815,0.020048443228006363,18,0.00041812033521917703
549,0.9929078221321106,0.007092177867889404,1.2818166017532349,0.019839422777295113,18,0.00041812033521917703
550,0.9927917718887329,0.00720822811126709,1.291795015335083,0.02005409635603428,18,0.00041812033521917703
551,0.9928070306777954,0.00719296932220459,1.2904033660888672,0.020025072619318962,18,0.00041812033521917703
552,0.9927234053611755,0.007276594638824463,1.296078085899353,0.0201646089553833,18,0.00041812033521917703
553,0.9925052523612976,0.007494747638702393,1.2951592206954956,0.020371392369270325,18,0.00041812033521917703
554,0.9928115606307983,0.00718843936920166,1.2765344381332397,0.019881900399923325,18,0.00041812033521917703
555,0.9927365779876709,0.0072634220123291016,1.2878389358520508,0.020069176331162453,18,0.00041812033521917703
556,0.99273681640625,0.00726318359375,1.2935550212860107,0.0201261006295681,18,0.00041812033521917703
557,0.9927902221679688,0.00720977783203125,1.290926456451416,0.020046943798661232,18,0.00041812033521917703
558,0.9929049015045166,0.0070950984954833984,1.2743756771087646,0.01976790279150009,19,0.00039721431845821814
559,0.9929903745651245,0.007009625434875488,1.2806084156036377,0.019745614379644394,19,0.00039721431845821814
560,0.9926875233650208,0.007312476634979248,1.2913371324539185,0.020152723416686058,19,0.00039721431845821814
561,0.9927682876586914,0.007231712341308594,1.2897263765335083,0.02005665749311447,19,0.00039721431845821814
562,0.9930707216262817,0.006929278373718262,1.2850021123886108,0.019710006192326546,19,0.00039721431845821814
563,0.992744505405426,0.007255494594573975,1.2949186563491821,0.020132126286625862,19,0.00039721431845821814
564,0.9927905797958374,0.007209420204162598,1.2942637205123901,0.02007996290922165,19,0.00039721431845821814
565,0.9930160641670227,0.006983935832977295,1.2944507598876953,0.019858604297041893,19,0.00039721431845821814
566,0.9929479360580444,0.007052063941955566,1.2853797674179077,0.019835341721773148,19,0.00039721431845821814
567,0.992883026599884,0.007116973400115967,1.2834826707839966,0.01988063007593155,19,0.00039721431845821814
568,0.992810845375061,0.007189154624938965,1.2900928258895874,0.020018190145492554,19,0.00039721431845821814
569,0.992758572101593,0.007241427898406982,1.2935669422149658,0.020104683935642242,19,0.00039721431845821814
570,0.9925681352615356,0.0074318647384643555,1.2731409072875977,0.020088955760002136,19,0.00039721431845821814
571,0.9932061433792114,0.006793856620788574,1.287043571472168,0.01959635317325592,19,0.00039721431845821814
572,0.9928610324859619,0.007138967514038086,1.2844736576080322,0.019912313669919968,19,0.00039721431845821814
573,0.9926839470863342,0.0073160529136657715,1.303855538368225,0.02028144709765911,19,0.00039721431845821814
574,0.992914617061615,0.00708538293838501,1.2935549020767212,0.019950078800320625,19,0.00039721431845821814
575,0.9928639531135559,0.007136046886444092,1.2851123809814453,0.019915809854865074,19,0.00039721431845821814
576,0.9926758408546448,0.007324159145355225,1.2905583381652832,0.0201565008610487,19,0.00039721431845821814
577,0.9930366277694702,0.006963372230529785,1.2802226543426514,0.019695965573191643,19,0.00039721431845821814
578,0.9927221536636353,0.007277846336364746,1.294073462486267,0.020145803689956665,19,0.00039721431845821814
579,0.9924740791320801,0.007525920867919922,1.2965141534805298,0.02041580155491829,19,0.00039721431845821814
580,0.9929417371749878,0.007058262825012207,1.285205602645874,0.019839735701680183,19,0.00039721431845821814
581,0.9928774237632751,0.0071225762367248535,1.286962628364563,0.01992097683250904,19,0.00039721431845821814
582,0.9929604530334473,0.007039546966552734,1.2911112308502197,0.01988026313483715,19,0.00039721431845821814
583,0.992960512638092,0.007039487361907959,1.291954755783081,0.019888639450073242,19,0.00039721431845821814
584,0.9928970336914062,0.00710296630859375,1.293718695640564,0.019969122484326363,19,0.00039721431845821814
585,0.9929744005203247,0.007025599479675293,1.2784428596496582,0.019739771261811256,19,0.00039721431845821814
586,0.9927849173545837,0.00721508264541626,1.2923133373260498,0.020066063851118088,19,0.00039721431845821814
587,0.9929068088531494,0.007093191146850586,1.2884324789047241,0.019906584173440933,19,0.00039721431845821814
588,0.992871105670929,0.007128894329071045,1.278342366218567,0.01984102837741375,19,0.00039721431845821814
589,0.9926214218139648,0.007378578186035156,1.295729398727417,0.020262084901332855,20,0.0003773536025353072
590,0.992865264415741,0.007134735584259033,1.2809545993804932,0.019872933626174927,20,0.0003773536025353072
591,0.9930079579353333,0.006992042064666748,1.2876300811767578,0.01979842223227024,20,0.0003773536025353072
592,0.9928160309791565,0.007183969020843506,1.297332525253296,0.020085453987121582,20,0.0003773536025353072
593,0.9930914640426636,0.006908535957336426,1.2924072742462158,0.0197635218501091,20,0.0003773536025353072
594,0.9930379986763,0.006962001323699951,1.286975383758545,0.019762136042118073,20,0.0003773536025353072
595,0.9930501580238342,0.0069498419761657715,1.2802178859710693,0.019682522863149643,20,0.0003773536025353072
596,0.992927074432373,0.007072925567626953,1.2855931520462036,0.01985812745988369,20,0.0003773536025353072
597,0.9929443001747131,0.007055699825286865,1.283426284790039,0.019819404929876328,20,0.0003773536025353072
598,0.9931108355522156,0.006889164447784424,1.285271167755127,0.01967298425734043,20,0.0003773536025353072
599,0.9929443001747131,0.007055699825286865,1.2855002880096436,0.019840145483613014,20,0.0003773536025353072
600,0.9928829669952393,0.007117033004760742,1.2769227027893066,0.01981508918106556,20,0.0003773536025353072
601,0.9932130575180054,0.006786942481994629,1.278660535812378,0.019505679607391357,20,0.0003773536025353072
602,0.9928857684135437,0.007114231586456299,1.2800836563110352,0.019843924790620804,20,0.0003773536025353072
603,0.9926233291625977,0.007376670837402344,1.2939590215682983,0.020242493599653244,20,0.0003773536025353072
604,0.9928545355796814,0.0071454644203186035,1.2976939678192139,0.020050950348377228,20,0.0003773536025353072
605,0.9928874969482422,0.0071125030517578125,1.2975659370422363,0.02001703716814518,20,0.0003773536025353072
606,0.9930786490440369,0.006921350955963135,1.2862138748168945,0.019714275375008583,20,0.0003773536025353072
607,0.9929848313331604,0.0070151686668396,1.2869731187820435,0.01981474831700325,20,0.0003773536025353072
608,0.992881178855896,0.007118821144104004,1.2871170043945312,0.01991880312561989,20,0.0003773536025353072
609,0.9927385449409485,0.007261455059051514,1.2875866889953613,0.020064707845449448,20,0.0003773536025353072
610,0.9927213788032532,0.007278621196746826,1.2966902256011963,0.020172737538814545,20,0.0003773536025353072
611,0.9929245114326477,0.007075488567352295,1.2761540412902832,0.019766272976994514,20,0.0003773536025353072
612,0.99288409948349,0.00711590051651001,1.270222783088684,0.019746968522667885,20,0.0003773536025353072
613,0.9928932189941406,0.007106781005859375,1.2884385585784912,0.019920097663998604,20,0.0003773536025353072
614,0.9927961230278015,0.007203876972198486,1.296190619468689,0.02009374275803566,20,0.0003773536025353072
615,0.992958664894104,0.007041335105895996,1.2616558074951172,0.019587479531764984,20,0.0003773536025353072
616,0.9926635026931763,0.0073364973068237305,1.3016138076782227,0.02027926966547966,20,0.0003773536025353072
617,0.9927847981452942,0.0072152018547058105,1.2744390964508057,0.019887439906597137,20,0.0003773536025353072
618,0.9926214814186096,0.007378518581390381,1.3004112243652344,0.02030884474515915,20,0.0003773536025353072
619,0.992698073387146,0.007301926612854004,1.3080888986587524,0.020309794694185257,20,0.0003773536025353072
620,0.99293053150177,0.0070694684982299805,1.294968843460083,0.019948462024331093,21,0.0003584859224085418
621,0.9929438829421997,0.007056117057800293,1.2910434007644653,0.019895989447832108,21,0.0003584859224085418
622,0.9931103587150574,0.006889641284942627,1.271151065826416,0.019532255828380585,21,0.0003584859224085418
623,0.9930311441421509,0.006968855857849121,1.286216139793396,0.019761327654123306,21,0.0003584859224085418
624,0.9927982687950134,0.007201731204986572,1.290634036064148,0.02003605291247368,21,0.0003584859224085418
625,0.9929627776145935,0.007037222385406494,1.2883667945861816,0.01985051855444908,21,0.0003584859224085418
626,0.9929686784744263,0.0070313215255737305,1.2862424850463867,0.019823431968688965,21,0.0003584859224085418
627,0.9929474592208862,0.0070525407791137695,1.2744568586349487,0.0197265837341547,21,0.0003584859224085418
628,0.9926813244819641,0.007318675518035889,1.2790274620056152,0.0200357623398304,21,0.0003584859224085418
629,0.9927518367767334,0.0072481632232666016,1.295312523841858,0.020128807052969933,21,0.0003584859224085418
630,0.9929150938987732,0.007084906101226807,1.2906354665756226,0.019920410588383675,21,0.0003584859224085418
631,0.9929212927818298,0.007078707218170166,1.284343957901001,0.019851360470056534,21,0.0003584859224085418
632,0.9930031299591064,0.006996870040893555,1.278623104095459,0.019713133573532104,21,0.0003584859224085418
633,0.9929623007774353,0.007037699222564697,1.2717410326004028,0.01968473196029663,21,0.0003584859224085418
634,0.9929729700088501,0.007027029991149902,1.2850576639175415,0.01980733498930931,21,0.0003584859224085418
635,0.9926754832267761,0.007324516773223877,1.298645257949829,0.020237723365426064,21,0.0003584859224085418
636,0.992959201335907,0.007040798664093018,1.2974573373794556,0.019944963976740837,21,0.0003584859224085418
637,0.9929444789886475,0.007055521011352539,1.2847586870193481,0.0198325514793396,21,0.0003584859224085418
638,0.9928849935531616,0.007115006446838379,1.3026882410049438,0.020070739090442657,21,0.0003584859224085418
639,0.9928296804428101,0.007170319557189941,1.2884546518325806,0.019983163103461266,21,0.0003584859224085418
640,0.9930952787399292,0.006904721260070801,1.2820316553115845,0.019655991345643997,21,0.0003584859224085418
641,0.9931519627571106,0.006848037242889404,1.2779101133346558,0.019558656960725784,21,0.0003584859224085418
642,0.9928944110870361,0.007105588912963867,1.2968404293060303,0.0200029369443655,21,0.0003584859224085418
643,0.9927839636802673,0.007216036319732666,1.2945917844772339,0.02008979395031929,21,0.0003584859224085418
644,0.9928902387619019,0.0071097612380981445,1.2782483100891113,0.01982114650309086,21,0.0003584859224085418
645,0.9929405450820923,0.007059454917907715,1.279464602470398,0.0197835061699152,21,0.0003584859224085418
646,0.9928687810897827,0.007131218910217285,1.286742925643921,0.019927335903048515,21,0.0003584859224085418
647,0.9928927421569824,0.007107257843017578,1.2857272624969482,0.019893458113074303,21,0.0003584859224085418
648,0.9928448796272278,0.007155120372772217,1.279946208000183,0.019883031025528908,21,0.0003584859224085418
649,0.992953360080719,0.007046639919281006,1.2836236953735352,0.019812410697340965,21,0.0003584859224085418
650,0.9927611351013184,0.007238864898681641,1.283067226409912,0.01999714784324169,21,0.0003584859224085418
651,0.9930015206336975,0.00699847936630249,1.2930256128311157,0.019858749583363533,22,0.0003405616262881147
652,0.9927479028701782,0.007252097129821777,1.2871347665786743,0.02005092427134514,22,0.0003405616262881147
653,0.9930041432380676,0.006995856761932373,1.2862868309020996,0.019788766279816628,22,0.0003405616262881147
654,0.9929184913635254,0.007081508636474609,1.2886972427368164,0.019897665828466415,22,0.0003405616262881147
655,0.9929683804512024,0.007031619548797607,1.2803446054458618,0.019764749333262444,22,0.0003405616262881147
656,0.9930433630943298,0.006956636905670166,1.2832616567611694,0.0197196863591671,22,0.0003405616262881147
657,0.9928562045097351,0.007143795490264893,1.292787790298462,0.020000234246253967,22,0.0003405616262881147
658,0.9931244254112244,0.006875574588775635,1.2744128704071045,0.019550947472453117,22,0.0003405616262881147
659,0.9928489327430725,0.00715106725692749,1.2851102352142334,0.019930658861994743,22,0.0003405616262881147
660,0.9928817749023438,0.00711822509765625,1.2746233940124512,0.019793275743722916,22,0.0003405616262881147
661,0.9930359125137329,0.00696408748626709,1.2880159616470337,0.019774606451392174,22,0.0003405616262881147
662,0.9929171204566956,0.007082879543304443,1.2939482927322388,0.019951533526182175,22,0.0003405616262881147
663,0.9927111864089966,0.007288813591003418,1.2942050695419312,0.02015797607600689,22,0.0003405616262881147
664,0.9928382039070129,0.0071617960929870605,1.2882115840911865,0.019972294569015503,22,0.0003405616262881147
665,0.9931710362434387,0.006828963756561279,1.2717517614364624,0.019478190690279007,22,0.0003405616262881147
666,0.9929340481758118,0.007065951824188232,1.2949751615524292,0.019945044070482254,22,0.0003405616262881147
667,0.9931700825691223,0.0068299174308776855,1.2733978033065796,0.01949559524655342,22,0.0003405616262881147
668,0.9929014444351196,0.007098555564880371,1.2850406169891357,0.019877975806593895,22,0.0003405616262881147
669,0.9931362867355347,0.006863713264465332,1.2756096124649048,0.019551172852516174,22,0.0003405616262881147
670,0.9927433729171753,0.007256627082824707,1.3009741306304932,0.020193802192807198,22,0.0003405616262881147
671,0.9930452704429626,0.0069547295570373535,1.2769639492034912,0.01965482160449028,22,0.0003405616262881147
672,0.9932757019996643,0.006724298000335693,1.2879111766815186,0.01953616738319397,22,0.0003405616262881147
673,0.9931641817092896,0.006835818290710449,1.2720439434051514,0.0194878987967968,22,0.0003405616262881147
674,0.9928697943687439,0.0071302056312561035,1.2750699520111084,0.019809603691101074,22,0.0003405616262881147
675,0.9925854802131653,0.007414519786834717,1.293258786201477,0.020272962749004364,22,0.0003405616262881147
676,0.9929051399230957,0.007094860076904297,1.2875524759292603,0.019899435341358185,22,0.0003405616262881147
677,0.9928693771362305,0.007130622863769531,1.2811033725738525,0.019870350137352943,22,0.0003405616262881147
678,0.9931289553642273,0.006871044635772705,1.2869820594787598,0.019672155380249023,22,0.0003405616262881147
679,0.9928973317146301,0.007102668285369873,1.2877275943756104,0.01990891620516777,22,0.0003405616262881147
680,0.9930525422096252,0.006947457790374756,1.277116298675537,0.019649146124720573,22,0.0003405616262881147
681,0.9926901459693909,0.007309854030609131,1.297240972518921,0.020209165289998055,22,0.0003405616262881147
682,0.9931140542030334,0.006885945796966553,1.278327226638794,0.019600357860326767,23,0.00032353354497370894
683,0.9931326508522034,0.006867349147796631,1.273051142692566,0.019529186189174652,23,0.00032353354497370894
684,0.9929819703102112,0.007018029689788818,1.2832682132720947,0.019780531525611877,23,0.00032353354497370894
685,0.9928145408630371,0.007185459136962891,1.2845408916473389,0.019959013909101486,23,0.00032353354497370894
686,0.9929682016372681,0.007031798362731934,1.2826637029647827,0.019788116216659546,23,0.00032353354497370894
687,0.993037223815918,0.006962776184082031,1.2809110879898071,0.019702259451150894,23,0.00032353354497370894
688,0.9928459525108337,0.00715404748916626,1.2914365530014038,0.019996872171759605,23,0.00032353354497370894
689,0.9928528666496277,0.0071471333503723145,1.2813670635223389,0.019889332354068756,23,0.00032353354497370894
690,0.993058443069458,0.006941556930541992,1.277741551399231,0.019649555906653404,23,0.00032353354497370894
691,0.9931336641311646,0.006866335868835449,1.278008222579956,0.01957775466144085,23,0.00032353354497370894
692,0.99281907081604,0.007180929183959961,1.2856162786483765,0.01996528171002865,23,0.00032353354497370894
693,0.9928362965583801,0.007163703441619873,1.2804396152496338,0.019896462559700012,23,0.00032353354497370894
694,0.9929737448692322,0.007026255130767822,1.2725262641906738,0.019681254401803017,23,0.00032353354497370894
695,0.993169367313385,0.00683063268661499,1.269970417022705,0.01946203038096428,23,0.00032353354497370894
696,0.9930424094200134,0.006957590579986572,1.2873895168304443,0.019761908799409866,23,0.00032353354497370894
697,0.9929728507995605,0.007027149200439453,1.298167109489441,0.019938549026846886,23,0.00032353354497370894
698,0.9927690625190735,0.007230937480926514,1.2868897914886475,0.0200275257229805,23,0.00032353354497370894
699,0.9930553436279297,0.0069446563720703125,1.2825982570648193,0.019701192155480385,23,0.00032353354497370894
700,0.9930126667022705,0.006987333297729492,1.2919903993606567,0.019837364554405212,23,0.00032353354497370894
701,0.9930523037910461,0.006947696208953857,1.2885485887527466,0.019763704389333725,23,0.00032353354497370894
702,0.9930102229118347,0.006989777088165283,1.2875771522521973,0.019795650616288185,23,0.00032353354497370894
703,0.9928188920021057,0.007181107997894287,1.2845927476882935,0.0199552234262228,23,0.00032353354497370894
704,0.9930276274681091,0.006972372531890869,1.2806180715560913,0.01970883086323738,23,0.00032353354497370894
705,0.992781400680542,0.007218599319458008,1.2918540239334106,0.020064953714609146,23,0.00032353354497370894
706,0.9928882718086243,0.007111728191375732,1.2843778133392334,0.019884388893842697,23,0.00032353354497370894
707,0.9931278228759766,0.0068721771240234375,1.286834478378296,0.01967179961502552,23,0.00032353354497370894
708,0.9930093884468079,0.006990611553192139,1.2848514318466187,0.019769219681620598,23,0.00032353354497370894
709,0.9930406212806702,0.006959378719329834,1.2911310195922852,0.019801095128059387,23,0.00032353354497370894
710,0.9930135607719421,0.006986439228057861,1.2866219282150269,0.019782792776823044,23,0.00032353354497370894
711,0.9927743673324585,0.007225632667541504,1.295802116394043,0.02011139690876007,23,0.00032353354497370894
712,0.9929484724998474,0.007051527500152588,1.2701410055160522,0.019682422280311584,23,0.00032353354497370894
713,0.9929879307746887,0.007012069225311279,1.2939181327819824,0.019881129264831543,24,0.00030735686772502346
714,0.9930992722511292,0.00690072774887085,1.2809457778930664,0.019641177728772163,24,0.00030735686772502346
715,0.9929684400558472,0.007031559944152832,1.2937750816345215,0.019898995757102966,24,0.00030735686772502346
716,0.9929155707359314,0.0070844292640686035,1.2798322439193726,0.019811907783150673,24,0.00030735686772502346
717,0.9929043650627136,0.007095634937286377,1.287177562713623,0.019896455109119415,24,0.00030735686772502346
718,0.9932498931884766,0.0067501068115234375,1.2785168886184692,0.019467774778604507,24,0.00030735686772502346
719,0.992999255657196,0.007000744342803955,1.2743130922317505,0.019673867151141167,24,0.00030735686772502346
720,0.9929467439651489,0.007053256034851074,1.2870409488677979,0.0198531337082386,24,0.00030735686772502346
721,0.9930592775344849,0.006940722465515137,1.2815871238708496,0.019687186926603317,24,0.00030735686772502346
722,0.9930642247200012,0.006935775279998779,1.2810802459716797,0.019677219912409782,24,0.00030735686772502346
723,0.9929101467132568,0.007089853286743164,1.2810816764831543,0.019829770550131798,24,0.00030735686772502346
724,0.992949903011322,0.0070500969886779785,1.2905452251434326,0.019885048270225525,24,0.00030735686772502346
725,0.9930375814437866,0.006962418556213379,1.2819490432739258,0.019712284207344055,24,0.00030735686772502346
726,0.9928843975067139,0.007115602493286133,1.2679619789123535,0.01972406730055809,24,0.00030735686772502346
727,0.9927630424499512,0.007236957550048828,1.289305329322815,0.020057640969753265,24,0.00030735686772502346
728,0.9931941628456116,0.006805837154388428,1.2851682901382446,0.019589461386203766,24,0.00030735686772502346
729,0.9928605556488037,0.007139444351196289,1.2849764823913574,0.019917815923690796,24,0.00030735686772502346
730,0.9928783774375916,0.007121622562408447,1.286263108253479,0.01991303637623787,24,0.00030735686772502346
731,0.9927999377250671,0.007200062274932861,1.28311026096344,0.019959162920713425,24,0.00030735686772502346
732,0.9928990602493286,0.007100939750671387,1.2866129875183105,0.01989606022834778,24,0.00030735686772502346
733,0.9929999113082886,0.007000088691711426,1.2972252368927002,0.019902341067790985,24,0.00030735686772502346
734,0.9930770397186279,0.00692296028137207,1.2833071947097778,0.019686803221702576,24,0.00030735686772502346
735,0.9931931495666504,0.006806850433349609,1.2915681600570679,0.019654463976621628,24,0.00030735686772502346
736,0.9929890036582947,0.007010996341705322,1.270151138305664,0.01964239776134491,24,0.00030735686772502346
737,0.9929021000862122,0.007097899913787842,1.2864586114883423,0.019891507923603058,24,0.00030735686772502346
738,0.993070662021637,0.006929337978363037,1.2756699323654175,0.01961674354970455,24,0.00030735686772502346
739,0.9927834272384644,0.0072165727615356445,1.2819494009017944,0.019963901489973068,24,0.00030735686772502346
740,0.9931280612945557,0.006871938705444336,1.2846893072128296,0.019650112837553024,24,0.00030735686772502346
741,0.9929951429367065,0.007004857063293457,1.2700241804122925,0.019635049626231194,24,0.00030735686772502346
742,0.9928207397460938,0.00717926025390625,1.293746829032898,0.02004493586719036,24,0.00030735686772502346
743,0.9928081631660461,0.007191836833953857,1.2925370931625366,0.020045289769768715,24,0.00030735686772502346
744,0.9928861260414124,0.0071138739585876465,1.2938504219055176,0.01998123899102211,25,0.00029198902433877225
745,0.9928250908851624,0.0071749091148376465,1.2861377000808716,0.019964536651968956,25,0.00029198902433877225
746,0.9930760264396667,0.006923973560333252,1.2873914241790771,0.01972864754498005,25,0.00029198902433877225
747,0.9931780695915222,0.006821930408477783,1.276552677154541,0.01951923780143261,25,0.00029198902433877225
748,0.9931679368019104,0.0068320631980896,1.2871003150939941,0.01963474601507187,25,0.00029198902433877225
749,0.9930596351623535,0.006940364837646484,1.2857654094696045,0.019728615880012512,25,0.00029198902433877225
750,0.9931495189666748,0.006850481033325195,1.2838371992111206,0.019620347768068314,25,0.00029198902433877225
751,0.9932482838630676,0.006751716136932373,1.2800896167755127,0.019485093653202057,25,0.00029198902433877225
752,0.9929200410842896,0.007079958915710449,1.2956420183181763,0.019965579733252525,25,0.00029198902433877225
753,0.9930005073547363,0.006999492645263672,1.2668339014053345,0.019597835838794708,25,0.00029198902433877225
754,0.9929543733596802,0.007045626640319824,1.2634031772613525,0.019609201699495316,25,0.00029198902433877225
755,0.9927418828010559,0.007258117198944092,1.2986234426498413,0.020171770825982094,25,0.00029198902433877225
756,0.993054986000061,0.006945013999938965,1.2864583730697632,0.0197401475161314,25,0.00029198902433877225
757,0.9929153323173523,0.007084667682647705,1.2885361909866333,0.01989918202161789,25,0.00029198902433877225
758,0.9930369853973389,0.006963014602661133,1.290236234664917,0.019795747473835945,25,0.00029198902433877225
759,0.9928774237632751,0.0071225762367248535,1.276752233505249,0.019818872213363647,25,0.00029198902433877225
760,0.9930628538131714,0.006937146186828613,1.2820583581924438,0.019688356667757034,25,0.00029198902433877225
761,0.9930101037025452,0.006989896297454834,1.2925968170166016,0.01984596438705921,25,0.00029198902433877225
762,0.9929499626159668,0.007050037384033203,1.2802608013153076,0.01978214457631111,25,0.00029198902433877225
763,0.9929952025413513,0.007004797458648682,1.2810683250427246,0.01974543184041977,25,0.00029198902433877225
764,0.9930585026741028,0.006941497325897217,1.2843654155731201,0.01971573568880558,25,0.00029198902433877225
765,0.9929152131080627,0.007084786891937256,1.2821776866912842,0.019835716113448143,25,0.00029198902433877225
766,0.9931023120880127,0.006897687911987305,1.2759103775024414,0.019587814807891846,25,0.00029198902433877225
767,0.9929426908493042,0.007057309150695801,1.2779356241226196,0.01976609230041504,25,0.00029198902433877225
768,0.992904007434845,0.007095992565155029,1.2721027135849,0.01974605955183506,25,0.00029198902433877225
769,0.9931289553642273,0.006871044635772705,1.2797709703445435,0.019600044935941696,25,0.00029198902433877225
770,0.9930031299591064,0.006996870040893555,1.2804515361785889,0.019731417298316956,25,0.00029198902433877225
771,0.9930052757263184,0.006994724273681641,1.2807393074035645,0.019732169806957245,25,0.00029198902433877225
772,0.9929292798042297,0.007070720195770264,1.2834014892578125,0.01983402669429779,25,0.00029198902433877225
773,0.9930941462516785,0.006905853748321533,1.2893121242523193,0.019729916006326675,25,0.00029198902433877225
774,0.9929904937744141,0.0070095062255859375,1.2776402235031128,0.0197158120572567,25,0.00029198902433877225
775,0.992977499961853,0.007022500038146973,1.2770006656646729,0.019722281023859978,26,0.00027738957312183364
776,0.9928378462791443,0.007162153720855713,1.2876147031784058,0.01996667869389057,26,0.00027738957312183364
777,0.9928469657897949,0.007153034210205078,1.2824653387069702,0.01990615576505661,26,0.00027738957312183364
778,0.9931613206863403,0.006838679313659668,1.2738558053970337,0.01950884982943535,26,0.00027738957312183364
779,0.9928057193756104,0.0071942806243896484,1.2873408794403076,0.01999574527144432,26,0.00027738957312183364
780,0.9933950901031494,0.006604909896850586,1.2652528285980225,0.01919138804078102,26,0.00027738957312183364
781,0.992965817451477,0.007034182548522949,1.289729356765747,0.01986113376915455,26,0.00027738957312183364
782,0.9930611848831177,0.006938815116882324,1.2673931121826172,0.01954335719347,26,0.00027738957312183364
783,0.9930679798126221,0.00693202018737793,1.2827026844024658,0.01968972757458687,26,0.00027738957312183364
784,0.9930822253227234,0.006917774677276611,1.2950019836425781,0.01979861781001091,26,0.00027738957312183364
785,0.9932520389556885,0.0067479610443115234,1.2788337469100952,0.019468817859888077,26,0.00027738957312183364
786,0.9931393265724182,0.006860673427581787,1.2751741409301758,0.019543807953596115,26,0.00027738957312183364
787,0.9929131269454956,0.0070868730545043945,1.2896614074707031,0.01991261914372444,26,0.00027738957312183364
788,0.9932656288146973,0.006734371185302734,1.2723720073699951,0.01939074695110321,26,0.00027738957312183364
789,0.9930130839347839,0.0069869160652160645,1.2916079759597778,0.019833127036690712,26,0.00027738957312183364
790,0.9928890466690063,0.007110953330993652,1.288984775543213,0.019929692149162292,26,0.00027738957312183364
791,0.9931588768959045,0.006841123104095459,1.275889277458191,0.019531603902578354,26,0.00027738957312183364
792,0.9931495785713196,0.00685042142868042,1.2745821475982666,0.01952773705124855,26,0.00027738957312183364
793,0.9932074546813965,0.006792545318603516,1.2840410470962524,0.019565029069781303,26,0.00027738957312183364
794,0.992946445941925,0.007053554058074951,1.285749077796936,0.019840508699417114,26,0.00027738957312183364
795,0.9931241273880005,0.006875872611999512,1.2786072492599487,0.019593186676502228,26,0.00027738957312183364
796,0.9929456114768982,0.007054388523101807,1.2847875356674194,0.019831720739603043,26,0.00027738957312183364
797,0.9930674433708191,0.006932556629180908,1.2795424461364746,0.019658654928207397,26,0.00027738957312183364
798,0.9928385615348816,0.007161438465118408,1.2887566089630127,0.01997738890349865,26,0.00027738957312183364
799,0.9930874705314636,0.006912529468536377,1.2883614301681519,0.019727017730474472,26,0.00027738957312183364
800,0.9928920865058899,0.007107913494110107,1.2807008028030396,0.019843842834234238,26,0.00027738957312183364
801,0.9927372932434082,0.007262706756591797,1.2918692827224731,0.020108772441744804,26,0.00027738957312183364
802,0.9932172894477844,0.006782710552215576,1.2668968439102173,0.019383851438760757,26,0.00027738957312183364
803,0.9931468367576599,0.006853163242340088,1.278874158859253,0.01957337185740471,26,0.00027738957312183364
804,0.9929197430610657,0.007080256938934326,1.2848842144012451,0.01985829696059227,26,0.00027738957312183364
805,0.9930824041366577,0.006917595863342285,1.2797198295593262,0.01964561827480793,26,0.00027738957312183364
806,0.9930570721626282,0.006942927837371826,1.277334451675415,0.019646842032670975,27,0.0002635200944657419
807,0.9930245876312256,0.006975412368774414,1.270284652709961,0.019608505070209503,27,0.0002635200944657419
808,0.9932859539985657,0.006714046001434326,1.2713559865951538,0.019360465928912163,27,0.0002635200944657419
809,0.9931303262710571,0.006869673728942871,1.2860867977142334,0.01966184563934803,27,0.0002635200944657419
810,0.9931522607803345,0.006847739219665527,1.2790155410766602,0.019569415599107742,27,0.0002635200944657419
811,0.9932435750961304,0.006756424903869629,1.2962359189987183,0.019651219248771667,27,0.0002635200944657419
812,0.9929560422897339,0.007043957710266113,1.2783243656158447,0.019756760448217392,27,0.0002635200944657419
813,0.9930721521377563,0.006927847862243652,1.2810773849487305,0.019669342786073685,27,0.0002635200944657419
814,0.9931360483169556,0.006863951683044434,1.2755569219589233,0.019550882279872894,27,0.0002635200944657419
815,0.992874264717102,0.007125735282897949,1.2846623659133911,0.019901100546121597,27,0.0002635200944657419
816,0.9930602312088013,0.0069397687911987305,1.285130262374878,0.01972167380154133,27,0.0002635200944657419
817,0.9929887652397156,0.007011234760284424,1.295785665512085,0.019898978993296623,27,0.0002635200944657419
818,0.9930481314659119,0.006951868534088135,1.274391531944275,0.01962626539170742,27,0.0002635200944657419
819,0.9929508566856384,0.007049143314361572,1.2916125059127808,0.019894776865839958,27,0.0002635200944657419
820,0.9927966594696045,0.007203340530395508,1.2823392152786255,0.019954700022935867,27,0.0002635200944657419
821,0.9929717779159546,0.00702822208404541,1.283776879310608,0.01979570835828781,27,0.0002635200944657419
822,0.9932200312614441,0.006779968738555908,1.2844500541687012,0.019556669518351555,27,0.0002635200944657419
823,0.9930160045623779,0.00698399543762207,1.2892285585403442,0.01980644091963768,27,0.0002635200944657419
824,0.9929941296577454,0.007005870342254639,1.2710275650024414,0.019646085798740387,27,0.0002635200944657419
825,0.9931477308273315,0.006852269172668457,1.2780951261520386,0.01956469751894474,27,0.0002635200944657419
826,0.9931765198707581,0.006823480129241943,1.280625820159912,0.01956150308251381,27,0.0002635200944657419
827,0.9931514263153076,0.006848573684692383,1.2783745527267456,0.019563833251595497,27,0.0002635200944657419
828,0.993367612361908,0.006632387638092041,1.2705421447753906,0.01927148550748825,27,0.0002635200944657419
829,0.9929578304290771,0.0070421695709228516,1.290688395500183,0.019878631457686424,27,0.0002635200944657419
830,0.9929617047309875,0.007038295269012451,1.2812045812606812,0.019779957830905914,27,0.0002635200944657419
831,0.9929214715957642,0.00707852840423584,1.2867624759674072,0.01987536810338497,27,0.0002635200944657419
832,0.9930794835090637,0.006920516490936279,1.275079369544983,0.019602105021476746,27,0.0002635200944657419
833,0.993087649345398,0.006912350654602051,1.278066873550415,0.0196238961070776,27,0.0002635200944657419
834,0.992957592010498,0.007042407989501953,1.271776556968689,0.01968974992632866,27,0.0002635200944657419
835,0.9929742217063904,0.007025778293609619,1.2754989862442017,0.019710510969161987,27,0.0002635200944657419
836,0.9930288791656494,0.006971120834350586,1.2731480598449707,0.019632890820503235,27,0.0002635200944657419
837,0.993086576461792,0.006913423538208008,1.297896146774292,0.01982324942946434,28,0.0002503440897424548
838,0.9929936528205872,0.007006347179412842,1.2927120923995972,0.01986340433359146,28,0.0002503440897424548
839,0.9930363893508911,0.006963610649108887,1.2790290117263794,0.019684264436364174,28,0.0002503440897424548
840,0.9928063750267029,0.007193624973297119,1.2847343683242798,0.01996903121471405,28,0.0002503440897424548
841,0.993029773235321,0.006970226764678955,1.2736968994140625,0.019637493416666985,28,0.0002503440897424548
842,0.9933539032936096,0.006646096706390381,1.280441403388977,0.019384048879146576,28,0.0002503440897424548
843,0.9933780431747437,0.006621956825256348,1.2811566591262817,0.01936730369925499,28,0.0002503440897424548
844,0.9930742979049683,0.006925702095031738,1.2857654094696045,0.019714098423719406,28,0.0002503440897424548
845,0.9931835532188416,0.006816446781158447,1.277385950088501,0.01952214166522026,28,0.0002503440897424548
846,0.9930642247200012,0.006935775279998779,1.2765156030654907,0.01963157393038273,28,0.0002503440897424548
847,0.9930058121681213,0.006994187831878662,1.2797167301177979,0.019721413031220436,28,0.0002503440897424548
848,0.9930749535560608,0.006925046443939209,1.2688698768615723,0.019544493407011032,28,0.0002503440897424548
849,0.9931338429450989,0.006866157054901123,1.284412145614624,0.019641617313027382,28,0.0002503440897424548
850,0.9931704998016357,0.006829500198364258,1.2828949689865112,0.01959015429019928,28,0.0002503440897424548
851,0.9931601881980896,0.0068398118019104,1.2937077283859253,0.01970849186182022,28,0.0002503440897424548
852,0.9930443167686462,0.00695568323135376,1.283392071723938,0.01972004771232605,28,0.0002503440897424548
853,0.9930598139762878,0.006940186023712158,1.279581069946289,0.01966659538447857,28,0.0002503440897424548
854,0.992943525314331,0.007056474685668945,1.2810238599777222,0.01979614794254303,28,0.0002503440897424548
855,0.9931298494338989,0.006870150566101074,1.2690685987472534,0.01949213445186615,28,0.0002503440897424548
856,0.9929059743881226,0.007094025611877441,1.2875453233718872,0.019898537546396255,28,0.0002503440897424548
857,0.9931073784828186,0.0068926215171813965,1.2731939554214478,0.01955563575029373,28,0.0002503440897424548
858,0.9929736852645874,0.007026314735412598,1.2829718589782715,0.019785769283771515,28,0.0002503440897424548
859,0.9930517673492432,0.006948232650756836,1.2767002582550049,0.019645752385258675,28,0.0002503440897424548
860,0.9931250214576721,0.006874978542327881,1.2685810327529907,0.01949203945696354,28,0.0002503440897424548
861,0.9930323958396912,0.006967604160308838,1.2619571685791016,0.019517499953508377,28,0.0002503440897424548
862,0.9932122230529785,0.006787776947021484,1.2713806629180908,0.019433706998825073,28,0.0002503440897424548
863,0.9930362105369568,0.006963789463043213,1.2792786359786987,0.01968693733215332,28,0.0002503440897424548
864,0.9930503964424133,0.00694960355758667,1.2856831550598145,0.019736938178539276,28,0.0002503440897424548
865,0.9931690692901611,0.006830930709838867,1.2735486030578613,0.019498107954859734,28,0.0002503440897424548
866,0.9929117560386658,0.0070882439613342285,1.2850403785705566,0.01986776478588581,28,0.0002503440897424548
867,0.9932284355163574,0.006771564483642578,1.2862052917480469,0.019565902650356293,28,0.0002503440897424548
868,0.9929515719413757,0.007048428058624268,1.2954580783843994,0.019932523369789124,29,0.00023782688525533205
869,0.9928395748138428,0.0071604251861572266,1.283321499824524,0.019922034814953804,29,0.00023782688525533205
870,0.9930348992347717,0.0069651007652282715,1.2769279479980469,0.01966472901403904,29,0.00023782688525533205
871,0.993100106716156,0.006899893283843994,1.2761244773864746,0.01959213986992836,29,0.00023782688525533205
872,0.9930769801139832,0.006923019886016846,1.2832845449447632,0.019686635583639145,29,0.00023782688525533205
873,0.9931957721710205,0.006804227828979492,1.2783584594726562,0.01951976865530014,29,0.00023782688525533205
874,0.9931750893592834,0.006824910640716553,1.2598426342010498,0.019355088472366333,29,0.00023782688525533205
875,0.9930242896080017,0.006975710391998291,1.28219473361969,0.019727900624275208,29,0.00023782688525533205
876,0.9930952191352844,0.006904780864715576,1.283277153968811,0.01966850459575653,29,0.00023782688525533205
877,0.9929508566856384,0.007049143314361572,1.284672498703003,0.019825376570224762,29,0.00023782688525533205
878,0.9931619167327881,0.006838083267211914,1.2785260677337646,0.01955496333539486,29,0.00023782688525533205
879,0.9931246042251587,0.006875395774841309,1.2703484296798706,0.01951012574136257,29,0.00023782688525533205
880,0.9932923913002014,0.006707608699798584,1.2704861164093018,0.019345393404364586,29,0.00023782688525533205
881,0.9932745695114136,0.006725430488586426,1.2868903875350952,0.019527079537510872,29,0.00023782688525533205
882,0.9932769536972046,0.00672304630279541,1.2716683149337769,0.019372498616576195,29,0.00023782688525533205
883,0.9934329390525818,0.006567060947418213,1.2649794816970825,0.01915118470788002,29,0.00023782688525533205
884,0.9932423830032349,0.006757616996765137,1.270683765411377,0.01939687877893448,29,0.00023782688525533205
885,0.9930304288864136,0.006969571113586426,1.282124400138855,0.019721120595932007,29,0.00023782688525533205
886,0.9929426312446594,0.007057368755340576,1.2757627964019775,0.019744422286748886,29,0.00023782688525533205
887,0.9930302500724792,0.006969749927520752,1.2750664949417114,0.019650716334581375,29,0.00023782688525533205
888,0.9929378032684326,0.007062196731567383,1.280842900276184,0.019800003618001938,29,0.00023782688525533205
889,0.9931411147117615,0.006858885288238525,1.2802448272705078,0.01959274522960186,29,0.00023782688525533205
890,0.9928911924362183,0.007108807563781738,1.280599594116211,0.01984371617436409,29,0.00023782688525533205
891,0.992962121963501,0.0070378780364990234,1.3013283014297485,0.01998078264296055,29,0.00023782688525533205
892,0.9931703805923462,0.006829619407653809,1.2724885940551758,0.019486209377646446,29,0.00023782688525533205
893,0.9930402636528015,0.006959736347198486,1.2837196588516235,0.01972733624279499,29,0.00023782688525533205
894,0.993137776851654,0.006862223148345947,1.275671124458313,0.01955031231045723,29,0.00023782688525533205
895,0.993071973323822,0.0069280266761779785,1.2705039978027344,0.019563786685466766,29,0.00023782688525533205
896,0.9932041168212891,0.0067958831787109375,1.2901482582092285,0.019629407674074173,29,0.00023782688525533205
897,0.9929927587509155,0.007007241249084473,1.2858401536941528,0.019795570522546768,29,0.00023782688525533205
898,0.9932878613471985,0.006712138652801514,1.283423900604248,0.019479256123304367,29,0.00023782688525533205
899,0.9930166006088257,0.006983399391174316,1.2866230010986328,0.01977979578077793,30,0.00022593554099256544
900,0.993072509765625,0.006927490234375,1.2801716327667236,0.01965993084013462,30,0.00022593554099256544
901,0.9930058121681213,0.006994187831878662,1.2814704179763794,0.019738949835300446,30,0.00022593554099256544
902,0.993036150932312,0.006963849067687988,1.2786942720413208,0.019681153818964958,30,0.00022593554099256544
903,0.9931868314743042,0.006813168525695801,1.2742557525634766,0.019487593322992325,30,0.00022593554099256544
904,0.9930606484413147,0.006939351558685303,1.2892444133758545,0.019762402400374413,30,0.00022593554099256544
905,0.993334949016571,0.006665050983428955,1.2795395851135254,0.0193937961012125,30,0.00022593554099256544
906,0.9931838512420654,0.00681614875793457,1.2715014219284058,0.01946300081908703,30,0.00022593554099256544
907,0.9930950999259949,0.006904900074005127,1.2839818000793457,0.019675668329000473,30,0.00022593554099256544
908,0.9932671189308167,0.00673288106918335,1.262396216392517,0.019289514049887657,30,0.00022593554099256544
909,0.99323570728302,0.0067642927169799805,1.2696632146835327,0.019393282011151314,30,0.00022593554099256544
910,0.9930003881454468,0.006999611854553223,1.294439673423767,0.01987401209771633,30,0.00022593554099256544
911,0.9930679798126221,0.00693202018737793,1.278077244758606,0.019643472507596016,30,0.00022593554099256544
912,0.9929056763648987,0.007094323635101318,1.2819857597351074,0.019843237474560738,30,0.00022593554099256544
913,0.9933180809020996,0.006681919097900391,1.2699000835418701,0.019314100965857506,30,0.00022593554099256544
914,0.99310302734375,0.00689697265625,1.2730375528335571,0.0195583775639534,30,0.00022593554099256544
915,0.9931468367576599,0.006853163242340088,1.2767130136489868,0.01955176144838333,30,0.00022593554099256544
916,0.9931378960609436,0.0068621039390563965,1.269611120223999,0.0194895938038826,30,0.00022593554099256544
917,0.993108332157135,0.00689166784286499,1.2852895259857178,0.019675645977258682,30,0.00022593554099256544
918,0.9930443167686462,0.00695568323135376,1.2796049118041992,0.019682176411151886,30,0.00022593554099256544
919,0.9930523633956909,0.006947636604309082,1.2824454307556152,0.019702615216374397,30,0.00022593554099256544
920,0.9932292699813843,0.006770730018615723,1.2672219276428223,0.019375242292881012,30,0.00022593554099256544
921,0.9932823181152344,0.006717681884765625,1.2837542295455933,0.019488047808408737,30,0.00022593554099256544
922,0.993319034576416,0.006680965423583984,1.2775287628173828,0.01938944309949875,30,0.00022593554099256544
923,0.9931727051734924,0.006827294826507568,1.28045654296875,0.0195635873824358,30,0.00022593554099256544
924,0.992834210395813,0.007165789604187012,1.2885979413986206,0.019980110228061676,30,0.00022593554099256544
925,0.9930373430252075,0.0069626569747924805,1.2767647504806519,0.019660677760839462,30,0.00022593554099256544
926,0.9930621385574341,0.006937861442565918,1.2783896923065186,0.01965237967669964,30,0.00022593554099256544
927,0.9931104183197021,0.0068895816802978516,1.2814959287643433,0.019635643810033798,30,0.00022593554099256544
928,0.9932727217674255,0.006727278232574463,1.2645180225372314,0.019305186346173286,30,0.00022593554099256544
929,0.9928727746009827,0.007127225399017334,1.285882830619812,0.01991477981209755,30,0.00022593554099256544
930,0.9932324290275574,0.006767570972442627,1.270063042640686,0.019400525838136673,31,0.00021463876394293716
931,0.9932992458343506,0.006700754165649414,1.278294563293457,0.01941669173538685,31,0.00021463876394293716
932,0.9930025339126587,0.006997466087341309,1.2915239334106445,0.019842730835080147,31,0.00021463876394293716
933,0.9933117628097534,0.006688237190246582,1.2760965824127197,0.01938232034444809,31,0.00021463876394293716
934,0.9931831359863281,0.006816864013671875,1.2824046611785889,0.01957274228334427,31,0.00021463876394293716
935,0.9928027987480164,0.007197201251983643,1.282680869102478,0.019952038303017616,31,0.00021463876394293716
936,0.9932355284690857,0.006764471530914307,1.2706665992736816,0.01940349116921425,31,0.00021463876394293716
937,0.9930629134178162,0.006937086582183838,1.269968032836914,0.019567396491765976,31,0.00021463876394293716
938,0.9929067492485046,0.007093250751495361,1.2873632907867432,0.019895952194929123,31,0.00021463876394293716
939,0.9932036995887756,0.006796300411224365,1.2741270065307617,0.01946960762143135,31,0.00021463876394293716
940,0.9927197098731995,0.007280290126800537,1.2905220985412598,0.02011270821094513,31,0.00021463876394293716
941,0.9931896924972534,0.006810307502746582,1.2918202877044678,0.019660405814647675,31,0.00021463876394293716
942,0.9930450320243835,0.006954967975616455,1.2757041454315186,0.019642459228634834,31,0.00021463876394293716
943,0.9934355616569519,0.006564438343048096,1.267975926399231,0.01917855441570282,31,0.00021463876394293716
944,0.9931053519248962,0.00689464807510376,1.2766855955123901,0.019592557102441788,31,0.00021463876394293716
945,0.993127703666687,0.006872296333312988,1.2777819633483887,0.019581392407417297,31,0.00021463876394293716
946,0.9932820796966553,0.0067179203033447266,1.27638578414917,0.019414599984884262,31,0.00021463876394293716
947,0.9931324124336243,0.006867587566375732,1.2730586528778076,0.019529499113559723,31,0.00021463876394293716
948,0.9932164549827576,0.006783545017242432,1.2666306495666504,0.019382016733288765,31,0.00021463876394293716
949,0.9930853843688965,0.006914615631103516,1.2846853733062744,0.019692324101924896,31,0.00021463876394293716
950,0.993212103843689,0.006787896156311035,1.2642735242843628,0.01936275139451027,31,0.00021463876394293716
951,0.9929800629615784,0.007019937038421631,1.2804195880889893,0.01975393295288086,31,0.00021463876394293716
952,0.993143618106842,0.006856381893157959,1.2775359153747559,0.01956317573785782,31,0.00021463876394293716
953,0.9931060075759888,0.0068939924240112305,1.2682937383651733,0.019507989287376404,31,0.00021463876394293716
954,0.9930761456489563,0.006923854351043701,1.2824642658233643,0.01967925950884819,31,0.00021463876394293716
955,0.9930112361907959,0.0069887638092041016,1.2824068069458008,0.019742943346500397,31,0.00021463876394293716
956,0.9931986927986145,0.006801307201385498,1.2738946676254272,0.019472241401672363,31,0.00021463876394293716
957,0.9932894706726074,0.006710529327392578,1.2756582498550415,0.019400006160140038,31,0.00021463876394293716
958,0.9932419061660767,0.00675809383392334,1.2761484384536743,0.019451996311545372,31,0.00021463876394293716
959,0.9932215809822083,0.006778419017791748,1.2902281284332275,0.019612915813922882,31,0.00021463876394293716
960,0.9930041432380676,0.006995856761932373,1.2721900939941406,0.01964779943227768,31,0.00021463876394293716
961,0.9930824041366577,0.006917595863342285,1.2750414609909058,0.019598834216594696,32,0.0002039068257457903
962,0.993245542049408,0.006754457950592041,1.268444538116455,0.019371358677744865,32,0.0002039068257457903
963,0.993256151676178,0.0067438483238220215,1.2740832567214966,0.01941724121570587,32,0.0002039068257457903
964,0.9931040406227112,0.006895959377288818,1.2735860347747803,0.0195628609508276,32,0.0002039068257457903
965,0.9930385947227478,0.006961405277252197,1.280777096748352,0.019699562340974808,32,0.0002039068257457903
966,0.993137538433075,0.006862461566925049,1.2829294204711914,0.019623130559921265,32,0.0002039068257457903
967,0.9928414821624756,0.007158517837524414,1.2948124408721924,0.02003505639731884,32,0.0002039068257457903
968,0.9930640459060669,0.0069359540939331055,1.2871522903442383,0.01973811723291874,32,0.0002039068257457903
969,0.993335485458374,0.0066645145416259766,1.2809851169586182,0.019407721236348152,32,0.0002039068257457903
970,0.9931953549385071,0.00680464506149292,1.276244044303894,0.01949903927743435,32,0.0002039068257457903
971,0.9929688572883606,0.007031142711639404,1.276921272277832,0.019730042666196823,32,0.0002039068257457903
972,0.9931705594062805,0.006829440593719482,1.2608747482299805,0.01936989277601242,32,0.0002039068257457903
973,0.9931368827819824,0.006863117218017578,1.2653882503509521,0.01944836974143982,32,0.0002039068257457903
974,0.9932442307472229,0.0067557692527771,1.281107783317566,0.019499288871884346,32,0.0002039068257457903
975,0.9932025074958801,0.006797492504119873,1.2717260122299194,0.019446777179837227,32,0.0002039068257457903
976,0.9930917024612427,0.006908297538757324,1.28281831741333,0.019667398184537888,32,0.0002039068257457903
977,0.9932271838188171,0.006772816181182861,1.2791314125061035,0.019496401771903038,32,0.0002039068257457903
978,0.9931862950325012,0.006813704967498779,1.280705213546753,0.019552620127797127,32,0.0002039068257457903
979,0.9929931163787842,0.00700688362121582,1.2806203365325928,0.019743017852306366,32,0.0002039068257457903
980,0.9930856227874756,0.006914377212524414,1.2877440452575684,0.019722674041986465,32,0.0002039068257457903
981,0.993045449256897,0.006954550743103027,1.2818143367767334,0.019703147932887077,32,0.0002039068257457903
982,0.9929971694946289,0.007002830505371094,1.2789884805679321,0.01972268708050251,32,0.0002039068257457903
983,0.9932772517204285,0.006722748279571533,1.2701247930526733,0.01935676857829094,32,0.0002039068257457903
984,0.9930675029754639,0.006932497024536133,1.279546856880188,0.019658640027046204,32,0.0002039068257457903
985,0.9930704832077026,0.006929516792297363,1.2815250158309937,0.019675470888614655,32,0.0002039068257457903
986,0.9931142926216125,0.006885707378387451,1.2814514636993408,0.019631365314126015,32,0.0002039068257457903
987,0.9932283759117126,0.0067716240882873535,1.283918857574463,0.01954309642314911,32,0.0002039068257457903
988,0.9933181405067444,0.006681859493255615,1.258805274963379,0.01920309290289879,32,0.0002039068257457903
989,0.9932815432548523,0.006718456745147705,1.269838809967041,0.019349660724401474,32,0.0002039068257457903
990,0.993277370929718,0.006722629070281982,1.278709053993225,0.019442493095993996,32,0.0002039068257457903
991,0.9931341409683228,0.006865859031677246,1.2760133743286133,0.01955733448266983,32,0.0002039068257457903
992,0.9931442737579346,0.00685572624206543,1.2820539474487305,0.019607707858085632,33,0.00019371148445850077
993,0.9932926297187805,0.006707370281219482,1.2729426622390747,0.01936972141265869,33,0.00019371148445850077
994,0.9930812120437622,0.006918787956237793,1.2779672145843506,0.01962927170097828,33,0.00019371148445850077
995,0.9931902289390564,0.0068097710609436035,1.281532645225525,0.01955699920654297,33,0.00019371148445850077
996,0.9930021166801453,0.006997883319854736,1.284085750579834,0.019768761470913887,33,0.00019371148445850077
997,0.9931700825691223,0.0068299174308776855,1.2902765274047852,0.019664382562041283,33,0.00019371148445850077
998,0.9930844306945801,0.006915569305419922,1.2794585227966309,0.019640998914837837,33,0.00019371148445850077
999,0.993155300617218,0.006844699382781982,1.2685855627059937,0.019462106749415398,33,0.00019371148445850077
1000,0.9933941960334778,0.006605803966522217,1.2689284086227417,0.01922903023660183,33,0.00019371148445850077
1001,0.9932739734649658,0.00672602653503418,1.2743070125579834,0.01940183714032173,33,0.00019371148445850077
1002,0.9932910799980164,0.006708920001983643,1.2767131328582764,0.01940896175801754,33,0.00019371148445850077
1003,0.9932690858840942,0.006730914115905762,1.2668272256851196,0.019331876188516617,33,0.00019371148445850077
1004,0.9932640194892883,0.00673598051071167,1.269339919090271,0.01936201937496662,33,0.00019371148445850077
1005,0.993340253829956,0.006659746170043945,1.283715844154358,0.019430307671427727,33,0.00019371148445850077
1006,0.993078351020813,0.006921648979187012,1.2761765718460083,0.019614197313785553,33,0.00019371148445850077
1007,0.9930481314659119,0.006951868534088135,1.2818090915679932,0.019700441509485245,33,0.00019371148445850077
1008,0.9932239651679993,0.006776034832000732,1.2721161842346191,0.019429435953497887,33,0.00019371148445850077
1009,0.9929215908050537,0.007078409194946289,1.2870932817459106,0.019878558814525604,33,0.00019371148445850077
1010,0.993293821811676,0.006706178188323975,1.2706141471862793,0.019345257431268692,33,0.00019371148445850077
1011,0.993307888507843,0.006692111492156982,1.2689757347106934,0.019314948469400406,33,0.00019371148445850077
1012,0.9928486943244934,0.007151305675506592,1.2925750017166138,0.020005542784929276,33,0.00019371148445850077
1013,0.9931255578994751,0.006874442100524902,1.2871462106704712,0.019677160307765007,33,0.00019371148445850077
1014,0.9929895997047424,0.007010400295257568,1.2813353538513184,0.019753649830818176,33,0.00019371148445850077
1015,0.9931285381317139,0.006871461868286133,1.262752652168274,0.01943027414381504,33,0.00019371148445850077
1016,0.9931898713111877,0.006810128688812256,1.2663333415985107,0.019405361264944077,33,0.00019371148445850077
1017,0.9930233955383301,0.006976604461669922,1.2670984268188477,0.01957782171666622,33,0.00019371148445850077
1018,0.9931238889694214,0.006876111030578613,1.2771883010864258,0.01957923360168934,33,0.00019371148445850077
1019,0.9933907985687256,0.006609201431274414,1.2702993154525757,0.01924610324203968,33,0.00019371148445850077
1020,0.9932214021682739,0.006778597831726074,1.279722809791565,0.019508039578795433,33,0.00019371148445850077
1021,0.9931097030639648,0.006890296936035156,1.2752742767333984,0.019574135541915894,33,0.00019371148445850077
1022,0.9930719137191772,0.006928086280822754,1.2799217700958252,0.019658023491501808,33,0.00019371148445850077
1023,0.9933957457542419,0.006604254245758057,1.2713662385940552,0.019251873716711998,34,0.00018402591023557573
1024,0.9933669567108154,0.00663304328918457,1.2677631378173828,0.019244344905018806,34,0.00018402591023557573
1025,0.9930672645568848,0.006932735443115234,1.2886357307434082,0.01974976435303688,34,0.00018402591023557573
1026,0.9930936694145203,0.006906330585479736,1.284472942352295,0.01968199759721756,34,0.00018402591023557573
1027,0.9931225180625916,0.006877481937408447,1.2767093181610107,0.019575800746679306,34,0.00018402591023557573
1028,0.9930831789970398,0.006916821002960205,1.2809463739395142,0.019657116383314133,34,0.00018402591023557573
1029,0.9933098554611206,0.0066901445388793945,1.2684975862503052,0.019308218732476234,34,0.00018402591023557573
1030,0.9930950403213501,0.006904959678649902,1.2846084833145142,0.01968199387192726,34,0.00018402591023557573
1031,0.9932042360305786,0.006795763969421387,1.2658156156539917,0.019385961815714836,34,0.00018402591023557573
1032,0.9930899143218994,0.006910085678100586,1.2734416723251343,0.01957540214061737,34,0.00018402591023557573
1033,0.992996335029602,0.007003664970397949,1.2682745456695557,0.019616372883319855,34,0.00018402591023557573
1034,0.9933537840843201,0.006646215915679932,1.2732195854187012,0.019311949610710144,34,0.00018402591023557573
1035,0.9932340383529663,0.006765961647033691,1.2819912433624268,0.019518215209245682,34,0.00018402591023557573
1036,0.9933611154556274,0.006638884544372559,1.273541808128357,0.01930791325867176,34,0.00018402591023557573
1037,0.9932094216346741,0.006790578365325928,1.280792236328125,0.01953059434890747,34,0.00018402591023557573
1038,0.9931224584579468,0.006877541542053223,1.2707302570343018,0.019516069442033768,34,0.00018402591023557573
1039,0.9932759404182434,0.006724059581756592,1.2721073627471924,0.01937789097428322,34,0.00018402591023557573
1040,0.9931436777114868,0.006856322288513184,1.2800575494766235,0.01958833448588848,34,0.00018402591023557573
1041,0.9931466579437256,0.006853342056274414,1.285933494567871,0.01964414305984974,34,0.00018402591023557573
1042,0.9930180311203003,0.006981968879699707,1.290747880935669,0.019819628447294235,34,0.00018402591023557573
1043,0.9931824207305908,0.00681757926940918,1.2708898782730103,0.01945830136537552,34,0.00018402591023557573
1044,0.9931199550628662,0.006880044937133789,1.2635282278060913,0.01944652572274208,34,0.00018402591023557573
1045,0.9929816722869873,0.007018327713012695,1.2805390357971191,0.019753534346818924,34,0.00018402591023557573
1046,0.993333101272583,0.006666898727416992,1.2733150720596313,0.019333381205797195,34,0.00018402591023557573
1047,0.9931580424308777,0.0068419575691223145,1.279876470565796,0.01957230269908905,34,0.00018402591023557573
1048,0.9930148124694824,0.006985187530517578,1.2825158834457397,0.019740493968129158,34,0.00018402591023557573
1049,0.9933167099952698,0.006683290004730225,1.2603611946105957,0.01922006905078888,34,0.00018402591023557573
1050,0.9931500554084778,0.006849944591522217,1.2784069776535034,0.019565515220165253,34,0.00018402591023557573
1051,0.9932661652565002,0.006733834743499756,1.2741756439208984,0.019408252090215683,34,0.00018402591023557573
1052,0.9932131767272949,0.006786823272705078,1.2740832567214966,0.019459787756204605,34,0.00018402591023557573
1053,0.9930978417396545,0.006902158260345459,1.2833867073059082,0.01966700330376625,34,0.00018402591023557573
1054,0.993034839630127,0.006965160369873047,1.2869787216186523,0.019765295088291168,35,0.00017482461472379692
1055,0.9932439923286438,0.006756007671356201,1.2848128080368042,0.01953657530248165,35,0.00017482461472379692
1056,0.9931665658950806,0.006833434104919434,1.2746812105178833,0.019511912018060684,35,0.00017482461472379692
1057,0.9930438995361328,0.0069561004638671875,1.2764607667922974,0.019651146605610847,35,0.00017482461472379692
1058,0.9932396411895752,0.006760358810424805,1.2766022682189941,0.019458778202533722,35,0.00017482461472379692
1059,0.9932959675788879,0.0067040324211120605,1.2808085680007935,0.01944507658481598,35,0.00017482461472379692
1060,0.9931747913360596,0.00682520866394043,1.2766753435134888,0.019523710012435913,35,0.00017482461472379692
1061,0.9932000637054443,0.006799936294555664,1.272283673286438,0.019454773515462875,35,0.00017482461472379692
1062,0.9933826327323914,0.006617367267608643,1.2636544704437256,0.01918773725628853,35,0.00017482461472379692
1063,0.9932665228843689,0.0067334771156311035,1.2748981714248657,0.019415125250816345,35,0.00017482461472379692
1064,0.9931033849716187,0.006896615028381348,1.2843443155288696,0.019671091809868813,35,0.00017482461472379692
1065,0.9929538369178772,0.007046163082122803,1.2831850051879883,0.01980755105614662,35,0.00017482461472379692
1066,0.9931007623672485,0.006899237632751465,1.278588891029358,0.019616134464740753,35,0.00017482461472379692
1067,0.9932055473327637,0.006794452667236328,1.2649939060211182,0.019376445561647415,35,0.00017482461472379692
1068,0.9930071234703064,0.0069928765296936035,1.2784174680709839,0.019707122817635536,35,0.00017482461472379692
1069,0.9933359622955322,0.0066640377044677734,1.2626276016235352,0.01922367326915264,35,0.00017482461472379692
1070,0.9933096170425415,0.006690382957458496,1.2798576354980469,0.019422054290771484,35,0.00017482461472379692
1071,0.9932205677032471,0.00677943229675293,1.2802780866622925,0.01951441913843155,35,0.00017482461472379692
1072,0.9934532046318054,0.00654679536819458,1.271325945854187,0.01919458620250225,35,0.00017482461472379692
1073,0.9931523203849792,0.006847679615020752,1.2723722457885742,0.019502924755215645,35,0.00017482461472379692
1074,0.9931535720825195,0.006846427917480469,1.2800307273864746,0.019578270614147186,35,0.00017482461472379692
1075,0.9932711124420166,0.0067288875579833984,1.2783527374267578,0.01944512501358986,35,0.00017482461472379692
1076,0.9932830333709717,0.00671696662902832,1.2764596939086914,0.019414393231272697,35,0.00017482461472379692
1077,0.9931002855300903,0.006899714469909668,1.273622751235962,0.019566945731639862,35,0.00017482461472379692
1078,0.9932215213775635,0.0067784786224365234,1.2629252672195435,0.019339945167303085,35,0.00017482461472379692
1079,0.9931280016899109,0.006871998310089111,1.2667992115020752,0.019471270963549614,35,0.00017482461472379692
1080,0.993344247341156,0.006655752658843994,1.2551703453063965,0.019140899181365967,35,0.00017482461472379692
1081,0.9931591749191284,0.006840825080871582,1.2683581113815308,0.01945599727332592,35,0.00017482461472379692
1082,0.9932510852813721,0.00674891471862793,1.2875287532806396,0.019556712359189987,35,0.00017482461472379692
1083,0.9931342005729675,0.006865799427032471,1.2856433391571045,0.019653573632240295,35,0.00017482461472379692
1084,0.9930264949798584,0.0069735050201416016,1.278637409210205,0.019690142944455147,35,0.00017482461472379692
1085,0.9932785630226135,0.006721436977386475,1.2771028280258179,0.019425250589847565,36,0.00016608338398760707
1086,0.993023693561554,0.006976306438446045,1.2742340564727783,0.019648883491754532,36,0.00016608338398760707
1087,0.9933122992515564,0.0066877007484436035,1.2733137607574463,0.01935396157205105,36,0.00016608338398760707
1088,0.9930811524391174,0.006918847560882568,1.2907840013504028,0.019757498055696487,36,0.00016608338398760707
1089,0.9932510852813721,0.00674891471862793,1.2762346267700195,0.019443772733211517,36,0.00016608338398760707
1090,0.9930059909820557,0.006994009017944336,1.2760915756225586,0.019684985280036926,36,0.00016608338398760707
1091,0.9933503866195679,0.006649613380432129,1.2585947513580322,0.019169064238667488,36,0.00016608338398760707
1092,0.9932372570037842,0.00676274299621582,1.2707990407943726,0.019403105601668358,36,0.00016608338398760707
1093,0.9933071732521057,0.006692826747894287,1.2695016860961914,0.019320914521813393,36,0.00016608338398760707
1094,0.9932162761688232,0.006783723831176758,1.2735965251922607,0.019451851025223732,36,0.00016608338398760707
1095,0.9929811954498291,0.0070188045501708984,1.285085678100586,0.019799472764134407,36,0.00016608338398760707
1096,0.9932499527931213,0.006750047206878662,1.2652369737625122,0.019334916025400162,36,0.00016608338398760707
1097,0.9932119846343994,0.006788015365600586,1.2874755859375,0.019594890996813774,36,0.00016608338398760707
1098,0.9931578040122986,0.006842195987701416,1.2934683561325073,0.019708456471562386,36,0.00016608338398760707
1099,0.993278980255127,0.006721019744873047,1.2745656967163086,0.01939946599304676,36,0.00016608338398760707
1100,0.9929988384246826,0.007001161575317383,1.279305338859558,0.019724203273653984,36,0.00016608338398760707
1101,0.9930820465087891,0.0069179534912109375,1.2798823118209839,0.019647596403956413,36,0.00016608338398760707
1102,0.993116557598114,0.006883442401885986,1.2775928974151611,0.019590536132454872,36,0.00016608338398760707
1103,0.9931285977363586,0.006871402263641357,1.2733230590820312,0.019535917788743973,36,0.00016608338398760707
1104,0.9933120608329773,0.006687939167022705,1.2596614360809326,0.01921767368912697,36,0.00016608338398760707
1105,0.9931926131248474,0.006807386875152588,1.2756861448287964,0.019496174529194832,36,0.00016608338398760707
1106,0.9932989478111267,0.006701052188873291,1.2711697816848755,0.019345737993717194,36,0.00016608338398760707
1107,0.9932587742805481,0.006741225719451904,1.2773605585098267,0.019447417929768562,36,0.00016608338398760707
1108,0.9933210611343384,0.006678938865661621,1.269186019897461,0.019304009154438972,36,0.00016608338398760707
1109,0.9932615756988525,0.006738424301147461,1.276033878326416,0.019431378692388535,36,0.00016608338398760707
1110,0.9933940172195435,0.006605982780456543,1.2758976221084595,0.019298899918794632,36,0.00016608338398760707
1111,0.992942750453949,0.007057249546051025,1.2809667587280273,0.01979634538292885,36,0.00016608338398760707
1112,0.9934134483337402,0.006586551666259766,1.2568004131317139,0.019088689237833023,36,0.00016608338398760707
1113,0.9931685328483582,0.006831467151641846,1.2660772800445557,0.019423924386501312,36,0.00016608338398760707
1114,0.9931077361106873,0.006892263889312744,1.278389573097229,0.019607236608862877,36,0.00016608338398760707
1115,0.993536114692688,0.006463885307312012,1.2785279750823975,0.019184526056051254,36,0.00016608338398760707
1116,0.9933045506477356,0.006695449352264404,1.2549948692321777,0.019178442656993866,37,0.0001577792147882267
1117,0.9931209683418274,0.006879031658172607,1.2833759784698486,0.01964399963617325,37,0.0001577792147882267
1118,0.9932345151901245,0.006765484809875488,1.2719640731811523,0.019417470321059227,37,0.0001577792147882267
1119,0.9931839108467102,0.006816089153289795,1.2919769287109375,0.019667696207761765,37,0.0001577792147882267
1120,0.9932859539985657,0.006714046001434326,1.2766088247299194,0.019412994384765625,37,0.0001577792147882267
1121,0.993070125579834,0.006929874420166016,1.2760274410247803,0.019620850682258606,37,0.0001577792147882267
1122,0.9933576583862305,0.006642341613769531,1.2740845680236816,0.019316764548420906,37,0.0001577792147882267
1123,0.993216335773468,0.006783664226531982,1.2832409143447876,0.019548237323760986,37,0.0001577792147882267
1124,0.9930270910263062,0.006972908973693848,1.2734981775283813,0.01963816210627556,37,0.0001577792147882267
1125,0.9932461380958557,0.006753861904144287,1.2728350162506104,0.01941467449069023,37,0.0001577792147882267
1126,0.9932131171226501,0.0067868828773498535,1.2759661674499512,0.019478674978017807,37,0.0001577792147882267
1127,0.993130624294281,0.006869375705718994,1.2729196548461914,0.019529877230525017,37,0.0001577792147882267
1128,0.9933566451072693,0.006643354892730713,1.2705613374710083,0.01928253471851349,37,0.0001577792147882267
1129,0.993253767490387,0.006746232509613037,1.2729027271270752,0.01940779760479927,37,0.0001577792147882267
1130,0.9930571913719177,0.006942808628082275,1.2790989875793457,0.019664369523525238,37,0.0001577792147882267
1131,0.9931337833404541,0.0068662166595458984,1.2818888425827026,0.019616441801190376,37,0.0001577792147882267
1132,0.9933145046234131,0.006685495376586914,1.2671666145324707,0.01929030567407608,37,0.0001577792147882267
1133,0.9933519959449768,0.006648004055023193,1.2693092823028564,0.019274616613984108,37,0.0001577792147882267
1134,0.9931601881980896,0.0068398118019104,1.278939962387085,0.019560813903808594,37,0.0001577792147882267
1135,0.9932175278663635,0.006782472133636475,1.2736995220184326,0.019451642408967018,37,0.0001577792147882267
1136,0.9933609366416931,0.006639063358306885,1.2659388780593872,0.01923206076025963,37,0.0001577792147882267
1137,0.9933436512947083,0.006656348705291748,1.2702282667160034,0.019292067736387253,37,0.0001577792147882267
1138,0.9933879971504211,0.006612002849578857,1.2837333679199219,0.01938321627676487,37,0.0001577792147882267
1139,0.9930917024612427,0.006908297538757324,1.2824633121490479,0.019663847982883453,37,0.0001577792147882267
1140,0.9932217597961426,0.006778240203857422,1.2811697721481323,0.019522154703736305,37,0.0001577792147882267
1141,0.9931409358978271,0.0068590641021728516,1.2570316791534424,0.01936079002916813,37,0.0001577792147882267
1142,0.9933408498764038,0.006659150123596191,1.266162633895874,0.019254185259342194,37,0.0001577792147882267
1143,0.9932847619056702,0.006715238094329834,1.2686493396759033,0.01933457888662815,37,0.0001577792147882267
1144,0.9930182695388794,0.0069817304611206055,1.2783660888671875,0.019695574417710304,37,0.0001577792147882267
1145,0.9931968450546265,0.006803154945373535,1.275235652923584,0.019487479701638222,37,0.0001577792147882267
1146,0.9930577278137207,0.006942272186279297,1.2730746269226074,0.01960359513759613,37,0.0001577792147882267
1147,0.99310702085495,0.006892979145050049,1.282880187034607,0.019652850925922394,38,0.00014989025404881537
1148,0.9934040307998657,0.006595969200134277,1.272833228111267,0.019258340820670128,38,0.00014989025404881537
1149,0.9932495355606079,0.00675046443939209,1.27767813205719,0.019459741190075874,38,0.00014989025404881537
1150,0.9933955073356628,0.006604492664337158,1.2692008018493652,0.01923045516014099,38,0.00014989025404881537
1151,0.9932501912117004,0.0067498087882995605,1.2736128568649292,0.019418438896536827,38,0.00014989025404881537
1152,0.9931416511535645,0.006858348846435547,1.2761280536651611,0.019551046192646027,38,0.00014989025404881537
1153,0.9931943416595459,0.0068056583404541016,1.273158073425293,0.019469182938337326,38,0.00014989025404881537
1154,0.9933001399040222,0.006699860095977783,1.2723660469055176,0.01935652270913124,38,0.00014989025404881537
1155,0.9932017922401428,0.006798207759857178,1.2764103412628174,0.019494328647851944,38,0.00014989025404881537
1156,0.9932149052619934,0.006785094738006592,1.2578833103179932,0.019296076148748398,38,0.00014989025404881537
1157,0.9934009313583374,0.006599068641662598,1.2677690982818604,0.01921076886355877,38,0.00014989025404881537
1158,0.9930686950683594,0.006931304931640625,1.2854487895965576,0.019716478884220123,38,0.00014989025404881537
1159,0.9932069778442383,0.006793022155761719,1.2690812349319458,0.019415903836488724,38,0.00014989025404881537
1160,0.9932529330253601,0.006747066974639893,1.2706843614578247,0.01938644051551819,38,0.00014989025404881537
1161,0.9930360317230225,0.006963968276977539,1.2790535688400269,0.019684864208102226,38,0.00014989025404881537
1162,0.9933282136917114,0.006671786308288574,1.2790932655334473,0.01939600147306919,38,0.00014989025404881537
1163,0.9931924939155579,0.006807506084442139,1.276702642440796,0.019506458193063736,38,0.00014989025404881537
1164,0.9933865070343018,0.006613492965698242,1.2763807773590088,0.019311165437102318,38,0.00014989025404881537
1165,0.9932073354721069,0.006792664527893066,1.269479513168335,0.019419532269239426,38,0.00014989025404881537
1166,0.993069052696228,0.006930947303771973,1.2797447443008423,0.01965908519923687,38,0.00014989025404881537
1167,0.9931932091712952,0.006806790828704834,1.2705150842666626,0.019443873316049576,38,0.00014989025404881537
1168,0.9933477640151978,0.006652235984802246,1.2800153493881226,0.019385866820812225,38,0.00014989025404881537
1169,0.993218719959259,0.006781280040740967,1.2723408937454224,0.019436875358223915,38,0.00014989025404881537
1170,0.9929091930389404,0.00709080696105957,1.2765464782714844,0.019785363227128983,38,0.00014989025404881537
1171,0.9932917356491089,0.006708264350891113,1.2700550556182861,0.019341731444001198,38,0.00014989025404881537
1172,0.9933866858482361,0.006613314151763916,1.277073621749878,0.01931791752576828,38,0.00014989025404881537
1173,0.9931498169898987,0.006850183010101318,1.2707043886184692,0.019488725811243057,38,0.00014989025404881537
1174,0.9932379126548767,0.006762087345123291,1.2832354307174683,0.01952682062983513,38,0.00014989025404881537
1175,0.9932567477226257,0.006743252277374268,1.268500804901123,0.019360827282071114,38,0.00014989025404881537
1176,0.9934382438659668,0.006561756134033203,1.257607340812683,0.019072212278842926,38,0.00014989025404881537
1177,0.9930750727653503,0.006924927234649658,1.2820799350738525,0.01967647671699524,38,0.00014989025404881537
1178,0.9932970404624939,0.0067029595375061035,1.27727472782135,0.019408676773309708,39,0.00014239574134637458
1179,0.9932307600975037,0.006769239902496338,1.2695374488830566,0.01939692161977291,39,0.00014239574134637458
1180,0.9932475686073303,0.006752431392669678,1.2843241691589355,0.01952814869582653,39,0.00014239574134637458
1181,0.9934424161911011,0.006557583808898926,1.2580890655517578,0.019072897732257843,39,0.00014239574134637458
1182,0.9933642148971558,0.006635785102844238,1.274590015411377,0.01931532844901085,39,0.00014239574134637458
1183,0.9932682514190674,0.006731748580932617,1.271664023399353,0.019381070509552956,39,0.00014239574134637458
1184,0.9930509328842163,0.006949067115783691,1.278031349182129,0.019659889861941338,39,0.00014239574134637458
1185,0.9931918978691101,0.006808102130889893,1.273252248764038,0.01947254315018654,39,0.00014239574134637458
1186,0.993324339389801,0.006675660610198975,1.2718490362167358,0.019327394664287567,39,0.00014239574134637458
1187,0.9932212829589844,0.006778717041015625,1.272432565689087,0.019435254856944084,39,0.00014239574134637458
1188,0.9930312633514404,0.00696873664855957,1.286198616027832,0.019761035218834877,39,0.00014239574134637458
1189,0.993389904499054,0.006610095500946045,1.2737605571746826,0.019281599670648575,39,0.00014239574134637458
1190,0.993136465549469,0.006863534450531006,1.2756084203720093,0.019550982862710953,39,0.00014239574134637458
1191,0.9930874705314636,0.006912529468536377,1.2639061212539673,0.019482465460896492,39,0.00014239574134637458
1192,0.9932131171226501,0.0067868828773498535,1.2854619026184082,0.0195736326277256,39,0.00014239574134637458
1193,0.9929986000061035,0.007001399993896484,1.2802391052246094,0.019733775407075882,39,0.00014239574134637458
1194,0.9933491945266724,0.006650805473327637,1.269895315170288,0.019283249974250793,39,0.00014239574134637458
1195,0.993449330329895,0.0065506696701049805,1.2639176845550537,0.019124340265989304,39,0.00014239574134637458
1196,0.9931789040565491,0.006821095943450928,1.2657949924468994,0.019410833716392517,39,0.00014239574134637458
1197,0.9931563138961792,0.006843686103820801,1.2735133171081543,0.019510382786393166,39,0.00014239574134637458
1198,0.9930347800254822,0.006965219974517822,1.2817786931991577,0.019713355228304863,39,0.00014239574134637458
1199,0.9934043884277344,0.006595611572265625,1.270967960357666,0.019239334389567375,39,0.00014239574134637458
1200,0.9933433532714844,0.006656646728515625,1.2698310613632202,0.01928839087486267,39,0.00014239574134637458
1201,0.9931671023368835,0.006832897663116455,1.2714143991470337,0.01947871223092079,39,0.00014239574134637458
1202,0.9932926297187805,0.006707370281219482,1.2667253017425537,0.01930755004286766,39,0.00014239574134637458
1203,0.9932898283004761,0.006710171699523926,1.2660722732543945,0.019303791224956512,39,0.00014239574134637458
1204,0.9930809140205383,0.00691908597946167,1.2780773639678955,0.019630668684840202,39,0.00014239574134637458
1205,0.9933311343193054,0.00666886568069458,1.2729055881500244,0.019331231713294983,39,0.00014239574134637458
1206,0.9933687448501587,0.006631255149841309,1.2640743255615234,0.019205685704946518,39,0.00014239574134637458
1207,0.9931403994560242,0.00685960054397583,1.2917097806930542,0.01970810256898403,39,0.00014239574134637458
1208,0.9934874773025513,0.0065125226974487305,1.2761054039001465,0.019208451732993126,39,0.00014239574134637458
1209,0.9930887222290039,0.006911277770996094,1.277267336845398,0.01961483806371689,40,0.00013527595427905584
1210,0.9932826161384583,0.006717383861541748,1.2799689769744873,0.019449898973107338,40,0.00013527595427905584
1211,0.9933191537857056,0.006680846214294434,1.2610381841659546,0.019224420189857483,40,0.00013527595427905584
1212,0.9932674169540405,0.006732583045959473,1.2637466192245483,0.019302723929286003,40,0.00013527595427905584
1213,0.9934629201889038,0.006537079811096191,1.2756611108779907,0.019228320568799973,40,0.00013527595427905584
1214,0.9933566451072693,0.006643354892730713,1.2640379667282104,0.019217301160097122,40,0.00013527595427905584
1215,0.9931848645210266,0.006815135478973389,1.2722374200820923,0.019469358026981354,40,0.00013527595427905584
1216,0.9931412935256958,0.006858706474304199,1.2738555669784546,0.019528675824403763,40,0.00013527595427905584
1217,0.9934001564979553,0.006599843502044678,1.2714757919311523,0.01924860291182995,40,0.00013527595427905584
1218,0.9932125806808472,0.006787419319152832,1.2657800912857056,0.019377345219254494,40,0.00013527595427905584
1219,0.9931840896606445,0.006815910339355469,1.2824532985687256,0.019572284072637558,40,0.00013527595427905584
1220,0.9931631684303284,0.006836831569671631,1.2794517278671265,0.01956298016011715,40,0.00013527595427905584
1221,0.9932687878608704,0.006731212139129639,1.2784631252288818,0.019448529928922653,40,0.00013527595427905584
1222,0.9933685064315796,0.00663149356842041,1.2629090547561646,0.019194267690181732,40,0.00013527595427905584
1223,0.9932298064231873,0.006770193576812744,1.2648037672042847,0.019350528717041016,40,0.00013527595427905584
1224,0.9930797219276428,0.006920278072357178,1.2783302068710327,0.01963437721133232,40,0.00013527595427905584
1225,0.9931524395942688,0.006847560405731201,1.2722420692443848,0.01950150541961193,40,0.00013527595427905584
1226,0.9933003187179565,0.006699681282043457,1.2646715641021729,0.019279399886727333,40,0.00013527595427905584
1227,0.9934262037277222,0.006573796272277832,1.2745634317398071,0.019253691658377647,40,0.00013527595427905584
1228,0.9933001399040222,0.006699860095977783,1.2714375257492065,0.019347235560417175,40,0.00013527595427905584
1229,0.9930644035339355,0.006935596466064453,1.2893860340118408,0.019760100170969963,40,0.00013527595427905584
1230,0.9933511018753052,0.006648898124694824,1.270825743675232,0.01929066702723503,40,0.00013527595427905584
1231,0.993235170841217,0.006764829158782959,1.2695677280426025,0.01939285732805729,40,0.00013527595427905584
1232,0.993232011795044,0.006767988204956055,1.260646104812622,0.019306769594550133,40,0.00013527595427905584
1233,0.9932701587677002,0.006729841232299805,1.2788465023040771,0.01945100724697113,40,0.00013527595427905584
1234,0.9932534694671631,0.006746530532836914,1.2738603353500366,0.019417667761445045,40,0.00013527595427905584
1235,0.9934422373771667,0.006557762622833252,1.2730733156204224,0.019222917035222054,40,0.00013527595427905584
1236,0.9931678771972656,0.006832122802734375,1.2745975255966187,0.019509775564074516,40,0.00013527595427905584
1237,0.9933258295059204,0.00667417049407959,1.2756726741790771,0.01936415582895279,40,0.00013527595427905584
1238,0.9931026101112366,0.006897389888763428,1.280566692352295,0.019634082913398743,40,0.00013527595427905584
1239,0.9932575225830078,0.0067424774169921875,1.2797019481658936,0.019472071900963783,40,0.00013527595427905584
1240,0.9933655261993408,0.00663447380065918,1.2635858058929443,0.01920398697257042,41,0.00012851215656510304
1241,0.9933689832687378,0.006631016731262207,1.276405692100525,0.019328761845827103,41,0.00012851215656510304
1242,0.9933117628097534,0.006688237190246582,1.2673488855361938,0.019294843077659607,41,0.00012851215656510304
1243,0.9932365417480469,0.006763458251953125,1.272528886795044,0.019421111792325974,41,0.00012851215656510304
1244,0.9932774901390076,0.006722509860992432,1.2730919122695923,0.019386203959584236,41,0.00012851215656510304
1245,0.9934378862380981,0.0065621137619018555,1.273045539855957,0.01922694779932499,41,0.00012851215656510304
1246,0.9932494163513184,0.006750583648681641,1.2599018812179565,0.01928209513425827,41,0.00012851215656510304
1247,0.9932726621627808,0.006727337837219238,1.275654673576355,0.01941661164164543,41,0.00012851215656510304
1248,0.9931888580322266,0.0068111419677734375,1.2745132446289062,0.01948816329240799,41,0.00012851215656510304
1249,0.9932003617286682,0.006799638271331787,1.2852075099945068,0.019583716988563538,41,0.00012851215656510304
1250,0.9932777881622314,0.006722211837768555,1.2590210437774658,0.019245199859142303,41,0.00012851215656510304
1251,0.9931355118751526,0.006864488124847412,1.2829540967941284,0.019625384360551834,41,0.00012851215656510304
1252,0.9931703805923462,0.006829619407653809,1.2770004272460938,0.01953132636845112,41,0.00012851215656510304
1253,0.9933313131332397,0.006668686866760254,1.2679834365844727,0.019281834363937378,41,0.00012851215656510304
1254,0.9932105541229248,0.006789445877075195,1.2736040353775024,0.019457591697573662,41,0.00012851215656510304
1255,0.9930412173271179,0.00695878267288208,1.281288743019104,0.019702082499861717,41,0.00012851215656510304
1256,0.9931837916374207,0.006816208362579346,1.2807062864303589,0.0195551086217165,41,0.00012851215656510304
1257,0.9934539198875427,0.006546080112457275,1.2675918340682983,0.01915653795003891,41,0.00012851215656510304
1258,0.9932477474212646,0.0067522525787353516,1.2807097434997559,0.019491827115416527,41,0.00012851215656510304
1259,0.9932874441146851,0.006712555885314941,1.271013617515564,0.019355565309524536,41,0.00012851215656510304
1260,0.9932052493095398,0.006794750690460205,1.2718241214752197,0.019445043057203293,41,0.00012851215656510304
1261,0.9934021830558777,0.0065978169441223145,1.2676271200180054,0.019208109006285667,41,0.00012851215656510304
1262,0.9932880997657776,0.006711900234222412,1.2617814540863037,0.01926259510219097,41,0.00012851215656510304
1263,0.9931564331054688,0.00684356689453125,1.2846685647964478,0.019621815532445908,41,0.00012851215656510304
1264,0.9933711290359497,0.006628870964050293,1.267872929573059,0.01924131065607071,41,0.00012851215656510304
1265,0.9933208227157593,0.006679177284240723,1.270132303237915,0.019313707947731018,41,0.00012851215656510304
1266,0.9933573603630066,0.006642639636993408,1.2618803977966309,0.019195016473531723,41,0.00012851215656510304
1267,0.9931792616844177,0.006820738315582275,1.2714614868164062,0.019467145204544067,41,0.00012851215656510304
1268,0.9933344721794128,0.006665527820587158,1.2752759456634521,0.01935163140296936,41,0.00012851215656510304
1269,0.9932775497436523,0.006722450256347656,1.2738687992095947,0.019393913447856903,41,0.00012851215656510304
1270,0.9930012822151184,0.006998717784881592,1.279160499572754,0.01972033455967903,41,0.00012851215656510304
1271,0.9932987093925476,0.006701290607452393,1.2591556310653687,0.01922583393752575,42,0.00012208654873684788
1272,0.9931456446647644,0.006854355335235596,1.2793445587158203,0.01957925781607628,42,0.00012208654873684788
1273,0.993406355381012,0.006593644618988037,1.2853717803955078,0.01938142627477646,42,0.00012208654873684788
1274,0.993077278137207,0.006922721862792969,1.2758607864379883,0.019612103700637817,42,0.00012208654873684788
1275,0.9932839274406433,0.0067160725593566895,1.2696408033370972,0.019345320761203766,42,0.00012208654873684788
1276,0.9932177662849426,0.006782233715057373,1.2679258584976196,0.019393669441342354,42,0.00012208654873684788
1277,0.9931499361991882,0.006850063800811768,1.2845137119293213,0.01962669938802719,42,0.00012208654873684788
1278,0.9935351610183716,0.006464838981628418,1.2624012231826782,0.019024202600121498,42,0.00012208654873684788
1279,0.9932628870010376,0.006737112998962402,1.2780684232711792,0.01945042610168457,42,0.00012208654873684788
1280,0.9934583902359009,0.006541609764099121,1.2666078805923462,0.01914227195084095,42,0.00012208654873684788
1281,0.9933220148086548,0.006677985191345215,1.2631440162658691,0.01924264430999756,42,0.00012208654873684788
1282,0.9931545257568359,0.0068454742431640625,1.275638222694397,0.019533401355147362,42,0.00012208654873684788
1283,0.9930833578109741,0.006916642189025879,1.2734031677246094,0.01958150789141655,42,0.00012208654873684788
1284,0.9932265281677246,0.006773471832275391,1.2620128393173218,0.01932586543262005,42,0.00012208654873684788
1285,0.9932916164398193,0.006708383560180664,1.275353193283081,0.019394831731915474,42,0.00012208654873684788
1286,0.993227481842041,0.006772518157958984,1.272326111793518,0.019428053870797157,42,0.00012208654873684788
1287,0.9932644367218018,0.006735563278198242,1.2729856967926025,0.01939806528389454,42,0.00012208654873684788
1288,0.9935312867164612,0.006468713283538818,1.2708680629730225,0.019112706184387207,42,0.00012208654873684788
1289,0.9933620095252991,0.006637990474700928,1.2728087902069092,0.019299697130918503,42,0.00012208654873684788
1290,0.9932005405426025,0.006799459457397461,1.275373101234436,0.019485196098685265,42,0.00012208654873684788
1291,0.9933198094367981,0.006680190563201904,1.26686429977417,0.019282031804323196,42,0.00012208654873684788
1292,0.9933080077171326,0.006691992282867432,1.2780523300170898,0.01940559595823288,42,0.00012208654873684788
1293,0.9931121468544006,0.006887853145599365,1.2782244682312012,0.01960121840238571,42,0.00012208654873684788
1294,0.9932708144187927,0.006729185581207275,1.254658818244934,0.019208481535315514,42,0.00012208654873684788
1295,0.9934554100036621,0.006544589996337891,1.2659047842025757,0.019138190895318985,42,0.00012208654873684788
1296,0.9933857917785645,0.006614208221435547,1.2692484855651855,0.019240550696849823,42,0.00012208654873684788
1297,0.9932229518890381,0.006777048110961914,1.2704836130142212,0.019414113834500313,42,0.00012208654873684788
1298,0.9932761192321777,0.006723880767822266,1.2761046886444092,0.019417688250541687,42,0.00012208654873684788
1299,0.9931435585021973,0.006856441497802734,1.2750113010406494,0.019537989050149918,42,0.00012208654873684788
1300,0.9931630492210388,0.006836950778961182,1.2791366577148438,0.0195599477738142,42,0.00012208654873684788
1301,0.993440568447113,0.006559431552886963,1.279045820236206,0.019284294918179512,42,0.00012208654873684788
1302,0.9932709336280823,0.006729066371917725,1.2627894878387451,0.019289670512080193,43,0.00011598222130000548
1303,0.9933709502220154,0.006629049777984619,1.2647192478179932,0.019209951162338257,43,0.00011598222130000548
1304,0.9931346774101257,0.006865322589874268,1.2836241722106934,0.019632909446954727,43,0.00011598222130000548
1305,0.9934378862380981,0.0065621137619018555,1.2582507133483887,0.019078999757766724,43,0.00011598222130000548
1306,0.9934653639793396,0.0065346360206604,1.2684776782989502,0.01915406621992588,43,0.00011598222130000548
1307,0.9932384490966797,0.0067615509033203125,1.2972482442855835,0.019666418433189392,43,0.00011598222130000548
1308,0.993319034576416,0.006680965423583984,1.2762917280197144,0.019377073273062706,43,0.00011598222130000548
1309,0.9932702779769897,0.006729722023010254,1.2705051898956299,0.01936747506260872,43,0.00011598222130000548
1310,0.993207573890686,0.006792426109313965,1.2786129713058472,0.019510630518198013,43,0.00011598222130000548
1311,0.9932459592819214,0.006754040718078613,1.2654002904891968,0.019340503960847855,43,0.00011598222130000548
1312,0.9931225180625916,0.006877481937408447,1.274173378944397,0.019550440832972527,43,0.00011598222130000548
1313,0.9932969808578491,0.006703019142150879,1.2769100666046143,0.01940508931875229,43,0.00011598222130000548
1314,0.993553876876831,0.006446123123168945,1.26326322555542,0.01901429332792759,43,0.00011598222130000548
1315,0.9935029745101929,0.006497025489807129,1.270904541015625,0.019141100347042084,43,0.00011598222130000548
1316,0.9932255148887634,0.006774485111236572,1.270398497581482,0.01941072568297386,43,0.00011598222130000548
1317,0.9930410385131836,0.006958961486816406,1.2793381214141846,0.019682753831148148,43,0.00011598222130000548
1318,0.993253231048584,0.006746768951416016,1.2685998678207397,0.019365299493074417,43,0.00011598222130000548
1319,0.9932271838188171,0.006772816181182861,1.2562556266784668,0.019267644733190536,43,0.00011598222130000548
1320,0.9932373762130737,0.0067626237869262695,1.2696454524993896,0.01939145103096962,43,0.00011598222130000548
1321,0.9931278228759766,0.0068721771240234375,1.278009057044983,0.01958354562520981,43,0.00011598222130000548
1322,0.9934203028678894,0.006579697132110596,1.2716877460479736,0.019230777397751808,43,0.00011598222130000548
1323,0.9932531118392944,0.006746888160705566,1.2735207080841064,0.01941462606191635,43,0.00011598222130000548
1324,0.9933270215988159,0.006672978401184082,1.2644668817520142,0.019250916317105293,43,0.00011598222130000548
1325,0.9934369325637817,0.006563067436218262,1.2693487405776978,0.019190924242138863,43,0.00011598222130000548
1326,0.9932889938354492,0.006711006164550781,1.265344262123108,0.019297339022159576,43,0.00011598222130000548
1327,0.9933410882949829,0.00665891170501709,1.286668062210083,0.01945900358259678,43,0.00011598222130000548
1328,0.9930191040039062,0.00698089599609375,1.2764862775802612,0.019675949588418007,43,0.00011598222130000548
1329,0.9934195280075073,0.006580471992492676,1.2634499073028564,0.019149165600538254,43,0.00011598222130000548
1330,0.9932563900947571,0.00674360990524292,1.2758814096450806,0.019434988498687744,43,0.00011598222130000548
1331,0.9931087493896484,0.0068912506103515625,1.2715436220169067,0.019537772983312607,43,0.00011598222130000548
1332,0.993417501449585,0.006582498550415039,1.2686656713485718,0.01920333132147789,43,0.00011598222130000548
1333,0.9932093620300293,0.006790637969970703,1.273712158203125,0.019459852948784828,44,0.00011018311023500519
1334,0.9931318163871765,0.006868183612823486,1.2747994661331177,0.019547495990991592,44,0.00011018311023500519
1335,0.9935402870178223,0.006459712982177734,1.2579822540283203,0.01897493749856949,44,0.00011018311023500519
1336,0.9933105111122131,0.006689488887786865,1.2515896558761597,0.019138488918542862,44,0.00011018311023500519
1337,0.9931659698486328,0.0068340301513671875,1.2816414833068848,0.019582103937864304,44,0.00011018311023500519
1338,0.9931193590164185,0.006880640983581543,1.2810113430023193,0.019621947780251503,44,0.00011018311023500519
1339,0.9933004975318909,0.006699502468109131,1.2727234363555908,0.019359741359949112,44,0.00011018311023500519
1340,0.9931937456130981,0.0068062543869018555,1.2735686302185059,0.019473878666758537,44,0.00011018311023500519
1341,0.9933692216873169,0.0066307783126831055,1.2715389728546143,0.019279859960079193,44,0.00011018311023500519
1342,0.9932379722595215,0.006762027740478516,1.2644233703613281,0.019338641315698624,44,0.00011018311023500519
1343,0.9932973384857178,0.0067026615142822266,1.2721309661865234,0.019356943666934967,44,0.00011018311023500519
1344,0.9932494163513184,0.006750583648681641,1.2809573411941528,0.019492650404572487,44,0.00011018311023500519
1345,0.9933281540870667,0.00667184591293335,1.272958755493164,0.019334714859724045,44,0.00011018311023500519
1346,0.993119478225708,0.006880521774291992,1.2911384105682373,0.01972310058772564,44,0.00011018311023500519
1347,0.9933774471282959,0.0066225528717041016,1.2703607082366943,0.01925993338227272,44,0.00011018311023500519
1348,0.9932643175125122,0.006735682487487793,1.2698842287063599,0.019367167726159096,44,0.00011018311023500519
1349,0.9931049346923828,0.0068950653076171875,1.2786678075790405,0.019612792879343033,44,0.00011018311023500519
1350,0.9934676885604858,0.00653231143951416,1.272935152053833,0.019196338951587677,44,0.00011018311023500519
1351,0.9930452704429626,0.0069547295570373535,1.2749807834625244,0.019634990021586418,44,0.00011018311023500519
1352,0.9931691884994507,0.006830811500549316,1.2706092596054077,0.01946859620511532,44,0.00011018311023500519
1353,0.9935035109519958,0.00649648904800415,1.2725776433944702,0.019157299771904945,44,0.00011018311023500519
1354,0.9933153390884399,0.006684660911560059,1.2694348096847534,0.019312161952257156,44,0.00011018311023500519
1355,0.9931384921073914,0.006861507892608643,1.2746235132217407,0.019539127126336098,44,0.00011018311023500519
1356,0.9933950901031494,0.006604909896850586,1.2660273313522339,0.019199134781956673,44,0.00011018311023500519
1357,0.9934487342834473,0.006551265716552734,1.2696576118469238,0.019182328134775162,44,0.00011018311023500519
1358,0.9933674335479736,0.006632566452026367,1.2557017803192139,0.0191232580691576,44,0.00011018311023500519
1359,0.9932369589805603,0.006763041019439697,1.262738585472107,0.019322795793414116,44,0.00011018311023500519
1360,0.9934298396110535,0.006570160388946533,1.269029140472412,0.019194750115275383,44,0.00011018311023500519
1361,0.9933275580406189,0.0066724419593811035,1.2695366144180298,0.01930108293890953,44,0.00011018311023500519
1362,0.9935644268989563,0.006435573101043701,1.2756285667419434,0.019127503037452698,44,0.00011018311023500519
1363,0.9934098124504089,0.0065901875495910645,1.2638217210769653,0.019162502139806747,44,0.00011018311023500519
1364,0.9935561418533325,0.0064438581466674805,1.2705591917037964,0.019085010513663292,45,0.00010467395472325493
1365,0.9933474659919739,0.006652534008026123,1.2620373964309692,0.01920638233423233,45,0.00010467395472325493
1366,0.9934238195419312,0.006576180458068848,1.2580591440200806,0.019091010093688965,45,0.00010467395472325493
1367,0.9932718276977539,0.006728172302246094,1.2731510400772095,0.019392400979995728,45,0.00010467395472325493
1368,0.9932206869125366,0.006779313087463379,1.2696925401687622,0.019408445805311203,45,0.00010467395472325493
1369,0.9932459592819214,0.006754040718078613,1.270469307899475,0.019391193985939026,45,0.00010467395472325493
1370,0.9932516813278198,0.006748318672180176,1.274206280708313,0.019422898069024086,45,0.00010467395472325493
1371,0.9932851791381836,0.006714820861816406,1.265552282333374,0.01930319517850876,45,0.00010467395472325493
1372,0.9931706786155701,0.006829321384429932,1.2743606567382812,0.01950463466346264,45,0.00010467395472325493
1373,0.9933724403381348,0.006627559661865234,1.264499545097351,0.019206278026103973,45,0.00010467395472325493
1374,0.9933633804321289,0.006636619567871094,1.2586063146591187,0.01915631629526615,45,0.00010467395472325493
1375,0.9933419823646545,0.006658017635345459,1.2718560695648193,0.01930999755859375,45,0.00010467395472325493
1376,0.9932089447975159,0.006791055202484131,1.2813447713851929,0.019536592066287994,45,0.00010467395472325493
1377,0.9930521249771118,0.006947875022888184,1.2722141742706299,0.019600536674261093,45,0.00010467395472325493
1378,0.9934799671173096,0.00652003288269043,1.2542301416397095,0.018997132778167725,45,0.00010467395472325493
1379,0.9932477474212646,0.0067522525787353516,1.2782084941864014,0.019466815516352654,45,0.00010467395472325493
1380,0.9931886792182922,0.006811320781707764,1.2760072946548462,0.019503280520439148,45,0.00010467395472325493
1381,0.9932332038879395,0.006766796112060547,1.2777127027511597,0.019476253539323807,45,0.00010467395472325493
1382,0.9934431910514832,0.006556808948516846,1.267513632774353,0.019166376441717148,45,0.00010467395472325493
1383,0.9931091666221619,0.006890833377838135,1.276656985282898,0.019588494673371315,45,0.00010467395472325493
1384,0.9932945370674133,0.00670546293258667,1.2768008708953857,0.01940641738474369,45,0.00010467395472325493
1385,0.9933087229728699,0.006691277027130127,1.2715983390808105,0.01934034749865532,45,0.00010467395472325493
1386,0.9933776259422302,0.006622374057769775,1.2671263217926025,0.019227413460612297,45,0.00010467395472325493
1387,0.9932662844657898,0.006733715534210205,1.28195321559906,0.01948591135442257,45,0.00010467395472325493
1388,0.9934288263320923,0.006571173667907715,1.2700046300888062,0.01920550875365734,45,0.00010467395472325493
1389,0.9932549595832825,0.006745040416717529,1.2736223936080933,0.019413813948631287,45,0.00010467395472325493
1390,0.9934841990470886,0.006515800952911377,1.266467809677124,0.019115321338176727,45,0.00010467395472325493
1391,0.9932190775871277,0.0067809224128723145,1.274551510810852,0.019458627328276634,45,0.00010467395472325493
1392,0.9932748079299927,0.006725192070007324,1.2730118036270142,0.01938805729150772,45,0.00010467395472325493
1393,0.9934507012367249,0.0065492987632751465,1.268533706665039,0.019169142469763756,45,0.00010467395472325493
1394,0.9932966828346252,0.006703317165374756,1.280625820159912,0.019442541524767876,45,0.00010467395472325493
1395,0.9933935403823853,0.006606459617614746,1.271740198135376,0.019257796928286552,46,9.944025698709218e-05
1396,0.9933723211288452,0.006627678871154785,1.260941982269287,0.019170820713043213,46,9.944025698709218e-05
1397,0.9932396411895752,0.006760358810424805,1.2630829811096191,0.01932358555495739,46,9.944025698709218e-05
1398,0.9932928681373596,0.006707131862640381,1.2735098600387573,0.019375160336494446,46,9.944025698709218e-05
1399,0.9931867122650146,0.0068132877349853516,1.2717013359069824,0.019462168216705322,46,9.944025698709218e-05
1400,0.9933499097824097,0.006650090217590332,1.2658249139785767,0.01924183778464794,46,9.944025698709218e-05
1401,0.9931095838546753,0.006890416145324707,1.2790037393569946,0.019611548632383347,46,9.944025698709218e-05
1402,0.9932106137275696,0.00678938627243042,1.2759493589401245,0.019480986520648003,46,9.944025698709218e-05
1403,0.9933940172195435,0.006605982780456543,1.2772730588912964,0.019312653690576553,46,9.944025698709218e-05
1404,0.9932454824447632,0.006754517555236816,1.2777332067489624,0.01946430467069149,46,9.944025698709218e-05
1405,0.9933455586433411,0.0066544413566589355,1.284496545791626,0.019432861357927322,46,9.944025698709218e-05
1406,0.9934270977973938,0.006572902202606201,1.267925500869751,0.01918642781674862,46,9.944025698709218e-05
1407,0.9932117462158203,0.0067882537841796875,1.268497347831726,0.019405344501137733,46,9.944025698709218e-05
1408,0.9933583736419678,0.0066416263580322266,1.2621984481811523,0.019197193905711174,46,9.944025698709218e-05
1409,0.9932522773742676,0.006747722625732422,1.2721869945526123,0.019402116537094116,46,9.944025698709218e-05
1410,0.9932085275650024,0.006791472434997559,1.2688424587249756,0.019411981105804443,46,9.944025698709218e-05
1411,0.9933547377586365,0.006645262241363525,1.2710118293762207,0.01928892731666565,46,9.944025698709218e-05
1412,0.9934812784194946,0.006518721580505371,1.2592904567718506,0.019046438857913017,46,9.944025698709218e-05
1413,0.9933567643165588,0.006643235683441162,1.2832998037338257,0.019409801810979843,46,9.944025698709218e-05
1414,0.9933332204818726,0.006666779518127441,1.2625118494033813,0.01922522857785225,46,9.944025698709218e-05
1415,0.9931402206420898,0.006859779357910156,1.2775228023529053,0.019566409289836884,46,9.944025698709218e-05
1416,0.993163526058197,0.0068364739418029785,1.276057481765747,0.01952868327498436,46,9.944025698709218e-05
1417,0.9934937357902527,0.0065062642097473145,1.2773690223693848,0.019214890897274017,46,9.944025698709218e-05
1418,0.9933209419250488,0.006679058074951172,1.2690351009368896,0.019302617758512497,46,9.944025698709218e-05
1419,0.9934036731719971,0.00659632682800293,1.258143424987793,0.019111797213554382,46,9.944025698709218e-05
1420,0.9932392239570618,0.006760776042938232,1.2756415605545044,0.019449584186077118,46,9.944025698709218e-05
1421,0.9933282136917114,0.006671786308288574,1.2622572183609009,0.019227640703320503,46,9.944025698709218e-05
1422,0.9934526681900024,0.006547331809997559,1.2623536586761475,0.019105395302176476,46,9.944025698709218e-05
1423,0.9933886528015137,0.006611347198486328,1.266930103302002,0.019214535132050514,46,9.944025698709218e-05
1424,0.9933550357818604,0.0066449642181396484,1.2771193981170654,0.019349709153175354,46,9.944025698709218e-05
1425,0.9932699203491211,0.006730079650878906,1.2657630443572998,0.01932040974497795,46,9.944025698709218e-05
1426,0.993421733379364,0.006578266620635986,1.2680364847183228,0.019192848354578018,47,9.446824413773756e-05
1427,0.9932440519332886,0.006755948066711426,1.276311993598938,0.019451508298516273,47,9.446824413773756e-05
1428,0.9932880997657776,0.006711900234222412,1.2656725645065308,0.019301505759358406,47,9.446824413773756e-05
1429,0.993314266204834,0.006685733795166016,1.2728736400604248,0.01934761181473732,47,9.446824413773756e-05
1430,0.9934340715408325,0.0065659284591674805,1.2646604776382446,0.0191468745470047,47,9.446824413773756e-05
1431,0.9932540059089661,0.0067459940910339355,1.2646381855010986,0.01932491548359394,47,9.446824413773756e-05
1432,0.9933185577392578,0.0066814422607421875,1.2580232620239258,0.019194860011339188,47,9.446824413773756e-05
1433,0.9932860732078552,0.006713926792144775,1.2690834999084473,0.019337622448801994,47,9.446824413773756e-05
1434,0.993298351764679,0.006701648235321045,1.2698619365692139,0.01933325082063675,47,9.446824413773756e-05
1435,0.9936417937278748,0.006358206272125244,1.2542661428451538,0.01883728615939617,47,9.446824413773756e-05
1436,0.9933733344078064,0.0066266655921936035,1.2816543579101562,0.01937694288790226,47,9.446824413773756e-05
1437,0.9931788444519043,0.006821155548095703,1.2870540618896484,0.01962348446249962,47,9.446824413773756e-05
1438,0.9933050274848938,0.006694972515106201,1.26693594455719,0.01929738186299801,47,9.446824413773756e-05
1439,0.9934367537498474,0.006563246250152588,1.2577992677688599,0.019075606018304825,47,9.446824413773756e-05
1440,0.993308424949646,0.006691575050354004,1.275391697883606,0.019378576427698135,47,9.446824413773756e-05
1441,0.9934938549995422,0.006506145000457764,1.2693779468536377,0.01913486421108246,47,9.446824413773756e-05
1442,0.9933496117591858,0.006650388240814209,1.2731624841690063,0.019315509125590324,47,9.446824413773756e-05
1443,0.993139922618866,0.006860077381134033,1.2829177379608154,0.019620653241872787,47,9.446824413773756e-05
1444,0.9933229088783264,0.006677091121673584,1.2762706279754639,0.019373025745153427,47,9.446824413773756e-05
1445,0.9933997392654419,0.0066002607345581055,1.265183925628662,0.019186098128557205,47,9.446824413773756e-05
1446,0.9934177398681641,0.0065822601318359375,1.2714730501174927,0.019231168553233147,47,9.446824413773756e-05
1447,0.9932739734649658,0.00672602653503418,1.2773001194000244,0.019431766122579575,47,9.446824413773756e-05
1448,0.9932681322097778,0.006731867790222168,1.2668564319610596,0.019333112984895706,47,9.446824413773756e-05
1449,0.9932076334953308,0.0067923665046691895,1.2699671983718872,0.019424114376306534,47,9.446824413773756e-05
1450,0.9935097098350525,0.00649029016494751,1.2743113040924072,0.01916849985718727,47,9.446824413773756e-05
1451,0.9931772351264954,0.006822764873504639,1.2787365913391113,0.019541902467608452,47,9.446824413773756e-05
1452,0.9932827353477478,0.006717264652252197,1.2719478607177734,0.019369570538401604,47,9.446824413773756e-05
1453,0.9933909177780151,0.006609082221984863,1.255277395248413,0.01909576542675495,47,9.446824413773756e-05
1454,0.9932542443275452,0.006745755672454834,1.2719881534576416,0.019398178905248642,47,9.446824413773756e-05
1455,0.9931473731994629,0.006852626800537109,1.271692156791687,0.01950102113187313,47,9.446824413773756e-05
1456,0.9932072758674622,0.006792724132537842,1.2667584419250488,0.019392380490899086,47,9.446824413773756e-05
1457,0.9934266209602356,0.006573379039764404,1.2743563652038574,0.019251208752393723,48,8.974483193085068e-05
1458,0.9934684634208679,0.00653153657913208,1.262269139289856,0.01908891275525093,48,8.974483193085068e-05
1459,0.9932351112365723,0.006764888763427734,1.275802493095398,0.019455265253782272,48,8.974483193085068e-05
1460,0.9932047128677368,0.006795287132263184,1.2615809440612793,0.019343143329024315,48,8.974483193085068e-05
1461,0.9933378100395203,0.006662189960479736,1.2532222270965576,0.01912778988480568,48,8.974483193085068e-05
1462,0.9933421015739441,0.006657898426055908,1.2760783433914185,0.019352102652192116,48,8.974483193085068e-05
1463,0.9932780861854553,0.006721913814544678,1.286979079246521,0.019524484872817993,48,8.974483193085068e-05
1464,0.9932793378829956,0.0067206621170043945,1.2736870050430298,0.019390325993299484,48,8.974483193085068e-05
1465,0.9933608174324036,0.0066391825675964355,1.2727851867675781,0.019300643354654312,48,8.974483193085068e-05
1466,0.993347704410553,0.0066522955894470215,1.2767612934112549,0.019353386014699936,48,8.974483193085068e-05
1467,0.9932020902633667,0.006797909736633301,1.2812775373458862,0.01954270526766777,48,8.974483193085068e-05
1468,0.9932010769844055,0.006798923015594482,1.2771106958389282,0.01950203999876976,48,8.974483193085068e-05
1469,0.9933980107307434,0.006601989269256592,1.2414851188659668,0.018950819969177246,48,8.974483193085068e-05
1470,0.9932416081428528,0.006758391857147217,1.272885799407959,0.01941966637969017,48,8.974483193085068e-05
1471,0.9932661056518555,0.006733894348144531,1.270745038986206,0.019374005496501923,48,8.974483193085068e-05
1472,0.9935674667358398,0.006432533264160156,1.2577754259109497,0.018945962190628052,48,8.974483193085068e-05
1473,0.9931367039680481,0.006863296031951904,1.2762670516967773,0.01955733448266983,48,8.974483193085068e-05
1474,0.9932841658592224,0.006715834140777588,1.2742953300476074,0.019391629844903946,48,8.974483193085068e-05
1475,0.993163526058197,0.0068364739418029785,1.2698830366134644,0.019466940313577652,48,8.974483193085068e-05
1476,0.9936336278915405,0.006366372108459473,1.2679039239883423,0.018981747329235077,48,8.974483193085068e-05
1477,0.9933629035949707,0.006637096405029297,1.2738670110702515,0.01930939592421055,48,8.974483193085068e-05
1478,0.9932094216346741,0.006790578365325928,1.2667938470840454,0.019390610978007317,48,8.974483193085068e-05
1479,0.9932505488395691,0.006749451160430908,1.2748609781265259,0.01943056657910347,48,8.974483193085068e-05
1480,0.993325412273407,0.006674587726593018,1.2717372179031372,0.019325213506817818,48,8.974483193085068e-05
1481,0.9932666420936584,0.006733357906341553,1.2658686637878418,0.019324710592627525,48,8.974483193085068e-05
1482,0.9933096170425415,0.006690382957458496,1.2574185132980347,0.01919766329228878,48,8.974483193085068e-05
1483,0.9934680461883545,0.006531953811645508,1.2710492610931396,0.01917712576687336,48,8.974483193085068e-05
1484,0.9933114051818848,0.006688594818115234,1.2688438892364502,0.01931014657020569,48,8.974483193085068e-05
1485,0.9933891892433167,0.00661081075668335,1.2707457542419434,0.01925215870141983,48,8.974483193085068e-05
1486,0.9934223890304565,0.006577610969543457,1.2711374759674072,0.019223209470510483,48,8.974483193085068e-05
1487,0.9935641884803772,0.006435811519622803,1.2676723003387451,0.01904817670583725,48,8.974483193085068e-05
1488,0.9933127760887146,0.0066872239112854,1.2555609941482544,0.01917596161365509,49,8.525759033430814e-05
1489,0.9934250116348267,0.00657498836517334,1.2647191286087036,0.019156429916620255,49,8.525759033430814e-05
1490,0.9932100176811218,0.006789982318878174,1.2732096910476685,0.01945417933166027,49,8.525759033430814e-05
1491,0.9932999610900879,0.006700038909912109,1.270445466041565,0.019337493926286697,49,8.525759033430814e-05
1492,0.9933390021324158,0.0066609978675842285,1.2682716846466064,0.01927710324525833,49,8.525759033430814e-05
1493,0.9933446645736694,0.006655335426330566,1.2778284549713135,0.019367065280675888,49,8.525759033430814e-05
1494,0.9933096766471863,0.006690323352813721,1.266761302947998,0.01929103396832943,49,8.525759033430814e-05
1495,0.9933094382286072,0.006690561771392822,1.2808421850204468,0.019432077184319496,49,8.525759033430814e-05
1496,0.9934096336364746,0.006590366363525391,1.2756829261779785,0.01928129233419895,49,8.525759033430814e-05
1497,0.9933958649635315,0.006604135036468506,1.2670882940292358,0.01920897699892521,49,8.525759033430814e-05
1498,0.9934054613113403,0.006594538688659668,1.2630329132080078,0.019158922135829926,49,8.525759033430814e-05
1499,0.9932615160942078,0.006738483905792236,1.2715461254119873,0.01938655972480774,49,8.525759033430814e-05
1500,0.9933971166610718,0.006602883338928223,1.2691216468811035,0.019228070974349976,49,8.525759033430814e-05
1501,0.9934599995613098,0.0065400004386901855,1.2598813772201538,0.01907341368496418,49,8.525759033430814e-05
1502,0.9931781888008118,0.006821811199188232,1.2683979272842407,0.019437571987509727,49,8.525759033430814e-05
1503,0.9934309720993042,0.006569027900695801,1.2748082876205444,0.019251419231295586,49,8.525759033430814e-05
1504,0.9934638738632202,0.006536126136779785,1.2705714702606201,0.019176479429006577,49,8.525759033430814e-05
1505,0.9930567145347595,0.0069432854652404785,1.2835651636123657,0.019709505140781403,49,8.525759033430814e-05
1506,0.9932114481925964,0.0067885518074035645,1.2756686210632324,0.019477352499961853,49,8.525759033430814e-05
1507,0.9932758212089539,0.006724178791046143,1.2748430967330933,0.019405366852879524,49,8.525759033430814e-05
1508,0.993492066860199,0.006507933139801025,1.2569587230682373,0.019012439996004105,49,8.525759033430814e-05
1509,0.993384838104248,0.006615161895751953,1.2565231323242188,0.019114241003990173,49,8.525759033430814e-05
1510,0.993198037147522,0.006801962852478027,1.2794908285140991,0.01952885091304779,49,8.525759033430814e-05
1511,0.9933821558952332,0.006617844104766846,1.2679349184036255,0.01923101395368576,49,8.525759033430814e-05
1512,0.9934781193733215,0.006521880626678467,1.2625318765640259,0.019081979990005493,49,8.525759033430814e-05
1513,0.9932304620742798,0.006769537925720215,1.2658592462539673,0.019360434263944626,49,8.525759033430814e-05
1514,0.9932528138160706,0.006747186183929443,1.2676331996917725,0.019356045871973038,49,8.525759033430814e-05
1515,0.9934718012809753,0.006528198719024658,1.2670782804489136,0.01913369819521904,49,8.525759033430814e-05
1516,0.9932424426078796,0.006757557392120361,1.2736238241195679,0.019426219165325165,49,8.525759033430814e-05
1517,0.9933929443359375,0.0066070556640625,1.2782645225524902,0.01932363025844097,49,8.525759033430814e-05
1518,0.9934223294258118,0.006577670574188232,1.2717121839523315,0.019229015335440636,49,8.525759033430814e-05
1519,0.9934324026107788,0.006567597389221191,1.2799259424209595,0.01930117979645729,50,8.099471081759274e-05
1520,0.9933528304100037,0.006647169589996338,1.2780572175979614,0.01936127059161663,50,8.099471081759274e-05
1521,0.9934682250022888,0.006531774997711182,1.274303913116455,0.019209496676921844,50,8.099471081759274e-05
1522,0.9930627942085266,0.006937205791473389,1.2807049751281738,0.019674884155392647,50,8.099471081759274e-05
1523,0.9933580160140991,0.006641983985900879,1.2707387208938599,0.019282951951026917,50,8.099471081759274e-05
1524,0.9934682250022888,0.006531774997711182,1.266033411026001,0.01912679150700569,50,8.099471081759274e-05
1525,0.9932411313056946,0.00675886869430542,1.2621098756790161,0.019312378019094467,50,8.099471081759274e-05
1526,0.993068277835846,0.006931722164154053,1.2724906206130981,0.019587311893701553,50,8.099471081759274e-05
1527,0.9933852553367615,0.006614744663238525,1.266366958618164,0.01921226643025875,50,8.099471081759274e-05
1528,0.9933702945709229,0.0066297054290771484,1.266897201538086,0.019232381135225296,50,8.099471081759274e-05
1529,0.9933363199234009,0.006663680076599121,1.288221001625061,0.01947925239801407,50,8.099471081759274e-05
1530,0.9932476282119751,0.006752371788024902,1.268690586090088,0.019371753558516502,50,8.099471081759274e-05
1531,0.9933127760887146,0.0066872239112854,1.271011233329773,0.0193304643034935,50,8.099471081759274e-05
1532,0.9931746125221252,0.006825387477874756,1.2774460315704346,0.01953159272670746,50,8.099471081759274e-05
1533,0.9932175278663635,0.006782472133636475,1.2665653228759766,0.019380301237106323,50,8.099471081759274e-05
1534,0.9933604598045349,0.006639540195465088,1.2710074186325073,0.019283218309283257,50,8.099471081759274e-05
1535,0.9934631586074829,0.00653684139251709,1.2596577405929565,0.019068051129579544,50,8.099471081759274e-05
1536,0.9936109781265259,0.006389021873474121,1.2689883708953857,0.01901501603424549,50,8.099471081759274e-05
1537,0.9936307668685913,0.006369233131408691,1.2579174041748047,0.01888471469283104,50,8.099471081759274e-05
1538,0.9933518767356873,0.006648123264312744,1.2694337368011475,0.019275980070233345,50,8.099471081759274e-05
1539,0.9934524297714233,0.00654757022857666,1.264648199081421,0.019128575921058655,50,8.099471081759274e-05
1540,0.9932178258895874,0.006782174110412598,1.2722963094711304,0.019437314942479134,50,8.099471081759274e-05
1541,0.99333655834198,0.0066634416580200195,1.2625378370285034,0.019222185015678406,50,8.099471081759274e-05
1542,0.9933033585548401,0.006696641445159912,1.2521476745605469,0.019151151180267334,50,8.099471081759274e-05
1543,0.9932535886764526,0.006746411323547363,1.277700662612915,0.019455954432487488,50,8.099471081759274e-05
1544,0.993272066116333,0.006727933883666992,1.2736502885818481,0.019397158175706863,50,8.099471081759274e-05
1545,0.9934056997299194,0.006594300270080566,1.266000509262085,0.01918836310505867,50,8.099471081759274e-05
1546,0.9933190941810608,0.006680905818939209,1.261003851890564,0.01922413520514965,50,8.099471081759274e-05
1547,0.9934210777282715,0.006578922271728516,1.2665666341781616,0.01917879842221737,50,8.099471081759274e-05
1548,0.9934028387069702,0.006597161293029785,1.265039324760437,0.01918158307671547,50,8.099471081759274e-05
1549,0.993388831615448,0.006611168384552002,1.2678864002227783,0.01922392100095749,50,8.099471081759274e-05
1550,0.9931629300117493,0.006837069988250732,1.271206021308899,0.019480759277939796,51,7.69449752767131e-05
1551,0.993259072303772,0.006740927696228027,1.2645591497421265,0.019319109618663788,51,7.69449752767131e-05
1552,0.9933188557624817,0.0066811442375183105,1.257143497467041,0.019185766577720642,51,7.69449752767131e-05
1553,0.9931873679161072,0.006812632083892822,1.2829253673553467,0.01957375928759575,51,7.69449752767131e-05
1554,0.9933788776397705,0.006621122360229492,1.263730764389038,0.019192218780517578,51,7.69449752767131e-05
1555,0.9932584762573242,0.006741523742675781,1.2767176628112793,0.019441284239292145,51,7.69449752767131e-05
1556,0.9934576749801636,0.006542325019836426,1.2711296081542969,0.01918819732964039,51,7.69449752767131e-05
1557,0.9934165477752686,0.006583452224731445,1.2658361196517944,0.019175980240106583,51,7.69449752767131e-05
1558,0.9934154152870178,0.006584584712982178,1.265879511833191,0.01917753368616104,51,7.69449752767131e-05
1559,0.9933701157569885,0.006629884243011475,1.2714734077453613,0.01927831768989563,51,7.69449752767131e-05
1560,0.9932252764701843,0.006774723529815674,1.2634930610656738,0.019341906532645226,51,7.69449752767131e-05
1561,0.9934743046760559,0.006525695323944092,1.28173828125,0.019277822226285934,51,7.69449752767131e-05
1562,0.9934185743331909,0.006581425666809082,1.2579851150512695,0.019095461815595627,51,7.69449752767131e-05
1563,0.9933292269706726,0.006670773029327393,1.2776033878326416,0.019380100071430206,51,7.69449752767131e-05
1564,0.9933344125747681,0.006665587425231934,1.277376413345337,0.019372694194316864,51,7.69449752767131e-05
1565,0.9935076236724854,0.0064923763275146484,1.2623963356018066,0.019051415845751762,51,7.69449752767131e-05
1566,0.9934266805648804,0.006573319435119629,1.2703291177749634,0.019210876896977425,51,7.69449752767131e-05
1567,0.9932624101638794,0.0067375898361206055,1.2633757591247559,0.019303971901535988,51,7.69449752767131e-05
1568,0.9931209087371826,0.006879091262817383,1.2759467363357544,0.019569767639040947,51,7.69449752767131e-05
1569,0.9934426546096802,0.006557345390319824,1.2707579135894775,0.019199350848793983,51,7.69449752767131e-05
1570,0.9931798577308655,0.0068201422691345215,1.27089262008667,0.01946086622774601,51,7.69449752767131e-05
1571,0.9933542013168335,0.006645798683166504,1.2724847793579102,0.0193041879683733,51,7.69449752767131e-05
1572,0.9934725761413574,0.006527423858642578,1.2474801540374756,0.018936950713396072,51,7.69449752767131e-05
1573,0.9934972524642944,0.006502747535705566,1.2619062662124634,0.019056782126426697,51,7.69449752767131e-05
1574,0.9935293793678284,0.006470620632171631,1.2687482833862305,0.01909339800477028,51,7.69449752767131e-05
1575,0.9934241771697998,0.006575822830200195,1.2657231092453003,0.01916729472577572,51,7.69449752767131e-05
1576,0.9933702945709229,0.0066297054290771484,1.275708794593811,0.019320495426654816,51,7.69449752767131e-05
1577,0.9932531118392944,0.006746888160705566,1.2732542753219604,0.01941196247935295,51,7.69449752767131e-05
1578,0.9934433698654175,0.0065566301345825195,1.2698030471801758,0.01918909326195717,51,7.69449752767131e-05
1579,0.9933192133903503,0.006680786609649658,1.2751530408859253,0.01936550810933113,51,7.69449752767131e-05
1580,0.9933500289916992,0.006649971008300781,1.2641133069992065,0.019224604591727257,51,7.69449752767131e-05
1581,0.9933034181594849,0.006696581840515137,1.2689019441604614,0.019318636506795883,52,7.309772651287744e-05
1582,0.9933004975318909,0.006699502468109131,1.265910267829895,0.019291609525680542,52,7.309772651287744e-05
1583,0.993475079536438,0.006524920463562012,1.2757198810577393,0.01921687088906765,52,7.309772651287744e-05
1584,0.9934703707695007,0.006529629230499268,1.264361023902893,0.019107943400740623,52,7.309772651287744e-05
1585,0.9934557676315308,0.006544232368469238,1.262484073638916,0.019103631377220154,52,7.309772651287744e-05
1586,0.9933879971504211,0.006612002849578857,1.2601747512817383,0.019147630780935287,52,7.309772651287744e-05
1587,0.9934176802635193,0.006582319736480713,1.2738956212997437,0.01925545185804367,52,7.309772651287744e-05
1588,0.9934194684028625,0.006580531597137451,1.2585408687591553,0.019100133329629898,52,7.309772651287744e-05
1589,0.9934033155441284,0.006596684455871582,1.2636048793792725,0.019166765734553337,52,7.309772651287744e-05
1590,0.9934689998626709,0.0065310001373291016,1.2735693454742432,0.019201382994651794,52,7.309772651287744e-05
1591,0.9933338165283203,0.0066661834716796875,1.2637757062911987,0.019237278029322624,52,7.309772651287744e-05
1592,0.9933008551597595,0.0066991448402404785,1.258017659187317,0.019212329760193825,52,7.309772651287744e-05
1593,0.9935701489448547,0.006429851055145264,1.2641934156417847,0.01900748535990715,52,7.309772651287744e-05
1594,0.9933499097824097,0.006650090217590332,1.279655933380127,0.019380148500204086,52,7.309772651287744e-05
1595,0.993240237236023,0.006759762763977051,1.2700092792510986,0.019392257556319237,52,7.309772651287744e-05
1596,0.9936948418617249,0.0063051581382751465,1.272477626800537,0.018966883420944214,52,7.309772651287744e-05
1597,0.9929879307746887,0.007012069225311279,1.2844033241271973,0.019785981625318527,52,7.309772651287744e-05
1598,0.9934552907943726,0.006544709205627441,1.2628440856933594,0.019107703119516373,52,7.309772651287744e-05
1599,0.9931868314743042,0.006813168525695801,1.2737812995910645,0.019482849165797234,52,7.309772651287744e-05
1600,0.9933828711509705,0.006617128849029541,1.2635416984558105,0.01918637380003929,52,7.309772651287744e-05
1601,0.9932615160942078,0.006738483905792236,1.2620337009429932,0.019291434437036514,52,7.309772651287744e-05
1602,0.9932178258895874,0.006782174110412598,1.2640774250030518,0.019355125725269318,52,7.309772651287744e-05
1603,0.9932466745376587,0.006753325462341309,1.265221357345581,0.019338006153702736,52,7.309772651287744e-05
1604,0.9933874011039734,0.006612598896026611,1.276823878288269,0.019314711913466454,52,7.309772651287744e-05
1605,0.9933542013168335,0.006645798683166504,1.2726874351501465,0.019306214526295662,52,7.309772651287744e-05
1606,0.993290364742279,0.006709635257720947,1.2720175981521606,0.019362714141607285,52,7.309772651287744e-05
1607,0.9934317469596863,0.006568253040313721,1.2783530950546265,0.019286101683974266,52,7.309772651287744e-05
1608,0.9934653639793396,0.0065346360206604,1.2662217617034912,0.019131507724523544,52,7.309772651287744e-05
1609,0.9932704567909241,0.006729543209075928,1.265970230102539,0.019321950152516365,52,7.309772651287744e-05
1610,0.9931282997131348,0.006871700286865234,1.2729395627975464,0.019532378762960434,52,7.309772651287744e-05
1611,0.993561863899231,0.006438136100769043,1.275536298751831,0.019129116088151932,52,7.309772651287744e-05
1612,0.9933764338493347,0.006623566150665283,1.2739366292953491,0.019296696409583092,53,6.944284018723356e-05
1613,0.9933357238769531,0.006664276123046875,1.2546968460083008,0.019144602119922638,53,6.944284018723356e-05
1614,0.9932661652565002,0.006733834743499756,1.2743772268295288,0.01941026747226715,53,6.944284018723356e-05
1615,0.9935042858123779,0.00649571418762207,1.2552945613861084,0.01898370310664177,53,6.944284018723356e-05
1616,0.9932601451873779,0.00673985481262207,1.2717013359069824,0.019389469176530838,53,6.944284018723356e-05
1617,0.9934091567993164,0.006590843200683594,1.2662404775619507,0.019187338650226593,53,6.944284018723356e-05
1618,0.9934920072555542,0.006507992744445801,1.2591361999511719,0.01903427392244339,53,6.944284018723356e-05
1619,0.9933882355690002,0.006611764430999756,1.2592086791992188,0.019137732684612274,53,6.944284018723356e-05
1620,0.9934906959533691,0.006509304046630859,1.261722445487976,0.019061435014009476,53,6.944284018723356e-05
1621,0.9932315945625305,0.006768405437469482,1.2709333896636963,0.01941005513072014,53,6.944284018723356e-05
1622,0.9934437870979309,0.006556212902069092,1.2679448127746582,0.01917009800672531,53,6.944284018723356e-05
1623,0.9931779503822327,0.006822049617767334,1.2719786167144775,0.019473616033792496,53,6.944284018723356e-05
1624,0.9931933879852295,0.006806612014770508,1.2722309827804565,0.019460855051875114,53,6.944284018723356e-05
1625,0.9933651685714722,0.006634831428527832,1.2718076705932617,0.019286559894680977,53,6.944284018723356e-05
1626,0.9931977987289429,0.006802201271057129,1.2685718536376953,0.019419897347688675,53,6.944284018723356e-05
1627,0.9932408928871155,0.0067591071128845215,1.2729848623275757,0.01942136511206627,53,6.944284018723356e-05
1628,0.993232011795044,0.006767988204956055,1.2868915796279907,0.01956922374665737,53,6.944284018723356e-05
1629,0.9934215545654297,0.0065784454345703125,1.2696712017059326,0.019209371879696846,53,6.944284018723356e-05
1630,0.9935230612754822,0.006476938724517822,1.2714529037475586,0.01912669837474823,53,6.944284018723356e-05
1631,0.9933924078941345,0.0066075921058654785,1.266923427581787,0.019210750237107277,53,6.944284018723356e-05
1632,0.9932766556739807,0.006723344326019287,1.2704083919525146,0.019360193982720375,53,6.944284018723356e-05
1633,0.9935251474380493,0.006474852561950684,1.2583609819412231,0.018993712961673737,53,6.944284018723356e-05
1634,0.9935358762741089,0.006464123725891113,1.2721359729766846,0.019120842218399048,53,6.944284018723356e-05
1635,0.9932787418365479,0.0067212581634521484,1.27328622341156,0.019386906176805496,53,6.944284018723356e-05
1636,0.9936561584472656,0.006343841552734375,1.2615516185760498,0.018895918503403664,53,6.944284018723356e-05
1637,0.993201494216919,0.006798505783081055,1.278214454650879,0.019512664526700974,53,6.944284018723356e-05
1638,0.9934266805648804,0.006573319435119629,1.2755794525146484,0.019263381138443947,53,6.944284018723356e-05
1639,0.9932632446289062,0.00673675537109375,1.270896553993225,0.019378352910280228,53,6.944284018723356e-05
1640,0.9935477375984192,0.0064522624015808105,1.2630761861801147,0.019018501043319702,53,6.944284018723356e-05
1641,0.9934206604957581,0.006579339504241943,1.261595368385315,0.019129499793052673,53,6.944284018723356e-05
1642,0.9932467937469482,0.006753206253051758,1.2725467681884766,0.01941114291548729,53,6.944284018723356e-05
1643,0.9932975769042969,0.006702423095703125,1.2745327949523926,0.019380725920200348,54,6.597069817787189e-05
1644,0.9933816194534302,0.006618380546569824,1.2709697484970093,0.01926189288496971,54,6.597069817787189e-05
1645,0.9933359622955322,0.0066640377044677734,1.271417498588562,0.01931157149374485,54,6.597069817787189e-05
1646,0.9933755397796631,0.006624460220336914,1.2519299983978271,0.019077515229582787,54,6.597069817787189e-05
1647,0.9935218691825867,0.00647813081741333,1.265235185623169,0.019065700471401215,54,6.597069817787189e-05
1648,0.9933249950408936,0.006675004959106445,1.2674039602279663,0.019282294437289238,54,6.597069817787189e-05
1649,0.9934634566307068,0.006536543369293213,1.268566608428955,0.019156843423843384,54,6.597069817787189e-05
1650,0.9934870004653931,0.006512999534606934,1.2646467685699463,0.01909433677792549,54,6.597069817787189e-05
1651,0.9934603571891785,0.006539642810821533,1.2740764617919922,0.019215010106563568,54,6.597069817787189e-05
1652,0.993289053440094,0.006710946559906006,1.2614597082138062,0.01925843395292759,54,6.597069817787189e-05
1653,0.9932364225387573,0.006763577461242676,1.2645635604858398,0.01934157684445381,54,6.597069817787189e-05
1654,0.9932441711425781,0.006755828857421875,1.2697476148605347,0.019385747611522675,54,6.597069817787189e-05
1655,0.993369996547699,0.006630003452301025,1.2651383876800537,0.019215088337659836,54,6.597069817787189e-05
1656,0.993309497833252,0.006690502166748047,1.2686716318130493,0.01931031420826912,54,6.597069817787189e-05
1657,0.9935968518257141,0.006403148174285889,1.2670091390609741,0.01900920830667019,54,6.597069817787189e-05
1658,0.9934558868408203,0.0065441131591796875,1.254775047302246,0.019026421010494232,54,6.597069817787189e-05
1659,0.9933813214302063,0.006618678569793701,1.2551857233047485,0.019104348495602608,54,6.597069817787189e-05
1660,0.9932737350463867,0.006726264953613281,1.2731311321258545,0.01939031295478344,54,6.597069817787189e-05
1661,0.9934653043746948,0.006534695625305176,1.2666786909103394,0.019136136397719383,54,6.597069817787189e-05
1662,0.9931334853172302,0.006866514682769775,1.2761321067810059,0.019559171050786972,54,6.597069817787189e-05
1663,0.9933212399482727,0.006678760051727295,1.2706713676452637,0.019318686798214912,54,6.597069817787189e-05
1664,0.9931855797767639,0.006814420223236084,1.2760313749313354,0.019506588578224182,54,6.597069817787189e-05
1665,0.99361652135849,0.00638347864151001,1.2546734809875488,0.01886637881398201,54,6.597069817787189e-05
1666,0.9934126138687134,0.006587386131286621,1.258349061012268,0.019105002284049988,54,6.597069817787189e-05
1667,0.99332195520401,0.00667804479598999,1.279551386833191,0.019406776875257492,54,6.597069817787189e-05
1668,0.9934665560722351,0.006533443927764893,1.2616239786148071,0.019084349274635315,54,6.597069817787189e-05
1669,0.9935131669044495,0.006486833095550537,1.2750558853149414,0.01917252317070961,54,6.597069817787189e-05
1670,0.9934526085853577,0.006547391414642334,1.2768640518188477,0.01925055682659149,54,6.597069817787189e-05
1671,0.9932665824890137,0.006733417510986328,1.276767373085022,0.019433757290244102,54,6.597069817787189e-05
1672,0.9932426810264587,0.00675731897354126,1.2774779796600342,0.01946452632546425,54,6.597069817787189e-05
1673,0.9934287667274475,0.00657123327255249,1.2779790163040161,0.019285310059785843,54,6.597069817787189e-05
1674,0.9935010075569153,0.006498992443084717,1.2527055740356445,0.01896105706691742,55,6.267216326897829e-05
1675,0.9930813312530518,0.006918668746948242,1.2874526977539062,0.019724009558558464,55,6.267216326897829e-05
1676,0.9932621717453003,0.006737828254699707,1.264153003692627,0.019311979413032532,55,6.267216326897829e-05
1677,0.9934412240982056,0.006558775901794434,1.2634353637695312,0.01912754215300083,55,6.267216326897829e-05
1678,0.9932963848114014,0.006703615188598633,1.2711269855499268,0.019347848370671272,55,6.267216326897829e-05
1679,0.9934873580932617,0.006512641906738281,1.2585102319717407,0.019032616168260574,55,6.267216326897829e-05
1680,0.9933786988258362,0.006621301174163818,1.2568615674972534,0.019123703241348267,55,6.267216326897829e-05
1681,0.9931893348693848,0.006810665130615234,1.2736352682113647,0.01947890967130661,55,6.267216326897829e-05
1682,0.9932286143302917,0.006771385669708252,1.270208477973938,0.019405756145715714,55,6.267216326897829e-05
1683,0.9933185577392578,0.0066814422607421875,1.2622721195220947,0.019237348809838295,55,6.267216326897829e-05
1684,0.9934206604957581,0.006579339504241943,1.2431899309158325,0.018945444375276566,55,6.267216326897829e-05
1685,0.9934326410293579,0.00656735897064209,1.273642897605896,0.01923811435699463,55,6.267216326897829e-05
1686,0.9934118390083313,0.006588160991668701,1.2754828929901123,0.01927710697054863,55,6.267216326897829e-05
1687,0.993394136428833,0.006605863571166992,1.2714821100234985,0.019254624843597412,55,6.267216326897829e-05
1688,0.9932883381843567,0.0067116618156433105,1.2739944458007812,0.019384488463401794,55,6.267216326897829e-05
1689,0.9935018420219421,0.006498157978057861,1.2656728029251099,0.01908990368247032,55,6.267216326897829e-05
1690,0.993458092212677,0.006541907787322998,1.2814847230911255,0.019291335716843605,55,6.267216326897829e-05
1691,0.9934243559837341,0.006575644016265869,1.264743447303772,0.019157322123646736,55,6.267216326897829e-05
1692,0.9934351444244385,0.0065648555755615234,1.2753403186798096,0.019252609461545944,55,6.267216326897829e-05
1693,0.9933308362960815,0.006669163703918457,1.2671455144882202,0.019273927435278893,55,6.267216326897829e-05
1694,0.9934611320495605,0.006538867950439453,1.269848108291626,0.019171960651874542,55,6.267216326897829e-05
1695,0.9933429956436157,0.006657004356384277,1.2682836055755615,0.019273269921541214,55,6.267216326897829e-05
1696,0.9933716654777527,0.0066283345222473145,1.2717705965042114,0.019279755651950836,55,6.267216326897829e-05
1697,0.993312418460846,0.006687581539154053,1.2696869373321533,0.01931757479906082,55,6.267216326897829e-05
1698,0.9934213757514954,0.006578624248504639,1.2735366821289062,0.019248204305768013,55,6.267216326897829e-05
1699,0.9934074878692627,0.006592512130737305,1.259502649307251,0.01912161335349083,55,6.267216326897829e-05
1700,0.9936482310295105,0.006351768970489502,1.260036826133728,0.018888618797063828,55,6.267216326897829e-05
1701,0.9933381676673889,0.006661832332611084,1.2713667154312134,0.01930887997150421,55,6.267216326897829e-05
1702,0.9933978319168091,0.006602168083190918,1.2554935216903687,0.019091080874204636,55,6.267216326897829e-05
1703,0.9933858513832092,0.0066141486167907715,1.2789720296859741,0.01933772675693035,55,6.267216326897829e-05
1704,0.9934078454971313,0.006592154502868652,1.274111270904541,0.01926734484732151,55,6.267216326897829e-05
1705,0.9933233857154846,0.006676614284515381,1.2586814165115356,0.019196661189198494,56,5.953855510552937e-05
1706,0.9932618737220764,0.006738126277923584,1.274960994720459,0.019420355558395386,56,5.953855510552937e-05
1707,0.9931878447532654,0.006812155246734619,1.2817068099975586,0.019561100751161575,56,5.953855510552937e-05
1708,0.9935798645019531,0.006420135498046875,1.2629036903381348,0.018984971567988396,56,5.953855510552937e-05
1709,0.9933918714523315,0.006608128547668457,1.26084303855896,0.019150476902723312,56,5.953855510552937e-05
1710,0.9934335947036743,0.006566405296325684,1.2561278343200684,0.019062019884586334,56,5.953855510552937e-05
1711,0.9933189153671265,0.006681084632873535,1.2639906406402588,0.019254179671406746,56,5.953855510552937e-05
1712,0.9934452176094055,0.006554782390594482,1.2695475816726685,0.019184710457921028,56,5.953855510552937e-05
1713,0.9934116005897522,0.006588399410247803,1.265384316444397,0.019176358357071877,56,5.953855510552937e-05
1714,0.9935110807418823,0.006488919258117676,1.2649632692337036,0.019073661416769028,56,5.953855510552937e-05
1715,0.9935646057128906,0.006435394287109375,1.2554123401641846,0.01892516389489174,56,5.953855510552937e-05
1716,0.9934462904930115,0.006553709506988525,1.2728110551834106,0.019216282293200493,56,5.953855510552937e-05
1717,0.993638813495636,0.006361186504364014,1.261289119720459,0.018910465762019157,56,5.953855510552937e-05
1718,0.9932247996330261,0.006775200366973877,1.2678133249282837,0.019385581836104393,56,5.953855510552937e-05
1719,0.9933624863624573,0.006637513637542725,1.2851530313491821,0.01942266896367073,56,5.953855510552937e-05
1720,0.9935607314109802,0.006439268589019775,1.2664921283721924,0.01903979666531086,56,5.953855510552937e-05
1721,0.9932934045791626,0.006706595420837402,1.2752834558486938,0.019392363727092743,56,5.953855510552937e-05
1722,0.9933677315711975,0.00663226842880249,1.2472081184387207,0.01903802715241909,56,5.953855510552937e-05
1723,0.9933269023895264,0.006673097610473633,1.2688497304916382,0.01929486356675625,56,5.953855510552937e-05
1724,0.993436872959137,0.006563127040863037,1.2666517496109009,0.019164012745022774,56,5.953855510552937e-05
1725,0.9931827187538147,0.006817281246185303,1.265385389328003,0.019402962177991867,56,5.953855510552937e-05
1726,0.9934340119361877,0.006565988063812256,1.2817707061767578,0.01931803487241268,56,5.953855510552937e-05
1727,0.9933515787124634,0.006648421287536621,1.27129328250885,0.019294869154691696,56,5.953855510552937e-05
1728,0.9934322237968445,0.006567776203155518,1.26516592502594,0.019153757020831108,56,5.953855510552937e-05
1729,0.9933567047119141,0.0066432952880859375,1.2711119651794434,0.01928798109292984,56,5.953855510552937e-05
1730,0.9935587048530579,0.006441295146942139,1.2603193521499634,0.018980074673891068,56,5.953855510552937e-05
1731,0.9932805299758911,0.006719470024108887,1.272156000137329,0.019373835995793343,56,5.953855510552937e-05
1732,0.9933122992515564,0.0066877007484436035,1.2674360275268555,0.019295183941721916,56,5.953855510552937e-05
1733,0.9932777285575867,0.00672227144241333,1.2741221189498901,0.01939626969397068,56,5.953855510552937e-05
1734,0.9934347867965698,0.006565213203430176,1.2661731243133545,0.019161291420459747,56,5.953855510552937e-05
1735,0.9932045936584473,0.006795406341552734,1.2853459119796753,0.019580911844968796,56,5.953855510552937e-05
1736,0.993341326713562,0.006658673286437988,1.2704646587371826,0.019296731799840927,57,5.65616273502529e-05
1737,0.9934759736061096,0.006524026393890381,1.2612872123718262,0.019071657210588455,57,5.65616273502529e-05
1738,0.993347704410553,0.0066522955894470215,1.273468255996704,0.019320454448461533,57,5.65616273502529e-05
1739,0.9932513236999512,0.006748676300048828,1.284267783164978,0.01952386647462845,57,5.65616273502529e-05
1740,0.9936402440071106,0.006359755992889404,1.26947021484375,0.018990859389305115,57,5.65616273502529e-05
1741,0.9932442903518677,0.006755709648132324,1.26737380027771,0.019361890852451324,57,5.65616273502529e-05
1742,0.9933383464813232,0.006661653518676758,1.271436333656311,0.019309399649500847,57,5.65616273502529e-05
1743,0.9933872222900391,0.0066127777099609375,1.26666259765625,0.019213275983929634,57,5.65616273502529e-05
1744,0.9935415983200073,0.006458401679992676,1.263864517211914,0.019032463431358337,57,5.65616273502529e-05
1745,0.9933730363845825,0.0066269636154174805,1.250190258026123,0.019062595441937447,57,5.65616273502529e-05
1746,0.993309736251831,0.006690263748168945,1.278122901916504,0.019404590129852295,57,5.65616273502529e-05
1747,0.993457555770874,0.0065424442291259766,1.2588316202163696,0.019065335392951965,57,5.65616273502529e-05
1748,0.993408203125,0.006591796875,1.2639565467834473,0.019165445119142532,57,5.65616273502529e-05
1749,0.993340015411377,0.006659984588623047,1.2722123861312866,0.019315507262945175,57,5.65616273502529e-05
1750,0.9934601187705994,0.006539881229400635,1.25850248336792,0.01905950717628002,57,5.65616273502529e-05
1751,0.993384599685669,0.006615400314331055,1.2651851177215576,0.019201096147298813,57,5.65616273502529e-05
1752,0.9932569861412048,0.006743013858795166,1.2706480026245117,0.019382063299417496,57,5.65616273502529e-05
1753,0.9933883547782898,0.006611645221710205,1.2766809463500977,0.019312337040901184,57,5.65616273502529e-05
1754,0.9936010241508484,0.006398975849151611,1.2620865106582642,0.01895585097372532,57,5.65616273502529e-05
1755,0.9933969974517822,0.0066030025482177734,1.2706053256988525,0.019243024289608,57,5.65616273502529e-05
1756,0.9934886693954468,0.006511330604553223,1.2669670581817627,0.019115887582302094,57,5.65616273502529e-05
1757,0.9934210777282715,0.006578922271728516,1.2730714082717896,0.019243847578763962,57,5.65616273502529e-05
1758,0.9932822585105896,0.0067177414894104,1.2696424722671509,0.019346989691257477,57,5.65616273502529e-05
1759,0.9933381080627441,0.006661891937255859,1.253354549407959,0.019128818064928055,57,5.65616273502529e-05
1760,0.9932593703269958,0.00674062967300415,1.266356110572815,0.01933678425848484,57,5.65616273502529e-05
1761,0.9933767318725586,0.006623268127441406,1.2593393325805664,0.019150428473949432,57,5.65616273502529e-05
1762,0.9935027956962585,0.006497204303741455,1.2676290273666382,0.019108522683382034,57,5.65616273502529e-05
1763,0.9933249950408936,0.006675004959106445,1.2706756591796875,0.01931501179933548,57,5.65616273502529e-05
1764,0.993584394454956,0.006415605545043945,1.269555926322937,0.019047008827328682,57,5.65616273502529e-05
1765,0.9932721257209778,0.006727874279022217,1.2676339149475098,0.019336935132741928,57,5.65616273502529e-05
1766,0.9933167695999146,0.006683230400085449,1.275803804397583,0.019374435767531395,57,5.65616273502529e-05
1767,0.9934801459312439,0.0065198540687561035,1.2760896682739258,0.019215552136301994,58,5.373354598274025e-05
1768,0.9935899376869202,0.006410062313079834,1.264760971069336,0.018993571400642395,58,5.373354598274025e-05
1769,0.9933550953865051,0.006644904613494873,1.2707946300506592,0.019286401569843292,58,5.373354598274025e-05
1770,0.9936525821685791,0.0063474178314208984,1.2629621028900146,0.01891356334090233,58,5.373354598274025e-05
1771,0.9933339357376099,0.006666064262390137,1.2580969333648682,0.01918037235736847,58,5.373354598274025e-05
1772,0.9934911131858826,0.006508886814117432,1.2603552341461182,0.01904734969139099,58,5.373354598274025e-05
1773,0.9933566451072693,0.006643354892730713,1.264797568321228,0.019224897027015686,58,5.373354598274025e-05
1774,0.9932345747947693,0.006765425205230713,1.2811710834503174,0.019509481266140938,58,5.373354598274025e-05
1775,0.993452250957489,0.006547749042510986,1.265385627746582,0.019136127084493637,58,5.373354598274025e-05
1776,0.9933884739875793,0.006611526012420654,1.2548660039901733,0.01909407041966915,58,5.373354598274025e-05
1777,0.9933716058731079,0.00662839412689209,1.2599022388458252,0.019161131232976913,58,5.373354598274025e-05
1778,0.9932640194892883,0.00673598051071167,1.2716528177261353,0.019385147839784622,58,5.373354598274025e-05
1779,0.9933838844299316,0.006616115570068359,1.2572600841522217,0.01912255585193634,58,5.373354598274025e-05
1780,0.993291437625885,0.00670856237411499,1.2810742855072021,0.01945221982896328,58,5.373354598274025e-05
1781,0.9934036731719971,0.00659632682800293,1.2730909585952759,0.019261272624135017,58,5.373354598274025e-05
1782,0.9933487176895142,0.00665128231048584,1.2660977840423584,0.019245747476816177,58,5.373354598274025e-05
1783,0.9934271574020386,0.006572842597961426,1.2710126638412476,0.019217239692807198,58,5.373354598274025e-05
1784,0.9934248328208923,0.006575167179107666,1.2642477750778198,0.019151892513036728,58,5.373354598274025e-05
1785,0.9933536052703857,0.006646394729614258,1.2602057456970215,0.019181989133358,58,5.373354598274025e-05
1786,0.9934060573577881,0.006593942642211914,1.2801191806793213,0.019329193979501724,58,5.373354598274025e-05
1787,0.9933976531028748,0.006602346897125244,1.2686927318572998,0.019223250448703766,58,5.373354598274025e-05
1788,0.9933328628540039,0.006667137145996094,1.2576189041137695,0.019176654517650604,58,5.373354598274025e-05
1789,0.9933649897575378,0.006635010242462158,1.2677254676818848,0.019245915114879608,58,5.373354598274025e-05
1790,0.9933695197105408,0.0066304802894592285,1.2805016040802002,0.01936919242143631,58,5.373354598274025e-05
1791,0.9934950470924377,0.006504952907562256,1.259002923965454,0.019029932096600533,58,5.373354598274025e-05
1792,0.993476152420044,0.006523847579956055,1.2645800113677979,0.019104409962892532,58,5.373354598274025e-05
1793,0.9933589696884155,0.006641030311584473,1.2657530307769775,0.01923215016722679,58,5.373354598274025e-05
1794,0.9935051202774048,0.006494879722595215,1.2664093971252441,0.01909402385354042,58,5.373354598274025e-05
1795,0.9933888912200928,0.0066111087799072266,1.2730398178100586,0.019275397062301636,58,5.373354598274025e-05
1796,0.993283748626709,0.006716251373291016,1.2636244297027588,0.019285332411527634,58,5.373354598274025e-05
1797,0.9934595823287964,0.006540417671203613,1.277410864830017,0.019249122589826584,58,5.373354598274025e-05
1798,0.9932168126106262,0.006783187389373779,1.272225022315979,0.019437605515122414,59,5.104686868360323e-05
1799,0.9934536814689636,0.006546318531036377,1.277639627456665,0.019257251173257828,59,5.104686868360323e-05
1800,0.9932506680488586,0.006749331951141357,1.2787827253341675,0.019469665363430977,59,5.104686868360323e-05
1801,0.993252158164978,0.006747841835021973,1.27324378490448,0.019412800669670105,59,5.104686868360323e-05
1802,0.9936099052429199,0.006390094757080078,1.2613345384597778,0.018939539790153503,59,5.104686868360323e-05
1803,0.9934777617454529,0.006522238254547119,1.2517170906066895,0.01897418685257435,59,5.104686868360323e-05
1804,0.9933744668960571,0.006625533103942871,1.273437738418579,0.019293654710054398,59,5.104686868360323e-05
1805,0.9935775995254517,0.00642240047454834,1.261093020439148,0.018969107419252396,59,5.104686868360323e-05
1806,0.9935511946678162,0.006448805332183838,1.2639884948730469,0.019024202600121498,59,5.104686868360323e-05
1807,0.9935637712478638,0.0064362287521362305,1.275129795074463,0.01912316493690014,59,5.104686868360323e-05
1808,0.9932225346565247,0.006777465343475342,1.274613380432129,0.01945582404732704,59,5.104686868360323e-05
1809,0.9933808445930481,0.006619155406951904,1.2529737949371338,0.019082700833678246,59,5.104686868360323e-05
1810,0.9935572147369385,0.0064427852630615234,1.254178762435913,0.01892014592885971,59,5.104686868360323e-05
1811,0.9932554364204407,0.006744563579559326,1.2625634670257568,0.01930275186896324,59,5.104686868360323e-05
1812,0.9931775331497192,0.006822466850280762,1.2700483798980713,0.019454725086688995,59,5.104686868360323e-05
1813,0.9933426380157471,0.00665736198425293,1.2690684795379639,0.019281473010778427,59,5.104686868360323e-05
1814,0.9932027459144592,0.0067972540855407715,1.27888023853302,0.019518084824085236,59,5.104686868360323e-05
1815,0.9934258460998535,0.006574153900146484,1.2531280517578125,0.019039692357182503,59,5.104686868360323e-05
1816,0.9934660196304321,0.006533980369567871,1.2683637142181396,0.01915227621793747,59,5.104686868360323e-05
1817,0.9934126138687134,0.006587386131286621,1.271507978439331,0.019236592575907707,59,5.104686868360323e-05
1818,0.993277370929718,0.006722629070281982,1.269360065460205,0.019349003210663795,59,5.104686868360323e-05
1819,0.9934563636779785,0.006543636322021484,1.265139102935791,0.019129591062664986,59,5.104686868360323e-05
1820,0.9933715462684631,0.006628453731536865,1.2734365463256836,0.01929653435945511,59,5.104686868360323e-05
1821,0.993390679359436,0.006609320640563965,1.2556002140045166,0.019099228084087372,59,5.104686868360323e-05
1822,0.9933388829231262,0.006661117076873779,1.2656440734863281,0.01925094611942768,59,5.104686868360323e-05
1823,0.9936001300811768,0.006399869918823242,1.2688442468643188,0.019024312496185303,59,5.104686868360323e-05
1824,0.9933943748474121,0.006605625152587891,1.2721556425094604,0.019261125475168228,59,5.104686868360323e-05
1825,0.9935001730918884,0.006499826908111572,1.2751705646514893,0.019186533987522125,59,5.104686868360323e-05
1826,0.9935014843940735,0.006498515605926514,1.2573858499526978,0.01900738850235939,59,5.104686868360323e-05
1827,0.9934868812561035,0.006513118743896484,1.2625031471252441,0.019073018804192543,59,5.104686868360323e-05
1828,0.993561863899231,0.006438136100769043,1.268088698387146,0.01905464008450508,59,5.104686868360323e-05
1829,0.9935091733932495,0.006490826606750488,1.2636220455169678,0.019062139093875885,60,4.849452524942307e-05
1830,0.9933716654777527,0.0066283345222473145,1.256942629814148,0.019131477922201157,60,4.849452524942307e-05
1831,0.9934342503547668,0.006565749645233154,1.2695648670196533,0.019195741042494774,60,4.849452524942307e-05
1832,0.9935619235038757,0.006438076496124268,1.2745749950408936,0.019119445234537125,60,4.849452524942307e-05
1833,0.9933192133903503,0.006680786609649658,1.2644431591033936,0.01925840973854065,60,4.849452524942307e-05
1834,0.9935058951377869,0.006494104862213135,1.2676362991333008,0.01910552754998207,60,4.849452524942307e-05
1835,0.9934569001197815,0.006543099880218506,1.2584705352783203,0.019062373787164688,60,4.849452524942307e-05
1836,0.9935314655303955,0.006468534469604492,1.2584842443466187,0.01898869127035141,60,4.849452524942307e-05
1837,0.9933962225914001,0.0066037774085998535,1.2625176906585693,0.019162915647029877,60,4.849452524942307e-05
1838,0.9932998418807983,0.00670015811920166,1.2693003416061401,0.019326159730553627,60,4.849452524942307e-05
1839,0.9934519529342651,0.006548047065734863,1.259307861328125,0.01907564513385296,60,4.849452524942307e-05
1840,0.9932412505149841,0.006758749485015869,1.2807508707046509,0.0194986704736948,60,4.849452524942307e-05
1841,0.99334317445755,0.006656825542449951,1.276328444480896,0.01935354247689247,60,4.849452524942307e-05
1842,0.9932371973991394,0.006762802600860596,1.273073673248291,0.019425909966230392,60,4.849452524942307e-05
1843,0.9934992790222168,0.006500720977783203,1.2605020999908447,0.019040733575820923,60,4.849452524942307e-05
1844,0.9933900833129883,0.006609916687011719,1.2631466388702393,0.01917528361082077,60,4.849452524942307e-05
1845,0.9933634400367737,0.006636559963226318,1.2577054500579834,0.019147248938679695,60,4.849452524942307e-05
1846,0.9935685396194458,0.006431460380554199,1.265716791152954,0.019024312496185303,60,4.849452524942307e-05
1847,0.9934018850326538,0.006598114967346191,1.2755426168441772,0.019287560135126114,60,4.849452524942307e-05
1848,0.9932202696800232,0.006779730319976807,1.2753691673278809,0.019465625286102295,60,4.849452524942307e-05
1849,0.9936352968215942,0.006364703178405762,1.250988245010376,0.0188109390437603,60,4.849452524942307e-05
1850,0.9934353828430176,0.006564617156982422,1.260296106338501,0.019101932644844055,60,4.849452524942307e-05
1851,0.9933611154556274,0.006638884544372559,1.266885757446289,0.01924135349690914,60,4.849452524942307e-05
1852,0.9934267997741699,0.006573200225830078,1.2653069496154785,0.019160538911819458,60,4.849452524942307e-05
1853,0.993511438369751,0.0064885616302490234,1.2594447135925293,0.019018122926354408,60,4.849452524942307e-05
1854,0.9934581518173218,0.006541848182678223,1.2672008275985718,0.019148437306284904,60,4.849452524942307e-05
1855,0.9932282567024231,0.006771743297576904,1.2704076766967773,0.019408103078603745,60,4.849452524942307e-05
1856,0.9932324290275574,0.006767570972442627,1.2833328247070312,0.019533224403858185,60,4.849452524942307e-05
1857,0.9935534000396729,0.0064465999603271484,1.2815196514129639,0.019197329878807068,60,4.849452524942307e-05
1858,0.9934593439102173,0.006540656089782715,1.2736625671386719,0.019211875274777412,60,4.849452524942307e-05
1859,0.9933807849884033,0.00661921501159668,1.254202127456665,0.0190950445830822,60,4.849452524942307e-05
1860,0.9933900833129883,0.006609916687011719,1.2695866823196411,0.01923968456685543,61,4.606979898695191e-05
1861,0.9934424161911011,0.006557583808898926,1.2638514041900635,0.0191305223852396,61,4.606979898695191e-05
1862,0.9932677745819092,0.00673222541809082,1.2649195194244385,0.019314099103212357,61,4.606979898695191e-05
1863,0.9934348464012146,0.0065651535987854,1.271186113357544,0.019211363047361374,61,4.606979898695191e-05
1864,0.9934749007225037,0.006525099277496338,1.279018521308899,0.019250033423304558,61,4.606979898695191e-05
1865,0.9933996200561523,0.006600379943847656,1.2699639797210693,0.01923401653766632,61,4.606979898695191e-05
1866,0.9934566020965576,0.006543397903442383,1.2625099420547485,0.01910306327044964,61,4.606979898695191e-05
1867,0.9935386180877686,0.006461381912231445,1.2684714794158936,0.01908148266375065,61,4.606979898695191e-05
1868,0.9934931397438049,0.006506860256195068,1.2643558979034424,0.0190853513777256,61,4.606979898695191e-05
1869,0.9935171008110046,0.006482899188995361,1.2477158308029175,0.0188952274620533,61,4.606979898695191e-05
1870,0.9934137463569641,0.006586253643035889,1.2582740783691406,0.01910313218832016,61,4.606979898695191e-05
1871,0.9934899806976318,0.006510019302368164,1.253718614578247,0.01898210495710373,61,4.606979898695191e-05
1872,0.9934573769569397,0.006542623043060303,1.263097882270813,0.019108176231384277,61,4.606979898695191e-05
1873,0.9934149384498596,0.006585061550140381,1.267472505569458,0.01919393613934517,61,4.606979898695191e-05
1874,0.9933234453201294,0.0066765546798706055,1.2733060121536255,0.019342849031090736,61,4.606979898695191e-05
1875,0.9932047128677368,0.006795287132263184,1.2720305919647217,0.01944763958454132,61,4.606979898695191e-05
1876,0.993631899356842,0.006368100643157959,1.2626389265060425,0.01893080770969391,61,4.606979898695191e-05
1877,0.9933643937110901,0.006635606288909912,1.2766038179397583,0.019335288554430008,61,4.606979898695191e-05
1878,0.9934839606285095,0.0065160393714904785,1.266570806503296,0.019116586074233055,61,4.606979898695191e-05
1879,0.9932728409767151,0.006727159023284912,1.2740085124969482,0.01939997263252735,61,4.606979898695191e-05
1880,0.9933799505233765,0.006620049476623535,1.2670879364013672,0.019224729388952255,61,4.606979898695191e-05
1881,0.9933989644050598,0.0066010355949401855,1.2625409364700317,0.0191604346036911,61,4.606979898695191e-05
1882,0.9933649897575378,0.006635010242462158,1.2668980360031128,0.019237641245126724,61,4.606979898695191e-05
1883,0.9934391379356384,0.006560862064361572,1.2698510885238647,0.01919376477599144,61,4.606979898695191e-05
1884,0.9931759834289551,0.006824016571044922,1.2772161960601807,0.019527938216924667,61,4.606979898695191e-05
1885,0.993446409702301,0.006553590297698975,1.2678641080856323,0.019166694954037666,61,4.606979898695191e-05
1886,0.9935291409492493,0.006470859050750732,1.2652736902236938,0.019058886915445328,61,4.606979898695191e-05
1887,0.9935798645019531,0.006420135498046875,1.2637968063354492,0.018993902951478958,61,4.606979898695191e-05
1888,0.9934458136558533,0.0065541863441467285,1.264473795890808,0.01913338154554367,61,4.606979898695191e-05
1889,0.993360161781311,0.006639838218688965,1.2596666812896729,0.019170107319951057,61,4.606979898695191e-05
1890,0.9932907223701477,0.006709277629852295,1.2740404605865479,0.01938258856534958,61,4.606979898695191e-05
1891,0.993659257888794,0.006340742111206055,1.2678883075714111,0.018956217914819717,62,4.376630903760431e-05
1892,0.9934250712394714,0.0065749287605285645,1.263224720954895,0.0191414263099432,62,4.376630903760431e-05
1893,0.9933897852897644,0.006610214710235596,1.268014907836914,0.0192242618650198,62,4.376630903760431e-05
1894,0.9934552907943726,0.006544709205627441,1.2624843120574951,0.01910410448908806,62,4.376630903760431e-05
1895,0.9933823347091675,0.0066176652908325195,1.273583173751831,0.019287319853901863,62,4.376630903760431e-05
1896,0.9932976961135864,0.006702303886413574,1.2712429761886597,0.01934771053493023,62,4.376630903760431e-05
1897,0.9935301542282104,0.006469845771789551,1.2745784521102905,0.019150931388139725,62,4.376630903760431e-05
1898,0.9933120012283325,0.0066879987716674805,1.276785135269165,0.019388969987630844,62,4.376630903760431e-05
1899,0.9935765266418457,0.006423473358154297,1.2689038515090942,0.019048277288675308,62,4.376630903760431e-05
1900,0.9933627247810364,0.006637275218963623,1.2612595558166504,0.01918349787592888,62,4.376630903760431e-05
1901,0.993516206741333,0.006483793258666992,1.2716279029846191,0.019135233014822006,62,4.376630903760431e-05
1902,0.993402898311615,0.00659710168838501,1.263680100440979,0.019167929887771606,62,4.376630903760431e-05
1903,0.9934189915657043,0.006581008434295654,1.2699811458587646,0.019215010106563568,62,4.376630903760431e-05
1904,0.9932721853256226,0.006727814674377441,1.267202377319336,0.019332559779286385,62,4.376630903760431e-05
1905,0.993514895439148,0.006485104560852051,1.2566237449645996,0.01898648962378502,62,4.376630903760431e-05
1906,0.9932800531387329,0.00671994686126709,1.2629474401474,0.019282221794128418,62,4.376630903760431e-05
1907,0.9933702945709229,0.0066297054290771484,1.2665445804595947,0.019228853285312653,62,4.376630903760431e-05
1908,0.9934127330780029,0.00658726692199707,1.264204502105713,0.01916343905031681,62,4.376630903760431e-05
1909,0.9932703971862793,0.006729602813720703,1.2687329053878784,0.019349636510014534,62,4.376630903760431e-05
1910,0.9933880567550659,0.006611943244934082,1.2875131368637085,0.019420955330133438,62,4.376630903760431e-05
1911,0.9931883811950684,0.006811618804931641,1.2684534788131714,0.019428037106990814,62,4.376630903760431e-05
1912,0.9935226440429688,0.00647735595703125,1.2520028352737427,0.018932610750198364,62,4.376630903760431e-05
1913,0.9935815930366516,0.006418406963348389,1.2625586986541748,0.018979810178279877,62,4.376630903760431e-05
1914,0.9935492873191833,0.00645071268081665,1.2550723552703857,0.01893692836165428,62,4.376630903760431e-05
1915,0.9934682250022888,0.006531774997711182,1.2526332139968872,0.018992789089679718,62,4.376630903760431e-05
1916,0.9933338761329651,0.006666123867034912,1.2656973600387573,0.019256435334682465,62,4.376630903760431e-05
1917,0.9935426115989685,0.006457388401031494,1.2694357633590698,0.0190871711820364,62,4.376630903760431e-05
1918,0.9933308362960815,0.006669163703918457,1.273837924003601,0.01934085041284561,62,4.376630903760431e-05
1919,0.993440568447113,0.006559431552886963,1.2584909200668335,0.019078746438026428,62,4.376630903760431e-05
1920,0.9933695793151855,0.006630420684814453,1.2658767700195312,0.019222883507609367,62,4.376630903760431e-05
1921,0.9935525059700012,0.006447494029998779,1.2753746509552002,0.019136765971779823,62,4.376630903760431e-05
1922,0.9933027029037476,0.006697297096252441,1.2679475545883179,0.01930980011820793,63,4.157799358572409e-05
1923,0.9934038519859314,0.0065961480140686035,1.2708537578582764,0.019238723441958427,63,4.157799358572409e-05
1924,0.993583619594574,0.006416380405426025,1.2664307355880737,0.01901652291417122,63,4.157799358572409e-05
1925,0.9934026002883911,0.006597399711608887,1.2673407793045044,0.01920483261346817,63,4.157799358572409e-05
1926,0.9933087825775146,0.0066912174224853516,1.2748913764953613,0.019373219460248947,63,4.157799358572409e-05
1927,0.9933964610099792,0.006603538990020752,1.268110752105713,0.01921861059963703,63,4.157799358572409e-05
1928,0.9936134815216064,0.006386518478393555,1.2424771785736084,0.018747424706816673,63,4.157799358572409e-05
1929,0.993398904800415,0.006601095199584961,1.2545828819274902,0.019080912694334984,63,4.157799358572409e-05
1930,0.9934989809989929,0.00650101900100708,1.267885446548462,0.019114863127470016,63,4.157799358572409e-05
1931,0.9933047294616699,0.006695270538330078,1.267409086227417,0.019302409142255783,63,4.157799358572409e-05
1932,0.9934715032577515,0.006528496742248535,1.2645350694656372,0.019108563661575317,63,4.157799358572409e-05
1933,0.9933643341064453,0.0066356658935546875,1.2636998891830444,0.01920630782842636,63,4.157799358572409e-05
1934,0.9932214617729187,0.006778538227081299,1.273596167564392,0.019446713849902153,63,4.157799358572409e-05
1935,0.9935800433158875,0.006419956684112549,1.2626394033432007,0.01898215152323246,63,4.157799358572409e-05
1936,0.9935489892959595,0.006451010704040527,1.266176700592041,0.019048266112804413,63,4.157799358572409e-05
1937,0.993497371673584,0.006502628326416016,1.259631872177124,0.019033920019865036,63,4.157799358572409e-05
1938,0.9935939311981201,0.006406068801879883,1.2647322416305542,0.018989330157637596,63,4.157799358572409e-05
1939,0.9933193922042847,0.006680607795715332,1.2633916139602661,0.019247718155384064,63,4.157799358572409e-05
1940,0.9935488104820251,0.0064511895179748535,1.2682985067367554,0.01906966231763363,63,4.157799358572409e-05
1941,0.9933324456214905,0.0066675543785095215,1.2822041511535645,0.019422920420765877,63,4.157799358572409e-05
1942,0.9932847619056702,0.006715238094329834,1.264082670211792,0.019288912415504456,63,4.157799358572409e-05
1943,0.9934083223342896,0.006591677665710449,1.2798993587493896,0.019324753433465958,63,4.157799358572409e-05
1944,0.9935995936393738,0.006400406360626221,1.2516781091690063,0.018853183835744858,63,4.157799358572409e-05
1945,0.9933859705924988,0.006614029407501221,1.2657451629638672,0.01920534111559391,63,4.157799358572409e-05
1946,0.9934084415435791,0.0065915584564208984,1.2667514085769653,0.01919315569102764,63,4.157799358572409e-05
1947,0.9934305548667908,0.0065694451332092285,1.2704523801803589,0.01920827478170395,63,4.157799358572409e-05
1948,0.9933895468711853,0.006610453128814697,1.249894618988037,0.019043294712901115,63,4.157799358572409e-05
1949,0.9934216737747192,0.006578326225280762,1.2714743614196777,0.01922728680074215,63,4.157799358572409e-05
1950,0.993510901927948,0.006489098072052002,1.271409034729004,0.01913829706609249,63,4.157799358572409e-05
1951,0.9933669567108154,0.00663304328918457,1.269700050354004,0.01926371268928051,63,4.157799358572409e-05
1952,0.9932919144630432,0.006708085536956787,1.2795828580856323,0.019436832517385483,63,4.157799358572409e-05
1953,0.9934483170509338,0.006551682949066162,1.26518976688385,0.019138064235448837,64,3.9499093906437885e-05
1954,0.993301272392273,0.006698727607727051,1.276870846748352,0.019400447607040405,64,3.9499093906437885e-05
1955,0.9934443831443787,0.006555616855621338,1.2700361013412476,0.01919042132794857,64,3.9499093906437885e-05
1956,0.9933304190635681,0.006669580936431885,1.2747727632522583,0.01935061253607273,64,3.9499093906437885e-05
1957,0.9935120940208435,0.006487905979156494,1.2691946029663086,0.01911497302353382,64,3.9499093906437885e-05
1958,0.9935609698295593,0.006439030170440674,1.2621394395828247,0.01899603381752968,64,3.9499093906437885e-05
1959,0.993438184261322,0.0065618157386779785,1.263087511062622,0.019127072766423225,64,3.9499093906437885e-05
1960,0.9933594465255737,0.0066405534744262695,1.2643548250198364,0.01921769604086876,64,3.9499093906437885e-05
1961,0.9934796690940857,0.006520330905914307,1.253608226776123,0.01899120956659317,64,3.9499093906437885e-05
1962,0.9934948086738586,0.006505191326141357,1.2606316804885864,0.01904645562171936,64,3.9499093906437885e-05
1963,0.993496298789978,0.006503701210021973,1.2668488025665283,0.0191071517765522,64,3.9499093906437885e-05
1964,0.9934164881706238,0.006583511829376221,1.2603240013122559,0.019120916724205017,64,3.9499093906437885e-05
1965,0.9933550357818604,0.0066449642181396484,1.2681589126586914,0.0192601028829813,64,3.9499093906437885e-05
1966,0.9934638738632202,0.006536126136779785,1.259155511856079,0.01906231977045536,64,3.9499093906437885e-05
1967,0.9934078454971313,0.006592154502868652,1.2525227069854736,0.019051460549235344,64,3.9499093906437885e-05
1968,0.9935680031776428,0.006431996822357178,1.2686158418655396,0.019053835421800613,64,3.9499093906437885e-05
1969,0.9936867952346802,0.006313204765319824,1.2674226760864258,0.018924299627542496,64,3.9499093906437885e-05
1970,0.9932208061218262,0.006779193878173828,1.263982892036438,0.019351230934262276,64,3.9499093906437885e-05
1971,0.993570864200592,0.006429135799407959,1.2686139345169067,0.01905098371207714,64,3.9499093906437885e-05
1972,0.9935052394866943,0.006494760513305664,1.2631114721298218,0.019060928374528885,64,3.9499093906437885e-05
1973,0.9931613802909851,0.006838619709014893,1.271425485610962,0.019484488293528557,64,3.9499093906437885e-05
1974,0.9932911992073059,0.006708800792694092,1.2783944606781006,0.019425656646490097,64,3.9499093906437885e-05
1975,0.9936197400093079,0.006380259990692139,1.2593284845352173,0.018909741193056107,64,3.9499093906437885e-05
1976,0.9934867024421692,0.0065132975578308105,1.2596385478973389,0.019044550135731697,64,3.9499093906437885e-05
1977,0.9933242201805115,0.006675779819488525,1.2717658281326294,0.019326679408550262,64,3.9499093906437885e-05
1978,0.9934967756271362,0.0065032243728637695,1.275059700012207,0.019188787788152695,64,3.9499093906437885e-05
1979,0.9933662414550781,0.006633758544921875,1.2809287309646606,0.019376708194613457,64,3.9499093906437885e-05
1980,0.9936004281044006,0.006399571895599365,1.259827971458435,0.01893385499715805,64,3.9499093906437885e-05
1981,0.9932732582092285,0.006726741790771484,1.2646663188934326,0.019306138157844543,64,3.9499093906437885e-05
1982,0.9934039115905762,0.006596088409423828,1.2664544582366943,0.019194671884179115,64,3.9499093906437885e-05
1983,0.9933085441589355,0.006691455841064453,1.2662018537521362,0.019286559894680977,64,3.9499093906437885e-05
1984,0.9937669634819031,0.006233036518096924,1.2539130449295044,0.018709836527705193,65,3.752413921111599e-05
1985,0.9931874871253967,0.0068125128746032715,1.269631028175354,0.019440697506070137,65,3.752413921111599e-05
1986,0.993446946144104,0.006553053855895996,1.2652074098587036,0.019139597192406654,65,3.752413921111599e-05
1987,0.9933645129203796,0.006635487079620361,1.2606596946716309,0.019175728783011436,65,3.752413921111599e-05
1988,0.9933860301971436,0.006613969802856445,1.269800066947937,0.019245829433202744,65,3.752413921111599e-05
1989,0.9933323264122009,0.006667673587799072,1.2730377912521362,0.019331375136971474,65,3.752413921111599e-05
1990,0.9933928847312927,0.006607115268707275,1.2700859308242798,0.019241902977228165,65,3.752413921111599e-05
1991,0.9933714270591736,0.006628572940826416,1.273780107498169,0.01930008828639984,65,3.752413921111599e-05
1992,0.9933666586875916,0.006633341312408447,1.2694661617279053,0.019261669367551804,65,3.752413921111599e-05
1993,0.9934978485107422,0.0065021514892578125,1.2586168050765991,0.019023297354578972,65,3.752413921111599e-05
1994,0.9934206008911133,0.006579399108886719,1.2756210565567017,0.01926981471478939,65,3.752413921111599e-05
1995,0.9935526251792908,0.0064473748207092285,1.2530865669250488,0.018913766369223595,65,3.752413921111599e-05
1996,0.9933375716209412,0.006662428379058838,1.2761343717575073,0.019357148557901382,65,3.752413921111599e-05
1997,0.9933874011039734,0.006612598896026611,1.2717320919036865,0.019263792783021927,65,3.752413921111599e-05
1998,0.9934321045875549,0.006567895412445068,1.2641410827636719,0.01914362609386444,65,3.752413921111599e-05
1999,0.9935529828071594,0.006447017192840576,1.2722524404525757,0.01910507120192051,65,3.752413921111599e-05
2000,0.9934682846069336,0.006531715393066406,1.275136113166809,0.019217759370803833,65,3.752413921111599e-05
2001,0.9934196472167969,0.006580352783203125,1.272131085395813,0.01923586055636406,65,3.752413921111599e-05
2002,0.993497371673584,0.006502628326416016,1.2728173732757568,0.019165774807333946,65,3.752413921111599e-05
2003,0.9935156106948853,0.006484389305114746,1.256037712097168,0.01897992193698883,65,3.752413921111599e-05
2004,0.9933350682258606,0.006664931774139404,1.2570189237594604,0.019168471917510033,65,3.752413921111599e-05
2005,0.9935340881347656,0.006465911865234375,1.2648468017578125,0.019049720838665962,65,3.752413921111599e-05
2006,0.9936255216598511,0.006374478340148926,1.2591367959976196,0.01890210062265396,65,3.752413921111599e-05
2007,0.9934613108634949,0.006538689136505127,1.2523940801620483,0.01899724267423153,65,3.752413921111599e-05
2008,0.9933522939682007,0.006647706031799316,1.262626051902771,0.019207488745450974,65,3.752413921111599e-05
2009,0.9932020902633667,0.006797909736633301,1.2659506797790527,0.0193894375115633,65,3.752413921111599e-05
2010,0.9933648705482483,0.006635129451751709,1.2678565979003906,0.01924734376370907,65,3.752413921111599e-05
2011,0.9935310482978821,0.00646895170211792,1.2600188255310059,0.019004449248313904,65,3.752413921111599e-05
2012,0.9934306740760803,0.006569325923919678,1.2650331258773804,0.019153963774442673,65,3.752413921111599e-05
2013,0.993708074092865,0.00629192590713501,1.2584483623504639,0.018813490867614746,65,3.752413921111599e-05
2014,0.9933266639709473,0.006673336029052734,1.2835122346878052,0.019441723823547363,65,3.752413921111599e-05
2015,0.9935480952262878,0.006451904773712158,1.2507158517837524,0.01889454387128353,66,3.564793225056019e-05
2016,0.9935662746429443,0.006433725357055664,1.2615742683410645,0.01898512989282608,66,3.564793225056019e-05
2017,0.993291437625885,0.00670856237411499,1.2704529762268066,0.019346006214618683,66,3.564793225056019e-05
2018,0.9936349391937256,0.006365060806274414,1.2648093700408936,0.01894950307905674,66,3.564793225056019e-05
2019,0.993395984172821,0.006604015827178955,1.262622594833374,0.019164200872182846,66,3.564793225056019e-05
2020,0.9933347105979919,0.006665289402008057,1.2811315059661865,0.01940995082259178,66,3.564793225056019e-05
2021,0.9933243989944458,0.006675601005554199,1.2617253065109253,0.01922609843313694,66,3.564793225056019e-05
2022,0.9935181140899658,0.00648188591003418,1.252488136291504,0.01894194819033146,66,3.564793225056019e-05
2023,0.9935716986656189,0.0064283013343811035,1.2618114948272705,0.018982132896780968,66,3.564793225056019e-05
2024,0.993431031703949,0.006568968296051025,1.257865071296692,0.019081929698586464,66,3.564793225056019e-05
2025,0.9934718608856201,0.006528139114379883,1.2669991254806519,0.01913284882903099,66,3.564793225056019e-05
2026,0.9933795928955078,0.0066204071044921875,1.2791646718978882,0.019345849752426147,66,3.564793225056019e-05
2027,0.9936591386795044,0.0063408613204956055,1.2680405378341675,0.01895785704255104,66,3.564793225056019e-05
2028,0.9936094284057617,0.006390571594238281,1.258840799331665,0.018915073946118355,66,3.564793225056019e-05
2029,0.9934991598129272,0.006500840187072754,1.2615262269973755,0.019051093608140945,66,3.564793225056019e-05
2030,0.9934234619140625,0.0065765380859375,1.2710821628570557,0.01922159269452095,66,3.564793225056019e-05
2031,0.9935804605484009,0.006419539451599121,1.2651283740997314,0.019006628543138504,66,3.564793225056019e-05
2032,0.9935800433158875,0.006419956684112549,1.265254259109497,0.019008299335837364,66,3.564793225056019e-05
2033,0.9935111999511719,0.006488800048828125,1.2621437311172485,0.019045349210500717,66,3.564793225056019e-05
2034,0.9932260513305664,0.006773948669433594,1.2776639461517334,0.019482849165797234,66,3.564793225056019e-05
2035,0.9934602379798889,0.006539762020111084,1.2579762935638428,0.019054125994443893,66,3.564793225056019e-05
2036,0.9932052493095398,0.006794750690460205,1.2706021070480347,0.019432824105024338,66,3.564793225056019e-05
2037,0.9932553768157959,0.0067446231842041016,1.2728590965270996,0.01940576732158661,66,3.564793225056019e-05
2038,0.9932777881622314,0.006722211837768555,1.2735501527786255,0.019390489906072617,66,3.564793225056019e-05
2039,0.9933620095252991,0.006637990474700928,1.262489676475525,0.019196506589651108,66,3.564793225056019e-05
2040,0.9934778809547424,0.006522119045257568,1.269055724143982,0.01914745569229126,66,3.564793225056019e-05
2041,0.9933260679244995,0.006673932075500488,1.272599458694458,0.019333187490701675,66,3.564793225056019e-05
2042,0.9934164881706238,0.006583511829376221,1.263973355293274,0.01915740966796875,66,3.564793225056019e-05
2043,0.9934001564979553,0.006599843502044678,1.270143985748291,0.019235284999012947,66,3.564793225056019e-05
2044,0.993611216545105,0.0063887834548950195,1.2646358013153076,0.01897125318646431,66,3.564793225056019e-05
2045,0.9934999942779541,0.0065000057220458984,1.262538194656372,0.019060388207435608,66,3.564793225056019e-05
2046,0.9936407208442688,0.006359279155731201,1.2678864002227783,0.01897455006837845,67,3.3865535638032174e-05
2047,0.9935492873191833,0.00645071268081665,1.261643648147583,0.01900264248251915,67,3.3865535638032174e-05
2048,0.993740439414978,0.006259560585021973,1.2630431652069092,0.018827395513653755,67,3.3865535638032174e-05
2049,0.9935526251792908,0.0064473748207092285,1.273447871208191,0.019117379561066628,67,3.3865535638032174e-05
2050,0.9935368299484253,0.006463170051574707,1.256105899810791,0.018959596753120422,67,3.3865535638032174e-05
2051,0.9933755993843079,0.006624400615692139,1.275000810623169,0.019308164715766907,67,3.3865535638032174e-05
2052,0.9932820796966553,0.0067179203033447266,1.2689979076385498,0.019340720027685165,67,3.3865535638032174e-05
2053,0.9933822751045227,0.006617724895477295,1.2697417736053467,0.01924896612763405,67,3.3865535638032174e-05
2054,0.9934513568878174,0.006548643112182617,1.2624231576919556,0.019107388332486153,67,3.3865535638032174e-05
2055,0.993430495262146,0.006569504737854004,1.2658607959747314,0.019162416458129883,67,3.3865535638032174e-05
2056,0.9935093522071838,0.006490647792816162,1.263853907585144,0.0190642811357975,67,3.3865535638032174e-05
2057,0.9935811161994934,0.006418883800506592,1.273870587348938,0.019093401730060577,67,3.3865535638032174e-05
2058,0.9932780861854553,0.006721913814544678,1.2697668075561523,0.01935236155986786,67,3.3865535638032174e-05
2059,0.9934743642807007,0.006525635719299316,1.2477803230285645,0.018938181921839714,67,3.3865535638032174e-05
2060,0.9933105707168579,0.00668942928314209,1.270677924156189,0.019329313188791275,67,3.3865535638032174e-05
2061,0.993358850479126,0.0066411495208740234,1.2790982723236084,0.019365720450878143,67,3.3865535638032174e-05
2062,0.9934272170066833,0.00657278299331665,1.2661993503570557,0.019169049337506294,67,3.3865535638032174e-05
2063,0.9933137893676758,0.006686210632324219,1.2674665451049805,0.0192940142005682,67,3.3865535638032174e-05
2064,0.9935142993927002,0.006485700607299805,1.2660963535308838,0.019081806764006615,67,3.3865535638032174e-05
2065,0.9933723211288452,0.006627678871154785,1.2762422561645508,0.01932382583618164,67,3.3865535638032174e-05
2066,0.9933636784553528,0.006636321544647217,1.2554868459701538,0.019124826416373253,67,3.3865535638032174e-05
2067,0.9934696555137634,0.006530344486236572,1.2658517360687256,0.019123557955026627,67,3.3865535638032174e-05
2068,0.9935644865036011,0.006435513496398926,1.2581590414047241,0.01895274966955185,67,3.3865535638032174e-05
2069,0.9934013485908508,0.00659865140914917,1.2621877193450928,0.019154541194438934,67,3.3865535638032174e-05
2070,0.9936275482177734,0.0063724517822265625,1.2544496059417725,0.01885322295129299,67,3.3865535638032174e-05
2071,0.9933394193649292,0.006660580635070801,1.2702782154083252,0.019296756014227867,67,3.3865535638032174e-05
2072,0.9933516979217529,0.00664830207824707,1.2624589204788208,0.01920640841126442,67,3.3865535638032174e-05
2073,0.9933328032493591,0.006667196750640869,1.2670238018035889,0.01927076280117035,67,3.3865535638032174e-05
2074,0.9933211803436279,0.00667881965637207,1.2703490257263184,0.01931552216410637,67,3.3865535638032174e-05
2075,0.9935541152954102,0.006445884704589844,1.2642799615859985,0.01902422495186329,67,3.3865535638032174e-05
2076,0.9937888979911804,0.00621110200881958,1.2590501308441162,0.0187394917011261,67,3.3865535638032174e-05
2077,0.9935427308082581,0.006457269191741943,1.2527605295181274,0.018920300528407097,68,3.2172258856130564e-05
2078,0.9933987855911255,0.006601214408874512,1.25534987449646,0.01908870041370392,68,3.2172258856130564e-05
2079,0.9936366081237793,0.006363391876220703,1.2742420434951782,0.019042177125811577,68,3.2172258856130564e-05
2080,0.9934126138687134,0.006587386131286621,1.2758030891418457,0.019279543310403824,68,3.2172258856130564e-05
2081,0.9934105277061462,0.00658947229385376,1.258410096168518,0.019107677042484283,68,3.2172258856130564e-05
2082,0.9933603405952454,0.006639659404754639,1.268006682395935,0.019253330305218697,68,3.2172258856130564e-05
2083,0.9935182929039001,0.0064817070960998535,1.2692058086395264,0.01910894736647606,68,3.2172258856130564e-05
2084,0.9934214353561401,0.006578564643859863,1.265683889389038,0.01916961744427681,68,3.2172258856130564e-05
2085,0.993351399898529,0.006648600101470947,1.267183780670166,0.01925395242869854,68,3.2172258856130564e-05
2086,0.9934762120246887,0.006523787975311279,1.269411325454712,0.01915266364812851,68,3.2172258856130564e-05
2087,0.9936498403549194,0.006350159645080566,1.2673050165176392,0.018959708511829376,68,3.2172258856130564e-05
2088,0.9932790994644165,0.006720900535583496,1.2780177593231201,0.019433869048953056,68,3.2172258856130564e-05
2089,0.9934732913970947,0.0065267086029052734,1.2656432390213013,0.019117873162031174,68,3.2172258856130564e-05
2090,0.9935965538024902,0.006403446197509766,1.2606661319732666,0.018946072086691856,68,3.2172258856130564e-05
2091,0.9935241341590881,0.006475865840911865,1.2600810527801514,0.01901191845536232,68,3.2172258856130564e-05
2092,0.9936689734458923,0.006331026554107666,1.260981798171997,0.018877534195780754,68,3.2172258856130564e-05
2093,0.9934856295585632,0.006514370441436768,1.2716999053955078,0.01916622556746006,68,3.2172258856130564e-05
2094,0.9933885335922241,0.006611466407775879,1.27543044090271,0.01929965615272522,68,3.2172258856130564e-05
2095,0.993402361869812,0.006597638130187988,1.2674728631973267,0.019206389784812927,68,3.2172258856130564e-05
2096,0.9934142827987671,0.00658571720123291,1.2659471035003662,0.01917933113873005,68,3.2172258856130564e-05
2097,0.9933432340621948,0.006656765937805176,1.2704204320907593,0.01929440163075924,68,3.2172258856130564e-05
2098,0.9936022162437439,0.0063977837562561035,1.2504980564117432,0.018838785588741302,68,3.2172258856130564e-05
2099,0.9933951497077942,0.0066048502922058105,1.2653807401657104,0.019192609935998917,68,3.2172258856130564e-05
2100,0.9932249188423157,0.006775081157684326,1.2680885791778564,0.019388215616345406,68,3.2172258856130564e-05
2101,0.9934679865837097,0.006532013416290283,1.264714241027832,0.01911383494734764,68,3.2172258856130564e-05
2102,0.993454098701477,0.006545901298522949,1.2669172286987305,0.01914961449801922,68,3.2172258856130564e-05
2103,0.9934917092323303,0.006508290767669678,1.2566449642181396,0.019009657204151154,68,3.2172258856130564e-05
2104,0.9932814836502075,0.0067185163497924805,1.2814313173294067,0.019465643912553787,68,3.2172258856130564e-05
2105,0.9935563802719116,0.006443619728088379,1.258351445198059,0.018962696194648743,68,3.2172258856130564e-05
2106,0.9937092661857605,0.006290733814239502,1.2535185813903809,0.018763013184070587,68,3.2172258856130564e-05
2107,0.9931584000587463,0.006841599941253662,1.2636001110076904,0.019409185275435448,68,3.2172258856130564e-05
2108,0.9932011961936951,0.006798803806304932,1.2741636037826538,0.019472451880574226,69,3.056364591332403e-05
2109,0.993362307548523,0.006637692451477051,1.2782375812530518,0.01935369148850441,69,3.056364591332403e-05
2110,0.9932340979576111,0.006765902042388916,1.2716797590255737,0.01941503956913948,69,3.056364591332403e-05
2111,0.993638277053833,0.006361722946166992,1.2762856483459473,0.01906096190214157,69,3.056364591332403e-05
2112,0.993459939956665,0.006540060043334961,1.258281946182251,0.01905747875571251,69,3.056364591332403e-05
2113,0.9935052990913391,0.006494700908660889,1.2645760774612427,0.019075514748692513,69,3.056364591332403e-05
2114,0.9933730959892273,0.006626904010772705,1.271424651145935,0.0192748811095953,69,3.056364591332403e-05
2115,0.9935392141342163,0.006460785865783691,1.2688639163970947,0.019084816798567772,69,3.056364591332403e-05
2116,0.9934208989143372,0.006579101085662842,1.2680808305740356,0.019194118678569794,69,3.056364591332403e-05
2117,0.9935515522956848,0.0064484477043151855,1.2633470296859741,0.019017433747649193,69,3.056364591332403e-05
2118,0.9934349060058594,0.006565093994140625,1.2564218044281006,0.019063660874962807,69,3.056364591332403e-05
2119,0.9934939742088318,0.006506025791168213,1.2641057968139648,0.019082022830843925,69,3.056364591332403e-05
2120,0.9934074878692627,0.006592512130737305,1.2601540088653564,0.01912812702357769,69,3.056364591332403e-05
2121,0.993501603603363,0.006498396396636963,1.263665795326233,0.01907007023692131,69,3.056364591332403e-05
2122,0.9933914542198181,0.006608545780181885,1.2611383199691772,0.019153842702507973,69,3.056364591332403e-05
2123,0.9933629631996155,0.0066370368003845215,1.2660913467407227,0.019231580197811127,69,3.056364591332403e-05
2124,0.9933915138244629,0.006608486175537109,1.2606005668640137,0.019148405641317368,69,3.056364591332403e-05
2125,0.9936272501945496,0.0063727498054504395,1.263561487197876,0.0189446359872818,69,3.056364591332403e-05
2126,0.9936115145683289,0.006388485431671143,1.2620351314544678,0.01894495263695717,69,3.056364591332403e-05
2127,0.9933080673217773,0.006691932678222656,1.2760026454925537,0.019385039806365967,69,3.056364591332403e-05
2128,0.9937158226966858,0.006284177303314209,1.262519121170044,0.018846526741981506,69,3.056364591332403e-05
2129,0.9934625029563904,0.006537497043609619,1.2614775896072388,0.019086897373199463,69,3.056364591332403e-05
2130,0.9934341311454773,0.006565868854522705,1.2778185606002808,0.019278395920991898,69,3.056364591332403e-05
2131,0.9934021234512329,0.00659787654876709,1.2758792638778687,0.019290689378976822,69,3.056364591332403e-05
2132,0.993322491645813,0.006677508354187012,1.2716907262802124,0.019327640533447266,69,3.056364591332403e-05
2133,0.9936567544937134,0.006343245506286621,1.2662818431854248,0.018942631781101227,69,3.056364591332403e-05
2134,0.9936493039131165,0.006350696086883545,1.25845205783844,0.01887170970439911,69,3.056364591332403e-05
2135,0.9934979677200317,0.006502032279968262,1.2503561973571777,0.018940573558211327,69,3.056364591332403e-05
2136,0.9935423135757446,0.006457686424255371,1.2554537057876587,0.018947646021842957,69,3.056364591332403e-05
2137,0.9934259653091431,0.006574034690856934,1.2587865591049194,0.01909615844488144,69,3.056364591332403e-05
2138,0.9934332966804504,0.0065667033195495605,1.257016897201538,0.019071204587817192,69,3.056364591332403e-05
2139,0.9935824871063232,0.006417512893676758,1.2569477558135986,0.01892281509935856,70,2.903546361765783e-05
2140,0.9936314821243286,0.006368517875671387,1.2587594985961914,0.018892427906394005,70,2.903546361765783e-05
2141,0.9933872222900391,0.0066127777099609375,1.2652713060379028,0.019199363887310028,70,2.903546361765783e-05
2142,0.9934985041618347,0.006501495838165283,1.268445611000061,0.01912093721330166,70,2.903546361765783e-05
2143,0.9934549927711487,0.006545007228851318,1.2614201307296753,0.01909375749528408,70,2.903546361765783e-05
2144,0.9934974312782288,0.00650256872177124,1.2564843893051147,0.019002387300133705,70,2.903546361765783e-05
2145,0.9935859441757202,0.006414055824279785,1.2645084857940674,0.018995000049471855,70,2.903546361765783e-05
2146,0.9934197068214417,0.00658029317855835,1.2691013813018799,0.019205503165721893,70,2.903546361765783e-05
2147,0.9935541152954102,0.006445884704589844,1.26970636844635,0.019078489392995834,70,2.903546361765783e-05
2148,0.9933570623397827,0.006642937660217285,1.258874535560608,0.01916525326669216,70,2.903546361765783e-05
2149,0.9934523701667786,0.0065476298332214355,1.2729251384735107,0.019211404025554657,70,2.903546361765783e-05
2150,0.9932511448860168,0.006748855113983154,1.2727912664413452,0.01940928027033806,70,2.903546361765783e-05
2151,0.9932990670204163,0.00670093297958374,1.2738462686538696,0.01937238685786724,70,2.903546361765783e-05
2152,0.9935171008110046,0.006482899188995361,1.2663459777832031,0.01908152922987938,70,2.903546361765783e-05
2153,0.9934905171394348,0.0065094828605651855,1.2729932069778442,0.01917431876063347,70,2.903546361765783e-05
2154,0.9935360550880432,0.006463944911956787,1.244561791419983,0.01884492300450802,70,2.903546361765783e-05
2155,0.993420422077179,0.006579577922821045,1.2702522277832031,0.019216304644942284,70,2.903546361765783e-05
2156,0.9935228228569031,0.006477177143096924,1.2580268383026123,0.018992673605680466,70,2.903546361765783e-05
2157,0.9936123490333557,0.006387650966644287,1.2608582973480225,0.01893235743045807,70,2.903546361765783e-05
2158,0.9934524893760681,0.006547510623931885,1.2676780223846436,0.01915881596505642,70,2.903546361765783e-05
2159,0.9933679699897766,0.006632030010223389,1.265270709991455,0.019218415021896362,70,2.903546361765783e-05
2160,0.9932434558868408,0.00675654411315918,1.2779539823532104,0.01946851797401905,70,2.903546361765783e-05
2161,0.9935141801834106,0.0064858198165893555,1.260456919670105,0.0190255306661129,70,2.903546361765783e-05
2162,0.9934383630752563,0.006561636924743652,1.2593268156051636,0.019089289009571075,70,2.903546361765783e-05
2163,0.9934836030006409,0.006516396999359131,1.2653626203536987,0.019104858860373497,70,2.903546361765783e-05
2164,0.9935087561607361,0.006491243839263916,1.2806129455566406,0.019232459366321564,70,2.903546361765783e-05
2165,0.9935190081596375,0.006480991840362549,1.2564438581466675,0.018980620428919792,70,2.903546361765783e-05
2166,0.9934524893760681,0.006547510623931885,1.2633662223815918,0.019115697592496872,70,2.903546361765783e-05
2167,0.9934278130531311,0.0065721869468688965,1.2686456441879272,0.019192920997738838,70,2.903546361765783e-05
2168,0.9934197068214417,0.00658029317855835,1.2676993608474731,0.019191483035683632,70,2.903546361765783e-05
2169,0.9936093091964722,0.006390690803527832,1.2690616846084595,0.019017400220036507,70,2.903546361765783e-05
2170,0.9935685992240906,0.006431400775909424,1.2653305530548096,0.01902039162814617,71,2.758369043677494e-05
2171,0.9932193756103516,0.0067806243896484375,1.272153615951538,0.019434353336691856,71,2.758369043677494e-05
2172,0.9935324788093567,0.0064675211906433105,1.255553960800171,0.018958386033773422,71,2.758369043677494e-05
2173,0.9935820698738098,0.0064179301261901855,1.2616304159164429,0.018970053642988205,71,2.758369043677494e-05
2174,0.9936994314193726,0.006300568580627441,1.2569868564605713,0.01880742982029915,71,2.758369043677494e-05
2175,0.9934311509132385,0.006568849086761475,1.272132158279419,0.019224481657147408,71,2.758369043677494e-05
2176,0.9933632016181946,0.00663679838180542,1.2664493322372437,0.019234923645853996,71,2.758369043677494e-05
2177,0.9934623837471008,0.00653761625289917,1.2850160598754883,0.01932240091264248,71,2.758369043677494e-05
2178,0.9935291409492493,0.006470859050750732,1.2731949090957642,0.019138099625706673,71,2.758369043677494e-05
2179,0.9934267401695251,0.0065732598304748535,1.2617131471633911,0.019124656915664673,71,2.758369043677494e-05
2180,0.9932494163513184,0.006750583648681641,1.2800624370574951,0.019483700394630432,71,2.758369043677494e-05
2181,0.9934759140014648,0.006524085998535156,1.269166350364685,0.01915050856769085,71,2.758369043677494e-05
2182,0.9933792352676392,0.00662076473236084,1.2667030096054077,0.019221587106585503,71,2.758369043677494e-05
2183,0.9933884739875793,0.006611526012420654,1.2650530338287354,0.01919594034552574,71,2.758369043677494e-05
2184,0.9935200214385986,0.006479978561401367,1.255322813987732,0.018968407064676285,71,2.758369043677494e-05
2185,0.9933890700340271,0.0066109299659729,1.2642643451690674,0.01918746344745159,71,2.758369043677494e-05
2186,0.9933783411979675,0.006621658802032471,1.2649669647216797,0.019205112010240555,71,2.758369043677494e-05
2187,0.9932626485824585,0.006737351417541504,1.2719694375991821,0.019389672204852104,71,2.758369043677494e-05
2188,0.9937009811401367,0.006299018859863281,1.250959038734436,0.01874561980366707,71,2.758369043677494e-05
2189,0.9933905005455017,0.006609499454498291,1.2628319263458252,0.01917172223329544,71,2.758369043677494e-05
2190,0.9934765696525574,0.006523430347442627,1.2642908096313477,0.019101103767752647,71,2.758369043677494e-05
2191,0.993474543094635,0.00652545690536499,1.2745988368988037,0.01920619048178196,71,2.758369043677494e-05
2192,0.9934632778167725,0.006536722183227539,1.2574846744537354,0.019046202301979065,71,2.758369043677494e-05
2193,0.993648111820221,0.006351888179779053,1.2534960508346558,0.018823329359292984,71,2.758369043677494e-05
2194,0.9933870434761047,0.006612956523895264,1.260303258895874,0.019149858504533768,71,2.758369043677494e-05
2195,0.9935788512229919,0.006421148777008057,1.2603163719177246,0.018960101529955864,71,2.758369043677494e-05
2196,0.9934346079826355,0.006565392017364502,1.2595449686050415,0.01909518800675869,71,2.758369043677494e-05
2197,0.9935561418533325,0.0064438581466674805,1.2721025943756104,0.01910044439136982,71,2.758369043677494e-05
2198,0.9937730431556702,0.006226956844329834,1.2573299407958984,0.01873798668384552,71,2.758369043677494e-05
2199,0.9934999942779541,0.0065000057220458984,1.268862247467041,0.019123628735542297,71,2.758369043677494e-05
2200,0.9933003783226013,0.006699621677398682,1.272213101387024,0.01935475692152977,71,2.758369043677494e-05
2201,0.993658721446991,0.006341278553009033,1.2637113332748413,0.018914978951215744,72,2.620450591493619e-05
2202,0.9934598207473755,0.006540179252624512,1.2540677785873413,0.01901545561850071,72,2.620450591493619e-05
2203,0.9934585690498352,0.006541430950164795,1.2650798559188843,0.019126813858747482,72,2.620450591493619e-05
2204,0.9933549761772156,0.006645023822784424,1.2675268650054932,0.019253842532634735,72,2.620450591493619e-05
2205,0.9934791326522827,0.006520867347717285,1.2711225748062134,0.01916688308119774,72,2.620450591493619e-05
2206,0.9934641718864441,0.006535828113555908,1.2620317935943604,0.019090786576271057,72,2.620450591493619e-05
2207,0.9936028122901917,0.00639718770980835,1.2720365524291992,0.019053582102060318,72,2.620450591493619e-05
2208,0.993492066860199,0.006507933139801025,1.2711635828018188,0.019154489040374756,72,2.620450591493619e-05
2209,0.9934239387512207,0.006576061248779297,1.255351185798645,0.019063811749219894,72,2.620450591493619e-05
2210,0.9935222268104553,0.006477773189544678,1.2758467197418213,0.019171463325619698,72,2.620450591493619e-05
2211,0.9934804439544678,0.0065195560455322266,1.2689224481582642,0.019143585115671158,72,2.620450591493619e-05
2212,0.9935846924781799,0.006415307521820068,1.2542036771774292,0.01889318972826004,72,2.620450591493619e-05
2213,0.9936231970787048,0.006376802921295166,1.2640868425369263,0.018953902646899223,72,2.620450591493619e-05
2214,0.9935407638549805,0.006459236145019531,1.261734962463379,0.01901199296116829,72,2.620450591493619e-05
2215,0.9934442043304443,0.006555795669555664,1.2521228790283203,0.019011465832591057,72,2.620450591493619e-05
2216,0.9934298396110535,0.006570160388946533,1.2713987827301025,0.0192184466868639,72,2.620450591493619e-05
2217,0.9935336709022522,0.006466329097747803,1.2611308097839355,0.019012974575161934,72,2.620450591493619e-05
2218,0.9932762980461121,0.0067237019538879395,1.2764464616775513,0.01942092925310135,72,2.620450591493619e-05
2219,0.9937421679496765,0.006257832050323486,1.2487375736236572,0.018682628870010376,72,2.620450591493619e-05
2220,0.9933712482452393,0.006628751754760742,1.264381766319275,0.019206281751394272,72,2.620450591493619e-05
2221,0.9932655692100525,0.00673443078994751,1.2679812908172607,0.019346898421645164,72,2.620450591493619e-05
2222,0.9934664964675903,0.006533503532409668,1.263107419013977,0.019099242985248566,72,2.620450591493619e-05
2223,0.9933983683586121,0.0066016316413879395,1.2737880945205688,0.01927349530160427,72,2.620450591493619e-05
2224,0.9935644268989563,0.006435573101043701,1.253220796585083,0.018903424963355064,72,2.620450591493619e-05
2225,0.993302583694458,0.006697416305541992,1.2721986770629883,0.01935242861509323,72,2.620450591493619e-05
2226,0.993527352809906,0.006472647190093994,1.2667803764343262,0.019075723364949226,72,2.620450591493619e-05
2227,0.9934470057487488,0.006552994251251221,1.266359567642212,0.01915105991065502,72,2.620450591493619e-05
2228,0.993497908115387,0.006502091884613037,1.2621759176254272,0.0190588291734457,72,2.620450591493619e-05
2229,0.99334317445755,0.006656825542449951,1.274118423461914,0.019331440329551697,72,2.620450591493619e-05
2230,0.9933910965919495,0.006608903408050537,1.26097571849823,0.019152570515871048,72,2.620450591493619e-05
2231,0.9935944676399231,0.006405532360076904,1.2744114398956299,0.019085589796304703,72,2.620450591493619e-05
2232,0.9935447573661804,0.00645524263381958,1.2679966688156128,0.019070656970143318,73,2.489428061918938e-05
2233,0.9938069581985474,0.006193041801452637,1.2650327682495117,0.01878143846988678,73,2.489428061918938e-05
2234,0.9933043122291565,0.006695687770843506,1.2684643268585205,0.019313374534249306,73,2.489428061918938e-05
2235,0.9934580326080322,0.0065419673919677734,1.2592408657073975,0.01906895637512207,73,2.489428061918938e-05
2236,0.9934550523757935,0.006544947624206543,1.2750030755996704,0.019229527562856674,73,2.489428061918938e-05
2237,0.9933980703353882,0.006601929664611816,1.2767258882522583,0.01930316910147667,73,2.489428061918938e-05
2238,0.9933158159255981,0.0066841840744018555,1.273820161819458,0.019355542957782745,73,2.489428061918938e-05
2239,0.9935500025749207,0.006449997425079346,1.262232780456543,0.01900782436132431,73,2.489428061918938e-05
2240,0.9934196472167969,0.006580352783203125,1.258795976638794,0.019102510064840317,73,2.489428061918938e-05
2241,0.9933661818504333,0.00663381814956665,1.261582612991333,0.019183306023478508,73,2.489428061918938e-05
2242,0.9935978651046753,0.006402134895324707,1.2668932676315308,0.019007045775651932,73,2.489428061918938e-05
2243,0.9934410452842712,0.00655895471572876,1.2603662014007568,0.01909702643752098,73,2.489428061918938e-05
2244,0.9932822585105896,0.0067177414894104,1.2633156776428223,0.0192837193608284,73,2.489428061918938e-05
2245,0.9935240745544434,0.006475925445556641,1.2660605907440186,0.019071772694587708,73,2.489428061918938e-05
2246,0.9935937523841858,0.006406247615814209,1.254386067390442,0.01888604648411274,73,2.489428061918938e-05
2247,0.9935885071754456,0.006411492824554443,1.2590227127075195,0.018937604501843452,73,2.489428061918938e-05
2248,0.9933581352233887,0.006641864776611328,1.2603998184204102,0.019179444760084152,73,2.489428061918938e-05
2249,0.9936802387237549,0.006319761276245117,1.2641748189926147,0.018898312002420425,73,2.489428061918938e-05
2250,0.9936994910240173,0.006300508975982666,1.2605791091918945,0.01884329505264759,73,2.489428061918938e-05
2251,0.9934827089309692,0.006517291069030762,1.265489101409912,0.01910700835287571,73,2.489428061918938e-05
2252,0.9932726621627808,0.006727337837219238,1.2834680080413818,0.019494744017720222,73,2.489428061918938e-05
2253,0.9934022426605225,0.006597757339477539,1.2735234498977661,0.019267015159130096,73,2.489428061918938e-05
2254,0.9934781789779663,0.006521821022033691,1.2571115493774414,0.019027717411518097,73,2.489428061918938e-05
2255,0.9935148358345032,0.006485164165496826,1.2472869157791138,0.018893182277679443,73,2.489428061918938e-05
2256,0.9935070872306824,0.006492912769317627,1.252220869064331,0.018950192257761955,73,2.489428061918938e-05
2257,0.993294358253479,0.006705641746520996,1.2725245952606201,0.019363831728696823,73,2.489428061918938e-05
2258,0.9934756755828857,0.006524324417114258,1.2611007690429688,0.019070088863372803,73,2.489428061918938e-05
2259,0.9935832023620605,0.006416797637939453,1.2692538499832153,0.019045166671276093,73,2.489428061918938e-05
2260,0.9936100244522095,0.006389975547790527,1.2634247541427612,0.018960323184728622,73,2.489428061918938e-05
2261,0.993257999420166,0.006742000579833984,1.2695157527923584,0.019369738176465034,73,2.489428061918938e-05
2262,0.9935845732688904,0.006415426731109619,1.2715473175048828,0.019066745415329933,73,2.489428061918938e-05
2263,0.9935705065727234,0.006429493427276611,1.257054328918457,0.01893574185669422,74,2.364956658822991e-05
2264,0.9934173822402954,0.00658261775970459,1.2705819606781006,0.01922261156141758,74,2.364956658822991e-05
2265,0.9933499693870544,0.006650030612945557,1.2862626314163208,0.019446156919002533,74,2.364956658822991e-05
2266,0.9936394095420837,0.00636059045791626,1.2547240257263184,0.018844224512577057,74,2.364956658822991e-05
2267,0.9934625029563904,0.006537497043609619,1.2657616138458252,0.019129738211631775,74,2.364956658822991e-05
2268,0.9933107495307922,0.006689250469207764,1.2694822549819946,0.019317179918289185,74,2.364956658822991e-05
2269,0.9934353828430176,0.006564617156982422,1.2636985778808594,0.019135955721139908,74,2.364956658822991e-05
2270,0.9932814240455627,0.006718575954437256,1.2703142166137695,0.019354533404111862,74,2.364956658822991e-05
2271,0.9936478734016418,0.006352126598358154,1.2651574611663818,0.01894017867743969,74,2.364956658822991e-05
2272,0.993327796459198,0.006672203540802002,1.2841674089431763,0.01944715529680252,74,2.364956658822991e-05
2273,0.9936578869819641,0.006342113018035889,1.2613904476165771,0.018892595544457436,74,2.364956658822991e-05
2274,0.9935210943222046,0.00647890567779541,1.2689239978790283,0.019103355705738068,74,2.364956658822991e-05
2275,0.993363082408905,0.006636917591094971,1.2714238166809082,0.01928478665649891,74,2.364956658822991e-05
2276,0.9937238693237305,0.006276130676269531,1.2529852390289307,0.01874322071671486,74,2.364956658822991e-05
2277,0.9934917092323303,0.006508290767669678,1.2784514427185059,0.01922772265970707,74,2.364956658822991e-05
2278,0.993353545665741,0.006646454334259033,1.2615110874176025,0.01919510029256344,74,2.364956658822991e-05
2279,0.993430495262146,0.006569504737854004,1.2539207935333252,0.01904301717877388,74,2.364956658822991e-05
2280,0.9936584234237671,0.00634157657623291,1.2544169425964355,0.018822330981492996,74,2.364956658822991e-05
2281,0.9936270117759705,0.006372988224029541,1.2689733505249023,0.018998991698026657,74,2.364956658822991e-05
2282,0.9936254024505615,0.0063745975494384766,1.2575912475585938,0.018886763602495193,74,2.364956658822991e-05
2283,0.9934516549110413,0.00654834508895874,1.2537740468978882,0.019020602107048035,74,2.364956658822991e-05
2284,0.9936290979385376,0.006370902061462402,1.2545055150985718,0.018852248787879944,74,2.364956658822991e-05
2285,0.9933307766914368,0.006669223308563232,1.2725130319595337,0.019327661022543907,74,2.364956658822991e-05
2286,0.9935784339904785,0.006421566009521484,1.2503498792648315,0.018860848620533943,74,2.364956658822991e-05
2287,0.9934275150299072,0.0065724849700927734,1.2655593156814575,0.01916235312819481,74,2.364956658822991e-05
2288,0.9934550523757935,0.006544947624206543,1.2650384902954102,0.019129883497953415,74,2.364956658822991e-05
2289,0.9934470653533936,0.006552934646606445,1.265998363494873,0.019147388637065887,74,2.364956658822991e-05
2290,0.9933890700340271,0.0066109299659729,1.2647114992141724,0.019191935658454895,74,2.364956658822991e-05
2291,0.993403434753418,0.006596565246582031,1.264765977859497,0.01917826011776924,74,2.364956658822991e-05
2292,0.9934656620025635,0.0065343379974365234,1.2650247812271118,0.01911924220621586,74,2.364956658822991e-05
2293,0.9934347867965698,0.006565213203430176,1.2645692825317383,0.01914525404572487,74,2.364956658822991e-05
2294,0.9935360550880432,0.006463944911956787,1.2678165435791016,0.019077470526099205,75,2.2467088258818413e-05
2295,0.9933273196220398,0.006672680377960205,1.2646373510360718,0.01925232633948326,75,2.2467088258818413e-05
2296,0.9934808015823364,0.006519198417663574,1.2710171937942505,0.019164178520441055,75,2.2467088258818413e-05
2297,0.9935780167579651,0.006421983242034912,1.267897129058838,0.019036734476685524,75,2.2467088258818413e-05
2298,0.9935279488563538,0.00647205114364624,1.2811614274978638,0.019218944013118744,75,2.2467088258818413e-05
2299,0.9934685230255127,0.006531476974487305,1.261316180229187,0.01907932385802269,75,2.2467088258818413e-05
2300,0.9935129284858704,0.006487071514129639,1.2431299686431885,0.018853500485420227,75,2.2467088258818413e-05
2301,0.9934956431388855,0.006504356861114502,1.2708451747894287,0.019147764891386032,75,2.2467088258818413e-05
2302,0.9936003088951111,0.006399691104888916,1.2660059928894043,0.018995754420757294,75,2.2467088258818413e-05
2303,0.9935183525085449,0.006481647491455078,1.2700235843658447,0.019117066636681557,75,2.2467088258818413e-05
2304,0.9934881329536438,0.006511867046356201,1.2590460777282715,0.019037209451198578,75,2.2467088258818413e-05
2305,0.9935041666030884,0.006495833396911621,1.2557505369186401,0.01898838020861149,75,2.2467088258818413e-05
2306,0.9935324788093567,0.0064675211906433105,1.267997145652771,0.019082816317677498,75,2.2467088258818413e-05
2307,0.9934138655662537,0.006586134433746338,1.2613033056259155,0.0191333070397377,75,2.2467088258818413e-05
2308,0.9935024380683899,0.006497561931610107,1.258069396018982,0.019013280048966408,75,2.2467088258818413e-05
2309,0.9931986331939697,0.0068013668060302734,1.272938847541809,0.019462741911411285,75,2.2467088258818413e-05
2310,0.9935445189476013,0.006455481052398682,1.2578045129776,0.018968971446156502,75,2.2467088258818413e-05
2311,0.9933903813362122,0.006609618663787842,1.2719879150390625,0.01926340162754059,75,2.2467088258818413e-05
2312,0.9934027791023254,0.0065972208976745605,1.2725963592529297,0.019257212057709694,75,2.2467088258818413e-05
2313,0.9935302138328552,0.006469786167144775,1.2683216333389282,0.01908830553293228,75,2.2467088258818413e-05
2314,0.9935069680213928,0.006493031978607178,1.264500617980957,0.019073108211159706,75,2.2467088258818413e-05
2315,0.9933901429176331,0.006609857082366943,1.2689365148544312,0.01923312433063984,75,2.2467088258818413e-05
2316,0.993414044380188,0.006585955619812012,1.261228084564209,0.019132375717163086,75,2.2467088258818413e-05
2317,0.9934433102607727,0.006556689739227295,1.2651633024215698,0.0191427543759346,75,2.2467088258818413e-05
2318,0.9936275482177734,0.0063724517822265625,1.2652775049209595,0.018961502239108086,75,2.2467088258818413e-05
2319,0.9935562014579773,0.006443798542022705,1.2762600183486938,0.01914196088910103,75,2.2467088258818413e-05
2320,0.9934581518173218,0.006541848182678223,1.263673186302185,0.01911316066980362,75,2.2467088258818413e-05
2321,0.9937046766281128,0.006295323371887207,1.2466598749160767,0.01869896799325943,75,2.2467088258818413e-05
2322,0.9935308694839478,0.006469130516052246,1.259937047958374,0.019003810361027718,75,2.2467088258818413e-05
2323,0.9934544563293457,0.006545543670654297,1.261768102645874,0.019097769632935524,75,2.2467088258818413e-05
2324,0.9934298992156982,0.006570100784301758,1.2539137601852417,0.019043536856770515,75,2.2467088258818413e-05
2325,0.9936272501945496,0.0063727498054504395,1.261552333831787,0.018924545496702194,76,2.134373384587749e-05
2326,0.9936280846595764,0.006371915340423584,1.2568663358688354,0.018876858055591583,76,2.134373384587749e-05
2327,0.9936732649803162,0.006326735019683838,1.256034255027771,0.018823809921741486,76,2.134373384587749e-05
2328,0.9933751821517944,0.006624817848205566,1.2725110054016113,0.019283680245280266,76,2.134373384587749e-05
2329,0.9934709668159485,0.006529033184051514,1.268536925315857,0.019149111583828926,76,2.134373384587749e-05
2330,0.9932976961135864,0.006702303886413574,1.2788171768188477,0.019423453137278557,76,2.134373384587749e-05
2331,0.9933785796165466,0.006621420383453369,1.2528998851776123,0.019084203988313675,76,2.134373384587749e-05
2332,0.9935494065284729,0.0064505934715271,1.267516851425171,0.01906125620007515,76,2.134373384587749e-05
2333,0.9935179352760315,0.006482064723968506,1.2648102045059204,0.01906534656882286,76,2.134373384587749e-05
2334,0.9935087561607361,0.006491243839263916,1.275031328201294,0.01917664334177971,76,2.134373384587749e-05
2335,0.9934399127960205,0.006560087203979492,1.2631207704544067,0.019125694409012794,76,2.134373384587749e-05
2336,0.9934815168380737,0.0065184831619262695,1.268678903579712,0.019140087068080902,76,2.134373384587749e-05
2337,0.9935340285301208,0.00646597146987915,1.2748953104019165,0.0191502645611763,76,2.134373384587749e-05
2338,0.9936128258705139,0.006387174129486084,1.263012170791626,0.01895342394709587,76,2.134373384587749e-05
2339,0.9932315349578857,0.006768465042114258,1.2692749500274658,0.01939352974295616,76,2.134373384587749e-05
2340,0.9934985637664795,0.006501436233520508,1.256853461265564,0.019004955887794495,76,2.134373384587749e-05
2341,0.9935723543167114,0.006427645683288574,1.2691185474395752,0.019054554402828217,76,2.134373384587749e-05
2342,0.9936029314994812,0.006397068500518799,1.2588715553283691,0.018921812996268272,76,2.134373384587749e-05
2343,0.9935351610183716,0.006464838981628418,1.258847951889038,0.01898867078125477,76,2.134373384587749e-05
2344,0.993319571018219,0.006680428981781006,1.2703887224197388,0.019317511469125748,76,2.134373384587749e-05
2345,0.9934070706367493,0.006592929363250732,1.264992356300354,0.019176922738552094,76,2.134373384587749e-05
2346,0.9935489296913147,0.006451070308685303,1.2688956260681152,0.019075516611337662,76,2.134373384587749e-05
2347,0.9936272501945496,0.0063727498054504395,1.2513697147369385,0.018822718411684036,76,2.134373384587749e-05
2348,0.9935348629951477,0.006465137004852295,1.2667878866195679,0.019068364053964615,76,2.134373384587749e-05
2349,0.9934828281402588,0.006517171859741211,1.2557439804077148,0.019009439274668694,76,2.134373384587749e-05
2350,0.9935413599014282,0.006458640098571777,1.2554535865783691,0.018948588520288467,76,2.134373384587749e-05
2351,0.993407666683197,0.0065923333168029785,1.2554479837417603,0.019080890342593193,76,2.134373384587749e-05
2352,0.9936325550079346,0.00636744499206543,1.2565386295318604,0.018869156017899513,76,2.134373384587749e-05
2353,0.9934130907058716,0.006586909294128418,1.272135615348816,0.01924239657819271,76,2.134373384587749e-05
2354,0.9932911396026611,0.006708860397338867,1.2701301574707031,0.019343072548508644,76,2.134373384587749e-05
2355,0.9934386014938354,0.006561398506164551,1.2803376913070679,0.019299160689115524,76,2.134373384587749e-05
2356,0.993442952632904,0.006557047367095947,1.2633432149887085,0.01912490837275982,77,2.0276547153583614e-05
2357,0.9934283494949341,0.006571650505065918,1.2508231401443481,0.019014164805412292,77,2.0276547153583614e-05
2358,0.9934576749801636,0.006542325019836426,1.2540236711502075,0.019017137587070465,77,2.0276547153583614e-05
2359,0.993209183216095,0.006790816783905029,1.275456428527832,0.019477471709251404,77,2.0276547153583614e-05
2360,0.9936501383781433,0.0063498616218566895,1.261998176574707,0.01890634372830391,77,2.0276547153583614e-05
2361,0.9935607314109802,0.006439268589019775,1.2676963806152344,0.019051838666200638,77,2.0276547153583614e-05
2362,0.993465781211853,0.006534218788146973,1.2716145515441895,0.01918502151966095,77,2.0276547153583614e-05
2363,0.9935761094093323,0.006423890590667725,1.2596306800842285,0.018955957144498825,77,2.0276547153583614e-05
2364,0.9933334589004517,0.00666654109954834,1.26351797580719,0.01923505589365959,77,2.0276547153583614e-05
2365,0.9936268329620361,0.006373167037963867,1.2692296504974365,0.019001731649041176,77,2.0276547153583614e-05
2366,0.9933983683586121,0.0066016316413879395,1.2643883228302002,0.01917949877679348,77,2.0276547153583614e-05
2367,0.9934773445129395,0.006522655487060547,1.2496452331542969,0.018953880295157433,77,2.0276547153583614e-05
2368,0.9933174252510071,0.00668257474899292,1.2711966037750244,0.019327715039253235,77,2.0276547153583614e-05
2369,0.9932593107223511,0.006740689277648926,1.2719374895095825,0.019392656162381172,77,2.0276547153583614e-05
2370,0.9934019446372986,0.006598055362701416,1.2692276239395142,0.01922435127198696,77,2.0276547153583614e-05
2371,0.9935585260391235,0.006441473960876465,1.2614638805389404,0.01899169757962227,77,2.0276547153583614e-05
2372,0.9937251806259155,0.006274819374084473,1.2463419437408447,0.018675489351153374,77,2.0276547153583614e-05
2373,0.9934900403022766,0.006509959697723389,1.2663317918777466,0.019108178094029427,77,2.0276547153583614e-05
2374,0.993627667427063,0.006372332572937012,1.2588562965393066,0.018897172063589096,77,2.0276547153583614e-05
2375,0.993360161781311,0.006639838218688965,1.2673076391220093,0.01924651674926281,77,2.0276547153583614e-05
2376,0.9935593605041504,0.006440639495849609,1.2537953853607178,0.01891418546438217,77,2.0276547153583614e-05
2377,0.993715763092041,0.006284236907958984,1.2627414464950562,0.018848808482289314,77,2.0276547153583614e-05
2378,0.9934720993041992,0.006527900695800781,1.2693183422088623,0.019155805930495262,77,2.0276547153583614e-05
2379,0.9933971762657166,0.006602823734283447,1.2648080587387085,0.01918487623333931,77,2.0276547153583614e-05
2380,0.9935178756713867,0.006482124328613281,1.2649582624435425,0.019066885113716125,77,2.0276547153583614e-05
2381,0.9933757185935974,0.006624281406402588,1.264716625213623,0.019205205142498016,77,2.0276547153583614e-05
2382,0.9936128854751587,0.006387114524841309,1.272494912147522,0.019048191606998444,77,2.0276547153583614e-05
2383,0.9935997128486633,0.00640028715133667,1.264164924621582,0.018977932631969452,77,2.0276547153583614e-05
2384,0.9935102462768555,0.006489753723144531,1.2737172842025757,0.019162029027938843,77,2.0276547153583614e-05
2385,0.9936320185661316,0.006367981433868408,1.2746431827545166,0.019050734117627144,77,2.0276547153583614e-05
2386,0.9935505390167236,0.006449460983276367,1.2644789218902588,0.019029755145311356,77,2.0276547153583614e-05
2387,0.9934296607971191,0.006570339202880859,1.267484426498413,0.019179480150341988,78,1.9262719795904432e-05
2388,0.9933704137802124,0.006629586219787598,1.279107689857483,0.01935436762869358,78,1.9262719795904432e-05
2389,0.9934149980545044,0.0065850019454956055,1.2566097974777222,0.019085250794887543,78,1.9262719795904432e-05
2390,0.9937472939491272,0.006252706050872803,1.264960527420044,0.01883978396654129,78,1.9262719795904432e-05
2391,0.9936283230781555,0.006371676921844482,1.2530475854873657,0.018838435411453247,78,1.9262719795904432e-05
2392,0.9935851097106934,0.006414890289306641,1.2627511024475098,0.01897825114428997,78,1.9262719795904432e-05
2393,0.9936598539352417,0.006340146064758301,1.2535192966461182,0.018811937421560287,78,1.9262719795904432e-05
2394,0.9935395121574402,0.0064604878425598145,1.2570509910583496,0.018966391682624817,78,1.9262719795904432e-05
2395,0.9933784604072571,0.00662153959274292,1.25686776638031,0.019124001264572144,78,1.9262719795904432e-05
2396,0.9935073852539062,0.00649261474609375,1.2573379278182983,0.0190010666847229,78,1.9262719795904432e-05
2397,0.993414580821991,0.006585419178009033,1.2687575817108154,0.019207140430808067,78,1.9262719795904432e-05
2398,0.9934580326080322,0.0065419673919677734,1.2634302377700806,0.019110850989818573,78,1.9262719795904432e-05
2399,0.9935558438301086,0.006444156169891357,1.2600994110107422,0.018980707973241806,78,1.9262719795904432e-05
2400,0.993423342704773,0.006576657295227051,1.2686597108840942,0.019197488203644753,78,1.9262719795904432e-05
2401,0.9935447573661804,0.00645524263381958,1.2601031064987183,0.01899172179400921,78,1.9262719795904432e-05
2402,0.9932535290718079,0.006746470928192139,1.2758768796920776,0.019437775015830994,78,1.9262719795904432e-05
2403,0.9934109449386597,0.006589055061340332,1.262958288192749,0.019152747467160225,78,1.9262719795904432e-05
2404,0.9937256574630737,0.0062743425369262695,1.2732219696044922,0.018943818286061287,78,1.9262719795904432e-05
2405,0.9935061931610107,0.006493806838989258,1.2636512517929077,0.019065381959080696,78,1.9262719795904432e-05
2406,0.9935266971588135,0.0064733028411865234,1.2752279043197632,0.01916084811091423,78,1.9262719795904432e-05
2407,0.9934164881706238,0.006583511829376221,1.2694060802459717,0.01921173743903637,78,1.9262719795904432e-05
2408,0.9933822751045227,0.006617724895477295,1.272518277168274,0.019276730716228485,78,1.9262719795904432e-05
2409,0.9935020804405212,0.00649791955947876,1.2719248533248901,0.019152188673615456,78,1.9262719795904432e-05
2410,0.9934272170066833,0.00657278299331665,1.2662959098815918,0.019170014187693596,78,1.9262719795904432e-05
2411,0.993645966053009,0.006354033946990967,1.2471003532409668,0.018761496990919113,78,1.9262719795904432e-05
2412,0.9934663772583008,0.006533622741699219,1.251369833946228,0.01898198574781418,78,1.9262719795904432e-05
2413,0.9935082197189331,0.0064917802810668945,1.270875334739685,0.019135616719722748,78,1.9262719795904432e-05
2414,0.9935098886489868,0.006490111351013184,1.2704609632492065,0.01912982016801834,78,1.9262719795904432e-05
2415,0.9935317635536194,0.006468236446380615,1.260818362236023,0.019011737778782845,78,1.9262719795904432e-05
2416,0.9934648275375366,0.006535172462463379,1.2627686262130737,0.019097506999969482,78,1.9262719795904432e-05
2417,0.993416428565979,0.006583571434020996,1.268750548362732,0.019205240532755852,78,1.9262719795904432e-05
2418,0.9934127330780029,0.00658726692199707,1.2671983242034912,0.0191933773458004,79,1.829958380610921e-05
2419,0.993419349193573,0.006580650806427002,1.264575481414795,0.019160598516464233,79,1.829958380610921e-05
2420,0.9936034679412842,0.00639653205871582,1.2667924165725708,0.019000491127371788,79,1.829958380610921e-05
2421,0.9934329390525818,0.006567060947418213,1.2654943466186523,0.019156333059072495,79,1.829958380610921e-05
2422,0.9936820268630981,0.0063179731369018555,1.2552419900894165,0.018807213753461838,79,1.829958380610921e-05
2423,0.9934717416763306,0.006528258323669434,1.2539474964141846,0.01900245063006878,79,1.829958380610921e-05
2424,0.9935294985771179,0.00647050142288208,1.275045394897461,0.01915624924004078,79,1.829958380610921e-05
2425,0.9933657646179199,0.006634235382080078,1.2668613195419312,0.019236506894230843,79,1.829958380610921e-05
2426,0.9934121370315552,0.006587862968444824,1.2755910158157349,0.019277894869446754,79,1.829958380610921e-05
2427,0.9932962656021118,0.006703734397888184,1.2684165239334106,0.019320862367749214,79,1.829958380610921e-05
2428,0.9934707283973694,0.006529271602630615,1.2580370903015137,0.01904434897005558,79,1.829958380610921e-05
2429,0.99356609582901,0.00643390417098999,1.270364761352539,0.019073212519288063,79,1.829958380610921e-05
2430,0.9935131669044495,0.006486833095550537,1.255609154701233,0.0189780555665493,79,1.829958380610921e-05
2431,0.9935411214828491,0.006458878517150879,1.2594295740127563,0.018988585099577904,79,1.829958380610921e-05
2432,0.99361252784729,0.006387472152709961,1.2598793506622314,0.018922390416264534,79,1.829958380610921e-05
2433,0.9936914443969727,0.006308555603027344,1.2634894847869873,0.018880365416407585,79,1.829958380610921e-05
2434,0.9933958053588867,0.006604194641113281,1.2725733518600464,0.01926388591527939,79,1.829958380610921e-05
2435,0.9932410717010498,0.006758928298950195,1.272279143333435,0.019414130598306656,79,1.829958380610921e-05
2436,0.9935594797134399,0.006440520286560059,1.254475474357605,0.01892087049782276,79,1.829958380610921e-05
2437,0.9936348795890808,0.0063651204109191895,1.275421142578125,0.019055679440498352,79,1.829958380610921e-05
2438,0.9933292269706726,0.006670773029327393,1.2684650421142578,0.019288714975118637,79,1.829958380610921e-05
2439,0.9936169981956482,0.006383001804351807,1.270294427871704,0.01902211457490921,79,1.829958380610921e-05
2440,0.9934837222099304,0.00651627779006958,1.275679349899292,0.01920790784060955,79,1.829958380610921e-05
2441,0.9935183525085449,0.006481647491455078,1.265458106994629,0.019071411341428757,79,1.829958380610921e-05
2442,0.993578314781189,0.006421685218811035,1.2609201669692993,0.018966669216752052,79,1.829958380610921e-05
2443,0.9935276508331299,0.006472349166870117,1.2510782480239868,0.018918408080935478,79,1.829958380610921e-05
2444,0.9936127662658691,0.006387233734130859,1.2484019994735718,0.01880738139152527,79,1.829958380610921e-05
2445,0.9934990406036377,0.006500959396362305,1.2598882913589478,0.01903483271598816,79,1.829958380610921e-05
2446,0.9933654069900513,0.0066345930099487305,1.2656972408294678,0.019225219264626503,79,1.829958380610921e-05
2447,0.9935787916183472,0.006421208381652832,1.2547845840454102,0.01890484243631363,79,1.829958380610921e-05
2448,0.9935710430145264,0.006428956985473633,1.2683460712432861,0.01904812827706337,79,1.829958380610921e-05
2449,0.9934634566307068,0.006536543369293213,1.2668652534484863,0.019139830023050308,80,1.738460461580375e-05
2450,0.9935675859451294,0.0064324140548706055,1.26266610622406,0.018994750455021858,80,1.738460461580375e-05
2451,0.9935281872749329,0.006471812725067139,1.2544528245925903,0.018951622769236565,80,1.738460461580375e-05
2452,0.9934506416320801,0.006549358367919922,1.2701892852783203,0.019185757264494896,80,1.738460461580375e-05
2453,0.9934410452842712,0.00655895471572876,1.2703617811203003,0.01919698342680931,80,1.738460461580375e-05
2454,0.9933916330337524,0.006608366966247559,1.2691854238510132,0.01923413760960102,80,1.738460461580375e-05
2455,0.9934512376785278,0.006548762321472168,1.2659692764282227,0.019142966717481613,80,1.738460461580375e-05
2456,0.993731677532196,0.006268322467803955,1.2615549564361572,0.018821189180016518,80,1.738460461580375e-05
2457,0.9933682084083557,0.006631791591644287,1.2683382034301758,0.019248854368925095,80,1.738460461580375e-05
2458,0.9934481978416443,0.006551802158355713,1.2511311769485474,0.018997594714164734,80,1.738460461580375e-05
2459,0.993674635887146,0.006325364112854004,1.258350133895874,0.018845610320568085,80,1.738460461580375e-05
2460,0.9934075474739075,0.006592452526092529,1.2639364004135132,0.019165892153978348,80,1.738460461580375e-05
2461,0.9935634732246399,0.006436526775360107,1.2570819854736328,0.018942981958389282,80,1.738460461580375e-05
2462,0.9934753775596619,0.006524622440338135,1.2703444957733154,0.019162820652127266,80,1.738460461580375e-05
2463,0.9935072660446167,0.006492733955383301,1.2611497640609741,0.019039303064346313,80,1.738460461580375e-05
2464,0.9934441447257996,0.0065558552742004395,1.2708543539047241,0.019198838621377945,80,1.738460461580375e-05
2465,0.9936438798904419,0.0063561201095581055,1.253272294998169,0.018825281411409378,80,1.738460461580375e-05
2466,0.9935346245765686,0.0064653754234313965,1.257333517074585,0.018974056467413902,80,1.738460461580375e-05
2467,0.9935258626937866,0.006474137306213379,1.2586352825164795,0.018995748832821846,80,1.738460461580375e-05
2468,0.993327796459198,0.006672203540802002,1.2744373083114624,0.019349854439496994,80,1.738460461580375e-05
2469,0.9937116503715515,0.006288349628448486,1.2514071464538574,0.01873953826725483,80,1.738460461580375e-05
2470,0.9934789538383484,0.006521046161651611,1.2687466144561768,0.019143301993608475,80,1.738460461580375e-05
2471,0.99355548620224,0.00644451379776001,1.270582914352417,0.019085897132754326,80,1.738460461580375e-05
2472,0.9935946464538574,0.006405353546142578,1.2626491785049438,0.01896779239177704,80,1.738460461580375e-05
2473,0.9935104250907898,0.006489574909210205,1.2546544075012207,0.018971223384141922,80,1.738460461580375e-05
2474,0.993396520614624,0.0066034793853759766,1.267579197883606,0.0192132368683815,80,1.738460461580375e-05
2475,0.9933329224586487,0.006667077541351318,1.2635881900787354,0.019236288964748383,80,1.738460461580375e-05
2476,0.9934969544410706,0.006503045558929443,1.2716665267944336,0.019154679030179977,80,1.738460461580375e-05
2477,0.9935381412506104,0.0064618587493896484,1.272465705871582,0.019121896475553513,80,1.738460461580375e-05
2478,0.9933679699897766,0.006632030010223389,1.2708215713500977,0.019273925572633743,80,1.738460461580375e-05
2479,0.9937699437141418,0.006230056285858154,1.266300082206726,0.018830755725502968,80,1.738460461580375e-05
2480,0.9934718608856201,0.006528139114379883,1.2461628913879395,0.01892448589205742,81,1.6515374385013564e-05
2481,0.9934044480323792,0.00659555196762085,1.265801191329956,0.019187606871128082,81,1.6515374385013564e-05
2482,0.9936584830284119,0.006341516971588135,1.2666277885437012,0.018944378942251205,81,1.6515374385013564e-05
2483,0.9935119152069092,0.00648808479309082,1.25527024269104,0.01897590607404709,81,1.6515374385013564e-05
2484,0.9936173558235168,0.006382644176483154,1.2723827362060547,0.019042644649744034,81,1.6515374385013564e-05
2485,0.9935065507888794,0.0064934492111206055,1.264627456665039,0.01907479017972946,81,1.6515374385013564e-05
2486,0.9933863282203674,0.006613671779632568,1.2674874067306519,0.019222408533096313,81,1.6515374385013564e-05
2487,0.9935188889503479,0.0064811110496521,1.2616610527038574,0.019032910466194153,81,1.6515374385013564e-05
2488,0.9936373829841614,0.006362617015838623,1.2685474157333374,0.018984464928507805,81,1.6515374385013564e-05
2489,0.9936181902885437,0.006381809711456299,1.2621338367462158,0.01893933117389679,81,1.6515374385013564e-05
2490,0.9934499859809875,0.006550014019012451,1.2654422521591187,0.019138935953378677,81,1.6515374385013564e-05
2491,0.9935160279273987,0.006483972072601318,1.2599132061004639,0.01901826448738575,81,1.6515374385013564e-05
2492,0.9934464693069458,0.006553530693054199,1.2691876888275146,0.019179873168468475,81,1.6515374385013564e-05
2493,0.9935243129730225,0.006475687026977539,1.2596206665039062,0.019007137045264244,81,1.6515374385013564e-05
2494,0.993783175945282,0.006216824054718018,1.2580273151397705,0.018734928220510483,81,1.6515374385013564e-05
2495,0.9935246706008911,0.006475329399108887,1.2495343685150146,0.018905919045209885,81,1.6515374385013564e-05
2496,0.9934824705123901,0.006517529487609863,1.2711905241012573,0.019164258614182472,81,1.6515374385013564e-05
2497,0.9933525919914246,0.0066474080085754395,1.2696962356567383,0.019277896732091904,81,1.6515374385013564e-05
2498,0.9935530424118042,0.006446957588195801,1.271446943283081,0.01909695751965046,81,1.6515374385013564e-05
2499,0.9934571981430054,0.006542801856994629,1.2650190591812134,0.019127564504742622,81,1.6515374385013564e-05
2500,0.9934572577476501,0.0065427422523498535,1.2710084915161133,0.01918739825487137,81,1.6515374385013564e-05
2501,0.9937494397163391,0.006250560283660889,1.2610194683074951,0.01879824884235859,81,1.6515374385013564e-05
2502,0.9934602975845337,0.006539702415466309,1.2674757242202759,0.019149063155055046,81,1.6515374385013564e-05
2503,0.9934424161911011,0.006557583808898926,1.2656035423278809,0.019148042425513268,81,1.6515374385013564e-05
2504,0.9933677911758423,0.006632208824157715,1.2650768756866455,0.01921665482223034,81,1.6515374385013564e-05
2505,0.9934443235397339,0.006555676460266113,1.264020323753357,0.019130323082208633,81,1.6515374385013564e-05
2506,0.9934135675430298,0.006586432456970215,1.2761234045028687,0.019281800836324692,81,1.6515374385013564e-05
2507,0.9934327602386475,0.006567239761352539,1.2688231468200684,0.019189797341823578,81,1.6515374385013564e-05
2508,0.9933880567550659,0.006611943244934082,1.257678747177124,0.019122611731290817,81,1.6515374385013564e-05
2509,0.9935969114303589,0.006403088569641113,1.2528148889541626,0.01886720582842827,81,1.6515374385013564e-05
2510,0.9935281276702881,0.006471872329711914,1.2668286561965942,0.019075440242886543,81,1.6515374385013564e-05
2511,0.9933290481567383,0.006670951843261719,1.263679027557373,0.019241033121943474,82,1.5689605665762886e-05
2512,0.993394672870636,0.006605327129364014,1.2567678689956665,0.019106952473521233,82,1.5689605665762886e-05
2513,0.9935251474380493,0.006474852561950684,1.2558012008666992,0.018968116492033005,82,1.5689605665762886e-05
2514,0.9934879541397095,0.006512045860290527,1.2694514989852905,0.019141439348459244,82,1.5689605665762886e-05
2515,0.9934630393981934,0.006536960601806641,1.271628737449646,0.01918787881731987,82,1.5689605665762886e-05
2516,0.9935554265975952,0.006444573402404785,1.2677826881408691,0.019057955592870712,82,1.5689605665762886e-05
2517,0.9935453534126282,0.006454646587371826,1.2570043802261353,0.018960144370794296,82,1.5689605665762886e-05
2518,0.993634819984436,0.006365180015563965,1.2753552198410034,0.0190550796687603,82,1.5689605665762886e-05
2519,0.9933829307556152,0.006617069244384766,1.2714191675186157,0.01926508918404579,82,1.5689605665762886e-05
2520,0.9933453798294067,0.006654620170593262,1.278713583946228,0.019375208765268326,82,1.5689605665762886e-05
2521,0.9935639500617981,0.006436049938201904,1.2571394443511963,0.01894308440387249,82,1.5689605665762886e-05
2522,0.9936240315437317,0.0063759684562683105,1.261230230331421,0.01892451010644436,82,1.5689605665762886e-05
2523,0.9934782385826111,0.006521761417388916,1.261312484741211,0.019069667905569077,82,1.5689605665762886e-05
2524,0.9933968782424927,0.006603121757507324,1.2629815340042114,0.01916690543293953,82,1.5689605665762886e-05
2525,0.9934952259063721,0.00650477409362793,1.260136604309082,0.019041091203689575,82,1.5689605665762886e-05
2526,0.9935040473937988,0.006495952606201172,1.2704023122787476,0.019135016947984695,82,1.5689605665762886e-05
2527,0.9935224652290344,0.006477534770965576,1.2540580034255981,0.018953338265419006,82,1.5689605665762886e-05
2528,0.9938116073608398,0.006188392639160156,1.2517213821411133,0.01864372193813324,82,1.5689605665762886e-05
2529,0.9935302138328552,0.006469786167144775,1.2722946405410767,0.01912803389132023,82,1.5689605665762886e-05
2530,0.9935625195503235,0.006437480449676514,1.2507407665252686,0.018880512565374374,82,1.5689605665762886e-05
2531,0.9934543967247009,0.006545603275299072,1.2734062671661377,0.0192142091691494,82,1.5689605665762886e-05
2532,0.9933480620384216,0.006651937961578369,1.2710896730422974,0.0192963145673275,82,1.5689605665762886e-05
2533,0.993577241897583,0.006422758102416992,1.2681617736816406,0.019040148705244064,82,1.5689605665762886e-05
2534,0.9935900568962097,0.006409943103790283,1.2625298500061035,0.018971141427755356,82,1.5689605665762886e-05
2535,0.9934354424476624,0.0065645575523376465,1.2700837850570679,0.01919974945485592,82,1.5689605665762886e-05
2536,0.9934099316596985,0.006590068340301514,1.259375810623169,0.019117925316095352,82,1.5689605665762886e-05
2537,0.9935839772224426,0.006416022777557373,1.2468807697296143,0.018820669502019882,82,1.5689605665762886e-05
2538,0.9934495687484741,0.006550431251525879,1.2665019035339355,0.01914994604885578,82,1.5689605665762886e-05
2539,0.9936582446098328,0.006341755390167236,1.264528512954712,0.018923621624708176,82,1.5689605665762886e-05
2540,0.9935969114303589,0.006403088569641113,1.264631748199463,0.01898537576198578,82,1.5689605665762886e-05
2541,0.9933812022209167,0.006618797779083252,1.2634005546569824,0.01918661594390869,82,1.5689605665762886e-05
2542,0.9935885071754456,0.006411492824554443,1.251113772392273,0.018858514726161957,83,1.490512538247474e-05
2543,0.9937028288841248,0.006297171115875244,1.2670718431472778,0.0189049169421196,83,1.490512538247474e-05
2544,0.9935948252677917,0.006405174732208252,1.2642613649368286,0.018983736634254456,83,1.490512538247474e-05
2545,0.9933224320411682,0.006677567958831787,1.2784029245376587,0.019394822418689728,83,1.490512538247474e-05
2546,0.9934623837471008,0.00653761625289917,1.2660554647445679,0.019132794812321663,83,1.490512538247474e-05
2547,0.9933967590332031,0.006603240966796875,1.2678742408752441,0.01921595074236393,83,1.490512538247474e-05
2548,0.9936248064041138,0.0063751935958862305,1.2503701448440552,0.018815143033862114,83,1.490512538247474e-05
2549,0.993598461151123,0.006401538848876953,1.2585564851760864,0.018923088908195496,83,1.490512538247474e-05
2550,0.9935542941093445,0.006445705890655518,1.265649676322937,0.019037745893001556,83,1.490512538247474e-05
2551,0.993454098701477,0.006545901298522949,1.2641663551330566,0.019122105091810226,83,1.490512538247474e-05
2552,0.9934580326080322,0.0065419673919677734,1.274452567100525,0.019221073016524315,83,1.490512538247474e-05
2553,0.9933984279632568,0.006601572036743164,1.2641757726669312,0.019177313894033432,83,1.490512538247474e-05
2554,0.9933187961578369,0.006681203842163086,1.2762255668640137,0.019376646727323532,83,1.490512538247474e-05
2555,0.9934914112091064,0.006508588790893555,1.2623730897903442,0.01906723342835903,83,1.490512538247474e-05
2556,0.9934048652648926,0.006595134735107422,1.2671607732772827,0.01920079067349434,83,1.490512538247474e-05
2557,0.9934831857681274,0.006516814231872559,1.2589634656906128,0.019041281193494797,83,1.490512538247474e-05
2558,0.9934494495391846,0.00655055046081543,1.2576417922973633,0.019061462953686714,83,1.490512538247474e-05
2559,0.9936147928237915,0.006385207176208496,1.2715431451797485,0.019036786630749702,83,1.490512538247474e-05
2560,0.9935040473937988,0.006495952606201172,1.263579249382019,0.019066786393523216,83,1.490512538247474e-05
2561,0.9934549927711487,0.006545007228851318,1.2570011615753174,0.019049568101763725,83,1.490512538247474e-05
2562,0.9934512376785278,0.006548762321472168,1.26274573802948,0.019110731780529022,83,1.490512538247474e-05
2563,0.9937344789505005,0.006265521049499512,1.2564493417739868,0.018767358735203743,83,1.490512538247474e-05
2564,0.993365466594696,0.006634533405303955,1.2689151763916016,0.01925734058022499,83,1.490512538247474e-05
2565,0.993519127368927,0.006480872631072998,1.2667704820632935,0.019083768129348755,83,1.490512538247474e-05
2566,0.9936324954032898,0.006367504596710205,1.2605196237564087,0.018909025937318802,83,1.490512538247474e-05
2567,0.9934075474739075,0.006592452526092529,1.2591392993927002,0.019117921590805054,83,1.490512538247474e-05
2568,0.9935011267662048,0.006498873233795166,1.2659279108047485,0.019093163311481476,83,1.490512538247474e-05
2569,0.9935484528541565,0.006451547145843506,1.2631677389144897,0.019018709659576416,83,1.490512538247474e-05
2570,0.993541419506073,0.006458580493927002,1.2707154750823975,0.01910114847123623,83,1.490512538247474e-05
2571,0.9936225414276123,0.006377458572387695,1.2606532573699951,0.01892021670937538,83,1.490512538247474e-05
2572,0.993672251701355,0.0063277482986450195,1.2560094594955444,0.018824566155672073,83,1.490512538247474e-05
2573,0.9935196042060852,0.006480395793914795,1.2665294408798218,0.019080886617302895,84,1.4159869113351003e-05
2574,0.9936437606811523,0.006356239318847656,1.2576531171798706,0.01886920817196369,84,1.4159869113351003e-05
2575,0.9934483170509338,0.006551682949066162,1.269097924232483,0.01917714625597,84,1.4159869113351003e-05
2576,0.9935870170593262,0.006412982940673828,1.2325122356414795,0.01867397502064705,84,1.4159869113351003e-05
2577,0.9935023784637451,0.006497621536254883,1.2625370025634766,0.019058015197515488,84,1.4159869113351003e-05
2578,0.9934670925140381,0.006532907485961914,1.2742723226547241,0.019210301339626312,84,1.4159869113351003e-05
2579,0.9933237433433533,0.0066762566566467285,1.2714073657989502,0.019323566928505898,84,1.4159869113351003e-05
2580,0.9934650659561157,0.006534934043884277,1.2717753648757935,0.019187338650226593,84,1.4159869113351003e-05
2581,0.9935789108276367,0.006421089172363281,1.279858112335205,0.019155459478497505,84,1.4159869113351003e-05
2582,0.9937018156051636,0.006298184394836426,1.2536847591400146,0.018772050738334656,84,1.4159869113351003e-05
2583,0.9935305118560791,0.0064694881439208984,1.2648050785064697,0.019052844494581223,84,1.4159869113351003e-05
2584,0.9934768676757812,0.00652313232421875,1.2711155414581299,0.01916905678808689,84,1.4159869113351003e-05
2585,0.9936890006065369,0.006310999393463135,1.2727811336517334,0.018975701183080673,84,1.4159869113351003e-05
2586,0.9938937425613403,0.006106257438659668,1.2566150426864624,0.018611345440149307,84,1.4159869113351003e-05
2587,0.9934036135673523,0.006596386432647705,1.272923469543457,0.019259657710790634,84,1.4159869113351003e-05
2588,0.9935758113861084,0.0064241886138916016,1.2648241519927979,0.01900818943977356,84,1.4159869113351003e-05
2589,0.9934450387954712,0.006554961204528809,1.2613139152526855,0.0191025510430336,84,1.4159869113351003e-05
2590,0.9935583472251892,0.006441652774810791,1.262686848640442,0.019004104658961296,84,1.4159869113351003e-05
2591,0.9935207962989807,0.006479203701019287,1.2629151344299316,0.019043562933802605,84,1.4159869113351003e-05
2592,0.993367612361908,0.006632387638092041,1.2622768878936768,0.019188832491636276,84,1.4159869113351003e-05
2593,0.9934086203575134,0.006591379642486572,1.2641491889953613,0.019166957587003708,84,1.4159869113351003e-05
2594,0.9933948516845703,0.0066051483154296875,1.258379340171814,0.019122891128063202,84,1.4159869113351003e-05
2595,0.9934887886047363,0.006511211395263672,1.2641041278839111,0.019087139517068863,84,1.4159869113351003e-05
2596,0.9935436844825745,0.006456315517425537,1.2616467475891113,0.019008219242095947,84,1.4159869113351003e-05
2597,0.9934696555137634,0.006530344486236572,1.2590229511260986,0.01905526965856552,84,1.4159869113351003e-05
2598,0.993417501449585,0.006582498550415039,1.2612957954406738,0.01912963017821312,84,1.4159869113351003e-05
2599,0.9933267831802368,0.006673216819763184,1.2603520154953003,0.019210003316402435,84,1.4159869113351003e-05
2600,0.9935789704322815,0.006421029567718506,1.2473299503326416,0.01883011870086193,84,1.4159869113351003e-05
2601,0.9934167861938477,0.006583213806152344,1.2737122774124146,0.019254503771662712,84,1.4159869113351003e-05
2602,0.9936791658401489,0.006320834159851074,1.2654123306274414,0.018911749124526978,84,1.4159869113351003e-05
2603,0.9934169054031372,0.006583094596862793,1.2676458358764648,0.019193721935153008,84,1.4159869113351003e-05
2604,0.9935783743858337,0.00642162561416626,1.2566403150558472,0.018923811614513397,85,1.3451875657683452e-05
2605,0.9936209917068481,0.0063790082931518555,1.2525498867034912,0.018840717151761055,85,1.3451875657683452e-05
2606,0.9936411380767822,0.0063588619232177734,1.2648930549621582,0.018944203853607178,85,1.3451875657683452e-05
2607,0.993349015712738,0.006650984287261963,1.2589445114135742,0.019173918291926384,85,1.3451875657683452e-05
2608,0.9936011433601379,0.0063988566398620605,1.2646409273147583,0.01898127794265747,85,1.3451875657683452e-05
2609,0.9934600591659546,0.00653994083404541,1.2800579071044922,0.01927512139081955,85,1.3451875657683452e-05
2610,0.9933929443359375,0.0066070556640625,1.2673313617706299,0.019214298576116562,85,1.3451875657683452e-05
2611,0.9936533570289612,0.006346642971038818,1.266593337059021,0.018949110060930252,85,1.3451875657683452e-05
2612,0.9932673573493958,0.006732642650604248,1.2671632766723633,0.019336950033903122,85,1.3451875657683452e-05
2613,0.9935991168022156,0.006400883197784424,1.268433690071106,0.019021211192011833,85,1.3451875657683452e-05
2614,0.9935979843139648,0.006402015686035156,1.2500900030136108,0.018838895484805107,85,1.3451875657683452e-05
2615,0.9935977458953857,0.006402254104614258,1.2633755207061768,0.018971987068653107,85,1.3451875657683452e-05
2616,0.993581235408783,0.006418764591217041,1.2617456912994385,0.018972033634781837,85,1.3451875657683452e-05
2617,0.9936701655387878,0.006329834461212158,1.2473348379135132,0.018739884719252586,85,1.3451875657683452e-05
2618,0.9937343597412109,0.0062656402587890625,1.2583376169204712,0.018786359578371048,85,1.3451875657683452e-05
2619,0.9933933615684509,0.006606638431549072,1.2780851125717163,0.019321423023939133,85,1.3451875657683452e-05
2620,0.9935092926025391,0.0064907073974609375,1.2626725435256958,0.019052525982260704,85,1.3451875657683452e-05
2621,0.9934937953948975,0.006506204605102539,1.2604365348815918,0.019045507535338402,85,1.3451875657683452e-05
2622,0.9934719204902649,0.006528079509735107,1.2683314085006714,0.019146112725138664,85,1.3451875657683452e-05
2623,0.9934587478637695,0.006541252136230469,1.267637014389038,0.019152209162712097,85,1.3451875657683452e-05
2624,0.9935005903244019,0.0064994096755981445,1.2574260234832764,0.01900867559015751,85,1.3451875657683452e-05
2625,0.99357670545578,0.006423294544219971,1.2693239450454712,0.019052300602197647,85,1.3451875657683452e-05
2626,0.993289053440094,0.006710946559906006,1.2681816816329956,0.019325654953718185,85,1.3451875657683452e-05
2627,0.9934799075126648,0.006520092487335205,1.2632912397384644,0.01908780261874199,85,1.3451875657683452e-05
2628,0.9935131669044495,0.006486833095550537,1.2601900100708008,0.019023865461349487,85,1.3451875657683452e-05
2629,0.9936060309410095,0.0063939690589904785,1.2508964538574219,0.018838994204998016,85,1.3451875657683452e-05
2630,0.9934346675872803,0.0065653324127197266,1.266224980354309,0.019161928445100784,85,1.3451875657683452e-05
2631,0.9934375286102295,0.006562471389770508,1.276840090751648,0.019265247508883476,85,1.3451875657683452e-05
2632,0.993482768535614,0.006517231464385986,1.2608211040496826,0.019060268998146057,85,1.3451875657683452e-05
2633,0.9935347437858582,0.006465256214141846,1.2657376527786255,0.019057979807257652,85,1.3451875657683452e-05
2634,0.9933795928955078,0.0066204071044921875,1.2751375436782837,0.019305579364299774,85,1.3451875657683452e-05
2635,0.9936781525611877,0.006321847438812256,1.2576733827590942,0.018835362046957016,86,1.277928187479928e-05
2636,0.993663489818573,0.006336510181427002,1.2582550048828125,0.01885569468140602,86,1.277928187479928e-05
2637,0.9934602975845337,0.006539702415466309,1.275550365447998,0.019229808822274208,86,1.277928187479928e-05
2638,0.9934255480766296,0.006574451923370361,1.2569209337234497,0.01907791569828987,86,1.277928187479928e-05
2639,0.9933645129203796,0.006635487079620361,1.2659788131713867,0.019228920340538025,86,1.277928187479928e-05
2640,0.9936056733131409,0.006394326686859131,1.2532708644866943,0.018863091245293617,86,1.277928187479928e-05
2641,0.9933528304100037,0.006647169589996338,1.2621994018554688,0.019202692434191704,86,1.277928187479928e-05
2642,0.9936711192131042,0.006328880786895752,1.2478811740875244,0.01874440349638462,86,1.277928187479928e-05
2643,0.9934790730476379,0.0065209269523620605,1.262526035308838,0.019080977886915207,86,1.277928187479928e-05
2644,0.9932514429092407,0.006748557090759277,1.2820926904678345,0.019501999020576477,86,1.277928187479928e-05
2645,0.9936162233352661,0.006383776664733887,1.2656888961791992,0.018976828083395958,86,1.277928187479928e-05
2646,0.9936786890029907,0.006321310997009277,1.2493202686309814,0.018751300871372223,86,1.277928187479928e-05
2647,0.9936354756355286,0.0063645243644714355,1.26642644405365,0.018965143710374832,86,1.277928187479928e-05
2648,0.9933224320411682,0.006677567958831787,1.2712717056274414,0.01932350918650627,86,1.277928187479928e-05
2649,0.9936382174491882,0.006361782550811768,1.2619314193725586,0.018917478621006012,86,1.277928187479928e-05
2650,0.9934316277503967,0.0065683722496032715,1.2570526599884033,0.019073214381933212,86,1.277928187479928e-05
2651,0.9934656023979187,0.006534397602081299,1.2677496671676636,0.019146550446748734,86,1.277928187479928e-05
2652,0.9937024712562561,0.0062975287437438965,1.2659173011779785,0.01889372617006302,86,1.277928187479928e-05
2653,0.9935745596885681,0.006425440311431885,1.2723175287246704,0.01908436045050621,86,1.277928187479928e-05
2654,0.9935659170150757,0.006434082984924316,1.264586091041565,0.0190156027674675,86,1.277928187479928e-05
2655,0.9933823943138123,0.006617605686187744,1.2701499462127686,0.019252929836511612,86,1.277928187479928e-05
2656,0.9935342073440552,0.006465792655944824,1.2552907466888428,0.018954042345285416,86,1.277928187479928e-05
2657,0.9935353994369507,0.006464600563049316,1.275242567062378,0.019152380526065826,86,1.277928187479928e-05
2658,0.9935122728347778,0.006487727165222168,1.258166790008545,0.019004518166184425,86,1.277928187479928e-05
2659,0.9934207201004028,0.006579279899597168,1.2569434642791748,0.019082920625805855,86,1.277928187479928e-05
2660,0.9934213161468506,0.006578683853149414,1.2636985778808594,0.019149882718920708,86,1.277928187479928e-05
2661,0.9935581684112549,0.006441831588745117,1.262942910194397,0.019006842747330666,86,1.277928187479928e-05
2662,0.9935108423233032,0.006489157676696777,1.2705684900283813,0.019129950553178787,86,1.277928187479928e-05
2663,0.9935885071754456,0.006411492824554443,1.259317398071289,0.018940551206469536,86,1.277928187479928e-05
2664,0.9933455586433411,0.0066544413566589355,1.2659592628479004,0.01924748905003071,86,1.277928187479928e-05
2665,0.9936830997467041,0.0063169002532958984,1.2694319486618042,0.01894805021584034,86,1.277928187479928e-05
2666,0.993267834186554,0.006732165813446045,1.2712030410766602,0.01937687397003174,87,1.2140317781059316e-05
2667,0.9934636950492859,0.006536304950714111,1.2662949562072754,0.01913389191031456,87,1.2140317781059316e-05
2668,0.993506133556366,0.006493866443634033,1.266800045967102,0.01909692771732807,87,1.2140317781059316e-05
2669,0.9935145378112793,0.006485462188720703,1.2637643814086914,0.01905824989080429,87,1.2140317781059316e-05
2670,0.9932795166969299,0.006720483303070068,1.2624579668045044,0.01927785761654377,87,1.2140317781059316e-05
2671,0.9934220910072327,0.006577908992767334,1.267723798751831,0.019189367070794106,87,1.2140317781059316e-05
2672,0.9936990141868591,0.006300985813140869,1.2507261037826538,0.018745236098766327,87,1.2140317781059316e-05
2673,0.9934629797935486,0.006537020206451416,1.2684773206710815,0.019156422466039658,87,1.2140317781059316e-05
2674,0.9935104250907898,0.006489574909210205,1.2572243213653564,0.01899692229926586,87,1.2140317781059316e-05
2675,0.9936871528625488,0.006312847137451172,1.2650245428085327,0.018899964168667793,87,1.2140317781059316e-05
2676,0.993632435798645,0.0063675642013549805,1.255815863609314,0.0188620463013649,87,1.2140317781059316e-05
2677,0.9935860633850098,0.006413936614990234,1.2656699419021606,0.01900649629533291,87,1.2140317781059316e-05
2678,0.9933412075042725,0.006658792495727539,1.26009202003479,0.019193124026060104,87,1.2140317781059316e-05
2679,0.9935877919197083,0.006412208080291748,1.2644459009170532,0.01899254508316517,87,1.2140317781059316e-05
2680,0.9935693144798279,0.006430685520172119,1.2669059038162231,0.01903543621301651,87,1.2140317781059316e-05
2681,0.9934818744659424,0.006518125534057617,1.2643972635269165,0.019096916541457176,87,1.2140317781059316e-05
2682,0.9936174750328064,0.0063825249671936035,1.2645399570465088,0.018964098766446114,87,1.2140317781059316e-05
2683,0.9937050938606262,0.006294906139373779,1.2550952434539795,0.018782909959554672,87,1.2140317781059316e-05
2684,0.9935781359672546,0.006421864032745361,1.2531683444976807,0.018889328464865685,87,1.2140317781059316e-05
2685,0.9935657978057861,0.006434202194213867,1.2725419998168945,0.019095279276371002,87,1.2140317781059316e-05
2686,0.9936121106147766,0.006387889385223389,1.2624425888061523,0.01894843578338623,87,1.2140317781059316e-05
2687,0.9935301542282104,0.006469845771789551,1.2679603099822998,0.0190847497433424,87,1.2140317781059316e-05
2688,0.9935384392738342,0.0064615607261657715,1.2563774585723877,0.01896071992814541,87,1.2140317781059316e-05
2689,0.9935959577560425,0.0064040422439575195,1.2604807615280151,0.018944809213280678,87,1.2140317781059316e-05
2690,0.9932993650436401,0.006700634956359863,1.2737112045288086,0.01937074027955532,87,1.2140317781059316e-05
2691,0.993804931640625,0.006195068359375,1.2593224048614502,0.018726341426372528,87,1.2140317781059316e-05
2692,0.993457019329071,0.006542980670928955,1.259033441543579,0.019067885354161263,87,1.2140317781059316e-05
2693,0.9935064911842346,0.006493508815765381,1.2691248655319214,0.01911982148885727,87,1.2140317781059316e-05
2694,0.9934023022651672,0.006597697734832764,1.2746872901916504,0.019278593361377716,87,1.2140317781059316e-05
2695,0.9935209155082703,0.006479084491729736,1.2667678594589233,0.019081972539424896,87,1.2140317781059316e-05
2696,0.9933072924613953,0.006692707538604736,1.2589317560195923,0.019215097650885582,87,1.2140317781059316e-05
2697,0.9936702847480774,0.006329715251922607,1.2710908651351929,0.018977327272295952,88,1.153330189200635e-05
2698,0.9934417605400085,0.006558239459991455,1.2626675367355347,0.01911933161318302,88,1.153330189200635e-05
2699,0.9935824275016785,0.006417572498321533,1.2596361637115479,0.018949758261442184,88,1.153330189200635e-05
2700,0.9934344291687012,0.006565570831298828,1.2757461071014404,0.019257375970482826,88,1.153330189200635e-05
2701,0.9936252236366272,0.006374776363372803,1.2568565607070923,0.018879594281315804,88,1.153330189200635e-05
2702,0.9933792352676392,0.00662076473236084,1.2568427324295044,0.019122984260320663,88,1.153330189200635e-05
2703,0.9934667944908142,0.006533205509185791,1.263718605041504,0.019105060026049614,88,1.153330189200635e-05
2704,0.9933367967605591,0.006663203239440918,1.2620600461959839,0.019217170774936676,88,1.153330189200635e-05
2705,0.9934215545654297,0.0065784454345703125,1.2750542163848877,0.01926320232450962,88,1.153330189200635e-05
2706,0.9936108589172363,0.006389141082763672,1.265562891960144,0.018980879336595535,88,1.153330189200635e-05
2707,0.9935764670372009,0.006423532962799072,1.2611809968948364,0.01897110790014267,88,1.153330189200635e-05
2708,0.9936555624008179,0.006344437599182129,1.2502583265304565,0.018783576786518097,88,1.153330189200635e-05
2709,0.9935230612754822,0.006476938724517822,1.258250117301941,0.01899467036128044,88,1.153330189200635e-05
2710,0.9933731555938721,0.00662684440612793,1.2667192220687866,0.0192277692258358,88,1.153330189200635e-05
2711,0.9937276840209961,0.006272315979003906,1.2510006427764893,0.018719598650932312,88,1.153330189200635e-05
2712,0.9935307502746582,0.006469249725341797,1.2688045501708984,0.019092602655291557,88,1.153330189200635e-05
2713,0.993597149848938,0.006402850151062012,1.2704572677612305,0.019043393433094025,88,1.153330189200635e-05
2714,0.9934826493263245,0.006517350673675537,1.2567932605743408,0.019020110368728638,88,1.153330189200635e-05
2715,0.9935269951820374,0.0064730048179626465,1.2658421993255615,0.019066696986556053,88,1.153330189200635e-05
2716,0.9935136437416077,0.006486356258392334,1.2688188552856445,0.019109681248664856,88,1.153330189200635e-05
2717,0.9934269785881042,0.006573021411895752,1.2621848583221436,0.019129138439893723,88,1.153330189200635e-05
2718,0.9935621619224548,0.006437838077545166,1.2569936513900757,0.01894339546561241,88,1.153330189200635e-05
2719,0.9936618804931641,0.0063381195068359375,1.261776089668274,0.018892498686909676,88,1.153330189200635e-05
2720,0.9935051798820496,0.0064948201179504395,1.2591845989227295,0.019021717831492424,88,1.153330189200635e-05
2721,0.9934744834899902,0.006525516510009766,1.2514982223510742,0.018975242972373962,88,1.153330189200635e-05
2722,0.9933260679244995,0.006673932075500488,1.2747079133987427,0.01935427263379097,88,1.153330189200635e-05
2723,0.9935338497161865,0.0064661502838134766,1.2628146409988403,0.019029635936021805,88,1.153330189200635e-05
2724,0.9937533140182495,0.006246685981750488,1.253718376159668,0.018721401691436768,88,1.153330189200635e-05
2725,0.9935193657875061,0.0064806342124938965,1.2784574031829834,0.0192004032433033,88,1.153330189200635e-05
2726,0.9934267997741699,0.006573200225830078,1.2627027034759521,0.01913449540734291,88,1.153330189200635e-05
2727,0.9935342669487,0.006465733051300049,1.2804151773452759,0.019205227494239807,88,1.153330189200635e-05
2728,0.9935383796691895,0.006461620330810547,1.2637139558792114,0.019034143537282944,89,1.0956636797406032e-05
2729,0.9935089349746704,0.00649106502532959,1.26394522190094,0.019065607339143753,89,1.0956636797406032e-05
2730,0.9933768510818481,0.0066231489181518555,1.2651665210723877,0.019208582118153572,89,1.0956636797406032e-05
2731,0.993645429611206,0.006354570388793945,1.2559627294540405,0.018850652500987053,89,1.0956636797406032e-05
2732,0.9933962225914001,0.0066037774085998535,1.271466851234436,0.019252408295869827,89,1.0956636797406032e-05
2733,0.9935896992683411,0.0064103007316589355,1.2469455003738403,0.018815651535987854,89,1.0956636797406032e-05
2734,0.9935753345489502,0.006424665451049805,1.2623058557510376,0.018983477726578712,89,1.0956636797406032e-05
2735,0.9935178756713867,0.006482124328613281,1.267052412033081,0.01908782683312893,89,1.0956636797406032e-05
2736,0.9934091567993164,0.006590843200683594,1.26712965965271,0.01919623091816902,89,1.0956636797406032e-05
2737,0.9936442971229553,0.006355702877044678,1.276397466659546,0.01905611902475357,89,1.0956636797406032e-05
2738,0.9934539794921875,0.0065460205078125,1.2751202583312988,0.01923176273703575,89,1.0956636797406032e-05
2739,0.9936342835426331,0.006365716457366943,1.2613381147384644,0.018915440887212753,89,1.0956636797406032e-05
2740,0.9934766292572021,0.0065233707427978516,1.2481178045272827,0.018939316272735596,89,1.0956636797406032e-05
2741,0.9935348033905029,0.00646519660949707,1.2624367475509644,0.019024912267923355,89,1.0956636797406032e-05
2742,0.9936167001724243,0.006383299827575684,1.2720638513565063,0.019040104001760483,89,1.0956636797406032e-05
2743,0.9935188293457031,0.006481170654296875,1.2774553298950195,0.019190911203622818,89,1.0956636797406032e-05
2744,0.9936580061912537,0.006341993808746338,1.261523962020874,0.018893813714385033,89,1.0956636797406032e-05
2745,0.9937693476676941,0.006230652332305908,1.2587368488311768,0.0187557153403759,89,1.0956636797406032e-05
2746,0.9935207962989807,0.006479203701019287,1.2628979682922363,0.019043389707803726,89,1.0956636797406032e-05
2747,0.993436336517334,0.006563663482666016,1.2656736373901367,0.019154762849211693,89,1.0956636797406032e-05
2748,0.9933392405509949,0.006660759449005127,1.2577555179595947,0.019171707332134247,89,1.0956636797406032e-05
2749,0.9935441017150879,0.006455898284912109,1.2542980909347534,0.01893432065844536,89,1.0956636797406032e-05
2750,0.9935881495475769,0.006411850452423096,1.2589819431304932,0.018937550485134125,89,1.0956636797406032e-05
2751,0.9936016798019409,0.006398320198059082,1.2630870342254639,0.018965207040309906,89,1.0956636797406032e-05
2752,0.9934130311012268,0.006586968898773193,1.2548847198486328,0.01906994730234146,89,1.0956636797406032e-05
2753,0.993550717830658,0.006449282169342041,1.2572414875030518,0.01895720325410366,89,1.0956636797406032e-05
2754,0.9934685230255127,0.006531476974487305,1.263230562210083,0.019098468124866486,89,1.0956636797406032e-05
2755,0.993442177772522,0.006557822227478027,1.266732096672058,0.01915956474840641,89,1.0956636797406032e-05
2756,0.9934148788452148,0.006585121154785156,1.2703418731689453,0.019222687929868698,89,1.0956636797406032e-05
2757,0.9936304092407227,0.006369590759277344,1.2673789262771606,0.01897968351840973,89,1.0956636797406032e-05
2758,0.993437647819519,0.006562352180480957,1.2683377265930176,0.01918010599911213,89,1.0956636797406032e-05
2759,0.9936547875404358,0.006345212459564209,1.2489261627197266,0.01877102255821228,90,1.0408804957535729e-05
2760,0.9935627579689026,0.006437242031097412,1.2640690803527832,0.019013559445738792,90,1.0408804957535729e-05
2761,0.9935285449028015,0.006471455097198486,1.267961025238037,0.019086351618170738,90,1.0408804957535729e-05
2762,0.9934440851211548,0.006555914878845215,1.2646232843399048,0.019136589020490646,90,1.0408804957535729e-05
2763,0.9933894872665405,0.006610512733459473,1.2708978652954102,0.019253386184573174,90,1.0408804957535729e-05
2764,0.9936037659645081,0.006396234035491943,1.2577416896820068,0.018909689038991928,90,1.0408804957535729e-05
2765,0.9935888051986694,0.006411194801330566,1.2651864290237427,0.018998946994543076,90,1.0408804957535729e-05
2766,0.9935857057571411,0.006414294242858887,1.269152045249939,0.019041672348976135,90,1.0408804957535729e-05
2767,0.9933401346206665,0.006659865379333496,1.2732716798782349,0.01932598277926445,90,1.0408804957535729e-05
2768,0.9934840798377991,0.006515920162200928,1.2633081674575806,0.019083842635154724,90,1.0408804957535729e-05
2769,0.9936211109161377,0.006378889083862305,1.2578953504562378,0.018894053995609283,90,1.0408804957535729e-05
2770,0.9935957789421082,0.006404221057891846,1.2628107070922852,0.018968285992741585,90,1.0408804957535729e-05
2771,0.9933202862739563,0.006679713726043701,1.2766579389572144,0.019379496574401855,90,1.0408804957535729e-05
2772,0.9934425950050354,0.0065574049949646,1.263393521308899,0.019125765189528465,90,1.0408804957535729e-05
2773,0.9934545755386353,0.006545424461364746,1.2447959184646606,0.018927928060293198,90,1.0408804957535729e-05
2774,0.9935200810432434,0.006479918956756592,1.26311194896698,0.01904623955488205,90,1.0408804957535729e-05
2775,0.993709146976471,0.006290853023529053,1.2604823112487793,0.018832767382264137,90,1.0408804957535729e-05
2776,0.9936057329177856,0.0063942670822143555,1.2601886987686157,0.01893221214413643,90,1.0408804957535729e-05
2777,0.9935315847396851,0.006468415260314941,1.265284776687622,0.01905657909810543,90,1.0408804957535729e-05
2778,0.9934651851654053,0.0065348148345947266,1.2650320529937744,0.019119787961244583,90,1.0408804957535729e-05
2779,0.9934719204902649,0.006528079509735107,1.264033317565918,0.01910313218832016,90,1.0408804957535729e-05
2780,0.9937825798988342,0.0062174201011657715,1.2557969093322754,0.01871321350336075,90,1.0408804957535729e-05
2781,0.9935370087623596,0.006462991237640381,1.259110927581787,0.01898946985602379,90,1.0408804957535729e-05
2782,0.9935357570648193,0.006464242935180664,1.2781492471694946,0.01918109320104122,90,1.0408804957535729e-05
2783,0.9934697151184082,0.006530284881591797,1.263601541519165,0.01910099759697914,90,1.0408804957535729e-05
2784,0.9935898184776306,0.006410181522369385,1.2736599445343018,0.019082678481936455,90,1.0408804957535729e-05
2785,0.9934201240539551,0.006579875946044922,1.267284870147705,0.019186925143003464,90,1.0408804957535729e-05
2786,0.9934797883033752,0.006520211696624756,1.2607204914093018,0.019062213599681854,90,1.0408804957535729e-05
2787,0.9934406876564026,0.006559312343597412,1.261881947517395,0.019112538546323776,90,1.0408804957535729e-05
2788,0.9936554431915283,0.00634455680847168,1.2546193599700928,0.018827304244041443,90,1.0408804957535729e-05
2789,0.9934989809989929,0.00650101900100708,1.2614954710006714,0.0190509632229805,90,1.0408804957535729e-05
2790,0.9933119416236877,0.006688058376312256,1.2691013813018799,0.019312191754579544,91,9.888364709658941e-06
2791,0.9935176968574524,0.006482303142547607,1.2591789960861206,0.019009269773960114,91,9.888364709658941e-06
2792,0.9933800101280212,0.00661998987197876,1.2688320875167847,0.01924210973083973,91,9.888364709658941e-06
2793,0.9934937357902527,0.0065062642097473145,1.26845383644104,0.019125739112496376,91,9.888364709658941e-06
2794,0.993294358253479,0.006705641746520996,1.2701939344406128,0.019340524449944496,91,9.888364709658941e-06
2795,0.9934261441230774,0.006573855876922607,1.2698235511779785,0.019206352531909943,91,9.888364709658941e-06
2796,0.9936447143554688,0.00635528564453125,1.2425378561019897,0.01871711015701294,91,9.888364709658941e-06
2797,0.9937245845794678,0.0062754154205322266,1.2674064636230469,0.01888672634959221,91,9.888364709658941e-06
2798,0.9935265183448792,0.00647348165512085,1.2746403217315674,0.019155150279402733,91,9.888364709658941e-06
2799,0.9933706521987915,0.006629347801208496,1.2790127992630005,0.01935318112373352,91,9.888364709658941e-06
2800,0.9935291409492493,0.006470859050750732,1.267019510269165,0.01907634548842907,91,9.888364709658941e-06
2801,0.9935683012008667,0.006431698799133301,1.2662047147750854,0.01902942731976509,91,9.888364709658941e-06
2802,0.9934061169624329,0.006593883037567139,1.259941577911377,0.019127359613776207,91,9.888364709658941e-06
2803,0.99355548620224,0.00644451379776001,1.261178731918335,0.018991855904459953,91,9.888364709658941e-06
2804,0.9938428401947021,0.0061571598052978516,1.2541372776031494,0.01863696053624153,91,9.888364709658941e-06
2805,0.9934831857681274,0.006516814231872559,1.2661455869674683,0.019113101065158844,91,9.888364709658941e-06
2806,0.9936108589172363,0.006389141082763672,1.258931279182434,0.018914561718702316,91,9.888364709658941e-06
2807,0.993565022945404,0.006434977054595947,1.2627507448196411,0.01899813488125801,91,9.888364709658941e-06
2808,0.993492841720581,0.006507158279418945,1.2589274644851685,0.019031360745429993,91,9.888364709658941e-06
2809,0.9935833215713501,0.006416678428649902,1.2562960386276245,0.01891547255218029,91,9.888364709658941e-06
2810,0.9936379790306091,0.006362020969390869,1.2509169578552246,0.01880756951868534,91,9.888364709658941e-06
2811,0.993654727935791,0.006345272064208984,1.2580409049987793,0.018862228840589523,91,9.888364709658941e-06
2812,0.993463933467865,0.00653606653213501,1.2747621536254883,0.01921832747757435,91,9.888364709658941e-06
2813,0.9936522245407104,0.006347775459289551,1.2659361362457275,0.018943658098578453,91,9.888364709658941e-06
2814,0.9933264255523682,0.006673574447631836,1.273818850517273,0.019345026463270187,91,9.888364709658941e-06
2815,0.9936874508857727,0.006312549114227295,1.257350206375122,0.0188229251652956,91,9.888364709658941e-06
2816,0.9934605360031128,0.006539463996887207,1.2485038042068481,0.018959106877446175,91,9.888364709658941e-06
2817,0.9934355020523071,0.006564497947692871,1.260964274406433,0.019108494743704796,91,9.888364709658941e-06
2818,0.9936801791191101,0.006319820880889893,1.257910132408142,0.018835723400115967,91,9.888364709658941e-06
2819,0.993532121181488,0.006467878818511963,1.2715034484863281,0.019118234515190125,91,9.888364709658941e-06
2820,0.99344402551651,0.00655597448348999,1.2583861351013184,0.019074276089668274,91,9.888364709658941e-06
2821,0.9935063123703003,0.006493687629699707,1.2645410299301147,0.01907416060566902,92,9.393946474175994e-06
2822,0.9935051202774048,0.006494879722595215,1.2599210739135742,0.01902914047241211,92,9.393946474175994e-06
2823,0.993558943271637,0.006441056728363037,1.2615865468978882,0.018992511555552483,92,9.393946474175994e-06
2824,0.9936239719390869,0.006376028060913086,1.2624155282974243,0.01893642172217369,92,9.393946474175994e-06
2825,0.9936718344688416,0.006328165531158447,1.2471115589141846,0.01873599924147129,92,9.393946474175994e-06
2826,0.9935100674629211,0.006489932537078857,1.2642370462417603,0.01906740292906761,92,9.393946474175994e-06
2827,0.9936897158622742,0.00631028413772583,1.2576435804367065,0.018823616206645966,92,9.393946474175994e-06
2828,0.9935734272003174,0.006426572799682617,1.2542386054992676,0.01890469342470169,92,9.393946474175994e-06
2829,0.9935056567192078,0.006494343280792236,1.2712494134902954,0.019141893833875656,92,9.393946474175994e-06
2830,0.9935118556022644,0.006488144397735596,1.2640302181243896,0.019063565880060196,92,9.393946474175994e-06
2831,0.9936507344245911,0.0063492655754089355,1.263767957687378,0.018923452123999596,92,9.393946474175994e-06
2832,0.9934053421020508,0.006594657897949219,1.2688409090042114,0.019217120483517647,92,9.393946474175994e-06
2833,0.9935743808746338,0.006425619125366211,1.254428505897522,0.018905647099018097,92,9.393946474175994e-06
2834,0.9934516549110413,0.00654834508895874,1.2651475667953491,0.019134337082505226,92,9.393946474175994e-06
2835,0.9935085773468018,0.006491422653198242,1.2769843339920044,0.01919635199010372,92,9.393946474175994e-06
2836,0.9934847354888916,0.0065152645111083984,1.2652310132980347,0.019102420657873154,92,9.393946474175994e-06
2837,0.9935848116874695,0.006415188312530518,1.2580461502075195,0.018931496888399124,92,9.393946474175994e-06
2838,0.9934860467910767,0.00651395320892334,1.2679941654205322,0.01912875473499298,92,9.393946474175994e-06
2839,0.9933672547340393,0.006632745265960693,1.2712949514389038,0.019279366359114647,92,9.393946474175994e-06
2840,0.9937006235122681,0.006299376487731934,1.2655433416366577,0.018891815096139908,92,9.393946474175994e-06
2841,0.9936859011650085,0.006314098834991455,1.2535672187805176,0.018786629661917686,92,9.393946474175994e-06
2842,0.9935853481292725,0.006414651870727539,1.262802243232727,0.018978528678417206,92,9.393946474175994e-06
2843,0.9935277104377747,0.006472289562225342,1.2606536149978638,0.019014103338122368,92,9.393946474175994e-06
2844,0.9934000968933105,0.006599903106689453,1.2569915056228638,0.019103817641735077,92,9.393946474175994e-06
2845,0.993331789970398,0.006668210029602051,1.2664474248886108,0.019266001880168915,92,9.393946474175994e-06
2846,0.9932684898376465,0.006731510162353516,1.2823586463928223,0.019487781450152397,92,9.393946474175994e-06
2847,0.9935902953147888,0.006409704685211182,1.2475824356079102,0.018821431323885918,92,9.393946474175994e-06
2848,0.9934476613998413,0.006552338600158691,1.260843276977539,0.019095247611403465,92,9.393946474175994e-06
2849,0.9937382936477661,0.006261706352233887,1.2680400609970093,0.018879489973187447,92,9.393946474175994e-06
2850,0.9935610890388489,0.006438910961151123,1.267586588859558,0.019050387665629387,92,9.393946474175994e-06
2851,0.9933432340621948,0.006656765937805176,1.2716560363769531,0.019306758418679237,92,9.393946474175994e-06
2852,0.9934167861938477,0.006583213806152344,1.268682599067688,0.01920420676469803,93,8.924249150467194e-06
2853,0.9936558604240417,0.006344139575958252,1.2742072343826294,0.01902277022600174,93,8.924249150467194e-06
2854,0.9936366081237793,0.006363391876220703,1.2602736949920654,0.01890249364078045,93,8.924249150467194e-06
2855,0.9936544299125671,0.006345570087432861,1.2566661834716797,0.018848776817321777,93,8.924249150467194e-06
2856,0.9933211207389832,0.006678879261016846,1.2685834169387817,0.019297923892736435,93,8.924249150467194e-06
2857,0.993344247341156,0.006655752658843994,1.271496057510376,0.01930415630340576,93,8.924249150467194e-06
2858,0.9935843348503113,0.006415665149688721,1.2540850639343262,0.018892358988523483,93,8.924249150467194e-06
2859,0.9936769008636475,0.006323099136352539,1.2477577924728394,0.018737446516752243,93,8.924249150467194e-06
2860,0.9935747385025024,0.006425261497497559,1.2616169452667236,0.018977178260684013,93,8.924249150467194e-06
2861,0.9933735132217407,0.006626486778259277,1.2667691707611084,0.01922791264951229,93,8.924249150467194e-06
2862,0.9933528304100037,0.006647169589996338,1.2695308923721313,0.019276006147265434,93,8.924249150467194e-06
2863,0.993549644947052,0.006450355052947998,1.256324291229248,0.018949095159769058,93,8.924249150467194e-06
2864,0.9935052394866943,0.006494760513305664,1.2710413932800293,0.019140226766467094,93,8.924249150467194e-06
2865,0.9933295249938965,0.006670475006103516,1.276742696762085,0.019371196627616882,93,8.924249150467194e-06
2866,0.9935566782951355,0.006443321704864502,1.267483115196228,0.01905371993780136,93,8.924249150467194e-06
2867,0.9937034249305725,0.00629657506942749,1.2525001764297485,0.018758609890937805,93,8.924249150467194e-06
2868,0.9936156272888184,0.006384372711181641,1.2534916400909424,0.018855445086956024,93,8.924249150467194e-06
2869,0.9933172464370728,0.006682753562927246,1.257103443145752,0.0191869605332613,93,8.924249150467194e-06
2870,0.9935367703437805,0.006463229656219482,1.2614325284957886,0.019012922421097755,93,8.924249150467194e-06
2871,0.9936498999595642,0.006350100040435791,1.258787989616394,0.018874479457736015,93,8.924249150467194e-06
2872,0.9933899641036987,0.0066100358963012695,1.2817070484161377,0.01936100609600544,93,8.924249150467194e-06
2873,0.9934088587760925,0.006591141223907471,1.2595733404159546,0.0191209614276886,93,8.924249150467194e-06
2874,0.9936261177062988,0.006373882293701172,1.263966679573059,0.018949810415506363,93,8.924249150467194e-06
2875,0.9936286211013794,0.0063713788986206055,1.265682578086853,0.0189644917845726,93,8.924249150467194e-06
2876,0.9936424493789673,0.006357550621032715,1.2580134868621826,0.018874110653996468,93,8.924249150467194e-06
2877,0.9937924742698669,0.006207525730133057,1.2652504444122314,0.01879795454442501,93,8.924249150467194e-06
2878,0.9934805035591125,0.006519496440887451,1.2642630338668823,0.01909693144261837,93,8.924249150467194e-06
2879,0.9935328364372253,0.006467163562774658,1.2599284648895264,0.019001776352524757,93,8.924249150467194e-06
2880,0.9935449361801147,0.006455063819885254,1.267593502998352,0.019066447392106056,93,8.924249150467194e-06
2881,0.9934534430503845,0.0065465569496154785,1.252617597579956,0.01900726743042469,93,8.924249150467194e-06
2882,0.9936131238937378,0.006386876106262207,1.2649198770523071,0.018972204998135567,93,8.924249150467194e-06
2883,0.9935664534568787,0.006433546543121338,1.2644685506820679,0.019013896584510803,94,8.478036692943835e-06
2884,0.9935898780822754,0.006410121917724609,1.2660781145095825,0.019006801769137383,94,8.478036692943835e-06
2885,0.9935844540596008,0.00641554594039917,1.2664889097213745,0.01901627890765667,94,8.478036692943835e-06
2886,0.9934762120246887,0.006523787975311279,1.258070707321167,0.019039256498217583,94,8.478036692943835e-06
2887,0.9933632612228394,0.0066367387771606445,1.2656480073928833,0.01922685094177723,94,8.478036692943835e-06
2888,0.9935880899429321,0.006411910057067871,1.2680060863494873,0.01902785152196884,94,8.478036692943835e-06
2889,0.9936837553977966,0.006316244602203369,1.2595661878585815,0.01884874328970909,94,8.478036692943835e-06
2890,0.9935441613197327,0.006455838680267334,1.2612253427505493,0.019003532826900482,94,8.478036692943835e-06
2891,0.9936067461967468,0.006393253803253174,1.2449523210525513,0.0187788438051939,94,8.478036692943835e-06
2892,0.9934535026550293,0.006546497344970703,1.2606247663497925,0.019087279215455055,94,8.478036692943835e-06
2893,0.9935051202774048,0.006494879722595215,1.274599552154541,0.019175926223397255,94,8.478036692943835e-06
2894,0.9934778213500977,0.006522178649902344,1.2688179016113281,0.019145134836435318,94,8.478036692943835e-06
2895,0.9936482310295105,0.006351768970489502,1.263183832168579,0.018920090049505234,94,8.478036692943835e-06
2896,0.9935786724090576,0.006421327590942383,1.2604334354400635,0.018961448222398758,94,8.478036692943835e-06
2897,0.9933940172195435,0.006605982780456543,1.2643691301345825,0.01918361335992813,94,8.478036692943835e-06
2898,0.9935842752456665,0.006415724754333496,1.2497649192810059,0.018849216401576996,94,8.478036692943835e-06
2899,0.993411660194397,0.006588339805603027,1.2602906227111816,0.01912536285817623,94,8.478036692943835e-06
2900,0.9936389327049255,0.006361067295074463,1.2633488178253174,0.018930943682789803,94,8.478036692943835e-06
2901,0.9934645891189575,0.0065354108810424805,1.2520736455917358,0.018990792334079742,94,8.478036692943835e-06
2902,0.9934895038604736,0.006510496139526367,1.2639623880386353,0.01908501423895359,94,8.478036692943835e-06
2903,0.9933594465255737,0.0066405534744262695,1.273953914642334,0.019313687458634377,94,8.478036692943835e-06
2904,0.9935864210128784,0.006413578987121582,1.2521463632583618,0.01887090690433979,94,8.478036692943835e-06
2905,0.9935653805732727,0.006434619426727295,1.271953821182251,0.01908981055021286,94,8.478036692943835e-06
2906,0.9934613704681396,0.0065386295318603516,1.2649327516555786,0.019122570753097534,94,8.478036692943835e-06
2907,0.9935270547866821,0.006472945213317871,1.2563040256500244,0.01897125504910946,94,8.478036692943835e-06
2908,0.9935168027877808,0.006483197212219238,1.266371250152588,0.019082076847553253,94,8.478036692943835e-06
2909,0.9934871196746826,0.006512880325317383,1.264594554901123,0.019093696027994156,94,8.478036692943835e-06
2910,0.9934952855110168,0.006504714488983154,1.266989827156067,0.019109565764665604,94,8.478036692943835e-06
2911,0.9935270547866821,0.006472945213317871,1.273413896560669,0.019142353907227516,94,8.478036692943835e-06
2912,0.9938647150993347,0.006135284900665283,1.2673624753952026,0.01874755695462227,94,8.478036692943835e-06
2913,0.9935418963432312,0.006458103656768799,1.2626692056655884,0.019020214676856995,94,8.478036692943835e-06
2914,0.9937340021133423,0.006265997886657715,1.261765480041504,0.0188209917396307,95,8.054134858296643e-06
2915,0.9936040639877319,0.006395936012268066,1.2563941478729248,0.018895916640758514,95,8.054134858296643e-06
2916,0.9934911131858826,0.006508886814117432,1.267072081565857,0.01911451853811741,95,8.054134858296643e-06
2917,0.993687629699707,0.006312370300292969,1.2578983306884766,0.01882822997868061,95,8.054134858296643e-06
2918,0.9933727383613586,0.006627261638641357,1.2613677978515625,0.019174667075276375,95,8.054134858296643e-06
2919,0.993676483631134,0.006323516368865967,1.2576777935028076,0.018837058916687965,95,8.054134858296643e-06
2920,0.9936012029647827,0.006398797035217285,1.2630658149719238,0.0189654678106308,95,8.054134858296643e-06
2921,0.9936642050743103,0.006335794925689697,1.2587099075317383,0.018859535455703735,95,8.054134858296643e-06
2922,0.9936667680740356,0.0063332319259643555,1.2505452632904053,0.018775351345539093,95,8.054134858296643e-06
2923,0.9934473037719727,0.006552696228027344,1.2612602710723877,0.019099771976470947,95,8.054134858296643e-06
2924,0.9936267733573914,0.006373226642608643,1.2593660354614258,0.018903154879808426,95,8.054134858296643e-06
2925,0.9935368895530701,0.006463110446929932,1.2528256177902222,0.01892673596739769,95,8.054134858296643e-06
2926,0.9935937523841858,0.006406247615814209,1.2541236877441406,0.018883422017097473,95,8.054134858296643e-06
2927,0.9934027791023254,0.0065972208976745605,1.2691669464111328,0.019222918897867203,95,8.054134858296643e-06
2928,0.9935186505317688,0.006481349468231201,1.2623621225357056,0.01904015615582466,95,8.054134858296643e-06
2929,0.9935022592544556,0.006497740745544434,1.265965223312378,0.019092414528131485,95,8.054134858296643e-06
2930,0.993506669998169,0.006493330001831055,1.2588284015655518,0.019016681239008904,95,8.054134858296643e-06
2931,0.9935395121574402,0.0064604878425598145,1.265796184539795,0.01905384473502636,95,8.054134858296643e-06
2932,0.9937034249305725,0.00629657506942749,1.2695032358169556,0.018928641453385353,95,8.054134858296643e-06
2933,0.9936432242393494,0.006356775760650635,1.2577346563339233,0.018870554864406586,95,8.054134858296643e-06
2934,0.9933821558952332,0.006617844104766846,1.2671606540679932,0.019223272800445557,95,8.054134858296643e-06
2935,0.9934893250465393,0.006510674953460693,1.2695344686508179,0.01914091221988201,95,8.054134858296643e-06
2936,0.9933891296386719,0.006610870361328125,1.2685390710830688,0.019230151548981667,95,8.054134858296643e-06
2937,0.9936559200286865,0.0063440799713134766,1.2588083744049072,0.018868722021579742,95,8.054134858296643e-06
2938,0.9932393431663513,0.006760656833648682,1.276969313621521,0.019462741911411285,95,8.054134858296643e-06
2939,0.9934456944465637,0.006554305553436279,1.2730077505111694,0.019218839704990387,95,8.054134858296643e-06
2940,0.9935417771339417,0.00645822286605835,1.2736964225769043,0.019130604341626167,95,8.054134858296643e-06
2941,0.9935005903244019,0.0064994096755981445,1.269325852394104,0.019127674400806427,95,8.054134858296643e-06
2942,0.9934740662574768,0.006525933742523193,1.2690765857696533,0.019151439890265465,95,8.054134858296643e-06
2943,0.9934704899787903,0.006529510021209717,1.2611820697784424,0.019076034426689148,95,8.054134858296643e-06
2944,0.9934864640235901,0.006513535976409912,1.258256435394287,0.019030964002013206,95,8.054134858296643e-06
2945,0.9934230446815491,0.006576955318450928,1.2621952295303345,0.01913313753902912,96,7.65142811538181e-06
2946,0.993434488773346,0.006565511226654053,1.2726160287857056,0.019226016476750374,96,7.65142811538181e-06
2947,0.9934766292572021,0.0065233707427978516,1.2652766704559326,0.01911090314388275,96,7.65142811538181e-06
2948,0.9936407804489136,0.006359219551086426,1.2624112367630005,0.01891973987221718,96,7.65142811538181e-06
2949,0.9933528900146484,0.0066471099853515625,1.2655059099197388,0.019235698506236076,96,7.65142811538181e-06
2950,0.9935866594314575,0.0064133405685424805,1.2601338624954224,0.01895054616034031,96,7.65142811538181e-06
2951,0.9934519529342651,0.006548047065734863,1.2788164615631104,0.019270731136202812,96,7.65142811538181e-06
2952,0.9934656023979187,0.006534397602081299,1.269538164138794,0.01916443556547165,96,7.65142811538181e-06
2953,0.9934954047203064,0.0065045952796936035,1.2558882236480713,0.01899843104183674,96,7.65142811538181e-06
2954,0.993545651435852,0.006454348564147949,1.2587779760360718,0.018977584317326546,96,7.65142811538181e-06
2955,0.9937394261360168,0.006260573863983154,1.2656100988388062,0.018854068592190742,96,7.65142811538181e-06
2956,0.9935199022293091,0.006480097770690918,1.2594046592712402,0.019009342417120934,96,7.65142811538181e-06
2957,0.9935145378112793,0.006485462188720703,1.2551288604736328,0.018971895799040794,96,7.65142811538181e-06
2958,0.993449866771698,0.006550133228302002,1.2670165300369263,0.01915479637682438,96,7.65142811538181e-06
2959,0.9935776591300964,0.0064223408699035645,1.264283299446106,0.0190009493380785,96,7.65142811538181e-06
2960,0.9936102032661438,0.006389796733856201,1.2366647720336914,0.01869254559278488,96,7.65142811538181e-06
2961,0.9936043620109558,0.0063956379890441895,1.264168381690979,0.018973365426063538,96,7.65142811538181e-06
2962,0.9936085939407349,0.006391406059265137,1.259781837463379,0.01892530918121338,96,7.65142811538181e-06
2963,0.9936090111732483,0.006390988826751709,1.2666015625,0.018993094563484192,96,7.65142811538181e-06
2964,0.9935591816902161,0.0064408183097839355,1.2695683240890503,0.019072093069553375,96,7.65142811538181e-06
2965,0.9935605525970459,0.0064394474029541016,1.2641180753707886,0.01901623234152794,96,7.65142811538181e-06
2966,0.9935026168823242,0.006497383117675781,1.2683310508728027,0.019115719944238663,96,7.65142811538181e-06
2967,0.9935141801834106,0.0064858198165893555,1.2632726430892944,0.019053686410188675,96,7.65142811538181e-06
2968,0.9935263991355896,0.0064736008644104,1.2664371728897095,0.019073236733675003,96,7.65142811538181e-06
2969,0.9936895966529846,0.006310403347015381,1.2435619831085205,0.018682919442653656,96,7.65142811538181e-06
2970,0.9935448169708252,0.006455183029174805,1.257627248764038,0.018966902047395706,96,7.65142811538181e-06
2971,0.9935133457183838,0.006486654281616211,1.2679262161254883,0.01910104975104332,96,7.65142811538181e-06
2972,0.9934303760528564,0.006569623947143555,1.2589688301086426,0.01909361593425274,96,7.65142811538181e-06
2973,0.9935446381568909,0.006455361843109131,1.2642594575881958,0.01903340220451355,96,7.65142811538181e-06
2974,0.9935862421989441,0.006413757801055908,1.267782211303711,0.01902744174003601,96,7.65142811538181e-06
2975,0.9935970306396484,0.0064029693603515625,1.2749297618865967,0.01908823661506176,96,7.65142811538181e-06
2976,0.9935601949691772,0.006439805030822754,1.2536181211471558,0.018911588937044144,97,7.26885670961272e-06
2977,0.9935976266860962,0.006402373313903809,1.2639503479003906,0.018977852538228035,97,7.26885670961272e-06
2978,0.9936673641204834,0.0063326358795166016,1.259637475013733,0.018865684047341347,97,7.26885670961272e-06
2979,0.9935446977615356,0.0064553022384643555,1.2597613334655762,0.018988363444805145,97,7.26885670961272e-06
2980,0.993592381477356,0.006407618522644043,1.2576786279678345,0.018920328468084335,97,7.26885670961272e-06
2981,0.9935978651046753,0.006402134895324707,1.2574832439422607,0.018912944942712784,97,7.26885670961272e-06
2982,0.9935113787651062,0.006488621234893799,1.2483943700790405,0.01890767738223076,97,7.26885670961272e-06
2983,0.9936111569404602,0.006388843059539795,1.2550535202026367,0.0188754890114069,97,7.26885670961272e-06
2984,0.9935250282287598,0.006474971771240234,1.2646150588989258,0.019056372344493866,97,7.26885670961272e-06
2985,0.993388295173645,0.0066117048263549805,1.2594850063323975,0.019140437245368958,97,7.26885670961272e-06
2986,0.9933300018310547,0.0066699981689453125,1.2766358852386475,0.01936965622007847,97,7.26885670961272e-06
2987,0.993603527545929,0.006396472454071045,1.2542654275894165,0.018875161185860634,97,7.26885670961272e-06
2988,0.9937118887901306,0.006288111209869385,1.2638041973114014,0.018863271921873093,97,7.26885670961272e-06
2989,0.9937267899513245,0.006273210048675537,1.2566092014312744,0.01877656951546669,97,7.26885670961272e-06
2990,0.9936178922653198,0.006382107734680176,1.2579468488693237,0.018897755071520805,97,7.26885670961272e-06
2991,0.9933410286903381,0.006658971309661865,1.2769248485565186,0.019361630082130432,97,7.26885670961272e-06
2992,0.9935842752456665,0.006415724754333496,1.270167350769043,0.01905324123799801,97,7.26885670961272e-06
2993,0.9933563470840454,0.00664365291595459,1.274654507637024,0.019323760643601418,97,7.26885670961272e-06
2994,0.9935051202774048,0.006494879722595215,1.2551933526992798,0.01898186467587948,97,7.26885670961272e-06
2995,0.9935742020606995,0.006425797939300537,1.2650341987609863,0.019011881202459335,97,7.26885670961272e-06
2996,0.9935697913169861,0.006430208683013916,1.2625446319580078,0.01899135112762451,97,7.26885670961272e-06
2997,0.9934525489807129,0.006547451019287109,1.2689225673675537,0.019171202555298805,97,7.26885670961272e-06
2998,0.9933135509490967,0.00668644905090332,1.2673287391662598,0.01929287239909172,97,7.26885670961272e-06
2999,0.993664026260376,0.0063359737396240234,1.2578397989273071,0.018851011991500854,97,7.26885670961272e-06
3000,0.9935950636863708,0.00640493631362915,1.2513796091079712,0.01885468326508999,97,7.26885670961272e-06
3001,0.9934892654418945,0.006510734558105469,1.2755337953567505,0.019200965762138367,97,7.26885670961272e-06
3002,0.9935053586959839,0.006494641304016113,1.2648065090179443,0.019077759236097336,97,7.26885670961272e-06
3003,0.9936136603355408,0.0063863396644592285,1.2583370208740234,0.018905846402049065,97,7.26885670961272e-06
3004,0.9934450387954712,0.006554961204528809,1.2678120136260986,0.01916753128170967,97,7.26885670961272e-06
3005,0.99354487657547,0.006455123424530029,1.2757638692855835,0.0191482100635767,97,7.26885670961272e-06
3006,0.9935643076896667,0.006435692310333252,1.2749994993209839,0.019121330231428146,97,7.26885670961272e-06
3007,0.9934760928153992,0.00652390718460083,1.276617407798767,0.01922484114766121,98,6.905413874132084e-06
3008,0.9935872554779053,0.0064127445220947266,1.2615143060684204,0.018963759765028954,98,6.905413874132084e-06
3009,0.9934847354888916,0.0065152645111083984,1.252812385559082,0.018978234380483627,98,6.905413874132084e-06
3010,0.9934332966804504,0.0065667033195495605,1.26157546043396,0.01911679096519947,98,6.905413874132084e-06
3011,0.9935930371284485,0.006406962871551514,1.26786208152771,0.019021514803171158,98,6.905413874132084e-06
3012,0.9936756491661072,0.006324350833892822,1.262302279472351,0.01888412982225418,98,6.905413874132084e-06
3013,0.9934555888175964,0.0065444111824035645,1.2657791376113892,0.019136758521199226,98,6.905413874132084e-06
3014,0.9936687350273132,0.006331264972686768,1.2671327590942383,0.01893927901983261,98,6.905413874132084e-06
3015,0.9934478998184204,0.00655210018157959,1.2640713453292847,0.019127292558550835,98,6.905413874132084e-06
3016,0.9935668110847473,0.0064331889152526855,1.257642149925232,0.018945276737213135,98,6.905413874132084e-06
3017,0.9935068488121033,0.0064931511878967285,1.278270959854126,0.019210929051041603,98,6.905413874132084e-06
3018,0.9934518337249756,0.006548166275024414,1.26468825340271,0.019129566848278046,98,6.905413874132084e-06
3019,0.9933634996414185,0.006636500358581543,1.258597731590271,0.019156113266944885,98,6.905413874132084e-06
3020,0.9936573505401611,0.006342649459838867,1.2583098411560059,0.018862321972846985,98,6.905413874132084e-06
3021,0.9937776923179626,0.0062223076820373535,1.25044584274292,0.018664542585611343,98,6.905413874132084e-06
3022,0.9935447573661804,0.00645524263381958,1.2643824815750122,0.01903451420366764,98,6.905413874132084e-06
3023,0.9936860799789429,0.006313920021057129,1.2649095058441162,0.01889987662434578,98,6.905413874132084e-06
3024,0.9936902523040771,0.0063097476959228516,1.263668179512024,0.01888333074748516,98,6.905413874132084e-06
3025,0.9936236143112183,0.006376385688781738,1.2594407796859741,0.018907029181718826,98,6.905413874132084e-06
3026,0.9934952855110168,0.006504714488983154,1.2605552673339844,0.01904521882534027,98,6.905413874132084e-06
3027,0.9934348464012146,0.0065651535987854,1.2739405632019043,0.0192389078438282,98,6.905413874132084e-06
3028,0.9936109185218811,0.0063890814781188965,1.2741020917892456,0.019066210836172104,98,6.905413874132084e-06
3029,0.99354487657547,0.006455123424530029,1.2502799034118652,0.018893370404839516,98,6.905413874132084e-06
3030,0.9934087991714478,0.006591200828552246,1.2607812881469727,0.019133102148771286,98,6.905413874132084e-06
3031,0.9935105443000793,0.006489455699920654,1.2644600868225098,0.019069161266088486,98,6.905413874132084e-06
3032,0.9933871626853943,0.006612837314605713,1.2623921632766724,0.01917063072323799,98,6.905413874132084e-06
3033,0.9935591816902161,0.0064408183097839355,1.2623329162597656,0.0189997386187315,98,6.905413874132084e-06
3034,0.9935420155525208,0.006457984447479248,1.2597370147705078,0.01899077370762825,98,6.905413874132084e-06
3035,0.9934688806533813,0.006531119346618652,1.2585828304290771,0.01905163563787937,98,6.905413874132084e-06
3036,0.9935736060142517,0.006426393985748291,1.2631285190582275,0.01899341493844986,98,6.905413874132084e-06
3037,0.9935328364372253,0.006467163562774658,1.259216070175171,0.01899465173482895,98,6.905413874132084e-06
3038,0.9934940338134766,0.0065059661865234375,1.2707197666168213,0.019148103892803192,99,6.5601431804254795e-06
3039,0.9934725165367126,0.0065274834632873535,1.266110897064209,0.019123317673802376,99,6.5601431804254795e-06
3040,0.9936680197715759,0.006331980228424072,1.255445957183838,0.01882312074303627,99,6.5601431804254795e-06
3041,0.9935342073440552,0.006465792655944824,1.2824774980545044,0.019225910305976868,99,6.5601431804254795e-06
3042,0.9934166073799133,0.00658339262008667,1.262941598892212,0.019146975129842758,99,6.5601431804254795e-06
3043,0.993446409702301,0.006553590297698975,1.2489277124404907,0.01897733099758625,99,6.5601431804254795e-06
3044,0.9935129880905151,0.006487011909484863,1.255785346031189,0.01897999458014965,99,6.5601431804254795e-06
3045,0.9936113357543945,0.006388664245605469,1.255998969078064,0.018884766846895218,99,6.5601431804254795e-06
3046,0.993349015712738,0.006650984287261963,1.2685199975967407,0.01926967315375805,99,6.5601431804254795e-06
3047,0.9935386180877686,0.006461381912231445,1.2545760869979858,0.01894252933561802,99,6.5601431804254795e-06
3048,0.993584394454956,0.006415605545043945,1.2669904232025146,0.019021354615688324,99,6.5601431804254795e-06
3049,0.9936164617538452,0.006383538246154785,1.2531644105911255,0.018851347267627716,99,6.5601431804254795e-06
3050,0.9936893582344055,0.006310641765594482,1.260831594467163,0.018855851143598557,99,6.5601431804254795e-06
3051,0.9935406446456909,0.006459355354309082,1.2546019554138184,0.01894078217446804,99,6.5601431804254795e-06
3052,0.9934802651405334,0.006519734859466553,1.2525124549865723,0.018979661166667938,99,6.5601431804254795e-06
3053,0.9934529662132263,0.006547033786773682,1.268888235092163,0.019170444458723068,99,6.5601431804254795e-06
3054,0.9936000108718872,0.006399989128112793,1.259499430656433,0.018930982798337936,99,6.5601431804254795e-06
3055,0.9935251474380493,0.006474852561950684,1.2694220542907715,0.019104324281215668,99,6.5601431804254795e-06
3056,0.9934060573577881,0.006593942642211914,1.271685242652893,0.019244855269789696,99,6.5601431804254795e-06
3057,0.9934998750686646,0.006500124931335449,1.2571874856948853,0.0190069992095232,99,6.5601431804254795e-06
3058,0.9934510588645935,0.006548941135406494,1.2747315168380737,0.019230766221880913,99,6.5601431804254795e-06
3059,0.9936618804931641,0.0063381195068359375,1.2563426494598389,0.01883816346526146,99,6.5601431804254795e-06
3060,0.9933754801750183,0.0066245198249816895,1.266474962234497,0.01922302320599556,99,6.5601431804254795e-06
3061,0.9937748908996582,0.006225109100341797,1.2631733417510986,0.0187945906072855,99,6.5601431804254795e-06
3062,0.9936436414718628,0.006356358528137207,1.264062762260437,0.01893342286348343,99,6.5601431804254795e-06
3063,0.9936173558235168,0.006382644176483154,1.2598809003829956,0.01891762763261795,99,6.5601431804254795e-06
3064,0.9934983849525452,0.006501615047454834,1.2664456367492676,0.019101055338978767,99,6.5601431804254795e-06
3065,0.9936854839324951,0.006314516067504883,1.2506089210510254,0.01875746063888073,99,6.5601431804254795e-06
3066,0.9935808181762695,0.006419181823730469,1.2757843732833862,0.019112832844257355,99,6.5601431804254795e-06
3067,0.9935263395309448,0.006473660469055176,1.2647674083709717,0.019056597724556923,99,6.5601431804254795e-06
3068,0.9935731291770935,0.006426870822906494,1.2740551233291626,0.0191031526774168,99,6.5601431804254795e-06
3069,0.9935972690582275,0.006402730941772461,1.2721956968307495,0.019060660153627396,100,6.232136021404205e-06
3070,0.9935859441757202,0.006414055824279785,1.2488082647323608,0.018837997689843178,100,6.232136021404205e-06
3071,0.9936935901641846,0.00630640983581543,1.2603949308395386,0.01884729415178299,100,6.232136021404205e-06
3072,0.9935707449913025,0.00642925500869751,1.2610716819763184,0.018975678831338882,100,6.232136021404205e-06
3073,0.9933069944381714,0.006693005561828613,1.2681325674057007,0.019307401031255722,100,6.232136021404205e-06
3074,0.9934542179107666,0.0065457820892333984,1.2537322044372559,0.019017646089196205,100,6.232136021404205e-06
3075,0.9936094880104065,0.006390511989593506,1.2606558799743652,0.018933165818452835,100,6.232136021404205e-06
3076,0.9935477375984192,0.0064522624015808105,1.2675278186798096,0.019063018262386322,100,6.232136021404205e-06
3077,0.9934995174407959,0.0065004825592041016,1.269954800605774,0.01913502626121044,100,6.232136021404205e-06
3078,0.9935374855995178,0.006462514400482178,1.2608033418655396,0.019005922600626945,100,6.232136021404205e-06
3079,0.9934561252593994,0.006543874740600586,1.267578363418579,0.019154218956828117,100,6.232136021404205e-06
3080,0.9935189485549927,0.006481051445007324,1.263056755065918,0.019046807661652565,100,6.232136021404205e-06
3081,0.9933344125747681,0.006665587425231934,1.2680314779281616,0.019279245287179947,100,6.232136021404205e-06
3082,0.9935986995697021,0.0064013004302978516,1.2645865678787231,0.018983153626322746,100,6.232136021404205e-06
3083,0.993679940700531,0.006320059299468994,1.2520771026611328,0.018777629360556602,100,6.232136021404205e-06
3084,0.9935417771339417,0.00645822286605835,1.2567384243011475,0.018961025401949883,100,6.232136021404205e-06
3085,0.9937930703163147,0.006206929683685303,1.2695919275283813,0.01884077861905098,100,6.232136021404205e-06
3086,0.9934625029563904,0.006537497043609619,1.2759859561920166,0.01923198252916336,100,6.232136021404205e-06
3087,0.9936712980270386,0.006328701972961426,1.262074589729309,0.018886160105466843,100,6.232136021404205e-06
3088,0.9934974908828735,0.006502509117126465,1.2558059692382812,0.01899554394185543,100,6.232136021404205e-06
3089,0.9935855269432068,0.006414473056793213,1.261090874671936,0.018961235880851746,100,6.232136021404205e-06
3090,0.9935239553451538,0.006476044654846191,1.246376872062683,0.01887505128979683,100,6.232136021404205e-06
3091,0.9935562014579773,0.006443798542022705,1.2613805532455444,0.018993165343999863,100,6.232136021404205e-06
3092,0.993567168712616,0.006432831287384033,1.260212779045105,0.018970631062984467,100,6.232136021404205e-06
3093,0.9935122132301331,0.006487786769866943,1.262835144996643,0.019051261246204376,100,6.232136021404205e-06
3094,0.9934432506561279,0.00655674934387207,1.2657811641693115,0.019148992374539375,100,6.232136021404205e-06
3095,0.9935398697853088,0.006460130214691162,1.2649260759353638,0.019044790416955948,100,6.232136021404205e-06
3096,0.9934261441230774,0.006573855876922607,1.2669440507888794,0.01917755790054798,100,6.232136021404205e-06
3097,0.9936556220054626,0.0063443779945373535,1.264875054359436,0.018929684534668922,100,6.232136021404205e-06
3098,0.9934498071670532,0.006550192832946777,1.270542860031128,0.019190119579434395,100,6.232136021404205e-06
3099,0.9936372637748718,0.006362736225128174,1.266076683998108,0.018959876149892807,100,6.232136021404205e-06
3100,0.9936683177947998,0.006331682205200195,1.2457876205444336,0.01872624084353447,101,5.920529220333994e-06
3101,0.9937308430671692,0.0062691569328308105,1.2582991123199463,0.01878945715725422,101,5.920529220333994e-06
3102,0.9934098124504089,0.0065901875495910645,1.2793629169464111,0.01931791380047798,101,5.920529220333994e-06
3103,0.993594765663147,0.006405234336853027,1.2556642293930054,0.018897823989391327,101,5.920529220333994e-06
3104,0.9937102794647217,0.00628972053527832,1.2678996324539185,0.018905818462371826,101,5.920529220333994e-06
3105,0.9934393167495728,0.006560683250427246,1.264757513999939,0.019142651930451393,101,5.920529220333994e-06
3106,0.9934727549552917,0.006527245044708252,1.2546221017837524,0.019008193165063858,101,5.920529220333994e-06
3107,0.9937148690223694,0.006285130977630615,1.257655143737793,0.0187988318502903,101,5.920529220333994e-06
3108,0.9935287237167358,0.00647127628326416,1.264690637588501,0.019053470343351364,101,5.920529220333994e-06
3109,0.993462085723877,0.006537914276123047,1.2618908882141113,0.019091444090008736,101,5.920529220333994e-06
3110,0.9935339689254761,0.006466031074523926,1.259915828704834,0.019000528380274773,101,5.920529220333994e-06
3111,0.993771493434906,0.006228506565093994,1.275259017944336,0.01891881227493286,101,5.920529220333994e-06
3112,0.9933953881263733,0.006604611873626709,1.2655750513076782,0.019194316118955612,101,5.920529220333994e-06
3113,0.9936529397964478,0.006347060203552246,1.2542188167572021,0.018825776875019073,101,5.920529220333994e-06
3114,0.9933778047561646,0.006622195243835449,1.2766516208648682,0.019322488456964493,101,5.920529220333994e-06
3115,0.9936585426330566,0.006341457366943359,1.2510828971862793,0.01878887042403221,101,5.920529220333994e-06
3116,0.993640661239624,0.0063593387603759766,1.2654716968536377,0.018950462341308594,101,5.920529220333994e-06
3117,0.9937231540679932,0.006276845932006836,1.2561373710632324,0.01877545192837715,101,5.920529220333994e-06
3118,0.9936187267303467,0.00638127326965332,1.2620408535003662,0.018937868997454643,101,5.920529220333994e-06
3119,0.9933648109436035,0.006635189056396484,1.2728559970855713,0.019297396764159203,101,5.920529220333994e-06
3120,0.9934272170066833,0.00657278299331665,1.275891900062561,0.019265973940491676,101,5.920529220333994e-06
3121,0.9933018684387207,0.006698131561279297,1.269108533859253,0.019322235137224197,101,5.920529220333994e-06
3122,0.9935665130615234,0.0064334869384765625,1.2527190446853638,0.01889634132385254,101,5.920529220333994e-06
3123,0.9933801889419556,0.006619811058044434,1.2625545263290405,0.01917915791273117,101,5.920529220333994e-06
3124,0.9935069680213928,0.006493031978607178,1.2615797519683838,0.019043898209929466,101,5.920529220333994e-06
3125,0.9935638904571533,0.00643610954284668,1.258544921875,0.018957197666168213,101,5.920529220333994e-06
3126,0.9934109449386597,0.006589055061340332,1.2700724601745605,0.019223889335989952,101,5.920529220333994e-06
3127,0.9934923648834229,0.0065076351165771484,1.2687667608261108,0.019130226224660873,101,5.920529220333994e-06
3128,0.9935386776924133,0.00646132230758667,1.264599323272705,0.01904270239174366,101,5.920529220333994e-06
3129,0.9935473203659058,0.006452679634094238,1.2518526315689087,0.01890667900443077,101,5.920529220333994e-06
3130,0.9936395287513733,0.006360471248626709,1.2600338459014893,0.018897205591201782,101,5.920529220333994e-06
3131,0.9935814738273621,0.0064185261726379395,1.2560219764709473,0.018914559856057167,102,5.624502759317295e-06
3132,0.9934521317481995,0.006547868251800537,1.2654975652694702,0.019137363880872726,102,5.624502759317295e-06
3133,0.9935196042060852,0.006480395793914795,1.2622618675231934,0.019038209691643715,102,5.624502759317295e-06
3134,0.9935908913612366,0.006409108638763428,1.2660361528396606,0.01900537870824337,102,5.624502759317295e-06
3135,0.9935815930366516,0.006418406963348389,1.2689344882965088,0.019043568521738052,102,5.624502759317295e-06
3136,0.9935420751571655,0.006457924842834473,1.2732570171356201,0.019125916063785553,102,5.624502759317295e-06
3137,0.9936678409576416,0.0063321590423583984,1.2476999759674072,0.01874583587050438,102,5.624502759317295e-06
3138,0.9934815168380737,0.0065184831619262695,1.2663452625274658,0.019116749987006187,102,5.624502759317295e-06
3139,0.9934611916542053,0.006538808345794678,1.2674988508224487,0.019148409366607666,102,5.624502759317295e-06
3140,0.993519127368927,0.006480872631072998,1.260473370552063,0.019020795822143555,102,5.624502759317295e-06
3141,0.9934725761413574,0.006527423858642578,1.267977237701416,0.019141921773552895,102,5.624502759317295e-06
3142,0.9935160875320435,0.006483912467956543,1.275816559791565,0.019177239388227463,102,5.624502759317295e-06
3143,0.993503212928772,0.006496787071228027,1.2600159645080566,0.019031979143619537,102,5.624502759317295e-06
3144,0.9936035871505737,0.0063964128494262695,1.2673739194869995,0.019006188958883286,102,5.624502759317295e-06
3145,0.9938194751739502,0.006180524826049805,1.252247929573059,0.018641198053956032,102,5.624502759317295e-06
3146,0.9936789870262146,0.0063210129737854,1.266395926475525,0.018921760842204094,102,5.624502759317295e-06
3147,0.9933621287345886,0.006637871265411377,1.2592146396636963,0.01916363835334778,102,5.624502759317295e-06
3148,0.9934405088424683,0.006559491157531738,1.266093134880066,0.019154828041791916,102,5.624502759317295e-06
3149,0.9935014247894287,0.006498575210571289,1.2461581230163574,0.018895171582698822,102,5.624502759317295e-06
3150,0.993613064289093,0.006386935710906982,1.2606422901153564,0.018929488956928253,102,5.624502759317295e-06
3151,0.9933545589447021,0.0066454410552978516,1.278698205947876,0.01936596818268299,102,5.624502759317295e-06
3152,0.9936137795448303,0.006386220455169678,1.2595223188400269,0.01891758106648922,102,5.624502759317295e-06
3153,0.9936451315879822,0.006354868412017822,1.2545623779296875,0.018836943432688713,102,5.624502759317295e-06
3154,0.993503987789154,0.006496012210845947,1.2691785097122192,0.019122837111353874,102,5.624502759317295e-06
3155,0.9936825633049011,0.006317436695098877,1.2533464431762695,0.018787726759910583,102,5.624502759317295e-06
3156,0.9934241771697998,0.006575822830200195,1.2656428813934326,0.01916649378836155,102,5.624502759317295e-06
3157,0.9936375617980957,0.006362438201904297,1.2728068828582764,0.01902688294649124,102,5.624502759317295e-06
3158,0.9934317469596863,0.006568253040313721,1.264412760734558,0.019146697595715523,102,5.624502759317295e-06
3159,0.9934962391853333,0.006503760814666748,1.2677634954452515,0.01911635883152485,102,5.624502759317295e-06
3160,0.9935256838798523,0.006474316120147705,1.2521018981933594,0.018930591642856598,102,5.624502759317295e-06
3161,0.9937683939933777,0.0062316060066223145,1.2457594871520996,0.018626883625984192,102,5.624502759317295e-06
3162,0.9935585260391235,0.006441473960876465,1.2577461004257202,0.018954521045088768,103,5.34327762135143e-06
3163,0.9937974214553833,0.006202578544616699,1.2500799894332886,0.018641352653503418,103,5.34327762135143e-06
3164,0.9936533570289612,0.006346642971038818,1.2475587129592896,0.018758762627840042,103,5.34327762135143e-06
3165,0.9933192133903503,0.006680786609649658,1.27328622341156,0.01934684067964554,103,5.34327762135143e-06
3166,0.9936732053756714,0.006326794624328613,1.258705735206604,0.01885058358311653,103,5.34327762135143e-06
3167,0.9935440421104431,0.006455957889556885,1.2449315786361694,0.018840713426470757,103,5.34327762135143e-06
3168,0.9934359192848206,0.006564080715179443,1.2605174779891968,0.01910361461341381,103,5.34327762135143e-06
3169,0.9934684038162231,0.0065315961837768555,1.25998055934906,0.019066086038947105,103,5.34327762135143e-06
3170,0.993355393409729,0.006644606590270996,1.264860987663269,0.019226770848035812,103,5.34327762135143e-06
3171,0.993776261806488,0.006223738193511963,1.2672845125198364,0.018834345042705536,103,5.34327762135143e-06
3172,0.9937034845352173,0.006296515464782715,1.2625046968460083,0.018858596682548523,103,5.34327762135143e-06
3173,0.993615984916687,0.006384015083312988,1.267829179763794,0.018998466432094574,103,5.34327762135143e-06
3174,0.9936234354972839,0.0063765645027160645,1.265110969543457,0.018963906913995743,103,5.34327762135143e-06
3175,0.9934170842170715,0.006582915782928467,1.2628710269927979,0.019145796075463295,103,5.34327762135143e-06
3176,0.993594229221344,0.006405770778656006,1.2783424854278564,0.019125137478113174,103,5.34327762135143e-06
3177,0.993424117565155,0.006575882434844971,1.271417260169983,0.019224297255277634,103,5.34327762135143e-06
3178,0.993412971496582,0.006587028503417969,1.2608494758605957,0.01912965252995491,103,5.34327762135143e-06
3179,0.9933314323425293,0.006668567657470703,1.2761446237564087,0.01936332881450653,103,5.34327762135143e-06
3180,0.9935353398323059,0.006464660167694092,1.2566951513290405,0.01896696537733078,103,5.34327762135143e-06
3181,0.9935367107391357,0.006463289260864258,1.2606799602508545,0.01900545507669449,103,5.34327762135143e-06
3182,0.9936798214912415,0.006320178508758545,1.2679054737091064,0.018936030566692352,103,5.34327762135143e-06
3183,0.99351966381073,0.0064803361892700195,1.266385793685913,0.019079390913248062,103,5.34327762135143e-06
3184,0.9935057163238525,0.006494283676147461,1.2759019136428833,0.01918835937976837,103,5.34327762135143e-06
3185,0.9937079548835754,0.0062920451164245605,1.263175129890442,0.018860874697566032,103,5.34327762135143e-06
3186,0.9936269521713257,0.006373047828674316,1.2548023462295532,0.01885734125971794,103,5.34327762135143e-06
3187,0.9934789538383484,0.006521046161651611,1.259068489074707,0.019046520814299583,103,5.34327762135143e-06
3188,0.993452250957489,0.006547749042510986,1.2636287212371826,0.01911855861544609,103,5.34327762135143e-06
3189,0.993553102016449,0.006446897983551025,1.2537715435028076,0.01892014406621456,103,5.34327762135143e-06
3190,0.9935829043388367,0.00641709566116333,1.2611225843429565,0.018964149057865143,103,5.34327762135143e-06
3191,0.9935676455497742,0.00643235445022583,1.2691670656204224,0.01905970089137554,103,5.34327762135143e-06
3192,0.9934875965118408,0.00651240348815918,1.2627344131469727,0.01907462254166603,103,5.34327762135143e-06
3193,0.993407666683197,0.0065923333168029785,1.274259328842163,0.019269002601504326,104,5.076113740283858e-06
3194,0.9936394691467285,0.006360530853271484,1.2463434934616089,0.018760360777378082,104,5.076113740283858e-06
3195,0.9934461712837219,0.006553828716278076,1.2632904052734375,0.019121194258332253,104,5.076113740283858e-06
3196,0.993562638759613,0.006437361240386963,1.2566571235656738,0.018939558416604996,104,5.076113740283858e-06
3197,0.9936954975128174,0.006304502487182617,1.2647303342819214,0.01888876035809517,104,5.076113740283858e-06
3198,0.9933655261993408,0.00663447380065918,1.2690224647521973,0.019258353859186172,104,5.076113740283858e-06
3199,0.9935997724533081,0.0064002275466918945,1.261922836303711,0.018955454230308533,104,5.076113740283858e-06
3200,0.9935754537582397,0.006424546241760254,1.2509791851043701,0.018870092928409576,104,5.076113740283858e-06
3201,0.9935869574546814,0.0064130425453186035,1.2691287994384766,0.019040198996663094,104,5.076113740283858e-06
3202,0.9936134815216064,0.006386518478393555,1.2529420852661133,0.018852073699235916,104,5.076113740283858e-06
3203,0.9936473369598389,0.006352663040161133,1.2517645359039307,0.018806781619787216,104,5.076113740283858e-06
3204,0.9936224222183228,0.006377577781677246,1.2572933435440063,0.018886735662817955,104,5.076113740283858e-06
3205,0.9934341907501221,0.00656580924987793,1.2713556289672852,0.019213706254959106,104,5.076113740283858e-06
3206,0.9935740232467651,0.006425976753234863,1.244296669960022,0.018804682418704033,104,5.076113740283858e-06
3207,0.9935802221298218,0.006419777870178223,1.2505040168762207,0.018860619515180588,104,5.076113740283858e-06
3208,0.9935274720191956,0.006472527980804443,1.2603572607040405,0.019011374562978745,104,5.076113740283858e-06
3209,0.9935255646705627,0.006474435329437256,1.2637040615081787,0.019046731293201447,104,5.076113740283858e-06
3210,0.9935910105705261,0.006408989429473877,1.2550795078277588,0.018895693123340607,104,5.076113740283858e-06
3211,0.9936733841896057,0.006326615810394287,1.2630287408828735,0.018893636763095856,104,5.076113740283858e-06
3212,0.9934951663017273,0.006504833698272705,1.2605607509613037,0.0190453939139843,104,5.076113740283858e-06
3213,0.9934686422348022,0.006531357765197754,1.2759969234466553,0.019226012751460075,104,5.076113740283858e-06
3214,0.9936479926109314,0.0063520073890686035,1.263873815536499,0.01892722398042679,104,5.076113740283858e-06
3215,0.9936476349830627,0.006352365016937256,1.2661887407302856,0.018950728699564934,104,5.076113740283858e-06
3216,0.9934958219528198,0.006504178047180176,1.266257882118225,0.019101714715361595,104,5.076113740283858e-06
3217,0.9936190843582153,0.006380915641784668,1.267385721206665,0.01899096369743347,104,5.076113740283858e-06
3218,0.993452787399292,0.006547212600708008,1.2824795246124268,0.01930653676390648,104,5.076113740283858e-06
3219,0.9935962557792664,0.006403744220733643,1.265401840209961,0.018993724137544632,104,5.076113740283858e-06
3220,0.9934785962104797,0.006521403789520264,1.2715225219726562,0.019171414896845818,104,5.076113740283858e-06
3221,0.9934291243553162,0.006570875644683838,1.2610520124435425,0.019115686416625977,104,5.076113740283858e-06
3222,0.9935157299041748,0.006484270095825195,1.2679558992385864,0.019098985940217972,104,5.076113740283858e-06
3223,0.9934300780296326,0.006569921970367432,1.2688177824020386,0.019192401319742203,104,5.076113740283858e-06
3224,0.9937082529067993,0.006291747093200684,1.2689298391342163,0.018918126821517944,105,4.8223080532696655e-06
3225,0.9936485290527344,0.006351470947265625,1.2534555196762085,0.01882251165807247,105,4.8223080532696655e-06
3226,0.9934802651405334,0.006519734859466553,1.274887204170227,0.019203409552574158,105,4.8223080532696655e-06
3227,0.9934608936309814,0.006539106369018555,1.2660584449768066,0.01913429982960224,105,4.8223080532696655e-06
3228,0.9936988353729248,0.006301164627075195,1.2646681070327759,0.01888483390212059,105,4.8223080532696655e-06
3229,0.993590772151947,0.0064092278480529785,1.2622687816619873,0.018967824056744576,105,4.8223080532696655e-06
3230,0.9934835433959961,0.006516456604003906,1.2717679738998413,0.019168971106410027,105,4.8223080532696655e-06
3231,0.9935941696166992,0.006405830383300781,1.2494174242019653,0.018835946917533875,105,4.8223080532696655e-06
3232,0.9936434626579285,0.006356537342071533,1.252273440361023,0.01881570555269718,105,4.8223080532696655e-06
3233,0.9934573769569397,0.006542623043060303,1.2657873630523682,0.019135069102048874,105,4.8223080532696655e-06
3234,0.9936272501945496,0.0063727498054504395,1.2547706365585327,0.018856728449463844,105,4.8223080532696655e-06
3235,0.993697464466095,0.006302535533905029,1.2611557245254517,0.01885106787085533,105,4.8223080532696655e-06
3236,0.9935317039489746,0.006468296051025391,1.2624882459640503,0.019028495997190475,105,4.8223080532696655e-06
3237,0.9934707880020142,0.00652921199798584,1.2651931047439575,0.01911585032939911,105,4.8223080532696655e-06
3238,0.9937458634376526,0.006254136562347412,1.2474106550216675,0.018665701150894165,105,4.8223080532696655e-06
3239,0.9934498071670532,0.006550192832946777,1.2730307579040527,0.019214998930692673,105,4.8223080532696655e-06
3240,0.993645966053009,0.006354033946990967,1.2627493143081665,0.018917985260486603,105,4.8223080532696655e-06
3241,0.9936628341674805,0.006337165832519531,1.2552632093429565,0.018826426938176155,105,4.8223080532696655e-06
3242,0.9934470057487488,0.006552994251251221,1.2624313831329346,0.01911177858710289,105,4.8223080532696655e-06
3243,0.9934502243995667,0.00654977560043335,1.2578421831130981,0.019062699750065804,105,4.8223080532696655e-06
3244,0.99359130859375,0.00640869140625,1.2642253637313843,0.018986858427524567,105,4.8223080532696655e-06
3245,0.9934590458869934,0.006540954113006592,1.2677912712097168,0.019153457134962082,105,4.8223080532696655e-06
3246,0.9934460520744324,0.006553947925567627,1.2642815113067627,0.019131222739815712,105,4.8223080532696655e-06
3247,0.9936472773551941,0.006352722644805908,1.2729036808013916,0.019018232822418213,105,4.8223080532696655e-06
3248,0.9932804107666016,0.0067195892333984375,1.2684077024459839,0.01933646947145462,105,4.8223080532696655e-06
3249,0.9935244917869568,0.006475508213043213,1.256136178970337,0.018972113728523254,105,4.8223080532696655e-06
3250,0.9934279322624207,0.006572067737579346,1.266355276107788,0.019169900566339493,105,4.8223080532696655e-06
3251,0.9935859441757202,0.006414055824279785,1.2542362213134766,0.018892277032136917,105,4.8223080532696655e-06
3252,0.9934426546096802,0.006557345390319824,1.2586203813552856,0.019077975302934647,105,4.8223080532696655e-06
3253,0.9934988617897034,0.006501138210296631,1.2688872814178467,0.01912499964237213,105,4.8223080532696655e-06
3254,0.9936016798019409,0.006398320198059082,1.271405816078186,0.01904839463531971,105,4.8223080532696655e-06
3255,0.9935789108276367,0.006421089172363281,1.2668927907943726,0.019025806337594986,106,4.581192650606182e-06
3256,0.9936515092849731,0.0063484907150268555,1.2578469514846802,0.01886347495019436,106,4.581192650606182e-06
3257,0.9934310913085938,0.00656890869140625,1.2701432704925537,0.019204651936888695,106,4.581192650606182e-06
3258,0.9935620427131653,0.006437957286834717,1.2705007791519165,0.019078586250543594,106,4.581192650606182e-06
3259,0.993554413318634,0.006445586681365967,1.2717915773391724,0.019099045544862747,106,4.581192650606182e-06
3260,0.9936604499816895,0.006339550018310547,1.2649565935134888,0.01892572082579136,106,4.581192650606182e-06
3261,0.9934649467468262,0.006535053253173828,1.2789509296417236,0.019259212538599968,106,4.581192650606182e-06
3262,0.9932993054389954,0.006700694561004639,1.2654685974121094,0.01928837224841118,106,4.581192650606182e-06
3263,0.9936097264289856,0.006390273571014404,1.2545006275177002,0.018871378153562546,106,4.581192650606182e-06
3264,0.9937136173248291,0.0062863826751708984,1.2594707012176514,0.01881822571158409,106,4.581192650606182e-06
3265,0.9934765696525574,0.006523430347442627,1.2615617513656616,0.019073814153671265,106,4.581192650606182e-06
3266,0.9933925271034241,0.006607472896575928,1.273386001586914,0.019275259226560593,106,4.581192650606182e-06
3267,0.9936382174491882,0.006361782550811768,1.2489089965820312,0.01878725364804268,106,4.581192650606182e-06
3268,0.9935993552207947,0.006400644779205322,1.270901083946228,0.019045649096369743,106,4.581192650606182e-06
3269,0.9936267733573914,0.006373226642608643,1.2672045230865479,0.018981538712978363,106,4.581192650606182e-06
3270,0.9935935735702515,0.006406426429748535,1.2580647468566895,0.01892300881445408,106,4.581192650606182e-06
3271,0.9935819506645203,0.006418049335479736,1.2481887340545654,0.018835756927728653,106,4.581192650606182e-06
3272,0.9935949444770813,0.006405055522918701,1.2549805641174316,0.018890811130404472,106,4.581192650606182e-06
3273,0.9935885667800903,0.006411433219909668,1.2519475221633911,0.01886679418385029,106,4.581192650606182e-06
3274,0.9935261607170105,0.006473839282989502,1.2589699029922485,0.018998799845576286,106,4.581192650606182e-06
3275,0.9938337802886963,0.006166219711303711,1.2601956129074097,0.018706513568758965,106,4.581192650606182e-06
3276,0.9935321807861328,0.0064678192138671875,1.2573676109313965,0.018976816907525063,106,4.581192650606182e-06
3277,0.9934555292129517,0.00654447078704834,1.264665961265564,0.01912568509578705,106,4.581192650606182e-06
3278,0.9936861395835876,0.0063138604164123535,1.2620760202407837,0.018871482461690903,106,4.581192650606182e-06
3279,0.9935374855995178,0.006462514400482178,1.2684677839279175,0.0190825667232275,106,4.581192650606182e-06
3280,0.9935941696166992,0.006405830383300781,1.2623281478881836,0.01896505430340767,106,4.581192650606182e-06
3281,0.9934320449829102,0.006567955017089844,1.2572391033172607,0.019074667245149612,106,4.581192650606182e-06
3282,0.9933483600616455,0.006651639938354492,1.2731614112854004,0.019316736608743668,106,4.581192650606182e-06
3283,0.9936215877532959,0.0063784122467041016,1.2586722373962402,0.01890134997665882,106,4.581192650606182e-06
3284,0.9935153722763062,0.006484627723693848,1.262195348739624,0.01904173567891121,106,4.581192650606182e-06
3285,0.9932811260223389,0.006718873977661133,1.2621643543243408,0.01927332766354084,106,4.581192650606182e-06
3286,0.9935135841369629,0.006486415863037109,1.2593659162521362,0.01901520974934101,107,4.3521330180758725e-06
3287,0.9934347867965698,0.006565213203430176,1.2694401741027832,0.01919396221637726,107,4.3521330180758725e-06
3288,0.9935145378112793,0.006485462188720703,1.2570903301239014,0.018991511315107346,107,4.3521330180758725e-06
3289,0.9935204386711121,0.0064795613288879395,1.267744541168213,0.01909221149981022,107,4.3521330180758725e-06
3290,0.9937955737113953,0.006204426288604736,1.248935580253601,0.018631737679243088,107,4.3521330180758725e-06
3291,0.993638813495636,0.006361186504364014,1.25813889503479,0.018878962844610214,107,4.3521330180758725e-06
3292,0.9935528635978699,0.006447136402130127,1.2657930850982666,0.01904059574007988,107,4.3521330180758725e-06
3293,0.9935712218284607,0.006428778171539307,1.2643896341323853,0.019008386880159378,107,4.3521330180758725e-06
3294,0.993572473526001,0.0064275264739990234,1.2662198543548584,0.019025448709726334,107,4.3521330180758725e-06
3295,0.9935370087623596,0.006462991237640381,1.2619699239730835,0.019018061459064484,107,4.3521330180758725e-06
3296,0.9937999844551086,0.006200015544891357,1.2557053565979004,0.01869506761431694,107,4.3521330180758725e-06
3297,0.9935341477394104,0.0064658522605896,1.2703146934509277,0.01910434104502201,107,4.3521330180758725e-06
3298,0.99344402551651,0.00655597448348999,1.2567096948623657,0.019057512283325195,107,4.3521330180758725e-06
3299,0.9936557412147522,0.006344258785247803,1.252772569656372,0.01880854181945324,107,4.3521330180758725e-06
3300,0.9936208128929138,0.006379187107086182,1.2621906995773315,0.018937300890684128,107,4.3521330180758725e-06
3301,0.9935312867164612,0.006468713283538818,1.2666480541229248,0.01907050609588623,107,4.3521330180758725e-06
3302,0.993371307849884,0.006628692150115967,1.2688117027282715,0.019250523298978806,107,4.3521330180758725e-06
3303,0.9936198592185974,0.006380140781402588,1.2577811479568481,0.018894150853157043,107,4.3521330180758725e-06
3304,0.9936603307723999,0.006339669227600098,1.2566591501235962,0.01884286478161812,107,4.3521330180758725e-06
3305,0.993459165096283,0.006540834903717041,1.2658239603042603,0.019133666530251503,107,4.3521330180758725e-06
3306,0.9936690926551819,0.006330907344818115,1.2657253742218018,0.018924850970506668,107,4.3521330180758725e-06
3307,0.9935546517372131,0.006445348262786865,1.2647559642791748,0.019028453156352043,107,4.3521330180758725e-06
3308,0.9936337471008301,0.006366252899169922,1.2626724243164062,0.018929313868284225,107,4.3521330180758725e-06
3309,0.9935154318809509,0.006484568119049072,1.2568360567092896,0.01898808218538761,107,4.3521330180758725e-06
3310,0.9934949278831482,0.006505072116851807,1.2635036706924438,0.01907505840063095,107,4.3521330180758725e-06
3311,0.9932765364646912,0.006723463535308838,1.2710070610046387,0.019366299733519554,107,4.3521330180758725e-06
3312,0.993445098400116,0.006554901599884033,1.2698854207992554,0.019188206642866135,107,4.3521330180758725e-06
3313,0.9935089349746704,0.00649106502532959,1.2557685375213623,0.018983840942382812,107,4.3521330180758725e-06
3314,0.9934596419334412,0.006540358066558838,1.2653149366378784,0.01912810280919075,107,4.3521330180758725e-06
3315,0.9936366081237793,0.006363391876220703,1.2732863426208496,0.019032621756196022,107,4.3521330180758725e-06
3316,0.9935911297798157,0.006408870220184326,1.262932538986206,0.01897410675883293,107,4.3521330180758725e-06
3317,0.9935398697853088,0.006460130214691162,1.269525170326233,0.01909077912569046,108,4.1345263671720786e-06
3318,0.9935036897659302,0.006496310234069824,1.2583051919937134,0.019014399498701096,108,4.1345263671720786e-06
3319,0.9934452176094055,0.006554782390594482,1.2652336359024048,0.01914156973361969,108,4.1345263671720786e-06
3320,0.9935851693153381,0.006414830684661865,1.2659950256347656,0.01901063323020935,108,4.1345263671720786e-06
3321,0.9935327768325806,0.006467223167419434,1.257031798362732,0.018972869962453842,108,4.1345263671720786e-06
3322,0.9935672283172607,0.006432771682739258,1.2643636465072632,0.019012080505490303,108,4.1345263671720786e-06
3323,0.9935717582702637,0.006428241729736328,1.2779189348220825,0.019143149256706238,108,4.1345263671720786e-06
3324,0.9935917258262634,0.006408274173736572,1.261838436126709,0.018962575122714043,108,4.1345263671720786e-06
3325,0.9933941960334778,0.006605803966522217,1.2681936025619507,0.019221682101488113,108,4.1345263671720786e-06
3326,0.9935595393180847,0.006440460681915283,1.2556180953979492,0.01893223635852337,108,4.1345263671720786e-06
3327,0.9935250878334045,0.006474912166595459,1.269392728805542,0.019104089587926865,108,4.1345263671720786e-06
3328,0.9934669137001038,0.00653308629989624,1.2578922510147095,0.01904667727649212,108,4.1345263671720786e-06
3329,0.9936128854751587,0.006387114524841309,1.2574492692947388,0.018897734582424164,108,4.1345263671720786e-06
3330,0.9933767914772034,0.006623208522796631,1.2643094062805176,0.019200071692466736,108,4.1345263671720786e-06
3331,0.9934952855110168,0.006504714488983154,1.2697423696517944,0.01913709193468094,108,4.1345263671720786e-06
3332,0.9936299324035645,0.006370067596435547,1.253246784210205,0.018838834017515182,108,4.1345263671720786e-06
3333,0.9935035109519958,0.00649648904800415,1.265915870666504,0.0190906822681427,108,4.1345263671720786e-06
3334,0.9936363101005554,0.00636368989944458,1.2630739212036133,0.018930792808532715,108,4.1345263671720786e-06
3335,0.9937480092048645,0.006251990795135498,1.2625569105148315,0.018815040588378906,108,4.1345263671720786e-06
3336,0.9936585426330566,0.006341457366943359,1.2586205005645752,0.01886424794793129,108,4.1345263671720786e-06
3337,0.9935555458068848,0.006444454193115234,1.246886968612671,0.018848879262804985,108,4.1345263671720786e-06
3338,0.9935405850410461,0.006459414958953857,1.2391144037246704,0.01878596469759941,108,4.1345263671720786e-06
3339,0.9934790730476379,0.0065209269523620605,1.2639492750167847,0.01909521035850048,108,4.1345263671720786e-06
3340,0.9938020706176758,0.006197929382324219,1.2651996612548828,0.018787946552038193,108,4.1345263671720786e-06
3341,0.9937041401863098,0.0062958598136901855,1.259819507598877,0.018831096589565277,108,4.1345263671720786e-06
3342,0.9934931397438049,0.006506860256195068,1.2551393508911133,0.018993183970451355,108,4.1345263671720786e-06
3343,0.9934919476509094,0.006508052349090576,1.2711308002471924,0.019154280424118042,108,4.1345263671720786e-06
3344,0.9936884045600891,0.006311595439910889,1.256914496421814,0.01881762407720089,108,4.1345263671720786e-06
3345,0.9934626221656799,0.006537377834320068,1.2659016847610474,0.019131021574139595,108,4.1345263671720786e-06
3346,0.9934101700782776,0.006589829921722412,1.27643620967865,0.01928829401731491,108,4.1345263671720786e-06
3347,0.9935320019721985,0.006467998027801514,1.2755311727523804,0.019158629700541496,108,4.1345263671720786e-06
3348,0.9936507344245911,0.0063492655754089355,1.2656185626983643,0.018941959366202354,109,3.927800048813474e-06
3349,0.9933688640594482,0.006631135940551758,1.2650127410888672,0.019214952364563942,109,3.927800048813474e-06
3350,0.9933488965034485,0.006651103496551514,1.2620316743850708,0.01920490898191929,109,3.927800048813474e-06
3351,0.9933695197105408,0.0066304802894592285,1.270280361175537,0.019266977906227112,109,3.927800048813474e-06
3352,0.9936209917068481,0.0063790082931518555,1.2717223167419434,0.019032441079616547,109,3.927800048813474e-06
3353,0.9934350848197937,0.006564915180206299,1.263648271560669,0.019135748967528343,109,3.927800048813474e-06
3354,0.9935186505317688,0.006481349468231201,1.2489128112792969,0.01890566386282444,109,3.927800048813474e-06
3355,0.9935448169708252,0.006455183029174805,1.2635891437530518,0.01902652159333229,109,3.927800048813474e-06
3356,0.9936186075210571,0.006381392478942871,1.2616204023361206,0.01893378235399723,109,3.927800048813474e-06
3357,0.993667721748352,0.006332278251647949,1.265991449356079,0.01892886869609356,109,3.927800048813474e-06
3358,0.9934828877449036,0.0065171122550964355,1.2691890001296997,0.019143830984830856,109,3.927800048813474e-06
3359,0.9936606884002686,0.006339311599731445,1.265934705734253,0.01893526501953602,109,3.927800048813474e-06
3360,0.9934183955192566,0.006581604480743408,1.2702419757843018,0.019218208268284798,109,3.927800048813474e-06
3361,0.9936071038246155,0.0063928961753845215,1.2606145143508911,0.01893511228263378,109,3.927800048813474e-06
3362,0.9935848116874695,0.006415188312530518,1.2521860599517822,0.01887289620935917,109,3.927800048813474e-06
3363,0.9934206008911133,0.006579399108886719,1.2705720663070679,0.019219325855374336,109,3.927800048813474e-06
3364,0.9934887290000916,0.006511270999908447,1.2673033475875854,0.01911919191479683,109,3.927800048813474e-06
3365,0.9936243891716003,0.006375610828399658,1.270626425743103,0.01901811920106411,109,3.927800048813474e-06
3366,0.9936280846595764,0.006371915340423584,1.2545065879821777,0.018853262066841125,109,3.927800048813474e-06
3367,0.9936320185661316,0.006367981433868408,1.2600071430206299,0.018904373049736023,109,3.927800048813474e-06
3368,0.9937418103218079,0.006258189678192139,1.2584058046340942,0.018779665231704712,109,3.927800048813474e-06
3369,0.9936562180519104,0.0063437819480896,1.2547849416732788,0.018828192725777626,109,3.927800048813474e-06
3370,0.9936845302581787,0.006315469741821289,1.2584145069122314,0.018836461007595062,109,3.927800048813474e-06
3371,0.9934560060501099,0.006543993949890137,1.25404953956604,0.019019048660993576,109,3.927800048813474e-06
3372,0.9936181306838989,0.006381869316101074,1.258353590965271,0.018901586532592773,109,3.927800048813474e-06
3373,0.9934113025665283,0.00658869743347168,1.2651304006576538,0.019174113869667053,109,3.927800048813474e-06
3374,0.9935475587844849,0.006452441215515137,1.2618862390518188,0.019006779417395592,109,3.927800048813474e-06
3375,0.9935362339019775,0.006463766098022461,1.2596572637557983,0.018995702266693115,109,3.927800048813474e-06
3376,0.9936035871505737,0.0063964128494262695,1.2622246742248535,0.018954694271087646,109,3.927800048813474e-06
3377,0.993678867816925,0.006321132183074951,1.2605763673782349,0.018863683566451073,109,3.927800048813474e-06
3378,0.9934755563735962,0.006524443626403809,1.2706657648086548,0.019165856763720512,109,3.927800048813474e-06
3379,0.9935430288314819,0.006456971168518066,1.2586959600448608,0.018979361280798912,110,3.7314100463728006e-06
3380,0.9936288595199585,0.006371140480041504,1.2458828687667847,0.018766257911920547,110,3.7314100463728006e-06
3381,0.9933290481567383,0.006670951843261719,1.2701647281646729,0.019305890426039696,110,3.7314100463728006e-06
3382,0.9935435056686401,0.006456494331359863,1.258474588394165,0.01897667534649372,110,3.7314100463728006e-06
3383,0.9935992956161499,0.006400704383850098,1.2742968797683716,0.01907966658473015,110,3.7314100463728006e-06
3384,0.9937474131584167,0.006252586841583252,1.251071810722351,0.018700778484344482,110,3.7314100463728006e-06
3385,0.9935648441314697,0.0064351558685302734,1.254836916923523,0.018919173628091812,110,3.7314100463728006e-06
3386,0.9935532808303833,0.006446719169616699,1.2718815803527832,0.019101068377494812,110,3.7314100463728006e-06
3387,0.9936760663986206,0.0063239336013793945,1.2660504579544067,0.018921198323369026,110,3.7314100463728006e-06
3388,0.9936217069625854,0.006378293037414551,1.262575626373291,0.018940266221761703,110,3.7314100463728006e-06
3389,0.9935920238494873,0.006407976150512695,1.2605570554733276,0.018949467688798904,110,3.7314100463728006e-06
3390,0.9934731721878052,0.006526827812194824,1.2607219219207764,0.019068777561187744,110,3.7314100463728006e-06
3391,0.9936008453369141,0.0063991546630859375,1.2624967098236084,0.018960129469633102,110,3.7314100463728006e-06
3392,0.9936833381652832,0.006316661834716797,1.2719560861587524,0.018973056226968765,110,3.7314100463728006e-06
3393,0.9935089349746704,0.00649106502532959,1.2514618635177612,0.018940772861242294,110,3.7314100463728006e-06
3394,0.9933499097824097,0.006650090217590332,1.2674349546432495,0.019257938489317894,110,3.7314100463728006e-06
3395,0.9933342933654785,0.006665706634521484,1.270297646522522,0.01930202543735504,110,3.7314100463728006e-06
3396,0.9933971166610718,0.006602883338928223,1.27286958694458,0.0192655511200428,110,3.7314100463728006e-06
3397,0.9935179948806763,0.0064820051193237305,1.2601144313812256,0.019018329679965973,110,3.7314100463728006e-06
3398,0.9935284852981567,0.006471514701843262,1.252450942993164,0.018931308761239052,110,3.7314100463728006e-06
3399,0.9936230778694153,0.006376922130584717,1.261701226234436,0.018930165097117424,110,3.7314100463728006e-06
3400,0.9936574697494507,0.006342530250549316,1.2689485549926758,0.01896858960390091,110,3.7314100463728006e-06
3401,0.9934372901916504,0.006562709808349609,1.2609823942184448,0.019106905907392502,110,3.7314100463728006e-06
3402,0.9936455488204956,0.0063544511795043945,1.254593849182129,0.018836844712495804,110,3.7314100463728006e-06
3403,0.9934297204017639,0.006570279598236084,1.273132562637329,0.019235901534557343,110,3.7314100463728006e-06
3404,0.9938490390777588,0.006150960922241211,1.26146399974823,0.018704090267419815,110,3.7314100463728006e-06
3405,0.9935899972915649,0.006410002708435059,1.2566803693771362,0.018912706524133682,110,3.7314100463728006e-06
3406,0.99344402551651,0.00655597448348999,1.2654283046722412,0.019144698977470398,110,3.7314100463728006e-06
3407,0.9934709072113037,0.006529092788696289,1.2719333171844482,0.01918313466012478,110,3.7314100463728006e-06
3408,0.9936540722846985,0.006345927715301514,1.2620247602462769,0.018902715295553207,110,3.7314100463728006e-06
3409,0.9935802817344666,0.006419718265533447,1.253312587738037,0.018888646736741066,110,3.7314100463728006e-06
3410,0.9937565922737122,0.006243407726287842,1.2609567642211914,0.01879054121673107,111,3.5448395440541604e-06
3411,0.9935426712036133,0.006457328796386719,1.268755555152893,0.019080311059951782,111,3.5448395440541604e-06
3412,0.993614912033081,0.006385087966918945,1.268483281135559,0.019006069749593735,111,3.5448395440541604e-06
3413,0.9935147166252136,0.006485283374786377,1.27892005443573,0.01920963078737259,111,3.5448395440541604e-06
3414,0.9936348795890808,0.0063651204109191895,1.2606106996536255,0.0189075767993927,111,3.5448395440541604e-06
3415,0.9936401844024658,0.00635981559753418,1.270743727684021,0.01900365576148033,111,3.5448395440541604e-06
3416,0.993466854095459,0.006533145904541016,1.2680766582489014,0.019148580729961395,111,3.5448395440541604e-06
3417,0.9934883713722229,0.0065116286277771,1.2607709169387817,0.019054220989346504,111,3.5448395440541604e-06
3418,0.9936290383338928,0.006370961666107178,1.268320083618164,0.018990453332662582,111,3.5448395440541604e-06
3419,0.9935533404350281,0.006446659564971924,1.2440211772918701,0.018822403624653816,111,3.5448395440541604e-06
3420,0.9935540556907654,0.006445944309234619,1.2549140453338623,0.018930625170469284,111,3.5448395440541604e-06
3421,0.9937546849250793,0.006245315074920654,1.250388741493225,0.018686749041080475,111,3.5448395440541604e-06
3422,0.9933614730834961,0.006638526916503906,1.2656630277633667,0.019228771328926086,111,3.5448395440541604e-06
3423,0.9935033917427063,0.006496608257293701,1.2621499300003052,0.01905314065515995,111,3.5448395440541604e-06
3424,0.9934203624725342,0.00657963752746582,1.256210207939148,0.019075943157076836,111,3.5448395440541604e-06
3425,0.9935324192047119,0.006467580795288086,1.2713602781295776,0.019116507843136787,111,3.5448395440541604e-06
3426,0.9935837388038635,0.006416261196136475,1.257002353668213,0.018922122195363045,111,3.5448395440541604e-06
3427,0.9936350584030151,0.006364941596984863,1.261051893234253,0.018911810591816902,111,3.5448395440541604e-06
3428,0.9936087727546692,0.0063912272453308105,1.2561514377593994,0.01888882927596569,111,3.5448395440541604e-06
3429,0.9935028553009033,0.00649714469909668,1.2687135934829712,0.01911930926144123,111,3.5448395440541604e-06
3430,0.9935221076011658,0.0064778923988342285,1.2667202949523926,0.01908031478524208,111,3.5448395440541604e-06
3431,0.9934256076812744,0.006574392318725586,1.2626276016235352,0.019134923815727234,111,3.5448395440541604e-06
3432,0.9933356642723083,0.00666433572769165,1.2645289897918701,0.01924298144876957,111,3.5448395440541604e-06
3433,0.9935190677642822,0.0064809322357177734,1.2650771141052246,0.01906689442694187,111,3.5448395440541604e-06
3434,0.9934790134429932,0.006520986557006836,1.2651513814926147,0.019107289612293243,111,3.5448395440541604e-06
3435,0.9936545491218567,0.0063454508781433105,1.2612884044647217,0.018894881010055542,111,3.5448395440541604e-06
3436,0.993526041507721,0.006473958492279053,1.2515240907669067,0.01892445981502533,111,3.5448395440541604e-06
3437,0.9935510158538818,0.006448984146118164,1.266743540763855,0.01905192993581295,111,3.5448395440541604e-06
3438,0.993648111820221,0.006351888179779053,1.2612502574920654,0.01890087127685547,111,3.5448395440541604e-06
3439,0.9936642050743103,0.006335794925689697,1.2568631172180176,0.01884106919169426,111,3.5448395440541604e-06
3440,0.9935892820358276,0.006410717964172363,1.2626380920410156,0.018972991034388542,111,3.5448395440541604e-06
3441,0.9936543703079224,0.006345629692077637,1.2501959800720215,0.018784133717417717,112,3.3675975668514524e-06
3442,0.9934021234512329,0.00659787654876709,1.2799136638641357,0.019331034272909164,112,3.3675975668514524e-06
3443,0.9935365915298462,0.006463408470153809,1.2644622325897217,0.019043397158384323,112,3.3675975668514524e-06
3444,0.9934433102607727,0.006556689739227295,1.2622833251953125,0.01911395601928234,112,3.3675975668514524e-06
3445,0.9936138987541199,0.006386101245880127,1.2513428926467896,0.01883566938340664,112,3.3675975668514524e-06
3446,0.9934773445129395,0.006522655487060547,1.2666356563568115,0.019123785197734833,112,3.3675975668514524e-06
3447,0.9934768676757812,0.00652313232421875,1.2576236724853516,0.019034137949347496,112,3.3675975668514524e-06
3448,0.9934222102165222,0.006577789783477783,1.2665178775787354,0.019177190959453583,112,3.3675975668514524e-06
3449,0.9937707185745239,0.006229281425476074,1.2610260248184204,0.01877724938094616,112,3.3675975668514524e-06
3450,0.9935985207557678,0.006401479244232178,1.2609045505523682,0.018946509808301926,112,3.3675975668514524e-06
3451,0.993509829044342,0.006490170955657959,1.2743676900863647,0.019168946892023087,112,3.3675975668514524e-06
3452,0.9934258460998535,0.006574153900146484,1.2622501850128174,0.01913091354072094,112,3.3675975668514524e-06
3453,0.9936316013336182,0.006368398666381836,1.2685524225234985,0.01899023912847042,112,3.3675975668514524e-06
3454,0.9935583472251892,0.006441652774810791,1.26968514919281,0.0190740879625082,112,3.3675975668514524e-06
3455,0.9933990240097046,0.00660097599029541,1.2575370073318481,0.019110335037112236,112,3.3675975668514524e-06
3456,0.9935900568962097,0.006409943103790283,1.2524065971374512,0.018869910389184952,112,3.3675975668514524e-06
3457,0.9935082197189331,0.0064917802810668945,1.2725833654403687,0.019152697175741196,112,3.3675975668514524e-06
3458,0.9934425354003906,0.006557464599609375,1.264717936515808,0.019139070063829422,112,3.3675975668514524e-06
3459,0.9935093522071838,0.006490647792816162,1.260901927947998,0.01903476007282734,112,3.3675975668514524e-06
3460,0.9934172630310059,0.006582736968994141,1.265012264251709,0.019167032092809677,112,3.3675975668514524e-06
3461,0.9935752153396606,0.0064247846603393555,1.2590649127960205,0.018951185047626495,112,3.3675975668514524e-06
3462,0.9935441017150879,0.006455898284912109,1.2576911449432373,0.01896825060248375,112,3.3675975668514524e-06
3463,0.9936760663986206,0.0063239336013793945,1.263010025024414,0.01889079436659813,112,3.3675975668514524e-06
3464,0.9939295053482056,0.006070494651794434,1.2569035291671753,0.018578825518488884,112,3.3675975668514524e-06
3465,0.9934669137001038,0.00653308629989624,1.2651803493499756,0.019119558855891228,112,3.3675975668514524e-06
3466,0.9935466051101685,0.006453394889831543,1.2608853578567505,0.018997713923454285,112,3.3675975668514524e-06
3467,0.9936314821243286,0.006368517875671387,1.261699914932251,0.018921831622719765,112,3.3675975668514524e-06
3468,0.993493378162384,0.006506621837615967,1.2692784070968628,0.019134338945150375,112,3.3675975668514524e-06
3469,0.9936395287513733,0.006360471248626709,1.2667357921600342,0.018964223563671112,112,3.3675975668514524e-06
3470,0.9935741424560547,0.0064258575439453125,1.2557685375213623,0.018919285386800766,112,3.3675975668514524e-06
3471,0.9938627481460571,0.006137251853942871,1.2474998235702515,0.018550876528024673,112,3.3675975668514524e-06
3472,0.993670642375946,0.006329357624053955,1.2597681283950806,0.018863745033740997,113,3.1992176885088796e-06
3473,0.9934020638465881,0.006597936153411865,1.2628402709960938,0.019160360097885132,113,3.1992176885088796e-06
3474,0.9933639168739319,0.006636083126068115,1.2640600204467773,0.019210321828722954,113,3.1992176885088796e-06
3475,0.9935711026191711,0.006428897380828857,1.262938380241394,0.01899399235844612,113,3.1992176885088796e-06
3476,0.9935055375099182,0.006494462490081787,1.2698841094970703,0.019128357991576195,113,3.1992176885088796e-06
3477,0.9935435652732849,0.006456434726715088,1.2622559070587158,0.019014429301023483,113,3.1992176885088796e-06
3478,0.9934177398681641,0.0065822601318359375,1.2674633264541626,0.019191071391105652,113,3.1992176885088796e-06
3479,0.9936729073524475,0.00632709264755249,1.2565991878509521,0.018829813227057457,113,3.1992176885088796e-06
3480,0.9935054183006287,0.006494581699371338,1.2714691162109375,0.019144326448440552,113,3.1992176885088796e-06
3481,0.9937145709991455,0.006285429000854492,1.2562336921691895,0.018784910440444946,113,3.1992176885088796e-06
3482,0.9936818480491638,0.006318151950836182,1.2690175771713257,0.01894514635205269,113,3.1992176885088796e-06
3483,0.9934797286987305,0.006520271301269531,1.2642937898635864,0.019098006188869476,113,3.1992176885088796e-06
3484,0.9936472773551941,0.006352722644805908,1.2624419927597046,0.018913615494966507,113,3.1992176885088796e-06
3485,0.993550717830658,0.006449282169342041,1.2679179906845093,0.01906396821141243,113,3.1992176885088796e-06
3486,0.9934980869293213,0.006501913070678711,1.2726463079452515,0.019163357093930244,113,3.1992176885088796e-06
3487,0.9934824109077454,0.006517589092254639,1.263370156288147,0.019086115062236786,113,3.1992176885088796e-06
3488,0.9935327172279358,0.006467282772064209,1.2630667686462402,0.01903327740728855,113,3.1992176885088796e-06
3489,0.9936676621437073,0.006332337856292725,1.261376976966858,0.018882784992456436,113,3.1992176885088796e-06
3490,0.9935604333877563,0.006439566612243652,1.264862298965454,0.019023792818188667,113,3.1992176885088796e-06
3491,0.9935939908027649,0.006406009197235107,1.247925043106079,0.018821198493242264,113,3.1992176885088796e-06
3492,0.9935786724090576,0.006421327590942383,1.2736525535583496,0.01909364014863968,113,3.1992176885088796e-06
3493,0.9935141205787659,0.006485879421234131,1.2647955417633057,0.019068975001573563,113,3.1992176885088796e-06
3494,0.9936676621437073,0.006332337856292725,1.2601842880249023,0.01887085661292076,113,3.1992176885088796e-06
3495,0.9933860301971436,0.006613969802856445,1.2746402025222778,0.01929423213005066,113,3.1992176885088796e-06
3496,0.993475079536438,0.006524920463562012,1.2580606937408447,0.01904027909040451,113,3.1992176885088796e-06
3497,0.9937570095062256,0.006242990493774414,1.2389775514602661,0.01857033558189869,113,3.1992176885088796e-06
3498,0.9936410784721375,0.006358921527862549,1.2492822408676147,0.018788155168294907,113,3.1992176885088796e-06
3499,0.9935261011123657,0.006473898887634277,1.2623711824417114,0.01903287135064602,113,3.1992176885088796e-06
3500,0.9935823678970337,0.006417632102966309,1.258575677871704,0.01893921196460724,113,3.1992176885088796e-06
3501,0.9934226870536804,0.00657731294631958,1.272963285446167,0.019241172820329666,113,3.1992176885088796e-06
3502,0.9935857057571411,0.006414294242858887,1.2472329139709473,0.018822479993104935,113,3.1992176885088796e-06
3503,0.9936124086380005,0.006387591361999512,1.2562968730926514,0.018886685371398926,114,3.0392568040834356e-06
3504,0.9934755563735962,0.006524443626403809,1.2650582790374756,0.019109781831502914,114,3.0392568040834356e-06
3505,0.9935575723648071,0.006442427635192871,1.2681940793991089,0.01905994489789009,114,3.0392568040834356e-06
3506,0.9935056567192078,0.006494343280792236,1.257408618927002,0.01900348626077175,114,3.0392568040834356e-06
3507,0.9933276176452637,0.006672382354736328,1.266588568687439,0.019271545112133026,114,3.0392568040834356e-06
3508,0.9936090111732483,0.006390988826751709,1.2676717042922974,0.019003795459866524,114,3.0392568040834356e-06
3509,0.9936137199401855,0.006386280059814453,1.2599174976348877,0.018921591341495514,114,3.0392568040834356e-06
3510,0.993525505065918,0.006474494934082031,1.2631492614746094,0.019041242077946663,114,3.0392568040834356e-06
3511,0.9934738278388977,0.006526172161102295,1.2656419277191162,0.0191173292696476,114,3.0392568040834356e-06
3512,0.9937194585800171,0.00628054141998291,1.257755994796753,0.018795296549797058,114,3.0392568040834356e-06
3513,0.9937213063240051,0.006278693675994873,1.2525736093521118,0.01874164119362831,114,3.0392568040834356e-06
3514,0.993522047996521,0.006477952003479004,1.2645981311798096,0.019059153273701668,114,3.0392568040834356e-06
3515,0.9935257434844971,0.00647425651550293,1.2591172456741333,0.019000686705112457,114,3.0392568040834356e-06
3516,0.993800938129425,0.006199061870574951,1.2690929174423218,0.018828000873327255,114,3.0392568040834356e-06
3517,0.9933801889419556,0.006619811058044434,1.2632489204406738,0.019186101853847504,114,3.0392568040834356e-06
3518,0.9934561252593994,0.006543874740600586,1.264694333076477,0.019125379621982574,114,3.0392568040834356e-06
3519,0.9936120510101318,0.006387948989868164,1.2649508714675903,0.01897357776761055,114,3.0392568040834356e-06
3520,0.993584156036377,0.006415843963623047,1.253329873085022,0.018884984776377678,114,3.0392568040834356e-06
3521,0.9936133623123169,0.0063866376876831055,1.2564330101013184,0.018887100741267204,114,3.0392568040834356e-06
3522,0.9935533404350281,0.006446659564971924,1.2638616561889648,0.0190208088606596,114,3.0392568040834356e-06
3523,0.9937373399734497,0.006262660026550293,1.255502462387085,0.018755057826638222,114,3.0392568040834356e-06
3524,0.9935755133628845,0.0064244866371154785,1.2601652145385742,0.018961893394589424,114,3.0392568040834356e-06
3525,0.9935057759284973,0.0064942240715026855,1.2704901695251465,0.01913418248295784,114,3.0392568040834356e-06
3526,0.9934650659561157,0.006534934043884277,1.2736049890518188,0.01920563355088234,114,3.0392568040834356e-06
3527,0.9935773611068726,0.006422638893127441,1.26338791847229,0.018992291763424873,114,3.0392568040834356e-06
3528,0.9935817122459412,0.006418287754058838,1.268536925315857,0.019039474427700043,114,3.0392568040834356e-06
3529,0.9935247898101807,0.006475210189819336,1.262519359588623,0.01903565227985382,114,3.0392568040834356e-06
3530,0.9934845566749573,0.006515443325042725,1.2756761312484741,0.019207049161195755,114,3.0392568040834356e-06
3531,0.9935213923454285,0.006478607654571533,1.2686306238174438,0.01910012774169445,114,3.0392568040834356e-06
3532,0.993587076663971,0.006412923336029053,1.2439955472946167,0.01878874935209751,114,3.0392568040834356e-06
3533,0.9935570359230042,0.00644296407699585,1.2533377408981323,0.01891191117465496,114,3.0392568040834356e-06
3534,0.9937964677810669,0.0062035322189331055,1.2574617862701416,0.01871611550450325,115,2.8872939638792635e-06
3535,0.9935615062713623,0.006438493728637695,1.2614259719848633,0.018988369032740593,115,2.8872939638792635e-06
3536,0.9936540722846985,0.006345927715301514,1.2536741495132446,0.018819209188222885,115,2.8872939638792635e-06
3537,0.9936181902885437,0.006381809711456299,1.2642338275909424,0.01896033063530922,115,2.8872939638792635e-06
3538,0.9934757351875305,0.006524264812469482,1.2613645792007446,0.019072668626904488,115,2.8872939638792635e-06
3539,0.9935212135314941,0.006478786468505859,1.260555386543274,0.01901955157518387,115,2.8872939638792635e-06
3540,0.9936285614967346,0.006371438503265381,1.253713607788086,0.018844859674572945,115,2.8872939638792635e-06
3541,0.9935498833656311,0.0064501166343688965,1.259549617767334,0.01898111216723919,115,2.8872939638792635e-06
3542,0.9934390783309937,0.006560921669006348,1.2692396640777588,0.01918770931661129,115,2.8872939638792635e-06
3543,0.9935855865478516,0.0064144134521484375,1.2613962888717651,0.01896423101425171,115,2.8872939638792635e-06
3544,0.9934082627296448,0.006591737270355225,1.2680410146713257,0.019206229597330093,115,2.8872939638792635e-06
3545,0.993523120880127,0.006476879119873047,1.2530083656311035,0.018942194059491158,115,2.8872939638792635e-06
3546,0.9933461546897888,0.006653845310211182,1.2719780206680298,0.01930708810687065,115,2.8872939638792635e-06
3547,0.9933943748474121,0.006605625152587891,1.2636194229125977,0.019175762310624123,115,2.8872939638792635e-06
3548,0.9936816692352295,0.006318330764770508,1.2455869913101196,0.018711017444729805,115,2.8872939638792635e-06
3549,0.9935656785964966,0.006434321403503418,1.262595295906067,0.01899592950940132,115,2.8872939638792635e-06
3550,0.9937918186187744,0.006208181381225586,1.2522715330123901,0.01866881549358368,115,2.8872939638792635e-06
3551,0.9936856031417847,0.006314396858215332,1.2797337770462036,0.01904859021306038,115,2.8872939638792635e-06
3552,0.9936673641204834,0.0063326358795166016,1.2596778869628906,0.01886608824133873,115,2.8872939638792635e-06
3553,0.9935054183006287,0.006494581699371338,1.272538661956787,0.019155021756887436,115,2.8872939638792635e-06
3554,0.9935364127159119,0.006463587284088135,1.266573190689087,0.019064683467149734,115,2.8872939638792635e-06
3555,0.9934723973274231,0.006527602672576904,1.2668739557266235,0.019131066277623177,115,2.8872939638792635e-06
3556,0.99356609582901,0.00643390417098999,1.2730218172073364,0.019099783152341843,115,2.8872939638792635e-06
3557,0.9934844374656677,0.006515562534332275,1.2655129432678223,0.019105535000562668,115,2.8872939638792635e-06
3558,0.9935482740402222,0.006451725959777832,1.2624051570892334,0.019011259078979492,115,2.8872939638792635e-06
3559,0.9935753345489502,0.006424665451049805,1.26316237449646,0.018992042168974876,115,2.8872939638792635e-06
3560,0.993579626083374,0.0064203739166259766,1.2575712203979492,0.018931882455945015,115,2.8872939638792635e-06
3561,0.9936046004295349,0.006395399570465088,1.263321042060852,0.018964655697345734,115,2.8872939638792635e-06
3562,0.9934623837471008,0.00653761625289917,1.2631354331970215,0.01910359412431717,115,2.8872939638792635e-06
3563,0.9934905767440796,0.00650942325592041,1.2665352821350098,0.019109681248664856,115,2.8872939638792635e-06
3564,0.993587076663971,0.006412923336029053,1.253900408744812,0.018887799233198166,115,2.8872939638792635e-06
3565,0.9935661554336548,0.006433844566345215,1.2627731561660767,0.01899723708629608,116,2.7429292656853003e-06
3566,0.9936022758483887,0.006397724151611328,1.264316439628601,0.018976911902427673,116,2.7429292656853003e-06
3567,0.9934428930282593,0.006557106971740723,1.2710509300231934,0.01920204423367977,116,2.7429292656853003e-06
3568,0.9936327934265137,0.006367206573486328,1.2593343257904053,0.018896877765655518,116,2.7429292656853003e-06
3569,0.9935721755027771,0.0064278244972229,1.267551064491272,0.019039057195186615,116,2.7429292656853003e-06
3570,0.9937450289726257,0.006254971027374268,1.265238881111145,0.018844809383153915,116,2.7429292656853003e-06
3571,0.9935317039489746,0.006468296051025391,1.258584976196289,0.01898946240544319,116,2.7429292656853003e-06
3572,0.9934403300285339,0.0065596699714660645,1.2586090564727783,0.019080163910984993,116,2.7429292656853003e-06
3573,0.9937293529510498,0.006270647048950195,1.2651764154434204,0.018859704956412315,116,2.7429292656853003e-06
3574,0.9935917258262634,0.006408274173736572,1.2672475576400757,0.01901666633784771,116,2.7429292656853003e-06
3575,0.9935381412506104,0.0064618587493896484,1.2657376527786255,0.01905461587011814,116,2.7429292656853003e-06
3576,0.9934415817260742,0.006558418273925781,1.2623299360275269,0.019116133451461792,116,2.7429292656853003e-06
3577,0.9934713840484619,0.006528615951538086,1.2646453380584717,0.019109783694148064,116,2.7429292656853003e-06
3578,0.9936035871505737,0.0063964128494262695,1.2602773904800415,0.018935222178697586,116,2.7429292656853003e-06
3579,0.9934983849525452,0.006501615047454834,1.277845025062561,0.019215049222111702,116,2.7429292656853003e-06
3580,0.9937052130699158,0.0062947869300842285,1.2470217943191528,0.018702056258916855,116,2.7429292656853003e-06
3581,0.9935752153396606,0.0064247846603393555,1.2691431045532227,0.019051967188715935,116,2.7429292656853003e-06
3582,0.9935489296913147,0.006451070308685303,1.26368248462677,0.019023384898900986,116,2.7429292656853003e-06
3583,0.9935475587844849,0.006452441215515137,1.265175700187683,0.01903967373073101,116,2.7429292656853003e-06
3584,0.9936156272888184,0.006384372711181641,1.266102910041809,0.018981557339429855,116,2.7429292656853003e-06
3585,0.9937217235565186,0.006278276443481445,1.2566280364990234,0.01878177374601364,116,2.7429292656853003e-06
3586,0.9936099648475647,0.006390035152435303,1.2515047788619995,0.018841182813048363,116,2.7429292656853003e-06
3587,0.9934288859367371,0.0065711140632629395,1.2691307067871094,0.019196709617972374,116,2.7429292656853003e-06
3588,0.9934931397438049,0.006506860256195068,1.2526955604553223,0.018968746066093445,116,2.7429292656853003e-06
3589,0.9934543371200562,0.006545662879943848,1.2700780630111694,0.019180987030267715,116,2.7429292656853003e-06
3590,0.9936333298683167,0.00636667013168335,1.243648886680603,0.0187394917011261,116,2.7429292656853003e-06
3591,0.9935169816017151,0.006483018398284912,1.2573541402816772,0.018991729244589806,116,2.7429292656853003e-06
3592,0.9935387969017029,0.006461203098297119,1.2533142566680908,0.018929732963442802,116,2.7429292656853003e-06
3593,0.9936189651489258,0.006381034851074219,1.2517056465148926,0.018834281712770462,116,2.7429292656853003e-06
3594,0.9934629797935486,0.006537020206451416,1.2771960496902466,0.01924361102283001,116,2.7429292656853003e-06
3595,0.993391752243042,0.006608247756958008,1.2710171937942505,0.019252337515354156,116,2.7429292656853003e-06
3596,0.993561327457428,0.0064386725425720215,1.2536120414733887,0.018910406157374382,117,2.605782802401035e-06
3597,0.9934869408607483,0.006513059139251709,1.2611032724380493,0.019058961421251297,117,2.605782802401035e-06
3598,0.9935296773910522,0.006470322608947754,1.2689927816390991,0.01909554749727249,117,2.605782802401035e-06
3599,0.9936663508415222,0.006333649158477783,1.2567672729492188,0.018837984651327133,117,2.605782802401035e-06
3600,0.9935933947563171,0.006406605243682861,1.2690221071243286,0.019032759591937065,117,2.605782802401035e-06
3601,0.993617594242096,0.006382405757904053,1.2571935653686523,0.018890516832470894,117,2.605782802401035e-06
3602,0.9934424757957458,0.00655752420425415,1.264525055885315,0.019137199968099594,117,2.605782802401035e-06
3603,0.9934082627296448,0.006591737270355225,1.2590638399124146,0.019116457551717758,117,2.605782802401035e-06
3604,0.9937378764152527,0.0062621235847473145,1.2606209516525269,0.018805712461471558,117,2.605782802401035e-06
3605,0.9936688542366028,0.006331145763397217,1.2591944932937622,0.018859779462218285,117,2.605782802401035e-06
3606,0.9935879707336426,0.006412029266357422,1.269202709197998,0.019039936363697052,117,2.605782802401035e-06
3607,0.9936253428459167,0.006374657154083252,1.2647098302841187,0.01895800791680813,117,2.605782802401035e-06
3608,0.9936153292655945,0.006384670734405518,1.258070707321167,0.018901530653238297,117,2.605782802401035e-06
3609,0.9936231374740601,0.006376862525939941,1.2555716037750244,0.018868809565901756,117,2.605782802401035e-06
3610,0.9932528138160706,0.006747186183929443,1.2661473751068115,0.019341187551617622,117,2.605782802401035e-06
3611,0.9935025572776794,0.006497442722320557,1.2676987648010254,0.0191094558686018,117,2.605782802401035e-06
3612,0.9935243129730225,0.006475687026977539,1.2668203115463257,0.019079133868217468,117,2.605782802401035e-06
3613,0.9935747981071472,0.006425201892852783,1.2577961683273315,0.018938910216093063,117,2.605782802401035e-06
3614,0.9935845732688904,0.006415426731109619,1.248962163925171,0.018840894103050232,117,2.605782802401035e-06
3615,0.9936173558235168,0.006382644176483154,1.2614575624465942,0.01893339306116104,117,2.605782802401035e-06
3616,0.993512749671936,0.006487250328063965,1.2741209268569946,0.0191635861992836,117,2.605782802401035e-06
3617,0.9935299158096313,0.006470084190368652,1.2618123292922974,0.019023505970835686,117,2.605782802401035e-06
3618,0.9935869574546814,0.0064130425453186035,1.253968358039856,0.018888594582676888,117,2.605782802401035e-06
3619,0.9936166405677795,0.006383359432220459,1.2645282745361328,0.01896480843424797,117,2.605782802401035e-06
3620,0.9935433864593506,0.006456613540649414,1.272882342338562,0.019120870158076286,117,2.605782802401035e-06
3621,0.9934952855110168,0.006504714488983154,1.2644355297088623,0.01908402144908905,117,2.605782802401035e-06
3622,0.9935211539268494,0.006478846073150635,1.259519100189209,0.019009247422218323,117,2.605782802401035e-06
3623,0.9935974478721619,0.006402552127838135,1.2589813470840454,0.018928339704871178,117,2.605782802401035e-06
3624,0.9935097694396973,0.006490230560302734,1.2680442333221436,0.01910576969385147,117,2.605782802401035e-06
3625,0.993767499923706,0.006232500076293945,1.2600293159484863,0.01877046748995781,117,2.605782802401035e-06
3626,0.9933982491493225,0.00660175085067749,1.27341628074646,0.019269896671175957,117,2.605782802401035e-06
3627,0.9936133027076721,0.006386697292327881,1.2662293910980225,0.018985124304890633,118,2.475493662280983e-06
3628,0.9934253096580505,0.006574690341949463,1.2645738124847412,0.019154682755470276,118,2.475493662280983e-06
3629,0.9937090873718262,0.006290912628173828,1.2587579488754272,0.018815582618117332,118,2.475493662280983e-06
3630,0.9935802817344666,0.006419718265533447,1.2668631076812744,0.01902415230870247,118,2.475493662280983e-06
3631,0.9936646223068237,0.0063353776931762695,1.2590879201889038,0.018862903118133545,118,2.475493662280983e-06
3632,0.9934953451156616,0.006504654884338379,1.2591087818145752,0.019030695781111717,118,2.475493662280983e-06
3633,0.9933513402938843,0.006648659706115723,1.2728294134140015,0.019310466945171356,118,2.475493662280983e-06
3634,0.9935483932495117,0.006451606750488281,1.2595716714859009,0.01898280717432499,118,2.475493662280983e-06
3635,0.9935846924781799,0.006415307521820068,1.2521157264709473,0.01887231133878231,118,2.475493662280983e-06
3636,0.9937299489974976,0.006270051002502441,1.2586647272109985,0.018793996423482895,118,2.475493662280983e-06
3637,0.9937049150466919,0.0062950849533081055,1.266202688217163,0.01889416202902794,118,2.475493662280983e-06
3638,0.9936165809631348,0.006383419036865234,1.2566090822219849,0.018885675817728043,118,2.475493662280983e-06
3639,0.9936227798461914,0.006377220153808594,1.2429124116897583,0.018742572516202927,118,2.475493662280983e-06
3640,0.993442952632904,0.006557047367095947,1.2652430534362793,0.019143907353281975,118,2.475493662280983e-06
3641,0.9934620261192322,0.006537973880767822,1.2690623998641968,0.019163217395544052,118,2.475493662280983e-06
3642,0.9936658143997192,0.006334185600280762,1.2562789916992188,0.01883363351225853,118,2.475493662280983e-06
3643,0.993404746055603,0.006595253944396973,1.2622588872909546,0.01915188878774643,118,2.475493662280983e-06
3644,0.9934177994728088,0.006582200527191162,1.2686320543289185,0.01920269802212715,118,2.475493662280983e-06
3645,0.9934204816818237,0.0065795183181762695,1.2721092700958252,0.01923481561243534,118,2.475493662280983e-06
3646,0.9936634302139282,0.006336569786071777,1.2537100315093994,0.018810303881764412,118,2.475493662280983e-06
3647,0.9935071468353271,0.0064928531646728516,1.2647740840911865,0.0190756656229496,118,2.475493662280983e-06
3648,0.993675172328949,0.006324827671051025,1.252610206604004,0.018787680193781853,118,2.475493662280983e-06
3649,0.9934530854225159,0.006546914577484131,1.275592565536499,0.019237371161580086,118,2.475493662280983e-06
3650,0.9937233924865723,0.006276607513427734,1.2546415328979492,0.018760256469249725,118,2.475493662280983e-06
3651,0.9935823678970337,0.006417632102966309,1.26138436794281,0.018967298790812492,118,2.475493662280983e-06
3652,0.99355149269104,0.006448507308959961,1.2643382549285889,0.019027404487133026,118,2.475493662280983e-06
3653,0.9938254952430725,0.00617450475692749,1.256396770477295,0.018676728010177612,118,2.475493662280983e-06
3654,0.9934350252151489,0.006564974784851074,1.2695053815841675,0.019194379448890686,118,2.475493662280983e-06
3655,0.9934812784194946,0.006518721580505371,1.264333963394165,0.019096873700618744,118,2.475493662280983e-06
3656,0.9934439063072205,0.006556093692779541,1.2782560586929321,0.019273092970252037,118,2.475493662280983e-06
3657,0.9935500621795654,0.00644993782043457,1.2632309198379517,0.019017746672034264,118,2.475493662280983e-06
3658,0.9937757849693298,0.006224215030670166,1.263961911201477,0.01880159229040146,119,2.351718979166934e-06
3659,0.9934782385826111,0.006521761417388916,1.2562998533248901,0.019019542261958122,119,2.351718979166934e-06
3660,0.9935029149055481,0.006497085094451904,1.2647626399993896,0.019079741090536118,119,2.351718979166934e-06
3661,0.9936287999153137,0.006371200084686279,1.2527867555618286,0.01883535459637642,119,2.351718979166934e-06
3662,0.9934394955635071,0.00656050443649292,1.26422119140625,0.01913711056113243,119,2.351718979166934e-06
3663,0.993593156337738,0.006406843662261963,1.2696043252944946,0.019038818776607513,119,2.351718979166934e-06
3664,0.9935340881347656,0.006465911865234375,1.262162685394287,0.019022878259420395,119,2.351718979166934e-06
3665,0.9937095046043396,0.0062904953956604,1.2559870481491089,0.018787460401654243,119,2.351718979166934e-06
3666,0.9937188029289246,0.0062811970710754395,1.2670615911483765,0.01888900063931942,119,2.351718979166934e-06
3667,0.9937913417816162,0.006208658218383789,1.2531846761703491,0.018678419291973114,119,2.351718979166934e-06
3668,0.9935958981513977,0.006404101848602295,1.2565534114837646,0.01890559494495392,119,2.351718979166934e-06
3669,0.9933792948722839,0.0066207051277160645,1.2666301727294922,0.019220799207687378,119,2.351718979166934e-06
3670,0.9935495853424072,0.0064504146575927734,1.2770668268203735,0.019156578928232193,119,2.351718979166934e-06
3671,0.9933847784996033,0.0066152215003967285,1.2687796354293823,0.019236864522099495,119,2.351718979166934e-06
3672,0.9936957955360413,0.00630420446395874,1.244952917098999,0.018690690398216248,119,2.351718979166934e-06
3673,0.9934931993484497,0.006506800651550293,1.2652236223220825,0.019093967974185944,119,2.351718979166934e-06
3674,0.9937037229537964,0.006296277046203613,1.2568633556365967,0.018801948055624962,119,2.351718979166934e-06
3675,0.9937715530395508,0.006228446960449219,1.2483769655227661,0.018649931997060776,119,2.351718979166934e-06
3676,0.993630051612854,0.006369948387145996,1.273445725440979,0.019040705636143684,119,2.351718979166934e-06
3677,0.9934402704238892,0.00655972957611084,1.2704286575317383,0.019198419526219368,119,2.351718979166934e-06
3678,0.9935445785522461,0.006455421447753906,1.2614774703979492,0.01900564134120941,119,2.351718979166934e-06
3679,0.9934545755386353,0.006545424461364746,1.2635259628295898,0.019115228205919266,119,2.351718979166934e-06
3680,0.9933809638023376,0.0066190361976623535,1.2681729793548584,0.01923457533121109,119,2.351718979166934e-06
3681,0.993326723575592,0.006673276424407959,1.2789497375488281,0.019396040588617325,119,2.351718979166934e-06
3682,0.9936211705207825,0.006378829479217529,1.2526795864105225,0.018841836601495743,119,2.351718979166934e-06
3683,0.9937673807144165,0.006232619285583496,1.2486119270324707,0.01865641213953495,119,2.351718979166934e-06
3684,0.99360191822052,0.0063980817794799805,1.2629072666168213,0.018963173031806946,119,2.351718979166934e-06
3685,0.9934008717536926,0.006599128246307373,1.2696044445037842,0.019229181110858917,119,2.351718979166934e-06
3686,0.9934341907501221,0.00656580924987793,1.2665432691574097,0.019165582954883575,119,2.351718979166934e-06
3687,0.9934514760971069,0.006548523902893066,1.264975666999817,0.019132794812321663,119,2.351718979166934e-06
3688,0.9935141801834106,0.0064858198165893555,1.2548385858535767,0.018969345837831497,119,2.351718979166934e-06
3689,0.9935488104820251,0.0064511895179748535,1.2598516941070557,0.018985193222761154,120,2.234133030208587e-06
3690,0.9935333728790283,0.00646662712097168,1.2636932134628296,0.019038893282413483,120,2.234133030208587e-06
3691,0.9934787154197693,0.006521284580230713,1.2657078504562378,0.019113149493932724,120,2.234133030208587e-06
3692,0.9933997988700867,0.00660020112991333,1.2660363912582397,0.01919456198811531,120,2.234133030208587e-06
3693,0.9938098192214966,0.006190180778503418,1.2628552913665771,0.01875683106482029,120,2.234133030208587e-06
3694,0.9934905767440796,0.00650942325592041,1.2482692003250122,0.018927020952105522,120,2.234133030208587e-06
3695,0.99363774061203,0.006362259387969971,1.2757998704910278,0.019056634977459908,120,2.234133030208587e-06
3696,0.9936437606811523,0.006356239318847656,1.2502775192260742,0.018795451149344444,120,2.234133030208587e-06
3697,0.9935435056686401,0.006456494331359863,1.2784868478775024,0.019176797941327095,120,2.234133030208587e-06
3698,0.9934937953948975,0.006506204605102539,1.2645965814590454,0.019087107852101326,120,2.234133030208587e-06
3699,0.993638813495636,0.006361186504364014,1.248753547668457,0.018785109743475914,120,2.234133030208587e-06
3700,0.9934061765670776,0.006593823432922363,1.2692785263061523,0.01922067068517208,120,2.234133030208587e-06
3701,0.9935323596000671,0.006467640399932861,1.2530300617218018,0.018933264538645744,120,2.234133030208587e-06
3702,0.9936016201972961,0.006398379802703857,1.2690355777740479,0.01902475208044052,120,2.234133030208587e-06
3703,0.9936169981956482,0.006383001804351807,1.2549934387207031,0.018869105726480484,120,2.234133030208587e-06
3704,0.9935492873191833,0.00645071268081665,1.2638777494430542,0.019024983048439026,120,2.234133030208587e-06
3705,0.9936061501502991,0.006393849849700928,1.2649816274642944,0.01897972635924816,120,2.234133030208587e-06
3706,0.9934755563735962,0.006524443626403809,1.259943962097168,0.01905863918364048,120,2.234133030208587e-06
3707,0.9933609962463379,0.006639003753662109,1.277563452720642,0.019348248839378357,120,2.234133030208587e-06
3708,0.9935142993927002,0.006485700607299805,1.2643370628356934,0.01906421408057213,120,2.234133030208587e-06
3709,0.9935317635536194,0.006468236446380615,1.2557921409606934,0.018961474299430847,120,2.234133030208587e-06
3710,0.993553102016449,0.006446897983551025,1.255987286567688,0.018942300230264664,120,2.234133030208587e-06
3711,0.9936409592628479,0.0063590407371521,1.2631515264511108,0.018926965072751045,120,2.234133030208587e-06
3712,0.9935781955718994,0.006421804428100586,1.259752631187439,0.018955113366246223,120,2.234133030208587e-06
3713,0.993511974811554,0.006488025188446045,1.2718816995620728,0.01914196088910103,120,2.234133030208587e-06
3714,0.9937347173690796,0.00626528263092041,1.2535711526870728,0.018738340586423874,120,2.234133030208587e-06
3715,0.9937147498130798,0.006285250186920166,1.2532511949539185,0.018754908815026283,120,2.234133030208587e-06
3716,0.9934921264648438,0.00650787353515625,1.2696139812469482,0.019138934090733528,120,2.234133030208587e-06
3717,0.9936067461967468,0.006393253803253174,1.2625237703323364,0.018954558297991753,120,2.234133030208587e-06
3718,0.9936225414276123,0.006377458572387695,1.2586441040039062,0.018900124356150627,120,2.234133030208587e-06
3719,0.9935118556022644,0.006488144397735596,1.2685458660125732,0.019108720123767853,120,2.234133030208587e-06
3720,0.9936268925666809,0.006373107433319092,1.2557348012924194,0.018866723403334618,121,2.1224263786981576e-06
3721,0.9934037327766418,0.006596267223358154,1.270684838294983,0.019237153232097626,121,2.1224263786981576e-06
3722,0.9935098886489868,0.006490111351013184,1.2746211290359497,0.019171420484781265,121,2.1224263786981576e-06
3723,0.9935687780380249,0.006431221961975098,1.259131669998169,0.01895822584629059,121,2.1224263786981576e-06
3724,0.9934564232826233,0.006543576717376709,1.2641879320144653,0.019120018929243088,121,2.1224263786981576e-06
3725,0.9936242699623108,0.006375730037689209,1.273903250694275,0.019051004201173782,121,2.1224263786981576e-06
3726,0.9936503171920776,0.006349682807922363,1.2451092004776,0.018737278878688812,121,2.1224263786981576e-06
3727,0.9937152862548828,0.0062847137451171875,1.2549885511398315,0.01877175271511078,121,2.1224263786981576e-06
3728,0.9934712052345276,0.006528794765472412,1.2615947723388672,0.019079454243183136,121,2.1224263786981576e-06
3729,0.993649959564209,0.006350040435791016,1.254228115081787,0.018828820437192917,121,2.1224263786981576e-06
3730,0.9937120079994202,0.006287992000579834,1.2648180723190308,0.018873292952775955,121,2.1224263786981576e-06
3731,0.993446946144104,0.006553053855895996,1.267088770866394,0.019158411771059036,121,2.1224263786981576e-06
3732,0.9935100078582764,0.006489992141723633,1.269608974456787,0.019121181219816208,121,2.1224263786981576e-06
3733,0.9934847354888916,0.0065152645111083984,1.2705796957015991,0.01915590837597847,121,2.1224263786981576e-06
3734,0.9934422373771667,0.006557762622833252,1.2774426937103271,0.019266610965132713,121,2.1224263786981576e-06
3735,0.9936699867248535,0.006330013275146484,1.2600146532058716,0.01886685937643051,121,2.1224263786981576e-06
3736,0.9935784935951233,0.006421506404876709,1.256227731704712,0.01891956850886345,121,2.1224263786981576e-06
3737,0.9937084317207336,0.006291568279266357,1.2474017143249512,0.0187026709318161,121,2.1224263786981576e-06
3738,0.9934743046760559,0.006525695323944092,1.2707017660140991,0.019167456775903702,121,2.1224263786981576e-06
3739,0.9938297867774963,0.006170213222503662,1.259240984916687,0.018700920045375824,121,2.1224263786981576e-06
3740,0.9936593174934387,0.006340682506561279,1.2729432582855225,0.01900670863687992,121,2.1224263786981576e-06
3741,0.9934995770454407,0.006500422954559326,1.2513556480407715,0.018948975950479507,121,2.1224263786981576e-06
3742,0.9936056137084961,0.006394386291503906,1.2629448175430298,0.018959891051054,121,2.1224263786981576e-06
3743,0.9935691952705383,0.00643080472946167,1.2549235820770264,0.018915731459856033,121,2.1224263786981576e-06
3744,0.9933612942695618,0.006638705730438232,1.266594409942627,0.019238263368606567,121,2.1224263786981576e-06
3745,0.9935045838356018,0.006495416164398193,1.2660695314407349,0.019091157242655754,121,2.1224263786981576e-06
3746,0.9936451315879822,0.006354868412017822,1.2544031143188477,0.01883535087108612,121,2.1224263786981576e-06
3747,0.9933040738105774,0.006695926189422607,1.2629523277282715,0.019258489832282066,121,2.1224263786981576e-06
3748,0.9935339689254761,0.006466031074523926,1.2653334140777588,0.019054705277085304,121,2.1224263786981576e-06
3749,0.9935747981071472,0.006425201892852783,1.2585562467575073,0.018946511670947075,121,2.1224263786981576e-06
3750,0.9935450553894043,0.006454944610595703,1.252737045288086,0.018917765468358994,121,2.1224263786981576e-06
3751,0.9935114979743958,0.006488502025604248,1.2643814086914062,0.01906743086874485,122,2.0163050597632494e-06
3752,0.9935109615325928,0.0064890384674072266,1.265246868133545,0.019076615571975708,122,2.0163050597632494e-06
3753,0.9937199950218201,0.006280004978179932,1.256826400756836,0.018785469233989716,122,2.0163050597632494e-06
3754,0.9934266209602356,0.006573379039764404,1.2559912204742432,0.019067557528614998,122,2.0163050597632494e-06
3755,0.9935721755027771,0.0064278244972229,1.2602486610412598,0.018966034054756165,122,2.0163050597632494e-06
3756,0.9936793446540833,0.006320655345916748,1.2577717304229736,0.018835166469216347,122,2.0163050597632494e-06
3757,0.9934492707252502,0.006550729274749756,1.2658257484436035,0.01914347894489765,122,2.0163050597632494e-06
3758,0.9937264919281006,0.006273508071899414,1.2595986127853394,0.018806759268045425,122,2.0163050597632494e-06
3759,0.9935845136642456,0.0064154863357543945,1.2565126419067383,0.018916457891464233,122,2.0163050597632494e-06
3760,0.9935349822044373,0.006465017795562744,1.257375955581665,0.018974127247929573,122,2.0163050597632494e-06
3761,0.9933545589447021,0.0066454410552978516,1.2606202363967896,0.01918518915772438,122,2.0163050597632494e-06
3762,0.9936495423316956,0.006350457668304443,1.2581886053085327,0.018868839368224144,122,2.0163050597632494e-06
3763,0.9936984181404114,0.006301581859588623,1.2585242986679077,0.018823808059096336,122,2.0163050597632494e-06
3764,0.9935945868492126,0.0064054131507873535,1.2734888792037964,0.01907624676823616,122,2.0163050597632494e-06
3765,0.9936460852622986,0.006353914737701416,1.2519636154174805,0.018810011446475983,122,2.0163050597632494e-06
3766,0.9935555458068848,0.006444454193115234,1.2601405382156372,0.018981415778398514,122,2.0163050597632494e-06
3767,0.9936532974243164,0.006346702575683594,1.264695167541504,0.018930187448859215,122,2.0163050597632494e-06
3768,0.9934728145599365,0.0065271854400634766,1.265486478805542,0.019116777926683426,122,2.0163050597632494e-06
3769,0.9934089779853821,0.00659102201461792,1.263865351676941,0.019163765013217926,122,2.0163050597632494e-06
3770,0.9936643242835999,0.0063356757164001465,1.2607543468475342,0.018879862502217293,122,2.0163050597632494e-06
3771,0.9934636950492859,0.006536304950714111,1.2667688131332397,0.019138630479574203,122,2.0163050597632494e-06
3772,0.993548572063446,0.006451427936553955,1.2668101787567139,0.019055014476180077,122,2.0163050597632494e-06
3773,0.9936255812644958,0.00637441873550415,1.2610688209533691,0.01892136223614216,122,2.0163050597632494e-06
3774,0.9935242533683777,0.0064757466316223145,1.2576507329940796,0.018987497314810753,122,2.0163050597632494e-06
3775,0.9935794472694397,0.006420552730560303,1.2591638565063477,0.018947985023260117,122,2.0163050597632494e-06
3776,0.9934960603713989,0.006503939628601074,1.277422547340393,0.019213125109672546,122,2.0163050597632494e-06
3777,0.9935871362686157,0.006412863731384277,1.263318657875061,0.018981920555233955,122,2.0163050597632494e-06
3778,0.9934082627296448,0.006591737270355225,1.2715766429901123,0.019241586327552795,122,2.0163050597632494e-06
3779,0.9935263991355896,0.0064736008644104,1.2707370519638062,0.019116235896945,122,2.0163050597632494e-06
3780,0.9936036467552185,0.006396353244781494,1.2653590440750122,0.01898597925901413,122,2.0163050597632494e-06
3781,0.9937663674354553,0.006233632564544678,1.2574892044067383,0.018746187910437584,122,2.0163050597632494e-06
3782,0.9937229752540588,0.006277024745941162,1.268322229385376,0.01889747753739357,123,1.915489806775087e-06
3783,0.9935836791992188,0.00641632080078125,1.272892713546753,0.019081084057688713,123,1.915489806775087e-06
3784,0.993566632270813,0.006433367729187012,1.2598226070404053,0.01896725967526436,123,1.915489806775087e-06
3785,0.9934786558151245,0.006521344184875488,1.266567587852478,0.01912180706858635,123,1.915489806775087e-06
3786,0.9935389161109924,0.006461083889007568,1.2521519660949707,0.0189179927110672,123,1.915489806775087e-06
3787,0.993415117263794,0.006584882736206055,1.2606749534606934,0.019125783815979958,123,1.915489806775087e-06
3788,0.9935833811759949,0.006416618824005127,1.2437844276428223,0.018790297210216522,123,1.915489806775087e-06
3789,0.9935296177864075,0.006470382213592529,1.2664772272109985,0.019070450216531754,123,1.915489806775087e-06
3790,0.9935564398765564,0.0064435601234436035,1.260888934135437,0.01898801326751709,123,1.915489806775087e-06
3791,0.9935839176177979,0.0064160823822021484,1.2652347087860107,0.01900426857173443,123,1.915489806775087e-06
3792,0.9935120940208435,0.006487905979156494,1.2601230144500732,0.019024256616830826,123,1.915489806775087e-06
3793,0.9935088753700256,0.006491124629974365,1.2659516334533691,0.019085729494690895,123,1.915489806775087e-06
3794,0.9935491681098938,0.006450831890106201,1.2635860443115234,0.01902218535542488,123,1.915489806775087e-06
3795,0.9933779835700989,0.006622016429901123,1.2727398872375488,0.019283194094896317,123,1.915489806775087e-06
3796,0.9934066534042358,0.00659334659576416,1.2658298015594482,0.019185710698366165,123,1.915489806775087e-06
3797,0.9934951066970825,0.0065048933029174805,1.2616981267929077,0.01905682496726513,123,1.915489806775087e-06
3798,0.993746817111969,0.006253182888031006,1.2534656524658203,0.018725307658314705,123,1.915489806775087e-06
3799,0.9935793280601501,0.0064206719398498535,1.2689330577850342,0.019045796245336533,123,1.915489806775087e-06
3800,0.9935855865478516,0.0064144134521484375,1.265137791633606,0.01900164783000946,123,1.915489806775087e-06
3801,0.9937078952789307,0.006292104721069336,1.2569581270217896,0.018798764795064926,123,1.915489806775087e-06
3802,0.993667483329773,0.006332516670227051,1.2552721500396729,0.01882191374897957,123,1.915489806775087e-06
3803,0.9935061931610107,0.006493806838989258,1.2638646364212036,0.019067514687776566,123,1.915489806775087e-06
3804,0.9936650395393372,0.006334960460662842,1.2563345432281494,0.018834955990314484,123,1.915489806775087e-06
3805,0.9937097430229187,0.006290256977081299,1.263310432434082,0.018860459327697754,123,1.915489806775087e-06
3806,0.9935665726661682,0.006433427333831787,1.2530477046966553,0.018899569287896156,123,1.915489806775087e-06
3807,0.9936335682868958,0.006366431713104248,1.2533893585205078,0.01883666031062603,123,1.915489806775087e-06
3808,0.993483304977417,0.006516695022583008,1.2524644136428833,0.01897617243230343,123,1.915489806775087e-06
3809,0.9936355352401733,0.00636446475982666,1.2609041929244995,0.018909860402345657,123,1.915489806775087e-06
3810,0.9935349225997925,0.0064650774002075195,1.2715331315994263,0.019115757197141647,123,1.915489806775087e-06
3811,0.99357008934021,0.006429910659790039,1.2812058925628662,0.019177669659256935,123,1.915489806775087e-06
3812,0.993378221988678,0.0066217780113220215,1.2711145877838135,0.019266705960035324,123,1.915489806775087e-06
3813,0.9936034679412842,0.00639653205871582,1.2375974655151367,0.018708541989326477,124,1.8197153164363325e-06
3814,0.9935385584831238,0.006461441516876221,1.2607134580612183,0.019003961235284805,124,1.8197153164363325e-06
3815,0.9934855699539185,0.006514430046081543,1.2644822597503662,0.019094109535217285,124,1.8197153164363325e-06
3816,0.993552029132843,0.006447970867156982,1.265472412109375,0.019038215279579163,124,1.8197153164363325e-06
3817,0.993385910987854,0.006614089012145996,1.2824766635894775,0.019372714683413506,124,1.8197153164363325e-06
3818,0.9936773777008057,0.006322622299194336,1.2631064653396606,0.018890460953116417,124,1.8197153164363325e-06
3819,0.9933284521102905,0.006671547889709473,1.2734321355819702,0.019339153543114662,124,1.8197153164363325e-06
3820,0.9933736324310303,0.0066263675689697266,1.2605783939361572,0.01916588842868805,124,1.8197153164363325e-06
3821,0.9938194155693054,0.00618058443069458,1.2634769678115845,0.018753547221422195,124,1.8197153164363325e-06
3822,0.993521511554718,0.006478488445281982,1.2688666582107544,0.019102370366454124,124,1.8197153164363325e-06
3823,0.9935638308525085,0.006436169147491455,1.272083044052124,0.019092638045549393,124,1.8197153164363325e-06
3824,0.9938069581985474,0.006193041801452637,1.2551409006118774,0.01868252083659172,124,1.8197153164363325e-06
3825,0.993539571762085,0.006460428237915039,1.2537627220153809,0.018933450803160667,124,1.8197153164363325e-06
3826,0.9935484528541565,0.006451547145843506,1.269712209701538,0.019084153696894646,124,1.8197153164363325e-06
3827,0.9935275912284851,0.006472408771514893,1.2685120105743408,0.019092805683612823,124,1.8197153164363325e-06
3828,0.9937111735343933,0.0062888264656066895,1.2543237209320068,0.018769174814224243,124,1.8197153164363325e-06
3829,0.9935265779495239,0.006473422050476074,1.2604879140853882,0.01901356689631939,124,1.8197153164363325e-06
3830,0.9937855005264282,0.006214499473571777,1.2653172016143799,0.018805526196956635,124,1.8197153164363325e-06
3831,0.9934913516044617,0.00650864839553833,1.2708992958068848,0.019152555614709854,124,1.8197153164363325e-06
3832,0.9936087727546692,0.0063912272453308105,1.2505658864974976,0.018832974135875702,124,1.8197153164363325e-06
3833,0.9936087131500244,0.006391286849975586,1.258347511291504,0.01891084760427475,124,1.8197153164363325e-06
3834,0.9933907985687256,0.006609201431274414,1.2721517086029053,0.019264627248048782,124,1.8197153164363325e-06
3835,0.9934145212173462,0.006585478782653809,1.2623717784881592,0.01914334110915661,124,1.8197153164363325e-06
3836,0.9938769936561584,0.006123006343841553,1.2664482593536377,0.018726259469985962,124,1.8197153164363325e-06
3837,0.9935874342918396,0.0064125657081604,1.2527780532836914,0.018876221030950546,124,1.8197153164363325e-06
3838,0.9935439825057983,0.00645601749420166,1.2519290447235107,0.01891074702143669,124,1.8197153164363325e-06
3839,0.9934996366500854,0.006500363349914551,1.2635377645492554,0.019070737063884735,124,1.8197153164363325e-06
3840,0.9937539100646973,0.006246089935302734,1.2568964958190918,0.01875259354710579,124,1.8197153164363325e-06
3841,0.9935153126716614,0.006484687328338623,1.2619693279266357,0.019039534032344818,124,1.8197153164363325e-06
3842,0.9933668375015259,0.006633162498474121,1.263249397277832,0.019199324771761894,124,1.8197153164363325e-06
3843,0.9934724569320679,0.006527543067932129,1.2574340105056763,0.019036607816815376,124,1.8197153164363325e-06
3844,0.9936860203742981,0.006313979625701904,1.2670365571975708,0.018921203911304474,125,1.7287295506145157e-06
3845,0.9934290647506714,0.006570935249328613,1.2670934200286865,0.01917615905404091,125,1.7287295506145157e-06
3846,0.9932776689529419,0.0067223310470581055,1.2747739553451538,0.019402846693992615,125,1.7287295506145157e-06
3847,0.993702232837677,0.006297767162322998,1.2653523683547974,0.018888313323259354,125,1.7287295506145157e-06
3848,0.9935621023178101,0.006437897682189941,1.2585508823394775,0.018959026783704758,125,1.7287295506145157e-06
3849,0.9936043620109558,0.0063956379890441895,1.2623043060302734,0.018954724073410034,125,1.7287295506145157e-06
3850,0.9937681555747986,0.006231844425201416,1.2618874311447144,0.018788401037454605,125,1.7287295506145157e-06
3851,0.9935085773468018,0.006491422653198242,1.2728158235549927,0.019154667854309082,125,1.7287295506145157e-06
3852,0.9934608936309814,0.006539106369018555,1.2638394832611084,0.019112110137939453,125,1.7287295506145157e-06
3853,0.9934705495834351,0.006529450416564941,1.2528860569000244,0.018993016332387924,125,1.7287295506145157e-06
3854,0.993655264377594,0.006344735622406006,1.2545218467712402,0.018826507031917572,125,1.7287295506145157e-06
3855,0.9934768080711365,0.006523191928863525,1.275924801826477,0.01921720802783966,125,1.7287295506145157e-06
3856,0.9935800433158875,0.006419956684112549,1.2606099843978882,0.01896185614168644,125,1.7287295506145157e-06
3857,0.9936037659645081,0.006396234035491943,1.2671406269073486,0.019003678113222122,125,1.7287295506145157e-06
3858,0.9934550523757935,0.006544947624206543,1.2769153118133545,0.01924864947795868,125,1.7287295506145157e-06
3859,0.9937359094619751,0.006264090538024902,1.2529475688934326,0.018730925396084785,125,1.7287295506145157e-06
3860,0.9936667084693909,0.006333291530609131,1.2709141969680786,0.01897910051047802,125,1.7287295506145157e-06
3861,0.9934903979301453,0.006509602069854736,1.258420467376709,0.019028710201382637,125,1.7287295506145157e-06
3862,0.9934701323509216,0.006529867649078369,1.2630290985107422,0.019094858318567276,125,1.7287295506145157e-06
3863,0.9936488270759583,0.006351172924041748,1.2664772272109985,0.01895243301987648,125,1.7287295506145157e-06
3864,0.9935943484306335,0.006405651569366455,1.2618962526321411,0.018960557878017426,125,1.7287295506145157e-06
3865,0.9933678507804871,0.0066321492195129395,1.2672375440597534,0.019238203763961792,125,1.7287295506145157e-06
3866,0.9936389327049255,0.006361067295074463,1.2553863525390625,0.018851319327950478,125,1.7287295506145157e-06
3867,0.9936140179634094,0.006385982036590576,1.2610703706741333,0.018932826817035675,125,1.7287295506145157e-06
3868,0.9935265779495239,0.006473422050476074,1.260258436203003,0.019011272117495537,125,1.7287295506145157e-06
3869,0.9936909675598145,0.006309032440185547,1.257179617881775,0.018817737698554993,125,1.7287295506145157e-06
3870,0.9936758279800415,0.006324172019958496,1.244145154953003,0.01870238222181797,125,1.7287295506145157e-06
3871,0.9934060573577881,0.006593942642211914,1.2652232646942139,0.019180234521627426,125,1.7287295506145157e-06
3872,0.9935741424560547,0.0064258575439453125,1.2534161806106567,0.01889576017856598,125,1.7287295506145157e-06
3873,0.9935995936393738,0.006400406360626221,1.2483031749725342,0.018819432705640793,125,1.7287295506145157e-06
3874,0.9934910535812378,0.006508946418762207,1.2604796886444092,0.019048653542995453,125,1.7287295506145157e-06
3875,0.9934670925140381,0.006532907485961914,1.267308235168457,0.019140660762786865,126,1.6422930730837899e-06
3876,0.9934538006782532,0.006546199321746826,1.264306664466858,0.019123803824186325,126,1.6422930730837899e-06
3877,0.9934351444244385,0.0065648555755615234,1.2680768966674805,0.019179975613951683,126,1.6422930730837899e-06
3878,0.9934597611427307,0.006540238857269287,1.2655917406082153,0.019130755215883255,126,1.6422930730837899e-06
3879,0.993572473526001,0.0064275264739990234,1.2720379829406738,0.019083630293607712,126,1.6422930730837899e-06
3880,0.9934848546981812,0.006515145301818848,1.2654457092285156,0.019104450941085815,126,1.6422930730837899e-06
3881,0.9934532642364502,0.006546735763549805,1.2632365226745605,0.019113633781671524,126,1.6422930730837899e-06
3882,0.9935532212257385,0.006446778774261475,1.2641078233718872,0.019023388624191284,126,1.6422930730837899e-06
3883,0.9937220215797424,0.006277978420257568,1.2517908811569214,0.018733106553554535,126,1.6422930730837899e-06
3884,0.9936540126800537,0.006345987319946289,1.2626718282699585,0.01890924572944641,126,1.6422930730837899e-06
3885,0.9937010407447815,0.006298959255218506,1.246081829071045,0.01869678683578968,126,1.6422930730837899e-06
3886,0.9936285614967346,0.006371438503265381,1.2640129327774048,0.01894785277545452,126,1.6422930730837899e-06
3887,0.9935386776924133,0.00646132230758667,1.2715708017349243,0.019112415611743927,126,1.6422930730837899e-06
3888,0.9935522079467773,0.006447792053222656,1.2553997039794922,0.018937310203909874,126,1.6422930730837899e-06
3889,0.993608295917511,0.006391704082489014,1.2635612487792969,0.018963398411870003,126,1.6422930730837899e-06
3890,0.9935185313224792,0.006481468677520752,1.2697980403900146,0.01911463402211666,126,1.6422930730837899e-06
3891,0.9935314655303955,0.006468534469604492,1.2622318267822266,0.019026167690753937,126,1.6422930730837899e-06
3892,0.993478000164032,0.006521999835968018,1.2555111646652222,0.01901189051568508,126,1.6422930730837899e-06
3893,0.9937298893928528,0.006270110607147217,1.249786376953125,0.018705273047089577,126,1.6422930730837899e-06
3894,0.993348240852356,0.006651759147644043,1.2786234617233276,0.019371476024389267,126,1.6422930730837899e-06
3895,0.9937108755111694,0.006289124488830566,1.2705533504486084,0.018931765109300613,126,1.6422930730837899e-06
3896,0.9934612512588501,0.006538748741149902,1.2668788433074951,0.01914215087890625,126,1.6422930730837899e-06
3897,0.9936795234680176,0.006320476531982422,1.2518086433410645,0.01877535879611969,126,1.6422930730837899e-06
3898,0.9936251640319824,0.006374835968017578,1.2586036920547485,0.018897123634815216,126,1.6422930730837899e-06
3899,0.9935042262077332,0.006495773792266846,1.2466647624969482,0.018897462636232376,126,1.6422930730837899e-06
3900,0.9934844970703125,0.0065155029296875,1.2631186246871948,0.019081534817814827,126,1.6422930730837899e-06
3901,0.9936241507530212,0.00637584924697876,1.2630523443222046,0.018942613154649734,126,1.6422930730837899e-06
3902,0.9937589168548584,0.0062410831451416016,1.2639011144638062,0.018817683681845665,126,1.6422930730837899e-06
3903,0.9934468269348145,0.006553173065185547,1.2651890516281128,0.01913953199982643,126,1.6422930730837899e-06
3904,0.9936741590499878,0.006325840950012207,1.2549687623977661,0.01881226897239685,126,1.6422930730837899e-06
3905,0.9936264753341675,0.0063735246658325195,1.2668331861495972,0.018978120759129524,126,1.6422930730837899e-06
3906,0.9936786890029907,0.006321310997009277,1.2593648433685303,0.01885174587368965,127,1.5601784194296004e-06
3907,0.9935240745544434,0.006475925445556641,1.2734042406082153,0.019145209342241287,127,1.5601784194296004e-06
3908,0.9935958981513977,0.006404101848602295,1.257003664970398,0.01891009695827961,127,1.5601784194296004e-06
3909,0.9935405850410461,0.006459414958953857,1.2589118480682373,0.018983939662575722,127,1.5601784194296004e-06
3910,0.9936137795448303,0.006386220455169678,1.2597851753234863,0.018920209258794785,127,1.5601784194296004e-06
3911,0.9936710000038147,0.006328999996185303,1.2591829299926758,0.01885753870010376,127,1.5601784194296004e-06
3912,0.9935033321380615,0.0064966678619384766,1.271002173423767,0.019141722470521927,127,1.5601784194296004e-06
3913,0.9933747053146362,0.0066252946853637695,1.2712258100509644,0.019271299242973328,127,1.5601784194296004e-06
3914,0.9935939311981201,0.006406068801879883,1.2580180168151855,0.018922187387943268,127,1.5601784194296004e-06
3915,0.9934574961662292,0.006542503833770752,1.2533868551254272,0.01901094801723957,127,1.5601784194296004e-06
3916,0.9934695959091187,0.006530404090881348,1.268888235092163,0.019153982400894165,127,1.5601784194296004e-06
3917,0.9934786558151245,0.006521344184875488,1.2761452198028564,0.019217582419514656,127,1.5601784194296004e-06
3918,0.9935383200645447,0.006461679935455322,1.2416435480117798,0.018813498318195343,127,1.5601784194296004e-06
3919,0.9934914112091064,0.006508588790893555,1.2505614757537842,0.01894911751151085,127,1.5601784194296004e-06
3920,0.9934733510017395,0.006526648998260498,1.2835460901260376,0.01929684355854988,127,1.5601784194296004e-06
3921,0.9935892820358276,0.006410717964172363,1.269080638885498,0.019037416204810143,127,1.5601784194296004e-06
3922,0.9936431646347046,0.00635683536529541,1.2591711282730103,0.01888497918844223,127,1.5601784194296004e-06
3923,0.9937212467193604,0.0062787532806396484,1.260957956314087,0.01882554590702057,127,1.5601784194296004e-06
3924,0.9935153126716614,0.006484687328338623,1.2628675699234009,0.01904851570725441,127,1.5601784194296004e-06
3925,0.9937152862548828,0.0062847137451171875,1.2628593444824219,0.018850460648536682,127,1.5601784194296004e-06
3926,0.9934484958648682,0.006551504135131836,1.2597121000289917,0.019083108752965927,127,1.5601784194296004e-06
3927,0.9936610460281372,0.006338953971862793,1.2539478540420532,0.018815042451024055,127,1.5601784194296004e-06
3928,0.9935537576675415,0.006446242332458496,1.2667841911315918,0.019049622118473053,127,1.5601784194296004e-06
3929,0.9933125376701355,0.006687462329864502,1.2694731950759888,0.019315319135785103,127,1.5601784194296004e-06
3930,0.9936959743499756,0.006304025650024414,1.2657140493392944,0.018898125737905502,127,1.5601784194296004e-06
3931,0.9936279058456421,0.00637209415435791,1.2535593509674072,0.018843967467546463,127,1.5601784194296004e-06
3932,0.993719756603241,0.006280243396759033,1.2548567056655884,0.01876600831747055,127,1.5601784194296004e-06
3933,0.9936131238937378,0.006386876106262207,1.265654444694519,0.018979551270604134,127,1.5601784194296004e-06
3934,0.9934177398681641,0.0065822601318359375,1.2652868032455444,0.01916930451989174,127,1.5601784194296004e-06
3935,0.9937299489974976,0.006270051002502441,1.2555886507034302,0.018763236701488495,127,1.5601784194296004e-06
3936,0.9935560822486877,0.006443917751312256,1.25858473777771,0.018965326249599457,127,1.5601784194296004e-06
3937,0.9936842322349548,0.006315767765045166,1.2674591541290283,0.018927201628684998,128,1.4821694984581202e-06
3938,0.9936651587486267,0.006334841251373291,1.26211678981781,0.01889266073703766,128,1.4821694984581202e-06
3939,0.9935768246650696,0.00642317533493042,1.259075403213501,0.01894969679415226,128,1.4821694984581202e-06
3940,0.9935333132743835,0.006466686725616455,1.262892484664917,0.019030943512916565,128,1.4821694984581202e-06
3941,0.9936326146125793,0.006367385387420654,1.2529910802841187,0.018833622336387634,128,1.4821694984581202e-06
3942,0.9935001134872437,0.006499886512756348,1.2608044147491455,0.019042931497097015,128,1.4821694984581202e-06
3943,0.9933330416679382,0.006666958332061768,1.2658759355545044,0.019259046763181686,128,1.4821694984581202e-06
3944,0.9938411116600037,0.006158888339996338,1.2520463466644287,0.018617762252688408,128,1.4821694984581202e-06
3945,0.9935749173164368,0.006425082683563232,1.26241934299469,0.018985025584697723,128,1.4821694984581202e-06
3946,0.993596613407135,0.00640338659286499,1.2599973678588867,0.018939325585961342,128,1.4821694984581202e-06
3947,0.9936257004737854,0.0063742995262146,1.2652642726898193,0.018963199108839035,128,1.4821694984581202e-06
3948,0.9935771822929382,0.006422817707061768,1.2502444982528687,0.018861034885048866,128,1.4821694984581202e-06
3949,0.9934700131416321,0.00652998685836792,1.2569249868392944,0.01903393678367138,128,1.4821694984581202e-06
3950,0.9935424327850342,0.00645756721496582,1.2695436477661133,0.01908842846751213,128,1.4821694984581202e-06
3951,0.993460476398468,0.006539523601531982,1.2639691829681396,0.019113820046186447,128,1.4821694984581202e-06
3952,0.9934685230255127,0.006531476974487305,1.2644212245941162,0.01911037415266037,128,1.4821694984581202e-06
3953,0.9935969710350037,0.006403028964996338,1.263491153717041,0.018973909318447113,128,1.4821694984581202e-06
3954,0.9936043620109558,0.0063956379890441895,1.2682812213897705,0.019014494493603706,128,1.4821694984581202e-06
3955,0.9935503005981445,0.006449699401855469,1.252687931060791,0.01891208067536354,128,1.4821694984581202e-06
3956,0.9934461116790771,0.0065538883209228516,1.267582893371582,0.019164178520441055,128,1.4821694984581202e-06
3957,0.993442714214325,0.006557285785675049,1.2723052501678467,0.01921476423740387,128,1.4821694984581202e-06
3958,0.9936389327049255,0.006361067295074463,1.274199366569519,0.019039450213313103,128,1.4821694984581202e-06
3959,0.9935996532440186,0.006400346755981445,1.2491676807403564,0.018828019499778748,128,1.4821694984581202e-06
3960,0.993471086025238,0.006528913974761963,1.2703447341918945,0.01916707120835781,128,1.4821694984581202e-06
3961,0.9935346245765686,0.0064653754234313965,1.2593319416046143,0.01899404078722,128,1.4821694984581202e-06
3962,0.9936162233352661,0.006383776664733887,1.2615805864334106,0.01893574371933937,128,1.4821694984581202e-06
3963,0.993552029132843,0.006447970867156982,1.2657394409179688,0.01904088445007801,128,1.4821694984581202e-06
3964,0.9935012459754944,0.006498754024505615,1.2643622159957886,0.01907738856971264,128,1.4821694984581202e-06
3965,0.9936485290527344,0.006351470947265625,1.2644978761672974,0.01893293485045433,128,1.4821694984581202e-06
3966,0.9935125708580017,0.006487429141998291,1.2622195482254028,0.019044749438762665,128,1.4821694984581202e-06
3967,0.9938328266143799,0.006167173385620117,1.2564090490341187,0.01866959221661091,128,1.4821694984581202e-06
3968,0.9937505125999451,0.006249487400054932,1.2440863847732544,0.01862785592675209,129,1.4080610235352142e-06
3969,0.9936004281044006,0.006399571895599365,1.258992075920105,0.018925495445728302,129,1.4080610235352142e-06
3970,0.9934226274490356,0.0065773725509643555,1.2602607011795044,0.019114205613732338,129,1.4080610235352142e-06
3971,0.9936061501502991,0.006393849849700928,1.251554012298584,0.0188454519957304,129,1.4080610235352142e-06
3972,0.993464469909668,0.006535530090332031,1.2639952898025513,0.01911012828350067,129,1.4080610235352142e-06
3973,0.9935944080352783,0.00640559196472168,1.2545063495635986,0.01888659968972206,129,1.4080610235352142e-06
3974,0.9936525225639343,0.006347477436065674,1.26284658908844,0.01891246810555458,129,1.4080610235352142e-06
3975,0.9936444163322449,0.006355583667755127,1.2627452611923218,0.018919480964541435,129,1.4080610235352142e-06
3976,0.9934337735176086,0.006566226482391357,1.2592264413833618,0.019092828035354614,129,1.4080610235352142e-06
3977,0.993706226348877,0.006293773651123047,1.2611358165740967,0.018842194229364395,129,1.4080610235352142e-06
3978,0.9937283992767334,0.0062716007232666016,1.2600017786026,0.01880890317261219,129,1.4080610235352142e-06
3979,0.99363112449646,0.006368875503540039,1.265007734298706,0.01895526424050331,129,1.4080610235352142e-06
3980,0.9934664964675903,0.006533503532409668,1.268153190612793,0.019149700179696083,129,1.4080610235352142e-06
3981,0.9934911727905273,0.006508827209472656,1.258831262588501,0.019032049924135208,129,1.4080610235352142e-06
3982,0.9935213923454285,0.006478607654571533,1.2580591440200806,0.018994413316249847,129,1.4080610235352142e-06
3983,0.9935488104820251,0.0064511895179748535,1.2631258964538574,0.019017936661839485,129,1.4080610235352142e-06
3984,0.9934807419776917,0.00651925802230835,1.2675659656524658,0.01912972517311573,129,1.4080610235352142e-06
3985,0.993654191493988,0.006345808506011963,1.2620548009872437,0.018902897834777832,129,1.4080610235352142e-06
3986,0.9935301542282104,0.006469845771789551,1.2783448696136475,0.019188595935702324,129,1.4080610235352142e-06
3987,0.9933888912200928,0.0066111087799072266,1.259369969367981,0.019138697534799576,129,1.4080610235352142e-06
3988,0.9934594631195068,0.006540536880493164,1.2665157318115234,0.01914028823375702,129,1.4080610235352142e-06
3989,0.9937579035758972,0.006242096424102783,1.2574032545089722,0.01875370740890503,129,1.4080610235352142e-06
3990,0.993658185005188,0.006341814994812012,1.263474702835083,0.01891314424574375,129,1.4080610235352142e-06
3991,0.9935640692710876,0.0064359307289123535,1.261644959449768,0.018988020718097687,129,1.4080610235352142e-06
3992,0.9935677647590637,0.006432235240936279,1.266532301902771,0.019033236429095268,129,1.4080610235352142e-06
3993,0.9935407638549805,0.006459236145019531,1.2630006074905396,0.019024649634957314,129,1.4080610235352142e-06
3994,0.9936369061470032,0.006363093852996826,1.2668739557266235,0.01896820217370987,129,1.4080610235352142e-06
3995,0.9935693144798279,0.006430685520172119,1.265687108039856,0.01902325078845024,129,1.4080610235352142e-06
3996,0.9936455488204956,0.0063544511795043945,1.2586278915405273,0.018877185881137848,129,1.4080610235352142e-06
3997,0.9933151602745056,0.006684839725494385,1.2735158205032349,0.019353149458765984,129,1.4080610235352142e-06
3998,0.9934505820274353,0.006549417972564697,1.2708098888397217,0.01919202134013176,129,1.4080610235352142e-06
3999,0.9934934377670288,0.006506562232971191,1.2586591243743896,0.019028088077902794,130,1.3376579723584535e-06
4000,0.9935318827629089,0.0064681172370910645,1.2498817443847656,0.018902253359556198,130,1.3376579723584535e-06
4001,0.9935362935066223,0.0064637064933776855,1.2666301727294922,0.0190653707832098,130,1.3376579723584535e-06
4002,0.9936517477035522,0.006348252296447754,1.2484301328659058,0.018769070506095886,130,1.3376579723584535e-06
4003,0.9934988021850586,0.006501197814941406,1.2593713998794556,0.019029900431632996,130,1.3376579723584535e-06
4004,0.9936002492904663,0.006399750709533691,1.2725080251693726,0.019060833379626274,130,1.3376579723584535e-06
4005,0.9935029149055481,0.006497085094451904,1.2642335891723633,0.019074449315667152,130,1.3376579723584535e-06
4006,0.9935009479522705,0.006499052047729492,1.2693408727645874,0.01912746950984001,130,1.3376579723584535e-06
4007,0.9936036467552185,0.006396353244781494,1.2646019458770752,0.018978409469127655,130,1.3376579723584535e-06
4008,0.993546724319458,0.006453275680541992,1.2742997407913208,0.019131740555167198,130,1.3376579723584535e-06
4009,0.9937394857406616,0.006260514259338379,1.2612218856811523,0.018810128793120384,130,1.3376579723584535e-06
4010,0.993516743183136,0.006483256816864014,1.270890712738037,0.01912733167409897,130,1.3376579723584535e-06
4011,0.9934896230697632,0.006510376930236816,1.2652126550674438,0.019097398966550827,130,1.3376579723584535e-06
4012,0.993642270565033,0.006357729434967041,1.2626187801361084,0.01892033964395523,130,1.3376579723584535e-06
4013,0.9936889410018921,0.00631105899810791,1.2503769397735596,0.01875171810388565,130,1.3376579723584535e-06
4014,0.9935365319252014,0.006463468074798584,1.2656747102737427,0.019055578857660294,130,1.3376579723584535e-06
4015,0.9937097430229187,0.006290256977081299,1.2541522979736328,0.018768876791000366,130,1.3376579723584535e-06
4016,0.9935706853866577,0.006429314613342285,1.2569401264190674,0.018934423103928566,130,1.3376579723584535e-06
4017,0.9933376312255859,0.0066623687744140625,1.2656528949737549,0.019252274185419083,130,1.3376579723584535e-06
4018,0.9935332536697388,0.0064667463302612305,1.2634838819503784,0.019036918878555298,130,1.3376579723584535e-06
4019,0.9934960007667542,0.00650399923324585,1.265514612197876,0.019094105809926987,130,1.3376579723584535e-06
4020,0.9935685992240906,0.006431400775909424,1.2557265758514404,0.018924351781606674,130,1.3376579723584535e-06
4021,0.9936357736587524,0.006364226341247559,1.2586839199066162,0.01888742297887802,130,1.3376579723584535e-06
4022,0.9935244917869568,0.006475508213043213,1.255526065826416,0.018966013565659523,130,1.3376579723584535e-06
4023,0.9935634136199951,0.006436586380004883,1.259601354598999,0.018968233838677406,130,1.3376579723584535e-06
4024,0.9933930039405823,0.006606996059417725,1.2686915397644043,0.01922784000635147,130,1.3376579723584535e-06
4025,0.9937077760696411,0.006292223930358887,1.263603925704956,0.018865341320633888,130,1.3376579723584535e-06
4026,0.9937822818756104,0.0062177181243896484,1.2622487545013428,0.018778027966618538,130,1.3376579723584535e-06
4027,0.993690013885498,0.006309986114501953,1.281072735786438,0.019057612866163254,130,1.3376579723584535e-06
4028,0.9935355186462402,0.006464481353759766,1.249772071838379,0.018897555768489838,130,1.3376579723584535e-06
4029,0.9933670163154602,0.006632983684539795,1.2653388977050781,0.01922004297375679,130,1.3376579723584535e-06
4030,0.9935758709907532,0.006424129009246826,1.2557786703109741,0.01891767419874668,131,1.2707750737405307e-06
4031,0.9934163093566895,0.006583690643310547,1.2750694751739502,0.019268548116087914,131,1.2707750737405307e-06
4032,0.9933801293373108,0.006619870662689209,1.2655558586120605,0.019209230318665504,131,1.2707750737405307e-06
4033,0.9935116171836853,0.006488382816314697,1.2714810371398926,0.019138308241963387,131,1.2707750737405307e-06
4034,0.9936532378196716,0.006346762180328369,1.2709531784057617,0.018992826342582703,131,1.2707750737405307e-06
4035,0.9936836957931519,0.0063163042068481445,1.2681459188461304,0.018934600055217743,131,1.2707750737405307e-06
4036,0.9936782717704773,0.006321728229522705,1.2582833766937256,0.018841344863176346,131,1.2707750737405307e-06
4037,0.9937782287597656,0.006221771240234375,1.2512706518173218,0.018672259524464607,131,1.2707750737405307e-06
4038,0.9937706589698792,0.00622934103012085,1.2669671773910522,0.018836718052625656,131,1.2707750737405307e-06
4039,0.9933054447174072,0.0066945552825927734,1.2723207473754883,0.019350817427039146,131,1.2707750737405307e-06
4040,0.993654191493988,0.006345808506011963,1.2604259252548218,0.018886609002947807,131,1.2707750737405307e-06
4041,0.9936663508415222,0.006333649158477783,1.2692153453826904,0.018962465226650238,131,1.2707750737405307e-06
4042,0.9934684634208679,0.00653153657913208,1.2530027627944946,0.01899624802172184,131,1.2707750737405307e-06
4043,0.9934632182121277,0.0065367817878723145,1.2628684043884277,0.019100097939372063,131,1.2707750737405307e-06
4044,0.9934642314910889,0.006535768508911133,1.277681589126587,0.019247226417064667,131,1.2707750737405307e-06
4045,0.993587076663971,0.006412923336029053,1.2525769472122192,0.01887456327676773,131,1.2707750737405307e-06
4046,0.9935474991798401,0.006452500820159912,1.2511531114578247,0.01889950782060623,131,1.2707750737405307e-06
4047,0.9936138987541199,0.006386101245880127,1.255838394165039,0.018880624324083328,131,1.2707750737405307e-06
4048,0.9937403202056885,0.0062596797943115234,1.2432491779327393,0.01862957514822483,131,1.2707750737405307e-06
4049,0.9936039447784424,0.006396055221557617,1.2541899681091309,0.018873993307352066,131,1.2707750737405307e-06
4050,0.9934034943580627,0.006596505641937256,1.2654445171356201,0.019184986129403114,131,1.2707750737405307e-06
4051,0.9937347173690796,0.00626528263092041,1.2571852207183838,0.018774481490254402,131,1.2707750737405307e-06
4052,0.9935588836669922,0.0064411163330078125,1.2516015768051147,0.018892720341682434,131,1.2707750737405307e-06
4053,0.9937297701835632,0.006270229816436768,1.2592191696166992,0.018799718469381332,131,1.2707750737405307e-06
4054,0.9933938980102539,0.006606101989746094,1.2668848037719727,0.019208889454603195,131,1.2707750737405307e-06
4055,0.9934104084968567,0.0065895915031433105,1.2686305046081543,0.019209999591112137,131,1.2707750737405307e-06
4056,0.9935344457626343,0.006465554237365723,1.2639223337173462,0.019040120765566826,131,1.2707750737405307e-06
4057,0.9935173988342285,0.006482601165771484,1.2764493227005005,0.019182268530130386,131,1.2707750737405307e-06
4058,0.9934254288673401,0.006574571132659912,1.2674732208251953,0.019183557480573654,131,1.2707750737405307e-06
4059,0.9937461018562317,0.0062538981437683105,1.2517424821853638,0.018708784133195877,131,1.2707750737405307e-06
4060,0.9935210943222046,0.00647890567779541,1.2608659267425537,0.019022775813937187,131,1.2707750737405307e-06
4061,0.9935473203659058,0.006452679634094238,1.2535384893417358,0.01892353780567646,132,1.2072363200535042e-06
4062,0.993628740310669,0.006371259689331055,1.2694941759109497,0.019002489745616913,132,1.2072363200535042e-06
4063,0.9936217665672302,0.006378233432769775,1.2450772523880005,0.018765224143862724,132,1.2072363200535042e-06
4064,0.9936494827270508,0.006350517272949219,1.256720781326294,0.01885421946644783,132,1.2072363200535042e-06
4065,0.9934995770454407,0.006500422954559326,1.2582178115844727,0.019017597660422325,132,1.2072363200535042e-06
4066,0.993547260761261,0.006452739238739014,1.2554278373718262,0.018942490220069885,132,1.2072363200535042e-06
4067,0.9937384724617004,0.0062615275382995605,1.2599732875823975,0.018798645585775375,132,1.2072363200535042e-06
4068,0.9935815334320068,0.006418466567993164,1.2579960823059082,0.01893424242734909,132,1.2072363200535042e-06
4069,0.9936838746070862,0.006316125392913818,1.2630382776260376,0.018883347511291504,132,1.2072363200535042e-06
4070,0.9936413764953613,0.006358623504638672,1.263236403465271,0.018927400931715965,132,1.2072363200535042e-06
4071,0.9935188889503479,0.0064811110496521,1.2627549171447754,0.019043847918510437,132,1.2072363200535042e-06
4072,0.9935019016265869,0.006498098373413086,1.2614498138427734,0.01904761604964733,132,1.2072363200535042e-06
4073,0.9935833215713501,0.006416678428649902,1.2598060369491577,0.0189505722373724,132,1.2072363200535042e-06
4074,0.9935351014137268,0.006464898586273193,1.2669850587844849,0.019070100039243698,132,1.2072363200535042e-06
4075,0.9935858845710754,0.0064141154289245605,1.2625631093978882,0.018975604325532913,132,1.2072363200535042e-06
4076,0.993403434753418,0.006596565246582031,1.274264931678772,0.019273247569799423,132,1.2072363200535042e-06
4077,0.9936658143997192,0.006334185600280762,1.2639623880386353,0.018910467624664307,132,1.2072363200535042e-06
4078,0.9936054348945618,0.006394565105438232,1.2571742534637451,0.018902361392974854,132,1.2072363200535042e-06
4079,0.9934373497962952,0.006562650203704834,1.2669569253921509,0.01916659250855446,132,1.2072363200535042e-06
4080,0.99346524477005,0.006534755229949951,1.2695856094360352,0.019165262579917908,132,1.2072363200535042e-06
4081,0.9934948086738586,0.006505191326141357,1.2600438594818115,0.019040577113628387,132,1.2072363200535042e-06
4082,0.9933822154998779,0.00661778450012207,1.2752032279968262,0.019303638488054276,132,1.2072363200535042e-06
4083,0.9935413002967834,0.006458699703216553,1.2623056173324585,0.019017169252038002,132,1.2072363200535042e-06
4084,0.9936549663543701,0.006345033645629883,1.2585475444793701,0.01886705867946148,132,1.2072363200535042e-06
4085,0.9936010837554932,0.006398916244506836,1.2680373191833496,0.019015301018953323,132,1.2072363200535042e-06
4086,0.9935560822486877,0.006443917751312256,1.266412377357483,0.01904360204935074,132,1.2072363200535042e-06
4087,0.9935914874076843,0.006408512592315674,1.2656970024108887,0.019001398235559464,132,1.2072363200535042e-06
4088,0.9935876727104187,0.006412327289581299,1.2640008926391602,0.018988212570548058,132,1.2072363200535042e-06
4089,0.9934512376785278,0.006548762321472168,1.2624949216842651,0.019108224660158157,132,1.2072363200535042e-06
4090,0.9936021566390991,0.006397843360900879,1.2578332424163818,0.018912196159362793,132,1.2072363200535042e-06
4091,0.993797242641449,0.006202757358551025,1.2599493265151978,0.018740223720669746,132,1.2072363200535042e-06
4092,0.9935703873634338,0.006429612636566162,1.2629042863845825,0.01899435929954052,133,1.146874504050829e-06
4093,0.9935424327850342,0.00645756721496582,1.2664223909378052,0.019057216122746468,133,1.146874504050829e-06
4094,0.993543267250061,0.006456732749938965,1.2595826387405396,0.0189879909157753,133,1.146874504050829e-06
4095,0.9934496879577637,0.006550312042236328,1.2632620334625244,0.019117427989840508,133,1.146874504050829e-06
4096,0.9935681819915771,0.0064318180084228516,1.2604811191558838,0.018972311168909073,133,1.146874504050829e-06
4097,0.9934743642807007,0.006525635719299316,1.268754482269287,0.019147923216223717,133,1.146874504050829e-06
4098,0.9934794902801514,0.006520509719848633,1.2592272758483887,0.019047576934099197,133,1.146874504050829e-06
4099,0.9935381412506104,0.0064618587493896484,1.2687993049621582,0.01908523216843605,133,1.146874504050829e-06
4100,0.993660569190979,0.006339430809020996,1.2515463829040527,0.018791500478982925,133,1.146874504050829e-06
4101,0.9934154748916626,0.006584525108337402,1.2554513216018677,0.01907319389283657,133,1.146874504050829e-06
4102,0.9936160445213318,0.006383955478668213,1.2654935121536255,0.01897505111992359,133,1.146874504050829e-06
4103,0.9934276938438416,0.006572306156158447,1.2640262842178345,0.01914684660732746,133,1.146874504050829e-06
4104,0.99369877576828,0.006301224231719971,1.2579501867294312,0.018817713484168053,133,1.146874504050829e-06
4105,0.9935262203216553,0.0064737796783447266,1.25985848903656,0.019007626920938492,133,1.146874504050829e-06
4106,0.9934356212615967,0.00656437873840332,1.2560961246490479,0.019059695303440094,133,1.146874504050829e-06
4107,0.9934374094009399,0.006562590599060059,1.2681941986083984,0.019178906455636024,133,1.146874504050829e-06
4108,0.9934087991714478,0.006591200828552246,1.273658275604248,0.01926187053322792,133,1.146874504050829e-06
4109,0.9937009811401367,0.006299018859863281,1.2678583860397339,0.018914612010121346,133,1.146874504050829e-06
4110,0.9936327934265137,0.006367206573486328,1.2645971775054932,0.01894950494170189,133,1.146874504050829e-06
4111,0.9936714768409729,0.0063285231590271,1.2587430477142334,0.01885266788303852,133,1.146874504050829e-06
4112,0.9935578107833862,0.0064421892166137695,1.2663532495498657,0.01904129981994629,133,1.146874504050829e-06
4113,0.9937955737113953,0.006204426288604736,1.262044906616211,0.018762830644845963,133,1.146874504050829e-06
4114,0.9935563802719116,0.006443619728088379,1.2600666284561157,0.01897984929382801,133,1.146874504050829e-06
4115,0.9935945868492126,0.0064054131507873535,1.2548444271087646,0.01888980343937874,133,1.146874504050829e-06
4116,0.9935107231140137,0.006489276885986328,1.2710020542144775,0.0191344041377306,133,1.146874504050829e-06
4117,0.9936891794204712,0.006310820579528809,1.2651302814483643,0.018899016082286835,133,1.146874504050829e-06
4118,0.9936950206756592,0.00630497932434082,1.2622498273849487,0.018864426761865616,133,1.146874504050829e-06
4119,0.9935576319694519,0.006442368030548096,1.258650779724121,0.018964452669024467,133,1.146874504050829e-06
4120,0.9935649037361145,0.006435096263885498,1.2509158849716187,0.018879903480410576,133,1.146874504050829e-06
4121,0.9937816262245178,0.006218373775482178,1.2567002773284912,0.018723193556070328,133,1.146874504050829e-06
4122,0.9934897422790527,0.006510257720947266,1.2736393213272095,0.019181547686457634,133,1.146874504050829e-06
4123,0.9936017394065857,0.006398260593414307,1.2545578479766846,0.018879856914281845,134,1.0895307788482876e-06
4124,0.9936383366584778,0.006361663341522217,1.2506768703460693,0.01880481466650963,134,1.0895307788482876e-06
4125,0.9935376644134521,0.0064623355865478516,1.2638249397277832,0.019035961478948593,134,1.0895307788482876e-06
4126,0.993868350982666,0.006131649017333984,1.2646329402923584,0.018716661259531975,134,1.0895307788482876e-06
4127,0.9935179948806763,0.0064820051193237305,1.2674858570098877,0.01909204199910164,134,1.0895307788482876e-06
4128,0.9936730861663818,0.006326913833618164,1.2762975692749023,0.0190266203135252,134,1.0895307788482876e-06
4129,0.9935570955276489,0.006442904472351074,1.2513102293014526,0.018891576677560806,134,1.0895307788482876e-06
4130,0.9935767650604248,0.006423234939575195,1.2564976215362549,0.018923979252576828,134,1.0895307788482876e-06
4131,0.9935389161109924,0.006461083889007568,1.2586110830307007,0.01898258365690708,134,1.0895307788482876e-06
4132,0.9935600757598877,0.006439924240112305,1.2609543800354004,0.018985068425536156,134,1.0895307788482876e-06
4133,0.9934613704681396,0.0065386295318603516,1.2704839706420898,0.019178081303834915,134,1.0895307788482876e-06
4134,0.9935467839241028,0.006453216075897217,1.2593553066253662,0.018982235342264175,134,1.0895307788482876e-06
4135,0.9934926629066467,0.0065073370933532715,1.260107159614563,0.01904333382844925,134,1.0895307788482876e-06
4136,0.9934638738632202,0.006536126136779785,1.263355016708374,0.01910431496798992,134,1.0895307788482876e-06
4137,0.9934751987457275,0.006524801254272461,1.2621709108352661,0.01908126287162304,134,1.0895307788482876e-06
4138,0.9935742616653442,0.006425738334655762,1.2609925270080566,0.018971405923366547,134,1.0895307788482876e-06
4139,0.9934697151184082,0.006530284881591797,1.2724467515945435,0.01918944902718067,134,1.0895307788482876e-06
4140,0.9936734437942505,0.006326556205749512,1.2633516788482666,0.018896806985139847,134,1.0895307788482876e-06
4141,0.9934577941894531,0.006542205810546875,1.2686821222305298,0.019163604825735092,134,1.0895307788482876e-06
4142,0.9936723709106445,0.006327629089355469,1.2524279356002808,0.01878863200545311,134,1.0895307788482876e-06
4143,0.9935407638549805,0.006459236145019531,1.2600319385528564,0.01899496279656887,134,1.0895307788482876e-06
4144,0.9934700727462769,0.0065299272537231445,1.2695595026016235,0.01916022226214409,134,1.0895307788482876e-06
4145,0.9937047362327576,0.006295263767242432,1.2531239986419678,0.018763549625873566,134,1.0895307788482876e-06
4146,0.9936168193817139,0.006383180618286133,1.268688678741455,0.019006235525012016,134,1.0895307788482876e-06
4147,0.9936083555221558,0.006391644477844238,1.2519030570983887,0.01884675770998001,134,1.0895307788482876e-06
4148,0.9934858083724976,0.006514191627502441,1.2692248821258545,0.019141297787427902,134,1.0895307788482876e-06
4149,0.9934772849082947,0.006522715091705322,1.2533169984817505,0.018990658223628998,134,1.0895307788482876e-06
4150,0.9935137033462524,0.006486296653747559,1.26676607131958,0.019089095294475555,134,1.0895307788482876e-06
4151,0.9936756491661072,0.006324350833892822,1.2686293125152588,0.018947400152683258,134,1.0895307788482876e-06
4152,0.9935387969017029,0.006461203098297119,1.2666068077087402,0.01906265877187252,134,1.0895307788482876e-06
4153,0.9936655163764954,0.006334483623504639,1.260343313217163,0.018874570727348328,134,1.0895307788482876e-06
4154,0.9935335516929626,0.0064664483070373535,1.2588648796081543,0.01899043098092079,135,1.0350542399058731e-06
4155,0.9934833645820618,0.006516635417938232,1.2723761796951294,0.019175231456756592,135,1.0350542399058731e-06
4156,0.9937500357627869,0.006249964237213135,1.2474727630615234,0.018662191927433014,135,1.0350542399058731e-06
4157,0.9936246871948242,0.006375312805175781,1.2723627090454102,0.019035186618566513,135,1.0350542399058731e-06
4158,0.9937229752540588,0.006277024745941162,1.2578346729278564,0.01879260130226612,135,1.0350542399058731e-06
4159,0.993453323841095,0.006546676158905029,1.2656965255737305,0.019138174131512642,135,1.0350542399058731e-06
4160,0.9935866594314575,0.0064133405685424805,1.264197826385498,0.01899118535220623,135,1.0350542399058731e-06
4161,0.9934799671173096,0.00652003288269043,1.265074372291565,0.01910557597875595,135,1.0350542399058731e-06
4162,0.9936158061027527,0.0063841938972473145,1.2594374418258667,0.01891472563147545,135,1.0350542399058731e-06
4163,0.993669331073761,0.006330668926239014,1.2608251571655273,0.018875613808631897,135,1.0350542399058731e-06
4164,0.9935044050216675,0.0064955949783325195,1.2640347480773926,0.019070986658334732,135,1.0350542399058731e-06
4165,0.9936413168907166,0.006358683109283447,1.2584534883499146,0.01887962967157364,135,1.0350542399058731e-06
4166,0.9935508966445923,0.006449103355407715,1.263534665107727,0.01901995949447155,135,1.0350542399058731e-06
4167,0.9936955571174622,0.006304442882537842,1.2535836696624756,0.018777234479784966,135,1.0350542399058731e-06
4168,0.9935408234596252,0.006459176540374756,1.2644224166870117,0.019038807600736618,135,1.0350542399058731e-06
4169,0.9935562610626221,0.00644373893737793,1.265150785446167,0.01903080940246582,135,1.0350542399058731e-06
4170,0.9937257766723633,0.006274223327636719,1.2578765153884888,0.018790245056152344,135,1.0350542399058731e-06
4171,0.9936307072639465,0.006369292736053467,1.2668657302856445,0.01897425763309002,135,1.0350542399058731e-06
4172,0.9933567643165588,0.006643235683441162,1.266452670097351,0.0192413292825222,135,1.0350542399058731e-06
4173,0.9933907389640808,0.0066092610359191895,1.2667734622955322,0.019210902974009514,135,1.0350542399058731e-06
4174,0.9935274124145508,0.006472587585449219,1.2638959884643555,0.01904682070016861,135,1.0350542399058731e-06
4175,0.9936572909355164,0.006342709064483643,1.255005955696106,0.0188293419778347,135,1.0350542399058731e-06
4176,0.993490993976593,0.006509006023406982,1.2618317604064941,0.019062232226133347,135,1.0350542399058731e-06
4177,0.9934699535369873,0.006530046463012695,1.2668352127075195,0.019133098423480988,135,1.0350542399058731e-06
4178,0.9933912754058838,0.006608724594116211,1.267332911491394,0.019215965643525124,135,1.0350542399058731e-06
4179,0.9937525391578674,0.006247460842132568,1.266349196434021,0.0188484787940979,135,1.0350542399058731e-06
4180,0.9935874342918396,0.0064125657081604,1.2685496807098389,0.01903393678367138,135,1.0350542399058731e-06
4181,0.993497908115387,0.006502091884613037,1.2573325634002686,0.019010396674275398,135,1.0350542399058731e-06
4182,0.9935397505760193,0.006460249423980713,1.2596888542175293,0.018992535769939423,135,1.0350542399058731e-06
4183,0.9937129020690918,0.006287097930908203,1.2478314638137817,0.018702540546655655,135,1.0350542399058731e-06
4184,0.9934439063072205,0.006556093692779541,1.26332426071167,0.019123775884509087,135,1.0350542399058731e-06
4185,0.9936707019805908,0.00632929801940918,1.2617518901824951,0.01888352259993553,136,9.833015279105794e-07
4186,0.9936768412590027,0.0063231587409973145,1.252343773841858,0.018783364444971085,136,9.833015279105794e-07
4187,0.9936713576316833,0.00632864236831665,1.263343334197998,0.01889878883957863,136,9.833015279105794e-07
4188,0.9935211539268494,0.006478846073150635,1.2604972124099731,0.019019030034542084,136,9.833015279105794e-07
4189,0.9934238791465759,0.006576120853424072,1.2713286876678467,0.019223647192120552,136,9.833015279105794e-07
4190,0.9935587048530579,0.006441295146942139,1.267688512802124,0.019053766503930092,136,9.833015279105794e-07
4191,0.9936110973358154,0.00638890266418457,1.2527310848236084,0.018852323293685913,136,9.833015279105794e-07
4192,0.9933919310569763,0.006608068943023682,1.268616795539856,0.01922815665602684,136,9.833015279105794e-07
4193,0.9936463832855225,0.006353616714477539,1.2631971836090088,0.018922051414847374,136,9.833015279105794e-07
4194,0.9934808611869812,0.006519138813018799,1.2543131113052368,0.018997078761458397,136,9.833015279105794e-07
4195,0.9934825301170349,0.006517469882965088,1.2636723518371582,0.019089018926024437,136,9.833015279105794e-07
4196,0.9934884309768677,0.006511569023132324,1.274762511253357,0.01919407770037651,136,9.833015279105794e-07
4197,0.9935272336006165,0.006472766399383545,1.2622112035751343,0.019030150026082993,136,9.833015279105794e-07
4198,0.9934051632881165,0.006594836711883545,1.268031358718872,0.019209202378988266,136,9.833015279105794e-07
4199,0.9935579299926758,0.006442070007324219,1.2581084966659546,0.01895873434841633,136,9.833015279105794e-07
4200,0.9936557412147522,0.006344258785247803,1.2586623430252075,0.01886744052171707,136,9.833015279105794e-07
4201,0.9934231042861938,0.006576895713806152,1.2637240886688232,0.019148368388414383,136,9.833015279105794e-07
4202,0.9936795830726624,0.0063204169273376465,1.2600606679916382,0.018857818096876144,136,9.833015279105794e-07
4203,0.9935762882232666,0.0064237117767333984,1.2547742128372192,0.01890721544623375,136,9.833015279105794e-07
4204,0.993694543838501,0.0063054561614990234,1.269824504852295,0.018940646201372147,136,9.833015279105794e-07
4205,0.9935588836669922,0.0064411163330078125,1.2710328102111816,0.019087033346295357,136,9.833015279105794e-07
4206,0.9936611652374268,0.006338834762573242,1.2674620151519775,0.018950065597891808,136,9.833015279105794e-07
4207,0.9937101602554321,0.006289839744567871,1.2567979097366333,0.018794920295476913,136,9.833015279105794e-07
4208,0.9934528470039368,0.006547152996063232,1.261394739151001,0.019095629453659058,136,9.833015279105794e-07
4209,0.9936695694923401,0.006330430507659912,1.2510597705841064,0.018777724355459213,136,9.833015279105794e-07
4210,0.9936803579330444,0.006319642066955566,1.2499921321868896,0.01875636726617813,136,9.833015279105794e-07
4211,0.9932068586349487,0.0067931413650512695,1.2792787551879883,0.019517997279763222,136,9.833015279105794e-07
4212,0.9935352206230164,0.006464779376983643,1.261596441268921,0.019016094505786896,136,9.833015279105794e-07
4213,0.9935925602912903,0.006407439708709717,1.271771788597107,0.01906108297407627,136,9.833015279105794e-07
4214,0.9937652945518494,0.006234705448150635,1.2457752227783203,0.01863010972738266,136,9.833015279105794e-07
4215,0.9936158061027527,0.0063841938972473145,1.2617357969284058,0.01893771067261696,136,9.833015279105794e-07
4216,0.9935054183006287,0.006494581699371338,1.2636281251907349,0.019065916538238525,137,9.341364515150503e-07
4217,0.9935367107391357,0.006463289260864258,1.2539228200912476,0.018937883898615837,137,9.341364515150503e-07
4218,0.9936824440956116,0.006317555904388428,1.2610286474227905,0.018864667043089867,137,9.341364515150503e-07
4219,0.993449866771698,0.006550133228302002,1.2666696310043335,0.01915132813155651,137,9.341364515150503e-07
4220,0.9937527775764465,0.006247222423553467,1.268526554107666,0.01887001469731331,137,9.341364515150503e-07
4221,0.9936168789863586,0.006383121013641357,1.2482579946517944,0.018801869824528694,137,9.341364515150503e-07
4222,0.9936379194259644,0.0063620805740356445,1.2598190307617188,0.01889665052294731,137,9.341364515150503e-07
4223,0.9936472773551941,0.006352722644805908,1.250948190689087,0.018798677250742912,137,9.341364515150503e-07
4224,0.9935886263847351,0.006411373615264893,1.2470918893814087,0.01881817914545536,137,9.341364515150503e-07
4225,0.9936730265617371,0.0063269734382629395,1.2612744569778442,0.018876448273658752,137,9.341364515150503e-07
4226,0.993709146976471,0.006290853023529053,1.2655165195465088,0.018883109092712402,137,9.341364515150503e-07
4227,0.9934048652648926,0.006595134735107422,1.2678884267807007,0.019208068028092384,137,9.341364515150503e-07
4228,0.9936249256134033,0.00637507438659668,1.2711673974990845,0.019022997468709946,137,9.341364515150503e-07
4229,0.9936766624450684,0.006323337554931641,1.2579946517944336,0.01884005032479763,137,9.341364515150503e-07
4230,0.9933417439460754,0.0066582560539245605,1.266858458518982,0.019260257482528687,137,9.341364515150503e-07
4231,0.9936568140983582,0.006343185901641846,1.241149663925171,0.018691251054406166,137,9.341364515150503e-07
4232,0.9933280348777771,0.0066719651222229,1.2666549682617188,0.019271794706583023,137,9.341364515150503e-07
4233,0.9937085509300232,0.006291449069976807,1.2609405517578125,0.01883793994784355,137,9.341364515150503e-07
4234,0.9937068223953247,0.006293177604675293,1.2554237842559814,0.018784483894705772,137,9.341364515150503e-07
4235,0.9937003254890442,0.0062996745109558105,1.2677526473999023,0.018914204090833664,137,9.341364515150503e-07
4236,0.9934728145599365,0.0065271854400634766,1.2702230215072632,0.01916414499282837,137,9.341364515150503e-07
4237,0.9935258626937866,0.006474137306213379,1.2738534212112427,0.019147930666804314,137,9.341364515150503e-07
4238,0.9936544895172119,0.006345510482788086,1.261157751083374,0.018893633037805557,137,9.341364515150503e-07
4239,0.9933962225914001,0.0066037774085998535,1.2705408334732056,0.01924314722418785,137,9.341364515150503e-07
4240,0.9934090971946716,0.006590902805328369,1.2714929580688477,0.019239922985434532,137,9.341364515150503e-07
4241,0.9935328364372253,0.006467163562774658,1.2564514875411987,0.018967006355524063,137,9.341364515150503e-07
4242,0.9934836030006409,0.006516396999359131,1.2591259479522705,0.019042491912841797,137,9.341364515150503e-07
4243,0.993486225605011,0.006513774394989014,1.262607216835022,0.019074708223342896,137,9.341364515150503e-07
4244,0.9934508204460144,0.006549179553985596,1.2727469205856323,0.01921115815639496,137,9.341364515150503e-07
4245,0.9936028122901917,0.00639718770980835,1.2654645442962646,0.018987860530614853,137,9.341364515150503e-07
4246,0.9936809539794922,0.0063190460205078125,1.2600609064102173,0.018856465816497803,137,9.341364515150503e-07
4247,0.9936448335647583,0.006355166435241699,1.2532296180725098,0.018823910504579544,138,8.874296289392978e-07
4248,0.9936884045600891,0.006311595439910889,1.2542197704315186,0.018790677189826965,138,8.874296289392978e-07
4249,0.993585467338562,0.006414532661437988,1.264338493347168,0.018993772566318512,138,8.874296289392978e-07
4250,0.9936991333961487,0.006300866603851318,1.2508093118667603,0.01874595135450363,138,8.874296289392978e-07
4251,0.9934531450271606,0.0065468549728393555,1.2653218507766724,0.019134605303406715,138,8.874296289392978e-07
4252,0.9936037659645081,0.006396234035491943,1.2727912664413452,0.019060183316469193,138,8.874296289392978e-07
4253,0.9934685826301575,0.006531417369842529,1.2702480554580688,0.019168583676218987,138,8.874296289392978e-07
4254,0.9935467839241028,0.006453216075897217,1.2548938989639282,0.018937621265649796,138,8.874296289392978e-07
4255,0.9935020804405212,0.00649791955947876,1.2640684843063354,0.019073624163866043,138,8.874296289392978e-07
4256,0.9933793544769287,0.006620645523071289,1.267153024673462,0.019225969910621643,138,8.874296289392978e-07
4257,0.9935469031333923,0.006453096866607666,1.2629282474517822,0.019017847254872322,138,8.874296289392978e-07
4258,0.9936410188674927,0.006358981132507324,1.2647101879119873,0.018942493945360184,138,8.874296289392978e-07
4259,0.993456244468689,0.006543755531311035,1.2684167623519897,0.019162485376000404,138,8.874296289392978e-07
4260,0.9934578537940979,0.0065421462059021,1.2582563161849976,0.019059287384152412,138,8.874296289392978e-07
4261,0.9934727549552917,0.006527245044708252,1.2776671648025513,0.01923864334821701,138,8.874296289392978e-07
4262,0.9934398531913757,0.006560146808624268,1.2639254331588745,0.0191337987780571,138,8.874296289392978e-07
4263,0.9937681555747986,0.006231844425201416,1.2562055587768555,0.018731581047177315,138,8.874296289392978e-07
4264,0.9935017824172974,0.006498217582702637,1.2587671279907227,0.01902090758085251,138,8.874296289392978e-07
4265,0.9934830665588379,0.006516933441162109,1.2552621364593506,0.01900438591837883,138,8.874296289392978e-07
4266,0.9934837818145752,0.006516218185424805,1.2697234153747559,0.019148290157318115,138,8.874296289392978e-07
4267,0.9936574101448059,0.006342589855194092,1.2649621963500977,0.018928784877061844,138,8.874296289392978e-07
4268,0.9935085773468018,0.006491422653198242,1.2685272693634033,0.01911178231239319,138,8.874296289392978e-07
4269,0.9937098026275635,0.0062901973724365234,1.2567012310028076,0.018794307485222816,138,8.874296289392978e-07
4270,0.9937323927879333,0.00626760721206665,1.2588164806365967,0.018793094903230667,138,8.874296289392978e-07
4271,0.9936883449554443,0.006311655044555664,1.2478901147842407,0.018727440387010574,138,8.874296289392978e-07
4272,0.9936769008636475,0.006323099136352539,1.2677561044692993,0.018937429413199425,138,8.874296289392978e-07
4273,0.9936104416847229,0.0063895583152771,1.2662278413772583,0.01898794062435627,138,8.874296289392978e-07
4274,0.9935701489448547,0.006429851055145264,1.2527785301208496,0.01889333873987198,138,8.874296289392978e-07
4275,0.9935817718505859,0.0064182281494140625,1.2629975080490112,0.01898401975631714,138,8.874296289392978e-07
4276,0.9935630559921265,0.006436944007873535,1.271485447883606,0.019087430089712143,138,8.874296289392978e-07
4277,0.993505597114563,0.006494402885437012,1.2521545886993408,0.01895100437104702,138,8.874296289392978e-07
4278,0.993645191192627,0.006354808807373047,1.2560763359069824,0.018852025270462036,139,8.430581474923329e-07
4279,0.9935314059257507,0.006468594074249268,1.266465187072754,0.019068559631705284,139,8.430581474923329e-07
4280,0.993615448474884,0.006384551525115967,1.266455888748169,0.018985264003276825,139,8.430581474923329e-07
4281,0.9935852885246277,0.0064147114753723145,1.260870099067688,0.01895926520228386,139,8.430581474923329e-07
4282,0.9935446977615356,0.0064553022384643555,1.2657313346862793,0.019048061221837997,139,8.430581474923329e-07
4283,0.9935024976730347,0.006497502326965332,1.2508622407913208,0.01894114911556244,139,8.430581474923329e-07
4284,0.9935768842697144,0.0064231157302856445,1.2647747993469238,0.019006632268428802,139,8.430581474923329e-07
4285,0.993744969367981,0.006255030632019043,1.276435375213623,0.018956832587718964,139,8.430581474923329e-07
4286,0.9935342669487,0.006465733051300049,1.2624279260635376,0.019025355577468872,139,8.430581474923329e-07
4287,0.9934980869293213,0.006501913070678711,1.268876314163208,0.01912565715610981,139,8.430581474923329e-07
4288,0.9935596585273743,0.006440341472625732,1.2585983276367188,0.018961921334266663,139,8.430581474923329e-07
4289,0.9934989809989929,0.00650101900100708,1.2560343742370605,0.018996352329850197,139,8.430581474923329e-07
4290,0.9936583042144775,0.006341695785522461,1.2597848176956177,0.018876126036047935,139,8.430581474923329e-07
4291,0.9936045408248901,0.006395459175109863,1.2580456733703613,0.01891196146607399,139,8.430581474923329e-07
4292,0.9936408400535583,0.00635915994644165,1.2621656656265259,0.018917225301265717,139,8.430581474923329e-07
4293,0.9936595559120178,0.006340444087982178,1.2542411088943481,0.018819451332092285,139,8.430581474923329e-07
4294,0.9935916662216187,0.006408333778381348,1.255712866783142,0.01890137791633606,139,8.430581474923329e-07
4295,0.993615984916687,0.006384015083312988,1.2611446380615234,0.018931619822978973,139,8.430581474923329e-07
4296,0.9935416579246521,0.0064583420753479,1.268571376800537,0.01907947286963463,139,8.430581474923329e-07
4297,0.9934877157211304,0.006512284278869629,1.2591187953948975,0.019038349390029907,139,8.430581474923329e-07
4298,0.9933282732963562,0.006671726703643799,1.2774763107299805,0.01937977224588394,139,8.430581474923329e-07
4299,0.9935140013694763,0.006485998630523682,1.255329966545105,0.018974438309669495,139,8.430581474923329e-07
4300,0.9935727715492249,0.0064272284507751465,1.2589912414550781,0.0189528688788414,139,8.430581474923329e-07
4301,0.9935119152069092,0.00648808479309082,1.2513405084609985,0.018936607986688614,139,8.430581474923329e-07
4302,0.9937151670455933,0.006284832954406738,1.2657603025436401,0.018879586830735207,139,8.430581474923329e-07
4303,0.993625819683075,0.006374180316925049,1.2597213983535767,0.01890765130519867,139,8.430581474923329e-07
4304,0.9934260249137878,0.006573975086212158,1.26819908618927,0.0191902257502079,139,8.430581474923329e-07
4305,0.9936383366584778,0.006361663341522217,1.2570418119430542,0.01886846497654915,139,8.430581474923329e-07
4306,0.9935541749000549,0.006445825099945068,1.2643712759017944,0.019025079905986786,139,8.430581474923329e-07
4307,0.9936534762382507,0.006346523761749268,1.2671921253204346,0.018954981118440628,139,8.430581474923329e-07
4308,0.9934940338134766,0.0065059661865234375,1.2731239795684814,0.019172146916389465,139,8.430581474923329e-07
4309,0.993705689907074,0.006294310092926025,1.2556445598602295,0.018787812441587448,140,8.009052401177162e-07
4310,0.9935736060142517,0.006426393985748291,1.2539429664611816,0.018901560455560684,140,8.009052401177162e-07
4311,0.9935721158981323,0.006427884101867676,1.263056755065918,0.018994171172380447,140,8.009052401177162e-07
4312,0.9935150146484375,0.0064849853515625,1.2536145448684692,0.01895628124475479,140,8.009052401177162e-07
4313,0.993474006652832,0.006525993347167969,1.266104817390442,0.01912178099155426,140,8.009052401177162e-07
4314,0.9936649799346924,0.006335020065307617,1.2622499465942383,0.018894169479608536,140,8.009052401177162e-07
4315,0.9938763976097107,0.006123602390289307,1.2565538883209229,0.01862790435552597,140,8.009052401177162e-07
4316,0.9934820532798767,0.006517946720123291,1.2645549774169922,0.01909831538796425,140,8.009052401177162e-07
4317,0.9934935569763184,0.006506443023681641,1.2707990407943726,0.01914936862885952,140,8.009052401177162e-07
4318,0.9936161041259766,0.0063838958740234375,1.2693133354187012,0.019013190641999245,140,8.009052401177162e-07
4319,0.9934254288673401,0.006574571132659912,1.2731573581695557,0.019240397959947586,140,8.009052401177162e-07
4320,0.9934733510017395,0.006526648998260498,1.261897325515747,0.019080355763435364,140,8.009052401177162e-07
4321,0.9936459064483643,0.006354093551635742,1.2520426511764526,0.018810978159308434,140,8.009052401177162e-07
4322,0.9934812188148499,0.0065187811851501465,1.2642440795898438,0.01909603364765644,140,8.009052401177162e-07
4323,0.9936832189559937,0.006316781044006348,1.2476415634155273,0.018730029463768005,140,8.009052401177162e-07
4324,0.9936836957931519,0.0063163042068481445,1.262391209602356,0.018877053633332253,140,8.009052401177162e-07
4325,0.9934942722320557,0.006505727767944336,1.2567427158355713,0.019008098170161247,140,8.009052401177162e-07
4326,0.993461549282074,0.006538450717926025,1.2729830741882324,0.01920289546251297,140,8.009052401177162e-07
4327,0.9934338331222534,0.006566166877746582,1.2657287120819092,0.019157791510224342,140,8.009052401177162e-07
4328,0.9936628937721252,0.006337106227874756,1.2651878595352173,0.018925614655017853,140,8.009052401177162e-07
4329,0.9937044382095337,0.006295561790466309,1.2631096839904785,0.018863704055547714,140,8.009052401177162e-07
4330,0.9936304688453674,0.006369531154632568,1.2545095682144165,0.018850931897759438,140,8.009052401177162e-07
4331,0.9935147762298584,0.0064852237701416016,1.2609035968780518,0.01902940683066845,140,8.009052401177162e-07
4332,0.9936009049415588,0.006399095058441162,1.258000373840332,0.01891510747373104,140,8.009052401177162e-07
4333,0.9934909343719482,0.006509065628051758,1.2679599523544312,0.01912357471883297,140,8.009052401177162e-07
4334,0.9936060905456543,0.006393909454345703,1.260087251663208,0.018930843099951744,140,8.009052401177162e-07
4335,0.993500292301178,0.0064997076988220215,1.267038345336914,0.0191050935536623,140,8.009052401177162e-07
4336,0.9936698079109192,0.0063301920890808105,1.2645468711853027,0.018912358209490776,140,8.009052401177162e-07
4337,0.9935632944107056,0.006436705589294434,1.2673333883285522,0.019045671448111534,140,8.009052401177162e-07
4338,0.9933217167854309,0.006678283214569092,1.264056921005249,0.019252069294452667,140,8.009052401177162e-07
4339,0.9936644434928894,0.006335556507110596,1.2642135620117188,0.01891433633863926,140,8.009052401177162e-07
4340,0.9936354756355286,0.0063645243644714355,1.244392991065979,0.018744809553027153,141,7.608599781118303e-07
4341,0.9933433532714844,0.006656646728515625,1.2722266912460327,0.01931234821677208,141,7.608599781118303e-07
4342,0.9932995438575745,0.006700456142425537,1.2836185693740845,0.01946963742375374,141,7.608599781118303e-07
4343,0.9933965802192688,0.006603419780731201,1.2682799100875854,0.01922018453478813,141,7.608599781118303e-07
4344,0.9936242699623108,0.006375730037689209,1.2631691694259644,0.0189436636865139,141,7.608599781118303e-07
4345,0.9935898780822754,0.006410121917724609,1.2610586881637573,0.018956607207655907,141,7.608599781118303e-07
4346,0.9936410784721375,0.006358921527862549,1.2592366933822632,0.018887698650360107,141,7.608599781118303e-07
4347,0.9935885667800903,0.006411433219909668,1.258167028427124,0.01892898976802826,141,7.608599781118303e-07
4348,0.9937885999679565,0.006211400032043457,1.263785481452942,0.018787140026688576,141,7.608599781118303e-07
4349,0.9937844276428223,0.006215572357177734,1.2566109895706177,0.018719526007771492,141,7.608599781118303e-07
4350,0.9936389327049255,0.006361067295074463,1.2573801279067993,0.018871257081627846,141,7.608599781118303e-07
4351,0.9933750629425049,0.006624937057495117,1.2711868286132812,0.019270556047558784,141,7.608599781118303e-07
4352,0.9936730265617371,0.0063269734382629395,1.2531095743179321,0.018794799223542213,141,7.608599781118303e-07
4353,0.9935650825500488,0.006434917449951172,1.2505555152893066,0.018876122310757637,141,7.608599781118303e-07
4354,0.9936466217041016,0.0063533782958984375,1.2601194381713867,0.01889103837311268,141,7.608599781118303e-07
4355,0.9934817552566528,0.006518244743347168,1.270577073097229,0.019158832728862762,141,7.608599781118303e-07
4356,0.9936266541481018,0.006373345851898193,1.2608751058578491,0.018918363377451897,141,7.608599781118303e-07
4357,0.9936465620994568,0.006353437900543213,1.2708276510238647,0.018998179584741592,141,7.608599781118303e-07
4358,0.9935584664344788,0.00644153356552124,1.2508282661437988,0.018885400146245956,141,7.608599781118303e-07
4359,0.9936206340789795,0.006379365921020508,1.2545510530471802,0.018861081451177597,141,7.608599781118303e-07
4360,0.9935883283615112,0.0064116716384887695,1.2575032711029053,0.018922587856650352,141,7.608599781118303e-07
4361,0.9936197996139526,0.006380200386047363,1.2668519020080566,0.018984917551279068,141,7.608599781118303e-07
4362,0.9935251474380493,0.006474852561950684,1.2547309398651123,0.018957413733005524,141,7.608599781118303e-07
4363,0.9935052394866943,0.006494760513305664,1.2711039781570435,0.019140852615237236,141,7.608599781118303e-07
4364,0.9936539530754089,0.0063460469245910645,1.2679523229599,0.018962109461426735,141,7.608599781118303e-07
4365,0.993597149848938,0.006402850151062012,1.2570525407791138,0.01890934631228447,141,7.608599781118303e-07
4366,0.9936075210571289,0.006392478942871094,1.2646746635437012,0.01897530071437359,141,7.608599781118303e-07
4367,0.9934356212615967,0.00656437873840332,1.26820969581604,0.01918083243072033,141,7.608599781118303e-07
4368,0.9934952259063721,0.00650477409362793,1.2643005847930908,0.019082732498645782,141,7.608599781118303e-07
4369,0.993636965751648,0.006363034248352051,1.256710171699524,0.018866505473852158,141,7.608599781118303e-07
4370,0.9933697581291199,0.006630241870880127,1.2664941549301147,0.01922888122498989,141,7.608599781118303e-07
4371,0.9936793446540833,0.006320655345916748,1.2452068328857422,0.018709516152739525,142,7.228169792062388e-07
4372,0.993593156337738,0.006406843662261963,1.2637662887573242,0.018980437889695168,142,7.228169792062388e-07
4373,0.9934728741645813,0.006527125835418701,1.270738124847412,0.019169235602021217,142,7.228169792062388e-07
4374,0.9935985803604126,0.006401419639587402,1.2639098167419434,0.018976503983139992,142,7.228169792062388e-07
4375,0.9935163855552673,0.006483614444732666,1.2747433185577393,0.019166212528944016,142,7.228169792062388e-07
4376,0.993530809879303,0.0064691901206970215,1.2676680088043213,0.019081177189946175,142,7.228169792062388e-07
4377,0.9935706257820129,0.0064293742179870605,1.2562623023986816,0.01892770268023014,142,7.228169792062388e-07
4378,0.9935300350189209,0.0064699649810791016,1.2654047012329102,0.019059311598539352,142,7.228169792062388e-07
4379,0.9936292171478271,0.0063707828521728516,1.256540060043335,0.018872475251555443,142,7.228169792062388e-07
4380,0.9935666918754578,0.006433308124542236,1.261393427848816,0.018982909619808197,142,7.228169792062388e-07
4381,0.9936928153038025,0.00630718469619751,1.2614169120788574,0.018858281895518303,142,7.228169792062388e-07
4382,0.9935066103935242,0.00649338960647583,1.2575106620788574,0.01900356262922287,142,7.228169792062388e-07
4383,0.9937582612037659,0.006241738796234131,1.260810375213623,0.018787425011396408,142,7.228169792062388e-07
4384,0.9937765598297119,0.006223440170288086,1.253082036972046,0.018692025914788246,142,7.228169792062388e-07
4385,0.993797242641449,0.006202757358551025,1.2520232200622559,0.01866096258163452,142,7.228169792062388e-07
4386,0.9935289025306702,0.006471097469329834,1.2623738050460815,0.019030123949050903,142,7.228169792062388e-07
4387,0.9935454726219177,0.006454527378082275,1.2623727321624756,0.01901371031999588,142,7.228169792062388e-07
4388,0.9934799075126648,0.006520092487335205,1.2593708038330078,0.019048599526286125,142,7.228169792062388e-07
4389,0.9936541318893433,0.006345868110656738,1.2670596837997437,0.018953006714582443,142,7.228169792062388e-07
4390,0.9936126470565796,0.00638735294342041,1.25310218334198,0.018854500725865364,142,7.228169792062388e-07
4391,0.9935860633850098,0.006413936614990234,1.2514232397079468,0.01886402815580368,142,7.228169792062388e-07
4392,0.9935795664787292,0.006420433521270752,1.2686265707015991,0.019042495638132095,142,7.228169792062388e-07
4393,0.9934790134429932,0.006520986557006836,1.2599753141403198,0.019055530428886414,142,7.228169792062388e-07
4394,0.9933775663375854,0.006622433662414551,1.2717314958572388,0.01927352324128151,142,7.228169792062388e-07
4395,0.9936148524284363,0.006385147571563721,1.268725872039795,0.01900855451822281,142,7.228169792062388e-07
4396,0.9934220314025879,0.006577968597412109,1.2673927545547485,0.019186116755008698,142,7.228169792062388e-07
4397,0.9934616088867188,0.00653839111328125,1.2540887594223022,0.019013894721865654,142,7.228169792062388e-07
4398,0.9935668110847473,0.0064331889152526855,1.2714531421661377,0.019083388149738312,142,7.228169792062388e-07
4399,0.9935961961746216,0.006403803825378418,1.266857385635376,0.019008338451385498,142,7.228169792062388e-07
4400,0.9935532808303833,0.006446719169616699,1.259470820426941,0.018976960331201553,142,7.228169792062388e-07
4401,0.9932901263237,0.006709873676300049,1.2754151821136475,0.01939692720770836,142,7.228169792062388e-07
4402,0.9935808777809143,0.006419122219085693,1.2570011615753174,0.01892494224011898,143,6.866761302459269e-07
4403,0.993635892868042,0.006364107131958008,1.255260705947876,0.018853072077035904,143,6.866761302459269e-07
4404,0.9937365651130676,0.006263434886932373,1.268488883972168,0.018885688856244087,143,6.866761302459269e-07
4405,0.9934251308441162,0.006574869155883789,1.2584141492843628,0.019093262031674385,143,6.866761302459269e-07
4406,0.9935882091522217,0.00641179084777832,1.2620999813079834,0.018968671560287476,143,6.866761302459269e-07
4407,0.9934719800949097,0.006528019905090332,1.262760043144226,0.01909033954143524,143,6.866761302459269e-07
4408,0.9936501383781433,0.0063498616218566895,1.2590256929397583,0.01887661963701248,143,6.866761302459269e-07
4409,0.9934784770011902,0.0065215229988098145,1.2688734531402588,0.019145041704177856,143,6.866761302459269e-07
4410,0.9935838580131531,0.006416141986846924,1.2636752128601074,0.018988732248544693,143,6.866761302459269e-07
4411,0.9935671091079712,0.006432890892028809,1.2694705724716187,0.01906326785683632,143,6.866761302459269e-07
4412,0.9933783411979675,0.006621658802032471,1.2693696022033691,0.019249137490987778,143,6.866761302459269e-07
4413,0.9935831427574158,0.0064168572425842285,1.2628428936004639,0.018981117755174637,143,6.866761302459269e-07
4414,0.9933981895446777,0.006601810455322266,1.2647355794906616,0.019183147698640823,143,6.866761302459269e-07
4415,0.9935802221298218,0.006419777870178223,1.2632102966308594,0.018987681716680527,143,6.866761302459269e-07
4416,0.9937760233879089,0.0062239766120910645,1.2516489028930664,0.018678225576877594,143,6.866761302459269e-07
4417,0.9936292171478271,0.0063707828521728516,1.2481601238250732,0.01878867670893669,143,6.866761302459269e-07
4418,0.9934201240539551,0.006579875946044922,1.271470546722412,0.019228782504796982,143,6.866761302459269e-07
4419,0.9935739636421204,0.006426036357879639,1.2599763870239258,0.01896153949201107,143,6.866761302459269e-07
4420,0.9937858581542969,0.006214141845703125,1.2584737539291382,0.018736738711595535,143,6.866761302459269e-07
4421,0.9936750531196594,0.006324946880340576,1.2473812103271484,0.018735509365797043,143,6.866761302459269e-07
4422,0.9935009479522705,0.006499052047729492,1.2475966215133667,0.018910028040409088,143,6.866761302459269e-07
4423,0.9935228824615479,0.0064771175384521484,1.2620124816894531,0.019032470881938934,143,6.866761302459269e-07
4424,0.9934036731719971,0.00659632682800293,1.2769371271133423,0.019299734383821487,143,6.866761302459269e-07
4425,0.9936390519142151,0.006360948085784912,1.2656116485595703,0.01895345374941826,143,6.866761302459269e-07
4426,0.9933269619941711,0.006673038005828857,1.2741491794586182,0.019347798079252243,143,6.866761302459269e-07
4427,0.9937361478805542,0.006263852119445801,1.258373498916626,0.01878494769334793,143,6.866761302459269e-07
4428,0.9934837818145752,0.006516218185424805,1.2638342380523682,0.01908939704298973,143,6.866761302459269e-07
4429,0.9935696125030518,0.006430387496948242,1.267401099205017,0.019040094688534737,143,6.866761302459269e-07
4430,0.9935177564620972,0.006482243537902832,1.2628003358840942,0.019045423716306686,143,6.866761302459269e-07
4431,0.9937341213226318,0.006265878677368164,1.2624170780181885,0.018827389925718307,143,6.866761302459269e-07
4432,0.9937960505485535,0.006203949451446533,1.2632784843444824,0.018774693831801414,143,6.866761302459269e-07
4433,0.9933922290802002,0.006607770919799805,1.2648059129714966,0.019189752638339996,144,6.523423237336305e-07
4434,0.9936076998710632,0.006392300128936768,1.2780543565750122,0.01910892128944397,144,6.523423237336305e-07
4435,0.9936060905456543,0.006393909454345703,1.2510325908660889,0.01884029619395733,144,6.523423237336305e-07
4436,0.9938380718231201,0.006161928176879883,1.2534875869750977,0.018635183572769165,144,6.523423237336305e-07
4437,0.993450939655304,0.006549060344696045,1.2791600227355957,0.01927516981959343,144,6.523423237336305e-07
4438,0.9934887290000916,0.006511270999908447,1.2644004821777344,0.019090162590146065,144,6.523423237336305e-07
4439,0.9936248064041138,0.0063751935958862305,1.2731229066848755,0.019042670726776123,144,6.523423237336305e-07
4440,0.9935582280158997,0.006441771984100342,1.2597525119781494,0.018974877893924713,144,6.523423237336305e-07
4441,0.9935529828071594,0.006447017192840576,1.267015814781189,0.01905270479619503,144,6.523423237336305e-07
4442,0.993835985660553,0.0061640143394470215,1.2554903030395508,0.018657276406884193,144,6.523423237336305e-07
4443,0.9934317469596863,0.006568253040313721,1.26749587059021,0.019177529960870743,144,6.523423237336305e-07
4444,0.9935564994812012,0.006443500518798828,1.2633397579193115,0.019012462347745895,144,6.523423237336305e-07
4445,0.9937335848808289,0.006266415119171143,1.2475656270980835,0.018679406493902206,144,6.523423237336305e-07
4446,0.9936829805374146,0.006317019462585449,1.2638036012649536,0.01889188587665558,144,6.523423237336305e-07
4447,0.9934847354888916,0.0065152645111083984,1.2620939016342163,0.019071049988269806,144,6.523423237336305e-07
4448,0.9937189221382141,0.006281077861785889,1.2515798807144165,0.01873406581580639,144,6.523423237336305e-07
4449,0.9935930967330933,0.006406903266906738,1.2596826553344727,0.018939660862088203,144,6.523423237336305e-07
4450,0.993646502494812,0.006353497505187988,1.2538068294525146,0.018828030675649643,144,6.523423237336305e-07
4451,0.9934978485107422,0.0065021514892578125,1.2590831518173218,0.019027961418032646,144,6.523423237336305e-07
4452,0.9933391213417053,0.006660878658294678,1.2681063413619995,0.019275333732366562,144,6.523423237336305e-07
4453,0.9935677647590637,0.006432235240936279,1.2660326957702637,0.01902823895215988,144,6.523423237336305e-07
4454,0.9934418201446533,0.00655817985534668,1.2608639001846313,0.019101236015558243,144,6.523423237336305e-07
4455,0.9935442209243774,0.006455779075622559,1.264514446258545,0.019036365672945976,144,6.523423237336305e-07
4456,0.993568480014801,0.006431519985198975,1.2547633647918701,0.018914837390184402,144,6.523423237336305e-07
4457,0.9934403300285339,0.0065596699714660645,1.2700445652008057,0.01919451728463173,144,6.523423237336305e-07
4458,0.9936950206756592,0.00630497932434082,1.2559735774993896,0.01880166493356228,144,6.523423237336305e-07
4459,0.9936838746070862,0.006316125392913818,1.252798080444336,0.018780944868922234,144,6.523423237336305e-07
4460,0.9934698939323425,0.006530106067657471,1.270377516746521,0.019168579950928688,144,6.523423237336305e-07
4461,0.9934985041618347,0.006501495838165283,1.2608119249343872,0.019044600427150726,144,6.523423237336305e-07
4462,0.9935704469680786,0.006429553031921387,1.26324462890625,0.01899770461022854,144,6.523423237336305e-07
4463,0.9934726357460022,0.006527364253997803,1.2640634775161743,0.019102726131677628,144,6.523423237336305e-07
4464,0.9936119318008423,0.006388068199157715,1.2574713230133057,0.018898900598287582,145,6.197252075469489e-07
4465,0.9935694336891174,0.006430566310882568,1.268554449081421,0.01905180513858795,145,6.197252075469489e-07
4466,0.9935969710350037,0.006403028964996338,1.2514290809631348,0.018853288143873215,145,6.197252075469489e-07
4467,0.9935397505760193,0.006460249423980713,1.2714124917984009,0.01910977065563202,145,6.197252075469489e-07
4468,0.9936333894729614,0.006366610527038574,1.2551796436309814,0.018854741007089615,145,6.197252075469489e-07
4469,0.9936648011207581,0.006335198879241943,1.2603071928024292,0.018874919041991234,145,6.197252075469489e-07
4470,0.9936494827270508,0.006350517272949219,1.246748685836792,0.018754499033093452,145,6.197252075469489e-07
4471,0.9934723377227783,0.00652766227722168,1.2575721740722656,0.019038107246160507,145,6.197252075469489e-07
4472,0.9938569664955139,0.006143033504486084,1.2556231021881104,0.01863783411681652,145,6.197252075469489e-07
4473,0.9933434724807739,0.006656527519226074,1.2727769613265991,0.019317731261253357,145,6.197252075469489e-07
4474,0.9934828281402588,0.006517171859741211,1.2617928981781006,0.01906992867588997,145,6.197252075469489e-07
4475,0.9935292601585388,0.006470739841461182,1.2533830404281616,0.01893986389040947,145,6.197252075469489e-07
4476,0.9936922192573547,0.006307780742645264,1.2500157356262207,0.018744859844446182,145,6.197252075469489e-07
4477,0.9935692548751831,0.0064307451248168945,1.2832369804382324,0.019198806956410408,145,6.197252075469489e-07
4478,0.9936479330062866,0.006352066993713379,1.2578482627868652,0.01886702887713909,145,6.197252075469489e-07
4479,0.9934017062187195,0.006598293781280518,1.2616490125656128,0.019148800522089005,145,6.197252075469489e-07
4480,0.9934868812561035,0.006513118743896484,1.2651193141937256,0.019099179655313492,145,6.197252075469489e-07
4481,0.9934468269348145,0.006553173065185547,1.2729148864746094,0.019216790795326233,145,6.197252075469489e-07
4482,0.9936622977256775,0.00633770227432251,1.266038179397583,0.01893470622599125,145,6.197252075469489e-07
4483,0.9936908483505249,0.006309151649475098,1.2624733448028564,0.018870793282985687,145,6.197252075469489e-07
4484,0.9936830997467041,0.0063169002532958984,1.2633310556411743,0.018887042999267578,145,6.197252075469489e-07
4485,0.9936346411705017,0.006365358829498291,1.269848346710205,0.019000187516212463,145,6.197252075469489e-07
4486,0.993568480014801,0.006431519985198975,1.2606513500213623,0.018973717465996742,145,6.197252075469489e-07
4487,0.9935187101364136,0.006481289863586426,1.2578938007354736,0.018995415419340134,145,6.197252075469489e-07
4488,0.9934470057487488,0.006552994251251221,1.2633225917816162,0.01912068948149681,145,6.197252075469489e-07
4489,0.9935036301612854,0.0064963698387146,1.2592251300811768,0.019023656845092773,145,6.197252075469489e-07
4490,0.9935295581817627,0.006470441818237305,1.2596875429153442,0.019002612680196762,145,6.197252075469489e-07
4491,0.9934475421905518,0.006552457809448242,1.2633793354034424,0.019120726734399796,145,6.197252075469489e-07
4492,0.9936866164207458,0.00631338357925415,1.2659287452697754,0.01890953630208969,145,6.197252075469489e-07
4493,0.9936155676841736,0.006384432315826416,1.2642539739608765,0.018963126465678215,145,6.197252075469489e-07
4494,0.9934819936752319,0.006518006324768066,1.270058512687683,0.01915341056883335,145,6.197252075469489e-07
4495,0.9937087893486023,0.006291210651397705,1.2641505002975464,0.018869802355766296,146,5.887389471696014e-07
4496,0.9935883283615112,0.0064116716384887695,1.2740472555160522,0.019088027998805046,146,5.887389471696014e-07
4497,0.993480920791626,0.0065190792083740234,1.2624231576919556,0.019078120589256287,146,5.887389471696014e-07
4498,0.9935351014137268,0.006464898586273193,1.2577085494995117,0.01897733472287655,146,5.887389471696014e-07
4499,0.9936789870262146,0.0063210129737854,1.258064866065979,0.01883845031261444,146,5.887389471696014e-07
4500,0.9936795234680176,0.006320476531982422,1.2527745962142944,0.018785016611218452,146,5.887389471696014e-07
4501,0.9934976100921631,0.006502389907836914,1.2670117616653442,0.019107483327388763,146,5.887389471696014e-07
4502,0.9935718178749084,0.006428182125091553,1.264317274093628,0.01900707185268402,146,5.887389471696014e-07
4503,0.9934753775596619,0.006524622440338135,1.2646284103393555,0.019105659797787666,146,5.887389471696014e-07
4504,0.993581235408783,0.006418764591217041,1.2595772743225098,0.01895035058259964,146,5.887389471696014e-07
4505,0.9934985637664795,0.006501436233520508,1.2650418281555176,0.019086839631199837,146,5.887389471696014e-07
4506,0.993857204914093,0.006142795085906982,1.2566730976104736,0.018648097291588783,146,5.887389471696014e-07
4507,0.9935141801834106,0.0064858198165893555,1.2644823789596558,0.01906578615307808,146,5.887389471696014e-07
4508,0.9935101866722107,0.006489813327789307,1.273679256439209,0.019161708652973175,146,5.887389471696014e-07
4509,0.9936211109161377,0.006378889083862305,1.254252314567566,0.018857622519135475,146,5.887389471696014e-07
4510,0.9935409426689148,0.006459057331085205,1.2646360397338867,0.019040826708078384,146,5.887389471696014e-07
4511,0.9936337471008301,0.006366252899169922,1.2598134279251099,0.01890072412788868,146,5.887389471696014e-07
4512,0.9935359358787537,0.006464064121246338,1.2542263269424438,0.018941685557365417,146,5.887389471696014e-07
4513,0.9936040639877319,0.006395936012268066,1.2719364166259766,0.019051339477300644,146,5.887389471696014e-07
4514,0.9936578273773193,0.006342172622680664,1.256527304649353,0.01884402334690094,146,5.887389471696014e-07
4515,0.9935686588287354,0.0064313411712646484,1.2573789358139038,0.018940817564725876,146,5.887389471696014e-07
4516,0.993521511554718,0.006478488445281982,1.261490821838379,0.019028611481189728,146,5.887389471696014e-07
4517,0.9935592412948608,0.00644075870513916,1.263708472251892,0.019013434648513794,146,5.887389471696014e-07
4518,0.9936498999595642,0.006350100040435791,1.2559330463409424,0.018845928832888603,146,5.887389471696014e-07
4519,0.9935019612312317,0.0064980387687683105,1.266737699508667,0.019100435078144073,146,5.887389471696014e-07
4520,0.9935237765312195,0.006476223468780518,1.2657793760299683,0.019069254398345947,146,5.887389471696014e-07
4521,0.9935492277145386,0.006450772285461426,1.258549690246582,0.01897176168859005,146,5.887389471696014e-07
4522,0.9935038089752197,0.0064961910247802734,1.2586246728897095,0.019017474725842476,146,5.887389471696014e-07
4523,0.9935408234596252,0.006459176540374756,1.269084095954895,0.01908542588353157,146,5.887389471696014e-07
4524,0.9935203790664673,0.006479620933532715,1.2726203203201294,0.019141027703881264,146,5.887389471696014e-07
4525,0.9935021996498108,0.006497800350189209,1.245074987411499,0.01888357289135456,146,5.887389471696014e-07
4526,0.993610143661499,0.0063898563385009766,1.2603238821029663,0.018929196521639824,147,5.593019998111213e-07
4527,0.9936317205429077,0.006368279457092285,1.261088490486145,0.018915481865406036,147,5.593019998111213e-07
4528,0.9936242699623108,0.006375730037689209,1.256988286972046,0.01888185553252697,147,5.593019998111213e-07
4529,0.9935938119888306,0.006406188011169434,1.2691307067871094,0.019033432006835938,147,5.593019998111213e-07
4530,0.993790328502655,0.006209671497344971,1.2632566690444946,0.018780142068862915,147,5.593019998111213e-07
4531,0.9937923550605774,0.006207644939422607,1.2566546201705933,0.018712114542722702,147,5.593019998111213e-07
4532,0.9934180974960327,0.006581902503967285,1.2622852325439453,0.019138935953378677,147,5.593019998111213e-07
4533,0.9935449957847595,0.0064550042152404785,1.2590253353118896,0.018980707973241806,147,5.593019998111213e-07
4534,0.9934306144714355,0.006569385528564453,1.2775782346725464,0.019279474392533302,147,5.593019998111213e-07
4535,0.9938578605651855,0.006142139434814453,1.2597609758377075,0.0186783280223608,147,5.593019998111213e-07
4536,0.9935857057571411,0.006414294242858887,1.2678145170211792,0.01902829483151436,147,5.593019998111213e-07
4537,0.9935833811759949,0.006416618824005127,1.2539176940917969,0.018891628831624985,147,5.593019998111213e-07
4538,0.9933701753616333,0.006629824638366699,1.2648524045944214,0.01921205036342144,147,5.593019998111213e-07
4539,0.9936789870262146,0.0063210129737854,1.2577886581420898,0.01883568987250328,147,5.593019998111213e-07
4540,0.9937344193458557,0.006265580654144287,1.2583421468734741,0.018786346539855003,147,5.593019998111213e-07
4541,0.9934919476509094,0.006508052349090576,1.2632813453674316,0.01907578483223915,147,5.593019998111213e-07
4542,0.9935734272003174,0.006426572799682617,1.2651208639144897,0.01901351660490036,147,5.593019998111213e-07
4543,0.9936082363128662,0.006391763687133789,1.2607128620147705,0.01893497444689274,147,5.593019998111213e-07
4544,0.9935730695724487,0.0064269304275512695,1.2601182460784912,0.01896384358406067,147,5.593019998111213e-07
4545,0.9935922622680664,0.006407737731933594,1.251057744026184,0.018854238092899323,147,5.593019998111213e-07
4546,0.9934418797492981,0.006558120250701904,1.2646963596343994,0.019139502197504044,147,5.593019998111213e-07
4547,0.9933052062988281,0.006694793701171875,1.266504168510437,0.019292887300252914,147,5.593019998111213e-07
4548,0.9934202432632446,0.006579756736755371,1.2689588069915771,0.0192035473883152,147,5.593019998111213e-07
4549,0.9935311079025269,0.0064688920974731445,1.260229468345642,0.019006498157978058,147,5.593019998111213e-07
4550,0.993604302406311,0.006395697593688965,1.2796940803527832,0.01912868022918701,147,5.593019998111213e-07
4551,0.9935335516929626,0.0064664483070373535,1.264428734779358,0.01904607191681862,147,5.593019998111213e-07
4552,0.9936487078666687,0.006351292133331299,1.2598373889923096,0.018886152654886246,147,5.593019998111213e-07
4553,0.993558406829834,0.006441593170166016,1.2554082870483398,0.018931260332465172,147,5.593019998111213e-07
4554,0.9935758113861084,0.0064241886138916016,1.257340669631958,0.018933352082967758,147,5.593019998111213e-07
4555,0.9935545325279236,0.006445467472076416,1.251883864402771,0.01889985054731369,147,5.593019998111213e-07
4556,0.9933761954307556,0.006623804569244385,1.2708483934402466,0.019266050308942795,147,5.593019998111213e-07
4557,0.9934401512145996,0.006559848785400391,1.2695038318634033,0.01918928697705269,148,5.313368998205652e-07
4558,0.9936352968215942,0.006364703178405762,1.2564504146575928,0.01886555925011635,148,5.313368998205652e-07
4559,0.9935656785964966,0.006434321403503418,1.262731909751892,0.018997296690940857,148,5.313368998205652e-07
4560,0.9936700463294983,0.006329953670501709,1.2696328163146973,0.018962981179356575,148,5.313368998205652e-07
4561,0.9936231970787048,0.006376802921295166,1.2648773193359375,0.01896180771291256,148,5.313368998205652e-07
4562,0.9934505820274353,0.006549417972564697,1.2576097249984741,0.01906001940369606,148,5.313368998205652e-07
4563,0.9936743974685669,0.0063256025314331055,1.258218765258789,0.01884453371167183,148,5.313368998205652e-07
4564,0.9935866594314575,0.0064133405685424805,1.2513412237167358,0.018862619996070862,148,5.313368998205652e-07
4565,0.9934242963790894,0.0065757036209106445,1.2646865844726562,0.019156811758875847,148,5.313368998205652e-07
4566,0.9936766624450684,0.006323337554931641,1.2621331214904785,0.018881434574723244,148,5.313368998205652e-07
4567,0.9934168457984924,0.006583154201507568,1.2723045349121094,0.0192403681576252,148,5.313368998205652e-07
4568,0.9936487078666687,0.006351292133331299,1.2620350122451782,0.018908128142356873,148,5.313368998205652e-07
4569,0.9935415387153625,0.006458461284637451,1.255372166633606,0.018947597593069077,148,5.313368998205652e-07
4570,0.9936560392379761,0.006343960762023926,1.2616360187530518,0.018896881490945816,148,5.313368998205652e-07
4571,0.9936554431915283,0.00634455680847168,1.249801754951477,0.018779128789901733,148,5.313368998205652e-07
4572,0.9936249256134033,0.00637507438659668,1.2550987005233765,0.01886231079697609,148,5.313368998205652e-07
4573,0.9936802387237549,0.006319761276245117,1.2597789764404297,0.018854353576898575,148,5.313368998205652e-07
4574,0.9936770796775818,0.006322920322418213,1.2587112188339233,0.018846802413463593,148,5.313368998205652e-07
4575,0.9933782815933228,0.006621718406677246,1.2675668001174927,0.019231170415878296,148,5.313368998205652e-07
4576,0.9934256672859192,0.0065743327140808105,1.2653659582138062,0.019162248820066452,148,5.313368998205652e-07
4577,0.9933329224586487,0.006667077541351318,1.2653781175613403,0.019254188984632492,148,5.313368998205652e-07
4578,0.993812084197998,0.006187915802001953,1.2610347270965576,0.01873638480901718,148,5.313368998205652e-07
4579,0.9937041997909546,0.00629580020904541,1.2729588747024536,0.018962431699037552,148,5.313368998205652e-07
4580,0.9936012029647827,0.006398797035217285,1.271102786064148,0.019045837223529816,148,5.313368998205652e-07
4581,0.9936316609382629,0.0063683390617370605,1.262855052947998,0.018933206796646118,148,5.313368998205652e-07
4582,0.9935733079910278,0.006426692008972168,1.2463688850402832,0.018826114013791084,148,5.313368998205652e-07
4583,0.9935136437416077,0.006486356258392334,1.2616522312164307,0.019038014113903046,148,5.313368998205652e-07
4584,0.9935420155525208,0.006457984447479248,1.2713747024536133,0.0191071517765522,148,5.313368998205652e-07
4585,0.9935898780822754,0.006410121917724609,1.2641515731811523,0.018987536430358887,148,5.313368998205652e-07
4586,0.9934453368186951,0.006554663181304932,1.2662413120269775,0.019151529297232628,148,5.313368998205652e-07
4587,0.9935138821601868,0.006486117839813232,1.2563788890838623,0.018985044211149216,148,5.313368998205652e-07
4588,0.9933931827545166,0.0066068172454833984,1.267795443534851,0.019218703731894493,149,5.047700548295369e-07
4589,0.9936264157295227,0.006373584270477295,1.2638487815856934,0.018948335200548172,149,5.047700548295369e-07
4590,0.9935849905014038,0.006415009498596191,1.2629213333129883,0.01898007281124592,149,5.047700548295369e-07
4591,0.9935747981071472,0.006425201892852783,1.2599462270736694,0.018960412591695786,149,5.047700548295369e-07
4592,0.9934919476509094,0.006508052349090576,1.2673982381820679,0.019116954877972603,149,5.047700548295369e-07
4593,0.9936306476593018,0.006369352340698242,1.2605090141296387,0.01891074888408184,149,5.047700548295369e-07
4594,0.9934853911399841,0.006514608860015869,1.2652097940444946,0.01910156011581421,149,5.047700548295369e-07
4595,0.9934632182121277,0.0065367817878723145,1.269956111907959,0.0191709753125906,149,5.047700548295369e-07
4596,0.993669867515564,0.006330132484436035,1.2682803869247437,0.018949635326862335,149,5.047700548295369e-07
4597,0.993666410446167,0.006333589553833008,1.26932692527771,0.018963523209095,149,5.047700548295369e-07
4598,0.9936807155609131,0.006319284439086914,1.2618125677108765,0.018874216824769974,149,5.047700548295369e-07
4599,0.9934887886047363,0.006511211395263672,1.2613075971603394,0.01905917562544346,149,5.047700548295369e-07
4600,0.993402898311615,0.00659710168838501,1.2617995738983154,0.01914912462234497,149,5.047700548295369e-07
4601,0.9935719966888428,0.0064280033111572266,1.2585747241973877,0.018949471414089203,149,5.047700548295369e-07
4602,0.9935779571533203,0.0064220428466796875,1.2650046348571777,0.019007869064807892,149,5.047700548295369e-07
4603,0.9933493733406067,0.0066506266593933105,1.2671630382537842,0.019255749881267548,149,5.047700548295369e-07
4604,0.9935861229896545,0.006413877010345459,1.258779764175415,0.01893753558397293,149,5.047700548295369e-07
4605,0.9936379194259644,0.0063620805740356445,1.255200982093811,0.01885046996176243,149,5.047700548295369e-07
4606,0.9936133623123169,0.0063866376876831055,1.2666085958480835,0.01898885704576969,149,5.047700548295369e-07
4607,0.9936431050300598,0.0063568949699401855,1.2593615055084229,0.01888694055378437,149,5.047700548295369e-07
4608,0.9936003088951111,0.006399691104888916,1.266829490661621,0.019003989174962044,149,5.047700548295369e-07
4609,0.9936314821243286,0.006368517875671387,1.2666409015655518,0.018971242010593414,149,5.047700548295369e-07
4610,0.9936429262161255,0.006357073783874512,1.2581597566604614,0.01887509971857071,149,5.047700548295369e-07
4611,0.9937654137611389,0.006234586238861084,1.2547932863235474,0.018720172345638275,149,5.047700548295369e-07
4612,0.9935942888259888,0.0064057111740112305,1.2703136205673218,0.019044790416955948,149,5.047700548295369e-07
4613,0.9935712218284607,0.006428778171539307,1.2487536668777466,0.018852027133107185,149,5.047700548295369e-07
4614,0.993545651435852,0.006454348564147949,1.2608243227005005,0.018998049199581146,149,5.047700548295369e-07
4615,0.9934734106063843,0.006526589393615723,1.255620002746582,0.019017523154616356,149,5.047700548295369e-07
4616,0.9934417605400085,0.006558239459991455,1.2623668909072876,0.019116325303912163,149,5.047700548295369e-07
4617,0.9936640858650208,0.006335914134979248,1.254867672920227,0.01882123202085495,149,5.047700548295369e-07
4618,0.9937406778335571,0.006259322166442871,1.2552601099014282,0.018749330192804337,149,5.047700548295369e-07
4619,0.993560254573822,0.0064397454261779785,1.2508745193481445,0.018884092569351196,150,4.7953155208806e-07
4620,0.9934676885604858,0.00653231143951416,1.2681057453155518,0.019148044288158417,150,4.7953155208806e-07
4621,0.9936079978942871,0.006392002105712891,1.258698582649231,0.018915068358182907,150,4.7953155208806e-07
4622,0.9933986067771912,0.006601393222808838,1.2752056121826172,0.019287435337901115,150,4.7953155208806e-07
4623,0.9933279156684875,0.006672084331512451,1.2663453817367554,0.019268818199634552,150,4.7953155208806e-07
4624,0.9935640096664429,0.006435990333557129,1.2685573101043701,0.019057203084230423,150,4.7953155208806e-07
4625,0.9935309290885925,0.006469070911407471,1.2539623975753784,0.01894400268793106,150,4.7953155208806e-07
4626,0.9935357570648193,0.006464242935180664,1.263207197189331,0.019031673669815063,150,4.7953155208806e-07
4627,0.9936418533325195,0.006358146667480469,1.2664631605148315,0.018959196284413338,150,4.7953155208806e-07
4628,0.993419349193573,0.006580650806427002,1.268110990524292,0.019195955246686935,150,4.7953155208806e-07
4629,0.9935480952262878,0.006451904773712158,1.2611562013626099,0.018998946994543076,150,4.7953155208806e-07
4630,0.9936778545379639,0.006322145462036133,1.255934476852417,0.018818268552422523,150,4.7953155208806e-07
4631,0.9937189221382141,0.006281077861785889,1.2687491178512573,0.01890575885772705,150,4.7953155208806e-07
4632,0.9937200546264648,0.006279945373535156,1.2570209503173828,0.018787354230880737,150,4.7953155208806e-07
4633,0.9936158657073975,0.006384134292602539,1.2652311325073242,0.01897260546684265,150,4.7953155208806e-07
4634,0.9934165477752686,0.006583452224731445,1.2726465463638306,0.019244082272052765,150,4.7953155208806e-07
4635,0.9937288761138916,0.0062711238861083984,1.263768196105957,0.018846094608306885,150,4.7953155208806e-07
4636,0.9933908581733704,0.006609141826629639,1.278560996055603,0.019328661262989044,150,4.7953155208806e-07
4637,0.9933649897575378,0.006635010242462158,1.2664556503295898,0.01923321560025215,150,4.7953155208806e-07
4638,0.9934867024421692,0.0065132975578308105,1.2582589387893677,0.019030753523111343,150,4.7953155208806e-07
4639,0.9936993718147278,0.006300628185272217,1.2538660764694214,0.01877628266811371,150,4.7953155208806e-07
4640,0.9936771988868713,0.006322801113128662,1.2597676515579224,0.01885724999010563,150,4.7953155208806e-07
4641,0.9936673045158386,0.006332695484161377,1.252643346786499,0.0187958013266325,150,4.7953155208806e-07
4642,0.9935352802276611,0.006464719772338867,1.2630195617675781,0.019030267372727394,150,4.7953155208806e-07
4643,0.9935174584388733,0.006482541561126709,1.2546888589859009,0.018964605405926704,150,4.7953155208806e-07
4644,0.9936553835868835,0.006344616413116455,1.2514649629592896,0.018795819953083992,150,4.7953155208806e-07
4645,0.993703305721283,0.006296694278717041,1.260866641998291,0.018842393532395363,150,4.7953155208806e-07
4646,0.9936691522598267,0.00633084774017334,1.251234769821167,0.01877988688647747,150,4.7953155208806e-07
4647,0.9936589002609253,0.006341099739074707,1.2589232921600342,0.018866922706365585,150,4.7953155208806e-07
4648,0.9936333298683167,0.00636667013168335,1.2696398496627808,0.018999401479959488,150,4.7953155208806e-07
4649,0.9935689568519592,0.0064310431480407715,1.2615525722503662,0.018982257694005966,150,4.7953155208806e-07
4650,0.9936656355857849,0.006334364414215088,1.2601217031478882,0.01887223683297634,151,4.55554974483657e-07
4651,0.9934095144271851,0.006590485572814941,1.2713475227355957,0.019238056614995003,151,4.55554974483657e-07
4652,0.9935880899429321,0.006411910057067871,1.25602126121521,0.018908003345131874,151,4.55554974483657e-07
4653,0.9935906529426575,0.006409347057342529,1.2608321905136108,0.01895357482135296,151,4.55554974483657e-07
4654,0.993712842464447,0.0062871575355529785,1.2653714418411255,0.018877999857068062,151,4.55554974483657e-07
4655,0.9934434294700623,0.006556570529937744,1.2739733457565308,0.019230738282203674,151,4.55554974483657e-07
4656,0.9936022162437439,0.0063977837562561035,1.2537411451339722,0.018871217966079712,151,4.55554974483657e-07
4657,0.9936028718948364,0.006397128105163574,1.2678864002227783,0.019012020900845528,151,4.55554974483657e-07
4658,0.9936546683311462,0.00634533166885376,1.260068416595459,0.01888256147503853,151,4.55554974483657e-07
4659,0.9936364889144897,0.006363511085510254,1.2554657459259033,0.0188545323908329,151,4.55554974483657e-07
4660,0.9937071204185486,0.006292879581451416,1.255720615386963,0.01878715679049492,151,4.55554974483657e-07
4661,0.9936491847038269,0.006350815296173096,1.267606258392334,0.018963368609547615,151,4.55554974483657e-07
4662,0.9935252070426941,0.006474792957305908,1.2628065347671509,0.019038110971450806,151,4.55554974483657e-07
4663,0.9935715198516846,0.00642848014831543,1.2627809047698975,0.018992003053426743,151,4.55554974483657e-07
4664,0.9936214685440063,0.006378531455993652,1.2634397745132446,0.018949143588542938,151,4.55554974483657e-07
4665,0.9934102296829224,0.006589770317077637,1.2738014459609985,0.019261887297034264,151,4.55554974483657e-07
4666,0.9936531782150269,0.0063468217849731445,1.264387607574463,0.018927229568362236,151,4.55554974483657e-07
4667,0.9935715794563293,0.006428420543670654,1.2517621517181396,0.01888175681233406,151,4.55554974483657e-07
4668,0.9935961961746216,0.006403803825378418,1.2504620552062988,0.01884438656270504,151,4.55554974483657e-07
4669,0.9936206340789795,0.006379365921020508,1.2541011571884155,0.018856583163142204,151,4.55554974483657e-07
4670,0.9935649037361145,0.006435096263885498,1.2480586767196655,0.018851332366466522,151,4.55554974483657e-07
4671,0.993454098701477,0.006545901298522949,1.2616581916809082,0.019097022712230682,151,4.55554974483657e-07
4672,0.9937861561775208,0.006213843822479248,1.2578421831130981,0.018730126321315765,151,4.55554974483657e-07
4673,0.9934747219085693,0.006525278091430664,1.278059959411621,0.019240625202655792,151,4.55554974483657e-07
4674,0.9935592412948608,0.00644075870513916,1.2607864141464233,0.018984215334057808,151,4.55554974483657e-07
4675,0.9935526847839355,0.006447315216064453,1.2622265815734863,0.019005106762051582,151,4.55554974483657e-07
4676,0.9936043620109558,0.0063956379890441895,1.2627862691879272,0.018959544599056244,151,4.55554974483657e-07
4677,0.9934807419776917,0.00651925802230835,1.2709403038024902,0.01916346698999405,151,4.55554974483657e-07
4678,0.9933475852012634,0.006652414798736572,1.260035514831543,0.019186245277523994,151,4.55554974483657e-07
4679,0.9934776425361633,0.00652235746383667,1.2713220119476318,0.019170355051755905,151,4.55554974483657e-07
4680,0.9936094880104065,0.006390511989593506,1.2594016790390015,0.018920622766017914,151,4.55554974483657e-07
4681,0.9938550591468811,0.0061449408531188965,1.2686312198638916,0.018769804388284683,152,4.327772257594741e-07
4682,0.9934502243995667,0.00654977560043335,1.2599108219146729,0.019083386287093163,152,4.327772257594741e-07
4683,0.9934856295585632,0.006514370441436768,1.2739849090576172,0.019189074635505676,152,4.327772257594741e-07
4684,0.9936299324035645,0.006370067596435547,1.271786093711853,0.019024226814508438,152,4.327772257594741e-07
4685,0.9937147498130798,0.006285250186920166,1.2616292238235474,0.018838688731193542,152,4.327772257594741e-07
4686,0.993520200252533,0.006479799747467041,1.2656694650650024,0.01907169632613659,152,4.327772257594741e-07
4687,0.9935983419418335,0.006401658058166504,1.26829195022583,0.01902056112885475,152,4.327772257594741e-07
4688,0.993688702583313,0.006311297416687012,1.2481507062911987,0.018729690462350845,152,4.327772257594741e-07
4689,0.9936549663543701,0.006345033645629883,1.2548857927322388,0.018830440938472748,152,4.327772257594741e-07
4690,0.9936605095863342,0.0063394904136657715,1.2527481317520142,0.01880357600748539,152,4.327772257594741e-07
4691,0.9934007525444031,0.006599247455596924,1.267780065536499,0.0192110538482666,152,4.327772257594741e-07
4692,0.9936070442199707,0.006392955780029297,1.2616119384765625,0.01894514635205269,152,4.327772257594741e-07
4693,0.9935285449028015,0.006471455097198486,1.2688287496566772,0.019095027819275856,152,4.327772257594741e-07
4694,0.993546724319458,0.006453275680541992,1.2702810764312744,0.01909155398607254,152,4.327772257594741e-07
4695,0.9935444593429565,0.006455540657043457,1.261322259902954,0.019004207104444504,152,4.327772257594741e-07
4696,0.9933198690414429,0.006680130958557129,1.2648394107818604,0.01926172338426113,152,4.327772257594741e-07
4697,0.9935262799263,0.006473720073699951,1.2533713579177856,0.0189426951110363,152,4.327772257594741e-07
4698,0.993383526802063,0.006616473197937012,1.2762341499328613,0.019312649965286255,152,4.327772257594741e-07
4699,0.9934768676757812,0.00652313232421875,1.2606016397476196,0.0190639179199934,152,4.327772257594741e-07
4700,0.9937173128128052,0.006282687187194824,1.2581032514572144,0.018800891935825348,152,4.327772257594741e-07
4701,0.9936482906341553,0.0063517093658447266,1.2528539896011353,0.018816731870174408,152,4.327772257594741e-07
4702,0.9937833547592163,0.006216645240783691,1.255251169204712,0.018706990405917168,152,4.327772257594741e-07
4703,0.9936025738716125,0.006397426128387451,1.2679342031478882,0.01901279389858246,152,4.327772257594741e-07
4704,0.9936262965202332,0.006373703479766846,1.255795955657959,0.01886792480945587,152,4.327772257594741e-07
4705,0.9935178160667419,0.006482183933258057,1.263152003288269,0.01904888078570366,152,4.327772257594741e-07
4706,0.9934751987457275,0.006524801254272461,1.2644832134246826,0.019104385748505592,152,4.327772257594741e-07
4707,0.9935574531555176,0.006442546844482422,1.2637217044830322,0.019015338271856308,152,4.327772257594741e-07
4708,0.9934229254722595,0.0065770745277404785,1.2597905397415161,0.0191092099994421,152,4.327772257594741e-07
4709,0.9935298562049866,0.006470143795013428,1.262998342514038,0.019035425037145615,152,4.327772257594741e-07
4710,0.9935598969459534,0.006440103054046631,1.255476951599121,0.018930472433567047,152,4.327772257594741e-07
4711,0.9937304258346558,0.006269574165344238,1.251654028892517,0.018723417073488235,152,4.327772257594741e-07
4712,0.9935207366943359,0.0064792633056640625,1.2621748447418213,0.019036218523979187,153,4.111383644715004e-07
4713,0.9936809539794922,0.0063190460205078125,1.2570921182632446,0.01882677711546421,153,4.111383644715004e-07
4714,0.9935793280601501,0.0064206719398498535,1.2750585079193115,0.019107049331068993,153,4.111383644715004e-07
4715,0.9935879111289978,0.006412088871002197,1.2521053552627563,0.01886902190744877,153,4.111383644715004e-07
4716,0.9938495755195618,0.006150424480438232,1.2665014266967773,0.018753934651613235,153,4.111383644715004e-07
4717,0.9936858415603638,0.0063141584396362305,1.2466298341751099,0.018717315047979355,153,4.111383644715004e-07
4718,0.9935726523399353,0.006427347660064697,1.2626334428787231,0.018989408388733864,153,4.111383644715004e-07
4719,0.99363112449646,0.006368875503540039,1.2727255821228027,0.019032442942261696,153,4.111383644715004e-07
4720,0.9935413599014282,0.006458640098571777,1.2544786930084229,0.018938839435577393,153,4.111383644715004e-07
4721,0.9936019778251648,0.006398022174835205,1.269277811050415,0.019026819616556168,153,4.111383644715004e-07
4722,0.9937931299209595,0.006206870079040527,1.2536675930023193,0.01868147775530815,153,4.111383644715004e-07
4723,0.9936273097991943,0.006372690200805664,1.2604615688323975,0.018913578242063522,153,4.111383644715004e-07
4724,0.9934651255607605,0.006534874439239502,1.2581521272659302,0.019051047042012215,153,4.111383644715004e-07
4725,0.9934145212173462,0.006585478782653809,1.2605962753295898,0.01912558637559414,153,4.111383644715004e-07
4726,0.9936914443969727,0.006308555603027344,1.2585898637771606,0.018831368535757065,153,4.111383644715004e-07
4727,0.9934172630310059,0.006582736968994141,1.2707253694534302,0.01922416314482689,153,4.111383644715004e-07
4728,0.9937493205070496,0.0062506794929504395,1.2545405626296997,0.01873357780277729,153,4.111383644715004e-07
4729,0.9935123324394226,0.006487667560577393,1.2716692686080933,0.01913948357105255,153,4.111383644715004e-07
4730,0.9934574961662292,0.006542503833770752,1.2655813694000244,0.019132891669869423,153,4.111383644715004e-07
4731,0.9936809539794922,0.0063190460205078125,1.2538444995880127,0.01879430003464222,153,4.111383644715004e-07
4732,0.9935750365257263,0.006424963474273682,1.247772216796875,0.018838435411453247,153,4.111383644715004e-07
4733,0.9934961199760437,0.006503880023956299,1.2666462659835815,0.019105304032564163,153,4.111383644715004e-07
4734,0.993787407875061,0.006212592124938965,1.2597570419311523,0.01874803751707077,153,4.111383644715004e-07
4735,0.9934778213500977,0.006522178649902344,1.263601541519165,0.019092971459031105,153,4.111383644715004e-07
4736,0.993297815322876,0.0067021846771240234,1.2684649229049683,0.019319811835885048,153,4.111383644715004e-07
4737,0.9935930967330933,0.006406903266906738,1.2690718173980713,0.019033553078770638,153,4.111383644715004e-07
4738,0.993353545665741,0.006646454334259033,1.27488374710083,0.019328827038407326,153,4.111383644715004e-07
4739,0.9935455918312073,0.006454408168792725,1.2521599531173706,0.018911464139819145,153,4.111383644715004e-07
4740,0.993464469909668,0.006535530090332031,1.2725863456726074,0.01919603906571865,153,4.111383644715004e-07
4741,0.9935927987098694,0.006407201290130615,1.2577779293060303,0.018920907750725746,153,4.111383644715004e-07
4742,0.9934250712394714,0.0065749287605285645,1.2659869194030762,0.019169049337506294,153,4.111383644715004e-07
4743,0.9933708906173706,0.0066291093826293945,1.2721292972564697,0.019284110516309738,154,3.905814462479254e-07
4744,0.9936469793319702,0.006353020668029785,1.253981113433838,0.01882930099964142,154,3.905814462479254e-07
4745,0.9936177134513855,0.006382286548614502,1.2380403280258179,0.01869886741042137,154,3.905814462479254e-07
4746,0.9936413764953613,0.006358623504638672,1.2647336721420288,0.018942374736070633,154,3.905814462479254e-07
4747,0.9934448599815369,0.006555140018463135,1.265364646911621,0.019143234938383102,154,3.905814462479254e-07
4748,0.9936655163764954,0.006334483623504639,1.2596368789672852,0.018867507576942444,154,3.905814462479254e-07
4749,0.9935073852539062,0.00649261474609375,1.2577201128005981,0.019004888832569122,154,3.905814462479254e-07
4750,0.9934813976287842,0.00651860237121582,1.2675262689590454,0.019128678366541862,154,3.905814462479254e-07
4751,0.9935165643692017,0.00648343563079834,1.2556469440460205,0.018975069746375084,154,3.905814462479254e-07
4752,0.9935299754142761,0.006470024585723877,1.267169713973999,0.01907702162861824,154,3.905814462479254e-07
4753,0.9935328364372253,0.006467163562774658,1.2613394260406494,0.019015885889530182,154,3.905814462479254e-07
4754,0.9934998154640198,0.006500184535980225,1.261406660079956,0.019049249589443207,154,3.905814462479254e-07
4755,0.9934806227684021,0.0065193772315979,1.2709307670593262,0.01916349120438099,154,3.905814462479254e-07
4756,0.9935351610183716,0.006464838981628418,1.268682837486267,0.019087018445134163,154,3.905814462479254e-07
4757,0.9936531186103821,0.00634688138961792,1.2657368183135986,0.01894078031182289,154,3.905814462479254e-07
4758,0.9936514496803284,0.006348550319671631,1.2613766193389893,0.01889882981777191,154,3.905814462479254e-07
4759,0.9936133027076721,0.006386697292327881,1.259210228919983,0.018914932385087013,154,3.905814462479254e-07
4760,0.9935711622238159,0.006428837776184082,1.2614755630493164,0.018979303538799286,154,3.905814462479254e-07
4761,0.9935860633850098,0.006413936614990234,1.2581440210342407,0.018931236118078232,154,3.905814462479254e-07
4762,0.9936688542366028,0.006331145763397217,1.2523083686828613,0.018790917471051216,154,3.905814462479254e-07
4763,0.993671178817749,0.0063288211822509766,1.2674610614776611,0.018940143287181854,154,3.905814462479254e-07
4764,0.9937131404876709,0.0062868595123291016,1.2546290159225464,0.018770281225442886,154,3.905814462479254e-07
4765,0.993569016456604,0.006430983543395996,1.2672210931777954,0.019038885831832886,154,3.905814462479254e-07
4766,0.9936874508857727,0.006312549114227295,1.2675631046295166,0.018925053998827934,154,3.905814462479254e-07
4767,0.9934096932411194,0.006590306758880615,1.2713093757629395,0.019237495958805084,154,3.905814462479254e-07
4768,0.9935436248779297,0.0064563751220703125,1.267329454421997,0.01906510628759861,154,3.905814462479254e-07
4769,0.9934467673301697,0.006553232669830322,1.2585303783416748,0.01907300390303135,154,3.905814462479254e-07
4770,0.993537962436676,0.006462037563323975,1.2636524438858032,0.019033940508961678,154,3.905814462479254e-07
4771,0.9936631917953491,0.006336808204650879,1.267071008682251,0.01894414983689785,154,3.905814462479254e-07
4772,0.9934992790222168,0.006500720977783203,1.264765977859497,0.019083373248577118,154,3.905814462479254e-07
4773,0.9938938021659851,0.006106197834014893,1.2477843761444092,0.01852297969162464,154,3.905814462479254e-07
4774,0.9933878183364868,0.006612181663513184,1.2738854885101318,0.019284915179014206,155,3.710523739355291e-07
4775,0.9935540556907654,0.006445944309234619,1.2678673267364502,0.019060157239437103,155,3.710523739355291e-07
4776,0.9936729669570923,0.006327033042907715,1.256729245185852,0.018831055611371994,155,3.710523739355291e-07
4777,0.9937108159065247,0.006289184093475342,1.2709766626358032,0.01893605850636959,155,3.710523739355291e-07
4778,0.9936765432357788,0.006323456764221191,1.2562016248703003,0.018822237849235535,155,3.710523739355291e-07
4779,0.9937179684638977,0.006282031536102295,1.2604602575302124,0.018823813647031784,155,3.710523739355291e-07
4780,0.9934780597686768,0.006521940231323242,1.2697755098342896,0.01915447600185871,155,3.710523739355291e-07
4781,0.9934441447257996,0.0065558552742004395,1.2677868604660034,0.01916816458106041,155,3.710523739355291e-07
4782,0.9936079978942871,0.006392002105712891,1.2667394876480103,0.01899547688663006,155,3.710523739355291e-07
4783,0.9935434460639954,0.006456553936004639,1.2559752464294434,0.018951740115880966,155,3.710523739355291e-07
4784,0.9936097860336304,0.006390213966369629,1.2629635334014893,0.01895594596862793,155,3.710523739355291e-07
4785,0.9935476183891296,0.006452381610870361,1.270695686340332,0.019094813615083694,155,3.710523739355291e-07
4786,0.9936519265174866,0.006348073482513428,1.2538087368011475,0.018822679296135902,155,3.710523739355291e-07
4787,0.9935190081596375,0.006480991840362549,1.2620768547058105,0.019036950543522835,155,3.710523739355291e-07
4788,0.9934101104736328,0.0065898895263671875,1.2651456594467163,0.019175447523593903,155,3.710523739355291e-07
4789,0.9937819838523865,0.006218016147613525,1.2462778091430664,0.018618613481521606,155,3.710523739355291e-07
4790,0.993453323841095,0.006546676158905029,1.264375925064087,0.019124967977404594,155,3.710523739355291e-07
4791,0.9934906959533691,0.006509304046630859,1.2674281597137451,0.01911849156022072,155,3.710523739355291e-07
4792,0.9935360550880432,0.006463944911956787,1.2633419036865234,0.01903272420167923,155,3.710523739355291e-07
4793,0.9936764240264893,0.006323575973510742,1.2544889450073242,0.018805228173732758,155,3.710523739355291e-07
4794,0.993676483631134,0.006323516368865967,1.2664896249771118,0.018925176933407784,155,3.710523739355291e-07
4795,0.9935562610626221,0.00644373893737793,1.247331142425537,0.018852613866329193,155,3.710523739355291e-07
4796,0.9935716390609741,0.006428360939025879,1.265227198600769,0.01901634782552719,155,3.710523739355291e-07
4797,0.9935838580131531,0.006416141986846924,1.2566616535186768,0.01891859620809555,155,3.710523739355291e-07
4798,0.9936345815658569,0.006365418434143066,1.2536559104919434,0.018838323652744293,155,3.710523739355291e-07
4799,0.9932844042778015,0.006715595722198486,1.2686455249786377,0.01933489367365837,155,3.710523739355291e-07
4800,0.9936524033546448,0.006347596645355225,1.2559528350830078,0.018843648955225945,155,3.710523739355291e-07
4801,0.9935212135314941,0.006478786468505859,1.2623296976089478,0.019037295132875443,155,3.710523739355291e-07
4802,0.9937048554420471,0.006295144557952881,1.266310453414917,0.01889529824256897,155,3.710523739355291e-07
4803,0.9935632944107056,0.006436705589294434,1.264064908027649,0.01901298761367798,155,3.710523739355291e-07
4804,0.9935773611068726,0.006422638893127441,1.2600878477096558,0.01895929127931595,155,3.710523739355291e-07
4805,0.9934940934181213,0.006505906581878662,1.2588106393814087,0.019028954207897186,156,3.524997552387526e-07
4806,0.9935877919197083,0.006412208080291748,1.2543368339538574,0.018891453742980957,156,3.524997552387526e-07
4807,0.9935905933380127,0.006409406661987305,1.2789722681045532,0.019135035574436188,156,3.524997552387526e-07
4808,0.9934605956077576,0.006539404392242432,1.2721995115280151,0.019196005538105965,156,3.524997552387526e-07
4809,0.9937958121299744,0.006204187870025635,1.262920618057251,0.018771352246403694,156,3.524997552387526e-07
4810,0.9935228824615479,0.0064771175384521484,1.2564194202423096,0.018976539373397827,156,3.524997552387526e-07
4811,0.9935301542282104,0.006469845771789551,1.2690995931625366,0.019096143543720245,156,3.524997552387526e-07
4812,0.9934006333351135,0.006599366664886475,1.2629987001419067,0.019163358956575394,156,3.524997552387526e-07
4813,0.9936667084693909,0.006333291530609131,1.2457082271575928,0.01872704178094864,156,3.524997552387526e-07
4814,0.9935972094535828,0.006402790546417236,1.2590782642364502,0.01892954483628273,156,3.524997552387526e-07
4815,0.9936413764953613,0.006358623504638672,1.259726881980896,0.018892306834459305,156,3.524997552387526e-07
4816,0.9936685562133789,0.006331443786621094,1.2613385915756226,0.01888151466846466,156,3.524997552387526e-07
4817,0.9935588240623474,0.006441175937652588,1.2605581283569336,0.01898234523832798,156,3.524997552387526e-07
4818,0.9936611652374268,0.006338834762573242,1.2647533416748047,0.01892297901213169,156,3.524997552387526e-07
4819,0.9936754107475281,0.006324589252471924,1.2519071102142334,0.018780414015054703,156,3.524997552387526e-07
4820,0.9936100840568542,0.006389915943145752,1.2622734308242798,0.01894875057041645,156,3.524997552387526e-07
4821,0.9936553239822388,0.0063446760177612305,1.261080265045166,0.01889203116297722,156,3.524997552387526e-07
4822,0.9936529994010925,0.006347000598907471,1.2552649974822998,0.01883617974817753,156,3.524997552387526e-07
4823,0.9934468865394592,0.0065531134605407715,1.2662367820739746,0.01914994977414608,156,3.524997552387526e-07
4824,0.9935632348060608,0.006436765193939209,1.2581015825271606,0.018953412771224976,156,3.524997552387526e-07
4825,0.9936924576759338,0.006307542324066162,1.2594376802444458,0.01883884333074093,156,3.524997552387526e-07
4826,0.9935756325721741,0.006424367427825928,1.2574573755264282,0.018934696912765503,156,3.524997552387526e-07
4827,0.9934751391410828,0.006524860858917236,1.2626913785934448,0.019086524844169617,156,3.524997552387526e-07
4828,0.9934669137001038,0.00653308629989624,1.2610841989517212,0.01907859742641449,156,3.524997552387526e-07
4829,0.9935516715049744,0.006448328495025635,1.2673530578613281,0.0190573763102293,156,3.524997552387526e-07
4830,0.9934791326522827,0.006520867347717285,1.2578870058059692,0.019034529104828835,156,3.524997552387526e-07
4831,0.9936150908470154,0.006384909152984619,1.2805808782577515,0.01912686787545681,156,3.524997552387526e-07
4832,0.9934501051902771,0.0065498948097229,1.2635961771011353,0.019120357930660248,156,3.524997552387526e-07
4833,0.99357670545578,0.006423294544219971,1.2601555585861206,0.0189606174826622,156,3.524997552387526e-07
4834,0.9935045838356018,0.006495416164398193,1.2645618915557861,0.01907608099281788,156,3.524997552387526e-07
4835,0.993581235408783,0.006418764591217041,1.2696881294250488,0.019051458686590195,156,3.524997552387526e-07
4836,0.9938228726387024,0.006177127361297607,1.261455774307251,0.018729913979768753,157,3.34874767476815e-07
4837,0.9933794140815735,0.006620585918426514,1.271242380142212,0.019266802817583084,157,3.34874767476815e-07
4838,0.9935781359672546,0.006421864032745361,1.2684985399246216,0.01904262974858284,157,3.34874767476815e-07
4839,0.9935332536697388,0.0064667463302612305,1.2810810804367065,0.019212890416383743,157,3.34874767476815e-07
4840,0.9937005043029785,0.006299495697021484,1.26604425907135,0.01889694295823574,157,3.34874767476815e-07
4841,0.993624210357666,0.006375789642333984,1.256587028503418,0.018877901136875153,157,3.34874767476815e-07
4842,0.9933077692985535,0.006692230701446533,1.2710106372833252,0.019335415214300156,157,3.34874767476815e-07
4843,0.9935614466667175,0.006438553333282471,1.268734097480774,0.019061507657170296,157,3.34874767476815e-07
4844,0.9936138987541199,0.006386101245880127,1.2456225156784058,0.018778465688228607,157,3.34874767476815e-07
4845,0.9935327768325806,0.006467223167419434,1.263131022453308,0.01903386041522026,157,3.34874767476815e-07
4846,0.9936932921409607,0.006306707859039307,1.2572495937347412,0.018816135823726654,157,3.34874767476815e-07
4847,0.9936333894729614,0.006366610527038574,1.2579880952835083,0.01888282597064972,157,3.34874767476815e-07
4848,0.9935134649276733,0.00648653507232666,1.2644649744033813,0.01906631886959076,157,3.34874767476815e-07
4849,0.9935277700424194,0.006472229957580566,1.2722172737121582,0.01912968046963215,157,3.34874767476815e-07
4850,0.993696391582489,0.006303608417510986,1.26217520236969,0.018862323835492134,157,3.34874767476815e-07
4851,0.9933645725250244,0.006635427474975586,1.276448130607605,0.019333554431796074,157,3.34874767476815e-07
4852,0.993564784526825,0.006435215473175049,1.2543449401855469,0.01891431212425232,157,3.34874767476815e-07
4853,0.9934954047203064,0.0065045952796936035,1.2670302391052246,0.019109850749373436,157,3.34874767476815e-07
4854,0.9935155510902405,0.0064844489097595215,1.2630467414855957,0.019050072878599167,157,3.34874767476815e-07
4855,0.9937352538108826,0.006264746189117432,1.2629878520965576,0.018831975758075714,157,3.34874767476815e-07
4856,0.9936539530754089,0.0063460469245910645,1.261272668838501,0.018895313143730164,157,3.34874767476815e-07
4857,0.9936497211456299,0.006350278854370117,1.2462971210479736,0.018749747425317764,157,3.34874767476815e-07
4858,0.9934950470924377,0.006504952907562256,1.2571954727172852,0.019011856988072395,157,3.34874767476815e-07
4859,0.9938068985939026,0.006193101406097412,1.2574223279953003,0.018705394119024277,157,3.34874767476815e-07
4860,0.9935235381126404,0.006476461887359619,1.2626322507858276,0.019038019701838493,157,3.34874767476815e-07
4861,0.9935692548751831,0.0064307451248168945,1.2583401203155518,0.0189498383551836,157,3.34874767476815e-07
4862,0.9935130476951599,0.006486952304840088,1.2585152387619019,0.019007235765457153,157,3.34874767476815e-07
4863,0.9934820532798767,0.006517946720123291,1.258372187614441,0.019036488607525826,157,3.34874767476815e-07
4864,0.9936505556106567,0.006349444389343262,1.2447494268417358,0.018733443692326546,157,3.34874767476815e-07
4865,0.9935537576675415,0.006446242332458496,1.2643160820007324,0.019024940207600594,157,3.34874767476815e-07
4866,0.9934020042419434,0.006597995758056641,1.2614755630493164,0.019146770238876343,157,3.34874767476815e-07
4867,0.9933058023452759,0.006694197654724121,1.269115924835205,0.019318414852023125,158,3.181310291029742e-07
4868,0.9936742782592773,0.006325721740722656,1.256653070449829,0.018828995525836945,158,3.181310291029742e-07
4869,0.9934224486351013,0.006577551364898682,1.2670365571975708,0.01918214187026024,158,3.181310291029742e-07
4870,0.9934991002082825,0.006500899791717529,1.2647062540054321,0.01908295229077339,158,3.181310291029742e-07
4871,0.9936402440071106,0.006359755992889404,1.2549748420715332,0.018845906481146812,158,3.181310291029742e-07
4872,0.9935827851295471,0.006417214870452881,1.2610292434692383,0.01896333508193493,158,3.181310291029742e-07
4873,0.9937640428543091,0.006235957145690918,1.2684648036956787,0.018858246505260468,158,3.181310291029742e-07
4874,0.9935575127601624,0.0064424872398376465,1.2600853443145752,0.018978916108608246,158,3.181310291029742e-07
4875,0.9937013983726501,0.0062986016273498535,1.242324709892273,0.018658863380551338,158,3.181310291029742e-07
4876,0.9934723377227783,0.00652766227722168,1.2624824047088623,0.019087210297584534,158,3.181310291029742e-07
4877,0.993712306022644,0.006287693977355957,1.2639341354370117,0.018864158540964127,158,3.181310291029742e-07
4878,0.9935440421104431,0.006455957889556885,1.2606201171875,0.018997598439455032,158,3.181310291029742e-07
4879,0.9934145212173462,0.006585478782653809,1.2723830938339233,0.019243454560637474,158,3.181310291029742e-07
4880,0.9936478137969971,0.00635218620300293,1.2629462480545044,0.018918126821517944,158,3.181310291029742e-07
4881,0.993466317653656,0.006533682346343994,1.2667381763458252,0.019135726615786552,158,3.181310291029742e-07
4882,0.9934991002082825,0.006500899791717529,1.267211675643921,0.019108006730675697,158,3.181310291029742e-07
4883,0.9937390685081482,0.006260931491851807,1.242888331413269,0.01862720586359501,158,3.181310291029742e-07
4884,0.9935634136199951,0.006436586380004883,1.2644423246383667,0.01901664398610592,158,3.181310291029742e-07
4885,0.9934834837913513,0.006516516208648682,1.2520020008087158,0.01897137053310871,158,3.181310291029742e-07
4886,0.9936355948448181,0.006364405155181885,1.263425588607788,0.01893501728773117,158,3.181310291029742e-07
4887,0.9935170412063599,0.006482958793640137,1.2777676582336426,0.019195806235074997,158,3.181310291029742e-07
4888,0.993577778339386,0.006422221660614014,1.254475712776184,0.01890275627374649,158,3.181310291029742e-07
4889,0.9938341379165649,0.006165862083435059,1.2626142501831055,0.018730346113443375,158,3.181310291029742e-07
4890,0.993597149848938,0.006402850151062012,1.273357629776001,0.01907239854335785,158,3.181310291029742e-07
4891,0.9935901761054993,0.006409823894500732,1.262458086013794,0.0189703069627285,158,3.181310291029742e-07
4892,0.9933372735977173,0.006662726402282715,1.263085126876831,0.01922694966197014,158,3.181310291029742e-07
4893,0.9935517907142639,0.006448209285736084,1.264068603515625,0.01902441307902336,158,3.181310291029742e-07
4894,0.9934027791023254,0.0065972208976745605,1.2717256546020508,0.01924850419163704,158,3.181310291029742e-07
4895,0.9937483072280884,0.006251692771911621,1.2625292539596558,0.018814466893672943,158,3.181310291029742e-07
4896,0.9936693906784058,0.006330609321594238,1.2438685894012451,0.01870598830282688,158,3.181310291029742e-07
4897,0.9935617446899414,0.006438255310058594,1.262700080871582,0.01900087296962738,158,3.181310291029742e-07
4898,0.9934523701667786,0.0065476298332214355,1.2556848526000977,0.019039001315832138,159,3.0222447764782547e-07
4899,0.9937230944633484,0.006276905536651611,1.2621403932571411,0.018835540860891342,159,3.0222447764782547e-07
4900,0.9937026500701904,0.00629734992980957,1.2586758136749268,0.01882113516330719,159,3.0222447764782547e-07
4901,0.9934334754943848,0.006566524505615234,1.2657643556594849,0.01915850304067135,159,3.0222447764782547e-07
4902,0.9935165047645569,0.006483495235443115,1.2670108079910278,0.01908876746892929,159,3.0222447764782547e-07
4903,0.9936371445655823,0.006362855434417725,1.2541978359222412,0.018841205164790154,159,3.0222447764782547e-07
4904,0.9935097098350525,0.00649029016494751,1.2597185373306274,0.01902257278561592,159,3.0222447764782547e-07
4905,0.993513822555542,0.006486177444458008,1.259283423423767,0.0190141499042511,159,3.0222447764782547e-07
4906,0.9936164617538452,0.006383538246154785,1.256148338317871,0.018881186842918396,159,3.0222447764782547e-07
4907,0.9935411810874939,0.0064588189125061035,1.2647120952606201,0.019041351974010468,159,3.0222447764782547e-07
4908,0.9935653805732727,0.006434619426727295,1.256927251815796,0.01893954537808895,159,3.0222447764782547e-07
4909,0.9937427639961243,0.006257236003875732,1.260766625404358,0.018802329897880554,159,3.0222447764782547e-07
4910,0.9935896396636963,0.006410360336303711,1.2752220630645752,0.019098477438092232,159,3.0222447764782547e-07
4911,0.9933280944824219,0.006671905517578125,1.266746997833252,0.019272655248641968,159,3.0222447764782547e-07
4912,0.9934837818145752,0.006516218185424805,1.2642607688903809,0.01909366250038147,159,3.0222447764782547e-07
4913,0.993445634841919,0.006554365158081055,1.2856782674789429,0.01934560388326645,159,3.0222447764782547e-07
4914,0.9936801195144653,0.006319880485534668,1.2516785860061646,0.01877346634864807,159,3.0222447764782547e-07
4915,0.9936404228210449,0.006359577178955078,1.2624069452285767,0.0189200509339571,159,3.0222447764782547e-07
4916,0.9937243461608887,0.006275653839111328,1.2556499242782593,0.018769396468997,159,3.0222447764782547e-07
4917,0.9935937523841858,0.006406247615814209,1.2542086839675903,0.018884271383285522,159,3.0222447764782547e-07
4918,0.9935265183448792,0.00647348165512085,1.2740122079849243,0.019148869439959526,159,3.0222447764782547e-07
4919,0.9936307668685913,0.006369233131408691,1.262689232826233,0.018932431936264038,159,3.0222447764782547e-07
4920,0.9936299324035645,0.006370067596435547,1.260960578918457,0.018915973603725433,159,3.0222447764782547e-07
4921,0.9934523701667786,0.0065476298332214355,1.2629857063293457,0.019112009555101395,159,3.0222447764782547e-07
4922,0.9936624765396118,0.006337523460388184,1.2547683715820312,0.018821831792593002,159,3.0222447764782547e-07
4923,0.9936347007751465,0.006365299224853516,1.26239013671875,0.01892554759979248,159,3.0222447764782547e-07
4924,0.9936025738716125,0.006397426128387451,1.261160135269165,0.018945053219795227,159,3.0222447764782547e-07
4925,0.9937199354171753,0.006280064582824707,1.2480336427688599,0.018697600811719894,159,3.0222447764782547e-07
4926,0.9933531880378723,0.0066468119621276855,1.2639124393463135,0.019219467416405678,159,3.0222447764782547e-07
4927,0.9935301542282104,0.006469845771789551,1.265464425086975,0.019059790298342705,159,3.0222447764782547e-07
4928,0.993664562702179,0.006335437297821045,1.2742366790771484,0.019014449790120125,159,3.0222447764782547e-07
4929,0.9935725331306458,0.006427466869354248,1.264702558517456,0.019010217860341072,160,2.8711325376543416e-07
4930,0.9936426877975464,0.006357312202453613,1.2598724365234375,0.01889246329665184,160,2.8711325376543416e-07
4931,0.9932619333267212,0.006738066673278809,1.2678250074386597,0.019348936155438423,160,2.8711325376543416e-07
4932,0.9936456084251404,0.006354391574859619,1.2569026947021484,0.018859874457120895,160,2.8711325376543416e-07
4933,0.993464469909668,0.006535530090332031,1.2634034156799316,0.019104208797216415,160,2.8711325376543416e-07
4934,0.9936752915382385,0.006324708461761475,1.258423089981079,0.01884569227695465,160,2.8711325376543416e-07
4935,0.9936720132827759,0.006327986717224121,1.2530381679534912,0.018795087933540344,160,2.8711325376543416e-07
4936,0.993624210357666,0.006375789642333984,1.261648178100586,0.018928512930870056,160,2.8711325376543416e-07
4937,0.9936872720718384,0.006312727928161621,1.269187569618225,0.018941475078463554,160,2.8711325376543416e-07
4938,0.9938377141952515,0.006162285804748535,1.249442219734192,0.01859508454799652,160,2.8711325376543416e-07
4939,0.9936398267745972,0.006360173225402832,1.2501953840255737,0.018798524513840675,160,2.8711325376543416e-07
4940,0.993660569190979,0.006339430809020996,1.265244483947754,0.01892848126590252,160,2.8711325376543416e-07
4941,0.993539571762085,0.006460428237915039,1.2728160619735718,0.0191239845007658,160,2.8711325376543416e-07
4942,0.9935394525527954,0.00646054744720459,1.262115240097046,0.019017094746232033,160,2.8711325376543416e-07
4943,0.9935455918312073,0.006454408168792725,1.2559207677841187,0.018949070945382118,160,2.8711325376543416e-07
4944,0.9935733079910278,0.006426692008972168,1.2648799419403076,0.019011225551366806,160,2.8711325376543416e-07
4945,0.9935661554336548,0.006433844566345215,1.2672107219696045,0.01904161274433136,160,2.8711325376543416e-07
4946,0.9935582876205444,0.006441712379455566,1.2650943994522095,0.01902823895215988,160,2.8711325376543416e-07
4947,0.9936912655830383,0.00630873441696167,1.2556164264678955,0.01880181021988392,160,2.8711325376543416e-07
4948,0.9933168292045593,0.006683170795440674,1.273310899734497,0.01934944838285446,160,2.8711325376543416e-07
4949,0.993634819984436,0.006365180015563965,1.2510795593261719,0.01881232298910618,160,2.8711325376543416e-07
4950,0.9936690926551819,0.006330907344818115,1.2583967447280884,0.018851565197110176,160,2.8711325376543416e-07
4951,0.9934306740760803,0.006569325923919678,1.264053225517273,0.01914416439831257,160,2.8711325376543416e-07
4952,0.9934380054473877,0.006561994552612305,1.2723912000656128,0.01922028511762619,160,2.8711325376543416e-07
4953,0.9935120940208435,0.006487905979156494,1.2577919960021973,0.0190009456127882,160,2.8711325376543416e-07
4954,0.9936037063598633,0.006396293640136719,1.2531169652938843,0.018863501027226448,160,2.8711325376543416e-07
4955,0.9934305548667908,0.0065694451332092285,1.279188871383667,0.019295640289783478,160,2.8711325376543416e-07
4956,0.9935597777366638,0.006440222263336182,1.2721372842788696,0.019097192212939262,160,2.8711325376543416e-07
4957,0.9934707880020142,0.00652921199798584,1.2656221389770508,0.019120141863822937,160,2.8711325376543416e-07
4958,0.9937986731529236,0.006201326847076416,1.2467535734176636,0.018606849014759064,160,2.8711325376543416e-07
4959,0.9934030175209045,0.006596982479095459,1.2678978443145752,0.01920999027788639,160,2.8711325376543416e-07
4960,0.993603527545929,0.006396472454071045,1.2610455751419067,0.01894296333193779,161,2.7275759107716244e-07
4961,0.9937728047370911,0.0062271952629089355,1.2519590854644775,0.018684513866901398,161,2.7275759107716244e-07
4962,0.9935900568962097,0.006409943103790283,1.2617990970611572,0.018963834270834923,161,2.7275759107716244e-07
4963,0.9936804175376892,0.006319582462310791,1.2626579999923706,0.01888296753168106,161,2.7275759107716244e-07
4964,0.9934550523757935,0.006544947624206543,1.2685977220535278,0.01916547492146492,161,2.7275759107716244e-07
4965,0.9935219287872314,0.006478071212768555,1.2646981477737427,0.019060272723436356,161,2.7275759107716244e-07
4966,0.9934697151184082,0.006530284881591797,1.2596555948257446,0.019061537459492683,161,2.7275759107716244e-07
4967,0.9933852553367615,0.006614744663238525,1.2691384553909302,0.01923998072743416,161,2.7275759107716244e-07
4968,0.9936376214027405,0.0063623785972595215,1.2677018642425537,0.018975773826241493,161,2.7275759107716244e-07
4969,0.993547797203064,0.006452202796936035,1.267300009727478,0.019060680642724037,161,2.7275759107716244e-07
4970,0.9937934875488281,0.006206512451171875,1.2674055099487305,0.018818501383066177,161,2.7275759107716244e-07
4971,0.9936923980712891,0.0063076019287109375,1.2665820121765137,0.018910344690084457,161,2.7275759107716244e-07
4972,0.9934320449829102,0.006567955017089844,1.2641379833221436,0.01914365589618683,161,2.7275759107716244e-07
4973,0.993426501750946,0.006573498249053955,1.2578612565994263,0.019086375832557678,161,2.7275759107716244e-07
4974,0.9934825897216797,0.0065174102783203125,1.2627969980239868,0.019080206751823425,161,2.7275759107716244e-07
4975,0.9936345219612122,0.006365478038787842,1.268399953842163,0.018985822796821594,161,2.7275759107716244e-07
4976,0.9936405420303345,0.006359457969665527,1.2524654865264893,0.018820516765117645,161,2.7275759107716244e-07
4977,0.9936549067497253,0.006345093250274658,1.2583140134811401,0.01886478252708912,161,2.7275759107716244e-07
4978,0.9936289191246033,0.0063710808753967285,1.2642548084259033,0.01894991844892502,161,2.7275759107716244e-07
4979,0.993566632270813,0.006433367729187012,1.2623140811920166,0.018992174416780472,161,2.7275759107716244e-07
4980,0.9934645891189575,0.0065354108810424805,1.273412823677063,0.019204184412956238,161,2.7275759107716244e-07
4981,0.9936738014221191,0.006326198577880859,1.2623499631881714,0.01888643577694893,161,2.7275759107716244e-07
4982,0.9933372139930725,0.00666278600692749,1.272025465965271,0.0193164125084877,161,2.7275759107716244e-07
4983,0.9935500621795654,0.00644993782043457,1.2560838460922241,0.018946276977658272,161,2.7275759107716244e-07
4984,0.9936355948448181,0.006364405155181885,1.2460113763809204,0.01876087486743927,161,2.7275759107716244e-07
4985,0.9937177896499634,0.006282210350036621,1.2460956573486328,0.01868034526705742,161,2.7275759107716244e-07
4986,0.9935537576675415,0.006446242332458496,1.2591429948806763,0.018973208963871002,161,2.7275759107716244e-07
4987,0.9935793876647949,0.006420612335205078,1.2691173553466797,0.019047580659389496,161,2.7275759107716244e-07
4988,0.9935397505760193,0.006460249423980713,1.255049228668213,0.01894613914191723,161,2.7275759107716244e-07
4989,0.9935532212257385,0.006446778774261475,1.257204532623291,0.018954357132315636,161,2.7275759107716244e-07
4990,0.9935116171836853,0.006488382816314697,1.2724401950836182,0.019147900864481926,161,2.7275759107716244e-07
4991,0.9935924410820007,0.006407558917999268,1.277297019958496,0.01911645382642746,162,2.591197115233043e-07
4992,0.9933274984359741,0.006672501564025879,1.2715637683868408,0.019321413710713387,162,2.591197115233043e-07
4993,0.9936074018478394,0.0063925981521606445,1.2577581405639648,0.018906254321336746,162,2.591197115233043e-07
4994,0.9934201836585999,0.0065798163414001465,1.2643564939498901,0.01915758289396763,162,2.591197115233043e-07
4995,0.993696391582489,0.006303608417510986,1.261049747467041,0.01885106973350048,162,2.591197115233043e-07
4996,0.9935253262519836,0.006474673748016357,1.2500276565551758,0.018910203129053116,162,2.591197115233043e-07
4997,0.9936891198158264,0.006310880184173584,1.2553491592407227,0.018801262602210045,162,2.591197115233043e-07
4998,0.9935854077339172,0.006414592266082764,1.2601714134216309,0.018952161073684692,162,2.591197115233043e-07
4999,0.9934471845626831,0.0065528154373168945,1.2756257057189941,0.019243543967604637,162,2.591197115233043e-07
5000,0.993738055229187,0.006261944770812988,1.2588504552841187,0.01878783106803894,162,2.591197115233043e-07
5001,0.9934866428375244,0.006513357162475586,1.2626733779907227,0.019074957817792892,162,2.591197115233043e-07
5002,0.9936807155609131,0.006319284439086914,1.2663296461105347,0.018919387832283974,162,2.591197115233043e-07
5003,0.9935609698295593,0.006439030170440674,1.2540756464004517,0.018915396183729172,162,2.591197115233043e-07
5004,0.9936142563819885,0.006385743618011475,1.2642971277236938,0.01896485686302185,162,2.591197115233043e-07
5005,0.9935495853424072,0.0064504146575927734,1.2625269889831543,0.019011180847883224,162,2.591197115233043e-07
5006,0.9935764074325562,0.006423592567443848,1.260628342628479,0.018965639173984528,162,2.591197115233043e-07
5007,0.993738055229187,0.006261944770812988,1.2553356885910034,0.018752682954072952,162,2.591197115233043e-07
5008,0.9938005805015564,0.0061994194984436035,1.2503117322921753,0.018640542402863503,162,2.591197115233043e-07
5009,0.993516206741333,0.006483793258666992,1.278360366821289,0.01920256018638611,162,2.591197115233043e-07
5010,0.9935681819915771,0.0064318180084228516,1.2439566850662231,0.01880706660449505,162,2.591197115233043e-07
5011,0.9936407804489136,0.006359219551086426,1.2522295713424683,0.018817922100424767,162,2.591197115233043e-07
5012,0.9934268593788147,0.006573140621185303,1.2674963474273682,0.019182372838258743,162,2.591197115233043e-07
5013,0.9935941696166992,0.006405830383300781,1.259189248085022,0.01893366500735283,162,2.591197115233043e-07
5014,0.9936977624893188,0.006302237510681152,1.2626581192016602,0.0188657958060503,162,2.591197115233043e-07
5015,0.9936813116073608,0.00631868839263916,1.263059139251709,0.01888609305024147,162,2.591197115233043e-07
5016,0.9935439825057983,0.00645601749420166,1.2707403898239136,0.019098861142992973,162,2.591197115233043e-07
5017,0.9934675097465515,0.006532490253448486,1.272676944732666,0.01919393427670002,162,2.591197115233043e-07
5018,0.9935781955718994,0.006421804428100586,1.2598220109939575,0.018955806270241737,162,2.591197115233043e-07
5019,0.993546187877655,0.006453812122344971,1.2589378356933594,0.018978651612997055,162,2.591197115233043e-07
5020,0.9934619665145874,0.006538033485412598,1.2566429376602173,0.019039081409573555,162,2.591197115233043e-07
5021,0.9933460354804993,0.006653964519500732,1.2705309391021729,0.019292734563350677,162,2.591197115233043e-07
5022,0.9934640526771545,0.006535947322845459,1.2650562524795532,0.01912115141749382,163,2.4616372594713905e-07
5023,0.9934529066085815,0.006547093391418457,1.2643932104110718,0.019125554710626602,163,2.4616372594713905e-07
5024,0.9935303330421448,0.006469666957855225,1.2639979124069214,0.019044948741793633,163,2.4616372594713905e-07
5025,0.9937716722488403,0.006228327751159668,1.260738492012024,0.018773429095745087,163,2.4616372594713905e-07
5026,0.9936575889587402,0.006342411041259766,1.2410004138946533,0.01868899166584015,163,2.4616372594713905e-07
5027,0.9936513900756836,0.006348609924316406,1.2618502378463745,0.01890362612903118,163,2.4616372594713905e-07
5028,0.9935129284858704,0.006487071514129639,1.2639845609664917,0.019062045961618423,163,2.4616372594713905e-07
5029,0.9935929775238037,0.006407022476196289,1.2596490383148193,0.018939442932605743,163,2.4616372594713905e-07
5030,0.9935765266418457,0.006423473358154297,1.2670164108276367,0.01902940310537815,163,2.4616372594713905e-07
5031,0.9934850931167603,0.006514906883239746,1.2577002048492432,0.019026760011911392,163,2.4616372594713905e-07
5032,0.993705689907074,0.006294310092926025,1.2517428398132324,0.018748795613646507,163,2.4616372594713905e-07
5033,0.9935325384140015,0.006467461585998535,1.2595545053482056,0.01899833232164383,163,2.4616372594713905e-07
5034,0.9935522079467773,0.006447792053222656,1.2654508352279663,0.019037822261452675,163,2.4616372594713905e-07
5035,0.9937188029289246,0.0062811970710754395,1.257612705230713,0.018794510513544083,163,2.4616372594713905e-07
5036,0.993360698223114,0.006639301776885986,1.264106273651123,0.019213970750570297,163,2.4616372594713905e-07
5037,0.993539035320282,0.006460964679718018,1.27535879611969,0.019149942323565483,163,2.4616372594713905e-07
5038,0.9935411810874939,0.0064588189125061035,1.2583448886871338,0.018977679312229156,163,2.4616372594713905e-07
5039,0.993554413318634,0.006445586681365967,1.2644230127334595,0.01902535930275917,163,2.4616372594713905e-07
5040,0.9934035539627075,0.0065964460372924805,1.2713671922683716,0.019244153052568436,163,2.4616372594713905e-07
5041,0.9935150146484375,0.0064849853515625,1.2708041667938232,0.01912817731499672,163,2.4616372594713905e-07
5042,0.9937735199928284,0.006226480007171631,1.2681527137756348,0.01884574256837368,163,2.4616372594713905e-07
5043,0.9937396049499512,0.006260395050048828,1.254801630973816,0.01874580793082714,163,2.4616372594713905e-07
5044,0.993866503238678,0.0061334967613220215,1.2463651895523071,0.018535813316702843,163,2.4616372594713905e-07
5045,0.993537962436676,0.006462037563323975,1.2736955881118774,0.01913437247276306,163,2.4616372594713905e-07
5046,0.9933907389640808,0.0066092610359191895,1.270700216293335,0.01925016939640045,163,2.4616372594713905e-07
5047,0.9937419295310974,0.006258070468902588,1.2588493824005127,0.01878398284316063,163,2.4616372594713905e-07
5048,0.9934886693954468,0.006511330604553223,1.2586029767990112,0.019032247364521027,163,2.4616372594713905e-07
5049,0.9934459328651428,0.006554067134857178,1.2671258449554443,0.01915978454053402,163,2.4616372594713905e-07
5050,0.9935283064842224,0.006471693515777588,1.246048092842102,0.018867457285523415,163,2.4616372594713905e-07
5051,0.9937265515327454,0.006273448467254639,1.2636518478393555,0.018847232684493065,163,2.4616372594713905e-07
5052,0.9933083653450012,0.006691634654998779,1.2755136489868164,0.019379854202270508,163,2.4616372594713905e-07
5053,0.9937875866889954,0.006212413311004639,1.2636449337005615,0.01878673955798149,164,2.3385553964978208e-07
5054,0.9936179518699646,0.0063820481300354,1.2637428045272827,0.01895565539598465,164,2.3385553964978208e-07
5055,0.993686318397522,0.006313681602478027,1.254104495048523,0.01879158988595009,164,2.3385553964978208e-07
5056,0.9935222864151001,0.006477713584899902,1.2649966478347778,0.01906290277838707,164,2.3385553964978208e-07
5057,0.9936692118644714,0.0063307881355285645,1.2737293243408203,0.01900477334856987,164,2.3385553964978208e-07
5058,0.9935083389282227,0.006491661071777344,1.2691233158111572,0.01911797747015953,164,2.3385553964978208e-07
5059,0.993439793586731,0.006560206413269043,1.2700443267822266,0.01919504813849926,164,2.3385553964978208e-07
5060,0.9935038685798645,0.006496131420135498,1.2578048706054688,0.019009219482541084,164,2.3385553964978208e-07
5061,0.9937276244163513,0.006272375583648682,1.2588953971862793,0.018798604607582092,164,2.3385553964978208e-07
5062,0.9934746623039246,0.0065253376960754395,1.2659050226211548,0.019119134172797203,164,2.3385553964978208e-07
5063,0.9936985969543457,0.006301403045654297,1.2612574100494385,0.018850963562726974,164,2.3385553964978208e-07
5064,0.9934462308883667,0.006553769111633301,1.2754276990890503,0.019242508336901665,164,2.3385553964978208e-07
5065,0.9935933947563171,0.006406605243682861,1.2545828819274902,0.01888836733996868,164,2.3385553964978208e-07
5066,0.9936274886131287,0.006372511386871338,1.2679238319396973,0.018988024443387985,164,2.3385553964978208e-07
5067,0.9936683177947998,0.006331682205200195,1.2697455883026123,0.018965821713209152,164,2.3385553964978208e-07
5068,0.9935410022735596,0.00645899772644043,1.2586075067520142,0.01898048259317875,164,2.3385553964978208e-07
5069,0.993532121181488,0.006467878818511963,1.2467257976531982,0.018870458006858826,164,2.3385553964978208e-07
5070,0.9933251142501831,0.0066748857498168945,1.2605561017990112,0.01921369880437851,164,2.3385553964978208e-07
5071,0.9936223030090332,0.006377696990966797,1.2682452201843262,0.01899637281894684,164,2.3385553964978208e-07
5072,0.9933750629425049,0.006624937057495117,1.2648721933364868,0.019207408651709557,164,2.3385553964978208e-07
5073,0.9936894178390503,0.006310582160949707,1.2579259872436523,0.018826736137270927,164,2.3385553964978208e-07
5074,0.9936237335205078,0.0063762664794921875,1.2490466833114624,0.01880297064781189,164,2.3385553964978208e-07
5075,0.993613064289093,0.006386935710906982,1.255327820777893,0.018876343965530396,164,2.3385553964978208e-07
5076,0.9935856461524963,0.006414353847503662,1.2579615116119385,0.018929826095700264,164,2.3385553964978208e-07
5077,0.9936564564704895,0.006343543529510498,1.2602301836013794,0.01888240873813629,164,2.3385553964978208e-07
5078,0.9934599995613098,0.0065400004386901855,1.2685836553573608,0.01916043646633625,164,2.3385553964978208e-07
5079,0.9934489727020264,0.006551027297973633,1.2678042650222778,0.01916356012225151,164,2.3385553964978208e-07
5080,0.9936643242835999,0.0063356757164001465,1.258941411972046,0.018861733376979828,164,2.3385553964978208e-07
5081,0.9934412837028503,0.006558716297149658,1.2679381370544434,0.019172510132193565,164,2.3385553964978208e-07
5082,0.9936060905456543,0.006393909454345703,1.2503008842468262,0.018832977861166,164,2.3385553964978208e-07
5083,0.9936633706092834,0.006336629390716553,1.2577823400497437,0.018851086497306824,164,2.3385553964978208e-07
5084,0.9936696887016296,0.006330311298370361,1.267837405204773,0.01894538104534149,165,2.2216276266729297e-07
5085,0.9936259388923645,0.006374061107635498,1.2594600915908813,0.018904920667409897,165,2.2216276266729297e-07
5086,0.9935680627822876,0.006431937217712402,1.2762799263000488,0.019130416214466095,165,2.2216276266729297e-07
5087,0.9935528039932251,0.006447196006774902,1.2693239450454712,0.019075963646173477,165,2.2216276266729297e-07
5088,0.9935080409049988,0.006491959095001221,1.2619028091430664,0.01904606819152832,165,2.2216276266729297e-07
5089,0.9935166835784912,0.006483316421508789,1.2572684288024902,0.018991168588399887,165,2.2216276266729297e-07
5090,0.9935832023620605,0.006416797637939453,1.2517504692077637,0.01887013390660286,165,2.2216276266729297e-07
5091,0.9936174750328064,0.0063825249671936035,1.2660118341445923,0.018978817388415337,165,2.2216276266729297e-07
5092,0.9936290383338928,0.006370961666107178,1.252219796180725,0.018829450011253357,165,2.2216276266729297e-07
5093,0.9935445785522461,0.006455421447753906,1.264441967010498,0.01903528720140457,165,2.2216276266729297e-07
5094,0.9936261773109436,0.0063738226890563965,1.2678227424621582,0.018988311290740967,165,2.2216276266729297e-07
5095,0.9936620593070984,0.006337940692901611,1.2453935146331787,0.01872849650681019,165,2.2216276266729297e-07
5096,0.9936772584915161,0.006322741508483887,1.2629181146621704,0.018888695165514946,165,2.2216276266729297e-07
5097,0.9936766028404236,0.006323397159576416,1.2590478658676147,0.018850641325116158,165,2.2216276266729297e-07
5098,0.9935727715492249,0.0064272284507751465,1.2628072500228882,0.018991027027368546,165,2.2216276266729297e-07
5099,0.9933179616928101,0.006682038307189941,1.273764967918396,0.01935286819934845,165,2.2216276266729297e-07
5100,0.9936492443084717,0.00635075569152832,1.2658348083496094,0.018945595249533653,165,2.2216276266729297e-07
5101,0.9937263131141663,0.00627368688583374,1.2490755319595337,0.0187017060816288,165,2.2216276266729297e-07
5102,0.9934870004653931,0.006512999534606934,1.2565739154815674,0.019013607874512672,165,2.2216276266729297e-07
5103,0.9935887455940247,0.006411254405975342,1.2603542804718018,0.018950683996081352,165,2.2216276266729297e-07
5104,0.9936140179634094,0.006385982036590576,1.2622092962265015,0.018944215029478073,165,2.2216276266729297e-07
5105,0.9934213161468506,0.006578683853149414,1.2719366550445557,0.019232263788580894,165,2.2216276266729297e-07
5106,0.9934871196746826,0.006512880325317383,1.2553447484970093,0.019001198932528496,165,2.2216276266729297e-07
5107,0.9937005639076233,0.006299436092376709,1.2613778114318848,0.01885022036731243,165,2.2216276266729297e-07
5108,0.9935670495033264,0.006432950496673584,1.2568343877792358,0.018936965614557266,165,2.2216276266729297e-07
5109,0.9935566782951355,0.006443321704864502,1.2657935619354248,0.019036823883652687,165,2.2216276266729297e-07
5110,0.993399441242218,0.006600558757781982,1.2744375467300415,0.019278928637504578,165,2.2216276266729297e-07
5111,0.9935776591300964,0.0064223408699035645,1.2693538665771484,0.019051656126976013,165,2.2216276266729297e-07
5112,0.9935860633850098,0.006413936614990234,1.2534832954406738,0.018884629011154175,165,2.2216276266729297e-07
5113,0.9935572147369385,0.0064427852630615234,1.2641701698303223,0.01902005821466446,165,2.2216276266729297e-07
5114,0.9935357570648193,0.006464242935180664,1.256725788116455,0.018966857343912125,165,2.2216276266729297e-07
5115,0.9936954975128174,0.006304502487182617,1.253194808959961,0.018773404881358147,166,2.110546245339283e-07
5116,0.9935973882675171,0.00640261173248291,1.2595285177230835,0.018933869898319244,166,2.110546245339283e-07
5117,0.993573009967804,0.006426990032196045,1.2535548210144043,0.018898267298936844,166,2.110546245339283e-07
5118,0.9936710596084595,0.006328940391540527,1.2620803117752075,0.01888645440340042,166,2.110546245339283e-07
5119,0.9935205578804016,0.006479442119598389,1.2516387701034546,0.018931034952402115,166,2.110546245339283e-07
5120,0.9935312867164612,0.006468713283538818,1.2580163478851318,0.01898418925702572,166,2.110546245339283e-07
5121,0.9935414791107178,0.0064585208892822266,1.262961983680725,0.019023556262254715,166,2.110546245339283e-07
5122,0.9934460520744324,0.006553947925567627,1.265396237373352,0.01914237067103386,166,2.110546245339283e-07
5123,0.9937023520469666,0.006297647953033447,1.2692161798477173,0.01892683282494545,166,2.110546245339283e-07
5124,0.9933260083198547,0.006673991680145264,1.2642475366592407,0.019249726086854935,166,2.110546245339283e-07
5125,0.9935787320137024,0.006421267986297607,1.2811698913574219,0.019168753176927567,166,2.110546245339283e-07
5126,0.9934720396995544,0.006527960300445557,1.2743980884552002,0.019206661731004715,166,2.110546245339283e-07
5127,0.993645966053009,0.006354033946990967,1.2637426853179932,0.0189279206097126,166,2.110546245339283e-07
5128,0.9934710264205933,0.006528973579406738,1.2648489475250244,0.019112173467874527,166,2.110546245339283e-07
5129,0.9936831593513489,0.006316840648651123,1.2548521757125854,0.01880219392478466,166,2.110546245339283e-07
5130,0.993766725063324,0.006233274936676025,1.2637431621551514,0.01880837418138981,166,2.110546245339283e-07
5131,0.9936811327934265,0.006318867206573486,1.2506872415542603,0.018762551248073578,166,2.110546245339283e-07
5132,0.9936996102333069,0.006300389766693115,1.2567822933197021,0.018805209547281265,166,2.110546245339283e-07
5133,0.9935963749885559,0.006403625011444092,1.2622233629226685,0.018961822614073753,166,2.110546245339283e-07
5134,0.9936572909355164,0.006342709064483643,1.2543656826019287,0.018822938203811646,166,2.110546245339283e-07
5135,0.9935606122016907,0.006439387798309326,1.2723090648651123,0.019098084419965744,166,2.110546245339283e-07
5136,0.9935537576675415,0.006446242332458496,1.2604234218597412,0.018986012786626816,166,2.110546245339283e-07
5137,0.9936670064926147,0.006332993507385254,1.2705692052841187,0.018975354731082916,166,2.110546245339283e-07
5138,0.9934905767440796,0.00650942325592041,1.2649321556091309,0.019093649461865425,166,2.110546245339283e-07
5139,0.9934963583946228,0.006503641605377197,1.2593910694122314,0.019032515585422516,166,2.110546245339283e-07
5140,0.9936246275901794,0.006375372409820557,1.2644301652908325,0.01895591989159584,166,2.110546245339283e-07
5141,0.9935012459754944,0.006498754024505615,1.2615373134613037,0.019049137830734253,166,2.110546245339283e-07
5142,0.9936842322349548,0.006315767765045166,1.2518142461776733,0.018770752474665642,166,2.110546245339283e-07
5143,0.9934380650520325,0.006561934947967529,1.2640924453735352,0.019137240946292877,166,2.110546245339283e-07
5144,0.99344402551651,0.00655597448348999,1.2623668909072876,0.019114084541797638,166,2.110546245339283e-07
5145,0.9934766292572021,0.0065233707427978516,1.266268014907837,0.01912081614136696,166,2.110546245339283e-07
5146,0.9935964941978455,0.006403505802154541,1.2587414979934692,0.01892688497900963,167,2.0050189330723186e-07
5147,0.9936095476150513,0.0063904523849487305,1.2635526657104492,0.0189620740711689,167,2.0050189330723186e-07
5148,0.9936333298683167,0.00636667013168335,1.2659268379211426,0.018962271511554718,167,2.0050189330723186e-07
5149,0.9936434626579285,0.006356537342071533,1.26957106590271,0.018988681957125664,167,2.0050189330723186e-07
5150,0.9935503005981445,0.006449699401855469,1.261467695236206,0.01899987831711769,167,2.0050189330723186e-07
5151,0.9938888549804688,0.00611114501953125,1.2533462047576904,0.018583495169878006,167,2.0050189330723186e-07
5152,0.9935501217842102,0.006449878215789795,1.263986587524414,0.019025243818759918,167,2.0050189330723186e-07
5153,0.9935384392738342,0.0064615607261657715,1.254785180091858,0.018944796174764633,167,2.0050189330723186e-07
5154,0.9934574365615845,0.006542563438415527,1.2675453424453735,0.01915259100496769,167,2.0050189330723186e-07
5155,0.9934774041175842,0.0065225958824157715,1.2615716457366943,0.019073085859417915,167,2.0050189330723186e-07
5156,0.993632435798645,0.0063675642013549805,1.262595534324646,0.018929842859506607,167,2.0050189330723186e-07
5157,0.9936750531196594,0.006324946880340576,1.2659834623336792,0.01892153173685074,167,2.0050189330723186e-07
5158,0.9932875633239746,0.006712436676025391,1.274029016494751,0.019385602325201035,167,2.0050189330723186e-07
5159,0.9935836791992188,0.00641632080078125,1.2652008533477783,0.01900416612625122,167,2.0050189330723186e-07
5160,0.993435263633728,0.006564736366271973,1.2686452865600586,0.019185541197657585,167,2.0050189330723186e-07
5161,0.9936490058898926,0.006350994110107422,1.2675068378448486,0.018962552770972252,167,2.0050189330723186e-07
5162,0.9933747053146362,0.0066252946853637695,1.2710771560668945,0.01926981285214424,167,2.0050189330723186e-07
5163,0.9935147166252136,0.006485283374786377,1.2667756080627441,0.01908818632364273,167,2.0050189330723186e-07
5164,0.9935379028320312,0.00646209716796875,1.2533255815505981,0.01893073320388794,167,2.0050189330723186e-07
5165,0.9935993552207947,0.006400644779205322,1.2673324346542358,0.019009962677955627,167,2.0050189330723186e-07
5166,0.993602454662323,0.006397545337677002,1.267714262008667,0.01901071146130562,167,2.0050189330723186e-07
5167,0.9937385320663452,0.006261467933654785,1.2648234367370605,0.018847087398171425,167,2.0050189330723186e-07
5168,0.9936904907226562,0.00630950927734375,1.2518055438995361,0.018764469772577286,167,2.0050189330723186e-07
5169,0.9937347173690796,0.00626528263092041,1.2468581199645996,0.01867121085524559,167,2.0050189330723186e-07
5170,0.9937372207641602,0.006262779235839844,1.259783387184143,0.018797986209392548,167,2.0050189330723186e-07
5171,0.9934762120246887,0.006523787975311279,1.2656893730163574,0.019115444272756577,167,2.0050189330723186e-07
5172,0.9935246706008911,0.006475329399108887,1.261310338973999,0.019023679196834564,167,2.0050189330723186e-07
5173,0.9935393929481506,0.006460607051849365,1.2407498359680176,0.01880349963903427,167,2.0050189330723186e-07
5174,0.9935975074768066,0.006402492523193359,1.2543978691101074,0.018882445991039276,167,2.0050189330723186e-07
5175,0.9934859871864319,0.006514012813568115,1.2605218887329102,0.019054090604186058,167,2.0050189330723186e-07
5176,0.993297815322876,0.0067021846771240234,1.2687636613845825,0.019322799518704414,167,2.0050189330723186e-07
5177,0.9937633275985718,0.006236672401428223,1.2611353397369385,0.018785659223794937,168,1.9047679864187027e-07
5178,0.9934136271476746,0.0065863728523254395,1.271230936050415,0.019232818856835365,168,1.9047679864187027e-07
5179,0.9933720231056213,0.006627976894378662,1.268768310546875,0.019249379634857178,168,1.9047679864187027e-07
5180,0.9936379790306091,0.006362020969390869,1.2671507596969604,0.018969908356666565,168,1.9047679864187027e-07
5181,0.9934849143028259,0.006515085697174072,1.26297926902771,0.019079726189374924,168,1.9047679864187027e-07
5182,0.993442177772522,0.006557822227478027,1.2609632015228271,0.019101876765489578,168,1.9047679864187027e-07
5183,0.9937512874603271,0.0062487125396728516,1.268113613128662,0.018867362290620804,168,1.9047679864187027e-07
5184,0.9937460422515869,0.006253957748413086,1.2446695566177368,0.018638113513588905,168,1.9047679864187027e-07
5185,0.9936279654502869,0.006372034549713135,1.2520973682403564,0.018829287961125374,168,1.9047679864187027e-07
5186,0.993476152420044,0.006523847579956055,1.2629430294036865,0.01908803917467594,168,1.9047679864187027e-07
5187,0.9936078786849976,0.006392121315002441,1.272824764251709,0.019056446850299835,168,1.9047679864187027e-07
5188,0.9935821890830994,0.006417810916900635,1.2616264820098877,0.01896989718079567,168,1.9047679864187027e-07
5189,0.9935492873191833,0.00645071268081665,1.2710371017456055,0.019096575677394867,168,1.9047679864187027e-07
5190,0.9937138557434082,0.006286144256591797,1.2617133855819702,0.01884041726589203,168,1.9047679864187027e-07
5191,0.993607223033905,0.006392776966094971,1.2593148946762085,0.018921997398138046,168,1.9047679864187027e-07
5192,0.9936010837554932,0.006398916244506836,1.2563598155975342,0.018898524343967438,168,1.9047679864187027e-07
5193,0.9936860203742981,0.006313979625701904,1.2682937383651733,0.018933776766061783,168,1.9047679864187027e-07
5194,0.9935259819030762,0.006474018096923828,1.2611677646636963,0.01902095600962639,168,1.9047679864187027e-07
5195,0.9934841394424438,0.006515860557556152,1.2625505924224854,0.019076207652688026,168,1.9047679864187027e-07
5196,0.9937068819999695,0.006293118000030518,1.2588107585906982,0.018818292766809464,168,1.9047679864187027e-07
5197,0.9935711622238159,0.006428837776184082,1.2731739282608032,0.019096288830041885,168,1.9047679864187027e-07
5198,0.9935085773468018,0.006491422653198242,1.2606430053710938,0.01903293840587139,168,1.9047679864187027e-07
5199,0.9935410618782043,0.006458938121795654,1.2483890056610107,0.018878238275647163,168,1.9047679864187027e-07
5200,0.9934865832328796,0.006513416767120361,1.2624566555023193,0.019072849303483963,168,1.9047679864187027e-07
5201,0.9936050176620483,0.00639498233795166,1.2526562213897705,0.018857594579458237,168,1.9047679864187027e-07
5202,0.9933379292488098,0.0066620707511901855,1.2724659442901611,0.019320109859108925,168,1.9047679864187027e-07
5203,0.9934960603713989,0.006503939628601074,1.263323426246643,0.01907213404774666,168,1.9047679864187027e-07
5204,0.9934051632881165,0.006594836711883545,1.260115623474121,0.01913004368543625,168,1.9047679864187027e-07
5205,0.9937235116958618,0.006276488304138184,1.250291109085083,0.018716633319854736,168,1.9047679864187027e-07
5206,0.9936656355857849,0.006334364414215088,1.256906509399414,0.018840085715055466,168,1.9047679864187027e-07
5207,0.9936729073524475,0.00632709264755249,1.2737040519714355,0.019000861793756485,168,1.9047679864187027e-07
5208,0.9937378764152527,0.0062621235847473145,1.260493278503418,0.018804434686899185,169,1.8095295870977674e-07
5209,0.9935145378112793,0.006485462188720703,1.263633370399475,0.01905694231390953,169,1.8095295870977674e-07
5210,0.9934993386268616,0.006500661373138428,1.2602224349975586,0.019037878140807152,169,1.8095295870977674e-07
5211,0.9936087727546692,0.0063912272453308105,1.2557110786437988,0.01888442598283291,169,1.8095295870977674e-07
5212,0.9934003949165344,0.006599605083465576,1.26889967918396,0.019222605973482132,169,1.8095295870977674e-07
5213,0.9935669302940369,0.006433069705963135,1.267991542816162,0.019048653542995453,169,1.8095295870977674e-07
5214,0.9934905767440796,0.00650942325592041,1.2658774852752686,0.01910310424864292,169,1.8095295870977674e-07
5215,0.9935029149055481,0.006497085094451904,1.2523267269134521,0.018955381587147713,169,1.8095295870977674e-07
5216,0.9935179948806763,0.0064820051193237305,1.2720259428024292,0.019137443974614143,169,1.8095295870977674e-07
5217,0.9935532212257385,0.006446778774261475,1.2546608448028564,0.01892891898751259,169,1.8095295870977674e-07
5218,0.9936047792434692,0.006395220756530762,1.263587236404419,0.018967140465974808,169,1.8095295870977674e-07
5219,0.9935694932937622,0.006430506706237793,1.2679435014724731,0.0190456360578537,169,1.8095295870977674e-07
5220,0.993668794631958,0.006331205368041992,1.254192590713501,0.018809819594025612,169,1.8095295870977674e-07
5221,0.9935793876647949,0.006420612335205078,1.2549837827682495,0.01890624314546585,169,1.8095295870977674e-07
5222,0.9935105443000793,0.006489455699920654,1.2628686428070068,0.019053246825933456,169,1.8095295870977674e-07
5223,0.9936643838882446,0.006335616111755371,1.2452846765518188,0.018725106492638588,169,1.8095295870977674e-07
5224,0.9934967756271362,0.0065032243728637695,1.253129005432129,0.01896948181092739,169,1.8095295870977674e-07
5225,0.9937295317649841,0.006270468235015869,1.2641105651855469,0.01884886994957924,169,1.8095295870977674e-07
5226,0.993461012840271,0.006538987159729004,1.2679575681686401,0.01915317215025425,169,1.8095295870977674e-07
5227,0.9937954545021057,0.006204545497894287,1.250260353088379,0.01864510402083397,169,1.8095295870977674e-07
5228,0.9936155676841736,0.006384432315826416,1.267289638519287,0.01899348385632038,169,1.8095295870977674e-07
5229,0.9935271739959717,0.00647282600402832,1.2709749937057495,0.019117847084999084,169,1.8095295870977674e-07
5230,0.993542492389679,0.006457507610321045,1.2665191888809204,0.019058123230934143,169,1.8095295870977674e-07
5231,0.993536651134491,0.006463348865509033,1.2814881801605225,0.019213596358895302,169,1.8095295870977674e-07
5232,0.9935252070426941,0.006474792957305908,1.2637014389038086,0.01904705911874771,169,1.8095295870977674e-07
5233,0.9936849474906921,0.006315052509307861,1.2517919540405273,0.018769821152091026,169,1.8095295870977674e-07
5234,0.9936904311180115,0.006309568881988525,1.2581591606140137,0.01882806420326233,169,1.8095295870977674e-07
5235,0.9935951828956604,0.0064048171043396,1.2759768962860107,0.01910053752362728,169,1.8095295870977674e-07
5236,0.9935441017150879,0.006455898284912109,1.2668521404266357,0.019059861078858376,169,1.8095295870977674e-07
5237,0.9936144351959229,0.0063855648040771484,1.2523963451385498,0.01884567178785801,169,1.8095295870977674e-07
5238,0.9934076070785522,0.006592392921447754,1.2594854831695557,0.01912132278084755,169,1.8095295870977674e-07
5239,0.9935056567192078,0.006494343280792236,1.2579331398010254,0.019008731469511986,170,1.719053107742879e-07
5240,0.9934924244880676,0.006507575511932373,1.260364294052124,0.01904614269733429,170,1.719053107742879e-07
5241,0.9935102462768555,0.006489753723144531,1.2526321411132812,0.0189511775970459,170,1.719053107742879e-07
5242,0.9936225414276123,0.006377458572387695,1.2487623691558838,0.018801307305693626,170,1.719053107742879e-07
5243,0.9936444759368896,0.0063555240631103516,1.2547823190689087,0.018839791417121887,170,1.719053107742879e-07
5244,0.9936051964759827,0.006394803524017334,1.2684822082519531,0.019015677273273468,170,1.719053107742879e-07
5245,0.9933673143386841,0.006632685661315918,1.2672055959701538,0.019238414242863655,170,1.719053107742879e-07
5246,0.993584156036377,0.006415843963623047,1.259039044380188,0.018942074850201607,170,1.719053107742879e-07
5247,0.9936549663543701,0.006345033645629883,1.2461880445480347,0.01874346286058426,170,1.719053107742879e-07
5248,0.9935213327407837,0.006478667259216309,1.2633622884750366,0.019047502428293228,170,1.719053107742879e-07
5249,0.993785560131073,0.006214439868927002,1.259339451789856,0.01874569058418274,170,1.719053107742879e-07
5250,0.9935716986656189,0.0064283013343811035,1.2644717693328857,0.019008735194802284,170,1.719053107742879e-07
5251,0.9935938119888306,0.006406188011169434,1.2693309783935547,0.01903543621301651,170,1.719053107742879e-07
5252,0.9937118887901306,0.006288111209869385,1.2651212215423584,0.018876440823078156,170,1.719053107742879e-07
5253,0.9934989809989929,0.00650101900100708,1.268487572669983,0.01912088319659233,170,1.719053107742879e-07
5254,0.9936341643333435,0.006365835666656494,1.2674542665481567,0.018976720049977303,170,1.719053107742879e-07
5255,0.9935063719749451,0.006493628025054932,1.2643201351165771,0.019071893766522408,170,1.719053107742879e-07
5256,0.9936856031417847,0.006314396858215332,1.2640985250473022,0.018892237916588783,170,1.719053107742879e-07
5257,0.9936826825141907,0.006317317485809326,1.2536373138427734,0.01879051700234413,170,1.719053107742879e-07
5258,0.9933232665061951,0.006676733493804932,1.2715301513671875,0.019325267523527145,170,1.719053107742879e-07
5259,0.9936026930809021,0.0063973069190979,1.260878324508667,0.01894211769104004,170,1.719053107742879e-07
5260,0.9935045838356018,0.006495416164398193,1.2618918418884277,0.019049379974603653,170,1.719053107742879e-07
5261,0.9936696887016296,0.006330311298370361,1.252608299255371,0.01879309117794037,170,1.719053107742879e-07
5262,0.9936363697052002,0.006363630294799805,1.2513494491577148,0.018813487142324448,170,1.719053107742879e-07
5263,0.9933856129646301,0.006614387035369873,1.2772799730300903,0.01932104304432869,170,1.719053107742879e-07
5264,0.9936988949775696,0.00630110502243042,1.2651081085205078,0.018889175727963448,170,1.719053107742879e-07
5265,0.9935482144355774,0.006451785564422607,1.2616640329360962,0.019003907218575478,170,1.719053107742879e-07
5266,0.9935747385025024,0.006425261497497559,1.264453649520874,0.01900554448366165,170,1.719053107742879e-07
5267,0.9936276078224182,0.006372392177581787,1.2602967023849487,0.018911633640527725,170,1.719053107742879e-07
5268,0.9935117959976196,0.006488204002380371,1.2687580585479736,0.01911090314388275,170,1.719053107742879e-07
5269,0.9935029149055481,0.006497085094451904,1.2776529788970947,0.019208643585443497,170,1.719053107742879e-07
5270,0.9936198592185974,0.006380140781402588,1.2380211353302002,0.018696550279855728,171,1.633100452355735e-07
5271,0.9936410188674927,0.006358981132507324,1.261146068572998,0.0189068503677845,171,1.633100452355735e-07
5272,0.9934970736503601,0.006502926349639893,1.265700340270996,0.01909490115940571,171,1.633100452355735e-07
5273,0.9935339689254761,0.006466031074523926,1.2640068531036377,0.01904143951833248,171,1.633100452355735e-07
5274,0.9935011267662048,0.006498873233795166,1.2741596698760986,0.01917548105120659,171,1.633100452355735e-07
5275,0.9934876561164856,0.006512343883514404,1.2802515029907227,0.01924973540008068,171,1.633100452355735e-07
5276,0.9935765266418457,0.006423473358154297,1.2472472190856934,0.018831711262464523,171,1.633100452355735e-07
5277,0.993606448173523,0.006393551826477051,1.2670044898986816,0.01899966225028038,171,1.633100452355735e-07
5278,0.9934395551681519,0.0065604448318481445,1.2628138065338135,0.019122978672385216,171,1.633100452355735e-07
5279,0.9934293627738953,0.006570637226104736,1.2789230346679688,0.01929416134953499,171,1.633100452355735e-07
5280,0.9938833713531494,0.006116628646850586,1.2521740198135376,0.018577203154563904,171,1.633100452355735e-07
5281,0.9934576749801636,0.006542325019836426,1.2598075866699219,0.019074978306889534,171,1.633100452355735e-07
5282,0.9936173558235168,0.006382644176483154,1.2628743648529053,0.018947560340166092,171,1.633100452355735e-07
5283,0.9934952259063721,0.00650477409362793,1.2733540534973145,0.019173266366124153,171,1.633100452355735e-07
5284,0.9934739470481873,0.006526052951812744,1.255035161972046,0.01901114359498024,171,1.633100452355735e-07
5285,0.9935446977615356,0.0064553022384643555,1.266990303993225,0.0190606527030468,171,1.633100452355735e-07
5286,0.9935446977615356,0.0064553022384643555,1.2622604370117188,0.019013352692127228,171,1.633100452355735e-07
5287,0.9936218857765198,0.006378114223480225,1.2744643688201904,0.01905897632241249,171,1.633100452355735e-07
5288,0.9936290979385376,0.006370902061462402,1.2668691873550415,0.018975883722305298,171,1.633100452355735e-07
5289,0.9937888979911804,0.00621110200881958,1.259162187576294,0.018740613013505936,171,1.633100452355735e-07
5290,0.993499755859375,0.006500244140625,1.261047124862671,0.019045712426304817,171,1.633100452355735e-07
5291,0.9937517046928406,0.006248295307159424,1.2570390701293945,0.018756203353405,171,1.633100452355735e-07
5292,0.9936993718147278,0.006300628185272217,1.2593868970870972,0.018831491470336914,171,1.633100452355735e-07
5293,0.9935257434844971,0.00647425651550293,1.2662684917449951,0.01907219924032688,171,1.633100452355735e-07
5294,0.993552565574646,0.006447434425354004,1.2521440982818604,0.01890440098941326,171,1.633100452355735e-07
5295,0.9936844110488892,0.00631558895111084,1.2564083337783813,0.018816515803337097,171,1.633100452355735e-07
5296,0.9934991002082825,0.006500899791717529,1.2615090608596802,0.01905098184943199,171,1.633100452355735e-07
5297,0.9935212731361389,0.006478726863861084,1.2548959255218506,0.01896289922297001,171,1.633100452355735e-07
5298,0.9935201406478882,0.006479859352111816,1.2580373287200928,0.018995434045791626,171,1.633100452355735e-07
5299,0.9936186671257019,0.006381332874298096,1.2546013593673706,0.018863532692193985,171,1.633100452355735e-07
5300,0.9934917092323303,0.006508290767669678,1.2708103656768799,0.019151311367750168,171,1.633100452355735e-07
5301,0.9936385750770569,0.006361424922943115,1.2625157833099365,0.018922969698905945,172,1.5514454297379483e-07
5302,0.993486762046814,0.006513237953186035,1.2630879878997803,0.01907898485660553,172,1.5514454297379483e-07
5303,0.9934942126274109,0.006505787372589111,1.2640092372894287,0.01908082142472267,172,1.5514454297379483e-07
5304,0.9937728047370911,0.0062271952629089355,1.2561918497085571,0.018726840615272522,172,1.5514454297379483e-07
5305,0.9935058355331421,0.00649416446685791,1.2644920349121094,0.01907414384186268,172,1.5514454297379483e-07
5306,0.9936352372169495,0.006364762783050537,1.2587554454803467,0.018888669088482857,172,1.5514454297379483e-07
5307,0.9936179518699646,0.0063820481300354,1.2561880350112915,0.01888010837137699,172,1.5514454297379483e-07
5308,0.9934951663017273,0.006504833698272705,1.2678598165512085,0.019118383526802063,172,1.5514454297379483e-07
5309,0.993621289730072,0.0063787102699279785,1.2565743923187256,0.01888066530227661,172,1.5514454297379483e-07
5310,0.9937047958374023,0.006295204162597656,1.260641098022461,0.018838662654161453,172,1.5514454297379483e-07
5311,0.993545651435852,0.006454348564147949,1.2616863250732422,0.019006667658686638,172,1.5514454297379483e-07
5312,0.9937044978141785,0.006295502185821533,1.2699304819107056,0.018931850790977478,172,1.5514454297379483e-07
5313,0.993607223033905,0.006392776966094971,1.2545303106307983,0.01887415163218975,172,1.5514454297379483e-07
5314,0.9935956597328186,0.0064043402671813965,1.2740415334701538,0.019080711528658867,172,1.5514454297379483e-07
5315,0.9935852885246277,0.0064147114753723145,1.2424688339233398,0.018775252625346184,172,1.5514454297379483e-07
5316,0.9935094714164734,0.006490528583526611,1.2513740062713623,0.018939362838864326,172,1.5514454297379483e-07
5317,0.9934594035148621,0.0065405964851379395,1.268913745880127,0.019164327532052994,172,1.5514454297379483e-07
5318,0.9936237335205078,0.0063762664794921875,1.2617496252059937,0.018929999321699142,172,1.5514454297379483e-07
5319,0.9936012029647827,0.006398797035217285,1.2477293014526367,0.01881210133433342,172,1.5514454297379483e-07
5320,0.9935073256492615,0.006492674350738525,1.2634981870651245,0.01906272955238819,172,1.5514454297379483e-07
5321,0.993431806564331,0.006568193435668945,1.2791539430618286,0.019294051453471184,172,1.5514454297379483e-07
5322,0.9936301112174988,0.006369888782501221,1.267812728881836,0.018984317779541016,172,1.5514454297379483e-07
5323,0.9935792088508606,0.006420791149139404,1.2550439834594727,0.01890702359378338,172,1.5514454297379483e-07
5324,0.9936583042144775,0.006341695785522461,1.2533371448516846,0.018811650574207306,172,1.5514454297379483e-07
5325,0.9937204122543335,0.006279587745666504,1.2517437934875488,0.01873422972857952,172,1.5514454297379483e-07
5326,0.9935230016708374,0.006476998329162598,1.262157917022705,0.019033808261156082,172,1.5514454297379483e-07
5327,0.9934684634208679,0.00653153657913208,1.2740548849105835,0.01920676976442337,172,1.5514454297379483e-07
5328,0.9936985373497009,0.006301462650299072,1.2594398260116577,0.018832845613360405,172,1.5514454297379483e-07
5329,0.9934011101722717,0.0065988898277282715,1.2704843282699585,0.019237743690609932,172,1.5514454297379483e-07
5330,0.9935756921768188,0.006424307823181152,1.2671189308166504,0.019031254574656487,172,1.5514454297379483e-07
5331,0.9933826923370361,0.006617307662963867,1.2822495698928833,0.019373631104826927,172,1.5514454297379483e-07
5332,0.9937381744384766,0.0062618255615234375,1.260802984237671,0.01880723610520363,173,1.473873158251051e-07
5333,0.9935038089752197,0.0064961910247802734,1.264898657798767,0.01908021606504917,173,1.473873158251051e-07
5334,0.9935041666030884,0.006495833396911621,1.2612354755401611,0.019043229520320892,173,1.473873158251051e-07
5335,0.9935610294342041,0.0064389705657958984,1.2652678489685059,0.019027259200811386,173,1.473873158251051e-07
5336,0.9935892224311829,0.006410777568817139,1.2666879892349243,0.019013550132513046,173,1.473873158251051e-07
5337,0.9935539364814758,0.00644606351852417,1.2552320957183838,0.018933923915028572,173,1.473873158251051e-07
5338,0.9935993552207947,0.006400644779205322,1.2526568174362183,0.01886320672929287,173,1.473873158251051e-07
5339,0.9934954643249512,0.006504535675048828,1.2626729011535645,0.0190662182867527,173,1.473873158251051e-07
5340,0.9936556220054626,0.0063443779945373535,1.2662699222564697,0.018943633884191513,173,1.473873158251051e-07
5341,0.9935922026634216,0.006407797336578369,1.267134189605713,0.019015060737729073,173,1.473873158251051e-07
5342,0.9935346245765686,0.0064653754234313965,1.2644250392913818,0.019044971093535423,173,1.473873158251051e-07
5343,0.9937502145767212,0.006249785423278809,1.2647701501846313,0.01883498951792717,173,1.473873158251051e-07
5344,0.9935566782951355,0.006443321704864502,1.2513468265533447,0.018892357125878334,173,1.473873158251051e-07
5345,0.9936597347259521,0.0063402652740478516,1.2599436044692993,0.018876299262046814,173,1.473873158251051e-07
5346,0.9936726689338684,0.006327331066131592,1.266047477722168,0.01892453245818615,173,1.473873158251051e-07
5347,0.9936496615409851,0.006350338459014893,1.2541394233703613,0.01882822811603546,173,1.473873158251051e-07
5348,0.9934686422348022,0.006531357765197754,1.2636834383010864,0.019102878868579865,173,1.473873158251051e-07
5349,0.99339359998703,0.006606400012969971,1.2736183404922485,0.019276518374681473,173,1.473873158251051e-07
5350,0.9935858845710754,0.0064141154289245605,1.2523338794708252,0.018873311579227448,173,1.473873158251051e-07
5351,0.993381142616272,0.006618857383728027,1.2759325504302979,0.019311994314193726,173,1.473873158251051e-07
5352,0.9935432076454163,0.00645679235458374,1.2562339305877686,0.0189545638859272,173,1.473873158251051e-07
5353,0.9936009049415588,0.006399095058441162,1.2664434909820557,0.01899953931570053,173,1.473873158251051e-07
5354,0.9938762187957764,0.006123781204223633,1.2525795698165894,0.018588338047266006,173,1.473873158251051e-07
5355,0.9936412572860718,0.006358742713928223,1.2556785345077515,0.01885193958878517,173,1.473873158251051e-07
5356,0.9937208294868469,0.006279170513153076,1.261551022529602,0.01883189007639885,173,1.473873158251051e-07
5357,0.9932592511177063,0.006740748882293701,1.2695454359054565,0.019368795678019524,173,1.473873158251051e-07
5358,0.9934295415878296,0.00657045841217041,1.2603046894073486,0.019107799977064133,173,1.473873158251051e-07
5359,0.9934695959091187,0.006530404090881348,1.2617355585098267,0.019082454964518547,173,1.473873158251051e-07
5360,0.9935139417648315,0.006486058235168457,1.2757532596588135,0.019178729504346848,173,1.473873158251051e-07
5361,0.9937044978141785,0.006295502185821533,1.2540600299835205,0.018773147836327553,173,1.473873158251051e-07
5362,0.9935880303382874,0.0064119696617126465,1.2609754800796509,0.018957603722810745,173,1.473873158251051e-07
5363,0.9935624599456787,0.006437540054321289,1.2646759748458862,0.019019924104213715,174,1.4001795003384983e-07
5364,0.9935516715049744,0.006448328495025635,1.2497289180755615,0.018881134688854218,174,1.4001795003384983e-07
5365,0.9937067627906799,0.006293237209320068,1.2710386514663696,0.018940690904855728,174,1.4001795003384983e-07
5366,0.9937806129455566,0.006219387054443359,1.2654991149902344,0.018812183290719986,174,1.4001795003384983e-07
5367,0.9935498833656311,0.0064501166343688965,1.2701184749603271,0.019086800515651703,174,1.4001795003384983e-07
5368,0.9936894774436951,0.006310522556304932,1.2597275972366333,0.018844693899154663,174,1.4001795003384983e-07
5369,0.9935807585716248,0.006419241428375244,1.255255103111267,0.01890759915113449,174,1.4001795003384983e-07
5370,0.9934136271476746,0.0065863728523254395,1.2620415687561035,0.019140925258398056,174,1.4001795003384983e-07
5371,0.9936830401420593,0.006316959857940674,1.2506767511367798,0.0187605582177639,174,1.4001795003384983e-07
5372,0.99358069896698,0.0064193010330200195,1.2635596990585327,0.01899070478975773,174,1.4001795003384983e-07
5373,0.9934856295585632,0.006514370441436768,1.261672854423523,0.01906595565378666,174,1.4001795003384983e-07
5374,0.993652880191803,0.0063471198081970215,1.2656002044677734,0.018939649686217308,174,1.4001795003384983e-07
5375,0.9934400916099548,0.006559908390045166,1.269341230392456,0.019187720492482185,174,1.4001795003384983e-07
5376,0.9936167597770691,0.006383240222930908,1.263493537902832,0.018954342231154442,174,1.4001795003384983e-07
5377,0.9935815930366516,0.006418406963348389,1.2505342960357666,0.018859565258026123,174,1.4001795003384983e-07
5378,0.9937366247177124,0.006263375282287598,1.256906270980835,0.018769804388284683,174,1.4001795003384983e-07
5379,0.9933762550354004,0.006623744964599609,1.278220534324646,0.01933971233665943,174,1.4001795003384983e-07
5380,0.9936496019363403,0.006350398063659668,1.259476661682129,0.0188816599547863,174,1.4001795003384983e-07
5381,0.9934969544410706,0.006503045558929443,1.2634966373443604,0.01907298155128956,174,1.4001795003384983e-07
5382,0.9937289357185364,0.006271064281463623,1.2539573907852173,0.018747927621006966,174,1.4001795003384983e-07
5383,0.9935895204544067,0.006410479545593262,1.2650290727615356,0.018996665254235268,174,1.4001795003384983e-07
5384,0.9934330582618713,0.006566941738128662,1.2764743566513062,0.01926601678133011,174,1.4001795003384983e-07
5385,0.9936387538909912,0.006361246109008789,1.2526710033416748,0.018824342638254166,174,1.4001795003384983e-07
5386,0.993588387966156,0.006411612033843994,1.263750672340393,0.018985003232955933,174,1.4001795003384983e-07
5387,0.9935600757598877,0.006439924240112305,1.2616701126098633,0.01899222657084465,174,1.4001795003384983e-07
5388,0.9935123324394226,0.006487667560577393,1.2619314193725586,0.019042104482650757,174,1.4001795003384983e-07
5389,0.993522584438324,0.006477415561676025,1.271417260169983,0.019126813858747482,174,1.4001795003384983e-07
5390,0.9934703707695007,0.006529629230499268,1.2576438188552856,0.019040770828723907,174,1.4001795003384983e-07
5391,0.9934467077255249,0.006553292274475098,1.2591795921325684,0.019079554826021194,174,1.4001795003384983e-07
5392,0.9936042428016663,0.00639575719833374,1.2582522630691528,0.018914321437478065,174,1.4001795003384983e-07
5393,0.9935817718505859,0.0064182281494140625,1.2607958316802979,0.01896200329065323,174,1.4001795003384983e-07
5394,0.9936426281929016,0.006357371807098389,1.263325572013855,0.01892705447971821,175,1.3301705253215733e-07
5395,0.9935526251792908,0.0064473748207092285,1.2573095560073853,0.01895599626004696,175,1.3301705253215733e-07
5396,0.993667721748352,0.006332278251647949,1.267470121383667,0.018943656235933304,175,1.3301705253215733e-07
5397,0.9936169385910034,0.006383061408996582,1.2670100927352905,0.018989332020282745,175,1.3301705253215733e-07
5398,0.9935786724090576,0.006421327590942383,1.2618144750595093,0.018975257873535156,175,1.3301705253215733e-07
5399,0.9936106204986572,0.0063893795013427734,1.269679069519043,0.019022276625037193,175,1.3301705253215733e-07
5400,0.9936739802360535,0.006326019763946533,1.2465062141418457,0.018727820366621017,175,1.3301705253215733e-07
5401,0.9934948086738586,0.006505191326141357,1.2723777294158936,0.019163917750120163,175,1.3301705253215733e-07
5402,0.9937621355056763,0.0062378644943237305,1.2604408264160156,0.018779894337058067,175,1.3301705253215733e-07
5403,0.9934991598129272,0.006500840187072754,1.2633136510849,0.019068967550992966,175,1.3301705253215733e-07
5404,0.9937472939491272,0.006252706050872803,1.2588505744934082,0.018778685480356216,175,1.3301705253215733e-07
5405,0.9933820366859436,0.0066179633140563965,1.2778393030166626,0.019330177456140518,175,1.3301705253215733e-07
5406,0.9935075044631958,0.006492495536804199,1.2622723579406738,0.019050294533371925,175,1.3301705253215733e-07
5407,0.9935010671615601,0.006498932838439941,1.2616400718688965,0.019050344824790955,175,1.3301705253215733e-07
5408,0.9936079978942871,0.006392002105712891,1.2672080993652344,0.019000163301825523,175,1.3301705253215733e-07
5409,0.9934585690498352,0.006541430950164795,1.256016492843628,0.019036181271076202,175,1.3301705253215733e-07
5410,0.9937766194343567,0.0062233805656433105,1.273592233657837,0.01889706775546074,175,1.3301705253215733e-07
5411,0.9936102628707886,0.006389737129211426,1.2641165256500244,0.018967006355524063,175,1.3301705253215733e-07
5412,0.9935045838356018,0.006495416164398193,1.2634167671203613,0.019064629450440407,175,1.3301705253215733e-07
5413,0.993728518486023,0.006271481513977051,1.2450188398361206,0.01865895465016365,175,1.3301705253215733e-07
5414,0.9934464693069458,0.006553530693054199,1.2694447040557861,0.019182441756129265,175,1.3301705253215733e-07
5415,0.9936695694923401,0.006330430507659912,1.2621650695800781,0.018888777121901512,175,1.3301705253215733e-07
5416,0.9936468601226807,0.006353139877319336,1.2589229345321655,0.018878838047385216,175,1.3301705253215733e-07
5417,0.9933328032493591,0.006667196750640869,1.2671778202056885,0.019272303208708763,175,1.3301705253215733e-07
5418,0.993547797203064,0.006452202796936035,1.25718092918396,0.018959488719701767,175,1.3301705253215733e-07
5419,0.993506669998169,0.006493330001831055,1.2614860534667969,0.01904325745999813,175,1.3301705253215733e-07
5420,0.9936158657073975,0.006384134292602539,1.254589557647705,0.01886618882417679,175,1.3301705253215733e-07
5421,0.9936324954032898,0.006367504596710205,1.2467631101608276,0.01877146027982235,175,1.3301705253215733e-07
5422,0.9933273792266846,0.00667262077331543,1.2668932676315308,0.01927482709288597,175,1.3301705253215733e-07
5423,0.9936589598655701,0.006341040134429932,1.258455514907837,0.018862184137105942,175,1.3301705253215733e-07
5424,0.9934795498847961,0.006520450115203857,1.262823462486267,0.019083479419350624,175,1.3301705253215733e-07
5425,0.9936436414718628,0.006356358528137207,1.2539684772491455,0.018832478672266006,176,1.2636619990554947e-07
5426,0.9933538436889648,0.006646156311035156,1.26871919631958,0.0192668866366148,176,1.2636619990554947e-07
5427,0.9935319423675537,0.006468057632446289,1.2613290548324585,0.01901666820049286,176,1.2636619990554947e-07
5428,0.9934186935424805,0.006581306457519531,1.2680784463882446,0.019196277484297752,176,1.2636619990554947e-07
5429,0.9936301708221436,0.006369829177856445,1.2559244632720947,0.018865374848246574,176,1.2636619990554947e-07
5430,0.9935436248779297,0.0064563751220703125,1.2619125843048096,0.019010936841368675,176,1.2636619990554947e-07
5431,0.9934077262878418,0.006592273712158203,1.2746875286102295,0.019273225218057632,176,1.2636619990554947e-07
5432,0.9934149384498596,0.006585061550140381,1.2767854928970337,0.019287066534161568,176,1.2636619990554947e-07
5433,0.993690550327301,0.006309449672698975,1.259024977684021,0.018836604431271553,176,1.2636619990554947e-07
5434,0.9937769770622253,0.006223022937774658,1.2557069063186646,0.01871786266565323,176,1.2636619990554947e-07
5435,0.9936530590057373,0.006346940994262695,1.2494351863861084,0.018777823075652122,176,1.2636619990554947e-07
5436,0.9937664866447449,0.006233513355255127,1.2439097166061401,0.01861027628183365,176,1.2636619990554947e-07
5437,0.9934449195861816,0.006555080413818359,1.2699329853057861,0.019188858568668365,176,1.2636619990554947e-07
5438,0.9935506582260132,0.006449341773986816,1.262333869934082,0.01900818571448326,176,1.2636619990554947e-07
5439,0.9937052726745605,0.006294727325439453,1.2757662534713745,0.0189894437789917,176,1.2636619990554947e-07
5440,0.9938257336616516,0.006174266338348389,1.256224513053894,0.01867476850748062,176,1.2636619990554947e-07
5441,0.9936482906341553,0.0063517093658447266,1.2496541738510132,0.01878473348915577,176,1.2636619990554947e-07
5442,0.993542492389679,0.006457507610321045,1.271525263786316,0.019108183681964874,176,1.2636619990554947e-07
5443,0.9936279058456421,0.00637209415435791,1.2592114210128784,0.018900487571954727,176,1.2636619990554947e-07
5444,0.9936275482177734,0.0063724517822265625,1.2672085762023926,0.018980812281370163,176,1.2636619990554947e-07
5445,0.9935166835784912,0.006483316421508789,1.2546120882034302,0.018964603543281555,176,1.2636619990554947e-07
5446,0.9936222434043884,0.006377756595611572,1.2692066431045532,0.019006045535206795,176,1.2636619990554947e-07
5447,0.9934847354888916,0.0065152645111083984,1.2611998319625854,0.019062109291553497,176,1.2636619990554947e-07
5448,0.9936283826828003,0.006371617317199707,1.2693698406219482,0.01900159940123558,176,1.2636619990554947e-07
5449,0.993550717830658,0.006449282169342041,1.2508715391159058,0.01889350451529026,176,1.2636619990554947e-07
5450,0.9936001300811768,0.006399869918823242,1.2450063228607178,0.018785934895277023,176,1.2636619990554947e-07
5451,0.99338299036026,0.00661700963973999,1.2624047994613647,0.019174886867403984,176,1.2636619990554947e-07
5452,0.9935755729675293,0.006424427032470703,1.2663490772247314,0.019023673608899117,176,1.2636619990554947e-07
5453,0.9934595823287964,0.006540417671203613,1.2678329944610596,0.01915334351360798,176,1.2636619990554947e-07
5454,0.993558943271637,0.006441056728363037,1.2637821435928345,0.019014466553926468,176,1.2636619990554947e-07
5455,0.9935716986656189,0.0064283013343811035,1.2726014852523804,0.01909003220498562,176,1.2636619990554947e-07
5456,0.9935218691825867,0.00647813081741333,1.2543766498565674,0.018957115709781647,177,1.20047889910272e-07
5457,0.9935737252235413,0.00642627477645874,1.2650339603424072,0.01901235058903694,177,1.20047889910272e-07
5458,0.9936339855194092,0.00636601448059082,1.2530274391174316,0.018832627683877945,177,1.20047889910272e-07
5459,0.9936119318008423,0.006388068199157715,1.262759804725647,0.018951784819364548,177,1.20047889910272e-07
5460,0.9935584664344788,0.00644153356552124,1.260905146598816,0.01898616924881935,177,1.20047889910272e-07
5461,0.9935951232910156,0.006404876708984375,1.261009931564331,0.0189509280025959,177,1.20047889910272e-07
5462,0.9937554001808167,0.00624459981918335,1.2487690448760986,0.018669843673706055,177,1.20047889910272e-07
5463,0.9934418797492981,0.006558120250701904,1.2723941802978516,0.01921648159623146,177,1.20047889910272e-07
5464,0.9935281276702881,0.006471872329711914,1.2654868364334106,0.019062021747231483,177,1.20047889910272e-07
5465,0.9933725595474243,0.006627440452575684,1.2684060335159302,0.019245225936174393,177,1.20047889910272e-07
5466,0.99375319480896,0.006246805191040039,1.2594609260559082,0.01877894625067711,177,1.20047889910272e-07
5467,0.9935522079467773,0.006447792053222656,1.264886498451233,0.019032178446650505,177,1.20047889910272e-07
5468,0.993583619594574,0.006416380405426025,1.2589162588119507,0.018941378220915794,177,1.20047889910272e-07
5469,0.9934704899787903,0.006529510021209717,1.2768384218215942,0.019232599064707756,177,1.20047889910272e-07
5470,0.9934408664703369,0.006559133529663086,1.251114010810852,0.019004682078957558,177,1.20047889910272e-07
5471,0.9934930205345154,0.006506979465484619,1.2649182081222534,0.01909109205007553,177,1.20047889910272e-07
5472,0.9936530590057373,0.006346940994262695,1.2638648748397827,0.018922120332717896,177,1.20047889910272e-07
5473,0.9936743974685669,0.0063256025314331055,1.275813341140747,0.019020479172468185,177,1.20047889910272e-07
5474,0.9935972690582275,0.006402730941772461,1.2685996294021606,0.019024699926376343,177,1.20047889910272e-07
5475,0.9935790300369263,0.0064209699630737305,1.2589284181594849,0.018946044147014618,177,1.20047889910272e-07
5476,0.9935109615325928,0.0064890384674072266,1.2644879817962646,0.01906902715563774,177,1.20047889910272e-07
5477,0.9934911727905273,0.006508827209472656,1.2649030685424805,0.01909276843070984,177,1.20047889910272e-07
5478,0.9936429858207703,0.006357014179229736,1.266664743423462,0.018960092216730118,177,1.20047889910272e-07
5479,0.9936531782150269,0.0063468217849731445,1.2554415464401245,0.018837768584489822,177,1.20047889910272e-07
5480,0.993479311466217,0.006520688533782959,1.2569396495819092,0.01902487687766552,177,1.20047889910272e-07
5481,0.9936285614967346,0.006371438503265381,1.2631144523620605,0.01893886923789978,177,1.20047889910272e-07
5482,0.9936721920967102,0.006327807903289795,1.258276343345642,0.01884729228913784,177,1.20047889910272e-07
5483,0.9936919212341309,0.006308078765869141,1.2597583532333374,0.018842581659555435,177,1.20047889910272e-07
5484,0.9935089945793152,0.0064910054206848145,1.2595093250274658,0.019021188840270042,177,1.20047889910272e-07
5485,0.9936031103134155,0.006396889686584473,1.2580468654632568,0.0189133882522583,177,1.20047889910272e-07
5486,0.9935420155525208,0.006457984447479248,1.2604488134384155,0.01899789273738861,177,1.20047889910272e-07
5487,0.9933773279190063,0.006622672080993652,1.2619820833206177,0.019176265224814415,178,1.1404549541475839e-07
5488,0.9936151504516602,0.006384849548339844,1.2445467710494995,0.01876646839082241,178,1.1404549541475839e-07
5489,0.993421733379364,0.006578266620635986,1.2687410116195679,0.01919989474117756,178,1.1404549541475839e-07
5490,0.9936067461967468,0.006393253803253174,1.252175211906433,0.01885107345879078,178,1.1404549541475839e-07
5491,0.9935445189476013,0.006455481052398682,1.269167184829712,0.019082598388195038,178,1.1404549541475839e-07
5492,0.9935702085494995,0.006429791450500488,1.2566566467285156,0.018932059407234192,178,1.1404549541475839e-07
5493,0.9936468005180359,0.006353199481964111,1.2494028806686401,0.018783695995807648,178,1.1404549541475839e-07
5494,0.9936715960502625,0.006328403949737549,1.2598834037780762,0.01886395364999771,178,1.1404549541475839e-07
5495,0.9933726191520691,0.006627380847930908,1.2775627374649048,0.01933673396706581,178,1.1404549541475839e-07
5496,0.9935142993927002,0.006485700607299805,1.2585164308547974,0.01900600828230381,178,1.1404549541475839e-07
5497,0.993639349937439,0.006360650062561035,1.2508894205093384,0.018805937841534615,178,1.1404549541475839e-07
5498,0.9934526681900024,0.006547331809997559,1.2714934349060059,0.01919679157435894,178,1.1404549541475839e-07
5499,0.9937613606452942,0.0062386393547058105,1.258392572402954,0.018760178238153458,178,1.1404549541475839e-07
5500,0.9935508370399475,0.00644916296005249,1.2654789686203003,0.019039461389183998,178,1.1404549541475839e-07
5501,0.9934787750244141,0.0065212249755859375,1.265791416168213,0.019113928079605103,178,1.1404549541475839e-07
5502,0.9935972094535828,0.006402790546417236,1.267189621925354,0.01901065930724144,178,1.1404549541475839e-07
5503,0.9936826825141907,0.006317317485809326,1.2626744508743286,0.01888088881969452,178,1.1404549541475839e-07
5504,0.9935851693153381,0.006414830684661865,1.268928050994873,0.01903996244072914,178,1.1404549541475839e-07
5505,0.9936275482177734,0.0063724517822265625,1.2589731216430664,0.018898459151387215,178,1.1404549541475839e-07
5506,0.9936538934707642,0.00634610652923584,1.2614058256149292,0.01889670453965664,178,1.1404549541475839e-07
5507,0.993402898311615,0.00659710168838501,1.2721608877182007,0.01925273984670639,178,1.1404549541475839e-07
5508,0.9937615394592285,0.006238460540771484,1.2607122659683228,0.018783198669552803,178,1.1404549541475839e-07
5509,0.993691623210907,0.006308376789093018,1.2583273649215698,0.01882856711745262,178,1.1404549541475839e-07
5510,0.9936645030975342,0.00633549690246582,1.2580063343048096,0.018852204084396362,178,1.1404549541475839e-07
5511,0.9937183260917664,0.006281673908233643,1.271544098854065,0.018934298306703568,178,1.1404549541475839e-07
5512,0.993600070476532,0.006399929523468018,1.250563621520996,0.018841566517949104,178,1.1404549541475839e-07
5513,0.9933251738548279,0.006674826145172119,1.269568681716919,0.019303765147924423,178,1.1404549541475839e-07
5514,0.993668258190155,0.006331741809844971,1.257926344871521,0.018847687169909477,178,1.1404549541475839e-07
5515,0.9935393929481506,0.006460607051849365,1.2717549800872803,0.019113551825284958,178,1.1404549541475839e-07
5516,0.9935209155082703,0.006479084491729736,1.2566742897033691,0.01898103579878807,178,1.1404549541475839e-07
5517,0.9935362339019775,0.006463766098022461,1.2665451765060425,0.019064579159021378,178,1.1404549541475839e-07
5518,0.9935334324836731,0.006466567516326904,1.2649223804473877,0.019051125273108482,179,1.0834322064402047e-07
5519,0.9936229586601257,0.006377041339874268,1.2681121826171875,0.018994392827153206,179,1.0834322064402047e-07
5520,0.9935472011566162,0.006452798843383789,1.2580978870391846,0.018969248980283737,179,1.0834322064402047e-07
5521,0.9937819242477417,0.006218075752258301,1.2601301670074463,0.01875719614326954,179,1.0834322064402047e-07
5522,0.9935638308525085,0.006436169147491455,1.2659411430358887,0.01903121918439865,179,1.0834322064402047e-07
5523,0.9935404658317566,0.006459534168243408,1.2517006397247314,0.018911944702267647,179,1.0834322064402047e-07
5524,0.993675708770752,0.006324291229248047,1.2685350179672241,0.018946398049592972,179,1.0834322064402047e-07
5525,0.9936004877090454,0.00639951229095459,1.2563152313232422,0.018898669630289078,179,1.0834322064402047e-07
5526,0.9934650659561157,0.006534934043884277,1.2651981115341187,0.01912156492471695,179,1.0834322064402047e-07
5527,0.9934791922569275,0.00652080774307251,1.271838903427124,0.019173989072442055,179,1.0834322064402047e-07
5528,0.9936546087265015,0.006345391273498535,1.2592848539352417,0.01887478679418564,179,1.0834322064402047e-07
5529,0.9933733940124512,0.006626605987548828,1.2676948308944702,0.01923728734254837,179,1.0834322064402047e-07
5530,0.993645966053009,0.006354033946990967,1.244259238243103,0.018733086064457893,179,1.0834322064402047e-07
5531,0.9936011433601379,0.0063988566398620605,1.254306674003601,0.01887793466448784,179,1.0834322064402047e-07
5532,0.9937224984169006,0.006277501583099365,1.253949522972107,0.018754221498966217,179,1.0834322064402047e-07
5533,0.9937700033187866,0.006229996681213379,1.254052996635437,0.018708225339651108,179,1.0834322064402047e-07
5534,0.9936712980270386,0.006328701972961426,1.2477535009384155,0.01874294877052307,179,1.0834322064402047e-07
5535,0.9935368895530701,0.006463110446929932,1.2671034336090088,0.01906951330602169,179,1.0834322064402047e-07
5536,0.993384599685669,0.006615400314331055,1.2729790210723877,0.019279036670923233,179,1.0834322064402047e-07
5537,0.9934414625167847,0.006558537483215332,1.2669998407363892,0.019162951037287712,179,1.0834322064402047e-07
5538,0.9936173558235168,0.006382644176483154,1.2626433372497559,0.018945250660181046,179,1.0834322064402047e-07
5539,0.9935396313667297,0.006460368633270264,1.2580479383468628,0.01897624507546425,179,1.0834322064402047e-07
5540,0.9934569001197815,0.006543099880218506,1.2631678581237793,0.019109345972537994,179,1.0834322064402047e-07
5541,0.9936339855194092,0.00636601448059082,1.2703509330749512,0.01900586299598217,179,1.0834322064402047e-07
5542,0.9936453700065613,0.006354629993438721,1.262015461921692,0.018911238759756088,179,1.0834322064402047e-07
5543,0.9935882091522217,0.00641179084777832,1.257800817489624,0.018925681710243225,179,1.0834322064402047e-07
5544,0.9934825301170349,0.006517469882965088,1.2585557699203491,0.019037852063775063,179,1.0834322064402047e-07
5545,0.9936764240264893,0.006323575973510742,1.2698135375976562,0.018958475440740585,179,1.0834322064402047e-07
5546,0.9935232996940613,0.006476700305938721,1.2758660316467285,0.019170593470335007,179,1.0834322064402047e-07
5547,0.9934989809989929,0.00650101900100708,1.2591458559036255,0.0190274678170681,179,1.0834322064402047e-07
5548,0.9935184717178345,0.006481528282165527,1.2657322883605957,0.019074035808444023,179,1.0834322064402047e-07
5549,0.9934079051017761,0.006592094898223877,1.259825348854065,0.019124425947666168,180,1.0292605961181944e-07
5550,0.9934993982315063,0.006500601768493652,1.2658199071884155,0.019093794748187065,180,1.0292605961181944e-07
5551,0.9935635924339294,0.006436407566070557,1.2647159099578857,0.019019201397895813,180,1.0292605961181944e-07
5552,0.9935343861579895,0.006465613842010498,1.2704839706420898,0.01910579577088356,180,1.0292605961181944e-07
5553,0.9936510324478149,0.006348967552185059,1.260494351387024,0.018890421837568283,180,1.0292605961181944e-07
5554,0.9936426281929016,0.006357371807098389,1.2532057762145996,0.01882585510611534,180,1.0292605961181944e-07
5555,0.9935111403465271,0.0064888596534729,1.254841685295105,0.01897238753736019,180,1.0292605961181944e-07
5556,0.993878960609436,0.006121039390563965,1.2606202363967896,0.01866603083908558,180,1.0292605961181944e-07
5557,0.9936888813972473,0.0063111186027526855,1.2456130981445312,0.018704138696193695,180,1.0292605961181944e-07
5558,0.9934989809989929,0.00650101900100708,1.2627381086349487,0.019063390791416168,180,1.0292605961181944e-07
5559,0.9936848878860474,0.006315112113952637,1.2607414722442627,0.0188593752682209,180,1.0292605961181944e-07
5560,0.99376380443573,0.0062361955642700195,1.253921389579773,0.018713047727942467,180,1.0292605961181944e-07
5561,0.9938585162162781,0.006141483783721924,1.2691878080368042,0.0187719464302063,180,1.0292605961181944e-07
5562,0.993364155292511,0.006635844707489014,1.266579031944275,0.0192352756857872,180,1.0292605961181944e-07
5563,0.9935672879219055,0.006432712078094482,1.2630853652954102,0.018999239429831505,180,1.0292605961181944e-07
5564,0.9935439229011536,0.0064560770988464355,1.2574175596237183,0.018965691328048706,180,1.0292605961181944e-07
5565,0.9936235547065735,0.006376445293426514,1.2648391723632812,0.018961071968078613,180,1.0292605961181944e-07
5566,0.993665337562561,0.006334662437438965,1.261656641960144,0.018887881189584732,180,1.0292605961181944e-07
5567,0.9933944344520569,0.006605565547943115,1.2756164073944092,0.019295673817396164,180,1.0292605961181944e-07
5568,0.9935228824615479,0.0064771175384521484,1.2588027715682983,0.019000373780727386,180,1.0292605961181944e-07
5569,0.9934609532356262,0.006539046764373779,1.270193338394165,0.019175589084625244,180,1.0292605961181944e-07
5570,0.9934503436088562,0.006549656391143799,1.2739118337631226,0.019223278388381004,180,1.0292605961181944e-07
5571,0.9934624433517456,0.0065375566482543945,1.2679235935211182,0.019151417538523674,180,1.0292605961181944e-07
5572,0.9937315583229065,0.006268441677093506,1.2613310813903809,0.018819067627191544,180,1.0292605961181944e-07
5573,0.9934322237968445,0.006567776203155518,1.2521835565567017,0.01902393251657486,180,1.0292605961181944e-07
5574,0.9934603571891785,0.006539642810821533,1.2628062963485718,0.0191023088991642,180,1.0292605961181944e-07
5575,0.9936700463294983,0.006329953670501709,1.264899492263794,0.018915649503469467,180,1.0292605961181944e-07
5576,0.9935969114303589,0.006403088569641113,1.2632681131362915,0.01897173933684826,180,1.0292605961181944e-07
5577,0.9935805797576904,0.00641942024230957,1.2513608932495117,0.018868833780288696,180,1.0292605961181944e-07
5578,0.9934806823730469,0.006519317626953125,1.2618322372436523,0.01907244697213173,180,1.0292605961181944e-07
5579,0.9936195611953735,0.006380438804626465,1.2667173147201538,0.018983807414770126,180,1.0292605961181944e-07
5580,0.9934438467025757,0.006556153297424316,1.2606109380722046,0.019096702337265015,181,9.777975663122845e-08
5581,0.9935969710350037,0.006403028964996338,1.2635984420776367,0.01897498220205307,181,9.777975663122845e-08
5582,0.9934765696525574,0.006523430347442627,1.2744685411453247,0.019202880561351776,181,9.777975663122845e-08
5583,0.9936525821685791,0.0063474178314208984,1.2632911205291748,0.01891685463488102,181,9.777975663122845e-08
5584,0.9934026002883911,0.006597399711608887,1.2641505002975464,0.019172929227352142,181,9.777975663122845e-08
5585,0.9936626553535461,0.006337344646453857,1.2561912536621094,0.0188358835875988,181,9.777975663122845e-08
5586,0.9935317039489746,0.006468296051025391,1.2541413307189941,0.018945027142763138,181,9.777975663122845e-08
5587,0.9937557578086853,0.006244242191314697,1.2498189210891724,0.018679987639188766,181,9.777975663122845e-08
5588,0.993654191493988,0.006345808506011963,1.2655094861984253,0.01893744431436062,181,9.777975663122845e-08
5589,0.9936193227767944,0.006380677223205566,1.2642247676849365,0.01895911805331707,181,9.777975663122845e-08
5590,0.9936416745185852,0.006358325481414795,1.2616970539093018,0.018911711871623993,181,9.777975663122845e-08
5591,0.9936809539794922,0.0063190460205078125,1.263257622718811,0.018888432532548904,181,9.777975663122845e-08
5592,0.9935355186462402,0.006464481353759766,1.2617725133895874,0.01901756227016449,181,9.777975663122845e-08
5593,0.9933428168296814,0.0066571831703186035,1.2658929824829102,0.01924953982234001,181,9.777975663122845e-08
5594,0.9936919808387756,0.006308019161224365,1.247177004814148,0.018716707825660706,181,9.777975663122845e-08
5595,0.9935460090637207,0.006453990936279297,1.2548539638519287,0.018937990069389343,181,9.777975663122845e-08
5596,0.9935774803161621,0.006422519683837891,1.2598495483398438,0.01895678974688053,181,9.777975663122845e-08
5597,0.9936639666557312,0.006336033344268799,1.2608729600906372,0.018881402909755707,181,9.777975663122845e-08
5598,0.9935517907142639,0.006448209285736084,1.2608129978179932,0.018991857767105103,181,9.777975663122845e-08
5599,0.9936100840568542,0.006389915943145752,1.2632309198379517,0.018958326429128647,181,9.777975663122845e-08
5600,0.9936983585357666,0.0063016414642333984,1.2623231410980225,0.018861856311559677,181,9.777975663122845e-08
5601,0.9934245944023132,0.006575405597686768,1.2614331245422363,0.01912398263812065,181,9.777975663122845e-08
5602,0.9936125874519348,0.0063874125480651855,1.2695332765579224,0.01901886984705925,181,9.777975663122845e-08
5603,0.9935991764068604,0.0064008235931396484,1.2684128284454346,0.019020942971110344,181,9.777975663122845e-08
5604,0.9934816360473633,0.006518363952636719,1.2622586488723755,0.01907576620578766,181,9.777975663122845e-08
5605,0.9935778975486755,0.006422102451324463,1.257556438446045,0.01893344521522522,181,9.777975663122845e-08
5606,0.9936708211898804,0.006329178810119629,1.2567708492279053,0.018833596259355545,181,9.777975663122845e-08
5607,0.9936383962631226,0.006361603736877441,1.257887363433838,0.01887686178088188,181,9.777975663122845e-08
5608,0.9935563802719116,0.006443619728088379,1.2709614038467407,0.01908879727125168,181,9.777975663122845e-08
5609,0.9933722019195557,0.006627798080444336,1.279420018196106,0.019355719909071922,181,9.777975663122845e-08
5610,0.9935697317123413,0.006430268287658691,1.2632251977920532,0.018998216837644577,181,9.777975663122845e-08
5611,0.9935322403907776,0.006467759609222412,1.2632118463516235,0.019035201519727707,182,9.289076879966702e-08
5612,0.9936255216598511,0.006374478340148926,1.2647442817687988,0.01895817555487156,182,9.289076879966702e-08
5613,0.9937440156936646,0.006255984306335449,1.2565252780914307,0.018758676946163177,182,9.289076879966702e-08
5614,0.9934861660003662,0.006513833999633789,1.2675766944885254,0.019124463200569153,182,9.289076879966702e-08
5615,0.9935545921325684,0.006445407867431641,1.2562252283096313,0.01894320547580719,182,9.289076879966702e-08
5616,0.9935277700424194,0.006472229957580566,1.2616983652114868,0.01902449131011963,182,9.289076879966702e-08
5617,0.993399977684021,0.006600022315979004,1.2703499794006348,0.019237522035837173,182,9.289076879966702e-08
5618,0.9936296343803406,0.006370365619659424,1.2676362991333008,0.01898302510380745,182,9.289076879966702e-08
5619,0.993690013885498,0.006309986114501953,1.2569116353988647,0.01881600171327591,182,9.289076879966702e-08
5620,0.9935577511787415,0.006442248821258545,1.260854721069336,0.018986374139785767,182,9.289076879966702e-08
5621,0.9935632944107056,0.006436705589294434,1.2690136432647705,0.019062474370002747,182,9.289076879966702e-08
5622,0.9936050772666931,0.006394922733306885,1.2631220817565918,0.01896219328045845,182,9.289076879966702e-08
5623,0.9935537576675415,0.006446242332458496,1.2611485719680786,0.01899326592683792,182,9.289076879966702e-08
5624,0.9934777617454529,0.006522238254547119,1.272512674331665,0.01918214187026024,182,9.289076879966702e-08
5625,0.9935057163238525,0.006494283676147461,1.2660655975341797,0.019089996814727783,182,9.289076879966702e-08
5626,0.9934801459312439,0.0065198540687561035,1.2612826824188232,0.01906748116016388,182,9.289076879966702e-08
5627,0.9937149882316589,0.0062850117683410645,1.2522578239440918,0.01874474063515663,182,9.289076879966702e-08
5628,0.9938288927078247,0.006171107292175293,1.2584894895553589,0.01869429089128971,182,9.289076879966702e-08
5629,0.9935230612754822,0.006476938724517822,1.267551064491272,0.01908767968416214,182,9.289076879966702e-08
5630,0.9934595227241516,0.006540477275848389,1.2694045305252075,0.019169118255376816,182,9.289076879966702e-08
5631,0.9936087727546692,0.0063912272453308105,1.2653472423553467,0.018980786204338074,182,9.289076879966702e-08
5632,0.9936308860778809,0.006369113922119141,1.2583653926849365,0.01888907700777054,182,9.289076879966702e-08
5633,0.993590772151947,0.0064092278480529785,1.263359546661377,0.018978731706738472,182,9.289076879966702e-08
5634,0.9935620427131653,0.006437957286834717,1.260042428970337,0.018974002450704575,182,9.289076879966702e-08
5635,0.9936009049415588,0.006399095058441162,1.255995750427246,0.018895061686635017,182,9.289076879966702e-08
5636,0.9935977458953857,0.006402254104614258,1.2520242929458618,0.018858473747968674,182,9.289076879966702e-08
5637,0.9934566020965576,0.006543397903442383,1.2693562507629395,0.01917152665555477,182,9.289076879966702e-08
5638,0.9935930371284485,0.006406962871551514,1.2527472972869873,0.018870364874601364,182,9.289076879966702e-08
5639,0.9935768842697144,0.0064231157302856445,1.264022707939148,0.018999110907316208,182,9.289076879966702e-08
5640,0.99349445104599,0.00650554895401001,1.2569620609283447,0.019010113552212715,182,9.289076879966702e-08
5641,0.993718147277832,0.006281852722167969,1.2592878341674805,0.018811911344528198,182,9.289076879966702e-08
5642,0.9934961199760437,0.006503880023956299,1.270478367805481,0.01914362423121929,183,8.824623035968367e-08
5643,0.9937132596969604,0.006286740303039551,1.2639416456222534,0.018863288685679436,183,8.824623035968367e-08
5644,0.9937076568603516,0.0062923431396484375,1.2597049474716187,0.018826469779014587,183,8.824623035968367e-08
5645,0.9936426877975464,0.006357312202453613,1.2399629354476929,0.01869336888194084,183,8.824623035968367e-08
5646,0.993588387966156,0.006411612033843994,1.2634903192520142,0.018982399255037308,183,8.824623035968367e-08
5647,0.9935012459754944,0.006498754024505615,1.261655330657959,0.019050318747758865,183,8.824623035968367e-08
5648,0.9934500455856323,0.006549954414367676,1.272648572921753,0.0192109402269125,183,8.824623035968367e-08
5649,0.9933931827545166,0.0066068172454833984,1.2735192775726318,0.01927594095468521,183,8.824623035968367e-08
5650,0.9935113787651062,0.006488621234893799,1.2724831104278564,0.0191485658288002,183,8.824623035968367e-08
5651,0.9935250282287598,0.006474971771240234,1.2688145637512207,0.019098367542028427,183,8.824623035968367e-08
5652,0.99341881275177,0.0065811872482299805,1.2620315551757812,0.019135691225528717,183,8.824623035968367e-08
5653,0.9937300086021423,0.006269991397857666,1.2607121467590332,0.018814412876963615,183,8.824623035968367e-08
5654,0.9934791922569275,0.00652080774307251,1.2759777307510376,0.019215377047657967,183,8.824623035968367e-08
5655,0.9936535954475403,0.006346404552459717,1.2597498893737793,0.018880438059568405,183,8.824623035968367e-08
5656,0.9936248660087585,0.006375133991241455,1.25789475440979,0.01889033056795597,183,8.824623035968367e-08
5657,0.9935030937194824,0.006496906280517578,1.2578363418579102,0.019010301679372787,183,8.824623035968367e-08
5658,0.9933857321739197,0.006614267826080322,1.270911455154419,0.019257239997386932,183,8.824623035968367e-08
5659,0.9934754371643066,0.006524562835693359,1.260111927986145,0.019060436636209488,183,8.824623035968367e-08
5660,0.9935189485549927,0.006481051445007324,1.2583467960357666,0.01899970881640911,183,8.824623035968367e-08
5661,0.9937485456466675,0.0062514543533325195,1.2553256750106812,0.018742196261882782,183,8.824623035968367e-08
5662,0.9934065341949463,0.006593465805053711,1.275597333908081,0.019283505156636238,183,8.824623035968367e-08
5663,0.9935951828956604,0.0064048171043396,1.258740782737732,0.018928177654743195,183,8.824623035968367e-08
5664,0.9936118721961975,0.00638812780380249,1.2620564699172974,0.018944811075925827,183,8.824623035968367e-08
5665,0.9937142729759216,0.006285727024078369,1.2531304359436035,0.018754173070192337,183,8.824623035968367e-08
5666,0.9936909675598145,0.006309032440185547,1.249629020690918,0.018742231652140617,183,8.824623035968367e-08
5667,0.9936186671257019,0.006381332874298096,1.2544379234313965,0.01886189728975296,183,8.824623035968367e-08
5668,0.9936688542366028,0.006331145763397217,1.258878469467163,0.01885661855340004,183,8.824623035968367e-08
5669,0.9935280084609985,0.006471991539001465,1.2693346738815308,0.019100617617368698,183,8.824623035968367e-08
5670,0.9936150908470154,0.006384909152984619,1.2511316537857056,0.0188323762267828,183,8.824623035968367e-08
5671,0.9936200380325317,0.006379961967468262,1.2619380950927734,0.018935542553663254,183,8.824623035968367e-08
5672,0.9937297105789185,0.006270289421081543,1.2632981538772583,0.018840568140149117,183,8.824623035968367e-08
5673,0.9933498501777649,0.006650149822235107,1.263817548751831,0.019221823662519455,184,8.383391884169949e-08
5674,0.9935604929924011,0.006439507007598877,1.271714448928833,0.0190922562032938,184,8.383391884169949e-08
5675,0.9935488104820251,0.0064511895179748535,1.254669427871704,0.01893337070941925,184,8.383391884169949e-08
5676,0.993657112121582,0.006342887878417969,1.2512887716293335,0.018792346119880676,184,8.383391884169949e-08
5677,0.9936541318893433,0.006345868110656738,1.2503072023391724,0.01878548040986061,184,8.383391884169949e-08
5678,0.993483304977417,0.006516695022583008,1.2514326572418213,0.01896585524082184,184,8.383391884169949e-08
5679,0.9936294555664062,0.00637054443359375,1.2641805410385132,0.018948644399642944,184,8.383391884169949e-08
5680,0.9937762022018433,0.006223797798156738,1.263362169265747,0.018795181065797806,184,8.383391884169949e-08
5681,0.9933706521987915,0.006629347801208496,1.2707056999206543,0.01927011087536812,184,8.383391884169949e-08
5682,0.9937297105789185,0.006270289421081543,1.2677346467971802,0.0188849326223135,184,8.383391884169949e-08
5683,0.9933794140815735,0.006620585918426514,1.2705367803573608,0.019259747117757797,184,8.383391884169949e-08
5684,0.9936347007751465,0.006365299224853516,1.2572598457336426,0.018874242901802063,184,8.383391884169949e-08
5685,0.9935362935066223,0.0064637064933776855,1.266312599182129,0.019062194973230362,184,8.383391884169949e-08
5686,0.9935925602912903,0.006407439708709717,1.258486270904541,0.018928227946162224,184,8.383391884169949e-08
5687,0.9935641288757324,0.006435871124267578,1.2653896808624268,0.0190254095941782,184,8.383391884169949e-08
5688,0.993757426738739,0.006242573261260986,1.2623562812805176,0.018803710117936134,184,8.383391884169949e-08
5689,0.9935990571975708,0.006400942802429199,1.2542263269424438,0.018879195675253868,184,8.383391884169949e-08
5690,0.993675708770752,0.006324291229248047,1.2607372999191284,0.018868420273065567,184,8.383391884169949e-08
5691,0.9936700463294983,0.006329953670501709,1.2596755027770996,0.018863407894968987,184,8.383391884169949e-08
5692,0.9935158491134644,0.0064841508865356445,1.2558884620666504,0.018978193402290344,184,8.383391884169949e-08
5693,0.9936118721961975,0.00638812780380249,1.2556096315383911,0.018880341202020645,184,8.383391884169949e-08
5694,0.9935423731803894,0.006457626819610596,1.2661631107330322,0.019054681062698364,184,8.383391884169949e-08
5695,0.9937414526939392,0.006258547306060791,1.257684350013733,0.018772805109620094,184,8.383391884169949e-08
5696,0.9933727383613586,0.006627261638641357,1.2694318294525146,0.01925530657172203,184,8.383391884169949e-08
5697,0.9935763478279114,0.006423652172088623,1.259049892425537,0.01894991472363472,184,8.383391884169949e-08
5698,0.9935033917427063,0.006496608257293701,1.2694811820983887,0.01912645436823368,184,8.383391884169949e-08
5699,0.9933798909187317,0.0066201090812683105,1.2744724750518799,0.019298631697893143,184,8.383391884169949e-08
5700,0.993771493434906,0.006228506565093994,1.2680833339691162,0.018847055733203888,184,8.383391884169949e-08
5701,0.9936188459396362,0.0063811540603637695,1.253991723060608,0.018857259303331375,184,8.383391884169949e-08
5702,0.9934667348861694,0.006533265113830566,1.2671552896499634,0.0191394854336977,184,8.383391884169949e-08
5703,0.993480920791626,0.0065190792083740234,1.2636675834655762,0.01909056305885315,184,8.383391884169949e-08
5704,0.9936506748199463,0.006349325180053711,1.2580440044403076,0.018866270780563354,185,7.964222289961451e-08
5705,0.9937803149223328,0.006219685077667236,1.2563433647155762,0.018720921128988266,185,7.964222289961451e-08
5706,0.9937810301780701,0.006218969821929932,1.2687033414840698,0.018843812867999077,185,7.964222289961451e-08
5707,0.9935024976730347,0.006497502326965332,1.2702255249023438,0.019134782254695892,185,7.964222289961451e-08
5708,0.9934504628181458,0.006549537181854248,1.2649853229522705,0.01913389563560486,185,7.964222289961451e-08
5709,0.9936721324920654,0.00632786750793457,1.2607684135437012,0.018872272223234177,185,7.964222289961451e-08
5710,0.9934870600700378,0.006512939929962158,1.254109501838684,0.01898890547454357,185,7.964222289961451e-08
5711,0.9935941696166992,0.006405830383300781,1.2560927867889404,0.018902700394392014,185,7.964222289961451e-08
5712,0.9936115741729736,0.006388425827026367,1.256645917892456,0.018890999257564545,185,7.964222289961451e-08
5713,0.9935625791549683,0.006437420845031738,1.2659920454025269,0.01903296634554863,185,7.964222289961451e-08
5714,0.9937698841094971,0.00623011589050293,1.2537685632705688,0.018705500289797783,185,7.964222289961451e-08
5715,0.9935756325721741,0.006424367427825928,1.2526131868362427,0.018886255100369453,185,7.964222289961451e-08
5716,0.9936407208442688,0.006359279155731201,1.2653288841247559,0.018948975950479507,185,7.964222289961451e-08
5717,0.9935091733932495,0.006490826606750488,1.2706762552261353,0.01913268119096756,185,7.964222289961451e-08
5718,0.9934124946594238,0.006587505340576172,1.2689011096954346,0.01921064220368862,185,7.964222289961451e-08
5719,0.9935939908027649,0.006406009197235107,1.2496800422668457,0.018838748335838318,185,7.964222289961451e-08
5720,0.99344402551651,0.00655597448348999,1.2708516120910645,0.019198931753635406,185,7.964222289961451e-08
5721,0.9934675693511963,0.006532430648803711,1.2573500871658325,0.019040606915950775,185,7.964222289961451e-08
5722,0.9935318231582642,0.00646817684173584,1.2615617513656616,0.01901911199092865,185,7.964222289961451e-08
5723,0.993751585483551,0.006248414516448975,1.2546188831329346,0.018732119351625443,185,7.964222289961451e-08
5724,0.9936003088951111,0.006399691104888916,1.265788197517395,0.018993575125932693,185,7.964222289961451e-08
5725,0.9936913847923279,0.006308615207672119,1.2585455179214478,0.018830984830856323,185,7.964222289961451e-08
5726,0.9936137795448303,0.006386220455169678,1.2538596391677856,0.01886095479130745,185,7.964222289961451e-08
5727,0.9935798048973083,0.00642019510269165,1.27799391746521,0.019135931506752968,185,7.964222289961451e-08
5728,0.9935787320137024,0.006421267986297607,1.2638819217681885,0.018995873630046844,185,7.964222289961451e-08
5729,0.9936585426330566,0.006341457366943359,1.2570970058441162,0.01884901151061058,185,7.964222289961451e-08
5730,0.9934000968933105,0.006599903106689453,1.284830927848816,0.019382212311029434,185,7.964222289961451e-08
5731,0.993357241153717,0.006642758846282959,1.2663365602493286,0.019239697605371475,185,7.964222289961451e-08
5732,0.9933831691741943,0.006616830825805664,1.2684869766235352,0.019235532730817795,185,7.964222289961451e-08
5733,0.9936375617980957,0.006362438201904297,1.2501814365386963,0.018800627440214157,185,7.964222289961451e-08
5734,0.9934394955635071,0.00656050443649292,1.2544279098510742,0.019039178267121315,185,7.964222289961451e-08
5735,0.9934897422790527,0.006510257720947266,1.2591742277145386,0.019036896526813507,186,7.566011175463377e-08
5736,0.9934832453727722,0.006516754627227783,1.2673394680023193,0.01912498101592064,186,7.566011175463377e-08
5737,0.9933759570121765,0.006624042987823486,1.2686518430709839,0.019244320690631866,186,7.566011175463377e-08
5738,0.9936822056770325,0.006317794322967529,1.2660521268844604,0.01891513727605343,186,7.566011175463377e-08
5739,0.993521511554718,0.006478488445281982,1.2636895179748535,0.01905059814453125,186,7.566011175463377e-08
5740,0.993625819683075,0.006374180316925049,1.2515735626220703,0.01882617361843586,186,7.566011175463377e-08
5741,0.9934839010238647,0.006516098976135254,1.26163911819458,0.019067328423261642,186,7.566011175463377e-08
5742,0.9938991069793701,0.006100893020629883,1.2568001747131348,0.018607884645462036,186,7.566011175463377e-08
5743,0.9935384392738342,0.0064615607261657715,1.268545389175415,0.01908239908516407,186,7.566011175463377e-08
5744,0.9935445785522461,0.006455421447753906,1.2765997648239136,0.019156863912940025,186,7.566011175463377e-08
5745,0.9934758543968201,0.006524145603179932,1.2694579362869263,0.01915348321199417,186,7.566011175463377e-08
5746,0.9935001134872437,0.006499886512756348,1.2614771127700806,0.019049659371376038,186,7.566011175463377e-08
5747,0.9934461712837219,0.006553828716278076,1.2677277326583862,0.01916556805372238,186,7.566011175463377e-08
5748,0.9936304688453674,0.006369531154632568,1.2619946002960205,0.018925782293081284,186,7.566011175463377e-08
5749,0.9937307834625244,0.006269216537475586,1.257276177406311,0.01877928525209427,186,7.566011175463377e-08
5750,0.9935600161552429,0.00643998384475708,1.2605739831924438,0.0189813245087862,186,7.566011175463377e-08
5751,0.9936882257461548,0.006311774253845215,1.257582426071167,0.01882448047399521,186,7.566011175463377e-08
5752,0.9934980273246765,0.006501972675323486,1.2519699335098267,0.018956651911139488,186,7.566011175463377e-08
5753,0.993640124797821,0.006359875202178955,1.2598624229431152,0.018894899636507034,186,7.566011175463377e-08
5754,0.9935434460639954,0.006456553936004639,1.2630078792572021,0.01902206800878048,186,7.566011175463377e-08
5755,0.9936105608940125,0.006389439105987549,1.2544442415237427,0.01886998675763607,186,7.566011175463377e-08
5756,0.9935573935508728,0.006442606449127197,1.2755810022354126,0.01913398876786232,186,7.566011175463377e-08
5757,0.9936119914054871,0.0063880085945129395,1.2522612810134888,0.018846740946173668,186,7.566011175463377e-08
5758,0.9936977028846741,0.006302297115325928,1.2420657873153687,0.018659932538866997,186,7.566011175463377e-08
5759,0.9937941431999207,0.006205856800079346,1.2609244585037231,0.018753042444586754,186,7.566011175463377e-08
5760,0.9935393333435059,0.006460666656494141,1.2681024074554443,0.019077084958553314,186,7.566011175463377e-08
5761,0.993502140045166,0.006497859954833984,1.2653489112854004,0.01908637024462223,186,7.566011175463377e-08
5762,0.9935144782066345,0.0064855217933654785,1.2655853033065796,0.019076518714427948,186,7.566011175463377e-08
5763,0.9937000870704651,0.006299912929534912,1.2520815134048462,0.01875772885978222,186,7.566011175463377e-08
5764,0.9932863712310791,0.0067136287689208984,1.2760992050170898,0.0194074846804142,186,7.566011175463377e-08
5765,0.9936831593513489,0.006316840648651123,1.257524013519287,0.01882891170680523,186,7.566011175463377e-08
5766,0.9936389923095703,0.0063610076904296875,1.269174575805664,0.018989143893122673,187,7.187710616690207e-08
5767,0.9935240745544434,0.006475925445556641,1.259387493133545,0.01900504156947136,187,7.187710616690207e-08
5768,0.9935483336448669,0.006451666355133057,1.2589155435562134,0.018976304680109024,187,7.187710616690207e-08
5769,0.9935241341590881,0.006475865840911865,1.2616963386535645,0.01902807131409645,187,7.187710616690207e-08
5770,0.9935526847839355,0.006447315216064453,1.2556326389312744,0.018939167261123657,187,7.187710616690207e-08
5771,0.9936836361885071,0.00631636381149292,1.2404978275299072,0.01865817792713642,187,7.187710616690207e-08
5772,0.9935939908027649,0.006406009197235107,1.2734692096710205,0.019076641649007797,187,7.187710616690207e-08
5773,0.993556797504425,0.006443202495574951,1.27004075050354,0.0190791767090559,187,7.187710616690207e-08
5774,0.9936578273773193,0.006342172622680664,1.2611067295074463,0.018889818340539932,187,7.187710616690207e-08
5775,0.9935645461082458,0.00643545389175415,1.2632502317428589,0.019003601744771004,187,7.187710616690207e-08
5776,0.9935391545295715,0.006460845470428467,1.2588253021240234,0.018984489142894745,187,7.187710616690207e-08
5777,0.9937742352485657,0.006225764751434326,1.265722632408142,0.018820732831954956,187,7.187710616690207e-08
5778,0.993656575679779,0.006343424320220947,1.2682559490203857,0.018962549045681953,187,7.187710616690207e-08
5779,0.9937002062797546,0.006299793720245361,1.2556582689285278,0.01879337802529335,187,7.187710616690207e-08
5780,0.993604302406311,0.006395697593688965,1.260128378868103,0.018933024257421494,187,7.187710616690207e-08
5781,0.9935615658760071,0.00643843412399292,1.2597626447677612,0.018971676006913185,187,7.187710616690207e-08
5782,0.9933844208717346,0.006615579128265381,1.265825867652893,0.019207682460546494,187,7.187710616690207e-08
5783,0.9935781359672546,0.006421864032745361,1.2688835859298706,0.01904648169875145,187,7.187710616690207e-08
5784,0.9934445023536682,0.006555497646331787,1.2670173645019531,0.019160116091370583,187,7.187710616690207e-08
5785,0.9934994578361511,0.006500542163848877,1.2666616439819336,0.019102152436971664,187,7.187710616690207e-08
5786,0.9936401844024658,0.00635981559753418,1.266795039176941,0.018964167684316635,187,7.187710616690207e-08
5787,0.993517279624939,0.006482720375061035,1.2693002223968506,0.019110895693302155,187,7.187710616690207e-08
5788,0.9935139417648315,0.006486058235168457,1.2613121271133423,0.01903431862592697,187,7.187710616690207e-08
5789,0.9935876727104187,0.006412327289581299,1.2567551136016846,0.018915753811597824,187,7.187710616690207e-08
5790,0.9934810996055603,0.006518900394439697,1.2575799226760864,0.019029509276151657,187,7.187710616690207e-08
5791,0.9935766458511353,0.006423354148864746,1.2610400915145874,0.018969520926475525,187,7.187710616690207e-08
5792,0.9936403036117554,0.006359696388244629,1.2526828050613403,0.01882292702794075,187,7.187710616690207e-08
5793,0.9935072660446167,0.006492733955383301,1.252802848815918,0.018955834209918976,187,7.187710616690207e-08
5794,0.9934796690940857,0.006520330905914307,1.2709788084030151,0.01916491612792015,187,7.187710616690207e-08
5795,0.9935026168823242,0.006497383117675781,1.260442852973938,0.01903683692216873,187,7.187710616690207e-08
5796,0.9938867092132568,0.006113290786743164,1.264914870262146,0.018701307475566864,187,7.187710616690207e-08
5797,0.9936621189117432,0.006337881088256836,1.2490925788879395,0.01876542717218399,188,6.828325085855697e-08
5798,0.9935287237167358,0.00647127628326416,1.2642488479614258,0.01904905214905739,188,6.828325085855697e-08
5799,0.9936423897743225,0.00635761022567749,1.2610208988189697,0.018904242664575577,188,6.828325085855697e-08
5800,0.9934506416320801,0.006549358367919922,1.268988847732544,0.019173752516508102,188,6.828325085855697e-08
5801,0.9936009049415588,0.006399095058441162,1.2634388208389282,0.018969492986798286,188,6.828325085855697e-08
5802,0.9937006831169128,0.006299316883087158,1.2600358724594116,0.01883668266236782,188,6.828325085855697e-08
5803,0.9935504198074341,0.006449580192565918,1.259833574295044,0.018983419984579086,188,6.828325085855697e-08
5804,0.9935788512229919,0.006421148777008057,1.2542524337768555,0.0188994612544775,188,6.828325085855697e-08
5805,0.9934398531913757,0.006560146808624268,1.265290379524231,0.019147448241710663,188,6.828325085855697e-08
5806,0.9934421181678772,0.006557881832122803,1.276038408279419,0.019252687692642212,188,6.828325085855697e-08
5807,0.9935704469680786,0.006429553031921387,1.2658741474151611,0.019023999571800232,188,6.828325085855697e-08
5808,0.9938502907752991,0.006149709224700928,1.2593356370925903,0.018681567162275314,188,6.828325085855697e-08
5809,0.9936327934265137,0.006367206573486328,1.2551912069320679,0.018855446949601173,188,6.828325085855697e-08
5810,0.9934224486351013,0.006577551364898682,1.2771202325820923,0.019282978028059006,188,6.828325085855697e-08
5811,0.9935556650161743,0.006444334983825684,1.2544705867767334,0.018924597650766373,188,6.828325085855697e-08
5812,0.9935740828514099,0.006425917148590088,1.2520943880081177,0.01888260245323181,188,6.828325085855697e-08
5813,0.9935800433158875,0.006419956684112549,1.2616347074508667,0.018972104415297508,188,6.828325085855697e-08
5814,0.993581235408783,0.006418764591217041,1.2508336305618286,0.01886291429400444,188,6.828325085855697e-08
5815,0.9935435652732849,0.006456434726715088,1.2638823986053467,0.019030693918466568,188,6.828325085855697e-08
5816,0.9934711456298828,0.0065288543701171875,1.267825722694397,0.019141823053359985,188,6.828325085855697e-08
5817,0.9936764240264893,0.006323575973510742,1.2676825523376465,0.018937164917588234,188,6.828325085855697e-08
5818,0.9935626983642578,0.0064373016357421875,1.2583472728729248,0.018956400454044342,188,6.828325085855697e-08
5819,0.99332195520401,0.00667804479598999,1.2742598056793213,0.01935386285185814,188,6.828325085855697e-08
5820,0.9934906363487244,0.006509363651275635,1.2690006494522095,0.0191342756152153,188,6.828325085855697e-08
5821,0.9936411380767822,0.0063588619232177734,1.2588527202606201,0.018883800134062767,188,6.828325085855697e-08
5822,0.993724524974823,0.006275475025177002,1.2633895874023438,0.01884661614894867,188,6.828325085855697e-08
5823,0.9934647679328918,0.006535232067108154,1.2668206691741943,0.019138086587190628,188,6.828325085855697e-08
5824,0.9937251806259155,0.006274819374084473,1.261444330215454,0.01882651448249817,188,6.828325085855697e-08
5825,0.9936603903770447,0.006339609622955322,1.2594788074493408,0.0188710018992424,188,6.828325085855697e-08
5826,0.9935716986656189,0.0064283013343811035,1.2531627416610718,0.018895644694566727,188,6.828325085855697e-08
5827,0.9936547875404358,0.006345212459564209,1.2608075141906738,0.018889835104346275,188,6.828325085855697e-08
5828,0.9933387041091919,0.0066612958908081055,1.2669607400894165,0.01926429010927677,189,6.486908831562912e-08
5829,0.9935336112976074,0.006466388702392578,1.2643835544586182,0.01904555968940258,189,6.486908831562912e-08
5830,0.9935886263847351,0.006411373615264893,1.2634882926940918,0.018982142210006714,189,6.486908831562912e-08
5831,0.9934549331665039,0.006545066833496094,1.2619603872299194,0.019099220633506775,189,6.486908831562912e-08
5832,0.993519127368927,0.006480872631072998,1.2595024108886719,0.019011087715625763,189,6.486908831562912e-08
5833,0.9935234189033508,0.00647658109664917,1.2637109756469727,0.01904892548918724,189,6.486908831562912e-08
5834,0.9934068918228149,0.006593108177185059,1.2703136205673218,0.01923031359910965,189,6.486908831562912e-08
5835,0.9934665560722351,0.006533443927764893,1.2614874839782715,0.01908298395574093,189,6.486908831562912e-08
5836,0.9936287999153137,0.006371200084686279,1.2639309167861938,0.018946796655654907,189,6.486908831562912e-08
5837,0.993547260761261,0.006452739238739014,1.2602498531341553,0.018990710377693176,189,6.486908831562912e-08
5838,0.9935696125030518,0.006430387496948242,1.2661625146865845,0.01902770809829235,189,6.486908831562912e-08
5839,0.9935861825942993,0.006413817405700684,1.259721040725708,0.01894688978791237,189,6.486908831562912e-08
5840,0.9936941862106323,0.006305813789367676,1.2657732963562012,0.018900487571954727,189,6.486908831562912e-08
5841,0.9937754273414612,0.006224572658538818,1.2596269845962524,0.01875859498977661,189,6.486908831562912e-08
5842,0.9936031699180603,0.006396830081939697,1.254430890083313,0.018877170979976654,189,6.486908831562912e-08
5843,0.9936285018920898,0.006371498107910156,1.2635836601257324,0.01894361898303032,189,6.486908831562912e-08
5844,0.9936265349388123,0.006373465061187744,1.2646493911743164,0.018956223502755165,189,6.486908831562912e-08
5845,0.9935411810874939,0.0064588189125061035,1.2548115253448486,0.018942344933748245,189,6.486908831562912e-08
5846,0.9935253262519836,0.006474673748016357,1.2685624361038208,0.01909555122256279,189,6.486908831562912e-08
5847,0.9935875535011292,0.00641244649887085,1.25881826877594,0.018936503678560257,189,6.486908831562912e-08
5848,0.9937965273857117,0.00620347261428833,1.2438699007034302,0.018580136820673943,189,6.486908831562912e-08
5849,0.9934918284416199,0.006508171558380127,1.259119987487793,0.019034288823604584,189,6.486908831562912e-08
5850,0.9936553239822388,0.0063446760177612305,1.2521902322769165,0.018803130835294724,189,6.486908831562912e-08
5851,0.9935818910598755,0.006418108940124512,1.2532001733779907,0.018885929137468338,189,6.486908831562912e-08
5852,0.9936841726303101,0.006315827369689941,1.2659761905670166,0.018912430852651596,189,6.486908831562912e-08
5853,0.9933938980102539,0.006606101989746094,1.2724627256393433,0.019264668226242065,189,6.486908831562912e-08
5854,0.9936957955360413,0.00630420446395874,1.2707293033599854,0.018948454409837723,189,6.486908831562912e-08
5855,0.9936652779579163,0.00633472204208374,1.255267858505249,0.018824053928256035,189,6.486908831562912e-08
5856,0.993613064289093,0.006386935710906982,1.2631510496139526,0.018954576924443245,189,6.486908831562912e-08
5857,0.993468165397644,0.006531834602355957,1.2773162126541138,0.019239678978919983,189,6.486908831562912e-08
5858,0.993722677230835,0.006277322769165039,1.2562497854232788,0.018777046352624893,189,6.486908831562912e-08
5859,0.9935662150382996,0.0064337849617004395,1.2651972770690918,0.019021419808268547,190,6.162563389984765e-08
5860,0.9936316609382629,0.0063683390617370605,1.2708460092544556,0.019013116136193275,190,6.162563389984765e-08
5861,0.9935800433158875,0.006419956684112549,1.2788443565368652,0.019144199788570404,190,6.162563389984765e-08
5862,0.9933099150657654,0.006690084934234619,1.2740159034729004,0.019363343715667725,190,6.162563389984765e-08
5863,0.9933900833129883,0.006609916687011719,1.2699854373931885,0.019243670627474785,190,6.162563389984765e-08
5864,0.9935631155967712,0.00643688440322876,1.2558507919311523,0.01893102377653122,190,6.162563389984765e-08
5865,0.9937074184417725,0.006292581558227539,1.2610474824905396,0.018840130418539047,190,6.162563389984765e-08
5866,0.9934945106506348,0.006505489349365234,1.2622865438461304,0.019063299521803856,190,6.162563389984765e-08
5867,0.9937483072280884,0.006251692771911621,1.248326301574707,0.018672438338398933,190,6.162563389984765e-08
5868,0.9936361312866211,0.006363868713378906,1.2646112442016602,0.018946342170238495,190,6.162563389984765e-08
5869,0.9937450289726257,0.006254971027374268,1.2579371929168701,0.018771793693304062,190,6.162563389984765e-08
5870,0.9935635328292847,0.006436467170715332,1.26223623752594,0.018994465470314026,190,6.162563389984765e-08
5871,0.9935823082923889,0.006417691707611084,1.2579988241195679,0.018933502957224846,190,6.162563389984765e-08
5872,0.9935840964317322,0.006415903568267822,1.2553449869155884,0.018905194476246834,190,6.162563389984765e-08
5873,0.9935985803604126,0.006401419639587402,1.2556016445159912,0.018893422558903694,190,6.162563389984765e-08
5874,0.9935263395309448,0.006473660469055176,1.2704579830169678,0.019113503396511078,190,6.162563389984765e-08
5875,0.9937095642089844,0.006290435791015625,1.2591383457183838,0.018818914890289307,190,6.162563389984765e-08
5876,0.9936370253562927,0.006362974643707275,1.2721703052520752,0.0190210472792387,190,6.162563389984765e-08
5877,0.9936078786849976,0.006392121315002441,1.2489367723464966,0.018817566335201263,190,6.162563389984765e-08
5878,0.9933761954307556,0.006623804569244385,1.267794132232666,0.019235508516430855,190,6.162563389984765e-08
5879,0.993556022644043,0.006443977355957031,1.2657029628753662,0.019036566838622093,190,6.162563389984765e-08
5880,0.9935252666473389,0.006474733352661133,1.247131586074829,0.01888130232691765,190,6.162563389984765e-08
5881,0.9934552907943726,0.006544709205627441,1.2670555114746094,0.019149817526340485,190,6.162563389984765e-08
5882,0.9937273859977722,0.006272614002227783,1.252781867980957,0.018737707287073135,190,6.162563389984765e-08
5883,0.9937247037887573,0.006275296211242676,1.2603647708892822,0.018816189840435982,190,6.162563389984765e-08
5884,0.9936910271644592,0.0063089728355407715,1.2591427564620972,0.01883731037378311,190,6.162563389984765e-08
5885,0.9936059713363647,0.006394028663635254,1.2663253545761108,0.01899334229528904,190,6.162563389984765e-08
5886,0.993374764919281,0.006625235080718994,1.2655242681503296,0.019214224070310593,190,6.162563389984765e-08
5887,0.993509829044342,0.006490170955657959,1.259253740310669,0.01901780627667904,190,6.162563389984765e-08
5888,0.9934688210487366,0.006531178951263428,1.2644494771957397,0.019110362976789474,190,6.162563389984765e-08
5889,0.9936988949775696,0.00630110502243042,1.2531596422195435,0.01876969076693058,190,6.162563389984765e-08
5890,0.9937298893928528,0.006270110607147217,1.256870985031128,0.018776118755340576,191,5.854435220485527e-08
5891,0.9936113357543945,0.006388664245605469,1.2660726308822632,0.018985504284501076,191,5.854435220485527e-08
5892,0.993543803691864,0.006456196308135986,1.2613418102264404,0.019005052745342255,191,5.854435220485527e-08
5893,0.9936625361442566,0.006337463855743408,1.2399123907089233,0.018673213198781013,191,5.854435220485527e-08
5894,0.9935189485549927,0.006481051445007324,1.2633010149002075,0.019049251452088356,191,5.854435220485527e-08
5895,0.9935365319252014,0.006463468074798584,1.2646279335021973,0.019045112654566765,191,5.854435220485527e-08
5896,0.9935246706008911,0.006475329399108887,1.2598243951797485,0.019008819013834,191,5.854435220485527e-08
5897,0.9935386180877686,0.006461381912231445,1.2671691179275513,0.019068459048867226,191,5.854435220485527e-08
5898,0.9933991432189941,0.006600856781005859,1.267482876777649,0.01920967549085617,191,5.854435220485527e-08
5899,0.9935923218727112,0.006407678127288818,1.2668867111206055,0.019012467935681343,191,5.854435220485527e-08
5900,0.9935080409049988,0.006491959095001221,1.2729157209396362,0.01915619522333145,191,5.854435220485527e-08
5901,0.9933319091796875,0.0066680908203125,1.2683907747268677,0.01928531751036644,191,5.854435220485527e-08
5902,0.993641197681427,0.006358802318572998,1.2683908939361572,0.01897912286221981,191,5.854435220485527e-08
5903,0.9934723973274231,0.006527602672576904,1.261554479598999,0.01907787099480629,191,5.854435220485527e-08
5904,0.9935079216957092,0.0064920783042907715,1.2502926588058472,0.018930085003376007,191,5.854435220485527e-08
5905,0.9935474991798401,0.006452500820159912,1.2647324800491333,0.019035300239920616,191,5.854435220485527e-08
5906,0.9935141801834106,0.0064858198165893555,1.2487975358963013,0.01890893653035164,191,5.854435220485527e-08
5907,0.9936203360557556,0.006379663944244385,1.2622275352478027,0.01893814280629158,191,5.854435220485527e-08
5908,0.9936474561691284,0.006352543830871582,1.2586063146591187,0.018875081092119217,191,5.854435220485527e-08
5909,0.9936934113502502,0.006306588649749756,1.2576923370361328,0.018820445984601974,191,5.854435220485527e-08
5910,0.9937188029289246,0.0062811970710754395,1.2667920589447021,0.018886305391788483,191,5.854435220485527e-08
5911,0.9936308264732361,0.006369173526763916,1.2690919637680054,0.018996400758624077,191,5.854435220485527e-08
5912,0.9936894774436951,0.006310522556304932,1.2584712505340576,0.0188321303576231,191,5.854435220485527e-08
5913,0.9935379028320312,0.00646209716796875,1.269882082939148,0.019096296280622482,191,5.854435220485527e-08
5914,0.9934780597686768,0.006521940231323242,1.2611626386642456,0.019068347290158272,191,5.854435220485527e-08
5915,0.9938020706176758,0.006197929382324219,1.2619638442993164,0.018755588680505753,191,5.854435220485527e-08
5916,0.9935666918754578,0.006433308124542236,1.254855990409851,0.01891753450036049,191,5.854435220485527e-08
5917,0.9933828115463257,0.006617188453674316,1.269391655921936,0.019244933500885963,191,5.854435220485527e-08
5918,0.9934993982315063,0.006500601768493652,1.2671759128570557,0.019107354804873466,191,5.854435220485527e-08
5919,0.9937113523483276,0.006288647651672363,1.2642226219177246,0.018867988139390945,191,5.854435220485527e-08
5920,0.9937331676483154,0.00626683235168457,1.246993064880371,0.0186740942299366,191,5.854435220485527e-08
5921,0.9935855269432068,0.006414473056793213,1.2448095083236694,0.018798422068357468,192,5.56171345946125e-08
5922,0.9935985803604126,0.006401419639587402,1.2648048400878906,0.018985453993082047,192,5.56171345946125e-08
5923,0.993439257144928,0.0065607428550720215,1.2635184526443481,0.019130319356918335,192,5.56171345946125e-08
5924,0.9936587810516357,0.006341218948364258,1.2670601606369019,0.018948407843708992,192,5.56171345946125e-08
5925,0.9935787916183472,0.006421208381652832,1.2576048374176025,0.018933044746518135,192,5.56171345946125e-08
5926,0.9935073256492615,0.006492674350738525,1.2540674209594727,0.01896842196583748,192,5.56171345946125e-08
5927,0.9934394955635071,0.00656050443649292,1.276961088180542,0.01926450990140438,192,5.56171345946125e-08
5928,0.993556559085846,0.006443440914154053,1.2622272968292236,0.019001279026269913,192,5.56171345946125e-08
5929,0.9935728907585144,0.006427109241485596,1.2564823627471924,0.018927661702036858,192,5.56171345946125e-08
5930,0.9936195015907288,0.00638049840927124,1.2564458847045898,0.01888115331530571,192,5.56171345946125e-08
5931,0.9935131072998047,0.0064868927001953125,1.2648465633392334,0.019070489332079887,192,5.56171345946125e-08
5932,0.9934787750244141,0.0065212249755859375,1.2469135522842407,0.018925148993730545,192,5.56171345946125e-08
5933,0.9938128590583801,0.006187140941619873,1.2638041973114014,0.018763311207294464,192,5.56171345946125e-08
5934,0.9935318827629089,0.0064681172370910645,1.252652645111084,0.018929962068796158,192,5.56171345946125e-08
5935,0.9934356808662415,0.006564319133758545,1.2642008066177368,0.019140683114528656,192,5.56171345946125e-08
5936,0.9935449957847595,0.0064550042152404785,1.2603721618652344,0.018994174897670746,192,5.56171345946125e-08
5937,0.9935156106948853,0.006484389305114746,1.2761822938919067,0.019181368872523308,192,5.56171345946125e-08
5938,0.9934457540512085,0.006554245948791504,1.2698593139648438,0.01918729580938816,192,5.56171345946125e-08
5939,0.9935382604598999,0.006461739540100098,1.2735397815704346,0.019132519140839577,192,5.56171345946125e-08
5940,0.993629515171051,0.006370484828948975,1.2597033977508545,0.018903814256191254,192,5.56171345946125e-08
5941,0.9933447241783142,0.006655275821685791,1.2745709419250488,0.01933443173766136,192,5.56171345946125e-08
5942,0.9934243559837341,0.006575644016265869,1.2655296325683594,0.01916518434882164,192,5.56171345946125e-08
5943,0.9936498999595642,0.006350100040435791,1.2559840679168701,0.018846439197659492,192,5.56171345946125e-08
5944,0.9936094284057617,0.006390571594238281,1.2600140571594238,0.01892680674791336,192,5.56171345946125e-08
5945,0.9938399791717529,0.00616002082824707,1.2665456533432007,0.01876387745141983,192,5.56171345946125e-08
5946,0.993757963180542,0.006242036819458008,1.262058973312378,0.01880020648241043,192,5.56171345946125e-08
5947,0.9936696290969849,0.006330370903015137,1.2607189416885376,0.018874255940318108,192,5.56171345946125e-08
5948,0.9935238361358643,0.006476163864135742,1.2680320739746094,0.01909172162413597,192,5.56171345946125e-08
5949,0.9935770630836487,0.006422936916351318,1.2512805461883545,0.01887151226401329,192,5.56171345946125e-08
5950,0.9937129616737366,0.006287038326263428,1.2583544254302979,0.018807711079716682,192,5.56171345946125e-08
5951,0.9937074780464172,0.006292521953582764,1.2618827819824219,0.018848424777388573,192,5.56171345946125e-08
5952,0.9935475587844849,0.006452441215515137,1.2562278509140015,0.018950195983052254,193,5.2836277864881873e-08
5953,0.9936954975128174,0.006304502487182617,1.2635481357574463,0.018876938149333,193,5.2836277864881873e-08
5954,0.993534505367279,0.006465494632720947,1.2616688013076782,0.019017526879906654,193,5.2836277864881873e-08
5955,0.9935308694839478,0.006469130516052246,1.268032431602478,0.019084762781858444,193,5.2836277864881873e-08
5956,0.9936842918395996,0.006315708160400391,1.2577310800552368,0.018829861655831337,193,5.2836277864881873e-08
5957,0.9936879277229309,0.006312072277069092,1.2574471235275269,0.018823422491550446,193,5.2836277864881873e-08
5958,0.9933982491493225,0.00660175085067749,1.2687572240829468,0.019223306328058243,193,5.2836277864881873e-08
5959,0.9935658574104309,0.006434142589569092,1.2654732465744019,0.019024532288312912,193,5.2836277864881873e-08
5960,0.9936165809631348,0.006383419036865234,1.261494517326355,0.018934529274702072,193,5.2836277864881873e-08
5961,0.9936441779136658,0.0063558220863342285,1.259602665901184,0.018888290971517563,193,5.2836277864881873e-08
5962,0.9936761260032654,0.006323873996734619,1.2508569955825806,0.01876920461654663,193,5.2836277864881873e-08
5963,0.9936562776565552,0.006343722343444824,1.2627002000808716,0.01890728622674942,193,5.2836277864881873e-08
5964,0.9936206340789795,0.006379365921020508,1.2585973739624023,0.01890154555439949,193,5.2836277864881873e-08
5965,0.9936094284057617,0.006390571594238281,1.2654492855072021,0.01898115873336792,193,5.2836277864881873e-08
5966,0.9935656785964966,0.006434321403503418,1.2631772756576538,0.019001750275492668,193,5.2836277864881873e-08
5967,0.9934927821159363,0.006507217884063721,1.2677433490753174,0.01911957934498787,193,5.2836277864881873e-08
5968,0.99345862865448,0.0065413713455200195,1.2601884603500366,0.019077841192483902,193,5.2836277864881873e-08
5969,0.9933828711509705,0.006617128849029541,1.2620067596435547,0.01917102560400963,193,5.2836277864881873e-08
5970,0.9933741092681885,0.0066258907318115234,1.2707924842834473,0.019267555326223373,193,5.2836277864881873e-08
5971,0.9935418963432312,0.006458103656768799,1.2653180360794067,0.019046703353524208,193,5.2836277864881873e-08
5972,0.9936731457710266,0.006326854228973389,1.2571957111358643,0.01883554272353649,193,5.2836277864881873e-08
5973,0.9935482740402222,0.006451725959777832,1.2665072679519653,0.019052281975746155,193,5.2836277864881873e-08
5974,0.9936453700065613,0.006354629993438721,1.2554965019226074,0.018846048042178154,193,5.2836277864881873e-08
5975,0.9935523867607117,0.00644761323928833,1.2634902000427246,0.019018039107322693,193,5.2836277864881873e-08
5976,0.9936373829841614,0.006362617015838623,1.2648123502731323,0.018947113305330276,193,5.2836277864881873e-08
5977,0.9933695197105408,0.0066304802894592285,1.2653353214263916,0.01921752840280533,193,5.2836277864881873e-08
5978,0.9937083125114441,0.006291687488555908,1.2416666746139526,0.01864543743431568,193,5.2836277864881873e-08
5979,0.9937329888343811,0.0062670111656188965,1.2609308958053589,0.01881364919245243,193,5.2836277864881873e-08
5980,0.9935181736946106,0.006481826305389404,1.2698142528533936,0.019115149974822998,193,5.2836277864881873e-08
5981,0.9935596585273743,0.006440341472625732,1.2668696641921997,0.019044633954763412,193,5.2836277864881873e-08
5982,0.9936450719833374,0.006354928016662598,1.267385721206665,0.018965234979987144,193,5.2836277864881873e-08
5983,0.9935093522071838,0.006490647792816162,1.2694510221481323,0.01912025175988674,194,5.019446397163778e-08
5984,0.9935328960418701,0.006467103958129883,1.2655452489852905,0.01905788481235504,194,5.019446397163778e-08
5985,0.9934447407722473,0.0065552592277526855,1.2692203521728516,0.019181909039616585,194,5.019446397163778e-08
5986,0.9935447573661804,0.00645524263381958,1.255821943283081,0.018948908895254135,194,5.019446397163778e-08
5987,0.9936586618423462,0.006341338157653809,1.2625213861465454,0.018903138116002083,194,5.019446397163778e-08
5988,0.9933616518974304,0.00663834810256958,1.269983172416687,0.019271796569228172,194,5.019446397163778e-08
5989,0.9936679005622864,0.006332099437713623,1.26137113571167,0.01888248883187771,194,5.019446397163778e-08
5990,0.993606448173523,0.006393551826477051,1.2613253593444824,0.01894287019968033,194,5.019446397163778e-08
5991,0.993562638759613,0.006437361240386963,1.27154541015625,0.019088441506028175,194,5.019446397163778e-08
5992,0.9935998916625977,0.006400108337402344,1.2543138265609741,0.018879245966672897,194,5.019446397163778e-08
5993,0.9936343431472778,0.006365656852722168,1.2568076848983765,0.018870076164603233,194,5.019446397163778e-08
5994,0.9935207962989807,0.006479203701019287,1.2628052234649658,0.01904246397316456,194,5.019446397163778e-08
5995,0.9934720396995544,0.006527960300445557,1.2646408081054688,0.0191090889275074,194,5.019446397163778e-08
5996,0.993655264377594,0.006344735622406006,1.2553086280822754,0.018834374845027924,194,5.019446397163778e-08
5997,0.993495523929596,0.006504476070404053,1.2670384645462036,0.0191098153591156,194,5.019446397163778e-08
5998,0.9936966300010681,0.006303369998931885,1.2489662170410156,0.01872999779880047,194,5.019446397163778e-08
5999,0.9936537146568298,0.006346285343170166,1.267016053199768,0.018952982500195503,194,5.019446397163778e-08
6000,0.9935760498046875,0.0064239501953125,1.2546018362045288,0.018905729055404663,194,5.019446397163778e-08
6001,0.9936209321022034,0.006379067897796631,1.2649202346801758,0.018964478746056557,194,5.019446397163778e-08
6002,0.9934260249137878,0.006573975086212158,1.2566142082214355,0.019074376672506332,194,5.019446397163778e-08
6003,0.9936891794204712,0.006310820579528809,1.2571793794631958,0.018819505348801613,194,5.019446397163778e-08
6004,0.9935086965560913,0.006491303443908691,1.2657760381698608,0.019084149971604347,194,5.019446397163778e-08
6005,0.9936603307723999,0.006339669227600098,1.2551523447036743,0.01882779598236084,194,5.019446397163778e-08
6006,0.9934579133987427,0.006542086601257324,1.2586036920547485,0.019062701612710953,194,5.019446397163778e-08
6007,0.9937141537666321,0.00628584623336792,1.2499269247055054,0.018722256645560265,194,5.019446397163778e-08
6008,0.9937265515327454,0.006273448467254639,1.2644646167755127,0.01885535940527916,194,5.019446397163778e-08
6009,0.9936186671257019,0.006381332874298096,1.2652487754821777,0.018970007076859474,194,5.019446397163778e-08
6010,0.9934096932411194,0.006590306758880615,1.2769205570220947,0.019293610006570816,194,5.019446397163778e-08
6011,0.9934934377670288,0.006506562232971191,1.2768937349319458,0.019210433587431908,194,5.019446397163778e-08
6012,0.9936548471450806,0.006345152854919434,1.2581915855407715,0.0188636165112257,194,5.019446397163778e-08
6013,0.9936999678611755,0.006300032138824463,1.2490484714508057,0.018727516755461693,194,5.019446397163778e-08
6014,0.9935178160667419,0.006482183933258057,1.2764747142791748,0.019182108342647552,195,4.7684740773055885e-08
6015,0.9935795664787292,0.006420433521270752,1.2739311456680298,0.019095540046691895,195,4.7684740773055885e-08
6016,0.9934676885604858,0.00653231143951416,1.2599222660064697,0.019066210836172104,195,4.7684740773055885e-08
6017,0.9936267137527466,0.006373286247253418,1.2647031545639038,0.018956584855914116,195,4.7684740773055885e-08
6018,0.9935875535011292,0.00641244649887085,1.266366720199585,0.01901198923587799,195,4.7684740773055885e-08
6019,0.9934352040290833,0.006564795970916748,1.264098882675171,0.019140135496854782,195,4.7684740773055885e-08
6020,0.9936293363571167,0.006370663642883301,1.2698663473129272,0.01900562085211277,195,4.7684740773055885e-08
6021,0.9935312867164612,0.006468713283538818,1.265927791595459,0.019063305109739304,195,4.7684740773055885e-08
6022,0.9936092495918274,0.006390750408172607,1.2673304080963135,0.01900014653801918,195,4.7684740773055885e-08
6023,0.9934372305870056,0.006562769412994385,1.2703912258148193,0.01920105516910553,195,4.7684740773055885e-08
6024,0.9935709238052368,0.006429076194763184,1.257773518562317,0.018942520022392273,195,4.7684740773055885e-08
6025,0.9937230944633484,0.006276905536651611,1.2576969861984253,0.01879110559821129,195,4.7684740773055885e-08
6026,0.9935024380683899,0.006497561931610107,1.2467206716537476,0.018899792805314064,195,4.7684740773055885e-08
6027,0.9936227202415466,0.006377279758453369,1.2632924318313599,0.018946431577205658,195,4.7684740773055885e-08
6028,0.9935421943664551,0.006457805633544922,1.259661316871643,0.018989840522408485,195,4.7684740773055885e-08
6029,0.9935283064842224,0.006471693515777588,1.254988670349121,0.01895686239004135,195,4.7684740773055885e-08
6030,0.9935601353645325,0.006439864635467529,1.2669942378997803,0.019045408815145493,195,4.7684740773055885e-08
6031,0.993578314781189,0.006421685218811035,1.2590426206588745,0.018947893753647804,195,4.7684740773055885e-08
6032,0.9933925271034241,0.006607472896575928,1.261353850364685,0.01915493607521057,195,4.7684740773055885e-08
6033,0.9935603737831116,0.006439626216888428,1.2707221508026123,0.01908245123922825,195,4.7684740773055885e-08
6034,0.9935714602470398,0.006428539752960205,1.2462791204452515,0.0188270453363657,195,4.7684740773055885e-08
6035,0.9937719702720642,0.006228029727935791,1.2521886825561523,0.01868763566017151,195,4.7684740773055885e-08
6036,0.9935669302940369,0.006433069705963135,1.2543827295303345,0.01891256682574749,195,4.7684740773055885e-08
6037,0.9936437010765076,0.006356298923492432,1.2567720413208008,0.018860455602407455,195,4.7684740773055885e-08
6038,0.9935709834098816,0.006429016590118408,1.2700363397598267,0.019065089523792267,195,4.7684740773055885e-08
6039,0.9937064051628113,0.006293594837188721,1.2616839408874512,0.018847499042749405,195,4.7684740773055885e-08
6040,0.9936574697494507,0.006342530250549316,1.265395998954773,0.018933065235614777,195,4.7684740773055885e-08
6041,0.9936235547065735,0.006376445293426514,1.25801682472229,0.01889284886419773,195,4.7684740773055885e-08
6042,0.9935789704322815,0.006421029567718506,1.258711814880371,0.018943937495350838,195,4.7684740773055885e-08
6043,0.9934936165809631,0.006506383419036865,1.268198013305664,0.019123299047350883,195,4.7684740773055885e-08
6044,0.9937065243721008,0.00629347562789917,1.2484053373336792,0.01871459372341633,195,4.7684740773055885e-08
6045,0.9936032295227051,0.006396770477294922,1.258772373199463,0.018920525908470154,196,4.530050373440309e-08
6046,0.993556559085846,0.006443440914154053,1.2640419006347656,0.01901942491531372,196,4.530050373440309e-08
6047,0.9935720562934875,0.006427943706512451,1.2581546306610107,0.018945209681987762,196,4.530050373440309e-08
6048,0.9935364723205566,0.006463527679443359,1.259833812713623,0.018997229635715485,196,4.530050373440309e-08
6049,0.9933830499649048,0.006616950035095215,1.2739073038101196,0.019289853051304817,196,4.530050373440309e-08
6050,0.9936267733573914,0.006373226642608643,1.2557041645050049,0.018866535276174545,196,4.530050373440309e-08
6051,0.9936572313308716,0.006342768669128418,1.2599130868911743,0.018878471106290817,196,4.530050373440309e-08
6052,0.9935175776481628,0.006482422351837158,1.2577629089355469,0.01899522729218006,196,4.530050373440309e-08
6053,0.993462324142456,0.006537675857543945,1.269587516784668,0.019168173894286156,196,4.530050373440309e-08
6054,0.993586003780365,0.00641399621963501,1.2554700374603271,0.018904557451605797,196,4.530050373440309e-08
6055,0.9935567378997803,0.0064432621002197266,1.2698800563812256,0.01907762885093689,196,4.530050373440309e-08
6056,0.9935376048088074,0.006462395191192627,1.262807846069336,0.01902584917843342,196,4.530050373440309e-08
6057,0.9936819672584534,0.006318032741546631,1.2592560052871704,0.01884741149842739,196,4.530050373440309e-08
6058,0.9936443567276001,0.006355643272399902,1.25534188747406,0.018845506012439728,196,4.530050373440309e-08
6059,0.9936251044273376,0.0063748955726623535,1.255091667175293,0.018862063065171242,196,4.530050373440309e-08
6060,0.99339359998703,0.006606400012969971,1.2674294710159302,0.019214630126953125,196,4.530050373440309e-08
6061,0.9935664534568787,0.006433546543121338,1.2523326873779297,0.01889253780245781,196,4.530050373440309e-08
6062,0.9934934973716736,0.006506502628326416,1.2768925428390503,0.019210362806916237,196,4.530050373440309e-08
6063,0.9935258030891418,0.006474196910858154,1.2693562507629395,0.019103016704320908,196,4.530050373440309e-08
6064,0.9935839176177979,0.0064160823822021484,1.2590606212615967,0.01894252747297287,196,4.530050373440309e-08
6065,0.9936068654060364,0.006393134593963623,1.266037106513977,0.018989574164152145,196,4.530050373440309e-08
6066,0.9936503171920776,0.006349682807922363,1.2535161972045898,0.018821347504854202,196,4.530050373440309e-08
6067,0.9935639500617981,0.006436049938201904,1.2652215957641602,0.01902390457689762,196,4.530050373440309e-08
6068,0.9937528371810913,0.006247162818908691,1.2593244314193726,0.018777934834361076,196,4.530050373440309e-08
6069,0.9936060905456543,0.006393909454345703,1.2624841928482056,0.018954811617732048,196,4.530050373440309e-08
6070,0.9937026500701904,0.00629734992980957,1.2708015441894531,0.018942391499876976,196,4.530050373440309e-08
6071,0.9935352206230164,0.006464779376983643,1.25059175491333,0.01890604943037033,196,4.530050373440309e-08
6072,0.9935898780822754,0.006410121917724609,1.2595723867416382,0.018941745162010193,196,4.530050373440309e-08
6073,0.9936702251434326,0.006329774856567383,1.263721227645874,0.018903689458966255,196,4.530050373440309e-08
6074,0.99359530210495,0.006404697895050049,1.2583857774734497,0.01892450824379921,196,4.530050373440309e-08
6075,0.9934470653533936,0.006552934646606445,1.2772822380065918,0.0192602276802063,196,4.530050373440309e-08
6076,0.9935566186904907,0.006443381309509277,1.2680065631866455,0.019059013575315475,197,4.3035478547682935e-08
6077,0.9935154318809509,0.006484568119049072,1.2638040781021118,0.01905776374042034,197,4.3035478547682935e-08
6078,0.9936055541038513,0.006394445896148682,1.2532778978347778,0.01886327937245369,197,4.3035478547682935e-08
6079,0.9935601353645325,0.006439864635467529,1.258497953414917,0.01896044611930847,197,4.3035478547682935e-08
6080,0.9938322305679321,0.006167769432067871,1.2616829872131348,0.01872292160987854,197,4.3035478547682935e-08
6081,0.9935665130615234,0.0064334869384765625,1.2669235467910767,0.019038386642932892,197,4.3035478547682935e-08
6082,0.9935007691383362,0.006499230861663818,1.254749059677124,0.018981728702783585,197,4.3035478547682935e-08
6083,0.9935082197189331,0.0064917802810668945,1.255920648574829,0.018986068665981293,197,4.3035478547682935e-08
6084,0.9937048554420471,0.006295144557952881,1.2528717517852783,0.018760910257697105,197,4.3035478547682935e-08
6085,0.993462085723877,0.006537914276123047,1.2816842794418335,0.019289378076791763,197,4.3035478547682935e-08
6086,0.9934828877449036,0.0065171122550964355,1.2627966403961182,0.0190799068659544,197,4.3035478547682935e-08
6087,0.9934757351875305,0.006524264812469482,1.2744778394699097,0.019203800708055496,197,4.3035478547682935e-08
6088,0.9935628175735474,0.006437182426452637,1.2704015970230103,0.01907682605087757,197,4.3035478547682935e-08
6089,0.9935004711151123,0.006499528884887695,1.2607356309890747,0.019041888415813446,197,4.3035478547682935e-08
6090,0.9936498403549194,0.006350159645080566,1.2458760738372803,0.01874541863799095,197,4.3035478547682935e-08
6091,0.9937894344329834,0.0062105655670166016,1.2601901292800903,0.01875036023557186,197,4.3035478547682935e-08
6092,0.9937302470207214,0.0062697529792785645,1.2556607723236084,0.01876366324722767,197,4.3035478547682935e-08
6093,0.9935930967330933,0.006406903266906738,1.264124870300293,0.018984083086252213,197,4.3035478547682935e-08
6094,0.9935954809188843,0.006404519081115723,1.2665793895721436,0.019006267189979553,197,4.3035478547682935e-08
6095,0.9934712648391724,0.006528735160827637,1.265034556388855,0.019113793969154358,197,4.3035478547682935e-08
6096,0.9934932589530945,0.006506741046905518,1.258996605873108,0.019031640142202377,197,4.3035478547682935e-08
6097,0.9934901595115662,0.006509840488433838,1.2644472122192383,0.019089214503765106,197,4.3035478547682935e-08
6098,0.9936402440071106,0.006359755992889404,1.2560124397277832,0.018856283277273178,197,4.3035478547682935e-08
6099,0.9936313629150391,0.0063686370849609375,1.2567473649978638,0.018872424960136414,197,4.3035478547682935e-08
6100,0.9935827255249023,0.006417274475097656,1.2576115131378174,0.018929217010736465,197,4.3035478547682935e-08
6101,0.9936028718948364,0.006397128105163574,1.2683902978897095,0.019017059355974197,197,4.3035478547682935e-08
6102,0.9935400485992432,0.006459951400756836,1.2602550983428955,0.018997903913259506,197,4.3035478547682935e-08
6103,0.9935299158096313,0.006470084190368652,1.2657573223114014,0.019062954932451248,197,4.3035478547682935e-08
6104,0.993553638458252,0.006446361541748047,1.2741080522537231,0.019122978672385216,197,4.3035478547682935e-08
6105,0.9935562014579773,0.006443798542022705,1.257806420326233,0.01895742490887642,197,4.3035478547682935e-08
6106,0.9935394525527954,0.00646054744720459,1.2608425617218018,0.019004367291927338,197,4.3035478547682935e-08
6107,0.9934821724891663,0.00651782751083374,1.2679437398910522,0.019132087007164955,198,4.0883704620298786e-08
6108,0.9934430718421936,0.0065569281578063965,1.2644706964492798,0.019136065617203712,198,4.0883704620298786e-08
6109,0.9935011863708496,0.006498813629150391,1.261467695236206,0.019048502668738365,198,4.0883704620298786e-08
6110,0.9937078952789307,0.006292104721069336,1.2503483295440674,0.018732666969299316,198,4.0883704620298786e-08
6111,0.9936366081237793,0.006363391876220703,1.254195213317871,0.018841709941625595,198,4.0883704620298786e-08
6112,0.9935807585716248,0.006419241428375244,1.2619119882583618,0.018974168226122856,198,4.0883704620298786e-08
6113,0.9935339689254761,0.006466031074523926,1.2661054134368896,0.019062424078583717,198,4.0883704620298786e-08
6114,0.9934611916542053,0.006538808345794678,1.2722275257110596,0.019195694476366043,198,4.0883704620298786e-08
6115,0.9938517212867737,0.006148278713226318,1.263120412826538,0.018718000501394272,198,4.0883704620298786e-08
6116,0.9934425354003906,0.006557464599609375,1.2599438428878784,0.019091328606009483,198,4.0883704620298786e-08
6117,0.9936988353729248,0.006301164627075195,1.2518982887268066,0.018757134675979614,198,4.0883704620298786e-08
6118,0.993571400642395,0.0064285993576049805,1.2631642818450928,0.01899595558643341,198,4.0883704620298786e-08
6119,0.9937233328819275,0.00627666711807251,1.2630062103271484,0.018843963742256165,198,4.0883704620298786e-08
6120,0.9934978485107422,0.0065021514892578125,1.2662806510925293,0.01909993588924408,198,4.0883704620298786e-08
6121,0.9935073256492615,0.006492674350738525,1.2588273286819458,0.019016019999980927,198,4.0883704620298786e-08
6122,0.9934169054031372,0.006583094596862793,1.2635289430618286,0.019152551889419556,198,4.0883704620298786e-08
6123,0.9937988519668579,0.00620114803314209,1.267861008644104,0.01881774701178074,198,4.0883704620298786e-08
6124,0.9935448169708252,0.006455183029174805,1.2635096311569214,0.019025728106498718,198,4.0883704620298786e-08
6125,0.9936841726303101,0.006315827369689941,1.2517074346542358,0.01876974292099476,198,4.0883704620298786e-08
6126,0.9936456084251404,0.006354391574859619,1.261040449142456,0.018901251256465912,198,4.0883704620298786e-08
6127,0.9935282468795776,0.006471753120422363,1.2625813484191895,0.019032848998904228,198,4.0883704620298786e-08
6128,0.9935963153839111,0.006403684616088867,1.2553205490112305,0.01889285258948803,198,4.0883704620298786e-08
6129,0.9935755133628845,0.0064244866371154785,1.2619245052337646,0.01897948607802391,198,4.0883704620298786e-08
6130,0.9935911893844604,0.006408810615539551,1.265397310256958,0.01899869553744793,198,4.0883704620298786e-08
6131,0.9935740232467651,0.006425976753234863,1.2643388509750366,0.019005104899406433,198,4.0883704620298786e-08
6132,0.993593692779541,0.006406307220458984,1.2530863285064697,0.018873106688261032,198,4.0883704620298786e-08
6133,0.993468165397644,0.006531834602355957,1.2684651613235474,0.019151167944073677,198,4.0883704620298786e-08
6134,0.9933192133903503,0.006680786609649658,1.272862195968628,0.01934259943664074,198,4.0883704620298786e-08
6135,0.9937013387680054,0.006298661231994629,1.2511250972747803,0.01874692551791668,198,4.0883704620298786e-08
6136,0.993563711643219,0.006436288356781006,1.271829605102539,0.01909022033214569,198,4.0883704620298786e-08
6137,0.9935987591743469,0.006401240825653076,1.2660921812057495,0.018998149782419205,198,4.0883704620298786e-08
6138,0.9935551285743713,0.006444871425628662,1.2726473808288574,0.019106896594166756,199,3.883951938928385e-08
6139,0.9935924410820007,0.006407558917999268,1.2602697610855103,0.018946180120110512,199,3.883951938928385e-08
6140,0.9936453700065613,0.006354629993438721,1.2534223794937134,0.018825307488441467,199,3.883951938928385e-08
6141,0.9936460256576538,0.006353974342346191,1.2684845924377441,0.018975280225276947,199,3.883951938928385e-08
6142,0.9934825301170349,0.006517469882965088,1.2620606422424316,0.01907290145754814,199,3.883951938928385e-08
6143,0.9937136769294739,0.006286323070526123,1.2542484998703003,0.018765944987535477,199,3.883951938928385e-08
6144,0.9936700463294983,0.006329953670501709,1.2614343166351318,0.018880996853113174,199,3.883951938928385e-08
6145,0.9935985803604126,0.006401419639587402,1.2611546516418457,0.018948951736092567,199,3.883951938928385e-08
6146,0.9937601089477539,0.006239891052246094,1.2544505596160889,0.01872199773788452,199,3.883951938928385e-08
6147,0.9934970736503601,0.006502926349639893,1.251623511314392,0.01895413175225258,199,3.883951938928385e-08
6148,0.993532121181488,0.006467878818511963,1.2642414569854736,0.019045613706111908,199,3.883951938928385e-08
6149,0.9935204386711121,0.0064795613288879395,1.2656457424163818,0.019071223214268684,199,3.883951938928385e-08
6150,0.9936266541481018,0.006373345851898193,1.2559564113616943,0.018869176506996155,199,3.883951938928385e-08
6151,0.9933927655220032,0.006607234477996826,1.2549755573272705,0.019090916961431503,199,3.883951938928385e-08
6152,0.9936490058898926,0.006350994110107422,1.2574074268341064,0.0188615582883358,199,3.883951938928385e-08
6153,0.9933775663375854,0.006622433662414551,1.2693819999694824,0.01925002783536911,199,3.883951938928385e-08
6154,0.9936089515686035,0.006391048431396484,1.2563389539718628,0.01889052614569664,199,3.883951938928385e-08
6155,0.9935058355331421,0.00649416446685791,1.2751613855361938,0.019180836156010628,199,3.883951938928385e-08
6156,0.9936105608940125,0.006389439105987549,1.2597650289535522,0.018923195078969002,199,3.883951938928385e-08
6157,0.9933520555496216,0.006647944450378418,1.27461576461792,0.019327621906995773,199,3.883951938928385e-08
6158,0.9936878085136414,0.006312191486358643,1.263519525527954,0.018884263932704926,199,3.883951938928385e-08
6159,0.9935182929039001,0.0064817070960998535,1.264437198638916,0.019061261788010597,199,3.883951938928385e-08
6160,0.9936205148696899,0.006379485130310059,1.2538269758224487,0.018853958696126938,199,3.883951938928385e-08
6161,0.9937164783477783,0.00628352165222168,1.2637280225753784,0.018857967108488083,199,3.883951938928385e-08
6162,0.9935305118560791,0.0064694881439208984,1.2598109245300293,0.019002901390194893,199,3.883951938928385e-08
6163,0.9934704899787903,0.006529510021209717,1.2731837034225464,0.019196052104234695,199,3.883951938928385e-08
6164,0.9934831261634827,0.006516873836517334,1.2783777713775635,0.019235482439398766,199,3.883951938928385e-08
6165,0.9936705827713013,0.0063294172286987305,1.2491912841796875,0.018758036196231842,199,3.883951938928385e-08
6166,0.9935551881790161,0.006444811820983887,1.2707858085632324,0.019088221713900566,199,3.883951938928385e-08
6167,0.9936139583587646,0.0063860416412353516,1.255427360534668,0.0188764538615942,199,3.883951938928385e-08
6168,0.993668258190155,0.006331741809844971,1.2539000511169434,0.0188074242323637,199,3.883951938928385e-08
6169,0.9936134815216064,0.006386518478393555,1.2573763132095337,0.01889641582965851,200,3.689754341981965e-08
6170,0.9935812950134277,0.006418704986572266,1.2694244384765625,0.01904876157641411,200,3.689754341981965e-08
6171,0.9936608672142029,0.006339132785797119,1.2572486400604248,0.018848227337002754,200,3.689754341981965e-08
6172,0.9937531352043152,0.0062468647956848145,1.2450668811798096,0.018635064363479614,200,3.689754341981965e-08
6173,0.9934191703796387,0.006580829620361328,1.2745205163955688,0.0192602276802063,200,3.689754341981965e-08
6174,0.9936879873275757,0.006312012672424316,1.2438030242919922,0.018686922267079353,200,3.689754341981965e-08
6175,0.9939262270927429,0.00607377290725708,1.254831075668335,0.0185613464564085,200,3.689754341981965e-08
6176,0.9934515357017517,0.006548464298248291,1.2629094123840332,0.01911207288503647,200,3.689754341981965e-08
6177,0.9936413764953613,0.006358623504638672,1.2621498107910156,0.0189165361225605,200,3.689754341981965e-08
6178,0.9935886859893799,0.006411314010620117,1.265381097793579,0.019001010805368423,200,3.689754341981965e-08
6179,0.993506669998169,0.006493330001831055,1.2682089805603027,0.019110485911369324,200,3.689754341981965e-08
6180,0.9936379790306091,0.006362020969390869,1.2604044675827026,0.01890244521200657,200,3.689754341981965e-08
6181,0.9936414957046509,0.006358504295349121,1.2616878747940063,0.018911797553300858,200,3.689754341981965e-08
6182,0.9935551285743713,0.006444871425628662,1.252586007118225,0.018906284123659134,200,3.689754341981965e-08
6183,0.9936819672584534,0.006318032741546631,1.2633541822433472,0.01888839341700077,200,3.689754341981965e-08
6184,0.9935327172279358,0.006467282772064209,1.2687395811080933,0.01909000426530838,200,3.689754341981965e-08
6185,0.9934623837471008,0.00653761625289917,1.2707667350769043,0.01917990669608116,200,3.689754341981965e-08
6186,0.9936723113059998,0.006327688694000244,1.2634333372116089,0.018898744136095047,200,3.689754341981965e-08
6187,0.9934893846511841,0.006510615348815918,1.259554386138916,0.01904105395078659,200,3.689754341981965e-08
6188,0.993362545967102,0.006637454032897949,1.2690410614013672,0.019261490553617477,200,3.689754341981965e-08
6189,0.9935846924781799,0.006415307521820068,1.2604362964630127,0.018955517560243607,200,3.689754341981965e-08
6190,0.9934509992599487,0.0065490007400512695,1.2634973526000977,0.01911848410964012,200,3.689754341981965e-08
6191,0.9937554001808167,0.00624459981918335,1.247988224029541,0.01866203546524048,200,3.689754341981965e-08
6192,0.9934313893318176,0.006568610668182373,1.2610061168670654,0.01911298558115959,200,3.689754341981965e-08
6193,0.993571400642395,0.0064285993576049805,1.2587249279022217,0.01895156316459179,200,3.689754341981965e-08
6194,0.9934325814247131,0.006567418575286865,1.274179458618164,0.01924353837966919,200,3.689754341981965e-08
6195,0.9934432506561279,0.00655674934387207,1.269090175628662,0.019182084128260612,200,3.689754341981965e-08
6196,0.993688702583313,0.006311297416687012,1.2661710977554321,0.018909893929958344,200,3.689754341981965e-08
6197,0.9933428168296814,0.0066571831703186035,1.2644745111465454,0.019235355779528618,200,3.689754341981965e-08
6198,0.9935628175735474,0.006437182426452637,1.2661724090576172,0.019034534692764282,200,3.689754341981965e-08
6199,0.9937191009521484,0.0062808990478515625,1.2581794261932373,0.018799884244799614,200,3.689754341981965e-08
